OXA1;OXA1L,N,N,N,N,N,N,N,N,N,N,N,N,N,N,N,N,N,N,N,N,N,N,N,N,N,N,N,N,N,N,N,N
ALURBP;SRP14,N,N,N,N,N,N,N,N,N,N,N,N,N,N,N,N,N,N,N,N,N,N,N,N,N,N,N,N,N,N,N,N
BMFF;HEL103;BMFS1;SRP72,N,N,N,N,A,N,N,A,N,N,A,A,N,N,A,A,A,N,N,N,N,N,N,N,N,A,N,N,N,N,A,N
SRP68,N,A,N,N,A,N,N,A,N,N,A,N,N,N,N,A,N,N,N,A,N,N,N,N,N,A,N,A,N,N,A,N
SRP54,N,N,N,N,N,N,N,N,N,N,N,N,N,N,N,N,N,N,N,N,N,N,N,N,N,N,N,N,N,N,N,N
SRP19,C,N,N,N,N,N,N,N,C,N,N,N,N,N,N,N,N,C,N,N,N,N,N,C,N,N,N,N,N,N,N,N
SRPR;SRPRA;DP;Sralpha,N,N,N,N,N,N,N,N,N,N,N,N,N,N,N,N,N,N,N,N,N,N,N,N,N,N,N,N,N,N,N,N
SRP9;ALURBP,A,N,N,N,N,N,N,A,A,N,A,N,A,N,N,N,N,N,A,A,N,N,N,A,N,N,N,N,N,N,A,N
TP-1;SEC62;HTP1;TLOC1;Dtrp1,N,N,N,N,N,N,N,N,N,N,N,N,N,N,N,N,N,N,N,N,N,N,N,N,N,N,N,N,N,N,N,N
SEC63L;DNAJC23;ERdj2;SEC63;PRO2507;PCLD2,A,A,A,A,A,A,A,A,A,N,A,A,A,A,A,A,A,A,A,A,A,A,A,A,A,A,A,A,N,A,A,A
HSPC033;SPCS1;SPC12;YJR010C-A;SPC1,N,N,N,N,N,N,N,N,A,N,A,N,N,N,A,N,N,N,N,N,N,N,N,N,N,N,N,N,N,N,A,N
SPCS2,N,N,N,N,N,N,N,N,N,N,N,N,N,N,N,N,N,N,N,N,N,N,N,N,N,N,N,N,N,N,N,N
SEC61;HNFJ4;HSEC61;SEC61A1;SEC61A,N,N,N,N,N,N,N,N,A,N,A,N,A,N,N,N,A,A,N,N,N,N,N,N,N,N,N,A,N,N,N,N
SEC61A2,N,N,N,N,N,N,N,N,A,N,A,N,A,N,N,N,A,A,N,N,N,N,N,N,N,N,N,A,N,N,N,N
PRO3567;YLR066W;SPCS3;SPC22/23;SPC3,A,A,N,N,N,N,N,N,A,N,N,N,A,N,N,N,A,A,N,A,N,N,N,N,A,N,N,N,N,A,N,N
SPC18;1810012E07Rik;SEC11A;SPCS4A;sid2895;SEC11L1,N,N,N,N,D,N,D,N,N,N,N,N,N,N,N,D,N,N,N,N,D,N,N,N,N,N,N,N,N,N,D,N
SPCS4C;SEC11C;SPC21;SEC11L3,N,N,N,N,D,N,D,N,N,N,N,N,N,N,N,D,N,N,N,N,D,N,N,N,N,N,N,N,N,N,D,N
IMP1;IMMP1;IMP1-LIKE;IMMP1L,N,N,N,N,N,N,N,N,N,N,N,N,N,N,N,N,N,N,N,N,N,N,N,N,N,N,N,N,N,N,N,N
IMP2;IMMP2L;IMP2-LIKE;IMMP2L-IT1,N,N,N,N,N,N,N,N,N,N,N,N,N,N,N,N,N,N,N,N,N,N,N,N,N,N,N,N,N,N,N,N
APMCF1;SRPRB,N,N,N,N,N,N,N,N,N,N,N,N,N,N,N,N,N,N,N,N,N,N,N,N,N,N,N,N,N,N,N,N
SEC61B,A,A,N,N,A,N,N,N,A,N,A,A,N,N,N,A,N,N,A,N,A,N,N,A,A,N,N,N,N,N,N,N
SEC61G;SSS1,N,N,N,N,N,N,N,N,N,N,N,N,N,N,N,N,N,N,N,N,N,N,N,N,N,N,N,N,N,N,N,N
HSPA5;HEL-S-89n;BIP;GRP78;MIF2,B,B,B,B,B,N,N,B,B,N,B,N,N,B,B,B,B,B,N,B,B,B,B,N,N,B,B,N,N,B,B,B
