ITPKA;IP3-3KA;IP3KA,A,N,N,N,A,N,A,N,A,N,A,N,N,N,N,N,A,N,A,N,N,N,N,N,N,A,N,A,N,N,A,N
IP3K;PIG37;ITPKB;IP3-3KB;IP3KB;IP3K-B,A,N,N,N,A,N,A,N,A,N,A,N,N,N,N,N,A,N,A,N,N,N,N,N,N,A,N,A,N,N,A,N
IP3-3KC;IP3KC;ITPKC,A,N,N,N,A,N,A,N,A,N,A,N,N,N,N,N,A,N,A,N,N,N,N,N,N,A,N,A,N,N,A,N
DFNB44;AC1;ADCY1,B,B,B,B,B,B,N,B,B,N,B,B,B,B,B,N,B,B,B,B,B,B,B,B,N,B,B,N,B,B,B,B
AC3;ADCY3;AC-III,B,B,B,B,B,B,N,B,B,N,B,B,B,B,B,N,B,B,B,B,B,B,B,B,N,B,B,N,B,B,B,B
HBAC1;AC8;ADCY3;ADCY8,B,B,B,B,B,B,N,B,B,N,B,B,B,B,B,N,B,B,B,B,B,B,B,B,N,B,B,N,B,B,B,B
HCAM1;CAM-PDE-1A;HCAM-1;HSPDE1A;PDE1A,A,A,A,N,A,N,N,A,N,N,A,A,A,A,A,A,A,A,A,N,A,A,A,A,A,A,N,A,A,N,A,A
Hcam3;hCam-3;PDE1C;cam-PDE_1C,A,A,A,N,A,N,N,A,N,N,A,A,A,A,A,A,A,A,A,N,A,A,A,A,A,A,N,A,A,N,A,A
PDES1B;PDE1B;HEL-S-79p;PDE1B1,A,A,A,N,A,N,N,A,N,N,A,A,A,A,A,A,A,A,A,N,A,A,A,A,A,A,N,A,A,N,A,A
NOS;NC-NOS;NOS1;bNOS;nNOS;N-NOS;IHPS1,A,A,A,N,A,N,N,A,N,N,A,N,A,A,A,N,A,A,N,N,N,A,N,N,N,N,N,N,A,N,A,N
NOS2A;NOS;HEP-NOS;NOS2;INOS,A,A,A,N,A,N,N,A,N,N,A,N,A,A,A,N,A,A,N,N,N,A,N,N,N,N,N,N,A,N,A,N
eNOS;NOS3;ECNOS,A,A,A,N,A,N,N,A,N,N,A,N,A,A,A,N,A,A,N,N,N,A,N,N,N,N,N,N,A,N,A,N
VDAC1;PORIN;VDAC-1,N,A,N,N,N,N,N,N,A,N,N,A,N,N,N,N,N,N,N,N,N,N,N,N,N,N,N,N,N,N,A,N
POR;VDAC2,N,A,N,N,N,N,N,N,A,N,N,A,N,N,N,N,N,N,N,N,N,N,N,N,N,N,N,N,N,N,A,N
HD-VDAC3;VDAC3;VDAC-3,N,A,N,N,N,N,N,N,A,N,N,A,N,N,N,N,N,N,N,N,N,N,N,N,N,N,N,N,N,N,A,N
CyP-M;CYP3;Cyp-D;CypD;PPIF,D,D,D,D,D,D,D,D,D,N,D,D,D,D,D,D,D,D,D,D,D,D,D,D,D,D,D,D,D,D,D,D
NCX2;SLC8A2,N,N,N,N,N,N,N,N,N,N,N,N,N,N,N,N,N,N,N,N,N,N,N,N,N,N,N,N,N,N,N,N
NCX1;SLC8A1,N,N,N,N,N,N,N,N,N,N,N,N,N,N,N,N,N,N,N,N,N,N,N,N,N,N,N,N,N,N,N,N
NCX3;SLC8A3,N,N,N,N,N,N,N,N,N,N,N,N,N,N,N,N,N,N,N,N,N,N,N,N,N,N,N,N,N,N,N,N
caMK;CaMK_IV;CAMK4;CaMK-GR,B,B,B,B,B,B,B,B,B,B,B,B,B,B,B,B,B,B,B,B,B,B,B,B,B,B,B,B,B,B,B,B
CAMK2A;CAMKA,B,B,B,B,B,B,B,B,B,B,B,B,B,B,B,B,B,B,B,B,B,B,B,B,B,B,B,B,B,B,B,B
CAM2;CAMK2;CAMKB;CAMK2B,B,B,B,B,B,B,B,B,B,B,B,B,B,B,B,B,B,B,B,B,B,B,B,B,B,B,B,B,B,B,B,B
CAMKD;CAMK2D,B,B,B,B,B,B,B,B,B,B,B,B,B,B,B,B,B,B,B,B,B,B,B,B,B,B,B,B,B,B,B,B
CAMK;CAMKG;CAMK-II;CAMK2G,B,B,B,B,B,B,B,B,B,B,B,B,B,B,B,B,B,B,B,B,B,B,B,B,B,B,B,B,B,B,B,B
CALNA1;PPP3CA;CNA1;CALN;CALNA;PPP2B;CCN1,D,D,D,D,D,D,D,D,D,N,D,D,D,D,D,D,D,D,D,D,D,D,D,D,D,D,D,D,D,D,D,D
PP2Bbeta;CALNA2;CNA2;CALNB;PPP3CB,D,D,D,D,D,D,D,D,D,N,D,D,D,D,D,D,D,D,D,D,D,D,D,D,D,D,D,D,D,D,D,D
CNA3;PP2Bgamma;CALNA3;PPP3CC,D,D,D,D,D,D,D,D,D,N,D,D,D,D,D,D,D,D,D,D,D,D,D,D,D,D,D,D,D,D,D,D
CNB;CNB1;CALNB1;PPP3R1,A,A,A,A,A,A,A,A,A,N,A,A,A,A,A,A,A,A,A,A,A,A,A,A,A,A,A,A,A,A,A,A
PPP3R2;PPP3RL,A,A,A,A,A,A,A,A,A,A,A,A,A,A,A,A,A,A,A,A,A,A,A,A,A,A,A,A,A,A,A,A
PRKACA;PRKCA;PKC-alpha;AAG6;PKCA,B,B,B,B,B,B,B,B,B,B,B,B,B,B,B,B,B,B,B,B,B,B,B,B,B,B,B,B,B,B,B,B
PKC-beta;PKCB;PRKCB2;PRKCB;PRKCB1,B,B,B,B,B,B,B,B,B,B,B,B,B,B,B,B,B,B,B,B,B,B,B,B,B,B,B,B,B,B,B,B
PKCC;PKCG;PKC-gamma;SCA14;PRKCG,B,B,B,B,B,B,B,B,B,B,B,B,B,B,B,B,B,B,B,B,B,B,B,B,B,B,B,B,B,B,B,B
CAKB;FAK2;CADTK;PKB;PYK2;PTK2B;PTK;RAFTK;FADK2,B,B,B,B,B,B,B,B,B,N,B,B,B,B,B,B,B,B,B,B,B,B,B,B,B,B,B,B,B,B,B,B
CD38;ADPRC1;ADPRC_1,N,N,N,N,N,N,N,N,N,N,N,N,N,N,N,N,N,N,N,N,N,N,N,N,N,N,N,N,N,N,N,N
PPLC;PLCE;NPHS3;PLCE1,A,A,A,A,A,N,A,N,A,N,A,N,A,A,A,A,N,A,A,N,A,A,A,A,A,A,A,A,A,N,A,A
IGHV4-30;IGHV4;IgA;IGVH;IgT;IGVH4-39;IGHV4-b;IGVH4-b;ighv;IGH;IGH@;IGVH4b,N,N,N,N,N,N,N,N,N,N,N,N,N,N,N,N,N,N,N,N,N,N,N,N,N,N,N,N,N,N,N,N
NISBD2;HER1;ERBB;PIG61;EGFR;ERBB1;mENA,B,B,B,B,B,B,B,B,B,B,B,B,B,B,B,B,B,B,B,B,B,B,B,B,B,B,B,B,B,B,B,B
NGL;CD340;HER-2/neu;HER2;TKR1;ERBB2;HER-2;MLN_19;NEU,D,D,D,D,D,D,D,D,D,D,D,D,D,D,D,D,D,D,D,D,D,D,D,D,D,D,D,D,D,D,D,D
erbB3-S;p85-sErbB3;LCCS2;p45-sErbB3;c-erbB3;p180-ErbB3;MDA-BF-1;c-erbB-3;ERBB3;HER3;ErbB-3,B,B,B,B,B,B,B,B,B,N,B,B,B,B,B,B,B,B,B,B,B,B,B,B,B,B,B,B,B,B,B,B
p180erbB4;ALS19;ERBB4;HER4,B,B,B,B,B,B,B,B,B,N,B,B,B,B,B,B,B,B,B,B,B,B,B,B,B,B,B,B,B,B,B,B
PDGFR2;CD140A;PDGFRA;PDGFR-2,B,B,B,B,B,B,B,B,B,N,B,B,B,B,B,B,B,B,B,B,B,B,B,B,B,B,B,B,B,B,B,B
PDGFR;PENTT;JTK12;PDGFR-1;PDGFR1;CD140B;IBGC4;PDGFRB;IMF1;KOGS,B,B,B,B,B,B,B,B,B,N,B,B,B,B,B,B,B,B,B,B,B,B,B,B,B,B,B,B,B,B,B,B
GNA-11;HHC2;GNA11;FBH;FHH2;FBH2;HYPOC2,A,N,N,N,N,N,N,N,A,N,A,N,A,N,N,N,N,N,N,N,N,N,A,N,N,N,N,N,N,N,N,N
GNA15;GNA16,N,N,N,N,N,N,N,N,N,N,N,N,N,N,N,N,N,N,N,N,N,N,N,N,N,N,N,N,N,N,N,N
CMC1;G-ALPHA-q;GAQ;SWS;GNAQ,A,N,N,N,N,N,N,N,A,N,A,N,A,N,N,N,N,N,N,N,N,N,A,N,N,N,N,N,N,N,N,N
GNA14,A,N,N,N,N,N,N,N,A,N,A,N,A,N,N,N,N,N,N,N,N,N,A,N,N,N,N,N,N,N,N,N
NACHRA7;CHRNA7-2;CHRNA7,N,N,N,N,N,N,N,N,N,N,N,N,N,N,N,N,N,N,N,N,N,N,N,N,N,N,N,N,N,N,N,N
DFNA41;P2X2;P2RX2,N,N,N,N,N,N,N,N,N,N,N,N,N,N,N,N,N,N,N,N,N,N,N,N,N,N,N,N,N,N,N,N
NMD-R1;MRD8;NMDA1;GluN1;NR1;GRIN1;NMDAR1,N,N,D,N,N,N,N,D,D,N,D,D,D,N,D,N,N,D,N,D,N,N,N,N,N,D,N,N,N,N,D,D
GRIN2A;LKS;NMDAR2A;GluN2A;EPND;FESD;NR2A,N,N,D,N,N,N,N,D,D,N,D,D,D,N,D,N,N,D,N,D,N,N,N,N,N,D,N,N,N,N,D,D
NR2C;GRIN2C;NMDAR2C;GluN2C,N,N,D,N,N,N,N,D,D,N,D,D,D,N,D,N,N,D,N,D,N,N,N,N,N,D,N,N,N,N,D,D
NR2D;GRIN2D;EIEE46;EB11;NMDAR2D;GluN2D,N,N,D,N,N,N,N,D,D,N,D,D,D,N,D,N,N,D,N,D,N,N,N,N,N,D,N,N,N,N,D,D
P2RX1;P2X1,N,N,N,N,N,N,N,N,N,N,N,N,N,N,N,N,N,N,N,N,N,N,N,N,N,N,N,N,N,N,N,N
P2X3;P2RX3,N,N,N,N,N,N,N,N,N,N,N,N,N,N,N,N,N,N,N,N,N,N,N,N,N,N,N,N,N,N,N,N
P2X4R;P2RX4;P2X4,N,N,N,N,N,N,N,N,N,N,N,N,N,N,N,N,N,N,N,N,N,N,N,N,N,N,N,N,N,N,N,N
P2X5R;P2X5;P2RX5;LRH-1,N,N,N,N,N,N,N,N,N,N,N,N,N,N,N,N,N,N,N,N,N,N,N,N,N,N,N,N,N,N,N,N
P2RX7;P2X7,N,N,N,N,N,N,N,N,N,N,N,N,N,N,N,N,N,N,N,N,N,N,N,N,N,N,N,N,N,N,N,N
P2XM;P2RX6;P2X6;P2RXL1,N,N,N,N,N,N,N,N,N,N,N,N,N,N,N,N,N,N,N,N,N,N,N,N,N,N,N,N,N,N,N,N
PLCgamma1;PLC1;NCKAP3;PLC148;PLC-II;PLCG1,A,A,A,N,A,N,A,N,A,N,A,N,A,A,A,N,N,A,A,A,A,A,A,A,A,A,A,A,A,A,A,A
PLC-gamma-2;FCAS3;PLC-IV;APLAID;PLCG2,A,A,A,N,A,N,A,N,A,N,A,N,A,A,A,N,N,A,A,A,A,A,A,A,A,A,A,A,A,A,A,A
SK-2;SPHK2;SK_2;SPK-2;SPK_2,A,N,N,N,A,N,N,A,A,N,A,N,N,A,A,N,N,N,N,N,A,A,A,N,N,N,N,N,N,N,A,N
SPHK;SPHK1,A,N,N,N,A,N,N,A,A,N,A,N,N,A,A,N,N,N,N,N,A,A,A,N,N,N,N,N,N,N,A,N
PLCZ1;PLC-zeta-1;PLCzeta;SPGF17;NYD-SP27,A,A,A,N,A,N,A,N,A,N,A,N,A,A,A,N,N,A,N,N,N,A,A,N,A,A,N,A,N,N,A,N
MYLK4;SgK085,B,B,B,B,B,B,B,B,B,B,B,B,B,B,B,B,B,B,B,B,B,B,B,B,B,B,B,B,B,B,B,B
MLCK1;MYLK;MSTP083;KRP;MYLK1;MLCK;MLCK108;smMLCK;MLCK210;AAT7,D,D,D,D,D,D,D,D,D,D,D,D,D,D,D,D,D,D,D,D,D,D,D,D,D,D,D,D,D,D,D,D
MYLK2;MLCK;KMLC;MLCK2;skMLCK,B,B,B,B,B,B,B,B,B,B,B,B,B,B,B,B,B,B,B,B,B,B,B,B,B,B,B,B,B,B,B,B
MYLK3;MLCK;caMLCK;MLCK2,B,B,B,B,B,B,B,B,B,B,B,B,B,B,B,B,B,B,B,B,B,B,B,B,B,B,B,B,B,B,B,B
PLCD3;PLC-delta-3,A,A,A,N,A,N,A,N,A,N,A,N,A,A,A,N,N,A,N,N,N,A,A,N,A,A,N,A,N,N,A,N
NDNC3;PLCD1;PLC-III,A,A,A,N,A,N,A,N,A,N,A,N,A,A,A,N,N,A,N,N,N,A,A,N,A,A,N,A,N,N,A,N
PLCD4,A,A,A,N,A,N,A,N,A,N,A,N,A,A,A,N,N,A,N,N,N,A,A,N,A,A,N,A,N,N,A,N
ACV;CLA4;PPP1R94;ITPR1;SCA16;INSP3R1;IP3R1;SCA29;SCA15;IP3R,A,N,N,A,N,N,N,N,N,N,A,N,A,A,A,N,N,N,N,A,N,N,N,N,N,N,N,N,N,N,A,N
INSP3R2;ITPR2;ANHD;CFAP48;IP3R2,A,N,N,A,N,N,N,N,N,N,A,N,A,A,A,N,N,N,N,A,N,N,N,N,N,N,N,N,N,N,A,N
IP3R;IP3R3;ITPR3,A,N,N,A,N,N,N,N,N,N,A,N,A,A,A,N,N,N,N,A,N,N,N,N,N,N,N,N,N,N,A,N
PHKA;PHKA1,N,N,N,N,N,N,N,N,N,N,N,N,N,N,N,N,N,N,N,N,N,N,N,N,N,N,N,N,N,N,N,N
GSD9A;XLG;PHKA2;PYK;PYKL;XLG2;PHK,N,N,N,N,N,N,N,N,N,N,N,N,N,N,N,N,N,N,N,N,N,N,N,N,N,N,N,N,N,N,N,N
PHKB,N,N,N,N,N,N,N,N,N,N,N,N,N,N,N,N,N,N,N,N,N,N,N,N,N,N,N,N,N,N,N,N
PHKG1;PHKG,B,B,B,B,B,B,B,B,B,B,B,B,B,B,B,B,B,B,B,B,B,B,B,B,B,B,B,B,B,B,B,B
GSD9C;PHKG2,B,B,B,B,B,B,B,B,B,B,B,B,B,B,B,B,B,B,B,B,B,B,B,B,B,B,B,B,B,B,B,B
MHS1;RYR;RYR1;RYR-1;MHS;RYDR;PPP1R137;CCO;SKRR,A,A,A,A,N,N,A,A,A,N,A,A,A,A,A,A,N,N,N,A,A,A,A,N,N,A,A,A,N,N,A,A
ARVD2;RYR2;RYR-2;ARVC2;VTSIP;RyR,A,A,A,A,N,N,A,A,A,N,A,A,A,A,A,A,N,N,N,A,A,A,A,N,N,A,A,A,N,N,A,A
RYR3;RYR-3,A,A,A,N,N,N,A,A,A,N,A,A,N,A,A,A,N,N,N,N,A,A,A,N,N,A,A,A,N,N,A,A
EIEE12;PLC-beta-1;PLCB1B;PLC-154;PLCB1;PLCB1A;PI-PLC;PLC154;PLC-I,A,A,A,N,A,N,A,N,A,N,A,N,A,A,A,N,N,A,N,N,N,A,A,N,A,A,N,A,N,N,A,N
PLCB2;PLC-beta-2,A,A,A,N,A,N,A,N,A,N,A,N,A,A,A,N,N,A,N,N,N,A,A,N,A,A,N,A,N,N,A,N
PLCB3,A,A,A,N,A,N,A,N,A,N,A,N,A,A,A,N,N,A,N,N,N,A,A,N,A,A,N,A,N,N,A,N
PI-PLC;ARCND2;PLCB4,A,A,A,N,A,N,A,N,A,N,A,N,A,A,A,N,N,A,N,N,N,A,A,N,A,A,N,A,N,N,A,N
TMEM142B;MEM142B;C7orf19;CBCIP2;ORAI2,N,N,N,N,N,N,N,N,N,N,N,N,N,N,N,N,N,N,N,N,N,N,N,N,N,N,N,N,N,N,N,N
TAM2;ORAT1;ORAI1;TMEM142A;CRACM1;IMD9,N,N,N,N,N,N,N,N,N,N,N,N,N,N,N,N,N,N,N,N,N,N,N,N,N,N,N,N,N,N,N,N
TMEM142C;ORAI3,N,N,N,N,N,N,N,N,N,N,N,N,N,N,N,N,N,N,N,N,N,N,N,N,N,N,N,N,N,N,N,N
TS;CACH2;CACNL1A1;CaV1.2;CACN2;LQT8;CACNA1C;CCHL1A1,N,N,N,N,N,N,N,N,N,N,N,N,N,N,N,N,N,N,N,N,N,N,N,N,N,N,N,N,N,N,N,N
CCHL1A2;CACN4;Cav1.3;PASNA;CACH3;CACNL1A2;SANDD;CACNA1D,N,N,N,N,N,N,N,N,N,N,N,N,N,N,N,N,N,N,N,N,N,N,N,N,N,N,N,N,N,N,N,N
COD3;CSNB2;CSNB2A;Cav1.4;JMC8;Cav1.4alpha1;CORDX;JM8;COD4;CSNBX2;CACNA1F;OA2;CORDX3;AIED,N,N,N,N,N,N,N,N,N,N,N,N,N,N,N,N,N,N,N,N,N,N,N,N,N,N,N,N,N,N,N,N
CACNA1S;MHS5;TTPP1;CACNL1A3;hypoPP;HOKPP;HOKPP1;Cav1.1;CCHL1A3,N,N,N,N,N,N,N,N,N,N,N,N,N,N,N,N,N,N,N,N,N,N,N,N,N,N,N,N,N,N,N,N
CACNA1A;HPCA;SCA6;BI;CAV2.1;EA2;APCA;MHP1;EIEE42;MHP;CACNL1A4;FHM,N,N,N,N,N,N,N,N,N,N,N,N,N,N,N,N,N,N,N,N,N,N,N,N,N,N,N,N,N,N,N,N
DYT23;Cav2.2;CACNL1A5;CACNN;CACNA1B;BIII,N,N,N,N,N,N,N,N,N,N,N,N,N,N,N,N,N,N,N,N,N,N,N,N,N,N,N,N,N,N,N,N
Cav2.3;CACNA1E;CACH6;CACNL1A6;BII;gm139,N,N,N,N,N,N,N,N,N,N,N,N,N,N,N,N,N,N,N,N,N,N,N,N,N,N,N,N,N,N,N,N
CYSLTR;CYSLT1;HMTMF81;CYSLT1R;CYSLTR1,N,N,N,N,N,N,N,N,N,N,N,N,N,N,N,N,N,N,N,N,N,N,N,N,N,N,N,N,N,N,N,N
M1;M1R;CHRM1;HM1,N,N,N,N,N,N,N,N,N,N,N,N,N,N,N,N,N,N,N,N,N,N,N,N,N,N,N,N,N,N,N,N
CHRM2;HM2,N,N,N,N,N,N,N,N,N,N,N,N,N,N,N,N,N,N,N,N,N,N,N,N,N,N,N,N,N,N,N,N
PBS;EGBRS;HM3;CHRM3,N,N,N,N,N,N,N,N,N,N,N,N,N,N,N,N,N,N,N,N,N,N,N,N,N,N,N,N,N,N,N,N
ALPHA1;ADRA1;dJ779E11.2;DAR;ADRA1D;ADRA1R;ADRA1A,N,N,N,N,N,N,N,N,N,N,N,N,N,N,N,N,N,N,N,N,N,N,N,N,N,N,N,N,N,N,N,N
ALPHA1BAR;ADRA1;ADRA1B,N,N,N,N,N,N,N,N,N,N,N,N,N,N,N,N,N,N,N,N,N,N,N,N,N,N,N,N,N,N,N,N
ALPHA1AAR;ADRA1L1;ADRA1C;ADRA1A,N,N,N,N,N,N,N,N,N,N,N,N,N,N,N,N,N,N,N,N,N,N,N,N,N,N,N,N,N,N,N,N
AT2R1;AT1AR;AT1B;AT1BR;AT1;AG2S;AT1R;AGTR1B;HAT1R;AGTR1,N,N,N,N,N,N,N,N,N,N,N,N,N,N,N,N,N,N,N,N,N,N,N,N,N,N,N,N,N,N,N,N
ETA;EDNRA;MFDA;ETAR;ETRA;hET-AR;ETA-R;ET-A,N,N,N,N,N,N,N,N,N,N,N,N,N,N,N,N,N,N,N,N,N,N,N,N,N,N,N,N,N,N,N,N
ABCDS;ET-BR;ET-B;WS4A;ETB;EDNRB;ETBR;ETB1;ETRB;HSCR2;HSCR,N,N,N,N,N,N,N,N,N,N,N,N,N,N,N,N,N,N,N,N,N,N,N,N,N,N,N,N,N,N,N,N
F2R;HTR;PAR1;TR;CF2R;PAR-1,N,N,N,N,N,N,N,N,N,N,N,N,N,N,N,N,N,N,N,N,N,N,N,N,N,N,N,N,N,N,N,N
GPRC1A;MGLUR1;SCAR13;MGLU1;PPP1R85;GRM1,A,A,A,N,N,N,N,N,A,N,A,N,N,A,A,N,N,N,A,A,A,N,A,N,A,N,A,N,N,A,A,N
GRM5;mGlu5;PPP1R86;GPRC1E;MGLUR5,D,D,D,N,N,D,N,N,D,N,D,N,N,D,D,N,N,N,D,D,D,N,D,D,D,N,D,N,N,D,D,N
BB2;BB2R;GRPR,N,N,N,N,N,N,N,N,N,N,N,N,N,N,N,N,N,N,N,N,N,N,N,N,N,N,N,N,N,N,N,N
H1-R;HRH1;hisH1;HH1R;H1R,N,N,N,N,N,N,N,N,N,N,N,N,N,N,N,N,N,N,N,N,N,N,N,N,N,N,N,N,N,N,N,N
HTR2;5-HT2A;HTR2A,N,N,N,N,N,N,N,N,N,N,N,N,N,N,N,N,N,N,N,N,N,N,N,N,N,N,N,N,N,N,N,N
5-HT2B;5-HT-2B;HTR2B;5-HT(2B),N,N,N,N,N,N,N,N,N,N,N,N,N,N,N,N,N,N,N,N,N,N,N,N,N,N,N,N,N,N,N,N
5-HTR2C;5-HT2C;5HTR2C;HTR2C;5-HT1C;HTR1C,N,N,N,N,N,N,N,N,N,N,N,N,N,N,N,N,N,N,N,N,N,N,N,N,N,N,N,N,N,N,N,N
LHRHR;LGR2;LHR;LSH-R;LCGR;ULG5;LH/CGR;LHCGR;HHG;LH/CG-R,N,N,N,N,N,N,N,N,N,N,N,N,N,N,N,N,N,N,N,N,N,N,N,N,N,N,N,N,N,N,N,N
NTR;NTSR1,N,N,N,N,N,N,N,N,N,N,N,N,N,N,N,N,N,N,N,N,N,N,N,N,N,N,N,N,N,N,N,N
OT-R;OXTR,N,N,N,N,N,N,N,N,N,N,N,N,N,N,N,N,N,N,N,N,N,N,N,N,N,N,N,N,N,N,N,N
AVPR1;AVPR_V1a;AVPR1A;V1aR,N,N,N,N,N,N,N,N,N,N,N,N,N,N,N,N,N,N,N,N,N,N,N,N,N,N,N,N,N,N,N,N
AVPR1B;V1bR;AVPR3,N,N,N,N,N,N,N,N,N,N,N,N,N,N,N,N,N,N,N,N,N,N,N,N,N,N,N,N,N,N,N,N
BLTR2;KPG_004;NOP9;BLT2;LTB4-R2;LTB4-R_2;LTB4R2;JULF2,N,N,N,N,N,N,N,N,N,N,N,N,N,N,N,N,N,N,N,N,N,N,N,N,N,N,N,N,N,N,N,N
HPN321;hGPCR21;KPG_011;CYSLTR2;PSEC0146;HG57;CYSLT2;CYSLT2R;GPCR21,N,N,N,N,N,N,N,N,N,N,N,N,N,N,N,N,N,N,N,N,N,N,N,N,N,N,N,N,N,N,N,N
PAFR;PTAFR,N,N,N,N,N,N,N,N,N,N,N,N,N,N,N,N,N,N,N,N,N,N,N,N,N,N,N,N,N,N,N,N
EP1;PTGER1,N,N,N,N,N,N,N,N,N,N,N,N,N,N,N,N,N,N,N,N,N,N,N,N,N,N,N,N,N,N,N,N
EP3-II;EP3-VI;EP3;EP3-III;EP3-I;EP3-IV;PGE2-R;PTGER3;EP3e,N,N,N,N,N,N,N,N,N,N,N,N,N,N,N,N,N,N,N,N,N,N,N,N,N,N,N,N,N,N,N,N
FP;PTGFR,N,N,N,N,N,N,N,N,N,N,N,N,N,N,N,N,N,N,N,N,N,N,N,N,N,N,N,N,N,N,N,N
B1BKR;BKB1R;BRADYB1;BKR1;BDKRB2;B1R;BDKRB1,N,N,N,N,N,N,N,N,N,N,N,N,N,N,N,N,N,N,N,N,N,N,N,N,N,N,N,N,N,N,N,N
BRB2;BK2;BKR2;B2R;BK-2;BDKRB2,N,N,N,N,N,N,N,N,N,N,N,N,N,N,N,N,N,N,N,N,N,N,N,N,N,N,N,N,N,N,N,N
NK2R;NKNAR;SKR;TAC2R;TACR2,N,N,N,N,N,N,N,N,N,N,N,N,N,N,N,N,N,N,N,N,N,N,N,N,N,N,N,N,N,N,N,N
TACR1;NK1R;NKIR;TAC1R;SPR,N,N,N,N,N,N,N,N,N,N,N,N,N,N,N,N,N,N,N,N,N,N,N,N,N,N,N,N,N,N,N,N
TACR3;TAC3RL;NK-3R;NKR;HH11;NK3R,N,N,N,N,N,N,N,N,N,N,N,N,N,N,N,N,N,N,N,N,N,N,N,N,N,N,N,N,N,N,N,N
TXA2-R;BDPLT13;TBXA2R,N,N,N,N,N,N,N,N,N,N,N,N,N,N,N,N,N,N,N,N,N,N,N,N,N,N,N,N,N,N,N,N
TRHR;TRH-R,N,N,N,N,N,N,N,N,N,N,N,N,N,N,N,N,N,N,N,N,N,N,N,N,N,N,N,N,N,N,N,N
CCKAR;CCK1-R;CCK-A;CCKRA;CCK1R,N,N,N,N,N,N,N,N,N,N,N,N,N,N,N,N,N,N,N,N,N,N,N,N,N,N,N,N,N,N,N,N
CCKBR;CCK-B;GASR;CCK2R,N,N,N,N,N,N,N,N,N,N,N,N,N,N,N,N,N,N,N,N,N,N,N,N,N,N,N,N,N,N,N,N
CALML6;CAGLP,A,A,A,A,A,A,N,A,A,N,A,A,A,A,A,A,A,A,A,A,A,A,A,A,A,A,A,A,A,A,A,A
CALML5;CLSP,B,B,B,B,B,B,B,B,B,B,B,B,B,B,B,B,B,B,B,B,B,B,B,B,B,B,B,B,B,B,B,B
CALM1;CPVT4;CAMI;LQT14;PHKD;CALML2;caM;DD132,B,B,B,B,B,B,B,B,B,B,B,B,B,B,B,B,B,B,B,B,B,B,B,B,B,B,B,B,B,B,B,B
CAMII;LQT15;PHKD2;caM;PHKD;CALM2,B,B,B,B,B,B,B,B,B,B,B,B,B,B,B,B,B,B,B,B,B,B,B,B,B,B,B,B,B,B,B,B
PHKD3;HEL-S-72;CALM3;PHKD;CaMIII;CaM,B,B,B,B,B,B,B,B,B,B,B,B,B,B,B,B,B,B,B,B,B,B,B,B,B,B,B,B,B,B,B,B
CLP;CALML3,B,B,B,B,B,B,B,B,B,B,B,B,B,B,B,B,B,B,B,B,B,B,B,B,B,B,B,B,B,B,B,B
CALML4;NY-BR-20,A,A,A,A,A,N,A,A,A,N,A,A,A,A,A,A,A,A,A,A,A,A,A,A,A,A,A,A,A,A,A,A
TNNC2,B,B,B,B,B,B,B,B,B,B,B,B,B,B,B,B,B,B,B,B,B,B,B,B,B,B,B,B,B,B,B,B
TN-C;CMD1Z;TNC;TNNC;CMH13;TNNC1,A,A,A,A,A,A,A,A,A,A,A,A,A,A,A,A,A,A,A,A,A,A,A,A,A,A,A,A,A,A,A,A
ANT1;ANT_1;ANT;AAC1;SLC25A4;MTDPS12A;PEO3;T1;PEO2;PEOA2;MTDPS12,A,A,A,N,A,A,A,A,A,N,A,A,A,A,A,A,A,A,A,A,A,A,A,A,A,A,A,A,A,A,A,A
T2;2F1;SLC25A5;T3;ANT2;AAC2,A,A,A,N,A,A,A,A,A,N,A,A,A,A,A,A,A,A,A,A,A,A,A,A,A,A,A,A,A,A,A,A
ANT3;ANT3Y;ANT;ANT_2;ANT_3;SLC25A6;AAC3,A,A,A,N,A,A,A,A,A,N,A,A,A,A,A,A,A,A,A,A,A,A,A,A,A,A,A,A,A,A,A,A
SFEC35kDa;SLC25A31;AAC4;ANT_4;ANT4,A,A,A,N,A,A,A,A,A,N,A,A,A,A,A,A,A,A,A,A,A,A,A,A,A,A,A,A,A,A,A,A
MCU;HsMCU;C10orf42;CCDC109A,N,N,A,N,A,N,N,N,A,N,N,A,N,A,A,N,N,N,N,N,N,N,N,A,N,A,N,N,N,N,A,N
ADCY2;HBAC2;AC2,B,B,B,B,B,B,N,B,B,N,B,B,B,B,B,N,B,B,B,B,B,B,B,B,N,B,B,N,B,B,B,B
AC7;ADCY7,B,B,B,B,B,B,N,B,B,N,B,B,B,B,B,N,B,B,B,B,B,B,B,B,N,B,B,N,B,B,B,B
ACIX;ADCY9;AC9,B,B,B,B,B,B,N,B,B,N,B,B,B,B,B,N,B,B,B,B,B,B,B,B,N,B,B,N,B,B,B,B
ADCY4;AC4,B,B,B,B,B,B,N,B,B,N,B,B,B,B,B,N,B,B,B,B,B,B,B,B,N,B,B,N,B,B,B,B
ATP2A1;ATP2A;SERCA1,N,N,B,B,B,B,B,B,B,N,B,B,N,B,B,B,B,B,B,B,B,N,N,B,N,B,N,B,B,N,B,B
DD;SERCA2;ATP2A2;DAR;ATP2B,N,N,B,B,B,B,B,B,B,N,B,B,N,B,B,B,B,B,B,B,B,N,N,B,N,B,N,B,B,N,B,B
ATP2A3;SERCA3,N,N,B,B,B,B,B,B,B,N,B,B,N,B,B,B,B,B,B,N,B,N,B,B,N,B,N,B,B,N,B,B
HM5;CHRM5,N,N,N,N,N,N,N,N,N,N,N,N,N,N,N,N,N,N,N,N,N,N,N,N,N,N,N,N,N,N,N,N
ADORA2;A2aR;RDC8;ADORA2A,N,N,N,N,N,N,N,N,N,N,N,N,N,N,N,N,N,N,N,N,N,N,N,N,N,N,N,N,N,N,N,N
ADORA2;ADORA2B,N,N,N,N,N,N,N,N,N,N,N,N,N,N,N,N,N,N,N,N,N,N,N,N,N,N,N,N,N,N,N,N
ADRB1;B1AR;RHR;BETA1AR;ADRB1R,N,N,N,N,N,N,N,N,N,N,N,N,N,N,N,N,N,N,N,N,N,N,N,N,N,N,N,N,N,N,N,N
ADRBR;BAR;ADRB2R;BETA2AR;ADRB2;B2AR,N,N,N,N,N,N,N,N,N,N,N,N,N,N,N,N,N,N,N,N,N,N,N,N,N,N,N,N,N,N,N,N
BETA3AR;ADRB3,N,N,N,N,N,N,N,N,N,N,N,N,N,N,N,N,N,N,N,N,N,N,N,N,N,N,N,N,N,N,N,N
DADR;DRD1;DRD1A,N,N,N,N,N,N,N,N,N,N,N,N,N,N,N,N,N,N,N,N,N,N,N,N,N,N,N,N,N,N,N,N
DBDR;DRD5;DRD1L2;DRD1B,N,N,N,N,N,N,N,N,N,N,N,N,N,N,N,N,N,N,N,N,N,N,N,N,N,N,N,N,N,N,N,N
HRH2;H2R,N,N,N,N,N,N,N,N,N,N,N,N,N,N,N,N,N,N,N,N,N,N,N,N,N,N,N,N,N,N,N,N
5-HT4R;HTR4;5-HT4,N,N,N,N,N,N,N,N,N,N,N,N,N,N,N,N,N,N,N,N,N,N,N,N,N,N,N,N,N,N,N,N
5-HT5A;HTR5A,N,N,N,N,N,N,N,N,N,N,N,N,N,N,N,N,N,N,N,N,N,N,N,N,N,N,N,N,N,N,N,N
5-HT6;HTR6;5-HT6R,N,N,N,N,N,N,N,N,N,N,N,N,N,N,N,N,N,N,N,N,N,N,N,N,N,N,N,N,N,N,N,N
5-HT7;HTR7,N,N,N,N,N,N,N,N,N,N,N,N,N,N,N,N,N,N,N,N,N,N,N,N,N,N,N,N,N,N,N,N
CMD1P;PLN;CMH18;PLB,N,N,N,N,N,N,N,N,N,N,N,N,N,N,N,N,N,N,N,N,N,N,N,N,N,N,N,N,N,N,N,N
PRKACA;PKACA;PPNAD4,B,B,B,B,B,B,B,B,B,B,B,B,B,B,B,B,B,B,B,B,B,B,B,B,B,B,B,B,B,B,B,B
PKACB;PRKACB;PKA_C-beta,B,B,B,B,B,B,B,B,B,B,B,B,B,B,B,B,B,B,B,B,B,B,B,B,B,B,B,B,B,B,B,B
BDPLT19;PKACg;PRKACG;KAPG,B,B,B,B,B,B,B,B,B,B,B,B,B,B,B,B,B,B,B,B,B,B,B,B,B,B,B,B,B,B,B,B
DYT25;GNAL,N,N,N,N,N,N,N,N,N,N,N,N,N,N,N,N,N,N,N,N,N,N,N,N,N,N,N,N,N,N,N,N
GSP;AHO;GNAS;SgVI;GPSA;GSA;NESP;SCG6;C20orf45;POH;GNAS1,N,N,N,N,N,N,N,N,N,N,N,N,N,N,N,N,N,N,N,N,N,N,N,N,N,N,N,N,N,N,N,N
CACNA1I;ca(v)3.3;Cav3.3,N,N,N,N,N,N,N,N,N,N,N,N,N,N,N,N,N,N,N,N,N,N,N,N,N,N,N,N,N,N,N,N
HALD4;Cav3.2;CACNA1H;EIG6;ECA6;CACNA1HB,N,N,N,N,N,N,N,N,N,N,N,N,N,N,N,N,N,N,N,N,N,N,N,N,N,N,N,N,N,N,N,N
Cav3.1;Ca(V)T.1;CACNA1G;SCA42;NBR13,N,N,N,N,N,N,N,N,N,N,N,N,N,N,N,N,N,N,N,N,N,N,N,N,N,N,N,N,N,N,N,N
ATP2B1;PMCA1;PMCA1kb,N,N,B,B,B,B,B,B,B,N,B,B,N,B,B,B,B,B,B,B,B,N,B,B,N,B,N,B,B,N,B,B
PMCA2;PMCA2a;PMCA2i;ATP2B2,N,N,B,B,B,B,B,B,B,N,B,B,N,B,B,B,B,B,B,B,B,N,B,B,N,B,N,B,B,N,B,B
CLA2;SCAX1;ATP2B3;CFAP39;OPCA;PMCA3a;PMCA3,N,N,B,B,B,B,B,B,B,N,B,B,N,B,B,B,B,B,B,B,B,N,B,B,N,B,N,B,B,N,B,B
ATP2B2;MXRA1;ATP2B4;PMCA4x;PMCA4;PMCA4b,N,N,B,B,B,B,B,B,B,N,B,B,N,B,B,B,B,B,B,B,B,N,B,B,N,B,N,B,B,N,B,B
STIM2,N,N,N,N,N,N,N,N,N,N,N,N,N,N,N,N,N,N,N,N,N,N,N,N,N,N,N,N,N,N,N,N
GOK;STIM1;TAM;TAM1;IMD10;D11S4896E;STRMK,N,N,N,N,N,N,N,N,N,N,N,N,N,N,N,N,N,N,N,N,N,N,N,N,N,N,N,N,N,N,N,N
