MSH2;PMS5,N,N,B,N,N,N,N,B,B,N,B,N,N,B,N,N,N,N,N,B,B,N,B,N,N,N,N,N,N,N,N,N
MLH3,N,N,N,N,N,N,N,B,B,N,B,B,N,N,B,N,B,N,N,B,N,B,B,B,N,B,N,B,N,N,B,N
PMS2;MLH1,N,N,N,N,N,N,N,B,B,N,B,B,N,N,B,N,B,N,N,B,N,B,B,B,N,B,N,B,N,N,B,N
SRS2;HPR5,N,N,N,N,N,N,N,N,N,N,N,N,N,N,N,N,N,N,N,N,N,N,N,N,N,N,N,N,N,N,N,N
CDC9;MMS8,N,N,N,N,N,N,N,N,A,N,A,N,A,N,N,N,N,N,N,N,N,A,N,N,N,A,N,N,N,N,N,A
POL30,C,C,N,N,N,N,N,C,C,N,N,C,N,N,N,N,N,N,N,N,N,N,C,N,N,N,N,C,C,N,N,N
HPR6;TEX1;POL3;CDC2,N,A,N,A,N,N,A,N,A,N,A,A,A,N,N,N,N,N,N,A,N,N,N,N,N,N,N,N,N,N,A,A
POL31;SDP5;HYS2;HUS2,N,N,N,N,A,N,N,A,N,N,A,N,N,A,N,A,N,A,A,N,N,N,A,N,N,A,A,A,N,A,A,N
REV5;POL32,N,N,N,N,N,N,N,N,N,N,N,N,N,N,N,N,N,N,N,N,N,N,N,N,N,N,N,N,N,N,N,N
RPA1;RPA70;FUN3;BUF2;RFA1,N,N,D,N,N,N,D,D,D,N,D,N,D,D,N,N,N,N,N,N,N,N,D,D,N,N,N,N,D,D,D,D
RFA2;RPA32;BUF1;RPA2,A,N,N,N,N,N,N,N,N,N,A,A,A,A,N,N,A,N,A,N,N,N,A,A,N,A,N,N,A,N,A,N
MSH6;PMS3;PMS6,N,N,B,N,N,N,N,B,B,N,B,N,N,B,N,N,N,N,N,B,B,N,B,N,N,N,N,N,N,N,N,N
DHS1;EXO1,N,N,C,C,C,N,N,C,C,N,C,C,C,C,N,N,C,N,C,C,N,N,C,N,C,C,N,C,N,N,C,N
MSH3,N,N,B,N,N,N,N,B,B,N,B,N,N,B,N,N,N,N,N,B,B,N,B,N,N,N,N,N,N,N,N,N
PMS1,N,N,N,N,N,N,N,B,B,N,B,B,N,N,B,N,B,N,N,B,N,B,B,B,N,B,N,B,N,N,B,N
RFC5,N,N,N,N,N,N,N,N,N,N,N,N,N,N,N,N,N,N,N,N,N,N,N,N,N,N,N,N,N,N,N,N
RFC2,N,A,N,A,N,N,N,N,N,N,A,N,A,N,A,A,A,A,N,N,N,N,N,N,N,N,A,A,N,N,N,N
RFC3,N,A,A,A,N,N,N,N,N,N,A,A,A,N,A,A,A,A,A,N,A,N,N,N,N,N,A,A,N,A,A,N
RFC4,N,A,N,A,N,N,N,N,N,N,A,N,A,N,A,A,A,A,N,N,N,N,N,N,N,N,A,A,N,N,N,N
CDC44;RFC1,N,A,A,A,N,N,N,N,N,N,A,A,A,N,A,A,A,A,A,N,A,N,N,N,N,N,A,A,N,A,A,N
