ALCAM;CD166;MEMD,N,N,N,N,N,N,N,N,N,N,N,N,N,N,N,N,N,N,N,N,N,N,N,N,N,N,N,N,N,N,N,N
TP120;CD6,A,A,N,N,N,N,N,A,N,N,A,A,N,A,N,N,A,N,N,N,A,A,A,N,N,A,A,N,N,N,A,A
3,N,N,N,N,N,N,N,N,N,N,N,N,N,N,N,N,N,N,N,N,N,N,N,N,N,N,N,N,N,N,N,N
LSN;GALGP;CD43;GPL115;SPN,N,N,N,N,N,N,N,N,N,N,N,N,N,N,N,N,N,N,N,N,N,N,N,N,N,N,N,N,N,N,N,N
dJ1009E24.1;SN;CD169;SIGLEC1;SIGLEC-1,N,N,N,N,N,N,N,N,N,N,N,N,N,N,N,N,N,N,N,N,N,N,N,N,N,N,N,N,N,N,N,N
CD45R;CD45;B220;GP180;LY5;L-CA;LCA;PTPRC;T200,D,D,D,D,D,D,N,D,D,N,D,N,D,D,D,D,N,D,D,N,D,D,D,D,D,D,N,N,D,N,D,D
CD22;SIGLEC-2;SIGLEC2,N,N,N,N,N,N,N,N,N,N,N,N,N,N,N,N,N,N,N,N,N,N,N,N,N,N,N,N,N,N,N,N
MAL;CD8A;CD8;p32;Leu2,N,N,N,N,N,N,N,N,N,N,N,N,N,N,N,N,N,N,N,N,N,N,N,N,N,N,N,N,N,N,N,N
LY3;CD8B;P37;LYT3;CD8B1;LEU2,N,N,N,N,N,N,N,N,N,N,N,N,N,N,N,N,N,N,N,N,N,N,N,N,N,N,N,N,N,N,N,N
FNRB;VLAB;ITGB1;MSK12;MDF2;GPIIA;VLA-BETA;CD29,A,A,N,A,N,A,N,N,A,N,A,A,A,A,N,N,N,N,N,N,A,A,N,N,N,A,N,N,N,A,A,A
ITGA8,N,N,N,N,N,N,N,N,N,N,N,N,N,N,N,N,N,N,N,N,N,N,N,N,N,N,N,N,N,N,N,N
LCAMB;LAD;LFA-1;CD18;MF17;MFI7;MAC-1;ITGB2,A,A,N,A,N,A,N,N,A,N,A,A,A,A,N,N,N,N,N,N,A,A,N,N,N,A,N,N,N,A,A,A
CD11A;LFA-1;ITGAL;LFA1A,N,N,N,N,N,N,N,N,N,N,A,N,N,N,N,N,N,N,N,A,A,N,A,A,N,A,A,N,N,N,A,N
Bp50;CDW40;p50;TNFRSF5;CD40,N,N,N,N,N,N,N,N,N,N,N,N,N,N,N,N,N,N,N,N,N,N,N,N,N,N,N,N,N,N,N,N
IGDCC2;NEO1;NGN;NTN1R2,N,N,N,N,N,N,N,N,N,N,N,N,N,N,N,N,N,N,N,N,N,N,N,N,N,N,N,N,N,N,N,N
MRD3;CDHM;CDH14;CDH3;MCAD;CDH15,A,A,A,A,N,N,N,A,N,N,N,A,A,N,A,N,A,N,A,N,A,A,N,N,A,A,A,A,A,N,A,N
R-CAD;CAD4;CDH4;RCAD,A,A,A,A,N,N,N,A,N,N,N,A,A,N,A,N,A,N,A,N,A,A,N,N,A,A,A,A,A,N,A,N
CDHP;HJMD;CDH3;PCAD,A,A,A,A,N,N,N,A,N,N,N,A,A,N,A,N,A,N,A,N,A,A,N,N,A,A,A,A,A,N,A,N
VLA-6;ITGA6B;CD49f;ITGA6,N,N,N,N,N,N,N,N,N,N,N,N,N,N,N,N,N,N,N,N,N,N,N,N,N,N,N,N,N,N,N,N
PVRR2;PVRL2;CD112;HVEB;NECTIN2;PRR2,N,N,N,N,N,N,N,N,N,N,N,N,N,N,N,N,N,N,N,N,N,N,N,N,N,N,N,N,N,N,N,N
CDH1;Arc-1;UVO;ECAD;CD324;LCAM;CDHE,A,A,A,A,N,N,N,A,N,N,N,A,A,N,A,N,A,N,A,N,A,A,N,N,A,A,A,A,A,N,A,N
OSP;OTM;CLDN11,N,N,N,N,N,N,N,N,N,N,N,N,N,N,N,N,N,N,N,N,N,N,N,N,N,N,N,N,N,N,N,N
VCAN;GHAP;CSPG2;WGN;WGN1;PG-M;ERVR,N,A,N,A,N,N,N,N,A,N,N,N,N,A,N,A,N,A,N,N,A,A,A,A,N,A,N,N,N,N,A,A
GMA;MAG;SPG75;S-MAG;SIGLEC-4A;SIGLEC4A,N,N,N,N,N,N,N,N,N,N,N,N,N,N,N,N,N,N,N,N,N,N,N,N,N,N,N,N,N,N,N,N
CMT2J;CMT4E;MPP;CMT1B;MPZ;CMTDID;CMTDI3;CHM;P0;CMT2I;HMSNIB;DSS;CMT1,N,N,N,N,N,N,N,N,N,N,N,N,N,N,N,N,N,N,N,N,N,N,N,N,N,N,N,N,N,N,N,N
PZRb;MPZL1b;MPZL1;PZR;PZR1b;PZRa,N,N,N,N,N,N,N,N,N,N,N,N,N,N,N,N,N,N,N,N,N,N,N,N,N,N,N,N,N,N,N,N
CDW113;PVRL3;PRR3;NECTIN3;NECTIN-3;PPR3;PVRR3;CD113,N,N,N,N,N,N,N,N,N,N,N,N,N,N,N,N,N,N,N,N,N,N,N,N,N,N,N,N,N,N,N,N
NFASC;NRCAML;NF,A,N,N,N,N,N,N,N,A,N,N,N,N,A,N,N,N,N,N,N,A,A,N,N,N,A,N,N,N,N,A,N
CNTNAP2;PTHSL1;CASPR2;CDFE;NRXN4;AUTS15,N,A,N,A,N,N,N,N,A,N,N,N,N,A,N,A,N,A,N,N,A,A,A,A,N,A,N,N,N,N,A,A
CNTNAP;CNTNAP1;P190;NRXN4;CASPR,N,A,N,A,N,N,N,N,A,N,N,N,N,A,N,A,N,A,N,N,A,A,A,A,N,A,N,N,N,N,A,A
PTPRM;RPTPU;PTPRL1;RPTPM;R-PTP-MU;hR-PTPu,D,D,D,D,D,D,N,D,D,N,D,N,D,D,D,D,N,D,D,N,D,D,D,D,D,D,N,N,D,N,D,D
TAX;TAX1;TAG-1;FAME5;AXT;CNTN2,A,N,N,N,N,N,N,N,A,N,N,A,N,N,N,N,N,N,N,N,N,A,N,N,N,N,N,N,N,N,N,N
GP135;F3;CNTN1;MYPCN,A,N,N,N,N,N,N,N,A,N,N,N,N,A,N,N,N,N,N,N,A,A,N,N,N,A,N,N,N,N,A,N
NRCAM,A,A,A,A,N,A,N,A,A,N,A,A,A,A,N,N,A,N,N,N,A,A,A,A,N,A,N,N,N,N,A,A
NLGN4Y,A,A,N,N,N,N,N,A,A,N,A,N,A,A,N,N,A,N,N,A,N,A,A,N,N,A,N,N,A,A,A,A
NL1;NLGN1,A,A,N,N,N,N,N,A,A,N,A,N,A,A,N,N,A,N,N,A,N,A,A,N,N,A,N,N,A,A,A,A
NLGN3;HNL3,A,A,N,N,N,N,N,A,A,N,A,N,A,A,N,N,A,N,N,A,N,A,A,N,N,A,N,N,A,A,A,A
AUTSX2;NLGN4;ASPGX2;NLGN4X;HLNX;HNL4X,A,A,N,N,N,N,N,A,A,N,A,N,A,A,N,N,A,N,N,A,N,A,A,N,N,A,N,N,A,A,A,A
NLGN2,A,A,N,N,N,N,N,A,A,N,A,N,A,A,N,N,A,N,N,A,N,A,A,N,N,A,N,N,A,A,A,A
NRXN3;C14orf60,N,N,N,N,N,N,N,N,N,N,N,N,N,N,N,N,N,N,N,N,N,N,N,N,N,N,N,N,N,N,N,N
NRXN1;Hs.22998;SCZD17;PTHSL2,N,A,N,A,N,N,N,N,A,N,N,N,N,A,N,A,N,A,N,N,A,A,A,A,N,A,N,N,N,N,A,A
NRXN2,N,A,N,A,N,N,N,N,A,N,N,N,N,A,N,A,N,A,N,N,A,A,A,A,N,A,N,N,N,N,A,A
ITGB8,A,A,N,A,N,A,N,N,A,N,A,A,A,A,N,N,N,N,N,N,A,A,N,N,N,A,N,N,N,A,A,A
CD51;VTNR;ITGAV;MSK8;VNRA,N,N,N,N,N,N,N,N,N,N,N,N,N,N,N,N,N,N,N,N,N,N,N,N,N,N,N,N,N,N,N,N
syndecan;SDC;SDC1;CD138;SYND1,N,N,N,N,N,N,N,N,N,N,N,N,N,N,N,N,N,N,N,N,N,N,N,N,N,N,N,N,N,N,N,N
HSPG;SDC2;SYND2;HSPG1;CD362,N,N,N,N,N,N,N,N,N,N,N,N,N,N,N,N,N,N,N,N,N,N,N,N,N,N,N,N,N,N,N,N
SDC4;SYND4,N,N,N,N,N,N,N,N,N,N,N,N,N,N,N,N,N,N,N,N,N,N,N,N,N,N,N,N,N,N,N,N
SYND3;SDCN;SDC3,N,N,N,N,N,N,N,N,N,N,N,N,N,N,N,N,N,N,N,N,N,N,N,N,N,N,N,N,N,N,N,N
LAR;PTPRF;BNAH2,D,D,D,D,D,D,D,D,D,N,D,D,D,D,D,D,D,D,D,N,D,D,D,D,D,D,N,N,D,N,D,D
Ntra;KILON;DMML2433;IGLON4;NEGR1,N,N,N,N,N,N,N,N,N,N,N,N,N,N,N,N,N,N,N,N,N,N,N,N,N,N,N,N,N,N,N,N
NECL1;IGSF4B;BIgR;TSLL1;synCAM3;CADM3;Necl-1,N,N,N,N,N,N,N,N,N,N,N,N,N,N,N,N,N,N,N,N,N,N,N,N,N,N,N,N,N,N,N,N
IGSF4;CADM1;synCAM1;SYNCAM;IGSF4A;NECL2;TSLC1;ST17;sTSLC-1;sgIGSF;RA175;BL2;Necl-2,N,N,N,N,N,N,N,N,N,N,N,N,N,N,N,N,N,N,N,N,N,N,N,N,N,N,N,N,N,N,N,N
CD325;NCAD;CDHN;CDH2;CDw325,A,A,A,A,N,N,N,A,N,N,N,A,A,N,A,N,A,N,A,N,A,A,N,N,A,A,A,A,A,N,A,N
MSK39;CD56;NCAM1;NCAM,N,N,N,N,N,N,N,N,N,N,N,N,N,N,N,N,N,N,N,N,N,N,N,N,N,N,N,N,N,N,N,N
NCAM2;NCAM21,N,N,N,N,N,N,N,N,N,N,N,N,N,N,N,N,N,N,N,N,N,N,N,N,N,N,N,N,N,N,N,N
CD171;L1CAM;SPG1;N-CAML1;CAML1;NCAM-L1;MASA;HSAS1;HSAS;S10;MIC5;N-CAM-L1,A,N,A,N,N,N,A,A,A,N,N,N,N,A,A,N,N,N,N,N,A,A,N,N,N,A,N,N,N,N,A,N
ED4;OFC7;PRR1;nectin-1;CD111;SK-12;HIgR;PRR;PVRR1;HVEC;PVRL1;CLPED1;HV1S;NECTIN1;PVRR,N,N,N,N,N,N,N,N,N,N,N,N,N,N,N,N,N,N,N,N,N,N,N,N,N,N,N,N,N,N,N,N
PVR;HVED;CD155;PVS;NECL5;TAGE4;Necl-5,N,N,N,N,N,N,N,N,N,N,N,N,N,N,N,N,N,N,N,N,N,N,N,N,N,N,N,N,N,N,N,N
CD226;DNAM1;TLiSA1;PTA1;DNAM-1,N,N,N,N,N,N,N,N,N,N,N,N,N,N,N,N,N,N,N,N,N,N,N,N,N,N,N,N,N,N,N,N
ESEL;LECAM2;SELE;CD62E;ELAM;ELAM1,N,N,N,N,N,N,N,N,N,N,N,N,N,N,N,N,N,N,N,N,N,N,N,N,N,N,N,N,N,N,N,N
GLG1;MG160;CFR-1;ESL-1;MG-160,N,N,N,N,N,N,N,N,N,N,N,N,N,N,N,N,N,N,N,N,N,N,N,N,N,N,N,N,N,N,N,N
SELP;GRMP;CD62;LECAM3;PADGEM;CD62P;GMP140;PSEL,N,N,N,N,N,N,N,N,N,N,N,N,N,N,N,N,N,N,N,N,N,N,N,N,N,N,N,N,N,N,N,N
CD162;PSGL1;SELPLG;CLA;PSGL-1,N,N,N,N,N,N,N,N,N,N,N,N,N,N,N,N,N,N,N,N,N,N,N,N,N,N,N,N,N,N,N,N
CD34,N,N,N,N,N,N,N,N,N,N,N,N,N,N,N,N,N,N,N,N,N,N,N,N,N,N,N,N,N,N,N,N
SELL;LYAM1;LECAM1;LEU8;LSEL;TQ1;PLNHR;LAM1;LNHR;CD62L,N,N,N,N,N,N,N,N,N,N,N,N,N,N,N,N,N,N,N,N,N,N,N,N,N,N,N,N,N,N,N,N
MADCAM1;MACAM1,N,N,N,N,N,N,N,N,N,N,N,N,N,N,N,N,N,N,N,N,N,N,N,N,N,N,N,N,N,N,N,N
VCAM1;INCAM-100;CD106,N,N,N,N,N,N,N,N,N,N,N,N,N,N,N,N,N,N,N,N,N,N,N,N,N,N,N,N,N,N,N,N
ITGB7,A,A,N,A,N,A,N,N,A,N,A,A,A,A,N,N,N,N,N,N,A,A,N,N,N,A,N,N,N,A,A,A
ITGA4L;ALPHA-RLC;RLC;ITGA9,N,N,N,N,N,N,N,N,N,N,N,N,N,N,N,N,N,N,N,N,N,N,N,N,N,N,N,N,N,N,N,N
CD49D;ITGA4;IA4,N,N,N,N,N,N,N,N,N,N,N,N,N,N,N,N,N,N,N,N,N,N,N,N,N,N,N,N,N,N,N,N
MSK5X;MIC2X;MIC2Y;MIC2;CD99;HBA71,N,N,N,N,N,N,N,N,N,N,N,N,N,N,N,N,N,N,N,N,N,N,N,N,N,N,N,N,N,N,N,N
CD31/EndoCAM;GPIIA';endoCAM;CD31;PECAM1;PECAM-1;PECA1,N,N,N,N,N,N,N,N,N,N,N,N,N,N,N,N,N,N,N,N,N,N,N,N,N,N,N,N,N,N,N,N
CD58;ag3;LFA-3;LFA3,N,N,N,N,N,N,N,N,N,N,N,N,N,N,N,N,N,N,N,N,N,N,N,N,N,N,N,N,N,N,N,N
SRBC;CD2;T11;LFA-2,N,N,N,N,N,N,N,N,N,N,N,N,N,N,N,N,N,N,N,N,N,N,N,N,N,N,N,N,N,N,N,N
CD50;ICAM-R;CDW50;ICAM3,N,N,N,N,N,N,N,N,N,N,N,N,N,N,N,N,N,N,N,N,N,N,N,N,N,N,N,N,N,N,N,N
BB2;P3.58;CD54;ICAM1,N,N,N,N,N,N,N,N,N,N,N,N,N,N,N,N,N,N,N,N,N,N,N,N,N,N,N,N,N,N,N,N
ICAM2;CD102,N,N,N,N,N,N,N,N,N,N,N,N,N,N,N,N,N,N,N,N,N,N,N,N,N,N,N,N,N,N,N,N
JAM-B;JAM2;VE-JAM;C21orf43;PRO245;VEJAM;JAMB;CD322,N,N,N,N,N,N,N,N,N,N,N,N,N,N,N,N,N,N,N,N,N,N,N,N,N,N,N,N,N,N,N,N
JAMC;JAM-3;JAM-C;JAM3;JAM-2,N,N,N,N,N,N,N,N,N,N,N,N,N,N,N,N,N,N,N,N,N,N,N,N,N,N,N,N,N,N,N,N
CR3A;MO1A;ITGAM;MAC1A;CD11B;MAC-1;SLEB6,N,N,N,N,N,N,N,N,N,N,A,N,N,N,N,N,N,N,N,A,A,N,A,A,N,A,A,N,N,N,A,N
JAMA;KAT;JCAM;JAM;CD321;JAM1;PAM-1;F11R,N,N,N,N,N,N,N,N,N,N,N,N,N,N,N,N,N,N,N,N,N,N,N,N,N,N,N,N,N,N,N,N
IGM;T-BAM;IMD3;gp39;hCD40L;HIGM1;CD40L;CD154;TRAP;CD40LG;TNFSF5,N,N,N,N,N,N,N,N,N,N,N,N,N,N,N,N,N,N,N,N,N,N,N,N,N,N,N,N,N,N,N,N
CD144;7B4;CDH5,A,A,A,A,N,N,N,A,N,N,N,A,A,N,A,N,A,N,A,N,A,A,N,N,A,A,A,A,A,N,A,N
W117m;ESAM,N,N,N,N,N,N,N,N,N,N,N,N,N,N,N,N,N,N,N,N,N,N,N,N,N,N,N,N,N,N,N,N
CD273;PDCD1LG2;B7DC;PD-L2;bA574F11.2;PDL2;Btdc;PDCD1L2,N,N,N,N,N,N,N,N,N,N,N,N,N,N,N,N,N,N,N,N,N,N,N,N,N,N,N,N,N,N,N,N
B7-H;CD274;PDCD1LG1;B7H1;PDL1;PD-L1;PDCD1L1,N,N,N,N,N,N,N,N,N,N,N,N,N,N,N,N,N,N,N,N,N,N,N,N,N,N,N,N,N,N,N,N
SLEB2;hSLE1;CD279;hPD-l;hPD-1;PD1;PDCD1;PD-1,N,N,N,N,N,N,N,N,N,N,N,N,N,N,N,N,N,N,N,N,N,N,N,N,N,N,N,N,N,N,N,N
CD4;CD4mut,N,N,N,N,N,N,N,N,N,N,N,N,N,N,N,N,N,N,N,N,N,N,N,N,N,N,N,N,N,N,N,N
D6S222E;HLA-DMA;HLADM;DMA;RING6,N,N,N,N,N,N,N,N,N,N,N,N,N,N,N,N,N,N,N,N,N,N,N,N,N,N,N,N,N,N,N,N
RING7;D6S221E;HLA-DMB,N,N,N,N,N,N,N,N,N,N,N,N,N,N,N,N,N,N,N,N,N,N,N,N,N,N,N,N,N,N,N,N
HLA-DNA;HLA-DOA;HLADZ;HLA-DZA,N,N,N,N,N,N,N,N,N,N,N,N,N,N,N,N,N,N,N,N,N,N,N,N,N,N,N,N,N,N,N,N
DOB;HLA-DOB;HLA_DOB,N,N,N,N,N,N,N,N,N,N,N,N,N,N,N,N,N,N,N,N,N,N,N,N,N,N,N,N,N,N,N,N
PLT1;DP(W3);HLADP;HLASB;HLA-DP1A;DP(W4);HLA-DPA1,N,N,N,N,N,N,N,N,N,N,N,N,N,N,N,N,N,N,N,N,N,N,N,N,N,N,N,N,N,N,N,N
HLA-DP1B;HLA-DPB;HLA-DP;HLA-DPB1;DPB1,N,N,N,N,N,N,N,N,N,N,N,N,N,N,N,N,N,N,N,N,N,N,N,N,N,N,N,N,N,N,N,N
HLA-DQA1;HLA-DQA;DQ-A1;CELIAC1,N,N,N,N,N,N,N,N,N,N,N,N,N,N,N,N,N,N,N,N,N,N,N,N,N,N,N,N,N,N,N,N
HLADQA2;DX-ALPHA;HLA-DXA;HLA-DQA2,N,N,N,N,N,N,N,N,N,N,N,N,N,N,N,N,N,N,N,N,N,N,N,N,N,N,N,N,N,N,N,N
IDDM1;HLA-DQB1;HLA-DQB;CELIAC1,N,N,N,N,N,N,N,N,N,N,N,N,N,N,N,N,N,N,N,N,N,N,N,N,N,N,N,N,N,N,N,N
HLA-DRA1;HLA-DRA,N,N,N,N,N,N,N,N,N,N,N,N,N,N,N,N,N,N,N,N,N,N,N,N,N,N,N,N,N,N,N,N
HLA-DRB;HLA-DRB1;SS1;HLA-DR1B;DRB1,N,N,N,N,N,N,N,N,N,N,N,N,N,N,N,N,N,N,N,N,N,N,N,N,N,N,N,N,N,N,N,N
HLA-DR3B;HLA-DR1B;HLA-DRB3,N,N,N,N,N,N,N,N,N,N,N,N,N,N,N,N,N,N,N,N,N,N,N,N,N,N,N,N,N,N,N,N
HLA-DR4B;HLA-DRB4;DR4;DRB4,N,N,N,N,N,N,N,N,N,N,N,N,N,N,N,N,N,N,N,N,N,N,N,N,N,N,N,N,N,N,N,N
HLA-DRB5,N,N,N,N,N,N,N,N,N,N,N,N,N,N,N,N,N,N,N,N,N,N,N,N,N,N,N,N,N,N,N,N
B7-2;B70;LAB72;CD28LG2;CD86;B7.2,N,N,N,N,N,N,N,N,N,N,N,N,N,N,N,N,N,N,N,N,N,N,N,N,N,N,N,N,N,N,N,N
CD80;LAB7;CD28LG1;CD28LG;B7.1;B7-1;B7;BB1,N,N,N,N,N,N,N,N,N,N,N,N,N,N,N,N,N,N,N,N,N,N,N,N,N,N,N,N,N,N,N,N
Tp44;CD28,N,N,N,N,N,N,N,N,N,N,N,N,N,N,N,N,N,N,N,N,N,N,N,N,N,N,N,N,N,N,N,N
HLA-A;HLAA,N,N,N,N,N,N,N,N,N,N,N,N,N,N,N,N,N,N,N,N,N,N,N,N,N,N,N,N,N,N,N,N
AS;HLA-B;B-4901;HLAB,N,N,N,N,N,N,N,N,N,N,N,N,N,N,N,N,N,N,N,N,N,N,N,N,N,N,N,N,N,N,N,N
PSORS1;HLAC;HLC-C;D6S204;HLA-C;HLA-JY3;MHC,N,N,N,N,N,N,N,N,N,N,N,N,N,N,N,N,N,N,N,N,N,N,N,N,N,N,N,N,N,N,N,N
QA1;HLA-E;HLA-6.2,N,N,N,N,N,N,N,N,N,N,N,N,N,N,N,N,N,N,N,N,N,N,N,N,N,N,N,N,N,N,N,N
CDA12;HLA-F;HLA-CDA12;HLA-5.4;HLAF,N,N,N,N,N,N,N,N,N,N,N,N,N,N,N,N,N,N,N,N,N,N,N,N,N,N,N,N,N,N,N,N
HLA-G;MHC-G,N,N,N,N,N,N,N,N,N,N,N,N,N,N,N,N,N,N,N,N,N,N,N,N,N,N,N,N,N,N,N,N
PTORCH1;PPP1R115;BLCPMG;OCLN,N,N,N,N,N,N,N,N,N,N,N,N,N,N,N,N,N,N,N,N,N,N,N,N,N,N,N,N,N,N,N,N
CLDN21;CLDN24,N,N,N,N,N,N,N,N,N,N,N,N,N,N,N,N,N,N,N,N,N,N,N,N,N,N,N,N,N,N,N,N
CLDN16;HOMG3;PCLN1,N,N,N,N,N,N,N,N,N,N,N,N,N,N,N,N,N,N,N,N,N,N,N,N,N,N,N,N,N,N,N,N
WBSCR8;CPE-R;hCPE-R;CPETR1;CPETR;CPER;CLDN4,N,N,N,N,N,N,N,N,N,N,N,N,N,N,N,N,N,N,N,N,N,N,N,N,N,N,N,N,N,N,N,N
CLDN3;CPETR2;HRVP1;RVP1;CPE-R2;C7orf1,N,N,N,N,N,N,N,N,N,N,N,N,N,N,N,N,N,N,N,N,N,N,N,N,N,N,N,N,N,N,N,N
CLDN7;claudin-1;CLDN-7;CPETRL2;CEPTRL2;Hs.84359,N,N,N,N,N,N,N,N,N,N,N,N,N,N,N,N,N,N,N,N,N,N,N,N,N,N,N,N,N,N,N,N
CLDNL;hCG1646163;CLDN23,N,N,N,N,N,N,N,N,N,N,N,N,N,N,N,N,N,N,N,N,N,N,N,N,N,N,N,N,N,N,N,N
HOMG5;CLDN19,N,N,N,N,N,N,N,N,N,N,N,N,N,N,N,N,N,N,N,N,N,N,N,N,N,N,N,N,N,N,N,N
CLDN14;DFNB29,N,N,N,N,N,N,N,N,N,N,N,N,N,N,N,N,N,N,N,N,N,N,N,N,N,N,N,N,N,N,N,N
CLDN15,N,N,N,N,N,N,N,N,N,N,N,N,N,N,N,N,N,N,N,N,N,N,N,N,N,N,N,N,N,N,N,N
CLDN17,N,N,N,N,N,N,N,N,N,N,N,N,N,N,N,N,N,N,N,N,N,N,N,N,N,N,N,N,N,N,N,N
CLDN20,N,N,N,N,N,N,N,N,N,N,N,N,N,N,N,N,N,N,N,N,N,N,N,N,N,N,N,N,N,N,N,N
SFTA5;SFTPJ;CLDN18,N,N,N,N,N,N,N,N,N,N,N,N,N,N,N,N,N,N,N,N,N,N,N,N,N,N,N,N,N,N,N,N
CLDN22;CLDN21,N,N,N,N,N,N,N,N,N,N,N,N,N,N,N,N,N,N,N,N,N,N,N,N,N,N,N,N,N,N,N,N
CLDN25,N,N,N,N,N,N,N,N,N,N,N,N,N,N,N,N,N,N,N,N,N,N,N,N,N,N,N,N,N,N,N,N
CPETRL1;BEC1;TMVCF;AWAL;CLDN5,N,N,N,N,N,N,N,N,N,N,N,N,N,N,N,N,N,N,N,N,N,N,N,N,N,N,N,N,N,N,N,N
OSPL;CPETRL3;CLDN10;HELIX;OSP-L,N,N,N,N,N,N,N,N,N,N,N,N,N,N,N,N,N,N,N,N,N,N,N,N,N,N,N,N,N,N,N,N
CLDN8;HEL-S-79,N,N,N,N,N,N,N,N,N,N,N,N,N,N,N,N,N,N,N,N,N,N,N,N,N,N,N,N,N,N,N,N
CLDN6,N,N,N,N,N,N,N,N,N,N,N,N,N,N,N,N,N,N,N,N,N,N,N,N,N,N,N,N,N,N,N,N
CLDN2,N,N,N,N,N,N,N,N,N,N,N,N,N,N,N,N,N,N,N,N,N,N,N,N,N,N,N,N,N,N,N,N
CLDN1;CLD1;SEMP1;ILVASC,N,N,N,N,N,N,N,N,N,N,N,N,N,N,N,N,N,N,N,N,N,N,N,N,N,N,N,N,N,N,N,N
CLDN9,N,N,N,N,N,N,N,N,N,N,N,N,N,N,N,N,N,N,N,N,N,N,N,N,N,N,N,N,N,N,N,N
CVID1;AILIM;ICOS;CD278,N,N,N,N,N,N,N,N,N,N,N,N,N,N,N,N,N,N,N,N,N,N,N,N,N,N,N,N,N,N,N,N
B7RP-2;4Ig-B7-H3;CD276;B7-H3;B7H3,A,A,N,A,N,A,N,A,N,N,A,A,N,A,A,A,A,N,A,A,A,N,A,N,A,A,N,N,N,A,A,A
136,N,N,N,N,N,N,N,N,N,N,N,N,N,N,N,N,N,N,N,N,N,N,N,N,N,N,N,N,N,N,N,N
LICOS;B7RP1;ICOSL;B7RP-1;ICOS-L;GL50;B7H2;B7-H2;ICOSLG;CD275,N,N,N,N,N,N,N,N,N,N,N,N,N,N,N,N,N,N,N,N,N,N,N,N,N,N,N,N,N,N,N,N
CELIAC3;ALPS5;GSE;CTLA-4;IDDM12;CTLA4;CD;GRD4;CD152,N,N,N,N,N,N,N,N,N,N,N,N,N,N,N,N,N,N,N,N,N,N,N,N,N,N,N,N,N,N,N,N
VTCN1;B7H4;VCTN1;B7h.5;PRO1291;B7S1;B7-H4;B7X,A,A,N,A,N,A,N,A,N,N,A,A,N,A,A,A,A,N,A,A,A,N,A,N,A,A,N,N,N,A,A,A
TIGIT;WUCAM;VSIG9;VSTM3,N,N,N,N,N,N,N,N,N,N,N,N,N,N,N,N,N,N,N,N,N,N,N,N,N,N,N,N,N,N,N,N
NTNG1;Lmnt1,N,A,N,N,N,N,N,A,N,N,A,A,N,A,N,N,A,N,N,N,A,A,A,N,N,A,N,N,N,N,A,A
NTNG1;Lmnt2;LHLL9381;NTNG2;bA479K20.1,N,A,N,N,N,N,N,A,N,N,A,A,N,A,N,N,A,N,N,N,A,A,A,N,N,A,N,N,N,N,A,A
LRRC4C;NGL-1;NGL1,N,A,N,A,A,N,N,A,A,N,A,N,N,A,N,A,N,A,N,N,A,A,A,A,N,A,N,A,N,N,A,A
NAG14;NGL-2;LRRC4,N,A,N,A,A,N,N,A,A,N,A,N,N,A,N,A,N,A,N,N,A,A,A,A,N,A,N,A,N,N,A,A
LRIG4;NGL-3;HSM;LRRC4B,N,B,B,B,B,N,N,B,B,N,B,B,N,B,N,B,N,B,B,N,B,B,B,B,B,B,N,B,N,B,B,B
