GPX8,A,N,A,N,A,N,N,A,N,N,A,A,A,A,A,N,N,N,N,N,N,A,A,N,N,A,N,N,N,N,A,A
GPX1,A,N,A,N,A,N,N,A,N,N,A,A,A,A,A,N,N,N,N,N,N,A,A,N,N,A,N,N,N,N,A,A
GPX2,A,N,A,N,A,N,N,A,N,N,A,A,A,A,A,N,N,N,N,N,N,A,A,N,N,A,N,N,N,N,A,A
GPX3,A,N,A,N,A,N,N,A,N,N,A,A,A,A,A,N,N,N,N,N,N,A,A,N,N,A,N,N,N,N,A,A
GPX4,A,N,A,N,A,N,N,A,N,N,A,A,A,A,A,N,N,N,N,N,N,A,A,N,N,A,N,N,N,N,A,A
GPX5,A,N,A,N,A,N,N,A,N,N,A,A,A,A,A,N,N,N,N,N,N,A,A,N,N,A,N,N,N,N,A,A
GPX6,A,N,A,N,A,N,N,A,N,N,A,A,A,A,A,N,N,N,N,N,N,A,A,N,N,A,N,N,N,N,A,A
GPX7,A,N,A,N,A,N,N,A,N,N,A,A,A,A,A,N,N,N,N,N,N,A,A,N,N,A,N,N,N,N,A,A
PLA2-ALPHA,N,N,N,N,N,N,N,N,N,N,N,N,N,N,N,N,N,N,N,N,N,N,N,N,N,N,N,N,N,N,N,N
SDP1-LIKE,N,N,A,N,N,N,N,N,N,N,A,N,N,N,A,N,A,A,N,N,N,N,A,A,N,N,N,N,N,N,N,N
SDP1,N,N,A,N,N,N,N,N,N,N,A,N,N,N,A,N,A,A,N,N,N,N,A,A,N,N,N,N,N,N,N,N
12,N,A,N,N,A,N,N,A,A,N,A,N,N,N,A,A,N,A,N,N,N,N,A,A,N,N,A,N,N,N,A,N
GGT3,N,N,N,N,N,B,N,N,N,N,B,B,N,N,N,N,N,N,N,N,N,N,N,B,N,N,N,B,N,N,B,N
GGT4,N,N,N,N,N,B,N,N,N,N,B,B,N,N,N,N,N,N,N,N,N,N,N,B,N,N,N,B,N,N,B,N
GGT1,N,N,N,N,N,B,N,N,N,N,B,B,N,N,N,N,N,N,N,N,N,N,N,B,N,N,N,B,N,N,B,N
GGT2,N,N,N,N,N,B,N,N,N,N,B,B,N,N,N,N,N,N,N,N,N,N,N,B,N,N,N,B,N,N,B,N
17,N,N,N,N,N,N,N,N,N,N,N,N,N,N,N,N,N,N,N,N,N,N,N,N,N,N,N,N,N,N,N,N
