TAT,D,N,D,D,D,N,N,D,D,N,D,D,D,D,D,D,D,D,D,D,D,D,D,D,N,N,N,D,D,N,D,D
APL1;MTCBP1;mtnD;Fe-ARD;HMFT1638;ADI1;ARD;SIPL;Ni-ARD,N,N,N,N,N,N,N,N,N,N,N,N,N,N,N,N,N,N,N,N,N,N,N,N,N,N,N,N,N,N,N,N
CGI-29;CGI29;APIP;hAPIP;APIP2;MMRP19,N,N,N,N,N,N,N,N,N,N,N,N,N,N,N,N,N,N,N,N,N,N,N,N,N,N,N,N,N,N,N,N
MRI1;MTNA;Ypr118w;MRDI;M1Pi,N,N,N,N,N,N,N,N,N,N,N,N,N,N,N,N,N,N,N,N,N,N,N,N,N,N,N,N,N,N,N,N
BDMF;LGMBF;MSAP;HEL-249;DMSMFH;MTAP;DMSFH;c86fus,N,N,N,N,N,N,N,N,N,N,N,N,N,N,N,N,N,N,N,N,N,N,N,N,N,N,N,N,N,N,N,N
SRM;SRML1;SPDSY;PAPT;SPS1,N,N,N,N,N,N,N,N,N,N,N,N,N,N,N,N,N,N,N,N,N,N,N,N,N,N,N,N,N,N,N,N
AMD1;AMD;ADOMETDC;SAMDC,N,N,N,N,N,N,N,N,N,N,N,N,N,N,N,N,N,N,N,N,N,N,N,N,N,N,N,N,N,N,N,N
CTH,N,N,N,N,N,N,N,N,N,N,N,N,N,N,N,N,N,N,N,N,N,N,N,N,N,N,N,N,N,N,N,N
CBSL,N,N,N,N,N,N,N,N,N,N,N,N,N,N,N,N,N,N,N,N,N,N,N,N,N,N,N,N,N,N,N,N
HIP4;CBS,N,N,N,N,N,N,N,N,N,N,N,N,N,N,N,N,N,N,N,N,N,N,N,N,N,N,N,N,N,N,N,N
MTR;cblG;HMAG;MS,N,N,N,N,N,N,N,N,N,N,N,N,N,N,N,N,N,N,N,N,N,N,N,N,N,N,N,N,N,N,N,N
BHMT1;BHMT;HEL-S-61p,N,N,N,N,N,N,N,N,N,N,N,N,N,N,N,N,N,N,N,N,N,N,N,N,N,N,N,N,N,N,N,N
MATIIbeta;SDR23E1;Nbla02999;MAT-II;MAT2B;TGR,N,N,N,N,N,N,N,N,N,N,N,N,N,N,N,N,N,N,N,N,N,N,N,N,N,N,N,N,N,N,N,N
MATA1;SAMS;SAMS1;MAT1A;MAT,D,D,D,D,D,D,D,D,D,N,D,D,D,D,D,D,D,D,D,D,D,D,D,D,D,D,D,D,D,D,D,D
MAT2A;MATA2;MATII;SAMS2,D,D,D,D,D,D,D,D,D,N,D,D,D,D,D,D,D,D,D,D,D,D,D,D,D,D,D,D,D,D,D,D
PRO0233;DCAL;PPP1R78;AHCYL1;XPVKONA;IRBIT,N,N,N,N,N,N,N,N,N,N,N,N,N,N,N,N,N,N,N,N,N,N,N,N,N,N,N,N,N,N,N,N
AHCY;adoHcyase;SAHH,N,N,N,N,N,N,N,N,N,N,N,N,N,N,N,N,N,N,N,N,N,N,N,N,N,N,N,N,N,N,N,N
AHCYL2;ADOHCYASE3;IRBIT2,N,N,N,N,N,N,N,N,N,N,N,N,N,N,N,N,N,N,N,N,N,N,N,N,N,N,N,N,N,N,N,N
m.HsaI;MCMT;AIM;DNMT1;CXXC9;HSN1E;DNMT;ADCADN,N,N,N,N,N,N,N,N,A,N,A,N,N,N,N,N,N,A,N,N,A,N,N,N,N,N,N,N,N,N,A,N
TBRS;DNMT3A2;DNMT3A;M.HsaIIIA,N,N,N,N,N,N,N,N,N,N,N,N,N,N,N,N,N,N,N,N,N,N,N,N,N,N,N,N,N,N,N,N
M.HsaIIIB;DNMT3B;ICF;ICF1,N,N,N,N,N,N,N,N,N,N,N,N,N,N,N,N,N,N,N,N,N,N,N,N,N,N,N,N,N,N,N,N
LAO;LAAO;FIG1;IL4I1,A,N,N,N,N,N,N,N,N,N,A,N,N,A,N,N,N,N,N,N,A,N,N,N,N,N,N,N,N,N,A,N
BHMT2,N,N,N,N,N,N,N,N,N,N,N,N,N,N,N,N,N,N,N,N,N,N,N,N,N,N,N,N,N,N,N,N
E1;MASA;MST145;mtnC;ENOPH1,A,A,N,N,A,A,N,N,N,N,A,N,A,N,N,N,A,N,N,N,N,A,N,N,N,N,N,N,N,N,A,N
SDH;SDS,N,N,N,N,N,N,N,N,N,N,N,N,N,N,N,N,N,N,N,N,N,N,N,N,N,N,N,N,N,N,N,N
SDH_2;SDS-RS1;SDSL;cSDH;TDH,N,N,N,N,N,N,N,N,N,N,N,N,N,N,N,N,N,N,N,N,N,N,N,N,N,N,N,N,N,N,N,N
AST1;ASTQTL1;cCAT;cAspAT;GOT1;GIG18,N,N,D,D,N,N,D,D,N,N,D,N,D,N,N,D,D,N,N,D,D,N,N,N,D,D,N,N,N,N,D,N
KATIV;GOT2;KAT4;KYAT4;mitAAT,N,N,D,D,N,N,D,D,N,N,D,N,D,N,N,D,D,N,N,D,D,N,N,N,D,D,N,N,N,N,D,N
CDO-I;CDO1,A,N,N,N,N,N,N,A,N,N,A,N,N,N,N,N,N,N,N,N,N,A,N,N,N,N,N,N,N,N,N,N
TST2;MST;TUM1;MPST,N,N,N,N,N,N,N,N,N,N,N,N,N,N,N,N,N,N,N,N,N,N,N,N,N,N,N,N,N,N,N,N
TST;RDS,N,N,N,N,N,N,N,N,N,N,N,N,N,N,N,N,N,N,N,N,N,N,N,N,N,N,N,N,N,N,N,N
LDHAL6A;LDH6A,A,N,N,N,N,N,N,N,N,N,A,N,N,N,N,A,N,N,N,N,N,N,A,N,N,N,N,N,N,N,N,N
LDHM;PIG19;HEL-S-133P;LDHA;GSD11,A,A,N,N,N,N,N,N,A,N,A,N,N,N,N,A,A,N,N,N,A,N,A,N,N,N,N,N,N,N,N,N
LDH-H;LDH-B;TRG-5;LDHB;HEL-S-281;LDHBD,A,A,N,N,N,N,N,N,A,N,A,N,N,N,N,A,A,N,N,N,A,N,A,N,N,N,N,N,N,N,N,N
CT32;LDHX;LDHC;LDH3,A,A,N,N,N,N,N,N,A,N,A,N,N,N,N,A,A,N,N,N,A,N,A,N,N,N,N,N,N,N,N,N
LDH6B;LDHL;LDHAL6B;LDHAL6,A,N,N,N,N,N,N,N,N,N,A,N,N,N,N,A,N,N,N,N,N,N,A,N,N,N,N,N,N,N,N,N
SpS;SRS;MRSR;SPMSY;SMS,N,N,N,N,N,N,N,N,N,N,N,N,N,N,N,N,N,N,N,N,N,N,N,N,N,N,N,N,N,N,N,N
MOR2;MDH-s;MGC:1375;MDHA;HEL-S-32;MDH1,A,A,N,N,N,N,N,N,A,N,A,N,N,N,N,A,A,N,N,N,A,N,A,N,N,N,N,N,N,N,N,N
M-MDH;MOR1;MGC:3559;MDH;MDH2;EIEE51,A,A,N,N,N,N,N,N,A,N,A,N,N,N,N,A,A,N,N,N,A,N,A,N,N,N,N,N,N,N,N,N
BCAT1;PP18;BCATC;ECA39;PNAS121;BCT1;MECA39,D,N,N,D,N,N,N,N,D,N,N,N,N,D,N,N,N,N,D,N,D,N,N,N,N,N,N,N,N,N,N,N
BCATM;PP18;BCAT2;BCT2;BCAM,D,N,N,D,N,N,N,N,D,N,N,N,N,D,N,N,N,N,D,N,D,N,N,N,N,N,N,N,N,N,N,N
AGT2;BAIBA;DAIBAT;AGXT2,N,N,N,N,N,N,N,N,N,N,N,N,N,N,N,N,N,N,N,N,N,N,N,N,N,N,N,N,N,N,N,N
GLCLC;GLCL;GCL;GCS;GCLC,A,A,N,N,N,A,A,N,N,N,A,A,A,A,A,A,A,A,N,A,A,N,N,N,A,A,A,N,A,N,A,N
GLCLR;GCLM,A,N,A,N,N,N,N,A,N,N,N,A,N,N,N,N,N,N,N,N,N,N,A,N,N,A,N,N,N,A,A,N
HEL-S-64p;GSS;HEL-S-88n;GSHS,N,N,N,N,N,A,N,N,N,N,A,N,N,A,N,N,N,A,N,N,A,N,N,A,N,N,N,N,N,N,N,N
