SUN2;RPN3,N,N,A,N,A,A,N,A,A,N,A,N,N,A,A,N,N,N,N,N,A,N,A,A,A,A,A,N,A,A,A,A
RPN5;NAS5,A,A,A,A,A,A,A,A,A,N,A,A,A,A,A,A,A,A,A,A,A,A,A,A,A,A,A,A,A,A,A,A
RPN6;NAS4,A,A,A,N,A,A,A,A,A,N,A,A,N,N,A,A,A,A,A,N,N,A,A,A,N,A,N,N,A,N,A,N
RPN7,A,A,A,N,A,A,N,A,A,N,A,A,A,A,A,A,N,A,A,A,A,A,A,N,N,A,N,N,A,A,A,A
RPN8,C,C,C,C,C,N,C,C,C,N,C,C,N,C,C,C,C,C,C,C,C,C,C,C,C,C,N,C,N,C,C,C
NAS7;RPN9,A,A,A,N,N,N,A,N,A,N,A,A,A,N,A,A,A,A,N,A,A,N,A,A,N,A,N,A,N,A,A,N
RPN11;MPR1,C,C,C,N,N,C,C,C,C,N,N,C,N,C,C,C,C,C,C,C,C,C,C,C,C,C,N,C,N,C,C,C
NIN1;RPN12,N,N,N,N,A,N,N,N,N,N,A,N,N,N,N,N,N,N,A,N,N,N,N,N,N,N,A,A,N,N,A,A
DSS1;SEM1;HOD1,N,N,N,N,N,N,N,N,N,N,N,N,N,N,N,N,N,N,N,N,N,N,N,N,N,N,N,N,N,N,N,N
SUN1;RPN10;MCB1,A,N,N,N,A,A,A,A,N,N,N,A,N,A,A,A,A,A,N,A,N,N,A,N,A,A,A,N,N,A,A,N
RPN1;NAS1;HRD2,N,N,N,A,A,N,A,A,N,A,A,N,A,A,A,N,N,N,N,A,N,A,A,A,N,A,A,A,N,N,A,N
SEN3;RPN2,N,N,N,A,A,N,A,A,N,A,A,N,A,A,A,N,N,N,N,A,N,A,A,A,N,A,A,A,N,N,A,N
RPN13,N,N,N,N,N,A,N,N,A,N,A,N,N,A,N,N,N,N,N,A,A,N,A,A,A,N,N,N,N,N,N,N
RPT1;CIM5;YTA3,D,D,D,D,D,D,D,D,D,D,D,D,D,D,D,D,D,D,D,D,D,D,D,D,D,D,D,D,D,D,D,D
RPT2;YTA5;YHS4,D,D,D,D,D,D,D,D,D,D,D,D,D,D,D,D,D,D,D,D,D,D,D,D,D,D,D,D,D,D,D,D
RPT3;YTA2;YNT1,D,D,D,D,D,D,D,D,D,D,D,D,D,D,D,D,D,D,D,D,D,D,D,D,D,D,D,D,D,D,D,D
SUG2;CRL13;PCS1;RPT4,D,D,D,D,D,D,D,D,D,D,D,D,D,D,D,D,D,D,D,D,D,D,D,D,D,D,D,D,D,D,D,D
RPT5;YTA1,D,D,D,D,D,D,D,D,D,D,D,D,D,D,D,D,D,D,D,D,D,D,D,D,D,D,D,D,D,D,D,D
RPT6;CIM3;SCB68;SUG1;CRL3,D,D,D,D,D,D,D,D,D,D,D,D,D,D,D,D,D,D,D,D,D,D,D,D,D,D,D,D,D,D,D,D
BLM10;YFL006W,A,A,N,N,N,A,A,N,N,N,N,N,N,A,A,A,N,N,N,N,A,N,N,N,N,A,N,A,N,N,N,N
PRC2;SCL1,D,D,D,D,D,D,D,N,D,D,D,D,D,D,D,N,N,D,N,D,D,D,D,D,D,N,D,N,D,N,D,N
PRE8,D,D,D,D,D,D,D,N,D,D,D,D,D,D,D,N,N,D,N,D,D,D,D,D,D,N,D,N,D,N,D,N
PRE9,D,D,D,D,D,D,D,N,D,D,D,D,D,D,D,N,N,D,N,D,D,D,D,D,D,N,D,N,D,N,D,N
PRE6,D,D,D,D,D,D,D,N,D,D,D,D,D,D,D,N,N,D,N,D,D,D,D,D,D,N,D,N,D,N,D,N
PUP2;DOA5,D,D,D,D,D,D,D,N,D,D,D,D,D,D,D,N,N,D,N,D,D,D,D,D,D,N,D,N,D,N,D,N
PRE5,D,D,D,D,D,D,D,N,D,D,D,D,D,D,D,N,N,D,N,D,D,D,D,D,D,N,D,N,D,N,D,N
PRE10,D,D,D,D,D,D,D,N,D,D,D,D,D,D,D,N,N,D,N,D,D,D,D,D,D,N,D,N,D,N,D,N
PRE3;CRL21,N,N,D,N,D,D,D,N,D,D,D,D,N,D,D,N,N,D,N,D,N,D,D,D,D,N,D,N,D,N,D,N
PUP1,N,N,D,N,D,D,D,N,D,D,D,D,N,D,D,N,N,D,N,D,N,D,D,D,D,N,D,N,D,N,D,N
PUP3;SCS32,N,N,D,N,D,D,D,N,N,N,N,N,N,N,D,N,N,N,N,D,N,N,D,N,D,N,D,N,N,N,N,N
PRE1,N,N,D,N,D,D,D,N,D,D,D,D,N,D,D,N,N,D,N,D,N,D,D,D,D,N,D,N,D,N,D,N
PRE2;PRG1;SRR2;DOA3,N,N,D,N,D,D,D,N,D,D,D,D,N,D,D,N,N,D,N,D,N,D,D,D,D,N,D,N,D,N,D,N
PRE7;PRS3,N,N,D,N,D,D,D,N,N,N,N,N,N,N,D,N,N,N,N,D,N,N,D,N,D,N,D,N,N,N,N,N
PRE4,N,N,N,N,D,N,D,N,N,N,N,N,N,N,D,N,N,N,N,N,N,N,D,N,D,N,N,N,N,N,N,N
RNS2;UMP1,N,N,N,N,N,N,N,N,N,N,N,N,N,N,N,N,N,N,N,N,N,N,N,N,N,N,N,N,N,N,N,N
