CYPIA2;P3-450;P450(PA);CYP1A2;CP12,C,C,C,N,C,N,C,C,C,N,C,N,C,C,C,N,C,C,C,C,C,C,C,C,N,C,N,C,C,N,C,C
LOG15;12-LOX;15-LOX;ALOX15;15-LOX-1,A,A,N,N,N,N,N,A,A,N,A,A,N,A,N,N,A,N,N,N,A,A,A,N,N,A,N,N,N,N,A,A
PLA2G4B;HsT16992;cPLA2-beta,A,A,A,N,A,A,A,A,A,N,A,N,A,A,A,A,A,A,A,A,A,A,A,A,A,A,A,A,A,A,A,A
AdPLA;H-REV107;H-REV107-1;HRSL3;HREV107-1;HRASLS3;HREV107;HREV107-3;PLA2G16,A,N,N,N,N,N,A,N,A,N,N,A,N,N,N,N,N,N,N,N,A,N,N,N,N,N,N,N,N,N,A,N
PLA2G4E,A,A,A,N,A,N,N,A,A,N,A,N,A,A,A,A,A,A,A,N,A,A,A,A,A,N,A,A,N,A,A,A
PLB/LIP;PLB1;PLB,N,N,N,N,N,N,N,N,N,N,N,N,N,N,N,N,N,N,N,N,N,N,N,N,N,N,N,N,N,N,N,N
PLA2G4F;PLA2G4FZ,A,A,A,N,A,A,A,A,A,N,A,N,A,A,A,A,A,A,A,A,A,A,A,A,A,N,A,A,A,A,A,A
PLA2G2D;sPLA2S;PLA2IID;sPLA2-IID;SPLASH,N,N,N,N,N,N,N,N,N,N,N,N,N,N,N,N,N,N,N,N,N,N,N,N,N,N,N,N,N,N,N,N
PLA2G4D;cPLA2delta,A,A,A,N,A,A,N,A,A,N,A,N,A,A,A,A,A,A,A,A,A,A,A,A,A,A,A,A,A,A,A,A
PLA2G2E;GIIE_sPLA2;sPLA2-IIE,N,N,N,N,N,N,N,N,N,N,N,N,N,N,N,N,N,N,N,N,N,N,N,N,N,N,N,N,N,N,N,N
PLA2G2C,N,N,N,N,N,N,N,N,N,N,N,N,N,N,N,N,N,N,N,N,N,N,N,N,N,N,N,N,N,N,N,N
SPLA2III;GIII-SPLA2;PLA2G3;sPLA2-III,N,N,N,N,N,N,N,N,N,N,N,N,N,N,N,N,N,N,N,N,N,N,N,N,N,N,N,N,N,N,N,N
PLA2;PLA2G1B;PLA2A;PPLA2,N,N,N,N,N,N,N,N,N,N,N,N,N,N,N,N,N,N,N,N,N,N,N,N,N,N,N,N,N,N,N,N
PLA2L;PLA2S;MOM1;PLA2;PLA2G2A;sPLA2;PLA2B;PLAS1,N,N,N,N,N,N,N,N,N,N,N,N,N,N,N,N,N,N,N,N,N,N,N,N,N,N,N,N,N,N,N,N
cPLA2;cPLA2-alpha;PLA2G4A;PLA2G4,A,A,A,N,A,A,N,A,A,N,A,N,A,A,A,A,A,A,A,A,A,A,A,A,A,N,A,A,A,A,A,A
hVPLA(2);PLA2G5;FRFB;GV-PLA2;PLA2-10,N,N,N,N,N,N,N,N,N,N,N,N,N,N,N,N,N,N,N,N,N,N,N,N,N,N,N,N,N,N,N,N
PLA2G2F,N,N,N,N,N,N,N,N,N,N,N,N,N,N,N,N,N,N,N,N,N,N,N,N,N,N,N,N,N,N,N,N
PLA2G12;PLA2G12A;GXII;ROSSY,A,N,N,N,N,N,N,N,A,N,N,A,N,N,N,N,N,N,N,N,A,N,N,N,A,N,N,N,N,N,A,A
PLA2G6;PLA2;INAD1;iPLA2;CaI-PLA2;iPLA2beta;NBIA2B;GVI;PNPLA9;NBIA2A;NBIA2;PARK14;IPLA2-VIA,A,A,A,A,A,A,N,A,A,N,A,A,A,A,N,A,A,A,A,A,A,A,A,A,N,A,A,A,A,N,A,A
SPLA2;GXPLA2;sPLA2-X;GXSPLA2;PLA2G10,N,N,N,N,N,N,N,N,N,N,N,N,N,N,N,N,N,N,N,N,N,N,N,N,N,N,N,N,N,N,N,N
GXIIB;sPLA2-GXIIB;PLA2G13;FKSG71;PLA2G12B;GXIIIsPLA2,A,N,N,N,N,N,N,N,A,N,N,A,N,N,N,N,N,N,N,N,A,N,N,N,A,N,N,N,N,N,A,A
CPLA2-gamma;PLA2G4C,N,N,N,N,N,N,N,N,N,N,N,N,N,N,N,N,N,N,N,N,N,N,N,N,N,N,N,N,N,N,N,N
HsT16992;cPLA2-beta;JMJD7-PLA2G4B,A,A,A,N,A,A,A,A,A,N,A,N,A,A,A,A,A,A,A,A,A,A,A,A,A,A,A,A,A,A,A,A
CYPIIC19;CPCJ;P450IIC19;CYPIIC17;CYP2C19;P450C2C;CYP2C,C,C,C,N,C,N,C,C,C,N,C,N,C,C,C,N,C,C,C,C,C,C,C,C,N,C,N,C,C,N,C,C
CYPIIC8;MP-12/MP-20;CPC8;CYP2C8,C,C,C,N,C,N,C,C,C,N,C,N,C,C,C,C,C,C,C,C,C,C,C,C,N,C,N,C,C,N,C,C
P450IIC9;CYPIIC9;CPC9;CYP2C9;CYP2C;CYP2C10,C,C,C,N,C,N,C,C,C,N,C,N,C,C,C,C,C,C,C,C,C,C,C,C,N,C,N,C,C,N,C,C
CYPIIJ2;CPJ2;CYP2J2,C,C,C,N,C,N,C,C,C,N,C,N,C,C,C,C,C,C,C,C,C,C,C,C,N,C,N,C,C,N,C,C
CYP2E;P450C2E;CPE1;CYP2E1;P450-J,C,C,C,N,C,N,C,C,C,N,C,N,C,C,C,N,C,C,C,C,C,C,C,C,N,C,N,C,C,N,C,C
CYP3A3;CYPIIIA3;CYP3A;P450C3;CP33;CYP3A4;CP34;CYPIIIA4;NF-25;P450PCN1;HLP,C,C,C,N,C,N,C,C,C,N,C,N,C,C,C,C,C,C,C,C,C,C,C,C,N,C,N,C,C,N,C,C
