AAPT1,A,A,A,N,A,A,N,N,A,N,A,N,A,N,A,N,A,A,N,A,A,N,A,A,A,A,A,N,A,A,A,N
AAPT2,A,A,A,N,A,A,N,N,A,N,A,N,A,N,A,N,A,A,N,A,A,N,A,A,A,A,A,N,A,A,A,N
PLA2-ALPHA,N,N,N,N,N,N,N,N,N,N,N,N,N,N,N,N,N,N,N,N,N,N,N,N,N,N,N,N,N,N,N,N
SDP1-LIKE,N,N,A,N,N,N,N,N,N,N,A,N,N,N,A,N,A,A,N,N,N,N,A,A,N,N,N,N,N,N,N,N
SDP1,N,N,A,N,N,N,N,N,N,N,A,N,N,N,A,N,A,A,N,N,N,N,A,A,N,N,N,N,N,N,N,N
6,N,A,A,A,N,A,N,A,A,N,A,N,N,N,N,N,A,N,A,N,A,N,A,N,N,N,N,N,N,A,A,A
7,N,A,A,A,A,A,A,A,A,N,A,N,N,N,N,A,A,N,A,N,A,N,A,N,N,N,N,A,N,A,A,A
LPLAT1,A,N,N,N,N,N,N,N,A,N,A,N,N,N,N,N,A,N,A,N,N,N,N,N,N,A,N,N,A,A,A,N
LPLAT2,A,N,N,N,N,N,N,N,A,N,A,N,N,N,N,N,A,N,A,N,N,N,N,N,N,A,N,N,A,A,A,N
PLDALPHA2,B,N,N,N,N,N,B,N,B,N,B,B,B,B,N,N,B,N,N,B,B,B,B,N,N,B,N,N,N,N,B,N
PLDEPSILON,B,N,N,N,N,N,B,N,B,N,B,B,B,B,N,N,B,N,N,B,B,B,B,N,N,B,N,N,N,N,B,N
PLDBETA1,B,N,N,N,N,N,B,N,B,N,B,B,B,B,N,N,B,N,N,B,B,B,B,N,N,B,N,N,N,N,B,N
PLDP2,B,N,N,N,N,N,B,N,B,N,B,B,B,B,N,N,B,N,N,B,B,B,B,N,N,B,N,N,N,N,B,N
PLDALPHA1,B,N,N,N,N,N,B,N,B,N,B,B,B,B,N,N,B,N,N,B,B,B,B,N,N,B,N,N,N,N,B,N
PLDP1,B,N,N,N,N,N,B,N,B,N,B,B,B,B,N,N,B,N,N,B,B,B,B,N,N,B,N,N,N,N,B,N
PLDBETA2,B,N,N,N,N,N,B,N,B,N,B,B,B,B,N,N,B,N,N,B,B,B,B,N,N,B,N,N,N,N,B,N
PLDGAMMA2,B,N,N,N,N,N,B,N,B,N,B,B,B,B,N,N,B,N,N,B,B,B,B,N,N,B,N,N,N,N,B,N
PLDGAMMA3,B,N,N,N,N,N,B,N,B,N,B,B,B,B,N,N,B,N,N,B,B,B,B,N,N,B,N,N,N,N,B,N
PLDGAMMA1,B,N,N,N,N,N,B,N,B,N,B,B,B,B,N,N,B,N,N,B,B,B,B,N,N,B,N,N,N,N,B,N
PLDDELTA,B,N,N,N,N,N,B,N,B,N,B,B,B,B,N,N,B,N,N,B,B,B,B,N,N,B,N,N,N,N,B,N
PLDALPHA3,B,N,N,N,N,N,B,N,B,N,B,B,B,B,N,N,B,N,N,B,B,B,B,N,N,B,N,N,N,N,B,N
NPC1,N,N,N,N,N,N,N,N,N,N,N,N,N,N,N,N,N,N,N,N,N,N,N,N,N,N,N,N,N,N,N,N
NPC2,N,N,N,N,N,N,N,N,N,N,N,N,N,N,N,N,N,N,N,N,N,N,N,N,N,N,N,N,N,N,N,N
NPC3,N,N,N,N,N,N,N,N,N,N,N,N,N,N,N,N,N,N,N,N,N,N,N,N,N,N,N,N,N,N,N,N
NPC4,N,N,N,N,N,N,N,N,N,N,N,N,N,N,N,N,N,N,N,N,N,N,N,N,N,N,N,N,N,N,N,N
NPC5,N,N,N,N,N,N,N,N,N,N,N,N,N,N,N,N,N,N,N,N,N,N,N,N,N,N,N,N,N,N,N,N
NPC6,N,N,N,N,N,N,N,N,N,N,N,N,N,N,N,N,N,N,N,N,N,N,N,N,N,N,N,N,N,N,N,N
