GCNT3;C2/4GnT;C2GNT2;C24GNT;C2GNTM;GNTM,A,N,N,N,N,N,A,N,A,N,A,N,N,N,N,N,N,A,N,N,A,N,N,N,N,A,N,N,N,N,A,A
C2GNT-L;GCNT1;G6NT;C2GNT;NAGCT2;C2GNT1;NACGT2,A,N,N,N,N,N,A,N,A,N,A,N,N,N,N,N,N,A,N,N,A,A,N,N,N,A,N,N,N,N,A,A
B4GALT5;beta4Gal-T5;BETA4-GALT-IV;gt-V;B4Gal-T5;beta4GalT-V,N,N,N,N,N,N,N,N,N,N,N,N,N,N,N,N,N,N,N,N,N,N,N,N,N,N,N,N,N,N,N,N
ST6GalNAcI;HSY11339;SIAT7A;STYI;ST6GALNAC1,N,N,N,N,N,N,N,N,N,N,N,N,N,N,N,N,N,N,N,N,N,N,N,N,N,N,N,N,N,N,N,N
Gal-NAc6S;ST3GalA;SIAT4A;SIATFL;ST3GalIA;ST3GAL1;ST3O;1;ST3GalA.1,N,N,N,N,N,N,N,N,N,N,N,N,N,N,N,N,N,N,N,N,N,N,N,N,N,N,N,N,N,N,N,N
Gal-NAc6S;ST3GAL2;ST3GALII;SIAT4B;ST3GalA.2,N,N,N,N,N,N,N,N,N,N,N,N,N,N,N,N,N,N,N,N,N,N,N,N,N,N,N,N,N,N,N,N
BGnT-6;B3Gn-T6;beta-1;beta3Gn-T6;3-Gn-T6;B3GNT6,N,N,N,N,N,N,N,N,A,N,A,N,N,N,N,N,A,N,N,N,N,N,N,N,N,A,A,N,N,N,A,A
POC1B-GALNT4,N,A,A,N,N,N,N,N,A,N,A,N,A,A,N,A,N,N,N,N,A,A,N,A,N,N,N,N,A,A,A,N
GALNAC-T6;GALNT6;GalNAcT6,N,A,A,N,N,N,N,N,A,N,A,N,A,A,N,A,N,N,N,N,A,A,N,A,N,N,N,N,A,A,A,N
GALNT5;GALNAC-T5;GALNACT5,N,A,A,N,N,N,N,N,A,N,A,N,A,A,N,A,N,N,N,N,A,A,N,A,N,N,N,N,A,A,A,N
GalNAc-T13;GALNT13,N,A,A,N,N,N,N,N,A,N,A,N,A,A,N,A,N,N,N,N,A,A,N,A,N,N,N,N,A,A,A,N
GALNT13;GALNT15;PIH5;pp-GalNAc-T15;GALNACT15;GALNTL2;GALNT7,N,A,A,N,N,N,N,N,A,N,A,N,A,A,N,A,N,N,N,N,A,A,N,A,N,N,N,N,A,A,A,N
GALNT15;GALNACT19;GalNAc-T5L;GALNTL5,N,A,A,N,N,N,N,N,A,N,A,N,A,A,N,A,N,N,N,N,A,A,N,A,N,N,N,N,A,A,A,N
GALNAC-T1;GALNT1,N,A,A,N,N,N,N,N,A,N,A,N,A,A,N,A,N,N,N,N,A,A,N,A,N,N,N,N,A,A,A,N
GALNT2;GalNAc-T2,N,A,A,N,N,N,N,N,A,N,A,N,A,A,N,A,N,N,N,N,A,A,N,A,N,N,N,N,A,A,A,N
GalNAc-T3;HFTC;HHS;GALNT3,N,A,A,N,N,N,N,N,A,N,A,N,A,A,N,A,N,N,N,N,A,A,N,A,N,N,N,N,A,A,A,N
GALNAC-T8;GALNT8,N,A,A,N,N,N,N,N,A,N,A,N,A,A,N,A,N,N,N,N,A,A,N,A,N,N,N,N,A,A,A,N
GALNACT18;GalNAc-T15;GALNT15;GALNTL4;GALNT18;GalNAc-T18,N,A,A,N,N,N,N,N,A,N,A,N,A,A,N,A,N,N,N,N,A,A,N,A,N,N,N,N,A,A,A,N
GalNAc-T6L;GALNACT20;GALNTL6;GALNT17,N,A,A,N,N,N,N,N,A,N,A,N,A,A,N,A,N,N,N,N,A,A,N,A,N,N,N,N,A,A,A,N
GALNACT9;GALNAC-T9;GALNT9,N,A,A,N,N,N,N,N,A,N,A,N,A,A,N,A,N,N,N,N,A,A,N,A,N,N,N,N,A,A,A,N
GalNAcT7;GALNT7;GALNAC-T7,N,A,A,N,N,N,N,N,A,N,A,N,A,A,N,A,N,N,N,N,A,A,N,A,N,N,N,N,A,A,A,N
PPGALNACT10;GALNT10;GALNACT10;PPGANTASE10,N,A,A,N,N,N,N,N,A,N,A,N,A,A,N,A,N,N,N,N,A,A,N,A,N,N,N,N,A,A,A,N
GALNTL1;GalNAc-T16;GALNACT16;GALNT16,N,A,A,N,N,N,N,N,A,N,A,N,A,A,N,A,N,N,N,N,A,A,N,A,N,N,N,N,A,A,A,N
GALNACT11;GALNAC-T11;GALNT11,N,A,A,N,N,N,N,N,A,N,A,N,A,A,N,A,N,N,N,N,A,A,N,A,N,N,N,N,A,A,A,N
GalNAc-T5L;GALNT16;GalNAc-T19;GALNT20;WBSCR17;GALNT17;GALNACT17;GalNAc-T17;GALNTL3,N,A,A,N,N,N,N,N,A,N,A,N,A,A,N,A,N,N,N,N,A,A,N,A,N,N,N,N,A,A,A,N
GalNac-T10;GALNT15;GALNT14;GalNac-T14,N,A,A,N,N,N,N,N,A,N,A,N,A,A,N,A,N,N,N,N,A,A,N,A,N,N,N,N,A,A,A,N
CRCS1;GalNAc-T12;GALNT12,N,A,A,N,N,N,N,N,A,N,A,N,A,A,N,A,N,N,N,N,A,A,N,A,N,N,N,N,A,A,A,N
GALNT4;GALNACT4;GALNAC-T4,N,A,A,N,N,N,N,N,A,N,A,N,A,A,N,A,N,N,N,N,A,A,N,A,N,N,N,N,A,A,A,N
MST143;C38H2-L1;TNPS;COSMC;C1GALT2;HSPC067;C1GALT1C1,N,N,N,N,N,N,N,N,A,N,A,N,N,N,N,N,N,A,N,N,N,N,A,A,N,N,N,N,N,N,N,N
T-synthase;C1GALT;C1GALT1,N,N,N,N,N,N,N,N,A,N,A,N,N,N,N,N,N,A,N,N,N,N,A,A,N,N,N,N,N,N,N,N
GCNT4;C2GNT3,A,N,N,N,N,N,A,N,A,N,A,N,N,N,N,N,N,A,N,N,A,A,N,N,N,A,N,N,N,N,A,A
