THTPA;THTP;THTPASE,N,N,N,N,N,N,N,N,N,N,N,N,N,N,N,N,N,N,N,N,N,N,N,N,N,N,N,N,N,N,N,N
AK_7;AK7,A,N,A,N,A,N,N,A,N,N,A,N,N,N,A,A,A,N,N,N,N,N,N,N,N,N,N,N,N,N,N,A
AK8;AK_8;DDX31;C9orf98,N,N,N,N,N,A,N,N,N,N,A,A,N,A,N,N,A,N,N,N,N,N,N,A,A,N,N,A,N,N,N,A
HTL-S-58j;AK1,A,N,N,N,N,A,N,A,N,N,A,A,N,A,A,N,A,N,N,N,N,N,A,A,A,N,N,A,N,N,N,A
AK2;ADK2,A,N,N,N,N,A,N,A,N,N,A,A,N,A,A,N,A,N,N,N,N,N,A,A,A,N,N,A,N,N,N,A
AK3L2;AK3L1;AK_4;AK4;AK3,A,N,N,N,N,A,N,A,N,N,A,A,N,A,A,N,A,N,N,N,N,N,A,A,A,N,N,A,N,N,N,A
AK6;AK5,A,N,N,N,N,A,N,A,N,N,A,A,N,A,A,N,A,N,N,N,N,N,A,A,A,N,N,A,N,N,N,A
8,N,N,N,N,N,N,N,A,N,N,A,N,N,A,A,N,N,N,N,N,N,N,A,N,N,N,N,N,N,N,N,N
HCR-NTPase;NTPCR;C1orf57,N,N,N,N,N,N,N,N,N,N,N,N,N,N,N,N,N,N,N,N,N,N,N,N,N,N,N,N,N,N,N,N
PP20;THMD5;TPK1;HTPK1,N,N,N,B,N,N,N,N,N,N,B,N,B,N,N,N,N,N,N,N,N,N,B,N,N,N,N,B,N,N,N,N
IscS;NIFS;HUSSY-08;NFS1,N,N,N,N,N,N,N,N,N,N,N,N,N,N,N,N,N,N,N,N,N,N,N,N,N,N,N,N,N,N,N,N
ALPI;IAP,N,N,N,N,N,N,N,N,N,N,N,N,N,N,N,N,N,N,N,N,N,N,N,N,N,N,N,N,N,N,N,N
APTNAP;TNAP;ALPL;HOPS;TNSALP;AP-TNAP,N,N,N,N,N,N,N,N,N,N,N,N,N,N,N,N,N,N,N,N,N,N,N,N,N,N,N,N,N,N,N,N
ALPP;PLAP;ALP;PLAP-1;PALP,N,N,N,N,N,N,N,N,N,N,N,N,N,N,N,N,N,N,N,N,N,N,N,N,N,N,N,N,N,N,N,N
ALPG;ALPPL2;ALPPL;GCAP,N,N,N,N,N,N,N,N,N,N,N,N,N,N,N,N,N,N,N,N,N,N,N,N,N,N,N,N,N,N,N,N
ACP1;LMW-PTP;HAAP;LMWPTP,N,N,N,N,N,N,D,N,N,N,D,N,N,D,N,N,N,N,N,N,D,D,N,N,D,N,N,N,N,N,N,N
