SC5DL;ERG3;SC5D;S5DES,A,A,A,N,A,A,N,N,A,N,A,N,N,A,A,N,A,A,N,A,A,A,A,N,N,A,N,A,N,N,A,N
CDPX2;EBP;CPX;CHO2;CPXD;MEND,A,N,A,N,N,A,N,N,A,N,A,N,N,N,A,N,N,N,N,A,A,N,N,N,N,N,N,N,N,N,A,A
DHCR7;SLOS,A,A,A,N,A,A,A,A,A,N,A,N,A,A,A,N,A,N,N,N,A,A,A,A,N,N,A,A,N,A,A,N
Nbla03646;DCE;DHCR24;seladin-1;SELADIN1,N,N,B,N,N,N,N,N,B,N,B,N,N,N,N,N,N,N,B,N,N,N,N,N,N,N,N,N,N,N,N,N
P450-14DM;CP51;CYP51A1;CYP51;P450L1;LDM;CYPL1,C,C,C,N,C,N,C,C,C,N,C,N,C,C,C,C,C,C,C,C,C,C,C,C,N,C,N,C,C,N,C,C
TM7SF2;DHCR14A;ANG1;NET47,A,A,A,N,A,A,A,A,A,N,A,N,A,A,A,N,A,N,N,N,A,A,A,A,N,N,A,A,N,A,A,N
LSS;OSC;CTRCT44,A,A,N,N,A,N,N,N,A,N,N,N,N,N,N,N,N,N,N,N,N,N,N,N,N,N,N,N,N,N,N,A
XAP104;H105E3;SDR31E1;NSDHL,N,N,N,N,N,N,N,N,N,N,N,N,N,N,N,N,N,N,N,N,N,N,N,N,N,N,N,N,N,N,N,N
FAXDC2;C5orf4,A,A,A,N,A,A,N,N,A,N,A,N,N,A,A,N,A,A,N,A,A,A,A,N,N,A,N,A,N,N,A,N
DESP4;SC4MOL;ERG25;MSMO1;MCCPD,A,A,A,N,A,A,N,N,A,N,A,N,N,A,A,N,A,A,N,A,A,A,A,N,N,A,N,A,N,N,A,N
HSD17B7;PRAP;SDR37C1,N,B,B,N,B,B,N,N,N,N,N,N,B,B,N,N,N,N,N,N,N,N,N,N,N,N,N,N,N,N,B,B
FAPP;BSSL;FAP;BAL;CEase;CELL;BSDL;MODY8;CEL;LIPA,B,B,B,N,N,N,N,B,B,N,B,B,B,B,B,N,B,N,N,B,B,B,B,B,N,B,N,N,B,B,B,B
CESD;LIPA;LAL,A,A,A,N,N,N,N,A,A,N,A,N,A,A,A,N,N,N,A,A,A,A,A,A,A,A,A,A,A,N,A,A
STAT;SOAT1;SOAT;ACACT;ACAT;ACAT1;ACAT-1,A,A,A,N,N,A,A,N,N,N,A,N,A,N,A,A,N,N,N,A,A,A,N,A,A,N,A,A,A,A,A,N
SOAT2;ACACT2;ARGP2;ACAT2,A,A,A,N,N,A,A,N,N,N,A,N,A,N,A,A,N,N,N,A,A,A,N,A,A,N,A,A,A,A,A,N
CYP2R1,C,C,C,N,C,N,C,C,C,N,C,N,C,C,C,C,C,C,C,C,C,C,C,C,N,C,N,C,C,N,C,C
CYP27B;CP2B;CYP27B1;VDDRI;CYP1alpha;VDR;PDDR;CYP1;P450c1;VDDR;VDD1,C,C,C,N,C,N,C,C,C,N,C,N,C,C,C,C,C,C,C,C,C,C,C,C,N,C,N,C,C,N,C,C
HCAI;CP24;CYP24;CYP24A1;P450-CC24;HCINF1,C,C,C,N,C,N,C,C,C,N,C,N,C,C,C,C,C,C,C,C,C,C,C,C,N,C,N,C,C,N,C,C
SS;DGPT;FDFT1;ERG9;SQS,N,N,N,N,N,N,N,N,N,N,N,N,N,N,N,N,N,N,N,N,N,N,N,N,N,N,N,N,N,N,N,N
SQLE,N,A,N,N,N,N,N,N,N,N,A,N,N,N,N,N,N,N,A,N,A,N,N,N,N,N,N,N,N,N,A,N
