AtSec20,A,A,A,N,A,A,N,A,A,N,A,A,A,A,A,A,A,A,A,A,A,A,A,A,A,A,N,A,A,A,A,A
SYP81,N,A,A,N,N,A,A,A,N,N,A,N,N,N,N,A,N,N,N,A,N,N,A,N,N,A,N,N,N,N,A,N
BS14A,A,N,N,N,N,N,N,N,A,N,N,N,N,N,A,A,N,N,N,N,A,N,N,N,N,N,N,N,N,N,A,N
ATBET12,A,N,N,N,N,N,N,N,A,N,N,N,N,N,A,A,N,N,N,N,A,N,N,N,N,N,N,N,N,N,A,N
YKT61,A,A,A,N,N,N,A,A,A,N,A,A,A,A,A,N,N,A,A,A,A,A,N,N,N,A,A,A,N,A,A,A
ATYKT62,A,A,A,N,N,N,N,N,A,N,A,A,A,A,A,N,N,A,A,A,A,A,N,N,N,A,N,A,N,A,A,A
GOS11,A,A,A,N,A,N,A,N,A,N,A,A,N,N,A,N,N,N,N,N,N,A,N,A,N,N,A,N,N,N,A,A
GOS12,A,A,A,N,A,N,A,N,A,N,A,A,N,N,A,N,N,N,N,N,N,A,N,A,N,N,A,N,N,N,A,A
SYP32,N,A,A,N,N,A,A,N,A,N,A,A,A,A,A,A,A,N,A,N,A,A,N,A,N,N,N,A,A,A,A,A
SYP31,N,A,A,N,N,A,A,N,A,N,A,A,A,A,A,A,A,N,A,N,A,A,N,A,N,N,N,A,A,A,A,A
SEC22,A,A,A,N,N,N,A,A,A,N,A,A,A,A,A,N,N,N,A,A,A,A,N,N,N,A,A,N,N,A,A,A
12,A,N,N,N,N,N,N,N,N,N,A,N,A,N,N,N,N,N,N,N,A,N,N,N,N,N,N,N,N,N,N,N
MEMB11,N,N,N,N,N,N,N,N,N,N,N,N,N,N,N,N,N,N,N,N,N,N,N,N,N,N,N,N,N,N,N,N
MEMB12,N,N,N,N,N,N,N,N,N,N,N,N,N,N,N,N,N,N,N,N,N,N,N,N,N,N,N,N,N,N,N,N
SNAP29,A,N,N,N,N,N,N,A,N,N,N,N,N,N,A,N,A,N,N,N,A,N,N,N,N,A,N,N,N,N,A,N
SYP43,N,N,N,N,N,N,N,N,N,N,N,N,N,N,N,N,N,N,N,N,N,N,N,N,N,N,N,N,N,N,N,N
SYP42,N,N,N,N,A,N,N,A,N,N,N,N,N,N,N,A,N,N,A,N,A,N,N,N,N,N,N,N,N,N,N,A
SYP41,N,N,N,N,N,N,N,N,N,N,N,N,N,N,N,N,N,N,N,N,N,N,N,N,N,N,N,N,N,N,N,N
VTI1B,A,A,A,N,A,A,N,N,A,N,A,A,A,A,N,A,A,N,A,A,A,N,A,A,N,N,A,N,N,A,N,N
VTI13,A,A,A,N,A,A,N,N,A,N,A,A,A,A,N,A,A,N,A,A,A,N,A,A,N,N,A,N,N,A,N,N
SGR4,A,A,A,N,A,A,N,N,A,N,A,A,A,A,N,A,A,N,A,A,A,N,A,A,N,N,A,N,N,A,N,N
22,A,A,A,N,A,A,N,N,A,N,A,A,A,A,N,A,A,N,A,A,A,N,A,A,N,N,A,N,N,A,N,N
23,N,A,A,N,A,N,N,N,A,N,N,A,N,N,N,N,N,A,N,N,N,N,N,N,N,N,N,N,N,N,A,A
24,N,A,A,N,A,N,N,N,A,N,N,A,N,N,N,N,N,A,N,N,N,N,N,N,N,N,N,N,N,N,A,A
SYP51,A,A,A,N,A,N,A,A,A,N,N,A,N,N,A,A,A,A,N,N,A,A,A,A,N,A,N,N,N,N,A,A
SYP52,A,A,A,N,A,N,A,A,A,N,N,A,N,N,A,A,A,A,N,N,A,A,A,A,N,A,N,N,N,N,A,A
SYP71,N,A,A,N,N,N,N,N,A,N,N,A,N,N,A,N,N,N,N,A,N,N,N,A,N,N,A,N,N,N,N,N
SYP72,N,A,A,N,N,N,N,N,A,N,N,A,N,N,A,N,N,N,N,A,N,N,N,A,N,N,A,N,N,N,N,N
SYP73,N,A,A,N,N,N,N,N,A,N,N,A,N,N,A,N,N,N,N,A,N,N,N,A,N,N,A,N,N,N,N,N
SYP111,N,A,A,N,A,N,A,A,A,N,N,A,A,N,A,A,N,N,A,N,A,N,N,A,N,N,N,A,N,A,N,A
SYP125,N,A,A,N,A,N,A,A,A,N,N,A,A,N,A,A,N,N,A,N,A,N,N,A,N,N,N,A,N,A,N,A
SYP124,N,A,A,N,A,N,A,A,A,N,N,A,A,N,A,A,N,N,A,N,A,N,N,A,N,N,N,A,N,A,N,A
SYP112,N,A,A,N,A,N,A,A,A,N,N,A,A,N,A,A,N,N,A,N,A,N,N,A,N,N,N,A,N,A,N,A
SYP131,N,A,A,N,A,N,A,A,A,N,N,A,A,N,A,A,N,N,A,N,A,N,N,A,N,N,N,A,N,A,N,A
SYP121,N,A,A,N,A,N,A,A,A,N,N,A,A,N,A,A,N,N,A,N,A,N,N,A,N,N,N,A,N,A,N,A
SYP122,N,A,A,N,A,N,A,A,A,N,N,A,A,N,A,A,N,N,A,N,A,N,N,A,N,N,N,A,N,A,N,A
SYP123,N,A,A,N,A,N,A,A,A,N,N,A,A,N,A,A,N,N,A,N,A,N,N,A,N,N,N,A,N,A,N,A
SYP132,N,A,A,N,A,N,A,A,A,N,N,A,A,N,A,A,N,N,A,N,A,N,N,A,N,N,N,A,N,A,N,A
39,N,N,N,N,N,N,N,N,N,N,N,N,N,N,N,N,N,N,N,N,N,N,N,N,N,N,N,N,N,N,N,N
40,N,N,N,N,N,N,N,N,N,N,N,N,N,N,N,N,N,N,N,N,N,N,N,N,N,N,N,N,N,N,N,N
VAMP712,A,A,A,N,N,N,A,A,A,N,A,A,A,A,A,N,N,A,A,A,A,A,N,N,N,A,A,A,N,A,A,A
VAMP711,A,A,A,N,N,N,A,A,A,N,A,A,A,A,A,N,N,N,A,A,A,A,N,N,N,A,A,N,N,A,A,A
VAMP713,A,A,A,N,N,N,A,A,A,N,A,A,A,A,A,N,N,A,A,A,A,A,N,N,N,A,A,A,N,A,A,A
VAMP714,A,A,A,N,N,N,A,A,A,N,A,A,A,A,A,N,N,A,A,A,A,A,N,N,N,A,A,A,N,A,A,A
