NIP1;BNIP1;SEC20;TRG-8,A,A,A,N,A,A,N,A,A,N,A,A,A,A,A,A,A,A,A,A,A,A,A,A,A,A,N,A,A,A,A,A
P31;D12;USE1;SLT1;MDS032,N,N,N,N,N,N,N,N,N,N,N,N,N,N,N,N,N,N,N,N,N,N,N,N,N,N,N,N,N,N,N,N
STX18;Ufe1,N,A,A,N,N,A,A,A,N,N,A,N,N,N,N,A,N,N,N,A,N,N,A,N,N,A,N,N,N,N,A,N
STX17,N,A,A,N,N,N,A,N,A,N,N,A,A,N,A,N,N,N,A,N,A,N,N,A,N,N,N,A,N,A,N,A
HBET1;BET1,A,N,N,N,N,N,N,N,A,N,N,N,N,N,A,A,N,N,N,N,A,N,N,N,N,N,N,N,N,N,A,N
BET1L;GOLIM3;HSPC197;GS15;BET1L1,A,N,A,N,A,N,N,N,A,N,N,N,N,N,A,A,N,A,N,N,A,N,N,N,N,N,N,N,N,N,A,N
YKT6,A,A,A,N,N,N,N,N,A,N,A,A,A,A,A,N,N,A,A,A,A,A,N,N,N,A,N,A,N,A,A,A
GOS28/P28;GS28;GOLIM2;GOS28;P28;GOSR1;GOS-28,A,A,A,N,A,N,A,N,A,N,A,A,N,N,A,N,N,N,N,N,N,A,N,A,N,N,A,N,N,N,A,A
STX5A;STX5;SED5,N,A,A,N,N,A,A,N,A,N,A,A,A,A,A,A,A,N,A,N,A,A,N,A,N,N,N,A,A,A,A,A
ERS-24;SEC22L1;SEC22B,A,A,A,N,N,N,A,A,A,N,A,A,A,A,A,N,N,N,A,A,A,A,N,N,N,A,A,N,N,A,A,A
Bos1;GOSR2;EPM6;GS27,N,N,N,N,N,N,N,N,N,N,N,N,N,N,N,N,N,N,N,N,N,N,N,N,N,N,N,N,N,N,N,N
CEDNIK;SNAP29;SNAP-29,A,N,N,N,N,N,N,A,N,N,N,N,N,N,A,N,A,N,N,N,A,N,N,N,N,A,N,N,N,N,A,N
STX6,A,A,A,N,N,N,N,N,A,N,N,A,N,N,A,A,N,N,N,A,A,N,N,A,N,N,A,N,N,N,A,A
hsyn10;SYN10;STX10,A,A,A,N,N,N,N,N,A,N,N,A,N,N,A,A,N,N,N,A,A,N,N,A,N,N,A,N,N,N,A,A
STX16;SYN16,N,A,A,N,A,A,A,A,A,N,A,A,A,N,A,A,N,N,A,N,A,N,N,A,N,N,N,A,N,A,N,A
STX19,N,A,A,N,A,N,A,A,A,N,N,A,A,N,A,A,N,N,A,N,A,N,N,A,N,N,N,A,N,A,N,A
HPLH4;HLH4;STX11;FHL4,N,A,A,N,A,N,A,A,A,N,N,A,A,N,A,A,N,N,A,N,A,N,N,A,N,N,N,A,N,A,N,A
VTI2;VTI1;vti1-rp1;VTI1B;VTI1-LIKE;VTI1L;v-SNARE,A,A,A,N,A,A,N,N,A,N,A,A,A,A,A,A,A,N,A,A,A,N,A,A,N,N,A,N,N,A,N,N
MMDS3;MVti1;Vti1-rp2;VTI1A;VTI1RP2,A,A,A,N,A,A,N,N,A,N,A,A,A,A,N,A,A,N,A,A,A,N,A,A,N,N,A,N,N,A,N,N
CARB;STX8,A,A,A,N,A,N,A,A,A,N,N,A,N,N,A,A,A,A,N,N,A,A,A,A,N,A,N,N,N,N,A,A
STX7,N,A,A,N,A,A,A,A,A,N,A,A,A,N,A,A,N,N,A,N,A,N,N,A,N,N,N,A,N,A,N,A
VAMP-4;VAMP4;VAMP24,A,A,A,N,N,N,A,A,A,N,A,A,A,A,A,N,N,A,A,A,A,A,N,N,N,A,A,A,N,A,A,A
VAMP5,A,A,A,N,N,N,A,A,A,N,A,A,A,A,A,N,N,A,A,A,A,A,N,N,N,A,A,A,N,A,A,A
SNAP23A;SNAP23B;SNAP23;HsT17016;SNAP-23,A,N,A,N,N,A,N,A,N,N,N,A,N,N,A,N,A,N,N,N,A,A,N,N,N,A,N,A,N,A,A,A
GEFSP9;STX1B;STX1B1;STX1B2,N,A,A,N,A,N,A,A,A,N,N,A,A,N,A,A,N,N,A,N,A,N,N,A,N,N,N,A,N,A,N,A
EPIM;STX2A;STX2;STX2B;STX2C;EPM,N,A,A,N,A,N,A,A,A,N,N,A,A,N,A,A,N,N,A,N,A,N,N,A,N,N,N,A,N,A,N,A
STX1A;P35-1;SYN1A;STX1;HPC-1,N,A,A,N,A,N,A,A,A,N,N,A,A,N,A,A,N,N,A,N,A,N,N,A,N,N,N,A,N,A,N,A
STX3A;STX3,N,A,A,N,A,N,A,A,A,N,N,A,A,N,A,A,N,N,A,N,A,N,N,A,N,N,N,A,N,A,N,A
STX4A;STX4;p35-2,N,A,A,N,A,N,A,A,A,N,N,A,A,N,A,A,N,N,A,N,A,N,N,A,N,N,N,A,N,A,N,A
EDB;VAMP8;VAMP-8,A,A,A,N,N,N,A,A,A,N,A,A,A,A,A,N,N,A,A,A,A,A,A,N,N,A,A,A,N,A,A,A
SPAX1;VAMP-1;SYB1;VAMP1,A,A,A,N,N,N,A,A,A,N,A,A,A,A,A,N,N,A,A,A,A,A,N,N,N,A,A,A,N,A,A,A
VAMP-2;VAMP2;SYB2,A,A,A,N,N,N,A,A,A,N,A,A,A,A,A,N,N,A,A,A,A,A,N,N,N,A,A,A,N,A,A,A
VAMP3;CEB,A,A,A,N,N,N,A,A,A,N,A,A,A,A,A,N,N,A,A,A,A,A,N,N,N,A,A,A,N,A,A,A
TI-VAMP;VAMP-7;SYBL1;TIVAMP;VAMP7,A,A,A,N,N,N,A,A,A,N,A,A,A,A,A,N,N,A,A,A,A,A,N,N,N,A,A,A,N,A,A,A
