APEXL2;APEX2;XTH2;APE2;ZGRF2,A,N,A,N,N,N,N,A,N,N,N,N,N,A,N,N,N,N,N,N,A,N,N,A,N,N,N,N,N,N,N,N
APE1;APEX;APEN;APE;HAP1;APEX1;REF1;APX,A,N,A,N,N,N,N,A,N,N,N,N,N,A,N,N,N,N,N,N,A,N,N,A,N,N,N,N,N,N,N,N
MF1;FEN-1;FEN1;RAD2,N,N,C,C,C,N,N,C,C,N,C,C,C,C,N,N,C,N,C,C,N,N,C,N,C,C,N,C,N,N,C,N
ADPRTL2;PARP-2;PARP2;pADPRT-2;ARTD2;ADPRT2;ADPRTL3,A,A,A,N,N,N,N,A,A,N,A,N,A,N,N,N,N,N,N,N,A,A,N,N,N,A,A,N,N,N,A,A
ADPRTL2;PARP3;IRT1;PADPRT-3;ARTD3;ADPRT3;ADPRTL3,A,A,A,N,N,N,N,A,A,N,A,N,A,N,N,N,N,N,N,N,A,A,N,N,N,A,A,N,N,N,A,A
PARP1;PARP-1;ADPRT;PPOL;PARP;ARTD1;ADPRT_1;pADPRT-1;ADPRT1,A,A,A,N,N,N,N,A,A,N,A,N,A,N,N,N,N,N,N,N,A,A,N,N,N,A,A,N,N,N,A,A
PARPL;PARP4;VPARP;ARTD4;ADPRTL1;VAULT3;PARP-4;p193;VWA5C;PH5P,A,A,A,N,N,N,N,A,A,N,A,N,A,A,N,N,N,A,N,N,A,N,N,N,N,A,A,A,N,N,A,A
LIG1,N,N,N,N,N,N,N,N,A,N,A,N,A,N,N,N,N,N,N,N,N,A,N,N,N,A,N,N,N,N,N,A
LIG3;LIG2,A,A,A,N,N,N,N,A,A,N,A,N,A,N,N,N,N,N,N,N,N,A,N,N,N,A,N,N,N,N,N,A
YBL1;p17;POLE3;CHRAC17;CHARAC17,A,A,A,N,N,A,N,N,A,N,A,A,A,N,A,N,N,A,N,N,A,N,A,N,A,A,A,A,N,N,A,A
POLE1;FILS;CRCS12;POLE,N,N,N,N,N,N,N,N,N,N,N,N,N,N,N,N,N,N,N,N,N,N,N,N,N,N,N,N,N,N,N,N
DPE2;POLE2,A,A,A,N,A,N,A,A,N,N,A,A,A,A,A,A,A,N,N,N,A,A,N,A,A,A,A,N,A,A,N,A
POLE4;p12;YHHQ1,A,A,A,A,A,A,A,A,A,N,A,N,A,A,A,A,A,A,A,A,A,N,A,A,A,A,A,A,A,A,A,A
POLD3;P68;P66;PPP1R128,A,N,N,N,N,N,N,N,A,N,N,N,N,A,N,N,N,N,N,N,N,N,N,N,N,N,N,N,N,N,A,N
MDPL;POLD;POLD1;CRCS10;CDC2,N,A,N,A,N,N,A,N,A,N,A,A,A,N,N,N,N,N,N,A,N,N,N,N,N,N,N,N,N,N,A,A
POLD2,N,N,N,N,A,N,N,A,N,N,A,N,N,A,N,A,N,A,A,N,N,N,A,N,N,A,A,A,N,A,A,N
POLD4;POLDS;p12,N,N,A,N,N,A,N,A,A,N,A,N,N,A,N,A,A,N,A,N,A,A,N,A,N,N,N,N,N,N,A,N
POLB,N,N,N,N,N,N,N,N,N,N,N,N,N,N,N,N,N,N,N,N,N,N,N,N,N,N,N,N,N,N,N,N
ATLD2;PCNA,C,C,N,N,N,N,N,C,C,N,N,C,N,N,N,N,N,N,N,N,N,N,C,N,N,N,N,C,C,N,N,N
MYH;MUTYH,N,N,N,N,N,N,N,N,N,N,N,N,N,N,N,N,N,N,N,N,N,N,N,N,N,N,N,N,N,N,N,N
UNG2;UDG;HIGM5;UNG1;UNG15;HIGM4;UNG;DGU,A,A,A,N,A,N,N,A,A,N,A,N,A,N,A,N,A,N,A,N,A,N,A,A,A,A,A,A,A,N,A,A
NTH1;hNTH1;NTHL1;FAP3;OCTS3,N,N,N,N,N,N,N,N,N,N,N,N,N,N,N,N,N,N,N,N,N,N,N,N,N,N,N,N,N,N,N,N
RCC;SCAR26;XRCC1,N,N,N,N,N,N,N,N,N,N,N,N,N,N,N,N,N,N,N,N,N,N,N,N,N,N,N,N,N,N,N,N
HMG3;HMGB1;SBP-1;HMG-1;HMG1,A,A,A,A,A,A,A,A,A,N,A,A,A,A,A,A,A,A,A,A,A,A,A,A,A,A,A,A,A,A,A,A
POLL;BETAN;POLKAPPA,N,N,N,N,N,N,N,N,N,N,N,N,N,N,N,N,N,N,N,N,N,N,N,N,N,N,N,N,N,N,N,N
NEI2;NEIL2;NEH2,N,N,N,N,N,N,N,N,N,N,N,N,N,N,N,N,N,N,N,N,N,N,N,N,N,N,N,N,N,N,N,N
MUTM;OGH1;HMMH;OGG1;HOGG1,N,N,N,N,N,N,N,N,N,N,N,N,N,N,N,N,N,N,N,N,N,N,N,N,N,N,N,N,N,N,N,N
MBD4;MED1,N,N,N,N,N,N,N,N,A,N,A,N,N,N,N,N,N,A,N,N,A,N,N,N,N,N,N,N,N,N,A,N
CRA36.1;ADPG;Mid1;MPG;APNG;anpg;MDG;AAG;PIG16;PIG11,N,N,N,N,N,N,N,N,N,N,N,N,N,N,N,N,N,N,N,N,N,N,N,N,N,N,N,N,N,N,N,N
UNG3;SMUG1;HMUDG;FDG,N,N,N,N,N,N,N,N,N,N,N,N,N,N,N,N,N,N,N,N,N,N,N,N,N,N,N,N,N,N,N,N
NEIL1;FPG1;NEI1;hFPG1,N,N,N,N,N,N,N,N,N,N,N,N,N,N,N,N,N,N,N,N,N,N,N,N,N,N,N,N,N,N,N,N
NEI3;FPG2;NEIL3;FGP2;hNEI3;ZGRF3;hFPG2,N,N,N,N,N,N,N,N,N,N,N,N,N,N,N,N,N,N,N,N,N,N,N,N,N,N,N,N,N,N,N,N
hTDG;TDG,N,N,N,N,N,N,N,N,N,N,N,N,N,N,N,N,N,N,N,N,N,N,N,N,N,N,N,N,N,N,N,N
