SMAD4;MADH4;MYHRS;DPC4;JIP,N,N,N,N,N,N,N,N,N,N,N,N,N,N,N,N,N,N,N,N,N,N,N,N,N,N,N,N,N,N,N,N
CDH1;Arc-1;UVO;ECAD;CD324;LCAM;CDHE,A,A,A,A,N,N,N,A,N,N,N,A,A,N,A,N,A,N,A,N,A,A,N,N,A,A,A,A,A,N,A,N
CTNNA1;MDPT2;CAP102,N,N,N,N,N,N,N,N,N,N,N,N,N,N,N,N,N,N,N,N,N,N,N,N,N,N,N,N,N,N,N,N
CAPR;CT114;CTNNA2;CAP-R;CTNR,N,N,N,N,N,N,N,N,N,N,N,N,N,N,N,N,N,N,N,N,N,N,N,N,N,N,N,N,N,N,N,N
CTNNA3;VR22;ARVD13,N,N,N,N,N,N,N,N,N,N,N,N,N,N,N,N,N,N,N,N,N,N,N,N,N,N,N,N,N,N,N,N
p120(CAS);P120CTN;P120CAS;p120;p120(CTN);CTNND1;CAS;CTNND,A,A,A,N,A,A,N,A,A,N,A,A,A,A,A,A,A,A,A,A,A,A,A,A,A,A,N,A,A,A,A,A
LEF-1;TCF1ALPHA;TCF10;LEF1;TCF7L3,A,A,A,N,N,N,N,A,A,N,A,A,A,A,A,A,A,A,A,A,A,A,A,A,A,A,A,A,A,A,A,A
TCF7;TCF-1,A,A,A,N,N,N,N,A,A,N,A,A,A,A,A,A,A,A,A,A,A,A,A,A,A,A,A,A,A,A,A,A
TCF-4;TCF7L2;TCF4,A,A,A,N,N,N,N,A,A,N,A,A,A,A,A,A,A,A,A,A,A,A,A,A,A,A,A,A,A,A,A,A
TCF-3;TCF7L1;TCF3,A,A,A,N,N,N,N,A,A,N,A,A,A,A,A,A,A,A,A,A,A,A,A,A,A,A,A,A,A,A,A,A
NLK,D,D,D,D,D,D,D,D,D,D,D,D,D,D,D,D,D,D,D,D,D,D,D,D,D,D,D,D,D,D,D,D
TAK1;FMD2;MAP3K7;TGF1a;MEKK7;CSCF,B,B,B,B,B,B,B,B,B,B,B,B,B,B,B,B,B,B,B,B,B,B,B,B,B,B,B,B,B,B,B,B
CBP;CREBBP;RSTS1;KAT3A;RSTS,A,A,A,A,A,A,A,A,A,N,A,A,A,A,A,A,A,A,A,A,A,A,A,A,A,A,A,A,A,A,A,A
p300;EP300;KAT3B;RSTS2,A,A,A,A,A,A,A,A,A,N,A,A,A,A,A,A,A,A,A,A,A,A,A,A,A,A,A,A,A,A,A,A
JV18-1;JV18;hSMAD2;SMAD2;MADR2;MADH2;hMAD-2,N,N,N,N,N,N,N,N,N,N,N,N,N,N,N,N,N,N,N,N,N,N,N,N,N,N,N,N,N,N,N,N
LDS3;LDS1C;JV15-2;MADH3;SMAD3;HSPC193;HsT17436,N,N,N,N,N,N,N,N,N,N,N,N,N,N,N,N,N,N,N,N,N,N,N,N,N,N,N,N,N,N,N,N
P61-YES;YES1;c-yes;HsT441;Yes,B,B,B,B,B,B,B,B,B,N,B,B,B,B,B,B,B,B,B,B,B,B,B,B,B,B,B,B,B,B,B,B
FYN;p59-FYN;SLK;SYN,B,B,B,B,B,B,B,B,B,B,B,B,B,B,B,B,B,B,B,B,B,B,B,B,B,B,B,B,B,B,B,B
FER;p94-Fer;PPP1R74;TYK3,B,B,B,B,B,B,B,B,B,N,B,B,B,B,B,B,B,B,B,B,B,B,B,B,B,B,B,B,B,B,B,B
SLUGH2;SNAIL1;SNAIL;SNAH;SNA;dJ710H13.1;SNAI1,N,N,N,N,N,N,N,N,N,N,N,N,N,N,N,N,N,N,N,N,N,N,N,N,N,N,N,N,N,N,N,N
SLUG;SLUGH;WS2D;SNAI2;SNAIL2;SLUGH1,N,N,N,N,N,N,N,N,N,N,N,N,N,N,N,N,N,N,N,N,N,N,N,N,N,N,N,N,N,N,N,N
p41;PRKM1;MAPK1;ERT1;P42MAPK;ERK-2;ERK2;MAPK2;p38;p41mapk;PRKM2;ERK;p42-MAPK;p40,D,D,D,D,D,D,D,D,D,D,D,D,D,D,D,D,D,D,D,D,D,D,D,D,D,D,D,D,D,D,D,D
ERT2;ERK1;p44-MAPK;HUMKER1A;P44ERK1;MAPK3;ERK-1;PRKM3;P44MAPK;p44-ERK1;HS44KDAP,D,D,D,D,D,D,D,D,D,D,D,D,D,D,D,D,D,D,D,D,D,D,D,D,D,D,D,D,D,D,D,D
AAT5;ACVRLK4;LDS1;MSSE;LDS1A;SKR4;LDS2A;ESS1;tbetaR-I;ALK-5;TGFR-1;TGFBR1;ALK5,B,B,B,B,B,B,B,B,B,B,B,B,B,B,B,B,B,B,B,B,B,B,B,B,B,B,B,B,B,B,B,B
MFS2;TGFR-2;TGFbeta-RII;RIIC;LDS2B;FAA3;TAAD2;TGFBR2;AAT3;LDS2;LDS1B,B,B,B,B,B,B,B,B,B,N,B,B,B,B,B,B,B,B,B,B,B,B,B,B,B,B,B,B,B,B,B,B
HRTFDS;ECCL;FLT2;CEK;KAL2;BFGFR;N-SAM;OGD;FGFR1;FLG;HH2;FGFR-1;bFGF-R-1;CD331;HBGFR;FLT-2;FGFBR,B,B,B,B,B,B,B,B,B,N,B,B,B,B,B,B,B,B,B,B,B,B,B,B,B,B,B,B,B,B,B,B
NISBD2;HER1;ERBB;PIG61;EGFR;ERBB1;mENA,B,B,B,B,B,B,B,B,B,B,B,B,B,B,B,B,B,B,B,B,B,B,B,B,B,B,B,B,B,B,B,B
NGL;CD340;HER-2/neu;HER2;TKR1;ERBB2;HER-2;MLN_19;NEU,D,D,D,D,D,D,D,D,D,D,D,D,D,D,D,D,D,D,D,D,D,D,D,D,D,D,D,D,D,D,D,D
DFNB97;HGFR;AUTS9;c-Met;RCCP2;MET,B,B,B,B,B,B,B,B,B,N,B,B,B,B,B,B,B,B,B,B,B,B,B,B,B,B,B,B,B,B,B,B
INSR;CD220;HHF5,B,B,B,B,B,B,B,B,B,N,B,B,B,B,B,B,B,B,B,B,B,B,B,B,B,B,B,B,B,B,B,B
JTK13;CD221;IGFIR;IGFR;IGF1R,B,B,B,B,B,B,B,B,B,N,B,B,B,B,B,B,B,B,B,B,B,B,B,B,B,B,B,B,B,B,B,B
CSNK2A1;CKII;Cka1;CK2A1;Cka2;OCNDS;CSNK2A3,D,D,D,D,D,D,D,D,D,D,D,D,D,D,D,D,D,D,D,D,D,D,D,D,D,D,D,D,D,D,D,D
CSNK2A2;CK2alpha';CSNK2A1;CK2A2,D,D,D,D,D,D,D,D,D,D,D,D,D,D,D,D,D,D,D,D,D,D,D,D,D,D,D,D,D,D,D,D
CSNK2B;G5A;CK2B;Ckb2;CSK2B;CK2N;Ckb1,A,A,A,N,N,A,N,A,A,N,A,A,A,A,N,A,A,A,N,A,A,N,A,N,A,A,A,A,A,N,N,A
CSNK2A1P;CSNK2A3,D,D,D,D,D,D,D,D,D,D,D,D,D,D,D,D,D,D,D,D,D,D,D,D,D,D,D,D,D,D,D,D
DEP1;HPTPeta;CD148;SCC1;R-PTP-ETA;PTPRJ,D,D,D,D,D,D,N,D,D,N,D,N,D,D,D,D,N,D,D,N,D,D,D,D,D,D,N,N,D,N,D,D
PTP-1C;SHP-1L;PTPN6;HCP;HPTP1C;SH-PTP1;HCPH;SHP-1;SHP1,D,D,D,D,D,D,N,D,D,N,D,N,D,D,D,D,N,D,D,N,D,D,D,D,D,D,N,N,D,N,D,D
PTP1B;PTPN1,D,D,D,D,D,D,N,D,D,N,D,N,D,D,D,D,N,D,D,N,D,D,D,D,D,D,N,N,D,N,D,D
LAR;PTPRF;BNAH2,D,D,D,D,D,D,D,D,D,N,D,D,D,D,D,D,D,D,D,N,D,D,D,D,D,D,N,N,D,N,D,D
PTPRB;R-PTP-BETA;VEPTP;HPTPB;PTPB;HPTP-BETA,D,D,D,D,D,D,N,D,D,N,D,D,D,D,D,D,N,D,D,N,D,D,D,D,D,D,N,N,D,N,D,D
PTPRM;RPTPU;PTPRL1;RPTPM;R-PTP-MU;hR-PTPu,D,D,D,D,D,D,N,D,D,N,D,N,D,D,D,D,N,D,D,N,D,D,D,D,D,D,N,N,D,N,D,D
ACP1;LMW-PTP;HAAP;LMWPTP,N,N,N,N,N,N,D,N,N,N,D,N,N,D,N,N,N,N,N,N,D,D,N,N,D,N,N,N,N,N,N,N
RHO12;RHOA;ARH12;ARHA;RHOH12,C,C,C,C,C,C,C,C,C,C,C,C,C,C,C,C,C,C,C,C,C,C,C,C,C,C,C,C,C,C,C,C
WAVE2;WASF4;SCAR2;WASF2;dJ393P12.2;IMD2,A,N,A,N,N,N,N,N,A,N,N,N,N,A,N,N,N,N,A,N,A,A,A,A,N,A,N,N,N,A,A,N
SCAR3;WASF3;Brush-1;WAVE3,A,N,A,N,N,N,N,N,A,N,N,N,N,A,N,N,N,N,A,N,N,A,N,A,N,A,N,N,N,N,A,N
SCAR1;WAVE1;WAVE;WASF1,A,N,A,N,N,N,N,N,A,N,N,N,N,A,N,N,N,N,A,N,A,A,A,A,N,A,N,N,N,A,A,N
BAP2;FLAF3;BAIAP2;IRSP53,N,N,N,N,N,N,N,N,N,N,N,N,N,N,N,N,N,N,N,N,N,N,N,N,N,N,N,N,N,N,N,N
WASP;THC1;WAS;SCNX;THC;WASPA;IMD2,N,A,A,N,N,N,N,A,A,N,A,N,A,A,N,N,N,N,N,A,A,A,N,N,N,N,N,N,N,N,A,N
NWASP;N-WASP;WASPB;WASL,N,B,B,N,N,N,N,B,B,N,B,B,B,B,B,N,N,N,N,B,B,B,N,B,N,N,N,N,N,N,B,N
RAC1;Rac-1;p21-Rac1;TC-25;MIG5,C,C,C,C,C,C,C,C,C,C,C,C,C,C,C,C,C,C,C,C,C,C,C,C,C,C,C,C,C,C,C,C
HSPC022;p21-Rac2;Gx;RAC2;EN-7,C,C,C,C,C,C,C,C,C,C,C,C,C,C,C,C,C,C,C,C,C,C,C,C,C,C,C,C,C,C,C,C
RAC3,C,C,C,C,C,C,C,C,C,C,C,C,C,C,C,C,C,C,C,C,C,C,C,C,C,C,C,C,C,C,C,C
TKS;CDC42;G25K;CDC42Hs,C,C,C,C,C,C,C,C,C,C,C,C,C,C,C,C,C,C,C,C,C,C,C,C,C,C,C,C,C,C,C,C
PS1TP5BP1;BRWS1;ACTB,D,D,D,D,D,D,D,D,D,N,D,D,D,D,D,D,D,D,D,D,D,D,D,D,N,D,D,D,D,D,D,D
ACT;ACTG;DFNA20;ACTG1;DFNA26;HEL-176,D,D,D,D,D,D,D,D,D,N,D,D,D,D,D,D,D,D,D,D,D,D,D,D,N,D,D,D,D,D,D,D
ZO-1;TJP1,N,A,A,N,N,N,N,N,N,N,A,N,N,A,N,A,N,N,N,N,A,A,N,N,N,A,N,N,N,N,A,A
HEL114;CMH15;VCL;MVCL;MV;CMD1W,N,N,N,N,N,N,N,N,N,N,N,N,N,N,N,N,N,N,N,N,N,N,N,N,N,N,N,N,N,N,N,N
R85FL;SH3P12;SORB1;CAP;SORBS1;FLAF2;SH3D5,A,A,A,N,A,N,N,N,A,N,A,N,A,A,A,N,A,N,A,A,A,A,A,A,A,A,A,A,A,A,A,A
ACTN4;ACTININ-4;FSGS;FSGS1,A,A,A,A,A,A,A,A,A,N,A,A,A,A,A,A,A,A,A,N,A,A,A,A,A,A,A,A,A,A,A,A
BDPLT15;ACTN1,A,A,A,A,A,A,A,A,A,N,A,A,A,A,A,A,A,A,A,N,A,A,A,A,A,A,A,A,A,A,A,A
SSX2IP;ADIP;hMsd1,N,N,N,N,N,N,N,N,N,N,N,N,N,N,N,N,N,N,N,N,N,N,N,N,N,N,N,N,N,N,N,N
FBXO20;LOMP;LMO7;FBX20;LMO7b,A,A,A,N,A,N,N,A,A,N,A,A,A,A,A,N,A,N,A,N,A,A,A,A,A,A,A,A,A,A,A,A
AF6;l-afadin;MLLT4;MLL-AF6;AFDN,A,N,A,A,N,A,N,A,A,N,A,N,A,A,A,N,A,A,N,A,A,A,A,A,N,A,A,A,N,N,A,A
EVR7;armadillo;CTNNB;CTNNB1;MRD19,A,A,A,A,A,A,A,A,A,N,A,A,A,A,A,A,A,A,A,A,A,A,A,A,A,A,A,A,A,A,A,A
SAR1;HUMORFA01;p195;IQGAP1,A,A,A,A,N,N,N,N,A,N,A,A,N,A,A,N,N,N,A,N,A,A,A,A,A,A,A,A,A,A,A,A
SRC1;THC6;c-SRC;ASV;p60-Src;SRC,B,B,B,B,B,B,B,B,B,B,B,B,B,B,B,B,B,B,B,B,B,B,B,B,B,B,B,B,B,B,B,B
CDW113;PVRL3;PRR3;NECTIN3;NECTIN-3;PPR3;PVRR3;CD113,N,N,N,N,N,N,N,N,N,N,N,N,N,N,N,N,N,N,N,N,N,N,N,N,N,N,N,N,N,N,N,N
ED4;OFC7;PRR1;nectin-1;CD111;SK-12;HIgR;PRR;PVRR1;HVEC;PVRL1;CLPED1;HV1S;NECTIN1;PVRR,N,N,N,N,N,N,N,N,N,N,N,N,N,N,N,N,N,N,N,N,N,N,N,N,N,N,N,N,N,N,N,N
PVRR2;PVRL2;CD112;HVEB;NECTIN2;PRR2,N,N,N,N,N,N,N,N,N,N,N,N,N,N,N,N,N,N,N,N,N,N,N,N,N,N,N,N,N,N,N,N
NECTIN4;PRR4;PVRL4;LNIR;EDSS1;nectin-4,N,N,N,N,N,N,N,N,N,N,N,N,N,N,N,N,N,N,N,N,N,N,N,N,N,N,N,N,N,N,N,N
PARD3;PARD3A;Baz;SE2-5T2;SE2-5L16;PARD-3;PPP1R118;SE2-5LT1;ASIP;PAR3;PAR3alpha,N,N,N,N,N,N,N,N,N,N,N,N,N,N,N,N,N,N,N,N,N,N,N,N,N,N,N,N,N,N,N,N
FARP2;PLEKHC3;FIR;FRG,A,A,A,A,A,N,A,N,A,N,A,A,A,A,A,A,A,A,A,A,A,A,A,A,A,A,A,A,A,A,A,A
