agps,A,N,A,N,A,N,N,N,A,N,A,N,N,N,N,N,N,N,N,N,N,N,N,N,N,N,N,N,N,N,N,N
captA,A,A,A,N,A,A,N,N,A,N,A,N,A,N,A,N,A,A,N,A,A,N,A,A,A,A,A,N,A,A,A,N
captC,A,A,A,N,A,A,N,N,A,N,A,N,A,N,A,N,A,A,N,A,A,N,A,A,A,A,A,N,A,A,A,N
captB,A,A,A,N,A,A,N,N,A,N,A,N,A,N,A,N,A,A,N,A,A,N,A,A,A,A,A,N,A,A,A,N
lis1,A,A,A,A,A,A,A,A,A,A,A,A,A,A,A,A,A,A,A,A,A,A,A,A,A,A,A,A,A,A,A,A
6,A,N,N,N,N,N,N,N,A,N,A,N,N,N,N,N,A,N,A,N,N,N,N,N,N,A,N,N,A,A,A,N
pldC,B,N,N,N,N,N,B,N,B,N,B,B,B,B,N,N,B,N,N,B,B,B,B,N,N,B,N,N,N,N,B,N
pldB,B,N,N,N,N,N,B,N,B,N,B,B,B,B,N,N,B,N,N,B,B,B,B,N,N,B,N,N,N,N,B,N
pldA,B,N,N,N,N,N,B,N,B,N,B,B,B,B,N,N,B,N,N,B,B,B,B,N,N,B,N,N,N,N,B,N
pldZ,N,N,N,N,N,N,N,N,N,N,N,N,N,N,N,N,N,N,N,N,N,N,N,N,N,N,N,N,N,N,N,N
pldY,N,N,N,N,N,N,N,N,N,N,N,N,N,N,N,N,N,N,N,N,N,N,N,N,N,N,N,N,N,N,N,N
