ARA24;Gsp1;RAN;TC4,C,C,C,C,C,C,C,C,C,C,C,C,C,C,C,C,C,C,C,C,C,C,C,C,C,C,C,C,C,C,C,C
emb;CRM1;exp1;XPO1,N,N,A,N,A,A,N,A,A,N,A,A,A,N,N,N,N,A,N,N,A,N,A,N,N,N,N,A,N,A,A,N
CGI-07;NMD3,N,N,N,A,A,A,N,A,N,N,A,N,N,N,N,N,A,N,N,N,N,N,A,A,N,N,A,A,N,N,A,N
SNORD3B-1;U3b1;RNU3A1;U3b2;U3a,N,N,N,N,N,N,N,N,N,N,N,N,N,N,N,N,N,N,N,N,N,N,N,N,N,N,N,N,N,N,N,N
SNORD3A;RNU3;U3,N,N,N,N,N,N,N,N,N,N,N,N,N,N,N,N,N,N,N,N,N,N,N,N,N,N,N,N,N,N,N,N
U3b2;SNORD3B-2;U3-2B,N,N,N,N,N,N,N,N,N,N,N,N,N,N,N,N,N,N,N,N,N,N,N,N,N,N,N,N,N,N,N,N
RNU3-3;U3-3;SNORD3C,N,N,N,N,N,N,N,N,N,N,N,N,N,N,N,N,N,N,N,N,N,N,N,N,N,N,N,N,N,N,N,N
MT-RNR1;MTRNR1;RNR1,N,N,N,N,N,N,N,N,N,N,N,N,N,N,N,N,N,N,N,N,N,N,N,N,N,N,N,N,N,N,N,N
MT-RNR2;MTRNR2;RNR2,N,N,N,N,N,N,N,N,N,N,N,N,N,N,N,N,N,N,N,N,N,N,N,N,N,N,N,N,N,N,N,N
RN5S1;RNA5S1,N,N,N,N,N,N,N,N,N,N,N,N,N,N,N,N,N,N,N,N,N,N,N,N,N,N,N,N,N,N,N,N
RNA5S2;RN5S2,N,N,N,N,N,N,N,N,N,N,N,N,N,N,N,N,N,N,N,N,N,N,N,N,N,N,N,N,N,N,N,N
RNA5S3;RN5S3,N,N,N,N,N,N,N,N,N,N,N,N,N,N,N,N,N,N,N,N,N,N,N,N,N,N,N,N,N,N,N,N
RNA5S4;RN5S4,N,N,N,N,N,N,N,N,N,N,N,N,N,N,N,N,N,N,N,N,N,N,N,N,N,N,N,N,N,N,N,N
RNA5S5;RN5S5,N,N,N,N,N,N,N,N,N,N,N,N,N,N,N,N,N,N,N,N,N,N,N,N,N,N,N,N,N,N,N,N
RNA5S6;RN5S6,N,N,N,N,N,N,N,N,N,N,N,N,N,N,N,N,N,N,N,N,N,N,N,N,N,N,N,N,N,N,N,N
RN5S7;RNA5S7,N,N,N,N,N,N,N,N,N,N,N,N,N,N,N,N,N,N,N,N,N,N,N,N,N,N,N,N,N,N,N,N
RNA5S8;RN5S8,N,N,N,N,N,N,N,N,N,N,N,N,N,N,N,N,N,N,N,N,N,N,N,N,N,N,N,N,N,N,N,N
RNA5S9;RN5S9,N,N,N,N,N,N,N,N,N,N,N,N,N,N,N,N,N,N,N,N,N,N,N,N,N,N,N,N,N,N,N,N
RNA5S10;RN5S10,N,N,N,N,N,N,N,N,N,N,N,N,N,N,N,N,N,N,N,N,N,N,N,N,N,N,N,N,N,N,N,N
RN5S11;RNA5S11,N,N,N,N,N,N,N,N,N,N,N,N,N,N,N,N,N,N,N,N,N,N,N,N,N,N,N,N,N,N,N,N
RN5S12;RNA5S12,N,N,N,N,N,N,N,N,N,N,N,N,N,N,N,N,N,N,N,N,N,N,N,N,N,N,N,N,N,N,N,N
RNA5S13;RN5S13,N,N,N,N,N,N,N,N,N,N,N,N,N,N,N,N,N,N,N,N,N,N,N,N,N,N,N,N,N,N,N,N
RNA5S14;RN5S14,N,N,N,N,N,N,N,N,N,N,N,N,N,N,N,N,N,N,N,N,N,N,N,N,N,N,N,N,N,N,N,N
RN5S15;RNA5S15,N,N,N,N,N,N,N,N,N,N,N,N,N,N,N,N,N,N,N,N,N,N,N,N,N,N,N,N,N,N,N,N
RNA5S16;RN5S16,N,N,N,N,N,N,N,N,N,N,N,N,N,N,N,N,N,N,N,N,N,N,N,N,N,N,N,N,N,N,N,N
RNA5S17;RN5S17,N,N,N,N,N,N,N,N,N,N,N,N,N,N,N,N,N,N,N,N,N,N,N,N,N,N,N,N,N,N,N,N
MFD1;TCS;treacle;TCOF1;TCS1,N,N,N,N,N,N,N,N,N,N,N,N,N,N,N,N,N,N,N,N,N,N,N,N,N,N,N,N,N,N,N,N
15.5K;FA-1;SNU13;SNRNP15-5;SPAG12;NHP2L1;OTK27;NHPX;SSFA1;FA1,C,C,C,C,C,N,C,N,C,C,C,C,C,C,C,C,N,C,C,C,C,C,C,C,C,C,C,C,C,C,C,C
NOP5/NOP58;NOP58;NOP5;HSPC120,C,C,C,C,C,C,C,C,C,C,C,C,C,C,C,C,C,C,C,C,C,C,C,C,C,C,C,C,C,C,C,C
NOL5A;NOP56;SCA36,C,C,C,C,C,C,C,C,C,C,C,C,C,C,C,C,C,C,C,C,C,C,C,C,C,C,C,C,C,C,C,C
RNU3IP1;FBL;FLRN;Nop1;FIB,D,N,D,D,D,D,D,D,D,D,D,N,D,D,D,D,D,D,D,N,D,D,D,D,N,N,D,D,N,D,D,D
DKCB1;NOLA3;NOP10;NOP10P,N,N,N,N,N,N,N,N,N,N,N,N,N,N,N,N,N,N,N,N,N,N,N,N,N,N,N,N,N,N,N,N
NHP2;DKCB2;NOLA2;NHP2P,C,C,C,C,C,N,C,N,C,C,C,C,C,C,C,C,N,C,C,C,C,C,C,C,C,C,C,C,C,C,C,C
NOLA1;GAR1,C,C,C,C,C,N,N,N,C,N,C,C,C,C,C,C,C,C,C,N,C,C,N,C,C,N,C,N,C,C,C,C
CBF5;XAP101;NAP57;NOLA4;DKC1;DKCX;DKC,A,A,N,N,N,N,A,N,N,N,N,N,N,A,N,N,N,A,A,N,A,N,A,N,A,N,N,N,N,A,N,A
Bka;CGI-35;C14orf111;UTP24;FCF1,C,C,C,C,C,N,C,N,C,N,N,C,C,N,N,N,C,N,C,N,N,N,N,C,C,N,C,N,N,C,N,C
RNASE3L;RNASEN;RANSE3L;RN3;HSA242976;DROSHA;ETOHI2,N,B,B,N,N,N,N,N,B,N,N,N,N,N,N,B,N,N,N,N,N,N,N,N,B,N,N,N,N,N,B,B
NAT10;Kre33;ALP;NET43,A,A,A,A,N,N,N,N,N,A,N,A,N,N,A,N,A,N,A,A,A,N,N,A,N,A,N,N,A,A,A,N
NYCO16;Utp14;dJ537K23.3;SDCCAG16;UTP14A,A,N,A,N,A,A,A,N,A,N,N,N,N,A,N,A,A,A,N,A,A,N,N,A,N,A,A,A,N,A,A,N
2700066J21Rik;KIAA0266;UTP14C;UTP14B,A,N,A,N,A,A,A,N,A,N,N,N,N,A,N,A,A,A,N,A,A,N,N,A,N,A,A,A,N,A,A,N
BMS1L;ACC;BMS1,A,A,A,A,A,A,A,A,A,N,A,A,A,A,A,A,A,A,A,N,A,A,A,A,A,A,N,A,A,A,A,N
RNAC;RCL1;RPCL1,N,N,N,N,N,N,N,N,N,N,N,N,N,N,N,N,N,N,N,N,N,N,N,N,N,N,N,N,N,N,N,N
RPP20;RPP2;POP7;0610037N12Rik,N,N,N,N,N,N,N,N,N,N,N,N,N,N,N,N,N,N,N,N,N,N,N,N,N,N,N,N,N,N,N,N
TSG15;RPP30,A,A,A,N,A,N,A,N,A,N,A,A,N,A,A,N,N,N,N,A,N,N,A,N,A,A,N,A,A,N,A,N
RPP38,N,N,N,N,N,N,N,N,C,N,C,N,N,C,N,N,N,N,C,N,C,N,N,N,N,C,C,N,C,N,C,N
RPP29;POP4,A,N,N,N,N,N,N,A,A,N,A,A,N,A,A,N,N,N,N,N,N,N,A,A,A,A,N,N,N,N,A,A
bA428J1.3;RPP40;RNASEP1,N,N,N,N,N,N,N,N,N,N,N,N,N,N,N,N,N,N,N,N,N,N,N,N,N,N,N,N,N,N,N,N
POP1;ANXD2,N,N,N,N,N,N,N,N,N,N,N,N,N,N,N,N,N,N,N,N,N,N,N,N,N,N,N,N,N,N,N,N
bA296L22.5;C9orf23;RPP25L,N,A,N,N,N,N,N,N,A,N,A,N,N,N,N,N,A,N,N,N,A,N,N,N,A,N,N,N,N,N,N,N
RPP20;HSPC004;hPop5;RPP2;POP5,N,N,N,N,N,N,N,N,N,N,N,N,N,N,N,N,N,N,N,N,N,N,N,N,N,N,N,N,N,N,N,N
RPP25,N,A,N,N,N,N,N,N,A,N,A,N,N,N,N,N,A,N,N,N,A,N,N,N,A,N,N,N,N,N,N,N
XRN2,A,A,A,A,A,A,A,N,A,A,A,A,A,A,A,A,A,A,A,A,A,A,A,A,A,N,N,A,N,A,A,A
SEP1;XRN1,A,A,A,A,A,A,A,N,A,A,A,A,A,A,A,A,A,A,A,A,A,A,A,A,A,N,N,A,N,A,A,A
CRFG;GTPBP4;NOG1;NGB,N,N,N,N,N,N,N,N,N,N,N,N,N,N,N,N,N,N,N,N,N,N,N,N,N,N,N,N,N,N,N,N
GNL3;C77032;NS;E2IG3;NNP47,N,C,C,N,C,C,C,N,N,C,C,C,C,C,N,C,N,C,C,C,N,C,C,C,C,N,C,C,C,C,C,C
NGP1;Nug2;Nog2;HUMAUANTIG;GNL2;Ngp-1,N,C,C,N,C,C,C,C,C,C,C,C,C,C,N,C,N,C,C,C,N,C,C,C,C,N,C,C,C,C,C,C
GNL3L;GNL3B,N,C,C,N,C,C,C,C,C,C,C,C,C,C,N,C,N,C,C,C,N,C,C,C,C,N,C,C,C,C,C,C
Rea1;MDN1,N,A,A,A,N,N,N,N,A,N,N,N,N,N,N,N,N,N,N,N,N,N,N,N,A,N,N,A,N,N,N,N
NVL;NVL2,D,D,D,D,D,D,D,D,D,D,D,D,D,D,D,D,D,D,D,D,D,D,D,D,D,D,D,D,D,D,D,D
60,A,A,N,N,A,A,N,A,A,N,A,A,N,N,N,N,N,A,A,A,N,A,A,A,A,A,N,A,A,A,A,N
61,A,A,N,N,A,A,N,A,A,N,A,A,N,N,N,N,N,A,A,A,N,A,A,A,A,A,N,A,A,A,A,N
62,A,A,N,N,A,A,N,A,A,N,A,A,N,N,N,N,N,A,A,A,N,A,A,A,A,A,N,A,A,A,A,N
63,A,A,N,N,A,A,N,A,A,N,A,A,N,N,N,N,N,A,A,A,N,A,A,A,A,A,N,A,A,A,A,N
SFN;CGI-114;REX2;RFN;REXO2,A,N,N,N,N,N,N,N,N,N,A,N,N,N,N,N,A,N,N,N,N,N,A,A,N,A,N,N,N,N,A,N
REX1;TCEB3BP1;ELOABP1;EloA-BP1;REXO1,A,A,N,N,A,A,N,A,A,N,A,A,N,N,N,N,N,A,A,A,N,A,A,A,A,A,N,A,A,A,A,N
NEF-sp;REXO5,A,A,N,N,A,A,N,A,A,N,A,A,N,N,N,N,N,A,A,A,N,A,A,A,A,A,N,A,A,A,A,N
TAP;NXF1;MEX67,N,N,N,N,A,N,N,N,N,N,A,N,N,N,A,N,N,N,N,N,N,N,N,N,N,A,N,N,A,N,A,A
NXF5,N,N,N,N,A,N,N,N,N,N,A,N,N,N,A,N,N,N,N,N,N,N,N,N,N,A,N,N,A,N,A,A
NXF3,N,N,N,N,A,N,N,N,N,N,A,N,N,N,A,N,N,N,N,N,N,N,N,N,N,A,N,N,A,N,A,A
TAPL-2;TCP11X2;CT39;NXF2,N,N,N,N,A,N,N,N,N,N,A,N,N,N,A,N,N,N,N,N,N,N,N,N,N,A,N,N,A,N,A,A
NXF2B;bA353J17.1;TCP11X1,N,N,N,N,A,N,N,N,N,N,A,N,N,N,A,N,N,N,N,N,N,N,N,N,N,A,N,N,A,N,A,A
P15;NXT1;MTR2,A,A,N,N,A,N,N,A,A,N,N,N,A,A,N,N,A,N,N,A,A,A,N,N,N,A,N,A,N,N,A,N
NXT2;P15-2,A,A,N,N,A,N,N,A,A,N,N,N,A,A,N,N,A,N,N,A,A,A,N,N,N,A,N,A,N,N,A,N
CT90;PPP1R106;MPP10;MPHOSPH10;MPP10P,A,N,N,A,N,N,N,A,N,N,A,N,N,N,N,N,A,A,N,A,N,N,N,N,A,A,N,N,N,N,N,A
75,N,N,N,N,N,N,N,N,N,N,N,N,N,N,N,N,N,N,N,N,N,N,N,N,N,N,N,N,N,N,N,N
BXDC4;IMP4,A,A,N,N,A,N,N,A,A,A,A,A,N,A,A,N,N,N,N,A,N,A,N,A,A,A,N,A,N,N,A,A
MRPS4;BRMS2;IMP3;C15orf12,A,N,N,A,N,N,N,A,A,N,N,N,N,N,N,N,N,N,N,N,A,N,N,N,N,N,A,N,N,N,N,N
WDR75;UTP17;NET16,A,A,A,N,A,N,N,A,N,N,A,N,N,A,A,N,N,N,N,N,A,N,A,N,N,A,N,N,A,N,N,N
UTP15;NET21,A,A,A,A,A,A,A,A,A,N,A,A,A,A,A,A,A,A,A,A,A,A,A,A,A,A,A,A,A,A,A,A
CIRH1A;CIRHIN;NAIC;UTP4;TEX292,A,N,N,N,N,A,N,N,N,N,A,A,N,A,N,N,N,N,N,N,N,N,A,A,N,A,N,A,N,N,A,N
UTP10;BAP28;HEATR1,N,N,A,N,N,N,N,N,A,N,N,N,N,N,N,N,N,A,N,A,A,N,A,A,N,N,A,N,A,N,N,N
UTP5;WDR43;NET12,N,N,N,N,A,N,A,N,N,N,A,A,N,A,N,A,N,N,N,N,N,A,A,A,N,N,N,N,N,N,N,A
UTP18;WDR50;CGI-48,A,N,N,N,N,N,A,A,N,N,A,N,N,A,N,A,N,N,N,A,N,N,A,A,A,A,N,A,N,N,N,A
UTP13;SAZD;TBL3,A,A,A,A,A,A,A,A,A,A,A,A,A,A,A,A,A,A,A,A,A,A,A,A,A,A,A,A,A,A,A,A
C17orf40;HCA66;UTP6,A,N,A,N,A,N,N,A,A,N,A,A,A,A,A,A,A,A,A,A,A,N,A,A,N,A,N,N,A,N,N,A
PWP2;EHOC-17;PWP2H;UTP1,A,A,A,A,A,A,A,A,A,A,A,A,A,A,A,A,A,A,A,A,A,A,A,A,A,A,A,A,A,A,A,A
GLC1G;TAWDRP;TA-WDRP;UTP21;WDR36,A,A,A,N,A,N,A,A,A,A,A,N,A,A,A,A,A,N,A,A,A,A,A,A,A,A,N,A,A,N,A,A
UTP12;DIP2;WDR3,A,A,A,A,A,A,A,A,A,A,A,A,A,A,A,A,A,A,A,A,A,A,A,A,A,A,A,A,A,A,A,A
CSNK2A1;CKII;Cka1;CK2A1;Cka2;OCNDS;CSNK2A3,D,D,D,D,D,D,D,D,D,D,D,D,D,D,D,D,D,D,D,D,D,D,D,D,D,D,D,D,D,D,D,D
CSNK2A2;CK2alpha';CSNK2A1;CK2A2,D,D,D,D,D,D,D,D,D,D,D,D,D,D,D,D,D,D,D,D,D,D,D,D,D,D,D,D,D,D,D,D
CSNK2A1P;CSNK2A3,D,D,D,D,D,D,D,D,D,D,D,D,D,D,D,D,D,D,D,D,D,D,D,D,D,D,D,D,D,D,D,D
CSNK2B;G5A;CK2B;Ckb2;CSK2B;CK2N;Ckb1,A,A,A,N,N,A,N,A,A,N,A,A,A,A,N,A,A,A,N,A,A,N,A,N,A,A,A,A,A,N,N,A
bA311H10.1;UTP22;NRAP;NOL6,N,N,N,N,A,N,N,A,N,N,N,N,N,N,N,N,A,N,N,N,N,N,N,A,A,N,N,N,N,N,N,N
LSG1,N,C,C,N,C,C,C,C,C,C,C,C,C,C,N,C,N,C,C,C,N,C,C,C,C,N,C,C,C,C,C,C
EFL1;HsT19294;FAM42A;RIA1;EFTUD1,N,B,N,N,B,B,N,N,B,N,B,B,B,N,N,B,B,N,N,B,B,N,B,B,N,B,B,B,N,B,B,N
Rrp7;RRP7A;CGI-96;BK126B4.3,N,N,N,N,N,N,N,N,N,N,N,N,N,N,N,N,N,N,N,N,N,N,N,N,N,N,N,N,N,N,N,N
RIOK1;bA288G3.1;RRP10;AD034,N,N,N,N,N,N,N,N,N,N,N,N,N,N,N,N,N,N,N,N,N,N,N,N,N,N,N,N,N,N,N,N
SPAF;SPATA5;EHLMRS;AFG2,D,D,D,D,D,D,D,D,D,D,D,D,D,D,D,D,D,D,D,D,D,D,D,D,D,D,D,D,D,D,D,D
RIOK2;RIO2,N,N,N,N,N,N,N,N,N,N,N,N,N,N,N,N,N,N,N,N,N,N,N,N,N,N,N,N,N,N,N,N
AD-004;AK6;CINAP;hCINAP;CGI-137;CIP,N,N,N,N,N,N,N,N,N,N,N,N,N,N,N,N,N,N,N,N,N,N,N,N,N,N,N,N,N,N,N,N
CHH;NME1;RMRP;RMRPR;RRP2,N,N,N,N,N,N,N,N,N,N,N,N,N,N,N,N,N,N,N,N,N,N,N,N,N,N,N,N,N,N,N,N
b(2)gcn;eIF-6;EIF3A;ITGB4BP;p27(BBP);CAB;p27BBP;EIF6,N,C,C,N,N,C,C,N,C,C,C,N,C,C,N,C,C,C,C,C,C,C,N,N,C,C,C,C,N,C,C,C
NEP1;C2F;EMG1;Grcc2f,C,N,C,C,N,N,N,N,C,N,C,N,C,N,N,N,N,C,C,C,C,N,N,N,N,N,C,N,N,C,C,N
CGI-97;SDS;SWDS;SBDS,D,N,N,D,N,N,D,N,N,N,N,N,D,D,N,N,N,D,N,N,N,N,N,N,N,D,N,N,N,N,N,N
ANES;RBM28,A,A,A,A,A,A,A,A,A,A,A,A,A,A,A,A,A,A,A,A,A,A,A,A,N,A,A,A,A,A,A,A
ART-4;PSMD8BP1;NOB1P;NOB1;MST158;MSTP158,N,N,N,N,N,N,N,N,N,N,N,N,N,N,N,N,N,N,N,N,N,N,N,N,N,N,N,N,N,N,N,N
