TFB2;P52;TFIIH;GTF2H4,A,N,N,A,A,N,A,N,N,A,N,N,A,N,A,N,N,N,N,N,N,N,N,A,A,A,N,A,A,A,N,A
P34;BTF2;TFIIH;GTF2H3;TFB4,N,A,A,N,N,N,A,N,A,N,A,N,N,A,N,N,A,N,N,N,N,N,N,A,A,N,N,A,A,N,A,N
T-BTF2P44;BTF2P44;BTF2;TFIIH;p44;GTF2H2,A,A,A,N,A,A,A,N,A,N,N,N,N,N,N,A,A,A,N,N,N,N,A,N,N,N,N,A,A,A,A,A
GTF2H2C;GTF2H2C_2,A,A,A,N,A,A,A,N,A,N,N,N,N,N,N,A,A,A,N,N,N,N,A,N,N,N,N,A,A,A,A,A
GTF2H2D;GTF2H2C_2,A,A,A,N,A,A,A,N,A,N,N,N,N,N,N,A,A,A,N,N,N,N,A,N,N,N,N,A,A,A,A,A
P62;TFB1;BTF2;TFIIH;GTF2H1,N,A,A,N,N,A,N,N,N,N,A,A,N,N,N,N,N,N,N,N,A,N,N,A,N,N,N,N,N,N,N,N
TTD;ERCC2;XPD;TFIIH;TTD1;EM9;COFS2,C,N,C,N,C,C,N,N,C,N,C,C,N,N,C,C,N,C,C,N,C,N,C,N,N,C,C,N,N,N,C,C
GTF2H5;TTD;TTD-A;TFIIH;TFB5;TTDA;TTD3;bA120J8.2;TGF2H5;C6orf175,A,A,A,N,N,A,N,N,A,N,N,A,A,N,N,A,N,N,A,N,A,N,N,A,A,A,N,A,N,N,A,A
GTF2H;BTF2;TFIIH;XPB;RAD25;TTD2;ERCC3,N,N,N,N,A,N,N,N,N,N,A,N,N,N,N,N,N,N,N,A,N,N,N,N,N,N,N,N,N,N,N,A
p34;CCNH;CAK;CycH;p37,N,A,N,N,N,N,N,N,A,N,A,A,N,A,N,N,N,N,N,N,A,N,N,N,A,N,N,A,N,N,A,A
CAP35;TFB3;RNF66;MNAT1;MAT1,B,B,B,N,N,B,B,B,B,N,B,N,B,N,N,N,N,N,B,N,N,N,B,N,B,B,N,N,N,N,N,N
MO15;CAK1;CAK;STK1;p39MO15;CDKN7;HCAK;CDK7,D,D,D,D,D,D,D,D,D,D,D,D,D,D,D,D,D,D,D,D,D,D,D,D,D,D,D,D,D,D,D,D
DDB1;XPCE;UV-DDB1;XPE;XPE-BF;XAP1;DDBA,A,A,A,N,N,A,N,N,A,A,A,A,N,A,A,A,A,A,A,A,N,N,A,A,N,A,A,A,A,N,A,N
MRXSC;SFM2;MRXS15;CUL4B;CUL-4B;MRXHF2,A,A,A,N,A,A,A,A,A,N,A,A,A,A,A,A,A,A,A,A,A,N,A,A,N,A,N,A,N,N,A,A
CUL4A,A,A,A,N,A,A,A,A,A,N,A,A,A,A,A,A,A,A,A,A,A,N,A,A,N,A,N,A,N,N,A,A
RNF75;RBX1;BA554C12.1;ROC1,A,A,A,A,A,N,A,N,A,N,A,A,A,N,A,A,A,A,A,A,A,A,A,A,A,A,N,A,N,A,A,A
LIG1,N,N,N,N,N,N,N,N,A,N,A,N,A,N,N,N,N,N,N,N,N,A,N,N,N,A,N,N,N,N,N,A
RFC140;RFC1;MHCBFB;RECC1;RFC;PO-GA;A1,N,A,A,A,N,N,N,N,N,N,A,A,A,N,A,A,A,A,A,N,A,N,N,N,N,N,A,A,N,A,A,N
RFC40;RFC2,N,A,N,A,N,N,N,N,N,N,A,N,A,N,A,A,A,A,N,N,N,N,N,N,N,N,A,A,N,N,N,N
RFC3;RFC38,N,N,N,N,N,N,N,N,N,N,N,N,N,N,N,N,N,N,N,N,N,N,N,N,N,N,N,N,N,N,N,N
RFC37;RFC4;A1,N,A,A,A,N,N,N,N,N,N,A,A,A,N,A,A,A,A,A,N,A,N,N,N,N,N,A,A,N,A,A,N
RFC36;RFC5,N,A,A,A,N,N,N,N,N,N,A,A,A,N,A,A,A,A,A,N,A,N,N,N,N,N,A,A,N,A,A,N
ATLD2;PCNA,C,C,N,N,N,N,N,C,C,N,N,C,N,N,N,N,N,N,N,N,N,N,C,N,N,N,N,C,C,N,N,N
YBL1;p17;POLE3;CHRAC17;CHARAC17,A,A,A,N,N,A,N,N,A,N,A,A,A,N,A,N,N,A,N,N,A,N,A,N,A,A,A,A,N,N,A,A
POLE1;FILS;CRCS12;POLE,N,N,N,N,N,N,N,N,N,N,N,N,N,N,N,N,N,N,N,N,N,N,N,N,N,N,N,N,N,N,N,N
DPE2;POLE2,A,A,A,N,A,N,A,A,N,N,A,A,A,A,A,A,A,N,N,N,A,A,N,A,A,A,A,N,A,A,N,A
POLE4;p12;YHHQ1,A,A,A,A,A,A,A,A,A,N,A,N,A,A,A,A,A,A,A,A,A,N,A,A,A,A,A,A,A,A,A,A
ERCC4;FANCQ;ERCC11;XFEPS;RAD1;XPF,N,N,N,N,N,N,N,N,N,N,N,N,N,N,N,N,N,N,N,N,N,N,N,N,N,N,N,N,N,N,N,N
ERCC5-202;BIVM-ERCC5,N,N,C,C,C,N,N,C,C,N,C,N,C,C,N,N,C,N,N,C,N,N,C,N,C,C,N,C,N,N,C,N
UVDR;ERCM2;ERCC5-201;XPG;COFS3;ERCC5;XPGC,N,N,C,C,C,N,N,C,C,N,C,N,C,C,N,N,C,N,N,C,N,N,C,N,C,C,N,C,N,N,C,N
POLD3;P68;P66;PPP1R128,A,N,N,N,N,N,N,N,A,N,N,N,N,A,N,N,N,N,N,N,N,N,N,N,N,N,N,N,N,N,A,N
MDPL;POLD;POLD1;CRCS10;CDC2,N,A,N,A,N,N,A,N,A,N,A,A,A,N,N,N,N,N,N,A,N,N,N,N,N,N,N,N,N,N,A,A
POLD2,N,N,N,N,A,N,N,A,N,N,A,N,N,A,N,A,N,A,A,N,N,N,A,N,N,A,A,A,N,A,A,N
POLD4;POLDS;p12,N,N,A,N,N,A,N,A,A,N,A,N,N,A,N,A,A,N,A,N,A,A,N,A,N,N,N,N,N,N,A,N
RPA4;HSU24186,A,N,N,N,N,N,N,N,N,N,A,A,A,A,N,N,A,N,A,N,N,N,A,A,N,A,N,N,A,N,A,N
RPA1;RPA70;RF-A;REPA1;RP-A;MST075;HSSB,N,N,D,N,N,N,D,D,D,N,D,N,D,D,N,N,N,N,N,N,N,N,D,D,N,N,N,N,D,D,D,D
RP-A_p32;RPA32;RP-A_p34;RPA2;REPA2,A,N,N,N,N,N,N,N,N,N,A,A,A,A,N,N,A,N,A,N,N,N,A,A,N,A,N,N,A,N,A,N
REPA3;RPA3;RP-A_p14,N,N,N,N,N,N,N,N,N,N,N,N,N,N,N,N,N,N,N,N,N,N,N,N,N,N,N,N,N,N,N,N
UV20;ERCC1;RAD10;COFS4,A,N,N,N,N,A,N,N,N,N,A,N,N,N,N,N,N,N,N,N,N,N,N,N,N,N,N,N,N,N,A,N
XP1;XPA;XPAC,N,N,N,N,N,N,N,N,N,N,N,N,N,N,N,N,N,N,N,N,N,N,N,N,N,N,N,N,N,N,N,N
UV-DDB2;DDB2;XPE;DDBB,A,N,N,N,N,N,A,N,N,N,A,N,N,A,N,A,N,N,N,N,N,N,A,A,N,A,N,A,N,N,N,A
CEN2;CALT;CETN2,A,A,A,A,A,A,A,A,A,A,A,A,A,A,A,A,A,A,A,A,A,A,A,A,A,A,A,A,A,A,A,A
HHR23A;RAD23A;HR23A,D,D,N,N,D,D,N,D,D,N,D,N,N,D,N,N,N,N,D,D,D,N,D,D,N,D,N,N,D,N,D,N
HHR23B;HR23B;P58;RAD23B,D,D,N,N,D,D,N,D,D,N,D,N,N,D,N,N,N,N,D,D,D,N,D,D,N,D,N,N,D,N,D,N
CKN1;ERCC8;CSA;UVSS2,A,A,A,A,A,A,A,A,A,A,A,A,A,A,A,A,A,A,A,A,A,A,A,A,A,A,A,A,A,A,A,A
CKN2;RAD26;ERCC6;POF11;COFS1;UVSS1;ARMD5;CSB;COFS,D,D,D,D,D,D,D,D,D,N,D,D,D,D,D,D,D,D,D,D,D,D,D,D,D,D,D,D,D,D,D,D
p125;XP3;XPCC;RAD4;XPC,N,N,N,N,A,N,N,N,N,N,A,A,N,N,N,N,N,N,N,N,N,N,N,N,N,N,N,N,N,A,N,N
