CMS15;ALG14,A,N,N,A,N,N,N,A,A,N,N,N,A,A,A,A,A,A,N,A,A,A,N,N,N,A,A,A,A,A,A,A
DPM3;CDG1O,A,A,N,N,N,N,N,N,A,N,N,N,N,N,N,A,N,A,N,A,A,N,N,N,N,A,N,N,N,N,A,N
CDG1U;DPM2,A,A,N,N,A,N,N,N,A,N,N,A,N,N,A,N,N,N,A,N,N,N,N,A,N,N,N,N,N,A,A,A
CDG1C;ALG6,A,A,N,N,N,A,A,N,A,N,A,N,A,N,N,N,A,A,N,N,A,N,N,A,N,N,A,N,N,N,A,A
CDG1G;ALG12;hALG12;PP14673;ECM39,N,A,A,N,N,N,N,N,A,N,N,N,N,N,A,A,A,N,N,N,A,A,N,A,A,N,N,A,N,N,N,N
CDG1L;LOH11CR1J;ALG9;DIBD1;GIKANIS,N,A,A,N,N,N,N,N,A,N,A,N,N,A,A,A,A,A,N,N,A,A,N,A,A,N,N,A,N,N,A,N
CDG1D;D16Ertd36e;not;Not56;CDGS4;CDGS6;NOT56L;ALG3,N,A,A,N,N,A,A,N,A,N,A,N,N,A,N,N,A,A,A,N,N,N,A,A,A,A,A,A,A,N,A,N
GnT-VB;MGAT5B;GnT-IX,N,N,N,N,N,N,N,N,N,N,N,N,N,N,N,N,N,N,N,N,N,N,N,N,N,N,N,N,N,N,N,N
GNT-V;MGAT5;GNT-VA,N,N,N,N,N,N,N,N,N,N,N,N,N,N,N,N,N,N,N,N,N,N,N,N,N,N,N,N,N,N,N,N
LSFR2;DOLPP1,N,N,A,N,N,A,N,N,A,N,A,N,N,A,N,N,A,N,N,N,A,N,N,N,A,N,N,N,A,N,A,A
FUT8,N,N,A,N,N,N,N,N,N,N,A,N,N,A,N,N,N,N,N,N,N,A,N,N,N,N,N,N,N,N,N,A
GNTIVH;MGAT4C;HGNT-IV-H,N,N,N,N,N,N,N,N,N,N,N,N,N,N,N,N,N,N,N,N,N,N,N,N,N,N,N,N,N,N,N,N
GTB;beta4Gal-T1;B4GAL-T1;GT1;CDG2D;GGTB2;B4GALT1,N,N,N,N,N,N,N,N,N,N,N,N,N,N,N,N,N,N,N,N,N,N,N,N,N,N,N,N,N,N,N,N
beta4Gal-T3;B4GALT3,N,N,N,N,N,N,N,N,N,N,N,N,N,N,N,N,N,N,N,N,N,N,N,N,N,N,N,N,N,N,N,N
B4Gal-T3;beta4Gal-T2;B4GALT2;B4Gal-T2,N,N,N,N,N,N,N,N,N,N,N,N,N,N,N,N,N,N,N,N,N,N,N,N,N,N,N,N,N,N,N,N
ST6GalI;ST6GAL1;ST6N;SIAT1,N,N,N,N,N,N,N,N,N,N,N,N,N,N,N,N,N,N,N,N,N,N,N,N,N,N,N,N,N,N,N,N
SIAT2;ST6GAL2;ST6GalII,N,N,N,N,N,N,N,N,N,N,N,N,N,N,N,N,N,N,N,N,N,N,N,N,N,N,N,N,N,N,N,N
GNT3;GNT-III;MGAT3,A,A,N,N,N,N,N,N,A,N,N,N,N,N,N,N,A,N,A,A,N,N,N,N,N,N,N,N,A,N,N,N
GNT-II;CDGS2;GNT2;MGAT2;CDG2A;GLCNACTII,N,N,N,N,N,N,N,N,N,N,N,N,N,N,N,N,N,N,N,N,N,N,N,N,N,N,N,N,N,N,N,N
MAN2A2;MANA2X,B,N,B,N,B,N,N,N,B,N,N,N,N,N,N,N,N,B,N,B,B,N,B,N,N,N,N,N,N,N,B,N
MANA2;GOLIM7;MANII;AMan_II;MAN2A1,B,N,B,N,B,N,N,N,B,N,N,N,N,N,N,N,N,B,N,B,B,N,B,N,N,N,N,N,N,N,B,N
MAN1B;MAN1A2,N,A,A,N,N,A,N,N,A,N,A,N,N,A,N,N,N,A,A,N,N,A,A,A,N,A,A,N,N,N,A,N
ERManI;MRT15;MANA-ER;ERMAN1;MAN1B1,N,A,A,N,N,A,N,N,A,N,A,N,N,A,N,N,N,A,A,N,N,A,A,A,N,A,A,N,N,N,A,N
HUMM3;MAN1A1;MAN9;HUMM9,N,A,A,N,N,A,N,N,A,N,A,N,N,A,N,N,N,A,A,N,N,A,A,A,N,A,A,N,N,N,A,N
MAN1C1;pp6318;MAN1C;MAN1A3;HMIC,N,A,A,N,N,A,N,N,A,N,A,N,N,A,N,N,N,A,A,N,N,A,A,A,N,A,A,N,N,N,A,N
MGAT4B;GNT-IV;GNT-IVB,N,N,N,N,N,N,N,N,N,N,N,N,N,N,N,N,N,N,N,N,N,N,N,N,N,N,N,N,N,N,N,N
MGAT4A;GNT-IVA;GnT-4a;GNT-IV,N,N,N,N,N,N,N,N,N,N,N,N,N,N,N,N,N,N,N,N,N,N,N,N,N,N,N,N,N,N,N,N
GnT1IP;MGAT4D,N,N,N,N,N,N,N,N,N,N,N,N,N,N,N,N,N,N,N,N,N,N,N,N,N,N,N,N,N,N,N,N
GIIA;GLUII;PKD3;G2AN;GANAB,N,N,N,N,N,A,N,N,N,N,A,N,N,N,A,N,N,N,N,N,N,A,N,N,N,N,N,N,N,N,A,N
DER7;MOGS;CWH41;GCS1;CDG2B,N,N,N,N,N,N,N,N,N,N,N,N,N,N,N,N,N,N,N,N,N,N,N,N,N,N,N,N,N,N,N,N
GT8;ALG11;CDG1P,N,N,N,N,N,N,N,A,N,N,A,N,N,N,N,N,N,A,N,N,N,N,N,N,N,N,N,A,N,N,N,N
CDG1X;STT3-B;SIMP;STT3B,N,N,N,N,N,N,N,N,N,N,N,N,N,N,N,N,N,N,N,N,N,N,N,N,N,N,N,N,N,N,N,N
STT3A;TMC;STT3-A;ITM1,N,N,N,N,N,N,N,N,N,N,N,N,N,N,N,N,N,N,N,N,N,N,N,N,N,N,N,N,N,N,N,N
bA421P11.2;ALG5,N,N,N,N,N,N,N,N,N,N,N,N,N,N,N,N,N,N,N,N,N,N,N,N,N,N,N,N,N,N,N,N
CDG1I;CMS14;NET38;CMSTA3;CDGIi;hALPG2;ALG2,N,N,N,N,N,N,N,A,N,N,A,N,N,N,N,N,N,A,N,N,N,N,N,N,N,N,N,A,N,N,N,N
MT-1;Mat-1;hMat-1;HMAT1;HMT1;ALG1;CDG1K;HMT-1,N,N,A,N,N,N,N,N,A,N,A,N,N,N,A,N,N,N,N,A,N,N,A,N,N,A,A,N,N,A,A,N
CDG1S;EIEE36;TDRD13;YGL047W;GLT28D1;MDS031;ALG13;CXorf45,A,A,A,N,A,A,A,A,A,N,A,A,A,A,A,A,N,N,A,A,A,N,A,N,N,A,N,N,N,N,A,A
CDGIE;DPM1;MPDS,N,N,N,N,N,N,N,N,N,N,N,N,N,N,N,N,N,N,N,N,N,N,N,N,N,N,N,N,N,N,N,N
DGPT;D11S366;UAGT;G1PT;CDG-Ij;CMSTA2;GPT;CMS13;DPAGT;DPAGT2;UGAT;DPAGT1;CDG1J;ALG7,N,N,N,N,N,N,N,N,N,N,N,N,N,N,N,N,N,N,N,N,N,N,N,N,N,N,N,N,N,N,N,N
DK;SEC59;DK1;CDG1M;DOLK;TMEM15,N,A,N,N,N,N,N,N,N,N,A,N,N,A,N,N,N,N,N,N,A,N,N,N,A,N,A,A,N,N,N,A
ALG10B;ALG10;KCR1,N,A,A,N,N,A,A,N,A,N,N,N,N,A,N,A,N,N,N,A,N,N,A,A,N,A,A,N,A,N,A,N
KCR1;DIE2;ALG10;ALG10A,N,A,A,N,N,A,A,N,A,N,N,N,N,A,N,A,N,N,N,A,N,N,A,A,N,A,A,N,A,N,A,N
ALG8;CDG1H,A,A,N,N,N,A,A,N,A,N,A,N,A,N,N,N,A,A,N,N,A,N,N,A,N,N,A,N,N,N,A,A
GLCT1;GNT-I;GLCNAC-TI;MGAT1;GNT-1;GnTI;GLYT1;MGAT,N,D,D,D,N,N,D,N,D,N,D,N,D,D,N,D,D,D,D,N,D,D,D,D,N,D,D,N,D,N,D,D
DAD1;OST2,A,A,A,N,N,N,A,A,A,N,N,N,N,N,N,A,A,N,N,A,A,N,N,N,N,A,A,A,N,N,A,A
GATD6;OKSWcl45;CDG1R;DDOST;AGER1;OST48;WBP1;OST,N,A,A,N,N,N,N,A,A,N,N,N,N,A,N,N,N,N,N,A,A,N,A,N,N,A,N,A,N,N,A,A
RBPH1;RPN1;OST1,A,A,A,N,N,A,A,A,A,N,A,A,N,N,A,A,N,A,A,A,A,N,N,A,A,N,A,A,N,N,A,A
RIBIIR;RPN2;SWP1;RPN-II;RPNII,N,N,N,N,N,N,N,N,N,N,N,N,N,N,N,N,N,N,N,N,N,N,N,N,N,N,N,N,N,N,N,N
D8S1992;N33;OST3A;TUSC3;MRT22;MRT7;M33,N,N,N,N,N,N,N,N,N,N,N,N,N,N,N,N,N,N,N,N,N,N,N,N,N,N,N,N,N,N,N,N
