OXA1,N,N,N,N,N,N,N,N,N,N,N,N,N,N,N,N,N,N,N,N,N,N,N,N,N,N,N,N,N,N,N,N
SRP14,N,N,N,N,N,N,N,N,N,N,N,N,N,N,N,N,N,N,N,N,N,N,N,N,N,N,N,N,N,N,N,N
SRP72,N,N,N,N,A,N,N,A,N,N,A,A,N,N,A,A,A,N,N,N,N,N,N,N,N,A,N,N,N,N,A,N
SRP68,N,N,N,N,N,N,N,N,N,N,N,N,N,N,N,N,N,N,N,N,N,N,N,N,N,N,N,N,N,N,N,N
SRH1;SRP54,N,N,N,N,N,N,N,N,N,N,N,N,N,N,N,N,N,N,N,N,N,N,N,N,N,N,N,N,N,N,N,N
SEC65,C,N,N,N,N,N,N,N,C,N,N,N,N,N,N,N,N,C,N,N,N,N,N,C,N,N,N,N,N,N,N,N
SRP101,N,N,N,N,N,N,N,N,N,N,N,N,N,N,N,N,N,N,N,N,N,N,N,N,N,N,N,N,N,N,N,N
SEC62;LPG14,N,N,N,N,N,N,N,N,N,N,N,N,N,N,N,N,N,N,N,N,N,N,N,N,N,N,N,N,N,N,N,N
SEC63;PTL1,A,A,A,A,A,A,A,A,A,N,A,A,A,A,A,A,A,A,A,A,A,A,A,A,A,A,A,A,N,A,A,A
SPC1,N,N,N,N,N,N,N,N,A,N,A,N,N,N,A,N,N,N,N,N,N,N,N,N,N,N,N,N,N,N,A,N
SPC2;SPY1,N,N,N,N,N,N,N,N,N,N,N,N,N,N,N,N,N,N,N,N,N,N,N,N,N,N,N,N,N,N,N,N
SSH1,N,N,N,N,N,N,N,N,A,N,A,N,A,N,N,N,A,A,N,N,N,N,N,N,N,N,N,A,N,N,N,N
SEC61,N,N,N,N,N,N,N,N,A,N,A,N,A,N,N,N,A,A,N,N,N,N,N,N,N,N,N,A,N,N,N,N
SPC3,A,A,N,N,N,N,N,N,A,N,N,N,A,N,N,N,A,A,N,A,N,N,N,N,A,N,N,N,N,A,N,N
SEC11,N,N,N,N,D,N,D,N,N,N,N,N,N,N,N,D,N,N,N,N,D,N,N,N,N,N,N,N,N,N,D,N
IMP1,N,N,N,N,N,N,N,N,N,N,N,N,N,N,N,N,N,N,N,N,N,N,N,N,N,N,N,N,N,N,N,N
IMP2,N,N,N,N,N,N,N,N,N,N,N,N,N,N,N,N,N,N,N,N,N,N,N,N,N,N,N,N,N,N,N,N
SRP102,C,C,N,C,N,N,N,N,N,N,N,N,N,C,C,N,C,N,N,N,N,N,N,N,N,N,N,N,N,N,C,C
SEB2;SBH2,N,N,N,N,N,N,N,N,N,N,N,N,N,N,N,N,N,N,N,N,N,N,N,N,N,N,N,N,N,N,N,N
SEB1;SBH1;YER087C-A,N,N,N,N,N,N,N,N,N,N,N,N,N,N,N,N,N,N,N,N,N,N,N,N,N,N,N,N,N,N,N,N
SSS1,N,N,N,N,N,N,N,N,N,N,N,N,N,N,N,N,N,N,N,N,N,N,N,N,N,N,N,N,N,N,N,N
GRP78;KAR2,B,B,B,B,B,N,N,B,B,N,B,N,N,B,B,B,B,B,N,B,B,B,B,N,N,B,B,N,N,B,B,B
