1,N,N,N,N,N,N,N,N,N,N,N,N,N,N,N,N,N,N,N,N,N,N,N,N,N,N,N,N,N,N,N,N
2,N,N,N,N,N,N,N,N,N,N,N,N,N,N,N,N,N,N,N,N,N,N,N,N,N,N,N,N,N,N,N,N
3,N,N,N,N,N,N,N,N,N,N,N,N,N,N,N,N,N,N,N,N,N,N,N,N,N,N,N,N,N,N,N,N
4,N,N,N,N,N,N,N,N,N,N,N,N,N,N,N,N,N,N,N,N,N,N,N,N,N,N,N,N,N,N,N,N
5,N,N,N,N,N,N,N,N,N,N,N,N,N,N,N,N,N,N,N,N,N,N,N,N,N,N,N,N,N,N,N,N
6,N,N,N,N,N,N,N,N,N,N,N,N,N,N,N,N,N,N,N,N,N,N,N,N,N,N,N,N,N,N,N,N
7,N,N,N,N,N,N,N,N,N,N,N,N,N,N,N,N,N,N,N,N,N,N,N,N,N,N,N,N,N,N,N,N
8,N,N,N,N,N,N,N,N,N,N,N,N,N,N,N,N,N,N,N,N,N,N,N,N,N,N,N,N,N,N,N,N
9,N,N,N,N,N,N,N,N,N,N,N,N,N,N,N,N,N,N,N,N,N,N,N,N,N,N,N,N,N,N,N,N
10,N,D,N,N,N,N,N,D,N,N,N,N,N,N,N,N,N,D,N,N,N,N,N,N,N,N,N,D,N,N,D,N
11,D,D,D,N,N,N,N,N,D,D,D,N,D,D,N,N,D,D,N,N,N,D,D,D,D,D,N,N,D,N,D,N
12,D,D,D,N,N,N,N,N,D,D,D,N,D,D,N,N,D,D,N,N,N,D,D,D,D,D,N,N,D,N,D,N
13,N,N,N,N,N,D,N,N,D,N,D,N,N,N,D,D,N,N,N,D,D,N,D,N,N,D,D,D,D,D,D,N
14,N,N,N,N,N,D,N,N,D,N,D,N,N,N,D,D,N,N,N,D,D,N,D,N,N,D,D,D,D,D,D,N
15,D,D,D,N,N,N,N,D,D,N,N,N,N,N,N,D,D,D,D,D,N,D,N,D,N,N,N,N,D,D,D,N
16,D,N,N,D,D,N,D,N,D,D,N,N,D,D,D,D,N,D,N,N,D,N,N,N,N,N,N,N,N,N,D,N
17,N,N,N,N,N,N,N,N,N,N,N,N,N,N,N,N,N,N,N,N,N,N,N,N,N,N,N,N,N,N,N,N
18,N,N,D,N,D,N,N,N,D,D,D,D,D,D,N,D,D,D,D,D,N,N,N,N,N,D,D,D,N,N,D,D
19,N,N,N,N,N,N,N,N,N,N,N,N,N,N,N,N,N,N,N,N,N,N,N,N,N,N,N,N,N,N,N,N
20,N,D,N,N,D,D,N,D,N,D,N,D,D,N,N,D,D,N,N,D,N,N,D,N,N,N,N,N,N,N,N,N
21,N,N,N,N,N,N,N,N,N,N,N,N,N,N,N,N,N,N,N,N,N,N,N,N,N,N,N,N,N,N,N,N
22,N,N,N,A,N,N,A,N,N,N,A,N,A,N,N,N,N,N,N,N,N,N,N,N,N,N,N,N,N,N,N,N
23,N,N,N,N,N,N,N,N,N,N,N,N,N,N,N,N,N,N,N,N,N,N,N,N,N,N,N,N,N,N,N,N
24,N,N,N,N,N,N,N,N,N,N,N,N,N,N,N,N,N,N,N,N,N,N,N,N,N,N,N,N,N,N,N,N
25,N,N,N,A,N,N,A,N,N,N,A,N,A,N,N,N,N,N,N,N,N,N,N,N,N,N,N,N,N,N,N,N
26,N,N,N,D,D,N,D,N,N,N,D,D,N,D,D,N,N,N,N,N,D,D,D,N,D,N,N,N,N,N,D,N
27,N,N,N,N,N,N,N,N,N,N,N,N,N,N,N,N,N,N,N,N,N,N,N,N,N,N,N,N,N,N,N,N
28,N,N,N,N,N,N,N,N,N,N,N,N,N,N,N,N,N,N,N,N,N,N,N,N,N,N,N,N,N,N,N,N
29,C,C,N,N,N,N,N,C,N,N,N,C,N,C,N,N,C,C,C,N,C,N,N,C,N,C,N,N,N,N,C,C
30,N,N,N,N,N,N,N,N,N,N,N,N,N,N,N,N,N,N,N,N,N,N,N,N,N,N,N,N,N,N,N,N
31,N,A,N,A,N,N,N,N,A,N,N,N,N,N,N,N,N,N,N,N,A,N,A,N,N,N,N,N,N,N,A,N
32,N,N,N,N,N,N,N,N,N,N,N,N,N,N,N,N,N,N,N,N,N,N,N,N,N,N,N,N,N,N,N,N
33,N,N,N,N,N,N,N,N,N,N,N,N,N,N,N,N,N,N,N,N,N,N,N,N,N,N,N,N,N,N,N,N
34,N,N,N,N,N,N,N,N,N,N,N,N,N,N,N,N,N,N,N,N,N,N,N,N,N,N,N,N,N,N,N,N
35,N,N,N,N,N,N,N,N,N,N,N,N,N,N,N,N,N,N,N,N,N,N,N,N,N,N,N,N,N,N,N,N
36,N,N,N,N,N,N,N,N,N,N,N,N,N,N,N,N,N,N,N,N,N,N,N,N,N,N,N,N,N,N,N,N
37,N,N,N,N,N,N,N,N,N,N,N,N,N,N,N,N,N,N,N,N,N,N,N,N,N,N,N,N,N,N,N,N
38,N,N,N,N,N,N,N,N,N,N,N,N,N,N,N,N,N,N,N,N,N,N,N,N,N,N,N,N,N,N,N,N
39,N,N,N,N,N,N,N,N,N,N,N,N,N,N,N,N,N,N,N,N,N,N,N,N,N,N,N,N,N,N,N,N
40,N,N,N,N,N,N,N,N,N,N,N,N,N,N,N,N,N,N,N,N,N,N,N,N,N,N,N,N,N,N,N,N
41,N,N,N,N,N,N,N,N,N,N,N,N,N,N,N,N,N,N,N,N,N,N,N,N,N,N,N,N,N,N,N,N
42,N,N,N,N,N,N,N,N,N,N,N,N,N,N,N,N,N,N,N,N,N,N,N,N,N,N,N,N,N,N,N,N
43,N,N,N,N,N,N,N,N,N,N,N,N,N,N,N,N,N,N,N,N,N,N,N,N,N,N,N,N,N,N,N,N
44,N,N,N,N,N,N,N,N,N,N,N,N,N,N,N,N,N,N,N,N,N,N,N,N,N,N,N,N,N,N,N,N
45,N,A,N,A,N,N,N,A,N,N,N,N,N,A,N,N,N,N,N,N,N,N,N,N,N,N,N,N,N,N,N,N
46,N,N,N,N,N,N,N,N,N,N,N,N,N,N,N,N,N,N,N,N,N,N,N,N,N,N,N,N,N,N,N,N
