GRF55;H-GRF55;GNRP;CDC25;CDC25L;ras-GRF1;RASGRF1;PP13187;GRF1,A,A,A,A,A,A,A,A,A,N,A,A,A,A,A,A,A,A,A,A,A,A,A,A,A,A,A,A,A,A,A,A
GRF2;RAS-GRF2;RASGRF2,A,A,A,A,A,A,A,A,A,N,A,A,A,A,A,A,A,A,A,A,A,A,A,A,A,A,A,A,A,A,A,A
MKP-5;MKP5;DUSP10,D,D,D,N,D,D,D,D,D,N,D,D,D,D,D,D,D,D,D,D,D,D,D,D,D,D,N,D,N,D,D,D
CL100;MKP-1;MKP1;HVH1;PTPN10;DUSP1,D,D,D,N,D,D,D,D,D,N,D,D,D,D,D,D,D,D,D,D,D,D,D,D,D,D,N,D,N,D,D,D
PAC-1;PAC1;DUSP2,D,D,D,N,D,D,D,D,D,N,D,D,D,D,D,D,D,D,D,D,D,D,D,D,D,D,N,D,N,D,D,D
DUSP4;MKP2;MKP-2;HVH2;TYP,D,D,D,N,D,D,D,D,D,N,D,D,D,D,D,D,D,D,D,D,D,D,D,D,D,D,N,D,N,D,D,D
DUSP5;DUSP;HVH3,D,D,D,N,D,D,D,D,D,N,D,D,D,D,D,D,D,D,D,D,D,D,D,D,D,D,N,D,N,D,D,D
PYST1;MKP3;HH19;DUSP6,D,D,D,N,D,D,D,D,D,N,D,D,D,D,D,D,D,D,D,D,D,D,D,D,D,D,N,D,N,D,D,D
MKPX;DUSP7;PYST2,D,D,D,N,D,D,D,D,D,N,D,D,D,D,D,D,D,D,D,D,D,D,D,D,D,D,N,D,N,D,D,D
C11orf81;HVH-5;HVH8;DUSP8;HB5,D,D,D,N,D,D,D,D,D,N,D,D,D,D,D,D,D,D,D,D,D,D,D,D,D,D,N,D,N,D,D,D
MKP-4;DUSP9;MKP4,D,D,D,N,D,D,D,D,D,N,D,D,D,D,D,D,D,D,D,D,D,D,D,D,D,D,N,D,N,D,D,D
MKP7;MKP-7;DUSP16,D,D,D,N,D,D,D,D,D,N,D,D,D,D,D,D,D,D,D,D,D,D,D,D,D,D,N,D,N,D,D,D
VHR;DUSP3,D,D,D,N,D,D,D,D,D,N,D,D,D,D,D,D,D,D,D,D,D,D,D,D,D,D,N,D,N,D,D,D
LC-PTP;PTPN7;HEPTP;LPTP;BPTP-4;PTPNI,D,D,D,D,D,D,N,D,D,N,D,N,D,D,D,D,N,D,D,N,D,D,D,D,D,D,N,N,D,N,D,D
PTPRQ;PCPTP1;PTPRR;EC-PTP;PTP-SL;PTPBR7,D,D,D,D,D,D,N,D,D,N,D,N,D,D,D,D,N,D,D,N,D,D,D,D,D,D,N,N,D,N,D,D
STEP;STEP61;PTPN5;PTPSTEP,D,D,D,D,D,D,N,D,D,N,D,N,D,D,D,D,N,D,D,N,D,D,D,D,D,D,N,N,D,N,D,D
PP2CBETA;PP2C-beta;PP2CB;PP2C-beta-X;PPM1B;PPC2BETAX,A,A,A,A,A,N,A,A,A,N,A,N,A,A,A,A,A,A,N,A,A,N,A,A,A,N,N,A,N,N,A,N
CD95-L;APT1LG1;ALPS1B;APTL;TNFSF6;TNLG1A;CD95L;CD178;FASL;FASLG,N,N,N,N,N,N,N,N,N,N,N,N,N,N,N,N,N,N,N,N,N,N,N,N,N,N,N,N,N,N,N,N
HGK;MAP4K4;FLH21957;MEKKK4;NIK;HEL-S-31,D,D,D,D,D,D,D,D,D,D,D,D,D,D,D,D,D,D,D,D,D,D,D,D,D,D,D,D,D,D,D,D
PLA2G4B;HsT16992;cPLA2-beta,A,A,A,N,A,A,A,A,A,N,A,N,A,A,A,A,A,A,A,A,A,A,A,A,A,A,A,A,A,A,A,A
PLA2G4E,A,A,A,N,A,N,N,A,A,N,A,N,A,A,A,A,A,A,A,N,A,A,A,A,A,N,A,A,N,A,A,A
PLA2G4F;PLA2G4FZ,A,A,A,N,A,A,A,A,A,N,A,N,A,A,A,A,A,A,A,A,A,A,A,A,A,N,A,A,A,A,A,A
PLA2G4D;cPLA2delta,A,A,A,N,A,A,N,A,A,N,A,N,A,A,A,A,A,A,A,A,A,A,A,A,A,A,A,A,A,A,A,A
cPLA2;cPLA2-alpha;PLA2G4A;PLA2G4,A,A,A,N,A,A,N,A,A,N,A,N,A,A,A,A,A,A,A,A,A,A,A,A,A,N,A,A,A,A,A,A
CPLA2-gamma;PLA2G4C,N,N,N,N,N,N,N,N,N,N,N,N,N,N,N,N,N,N,N,N,N,N,N,N,N,N,N,N,N,N,N,N
HsT16992;cPLA2-beta;JMJD7-PLA2G4B,A,A,A,N,A,A,A,A,A,N,A,N,A,A,A,A,A,A,A,A,A,A,A,A,A,A,A,A,A,A,A,A
PP17;STMN1;SMN;OP18;PP19;LAP18;PR22;Lag;C1orf215,N,N,N,N,N,N,N,N,N,N,N,N,N,N,N,N,N,N,N,N,N,N,N,N,N,N,N,N,N,N,N,N
MAPT;PPND;DDPAC;MAPTL;PPP1R103;MTBT2;MTBT1;TAU;FTDP-17;MSTD,N,N,N,N,N,N,N,N,N,N,N,N,N,N,N,N,N,N,N,N,N,N,N,N,N,N,N,N,N,N,N,N
CVID12;NF-kB1;NF-kappa-B;NFKB-p105;NFkappaB;p105;NFKB-p50;NF-kappaB;KBF1;p50;NFKB1;EBP-1,A,A,A,A,A,A,A,A,A,A,A,A,A,A,A,A,A,A,A,A,A,A,A,A,A,A,A,A,A,A,A,A
NFKB2;p52;CVID10;LYT10;NF-kB2;p49/p100;H2TF1;p100;LYT-10,C,C,C,C,C,C,C,C,C,C,C,C,C,C,C,C,C,C,C,C,C,C,C,C,C,C,C,C,C,C,C,C
RELA;NFKB3;p65,A,N,A,N,A,N,N,N,N,N,A,N,A,A,N,N,N,N,N,N,N,N,N,N,N,N,N,N,N,N,A,N
I-REL;IMD53;REL-B;IREL;RELB,A,N,A,N,A,N,N,N,N,N,A,N,A,A,N,N,N,N,N,N,N,N,N,N,N,N,N,N,N,N,A,N
IKK-alpha;IKKA;IKK1;TCF16;CHUK;NFKBIKA;IKBKA,B,B,B,B,B,B,B,B,B,B,B,B,B,B,B,B,B,B,B,B,B,B,B,B,B,B,B,B,B,B,B,B
IKKB;IKBKB;IMD15;NFKBIKB;IKK-beta;IKK2,B,B,B,B,B,B,B,B,B,B,B,B,B,B,B,B,B,B,B,B,B,B,B,B,B,B,B,B,B,B,B,B
AMCBX1;Fip3p;FIP-3;IKBKG;IPD2;IKK-gamma;IP;IKKAP1;IP2;IP1;ZC2HC9;IMD33;NEMO;FIP3;IKKG,N,N,N,N,N,N,N,N,N,N,N,N,N,N,N,N,N,N,N,N,N,N,N,N,N,N,N,N,N,N,N,N
HS;MAP3K14;NIK;HSNIK;FTDCR1B,B,B,B,B,B,B,B,B,B,N,B,B,B,B,B,B,B,B,B,B,B,B,B,B,B,B,B,B,B,B,B,B
p41;PRKM1;MAPK1;ERT1;P42MAPK;ERK-2;ERK2;MAPK2;p38;p41mapk;PRKM2;ERK;p42-MAPK;p40,D,D,D,D,D,D,D,D,D,D,D,D,D,D,D,D,D,D,D,D,D,D,D,D,D,D,D,D,D,D,D,D
ERT2;ERK1;p44-MAPK;HUMKER1A;P44ERK1;MAPK3;ERK-1;PRKM3;P44MAPK;p44-ERK1;HS44KDAP,D,D,D,D,D,D,D,D,D,D,D,D,D,D,D,D,D,D,D,D,D,D,D,D,D,D,D,D,D,D,D,D
MP1;LAMTOR3;MAPBP;Ragulator3;MAP2K1IP1;PRO0633;MAPKSP1,N,A,N,N,N,N,N,N,N,N,A,N,N,A,N,N,A,N,N,N,A,N,N,N,N,N,N,A,N,N,A,N
PRKMK2;MKK2;CFC4;MEK2;MAP2K2;MAPKK2,D,D,D,D,D,D,D,D,D,N,D,D,D,D,D,D,D,D,D,D,D,D,D,D,D,D,D,D,D,D,D,D
MAPKK1;MAP2K1;PRKMK1;MKK1;CFC3;MEK1,D,D,D,D,D,D,D,D,D,N,D,D,D,D,D,D,D,D,D,D,D,D,D,D,D,D,D,D,D,D,D,D
MOS;MSV,B,B,B,B,B,B,B,B,B,N,B,B,B,B,B,B,B,B,B,B,B,B,B,B,B,B,B,B,B,B,B,B
NS5;CRAF;Raf-1;CMD1NN;c-Raf;RAF1,B,B,B,B,B,B,B,B,B,N,B,B,B,B,B,B,B,B,B,B,B,B,B,B,B,B,B,B,B,B,B,B
BRAF1;B-raf;BRAF;NS7;RAFB1;B-RAF1,B,B,B,B,B,B,B,B,B,B,B,B,B,B,B,B,B,B,B,B,B,B,B,B,B,B,B,B,B,B,B,B
RASA;p120;RASA1;GAP;CMAVM;CM-AVM;RASGAP;p120GAP;p120RASGAP;PKWS,A,A,A,A,A,A,N,A,A,N,A,A,A,A,A,A,A,A,A,A,A,A,A,A,A,A,A,A,A,A,A,A
VRNF;WSS;NF1;NFNS,A,A,A,A,A,A,N,A,A,N,A,A,A,A,A,A,A,A,A,A,A,A,A,A,A,A,A,A,A,A,A,A
PRKACA;PRKCA;PKC-alpha;AAG6;PKCA,B,B,B,B,B,B,B,B,B,B,B,B,B,B,B,B,B,B,B,B,B,B,B,B,B,B,B,B,B,B,B,B
PKC-beta;PKCB;PRKCB2;PRKCB;PRKCB1,B,B,B,B,B,B,B,B,B,B,B,B,B,B,B,B,B,B,B,B,B,B,B,B,B,B,B,B,B,B,B,B
PKCC;PKCG;PKC-gamma;SCA14;PRKCG,B,B,B,B,B,B,B,B,B,B,B,B,B,B,B,B,B,B,B,B,B,B,B,B,B,B,B,B,B,B,B,B
G-22K;SMGP21;RAP1;KREV-1;C21KG;KREV1;RAP1A,C,C,C,C,C,C,C,C,C,C,C,C,C,C,C,C,C,C,C,C,C,C,C,C,C,C,C,C,C,C,C,C
K-REV;RAL1B;RAP1B,C,C,C,C,C,C,C,C,C,C,C,C,C,C,C,C,C,C,C,C,C,C,C,C,C,C,C,C,C,C,C,C
PRKACA;PKACA;PPNAD4,B,B,B,B,B,B,B,B,B,B,B,B,B,B,B,B,B,B,B,B,B,B,B,B,B,B,B,B,B,B,B,B
PKACB;PRKACB;PKA_C-beta,B,B,B,B,B,B,B,B,B,B,B,B,B,B,B,B,B,B,B,B,B,B,B,B,B,B,B,B,B,B,B,B
BDPLT19;PKACg;PRKACG;KAPG,B,B,B,B,B,B,B,B,B,B,B,B,B,B,B,B,B,B,B,B,B,B,B,B,B,B,B,B,B,B,B,B
CNrasGEF;RA-GEF-1;NRAPGEP;nRap_GEP;PDZ-GEF1;Rap-GEP;PDZGEF1;RA-GEF;RAPGEF2,A,A,A,A,A,A,A,A,A,N,A,A,A,A,A,A,A,A,A,A,A,A,A,A,A,A,A,A,A,A,A,A
GAP1M;RASA2,A,A,A,N,A,A,N,A,A,N,A,A,A,A,A,A,A,A,A,A,A,A,A,A,A,A,A,A,A,A,A,A
RRAS2;TC21,C,C,C,C,C,C,C,C,C,C,C,C,C,C,C,C,C,C,C,C,C,C,C,C,C,C,C,C,C,C,C,C
M-RAs;RRAS3;MRAS;R-RAS3,C,C,C,C,C,C,C,C,C,C,C,C,C,C,C,C,C,C,C,C,C,C,C,C,C,C,C,C,C,C,C,C
RASH1;CTLO;HAMSV;HRAS;p21ras;C-HA-RAS1;HRAS1;C-BAS/HAS;H-RASIDX;C-H-RAS,C,C,C,C,C,C,C,C,C,C,C,C,C,C,C,C,C,C,C,C,C,C,C,C,C,C,C,C,C,C,C,C
K-RAS4A;K-RAS2B;KI-RAS;KRAS;KRAS1;K-RAS4B;c-Ki-ras2;NS3;KRAS2;NS;K-Ras;RALD;K-RAS2A;CFC2;C-K-RAS;RASK2,C,C,C,C,C,C,C,C,C,C,C,C,C,C,C,C,C,C,C,C,C,C,C,C,C,C,C,C,C,C,C,C
CMNS;NCMS;NS6;ALPS4;NRAS1;N-ras;NRAS,C,C,C,C,C,C,C,C,C,C,C,C,C,C,C,C,C,C,C,C,C,C,C,C,C,C,C,C,C,C,C,C
R-Ras;RRAS,C,C,C,C,C,C,C,C,C,C,C,C,C,C,C,C,C,C,C,C,C,C,C,C,C,C,C,C,C,C,C,C
CALDAG-GEFI;CALDAG-GEFII;RASGRP1;V;hRasGRP1;RASGRP,A,A,A,A,A,A,A,A,A,N,A,A,A,A,A,A,A,A,A,A,A,A,A,A,A,A,A,A,A,A,A,A
RASGRP2;CALDAG-GEFI;CDC25L,A,A,A,A,A,A,A,A,A,N,A,A,A,A,A,A,A,A,A,A,A,A,A,A,A,A,A,A,A,A,A,A
RASGRP4,A,A,A,A,A,A,A,A,A,N,A,A,A,A,A,A,A,A,A,A,A,A,A,A,A,A,A,A,A,A,A,A
RASGRP3;GRP3,A,A,A,A,A,A,A,A,A,N,A,A,A,A,A,A,A,A,A,A,A,A,A,A,A,A,A,A,A,A,A,A
SOS1;GGF1;HGF;NS4;GINGF;GF1,A,A,A,A,A,A,A,A,A,N,A,A,A,A,A,A,A,A,A,A,A,A,A,A,A,A,A,A,A,A,A,A
SOS2;SOS-2;NS9,A,A,A,A,A,A,A,A,A,N,A,A,A,A,A,A,A,A,A,A,A,A,A,A,A,A,A,A,A,A,A,A
NNX3;gep;RMP;GNA12,N,N,N,N,N,N,N,N,N,N,N,N,N,N,N,N,N,N,N,N,N,N,N,N,N,N,N,N,N,N,N,N
GNG12,N,N,N,N,N,N,N,N,N,N,N,N,N,N,N,N,N,N,N,N,N,N,N,N,N,N,N,N,N,N,N,N
EGFRBP-GRB2;MST084;GRB2;ASH;Grb3-3;MSTP084;NCKAP2,A,A,A,N,A,N,N,N,A,N,A,N,A,A,A,N,A,N,A,A,A,A,A,A,A,A,A,A,A,A,A,A
CD115;CSFR;C-FMS;CSF1R;HDLS;CSF-1R;FMS;FIM2;M-CSF-R,D,D,D,D,D,D,D,D,D,N,D,D,D,D,D,D,D,D,D,D,D,D,D,D,D,D,D,D,D,D,D,D
NISBD2;HER1;ERBB;PIG61;EGFR;ERBB1;mENA,B,B,B,B,B,B,B,B,B,B,B,B,B,B,B,B,B,B,B,B,B,B,B,B,B,B,B,B,B,B,B,B
EPHA2;CTRCT6;ARCC2;ECK;CTPP1;CTPA,B,B,B,B,B,B,B,B,B,N,B,B,B,B,B,B,B,B,B,B,B,B,B,B,B,B,B,B,B,B,B,B
HRTFDS;ECCL;FLT2;CEK;KAL2;BFGFR;N-SAM;OGD;FGFR1;FLG;HH2;FGFR-1;bFGF-R-1;CD331;HBGFR;FLT-2;FGFBR,B,B,B,B,B,B,B,B,B,N,B,B,B,B,B,B,B,B,B,B,B,B,B,B,B,B,B,B,B,B,B,B
FGFR3;CEK2;CD333;JTK4;HSFGFR3EX;ACH,B,B,B,B,B,B,B,B,B,N,B,B,B,B,B,B,B,B,B,B,B,B,B,B,B,B,B,B,B,B,B,B
FGFR2;CEK3;K-SAM;CD332;BFR-1;BBDS;ECT1;JWS;KGFR;TK14;TK25;BEK;CFD1,B,B,B,B,B,B,B,B,B,N,B,B,B,B,B,B,B,B,B,B,B,B,B,B,B,B,B,B,B,B,B,B
TKF;CD334;FGFR4;JTK2,B,B,B,B,B,B,B,B,B,N,B,B,B,B,B,B,B,B,B,B,B,B,B,B,B,B,B,B,B,B,B,B
FLT-1;VEGFR-1;FLT;VEGFR1;FLT1,D,D,D,D,D,D,D,D,D,N,D,D,D,D,D,D,D,D,D,D,D,D,D,D,D,D,D,D,D,D,D,D
CD135;FLT3;FLK-2;STK1;FLK2,D,D,D,D,D,D,D,D,D,N,D,D,D,D,D,D,D,D,D,D,D,D,D,D,D,D,D,D,D,D,D,D
FLT4;FLT41;PCL;FLT-4;LMPH1A;VEGFR-3;VEGFR3,B,B,B,B,B,B,B,B,B,N,B,B,B,B,B,B,B,B,B,B,B,B,B,B,B,B,B,B,B,B,B,B
JTK13;CD221;IGFIR;IGFR;IGF1R,B,B,B,B,B,B,B,B,B,N,B,B,B,B,B,B,B,B,B,B,B,B,B,B,B,B,B,B,B,B,B,B
INSR;CD220;HHF5,B,B,B,B,B,B,B,B,B,N,B,B,B,B,B,B,B,B,B,B,B,B,B,B,B,B,B,B,B,B,B,B
FLK1;VEGFR;KDR;VEGFR2;CD309,B,B,B,B,B,B,B,B,B,N,B,B,B,B,B,B,B,B,B,B,B,B,B,B,B,B,B,B,B,B,B,B
CD117;PBT;KIT;SCFR;C-Kit,B,B,B,B,B,B,B,B,B,N,B,B,B,B,B,B,B,B,B,B,B,B,B,B,B,B,B,B,B,B,B,B
DFNB97;HGFR;AUTS9;c-Met;RCCP2;MET,B,B,B,B,B,B,B,B,B,N,B,B,B,B,B,B,B,B,B,B,B,B,B,B,B,B,B,B,B,B,B,B
p75NTR;Gp80-LNGFR;TNFRSF16;NGFR;CD271;p75(NTR),N,N,N,N,N,N,N,N,N,N,N,N,N,N,N,N,N,N,N,N,N,N,N,N,N,N,N,N,N,N,N,N
TRK;Trk-A;TRKA;MTC;NTRK1;TRK1;p140-TrkA,B,B,B,B,B,B,B,B,B,B,B,B,B,B,B,B,B,B,B,B,B,B,B,B,B,B,B,B,B,B,B,B
OBHD;GP145-TrkB;TRKB;trk-B;NTRK2,B,B,B,B,B,B,B,B,B,B,B,B,B,B,B,B,B,B,B,B,B,B,B,B,B,B,B,B,B,B,B,B
PDGFR2;CD140A;PDGFRA;PDGFR-2,B,B,B,B,B,B,B,B,B,N,B,B,B,B,B,B,B,B,B,B,B,B,B,B,B,B,B,B,B,B,B,B
PDGFR;PENTT;JTK12;PDGFR-1;PDGFR1;CD140B;IBGC4;PDGFRB;IMF1;KOGS,B,B,B,B,B,B,B,B,B,N,B,B,B,B,B,B,B,B,B,B,B,B,B,B,B,B,B,B,B,B,B,B
VMCM1;TIE2;VMCM;CD202B;TEK;GLC3E;TIE-2,B,B,B,B,B,B,B,B,B,N,B,B,B,B,B,B,B,B,B,B,B,B,B,B,B,B,B,B,B,B,B,B
CACNG3,N,N,N,N,N,N,N,N,N,N,N,N,N,N,N,N,N,N,N,N,N,N,N,N,N,N,N,N,N,N,N,N
MRD10;CACNG2,N,N,N,N,N,N,N,N,N,N,N,N,N,N,N,N,N,N,N,N,N,N,N,N,N,N,N,N,N,N,N,N
CACNG5,N,N,N,N,N,N,N,N,N,N,N,N,N,N,N,N,N,N,N,N,N,N,N,N,N,N,N,N,N,N,N,N
CACNG4,N,N,N,N,N,N,N,N,N,N,N,N,N,N,N,N,N,N,N,N,N,N,N,N,N,N,N,N,N,N,N,N
HSA272268;CACNA2D3,N,N,N,N,N,N,N,N,N,N,N,N,N,N,N,N,N,N,N,N,N,N,N,N,N,N,N,N,N,N,N,N
CACNG8,N,N,N,N,N,N,N,N,N,N,N,N,N,N,N,N,N,N,N,N,N,N,N,N,N,N,N,N,N,N,N,N
CACNG7,N,N,N,N,N,N,N,N,N,N,N,N,N,N,N,N,N,N,N,N,N,N,N,N,N,N,N,N,N,N,N,N
CACNG6,N,N,N,N,N,N,N,N,N,N,N,N,N,N,N,N,N,N,N,N,N,N,N,N,N,N,N,N,N,N,N,N
CACNA1A;HPCA;SCA6;BI;CAV2.1;EA2;APCA;MHP1;EIEE42;MHP;CACNL1A4;FHM,N,N,N,N,N,N,N,N,N,N,N,N,N,N,N,N,N,N,N,N,N,N,N,N,N,N,N,N,N,N,N,N
DYT23;Cav2.2;CACNL1A5;CACNN;CACNA1B;BIII,N,N,N,N,N,N,N,N,N,N,N,N,N,N,N,N,N,N,N,N,N,N,N,N,N,N,N,N,N,N,N,N
TS;CACH2;CACNL1A1;CaV1.2;CACN2;LQT8;CACNA1C;CCHL1A1,N,N,N,N,N,N,N,N,N,N,N,N,N,N,N,N,N,N,N,N,N,N,N,N,N,N,N,N,N,N,N,N
CCHL1A2;CACN4;Cav1.3;PASNA;CACH3;CACNL1A2;SANDD;CACNA1D,N,N,N,N,N,N,N,N,N,N,N,N,N,N,N,N,N,N,N,N,N,N,N,N,N,N,N,N,N,N,N,N
Cav2.3;CACNA1E;CACH6;CACNL1A6;BII;gm139,N,N,N,N,N,N,N,N,N,N,N,N,N,N,N,N,N,N,N,N,N,N,N,N,N,N,N,N,N,N,N,N
COD3;CSNB2;CSNB2A;Cav1.4;JMC8;Cav1.4alpha1;CORDX;JM8;COD4;CSNBX2;CACNA1F;OA2;CORDX3;AIED,N,N,N,N,N,N,N,N,N,N,N,N,N,N,N,N,N,N,N,N,N,N,N,N,N,N,N,N,N,N,N,N
CACNA1S;MHS5;TTPP1;CACNL1A3;hypoPP;HOKPP;HOKPP1;Cav1.1;CCHL1A3,N,N,N,N,N,N,N,N,N,N,N,N,N,N,N,N,N,N,N,N,N,N,N,N,N,N,N,N,N,N,N,N
lncRNA-N3;CACNL2A;LINC01112;CACNA2;CACNA2D1;CCHL2A;MHS3,N,N,N,N,N,N,N,N,N,N,N,N,N,N,N,N,N,N,N,N,N,N,N,N,N,N,N,N,N,N,N,N
CACNB1;CCHLB1;CACNLB1;CAB1,N,N,N,N,N,N,N,N,N,N,N,N,N,N,N,N,N,N,N,N,N,N,N,N,N,N,N,N,N,N,N,N
CACNB2;CACNLB2;CAVB2;MYSB,N,N,N,N,N,N,N,N,N,N,N,N,N,N,N,N,N,N,N,N,N,N,N,N,N,N,N,N,N,N,N,N
CACNLB3;CACNB3;CAB3,N,N,N,N,N,N,N,N,N,N,N,N,N,N,N,N,N,N,N,N,N,N,N,N,N,N,N,N,N,N,N,N
EJM;EJM6;EIG9;CAB4;EJM4;CACNB4;EA5;CACNLB4,N,N,N,N,N,N,N,N,N,N,N,N,N,N,N,N,N,N,N,N,N,N,N,N,N,N,N,N,N,N,N,N
CACNG1;CACNLG,N,N,N,N,N,N,N,N,N,N,N,N,N,N,N,N,N,N,N,N,N,N,N,N,N,N,N,N,N,N,N,N
CACNA1I;ca(v)3.3;Cav3.3,N,N,N,N,N,N,N,N,N,N,N,N,N,N,N,N,N,N,N,N,N,N,N,N,N,N,N,N,N,N,N,N
HALD4;Cav3.2;CACNA1H;EIG6;ECA6;CACNA1HB,N,N,N,N,N,N,N,N,N,N,N,N,N,N,N,N,N,N,N,N,N,N,N,N,N,N,N,N,N,N,N,N
Cav3.1;Ca(V)T.1;CACNA1G;SCA42;NBR13,N,N,N,N,N,N,N,N,N,N,N,N,N,N,N,N,N,N,N,N,N,N,N,N,N,N,N,N,N,N,N,N
CACNA2D;CACNA2D2,N,N,N,N,N,N,N,N,N,N,N,N,N,N,N,N,N,N,N,N,N,N,N,N,N,N,N,N,N,N,N,N
CACNA2D4;RCD4,N,N,N,N,N,N,N,N,N,N,N,N,N,N,N,N,N,N,N,N,N,N,N,N,N,N,N,N,N,N,N,N
NAK-1;NGFIB;NP10;TR3;NUR77;NR4A1;HMR;N10;GFRP1,N,N,N,N,N,N,N,N,N,N,N,N,N,N,N,N,N,N,N,N,N,N,N,N,N,N,N,N,N,N,N,N
PRKM7;BMK1;ERK5;ERK4;MAPK7,D,D,D,D,D,D,D,D,D,D,D,D,D,D,D,D,D,D,D,D,D,D,D,D,D,D,D,D,D,D,D,D
MEK5;PRKMK5;MAPKK5;HsT17454;MAP2K5,D,D,D,D,D,D,D,D,D,N,D,D,D,D,D,D,D,D,D,D,D,D,D,D,D,D,D,D,D,D,D,D
NLK,D,D,D,D,D,D,D,D,D,D,D,D,D,D,D,D,D,D,D,D,D,D,D,D,D,D,D,D,D,D,D,D
CDC25B,N,N,A,N,N,N,N,A,N,N,N,N,A,N,N,N,A,N,N,N,N,N,A,N,N,N,N,N,N,N,N,N
RPS6KA4;S6K-alpha-4;MSK2;RSK-B,B,B,B,B,B,B,B,B,B,B,B,B,B,B,B,B,B,B,B,B,B,B,B,B,B,B,B,B,B,B,B,B
MSK1;MSPK1;RLPK;RPS6KA5,B,B,B,B,B,B,B,B,B,B,B,B,B,B,B,B,B,B,B,B,B,B,B,B,B,B,B,B,B,B,B,B
3PK;MDPT3;MAPKAPK3;MAPKAP-K3;MAPKAPK-3;MK-3;MAPKAP3,B,B,B,B,B,B,B,B,B,B,B,B,B,B,B,B,B,B,B,B,B,B,B,B,B,B,B,B,B,B,B,B
MAPKAP-K2;MK-2;MAPKAPK2;MK2,B,B,B,B,B,B,B,B,B,B,B,B,B,B,B,B,B,B,B,B,B,B,B,B,B,B,B,B,B,B,B,B
CREB-2;CREB2;TAXREB67;ATF4;TXREB,N,N,N,N,N,N,N,N,N,N,N,N,N,N,N,N,N,N,N,N,N,N,N,N,N,N,N,N,N,N,N,N
C5DELq14.3;DEL5q14.3;MEF2C,A,A,N,A,N,A,N,A,A,N,A,A,N,N,N,N,N,N,A,N,A,A,N,A,A,N,N,A,N,A,A,A
MAX;bHLHd4,N,N,N,N,N,N,N,N,N,N,N,N,N,N,N,N,N,N,N,N,N,N,N,N,N,N,N,N,N,N,N,N
DDIT3;CHOP;CHOP-10;C/EBPzeta;CEBPZ;CHOP10;GADD153,N,N,N,N,N,N,N,N,N,N,N,N,N,N,N,N,N,N,N,N,N,N,N,N,N,N,N,N,N,N,N,N
SAP1;ELK4,N,N,N,N,N,N,N,N,N,N,N,N,N,N,N,N,N,N,N,N,N,N,N,N,N,N,N,N,N,N,N,N
BCC7;TP53;TRP53;P53;LFS1,N,N,N,N,N,N,N,N,N,N,N,N,N,N,N,N,N,N,N,N,N,N,N,N,N,N,N,N,N,N,N,N
ELK1,N,N,N,N,N,N,N,N,N,N,N,N,N,N,N,N,N,N,N,N,N,N,N,N,N,N,N,N,N,N,N,N
HB16;CREB-2;TREB7;CREB2;ATF2;CRE-BP1,N,N,N,N,N,N,N,N,N,N,N,N,N,N,N,N,N,N,N,N,N,N,N,N,N,N,N,N,N,N,N,N
EXIP;SAPK2A;CSPB1;PRKM15;Mxi2;CSBP;PRKM14;p38;p38ALPHA;CSBP2;MAPK14;RK;CSBP1,D,D,D,D,D,D,D,D,D,D,D,D,D,D,D,D,D,D,D,D,D,D,D,D,D,D,D,D,D,D,D,D
MAPK11;P38B;SAPK2B;p38Beta;p38-2;SAPK2;PRKM11;P38BETA2,D,D,D,D,D,D,D,D,D,D,D,D,D,D,D,D,D,D,D,D,D,D,D,D,D,D,D,D,D,D,D,D
SAPK4;MAPK13;MAPK_13;p38delta;MAPK-13;PRKM13,D,D,D,D,D,D,D,D,D,D,D,D,D,D,D,D,D,D,D,D,D,D,D,D,D,D,D,D,D,D,D,D
ERK6;MAPK12;SAPK3;MAPK_12;PRKM12;ERK-6;ERK3;SAPK-3;P38GAMMA,D,D,D,D,D,D,D,D,D,D,D,D,D,D,D,D,D,D,D,D,D,D,D,D,D,D,D,D,D,D,D,D
PPP5D1,A,A,N,A,N,N,N,A,A,N,A,A,A,N,N,N,A,A,A,N,N,N,A,N,N,A,N,A,N,N,A,N
PPT;PPP5C;PPP5;PP5,D,D,D,D,D,D,D,D,D,N,D,D,D,D,D,D,D,D,D,D,D,D,D,D,D,D,D,D,D,D,D,D
SAPKK3;MEK6;MAPKK6;MKK6;MAP2K6;PRKMK6;SAPKK-3,D,D,D,D,D,D,D,D,D,N,D,D,D,D,D,D,D,D,D,D,D,D,D,D,D,D,D,D,D,D,D,D
MEK3;SAPKK-2;MKK3;PRKMK3;MAPKK3;SAPKK2;MAP2K3,D,D,D,D,D,D,D,D,D,N,D,D,D,D,D,D,D,D,D,D,D,D,D,D,D,D,D,D,D,D,D,D
PP2Calpha;PP2C-ALPHA;PP2CA;PPM1A,A,A,A,A,A,N,A,A,A,N,A,N,A,A,A,A,A,A,N,A,A,N,A,A,A,N,N,A,N,N,A,N
PKB-GAMMA;MPPH;RAC-gamma;AKT3;RAC-PK-gamma;STK-2;PKBG;PRKBG;MPPH2,B,B,B,B,B,B,B,B,B,B,B,B,B,B,B,B,B,B,B,B,B,B,B,B,B,B,B,B,B,B,B,B
AKT1;PKB;PRKBA;RAC-ALPHA;AKT;CWS6;RAC;PKB-ALPHA,B,B,B,B,B,B,B,B,B,B,B,B,B,B,B,B,B,B,B,B,B,B,B,B,B,B,B,B,B,B,B,B
PKBB;PKBBETA;HIHGHH;AKT2;RAC-BETA;PRKBB,B,B,B,B,B,B,B,B,B,B,B,B,B,B,B,B,B,B,B,B,B,B,B,B,B,B,B,B,B,B,B,B
TAOK3;DPK;hKFC-A;MAP3K18;JIK,D,D,D,D,D,D,D,D,D,N,D,D,D,D,D,D,D,D,D,D,D,D,D,D,D,D,D,D,D,D,D,D
TAOK1;MAP3K16;hTAOK1;PSK2;TAO1;hKFC-B;PSK-2;KFC-B;MARKK,D,D,D,D,D,D,D,D,D,N,D,D,D,D,D,D,D,D,D,D,D,D,D,D,D,D,D,D,D,D,D,D
MAP3K17;PSK;PSK1-BETA;PSK1;TAO1;TAOK2;TAO2,D,D,D,D,D,D,D,D,D,N,D,D,D,D,D,D,D,D,D,D,D,D,D,D,D,D,D,D,D,D,D,D
MEKK4;MAP3K4;MAPKKK4;PRO0412;MTK1;MEKK_4,D,D,D,D,D,D,D,D,D,N,D,D,D,D,D,D,D,D,D,D,D,D,D,D,D,D,D,D,D,D,D,D
CMT2F;HSPB1;HEL-S-102;Hsp25;HSP28;HMN2B;SRP27;HSP27;HS.76067,N,N,A,N,A,N,N,A,A,N,A,A,A,A,N,A,A,A,N,N,N,A,A,A,N,A,N,N,N,N,A,N
TAK1;FMD2;MAP3K7;TGF1a;MEKK7;CSCF,B,B,B,B,B,B,B,B,B,B,B,B,B,B,B,B,B,B,B,B,B,B,B,B,B,B,B,B,B,B,B,B
MAPKKK5;MAP3K5;ASK1;MEKK5,D,D,D,D,D,D,D,D,D,N,D,D,D,D,D,D,D,D,D,D,D,D,D,D,D,D,D,D,D,D,D,D
MAPKKK6;MEKK6;MAP3K6;ASK2,D,D,D,D,D,D,D,D,D,N,D,D,D,D,D,D,D,D,D,D,D,D,D,D,D,D,D,D,D,D,D,D
MLTK;SFMMP;MLTKbeta;AZK;mlklak;pk;CNM6;MAP3K20;ZAK;MLK7;MLTKalpha;MLT;MRK,B,B,B,B,B,B,B,B,B,N,B,B,B,B,B,B,B,B,B,B,B,B,B,B,B,B,B,B,B,B,B,B
MEKK12;DLK;ZPKP1;MUK;MAP3K12;ZPK,B,B,B,B,B,B,B,B,B,B,B,B,B,B,B,B,B,B,B,B,B,B,B,B,B,B,B,B,B,B,B,B
LZK;MEKK13;MLK;MAP3K13,D,D,D,D,D,D,D,D,D,N,D,D,D,D,D,D,D,D,D,D,D,D,D,D,D,D,D,D,D,D,D,D
BL44;MAP4K2;GCK;RAB8IP,D,D,D,D,D,D,D,D,D,D,D,D,D,D,D,D,D,D,D,D,D,D,D,D,D,D,D,D,D,D,D,D
MST2;STK3;KRS1,D,D,D,D,D,D,D,D,D,N,D,D,D,D,D,D,D,D,D,D,D,D,D,D,D,D,D,D,D,D,D,D
STK4;YSK3;MST1;KRS2,D,D,D,D,D,D,D,D,D,N,D,D,D,D,D,D,D,D,D,D,D,D,D,D,D,D,D,D,D,D,D,D
ECSIT;SITPEC,N,N,N,N,N,N,N,N,N,N,N,N,N,N,N,N,N,N,N,N,N,N,N,N,N,N,N,N,N,N,N,N
MAP3K7IP2;TAB2;CHTD2;TAB-2,N,N,N,N,N,N,N,N,N,N,N,N,N,N,N,N,N,N,N,N,N,N,N,N,N,N,N,N,N,N,N,N
3'-Tab1;TAB1;MAP3K7IP1,A,A,A,N,N,N,A,N,A,N,A,N,A,A,A,N,A,N,N,A,A,N,A,N,A,N,N,A,N,N,A,N
CR6;GRP17;DDIT2;GADD45gamma;GADD45G,N,N,N,N,N,N,N,N,N,N,N,N,N,N,N,N,N,N,N,N,N,N,N,N,N,N,N,N,N,N,N,N
GADD45A;DDIT1;GADD45,N,N,N,N,N,N,N,N,N,N,N,N,N,N,N,N,N,N,N,N,N,N,N,N,N,N,N,N,N,N,N,N
GADD45BETA;MYD118;GADD45B,N,N,N,N,N,N,N,N,N,N,N,N,N,N,N,N,N,N,N,N,N,N,N,N,N,N,N,N,N,N,N,N
RNF85;TRAF6;MGC:3310,A,A,A,A,N,A,A,A,N,N,A,A,N,A,A,A,A,N,A,A,A,N,A,N,A,A,N,N,N,A,A,A
BING2;DAP6;EAP1;DAXX,N,N,N,N,N,N,N,N,N,N,N,N,N,N,N,N,N,N,N,N,N,N,N,N,N,N,N,N,N,N,N,N
TRAP;MGC:45012;TRAP3;TRAF2,A,N,A,N,N,N,A,N,N,N,A,N,N,A,N,N,A,N,N,N,A,N,N,N,N,N,N,N,N,N,A,N
SCA-1;CPP32B;CASP3;CPP32,N,N,N,N,N,N,N,N,N,N,N,N,N,N,N,N,N,N,N,N,N,N,N,N,N,N,N,N,N,N,N,N
CD14,N,N,N,N,N,N,N,N,N,N,N,N,N,N,N,N,N,N,N,N,N,N,N,N,N,N,N,N,N,N,N,N
AAT5;ACVRLK4;LDS1;MSSE;LDS1A;SKR4;LDS2A;ESS1;tbetaR-I;ALK-5;TGFR-1;TGFBR1;ALK5,B,B,B,B,B,B,B,B,B,B,B,B,B,B,B,B,B,B,B,B,B,B,B,B,B,B,B,B,B,B,B,B
MFS2;TGFR-2;TGFbeta-RII;RIIC;LDS2B;FAA3;TAAD2;TGFBR2;AAT3;LDS2;LDS1B,B,B,B,B,B,B,B,B,B,N,B,B,B,B,B,B,B,B,B,B,B,B,B,B,B,B,B,B,B,B,B,B
FAS1;FAS;APO-1;CD95;ALPS1A;FASTM;TNFRSF6;APT1,N,N,N,N,N,N,N,N,N,N,N,N,N,N,N,N,N,N,N,N,N,N,N,N,N,N,N,N,N,N,N,N
P80;IL1RA;CD121A;D2S1473;IL1R1;IL-1R-alpha;IL1R,N,N,N,N,N,N,N,N,N,N,N,N,N,N,N,N,N,N,N,N,N,N,N,N,N,N,N,N,N,N,N,N
C3orf13;IL1RAP;IL-1RAcP;IL1R3,N,N,N,N,N,N,N,N,N,N,N,N,N,N,N,N,N,N,N,N,N,N,N,N,N,N,N,N,N,N,N,N
p55-R;FPF;TNF-R-I;TNFR55;TNF-R;TBP1;p60;TNF-R55;TNFR60;TNFRSF1A;CD120a;TNFR1;TNFAR;p55,N,N,N,N,N,N,N,N,N,N,N,N,N,N,N,N,N,N,N,N,N,N,N,N,N,N,N,N,N,N,N,N
TGFB1;TGFbeta;DPD1;CED;LAP;TGFB,N,N,N,N,N,N,N,N,N,N,N,N,N,N,N,N,N,N,N,N,N,N,N,N,N,N,N,N,N,N,N,N
G-TSF;TGFB2;LDS4;TGF-beta2,N,N,N,N,N,N,N,N,N,N,N,N,N,N,N,N,N,N,N,N,N,N,N,N,N,N,N,N,N,N,N,N
RNHF;ARVD1;TGF-beta3;TGFB3;ARVD;LDS5,N,N,N,N,N,N,N,N,N,N,N,N,N,N,N,N,N,N,N,N,N,N,N,N,N,N,N,N,N,N,N,N
IL1;IL1-ALPHA;IL1A;IL-1A;IL1F1,N,N,N,N,N,N,N,N,N,N,N,N,N,N,N,N,N,N,N,N,N,N,N,N,N,N,N,N,N,N,N,N
IL1-BETA;IL1B;IL1F2;IL-1,N,N,N,N,N,N,N,N,N,N,N,N,N,N,N,N,N,N,N,N,N,N,N,N,N,N,N,N,N,N,N,N
TNF-alpha;TNFA;DIF;TNLG1F;TNF;TNFSF2,N,N,N,N,N,N,N,N,N,N,N,N,N,N,N,N,N,N,N,N,N,N,N,N,N,N,N,N,N,N,N,N
MAPKAPK5;MK-5;MAPKAP-K5;PRAK;MK5,B,B,B,B,B,B,B,B,B,B,B,B,B,B,B,B,B,B,B,B,B,B,B,B,B,B,B,B,B,B,B,B
RAC1;Rac-1;p21-Rac1;TC-25;MIG5,C,C,C,C,C,C,C,C,C,C,C,C,C,C,C,C,C,C,C,C,C,C,C,C,C,C,C,C,C,C,C,C
HSPC022;p21-Rac2;Gx;RAC2;EN-7,C,C,C,C,C,C,C,C,C,C,C,C,C,C,C,C,C,C,C,C,C,C,C,C,C,C,C,C,C,C,C,C
RAC3,C,C,C,C,C,C,C,C,C,C,C,C,C,C,C,C,C,C,C,C,C,C,C,C,C,C,C,C,C,C,C,C
TKS;CDC42;G25K;CDC42Hs,C,C,C,C,C,C,C,C,C,C,C,C,C,C,C,C,C,C,C,C,C,C,C,C,C,C,C,C,C,C,C,C
PAK1;PAKalpha,D,D,D,D,D,D,D,D,D,D,D,D,D,D,D,D,D,D,D,D,D,D,D,D,D,D,D,D,D,D,D,D
PAK65;PAKgamma;PAK2,D,D,D,D,D,D,D,D,D,D,D,D,D,D,D,D,D,D,D,D,D,D,D,D,D,D,D,D,D,D,D,D
MEKK2;MAP3K2;MEKK2B,B,B,B,B,B,B,B,B,B,B,B,B,B,B,B,B,B,B,B,B,B,B,B,B,B,B,B,B,B,B,B,B
MAPKKK3;MEKK3;MAP3K3,B,B,B,B,B,B,B,B,B,B,B,B,B,B,B,B,B,B,B,B,B,B,B,B,B,B,B,B,B,B,B,B
PRKM8IPL;JIP2;IB2;IB-2;MAPK8IP2,N,N,N,N,N,N,N,N,N,N,N,N,N,N,N,N,N,N,N,N,N,N,N,N,N,N,N,N,N,N,N,N
JIP1;MAPK8IP1;JIP-1;PRKM8IP;IB1,N,N,N,N,N,N,N,N,N,N,N,N,N,N,N,N,N,N,N,N,N,N,N,N,N,N,N,N,N,N,N,N
MEKK11;MAP3K11;MLK3;MLK-3;PTK1;SPRK,B,B,B,B,B,B,B,B,B,B,B,B,B,B,B,B,B,B,B,B,B,B,B,B,B,B,B,B,B,B,B,B
MAP2K7;SAPKK-4;MKK7;MEK_7;MEK;JNKK2;SAPKK4;MAPKK7;PRKMK7,D,D,D,D,D,D,D,D,D,N,D,D,D,D,D,D,D,D,D,D,D,D,D,D,D,D,D,D,D,D,D,D
JNK21B1/2;JNK;SAPK1c;PRKM8;JNK1A2;MAPK8;SAPK1;JNK1;JNK-46,D,D,D,D,D,D,D,D,D,D,D,D,D,D,D,D,D,D,D,D,D,D,D,D,D,D,D,D,D,D,D,D
JNK2BETA;SAPK;JNK2A;JNK2;JNK2B;p54a;MAPK9;JNK-55;SAPK1a;p54aSAPK;PRKM9;JNK2ALPHA,D,D,D,D,D,D,D,D,D,D,D,D,D,D,D,D,D,D,D,D,D,D,D,D,D,D,D,D,D,D,D,D
SAPK1b;PRKM10;JNK3A;p493F12;p54bSAPK;MAPK10;JNK3,D,D,D,D,D,D,D,D,D,D,D,D,D,D,D,D,D,D,D,D,D,D,D,D,D,D,D,D,D,D,D,D
SAPKK-1;SEK1;SKK1;MEK4;MAPKK4;JNKK;SERK1;PRKMK4;MKK4;MAP2K4;JNKK1;SAPKK1,D,D,D,D,D,D,D,D,D,N,D,D,D,D,D,D,D,D,D,D,D,D,D,D,D,D,D,D,D,D,D,D
CRKII;p38;CRK,A,A,A,N,A,N,N,N,A,N,A,N,A,A,A,N,N,N,A,A,A,A,A,A,A,A,A,A,A,A,A,A
CRKL,A,A,A,N,N,A,N,N,A,N,A,A,A,A,A,N,N,N,A,A,A,A,A,A,A,A,A,A,A,A,A,A
ARR1;ARRB1;ARB1,N,N,N,N,N,N,N,N,N,N,N,N,N,N,N,N,N,N,N,N,N,N,N,N,N,N,N,N,N,N,N,N
ARB2;ARRB2;BARR2;ARR2,N,N,N,N,N,N,N,N,N,N,N,N,N,N,N,N,N,N,N,N,N,N,N,N,N,N,N,N,N,N,N,N
EVI1;RUSAT2;MECOM;KMT8E;PRDM3;AML1-EVI-1;MDS1;MDS1-EVI1,N,N,N,N,N,N,N,N,N,N,N,N,N,N,N,N,N,N,N,N,N,N,N,N,N,N,N,N,N,N,N,N
HSPA1A;HSP70.1;HEL-S-103;HSP70I;HSP70-1;HSP72;HSP70-1A;HSPA1,B,B,B,B,B,N,N,B,B,N,B,N,N,B,B,B,B,B,N,B,B,B,B,N,N,B,B,N,N,B,B,B
HSP70-2;HSPA1B;HSP70-1B;HSP70.2,B,B,B,B,B,N,N,B,B,N,B,N,N,B,B,B,B,B,N,B,B,B,B,N,N,B,B,N,N,B,B,B
hum70t;HSP70-HOM;HSPA1L;HSP70T;HSP70-1L,B,B,B,B,B,N,N,B,B,N,B,N,N,B,B,B,B,B,N,B,B,B,B,N,N,B,B,N,N,B,B,B
HSP70-2;HSP70-3;HSPA2,B,B,B,B,B,N,N,B,B,N,B,N,N,B,B,B,B,B,N,B,B,B,B,N,N,B,B,N,N,B,B,B
HSP70B';HSPA6,B,B,B,B,B,N,N,B,B,N,B,N,N,B,B,B,B,B,N,B,B,B,B,N,N,B,B,N,N,B,B,B
HSP71;HSC54;HSP73;HEL-S-72p;HSC71;HSPA10;LAP-1;HSPA8;LAP1;HSC70;HEL-33;NIP71,B,B,B,B,B,N,N,B,B,N,B,N,N,B,B,B,B,B,N,B,B,B,B,N,N,B,B,N,N,B,B,B
AP-1;JUND,N,N,N,N,N,N,N,N,N,N,N,N,N,N,N,N,N,N,N,N,N,N,N,N,N,N,N,N,N,N,N,N
JUN;c-Jun;AP-1;p39;AP1,N,N,N,N,N,N,N,N,N,N,N,N,N,N,N,N,N,N,N,N,N,N,N,N,N,N,N,N,N,N,N,N
NFATC3;NFATX;NFAT4,N,N,N,N,N,N,N,N,N,N,N,N,N,N,N,N,N,N,N,N,N,N,N,N,N,N,N,N,N,N,N,N
NFAT2;NF-ATC;NFATc;NF-ATc1.2;NFATC1,N,N,N,N,N,N,N,N,N,N,N,N,N,N,N,N,N,N,N,N,N,N,N,N,N,N,N,N,N,N,N,N
CALNA1;PPP3CA;CNA1;CALN;CALNA;PPP2B;CCN1,D,D,D,D,D,D,D,D,D,N,D,D,D,D,D,D,D,D,D,D,D,D,D,D,D,D,D,D,D,D,D,D
PP2Bbeta;CALNA2;CNA2;CALNB;PPP3CB,D,D,D,D,D,D,D,D,D,N,D,D,D,D,D,D,D,D,D,D,D,D,D,D,D,D,D,D,D,D,D,D
CNA3;PP2Bgamma;CALNA3;PPP3CC,D,D,D,D,D,D,D,D,D,N,D,D,D,D,D,D,D,D,D,D,D,D,D,D,D,D,D,D,D,D,D,D
CNB;CNB1;CALNB1;PPP3R1,A,A,A,A,A,A,A,A,A,N,A,A,A,A,A,A,A,A,A,A,A,A,A,A,A,A,A,A,A,A,A,A
PPP3R2;PPP3RL,A,A,A,A,A,A,A,A,A,A,A,A,A,A,A,A,A,A,A,A,A,A,A,A,A,A,A,A,A,A,A,A
JIP3;JSAP1;SYD2;syd;MAPK8IP3;JIP-3,N,N,N,N,N,N,N,N,N,N,N,N,N,N,N,N,N,N,N,N,N,N,N,N,N,N,N,N,N,N,N,N
OPD1;XLVD;ABPX;FMD;OPD2;NHBP;FLNA;FLN;FLN1;OPD;FLN-A;XMVD;ABP-280;MNS;CVD1;CSBS,A,A,A,N,N,A,A,A,A,N,A,A,N,A,A,A,A,N,N,N,A,A,A,N,N,A,N,A,N,A,A,A
TABP;LRS1;FH1;FLN-B;FLN1L;SCT;TAP;AOI;ABP-280;ABP-278;FLNB,A,A,A,N,N,A,A,A,A,N,A,A,N,A,A,A,A,N,N,N,A,A,A,N,N,A,N,A,N,A,A,A
FLNC;ABPL;MPD4;CMH26;ABPA;RCM5;FLN2;ABP280A;MFM5;ABP-280,A,A,A,N,A,A,A,A,A,N,A,A,N,A,A,A,A,N,N,N,A,A,A,A,N,A,N,A,N,A,A,A
SRXY6;MAPKKK1;MEKK;MEKK1;MAP3K1;MEKK_1,D,D,D,D,D,D,D,D,D,N,D,D,D,D,D,D,D,D,D,D,D,D,D,D,D,D,D,D,D,D,D,D
Tpl-2;EST;c-COT;MAP3K8;AURA2;ESTF;TPL2;COT;MEKK8,D,D,D,D,D,D,D,D,D,D,D,D,D,D,D,D,D,D,D,D,D,D,D,D,D,D,D,D,D,D,D,D
HPK1;MAP4K1,D,D,D,D,D,D,D,D,D,N,D,D,D,D,D,D,D,D,D,D,D,D,D,D,D,D,D,D,D,D,D,D
MAPKKKK3;MEKKK3;MEKKK_3;RAB8IPL1;MAP4K3;GLK,D,D,D,D,D,D,D,D,D,N,D,D,D,D,D,D,D,D,D,D,D,D,D,D,D,D,D,D,D,D,D,D
FOS;AP-1;p55;C-FOS,N,N,N,N,N,N,N,N,N,N,N,N,N,N,N,N,N,N,N,N,N,N,N,N,N,N,N,N,N,N,N,N
MCM1;SRF,A,A,N,A,N,A,N,A,A,N,A,A,N,N,N,N,N,N,A,N,A,A,N,A,A,N,N,A,N,A,A,A
MYC;MYCC;bHLHe39;MRTL;c-Myc,N,N,N,N,N,N,N,N,N,N,N,N,N,N,N,N,N,N,N,N,N,N,N,N,N,N,N,N,N,N,N,N
RSK4;p90RSK6;S6K-alpha-6;PP90RSK4;RSK-4;RPS6KA6,B,B,B,B,B,B,B,B,B,B,B,B,B,B,B,B,B,B,B,B,B,B,B,B,B,B,B,B,B,B,B,B
p90Rsk;RPS6KA1;RSK1;MAPKAPK1A;HU-1;RSK,B,B,B,B,B,B,B,B,B,B,B,B,B,B,B,B,B,B,B,B,B,B,B,B,B,B,B,B,B,B,B,B
p90-RSK3;RPS6KA2;HU-2;S6K-alpha2;p90RSK2;pp90RSK3;S6K-alpha;RSK3;RSK;MAPKAPK1C,B,B,B,B,B,B,B,B,B,B,B,B,B,B,B,B,B,B,B,B,B,B,B,B,B,B,B,B,B,B,B,B
RPS6KA3;ISPK-1;RSK2;p90-RSK2;MAPKAPK1B;pp90RSK2;HU-3;S6K-alpha3;CLS;RSK;MRX19,B,B,B,B,B,B,B,B,B,B,B,B,B,B,B,B,B,B,B,B,B,B,B,B,B,B,B,B,B,B,B,B
MNK2;GPRK7;MKNK2,B,B,B,B,B,B,B,B,B,B,B,B,B,B,B,B,B,B,B,B,B,B,B,B,B,B,B,B,B,B,B,B
MNK1;MKNK1,B,B,B,B,B,B,B,B,B,B,B,B,B,B,B,B,B,B,B,B,B,B,B,B,B,B,B,B,B,B,B,B
MCSF;CSF-1;CSF1,N,N,N,N,N,N,N,N,N,N,N,N,N,N,N,N,N,N,N,N,N,N,N,N,N,N,N,N,N,N,N,N
EFL1;LERK1;TNFAIP4;EFNA1;ECKLG;LERK-1;EPLG1;B61,N,N,N,N,N,N,N,N,N,N,N,N,N,N,N,N,N,N,N,N,N,N,N,N,N,N,N,N,N,N,N,N
LERK-6;LERK6;EFNA2;ELF-1;EPLG6;HEK7-L,N,N,N,N,N,N,N,N,N,N,N,N,N,N,N,N,N,N,N,N,N,N,N,N,N,N,N,N,N,N,N,N
LERK3;Ehk1-L;EFL2;EFNA3;EPLG3,N,N,N,N,N,N,N,N,N,N,N,N,N,N,N,N,N,N,N,N,N,N,N,N,N,N,N,N,N,N,N,N
EFNA4;EFL4;LERK4;EPLG4,N,N,N,N,N,N,N,N,N,N,N,N,N,N,N,N,N,N,N,N,N,N,N,N,N,N,N,N,N,N,N,N
EFL5;RAGS;GLC1M;EPLG7;LERK7;EFNA5;AF1,N,N,N,N,N,N,N,N,N,N,N,N,N,N,N,N,N,N,N,N,N,N,N,N,N,N,N,N,N,N,N,N
EGF;HOMG4;URG,N,A,A,A,N,N,N,A,A,N,A,A,N,A,N,A,A,A,N,A,A,A,A,A,N,A,A,N,A,N,A,A
GLIO703;FGFA;HBGF1;ECGFB;FGF-1;FGF1;FGF-alpha;ECGFA;ECGF;HBGF-1;ECGF-beta;AFGF,N,N,N,N,N,N,N,N,N,N,N,N,N,N,N,N,N,N,N,N,N,N,N,N,N,N,N,N,N,N,N,N
FGFB;BFGF;FGF2;FGF-2;HBGF-2,N,N,N,N,N,N,N,N,N,N,N,N,N,N,N,N,N,N,N,N,N,N,N,N,N,N,N,N,N,N,N,N
HBGF-3;FGF3;INT2,N,N,N,N,N,N,N,N,N,N,N,N,N,N,N,N,N,N,N,N,N,N,N,N,N,N,N,N,N,N,N,N
KFGF;K-FGF;FGF-4;HBGF-4;HST;HSTF-1;HSTF1;FGF4;HST-1,N,N,N,N,N,N,N,N,N,N,N,N,N,N,N,N,N,N,N,N,N,N,N,N,N,N,N,N,N,N,N,N
Smag-82;HBGF-5;FGF5;TCMGLY,N,N,N,N,N,N,N,N,N,N,N,N,N,N,N,N,N,N,N,N,N,N,N,N,N,N,N,N,N,N,N,N
FGF6;HBGF-6;HST2,N,N,N,N,N,N,N,N,N,N,N,N,N,N,N,N,N,N,N,N,N,N,N,N,N,N,N,N,N,N,N,N
HBGF-7;FGF7;KGF,N,N,N,N,N,N,N,N,N,N,N,N,N,N,N,N,N,N,N,N,N,N,N,N,N,N,N,N,N,N,N,N
FGF8;HBGF-8;AIGF;KAL6;HH6;FGF-8,N,N,N,N,N,N,N,N,N,N,N,N,N,N,N,N,N,N,N,N,N,N,N,N,N,N,N,N,N,N,N,N
FGF-9;HBFG-9;HBGF-9;GAF;SYNS3;FGF9,N,N,N,N,N,N,N,N,N,N,N,N,N,N,N,N,N,N,N,N,N,N,N,N,N,N,N,N,N,N,N,N
FGF10,N,N,N,N,N,N,N,N,N,N,N,N,N,N,N,N,N,N,N,N,N,N,N,N,N,N,N,N,N,N,N,N
FGF-11;FHF-3;FGF11;FHF3,N,N,N,N,N,N,N,N,N,N,N,N,N,N,N,N,N,N,N,N,N,N,N,N,N,N,N,N,N,N,N,N
FGF12;FGF12B;EIEE47;FHF1,N,N,N,N,N,N,N,N,N,N,N,N,N,N,N,N,N,N,N,N,N,N,N,N,N,N,N,N,N,N,N,N
FHF-2;FGF2;FGF-13;FHF2;FGF13,N,N,N,N,N,N,N,N,N,N,N,N,N,N,N,N,N,N,N,N,N,N,N,N,N,N,N,N,N,N,N,N
FHF4;SCA27;FGF14;FHF-4;FGF-14,N,N,N,N,N,N,N,N,N,N,N,N,N,N,N,N,N,N,N,N,N,N,N,N,N,N,N,N,N,N,N,N
VEGFD;FIGF;VEGF-D,N,N,N,N,N,N,N,N,N,N,N,N,N,N,N,N,N,N,N,N,N,N,N,N,N,N,N,N,N,N,N,N
FLG3L;FL;FLT3L;FLT3LG,N,N,N,N,N,N,N,N,N,N,N,N,N,N,N,N,N,N,N,N,N,N,N,N,N,N,N,N,N,N,N,N
RHDA2;FGF20;FGF-20,N,N,N,N,N,N,N,N,N,N,N,N,N,N,N,N,N,N,N,N,N,N,N,N,N,N,N,N,N,N,N,N
FGF21,N,N,N,N,N,N,N,N,N,N,N,N,N,N,N,N,N,N,N,N,N,N,N,N,N,N,N,N,N,N,N,N
FGF22,N,N,N,N,N,N,N,N,N,N,N,N,N,N,N,N,N,N,N,N,N,N,N,N,N,N,N,N,N,N,N,N
AGPT;ANG1;ANGPT1;AGP1,A,A,A,A,N,A,A,N,A,N,A,A,A,A,A,A,A,A,N,N,A,A,N,N,N,A,N,N,A,N,A,A
AGPT2;ANG2;ANGPT2,A,A,A,A,N,A,A,N,A,N,A,A,A,A,A,A,A,A,N,N,A,A,N,N,N,A,N,N,A,N,A,A
HGFB;SF;HGF;DFNB39;F-TCF;HPTA,N,A,A,A,A,N,A,A,A,N,A,A,N,A,N,A,A,A,N,A,A,A,A,A,N,A,N,N,N,N,A,A
IGF1;IGF-I;IGFI;MGF,N,N,N,N,N,N,N,N,N,N,N,N,N,N,N,N,N,N,N,N,N,N,N,N,N,N,N,N,N,N,N,N
IGF2;PP9974;C11orf43;GRDF;IGF-II,N,N,N,N,N,N,N,N,N,N,N,N,N,N,N,N,N,N,N,N,N,N,N,N,N,N,N,N,N,N,N,N
IDDM;MODY10;ILPR;INS;IDDM1;IRDN;IDDM2,N,N,N,N,N,N,N,N,N,N,N,N,N,N,N,N,N,N,N,N,N,N,N,N,N,N,N,N,N,N,N,N
SLF;DFNA69;SF;Kitl;SHEP7;SCF;DCUA;FPH2;FPHH;KITLG;KL-1;MGF,N,N,N,N,N,N,N,N,N,N,N,N,N,N,N,N,N,N,N,N,N,N,N,N,N,N,N,N,N,N,N,N
Beta-NGF;NGFB;HSAN5;NGF,N,N,N,N,N,N,N,N,N,N,N,N,N,N,N,N,N,N,N,N,N,N,N,N,N,N,N,N,N,N,N,N
NT3;NGF-2;NTF3;NGF2;HDNF;NT-3,N,N,N,N,N,N,N,N,N,N,N,N,N,N,N,N,N,N,N,N,N,N,N,N,N,N,N,N,N,N,N,N
NT-4;NT5;NT4;GLC1O;NTF5;NT-4/5;NT-5;GLC10;NTF4,N,N,N,N,N,N,N,N,N,N,N,N,N,N,N,N,N,N,N,N,N,N,N,N,N,N,N,N,N,N,N,N
ANG3;ANGPT4;ANG4,A,A,A,A,N,A,A,N,A,N,A,A,A,A,A,A,A,A,N,N,A,A,N,N,N,A,N,N,A,N,A,A
PDGF1;PDGF-A;PDGFA,N,N,N,N,N,N,N,N,N,N,N,N,N,N,N,N,N,N,N,N,N,N,N,N,N,N,N,N,N,N,N,N
IBGC5;PDGF-2;SIS;SSV;PDGFB;c-sis;PDGF2,N,N,N,N,N,N,N,N,N,N,N,N,N,N,N,N,N,N,N,N,N,N,N,N,N,N,N,N,N,N,N,N
PIGF;PLGF;D12S1900;PGFL;SHGC-10760;PlGF-2;PGF,N,N,N,N,N,N,N,N,N,N,N,N,N,N,N,N,N,N,N,N,N,N,N,N,N,N,N,N,N,N,N,N
PDGFC;FALLOTEIN;SCDGF,N,N,N,N,N,N,N,N,N,N,N,N,N,N,N,N,N,N,N,N,N,N,N,N,N,N,N,N,N,N,N,N
BDNF;ANON2;BULN2,N,N,N,N,N,N,N,N,N,N,N,N,N,N,N,N,N,N,N,N,N,N,N,N,N,N,N,N,N,N,N,N
TGFA;TFGA,N,N,N,N,N,N,N,N,N,N,N,N,N,N,N,N,N,N,N,N,N,N,N,N,N,N,N,N,N,N,N,N
MVCD1;VEGFA;VEGF;VPF,N,N,N,N,N,N,N,N,N,N,N,N,N,N,N,N,N,N,N,N,N,N,N,N,N,N,N,N,N,N,N,N
VEGFL;VEGFB;VRF,N,N,N,N,N,N,N,N,N,N,N,N,N,N,N,N,N,N,N,N,N,N,N,N,N,N,N,N,N,N,N,N
VEGFC;Flt4-L;LMPH1D;VRP,N,N,N,N,N,N,N,N,N,N,N,N,N,N,N,N,N,N,N,N,N,N,N,N,N,N,N,N,N,N,N,N
IEGF;SCDGF-B;PDGFD;SCDGFB;MSTP036,N,N,N,N,N,N,N,N,N,N,N,N,N,N,N,N,N,N,N,N,N,N,N,N,N,N,N,N,N,N,N,N
HPDR2;PHPTC;FGFN;HYPF;ADHR;FGF23,N,N,N,N,N,N,N,N,N,N,N,N,N,N,N,N,N,N,N,N,N,N,N,N,N,N,N,N,N,N,N,N
ZFGF5;FGF18;FGF-18,N,N,N,N,N,N,N,N,N,N,N,N,N,N,N,N,N,N,N,N,N,N,N,N,N,N,N,N,N,N,N,N
HH20;FGF-17;FGF17;FGF-13,N,N,N,N,N,N,N,N,N,N,N,N,N,N,N,N,N,N,N,N,N,N,N,N,N,N,N,N,N,N,N,N
FGF16;MF4;FGF-16,N,N,N,N,N,N,N,N,N,N,N,N,N,N,N,N,N,N,N,N,N,N,N,N,N,N,N,N,N,N,N,N
FGF19,N,N,N,N,N,N,N,N,N,N,N,N,N,N,N,N,N,N,N,N,N,N,N,N,N,N,N,N,N,N,N,N
Hs.89862;TRADD,N,N,N,N,N,N,N,N,N,N,N,N,N,N,N,N,N,N,N,N,N,N,N,N,N,N,N,N,N,N,N,N
MYD88;MYD88D,N,N,N,N,N,N,N,N,N,N,N,N,N,N,N,N,N,N,N,N,N,N,N,N,N,N,N,N,N,N,N,N
IRAK;pelle;IRAK1,B,B,B,B,B,B,B,B,B,B,B,B,B,B,B,B,B,B,B,B,B,B,B,B,B,B,B,B,B,B,B,B
IRAK4;IRAK-4;IPD1;NY-REN-64;REN64,B,B,B,B,B,B,B,B,B,B,B,B,B,B,B,B,B,B,B,B,B,B,B,B,B,B,B,B,B,B,B,B
