1,N,N,B,N,N,N,N,B,B,N,B,N,N,B,N,N,N,N,N,B,B,N,B,N,N,N,N,N,N,N,N,N
MSH2,N,N,B,N,N,N,N,B,B,N,B,N,N,B,N,N,N,N,N,B,B,N,B,N,N,N,N,N,N,N,N,N
MLH3,N,B,N,N,N,N,N,B,B,N,B,B,N,N,B,N,B,N,N,B,N,B,B,B,N,B,N,B,N,N,B,N
MLH1,N,N,N,N,N,N,N,B,B,N,B,B,N,N,B,N,B,N,N,B,N,B,B,B,N,B,N,B,N,N,B,N
LIG1,N,N,N,N,N,N,N,N,A,N,A,N,A,N,N,N,N,N,N,N,N,A,N,N,N,A,N,N,N,N,N,A
6,N,N,N,N,N,N,N,N,A,N,A,N,A,N,N,N,N,N,N,N,N,A,N,N,N,A,N,N,N,N,N,A
PCNA1,C,C,N,N,N,N,N,C,C,N,N,C,N,N,N,N,N,N,N,N,N,N,C,N,N,N,N,C,C,N,N,N
PCNA2,C,C,N,N,N,N,N,C,C,N,N,C,N,N,N,N,N,N,N,N,N,N,C,N,N,N,N,C,C,N,N,N
POLD4,N,N,A,N,N,A,N,A,A,N,A,N,N,A,N,A,A,N,A,N,A,A,N,A,N,N,N,N,N,N,A,N
POLD3,A,N,N,N,N,N,N,N,A,N,N,N,N,A,N,N,N,N,N,N,N,N,N,N,N,N,N,N,N,N,A,N
POLD2,N,N,N,N,A,N,N,A,N,N,A,N,N,A,N,A,N,A,A,N,N,N,A,N,N,A,A,A,N,A,A,N
12,N,A,N,A,N,N,A,N,A,N,A,A,A,N,N,N,N,N,N,A,N,N,N,N,N,N,N,N,N,N,A,A
13,N,N,N,N,N,N,N,N,N,N,N,N,N,N,N,N,N,N,N,N,N,N,N,N,N,N,N,N,N,N,N,N
14,N,N,N,N,N,N,N,N,N,N,N,N,N,N,N,N,N,N,N,N,N,N,N,N,N,N,N,N,N,N,N,N
15,N,N,N,N,N,N,N,N,N,N,N,N,N,N,N,N,N,N,N,N,N,N,N,N,N,N,N,N,N,N,N,N
16,N,N,D,N,N,N,D,D,D,N,D,N,D,D,N,N,N,N,N,N,N,N,D,D,N,N,N,N,D,D,D,D
RPA1A,N,N,D,N,N,N,D,D,D,N,D,N,D,D,N,N,N,N,N,N,N,N,D,D,N,N,N,N,D,D,D,D
RPA2,A,N,N,N,N,N,N,N,N,N,A,A,A,A,N,N,A,N,A,N,N,N,A,A,N,A,N,N,A,N,A,N
19,N,N,N,N,N,N,N,N,N,N,N,N,N,N,N,N,N,N,N,N,N,N,N,N,N,N,N,N,N,N,N,N
RPA32B,A,N,N,N,N,N,N,N,N,N,A,A,A,A,N,N,A,N,A,N,N,N,A,A,N,A,N,N,A,N,A,N
21,A,N,A,N,N,N,N,N,A,N,N,N,N,N,N,N,N,N,A,N,N,N,N,A,N,N,N,A,N,N,N,N
22,A,N,A,N,N,N,N,N,A,N,N,N,N,N,N,N,N,N,A,N,N,N,N,A,N,N,N,A,N,N,N,N
23,N,N,D,N,N,N,D,D,D,N,D,N,D,D,N,N,N,N,N,N,N,N,D,D,N,N,N,N,D,D,D,D
24,N,N,N,N,N,N,N,N,N,N,N,N,N,N,N,N,N,N,N,N,N,N,N,N,N,N,N,N,N,N,N,N
RPA70B,N,N,D,N,N,N,D,D,D,N,D,N,D,D,N,N,N,N,N,N,N,N,D,D,N,N,N,N,D,D,D,D
RPA70C,N,N,D,N,N,N,D,D,D,N,D,N,D,D,N,N,N,N,N,N,N,N,D,D,N,N,N,N,D,D,D,D
RPA70D,N,N,D,N,N,N,D,D,D,N,D,N,D,D,N,N,N,N,N,N,N,N,D,D,N,N,N,N,D,D,D,D
MSH7,N,N,B,N,N,N,N,B,B,N,B,N,N,B,N,N,N,N,N,B,B,N,B,N,N,N,N,N,N,N,N,N
MSH6,N,N,B,B,N,N,N,B,B,N,B,N,B,B,N,N,N,N,N,B,B,N,B,N,N,N,N,N,N,N,B,N
30,N,N,C,C,C,N,N,C,C,N,C,C,C,C,N,N,C,N,C,C,N,N,C,N,C,C,N,C,N,N,C,N
31,N,N,C,C,C,N,N,C,C,N,C,C,C,C,N,N,C,N,C,C,N,N,C,N,C,C,N,C,N,N,C,N
MSH3,N,N,B,N,N,N,N,B,B,N,B,N,N,B,N,N,N,N,N,B,B,N,B,N,N,N,N,N,N,N,N,N
PMS1,N,N,N,N,N,N,N,B,B,N,B,B,N,N,B,N,B,N,N,B,N,B,B,B,N,B,N,B,N,N,B,N
EMB1968,N,A,A,A,N,N,N,N,N,N,A,A,A,N,A,A,A,A,A,N,A,N,N,N,N,N,A,A,N,A,A,N
RFC2,N,A,A,A,N,N,N,N,N,N,A,A,N,N,A,A,A,N,A,N,A,N,N,N,N,N,A,N,N,A,A,N
RFC3,N,A,N,A,N,N,N,N,N,N,A,N,A,N,A,A,A,A,N,N,N,N,N,N,N,N,A,A,N,N,N,N
RFC1,N,A,A,A,N,N,N,N,N,N,A,A,A,N,A,A,A,A,A,N,A,N,N,N,N,N,A,A,N,A,A,N
EMB2775,N,A,N,N,N,N,N,N,N,N,A,N,A,N,A,A,N,A,N,N,N,N,N,N,N,N,N,A,N,N,N,N
39,N,N,N,N,N,N,N,N,N,N,N,N,N,N,N,N,N,N,N,N,N,N,N,N,N,N,N,N,N,N,N,N
