Y14,A,A,N,N,A,A,A,A,A,N,A,A,A,A,A,A,A,A,N,N,A,A,A,A,N,A,A,N,N,N,A,N
MAGO,A,A,N,N,A,N,N,A,A,N,A,A,A,A,A,A,A,A,A,A,A,A,A,A,N,A,N,N,A,A,A,A
3,D,D,D,D,D,D,D,D,D,D,D,D,D,D,D,D,D,D,D,D,D,D,D,D,D,D,D,D,D,D,D,D
EIF4A-III,D,D,D,D,D,D,D,D,D,D,D,D,D,D,D,D,D,D,D,D,D,D,D,D,D,D,D,D,D,D,D,D
5,N,N,N,N,N,N,N,N,N,N,N,N,N,N,N,N,N,N,N,N,N,N,N,N,N,N,N,N,N,N,N,N
SR45,A,A,N,N,N,A,N,N,A,N,A,A,A,N,N,A,A,N,N,N,A,A,A,A,N,A,N,A,N,A,A,A
SAP18,A,A,N,N,N,N,N,A,A,N,A,N,N,A,N,N,N,N,A,N,N,N,N,N,N,N,N,N,A,N,A,N
8,A,N,N,N,N,N,N,N,A,N,A,A,N,A,N,N,N,N,N,N,A,A,N,A,N,N,N,N,N,N,A,A
9,N,N,N,N,N,N,N,N,N,N,N,N,N,N,N,N,N,N,N,N,N,N,N,N,N,N,N,N,N,N,N,N
10,N,N,N,N,N,N,N,N,N,N,N,N,N,N,N,N,N,N,N,N,N,N,N,N,N,N,N,N,N,N,N,N
11,N,N,N,N,N,N,N,N,N,N,N,N,N,N,N,N,N,N,N,N,N,N,N,N,N,N,N,N,N,N,N,N
ALY4,N,N,N,N,N,N,N,N,N,N,N,N,N,N,N,N,N,N,N,N,N,N,N,N,N,N,N,N,N,N,N,N
13,N,N,N,N,N,N,N,N,N,N,N,N,N,N,N,N,N,N,N,N,N,N,N,N,N,N,N,N,N,N,N,N
ABH1,N,N,N,N,N,N,N,N,N,N,N,N,N,N,N,N,N,N,N,N,N,N,N,N,N,N,N,N,N,N,N,N
UPF3,N,N,N,N,N,N,N,N,N,N,N,N,N,N,N,N,N,N,N,N,N,N,N,N,N,N,N,N,N,N,N,N
UAP56b,D,D,D,D,D,D,D,D,D,D,D,D,D,D,D,D,D,D,D,D,D,D,D,D,D,D,D,D,D,D,D,D
PYM,N,N,N,N,N,N,N,N,N,N,N,N,N,N,N,N,N,N,N,N,N,N,N,N,N,N,N,N,N,N,N,N
LBA1,A,A,A,A,A,N,A,A,A,N,A,A,A,A,N,A,A,N,A,N,A,A,A,N,A,A,A,A,N,A,A,N
19,N,A,N,N,N,N,A,N,N,N,N,N,N,N,N,N,A,N,N,N,A,N,N,N,N,A,N,N,N,N,N,N
SMG7,N,N,A,N,N,N,N,N,A,N,A,A,N,N,N,N,N,N,N,N,N,N,N,A,N,A,N,N,N,N,N,A
ERF1-2,C,N,N,C,N,N,C,N,N,C,C,C,N,C,N,C,C,N,N,C,C,C,C,N,N,N,N,C,C,C,N,C
ERF1-3,C,N,N,C,N,N,C,N,N,C,C,C,N,C,N,C,C,N,N,C,C,C,C,N,N,N,N,C,C,C,N,C
ERF1-1,C,N,N,C,N,N,C,N,N,C,C,C,N,C,N,C,C,N,N,C,C,C,C,N,N,N,N,C,C,C,N,C
24,D,D,D,N,D,D,D,N,N,D,D,D,N,N,D,D,D,N,D,N,D,N,D,D,N,N,D,N,D,N,D,N
25,A,N,N,N,N,A,N,N,N,N,N,N,N,N,A,N,N,N,N,N,A,N,N,A,N,N,N,A,N,A,A,N
26,A,N,N,N,N,A,N,N,N,N,N,N,N,N,A,N,N,N,N,N,A,N,N,A,N,N,N,A,N,A,A,N
27,A,N,N,N,N,A,N,N,N,N,N,N,N,N,A,N,N,N,N,N,A,N,N,A,N,N,N,A,N,A,A,N
28,A,N,A,A,A,N,A,N,A,N,A,N,N,A,A,A,N,N,A,A,A,N,N,N,N,A,N,N,A,N,A,N
29,A,N,A,A,A,N,A,N,A,N,A,N,N,A,A,A,N,N,A,A,A,N,N,N,N,A,N,N,A,N,A,N
30,A,A,N,N,N,N,A,A,A,A,N,N,N,A,N,N,N,N,A,N,A,N,A,N,N,A,N,N,N,N,A,N
CFIM-25,A,A,N,N,N,N,A,A,A,A,N,N,N,A,N,N,N,N,A,N,A,N,A,N,N,A,N,N,N,N,A,N
PAPS1,A,A,A,N,A,N,N,A,A,N,N,A,A,A,N,N,A,A,A,A,A,N,A,N,A,A,A,A,N,N,A,N
PAPS2,A,A,A,N,A,N,N,A,A,N,N,A,A,A,N,N,A,A,A,A,A,N,A,N,A,A,A,A,N,N,A,N
PAPS3,A,A,A,N,A,N,N,A,A,N,N,A,A,A,N,N,A,A,A,A,A,N,A,N,A,A,A,A,N,N,A,N
nPAP,A,A,A,N,A,N,N,A,A,N,N,A,A,A,N,N,A,A,A,A,A,N,A,N,A,A,A,A,N,N,A,N
36,N,N,A,N,N,A,N,N,A,N,A,N,N,A,N,N,N,N,A,A,A,N,N,A,A,A,N,N,N,A,A,N
37,N,N,A,N,N,A,N,N,A,N,A,N,N,A,N,N,N,N,A,A,A,N,N,A,A,A,N,N,N,A,A,N
PCFS4,N,N,A,N,N,A,N,N,A,N,A,N,N,A,N,N,N,N,A,A,A,N,N,A,A,A,N,N,N,A,A,N
39,N,N,A,N,N,A,N,N,A,N,A,N,N,A,N,N,N,N,A,A,A,N,N,A,A,A,N,N,N,A,A,N
CLPS3,N,N,A,N,A,N,A,N,N,N,N,N,A,N,N,N,A,N,N,N,N,N,A,N,N,A,N,N,N,N,N,N
CLPS5,N,N,N,N,A,N,A,N,N,N,N,N,N,N,N,N,A,N,N,N,N,N,A,N,N,N,N,N,N,N,N,N
42,A,N,N,N,A,A,N,A,A,N,N,N,A,A,N,N,N,N,A,N,N,N,N,N,A,A,A,A,N,N,A,N
43,A,A,N,N,A,A,N,A,A,N,A,N,A,A,A,N,N,A,A,N,N,N,N,N,A,A,A,A,N,N,A,N
CPSF73-I,N,N,N,N,N,N,N,N,B,N,B,N,N,B,N,N,N,N,N,N,B,N,N,N,B,N,N,N,N,N,B,N
CPSF100,N,N,N,N,N,N,N,N,B,N,B,N,N,B,N,N,N,N,N,N,B,N,N,N,B,N,N,N,N,N,B,N
CPSF160,A,A,A,N,A,A,N,A,A,A,A,A,N,A,A,A,A,A,A,A,N,N,A,A,N,N,A,A,A,N,A,N
CPSF30,A,N,N,N,N,N,A,A,A,N,A,N,N,A,N,A,A,N,A,A,N,A,A,N,N,A,A,A,A,N,A,A
NUFIP,N,N,N,N,N,N,N,N,N,N,N,N,N,N,N,N,N,N,N,N,N,N,N,N,N,N,N,N,N,N,N,N
49,A,A,A,A,A,A,A,A,A,N,A,A,A,A,A,A,A,A,A,A,A,A,A,A,A,A,N,A,A,A,A,A
CSTF64,A,A,A,N,A,A,A,A,A,N,A,A,A,A,A,A,A,A,A,N,A,A,A,A,A,A,A,A,N,A,A,A
CSTF77,A,A,A,N,A,A,N,A,A,N,A,A,N,N,N,A,A,A,A,A,A,N,A,A,N,A,A,N,A,N,A,A
52,N,A,N,N,N,N,N,N,A,N,N,N,N,A,N,A,N,N,N,N,N,N,N,N,N,N,N,N,N,N,A,N
ESP4,N,A,N,N,N,N,N,N,A,N,N,N,N,A,N,A,N,N,N,N,N,N,N,N,N,N,N,N,N,N,A,N
CBP20,A,A,A,N,A,A,A,N,A,N,N,A,A,A,N,A,A,A,N,N,N,N,A,A,A,N,N,N,A,N,A,N
55,A,A,N,N,A,N,N,A,A,N,A,A,A,A,A,N,A,A,N,N,A,A,A,N,N,N,N,N,N,A,A,N
PABN1,A,A,N,N,A,A,N,N,A,N,A,A,A,N,A,A,A,A,N,N,N,N,N,A,N,N,N,N,N,N,A,N
57,N,N,N,N,N,N,N,N,N,N,N,N,N,N,N,N,N,N,N,N,N,N,N,N,N,N,N,N,N,N,N,N
PAB3,D,D,D,D,D,D,D,D,D,D,D,D,D,D,D,D,D,D,D,N,D,D,D,D,D,D,D,D,D,D,D,D
PAB1,D,D,D,D,D,D,D,D,D,D,D,D,D,D,D,D,D,D,D,D,D,D,D,D,D,D,D,D,D,D,D,D
PAB8,D,D,D,D,D,D,D,D,D,D,D,D,D,D,D,D,D,D,D,D,D,D,D,D,D,D,D,D,D,D,D,D
PAB5,D,D,D,D,D,D,D,D,D,D,D,D,D,D,D,D,D,D,D,D,D,D,D,D,D,D,D,D,D,D,D,D
PAB4,A,A,A,N,A,A,A,A,A,A,A,A,A,A,A,A,A,A,A,A,A,A,A,A,A,A,A,A,A,N,A,A
PAB7,D,D,D,D,D,D,D,D,D,D,D,D,D,D,D,D,D,D,D,D,D,D,D,D,D,D,D,D,D,D,D,D
PAB6,A,A,A,N,A,A,A,A,A,A,A,A,A,A,A,A,A,A,A,N,A,A,A,A,A,A,A,A,A,N,A,A
PSRP2,A,A,A,N,A,A,A,A,A,N,A,A,A,A,A,A,A,A,A,N,A,A,A,A,A,A,A,A,A,A,A,A
PAB2,D,D,D,D,D,D,D,D,D,D,D,D,D,D,D,D,D,D,D,D,D,D,D,D,D,D,D,D,D,D,D,D
67,A,N,N,N,A,A,N,N,A,N,A,A,N,N,N,A,N,N,N,N,N,N,N,N,N,A,A,N,N,A,A,N
PP2A-2,D,D,D,D,D,D,D,D,D,N,D,D,D,D,D,D,D,D,D,D,D,D,D,D,D,D,D,D,D,D,D,D
PP2AA3,N,N,A,A,A,A,A,N,A,N,A,N,A,N,N,N,A,N,N,A,A,A,N,N,N,A,A,A,N,N,A,N
70,N,A,A,N,N,N,N,A,A,N,A,A,N,N,N,N,A,A,N,A,N,N,A,N,N,A,N,N,N,N,A,A
ATB_BETA,N,A,N,A,A,A,N,N,N,N,N,N,N,A,N,N,N,N,N,A,N,N,A,N,N,A,N,N,N,N,A,N
RCN1,N,N,A,A,A,A,A,N,A,N,A,N,A,N,N,N,A,N,N,A,A,A,N,N,N,A,A,A,N,N,A,N
B_ALPHA,N,A,N,A,A,A,N,N,N,N,N,N,N,A,N,N,N,N,N,A,N,N,A,N,N,A,N,N,N,N,A,N
74,A,N,N,N,A,A,N,N,A,N,A,A,N,N,N,A,N,N,N,N,N,N,N,N,N,A,A,N,N,A,A,N
PP2A-1,D,D,D,D,D,D,D,D,D,N,D,D,D,D,D,D,D,D,D,D,D,D,D,D,D,D,D,D,D,D,D,D
PP2A,D,D,D,D,D,D,D,D,D,N,D,D,D,D,D,D,D,D,D,D,D,D,D,D,D,D,D,D,D,D,D,D
PP2A-3,D,D,D,D,D,D,D,D,D,N,D,D,D,D,D,D,D,D,D,D,D,D,D,D,D,D,D,D,D,D,D,D
ATB'_BETA,N,A,A,N,N,N,N,A,A,N,A,A,N,N,N,N,A,A,N,A,N,N,A,N,N,A,N,N,N,N,A,A
79,N,A,A,N,N,N,N,A,A,N,A,A,N,N,N,N,A,A,N,A,N,N,A,N,N,A,N,N,N,N,A,A
PP2AA2,N,N,A,A,A,A,A,N,A,N,A,N,A,N,N,N,A,N,N,A,A,A,N,N,N,A,A,A,N,N,A,N
81,N,A,A,N,N,N,N,A,A,N,A,A,N,N,N,N,A,A,N,A,N,N,A,N,N,A,N,N,N,N,A,A
ATB'_DELTA,N,A,A,N,N,N,N,A,A,N,A,A,N,N,N,N,A,A,N,A,N,N,A,N,N,A,N,N,N,N,A,A
83,N,A,A,N,N,N,N,A,A,N,A,A,N,N,N,N,A,A,N,A,N,N,A,N,N,A,N,N,N,N,A,A
PP2A-4,D,D,D,D,D,D,D,D,D,N,D,D,D,D,D,D,D,D,D,D,D,D,D,D,D,D,D,D,D,D,D,D
ATB'_GAMMA,N,A,A,N,N,N,N,A,A,N,A,A,N,N,N,N,A,A,N,A,N,N,A,N,N,A,N,N,N,N,A,A
ATB'_ALPHA,N,A,A,N,N,N,N,A,A,N,A,A,N,N,N,N,A,A,N,A,N,N,A,N,N,A,N,N,N,N,A,A
FASS,A,N,N,N,A,A,N,N,A,N,A,A,N,N,N,A,N,N,N,N,N,N,N,N,N,A,A,N,N,A,A,N
88,N,A,A,N,N,N,N,A,A,N,A,A,N,N,N,N,A,A,N,A,N,N,A,N,N,A,N,N,N,N,A,A
89,A,N,N,N,A,A,N,N,A,N,A,A,N,N,N,A,N,N,N,N,N,N,N,N,N,A,A,N,N,A,A,N
90,A,N,N,N,A,A,N,N,A,N,A,A,N,N,N,A,N,N,N,N,N,N,N,N,N,A,A,N,N,A,A,N
91,A,N,N,N,A,A,N,N,A,N,A,A,N,N,N,A,N,N,N,N,N,N,N,N,N,A,A,N,N,A,A,N
92,D,D,D,N,D,D,D,N,D,D,D,D,D,N,D,D,D,N,D,D,D,N,D,D,N,N,D,N,D,N,D,N
93,C,N,N,N,N,N,N,N,N,N,C,C,N,C,N,N,C,N,N,N,C,C,C,N,N,N,N,C,N,N,N,C
PEL1,C,N,N,N,N,N,N,N,N,N,C,C,N,C,N,N,C,N,N,N,C,C,C,N,N,N,N,C,N,N,N,C
RBP1,A,A,A,N,A,A,A,A,A,N,A,N,A,A,N,A,A,A,A,A,A,A,A,A,A,A,A,A,A,N,A,A
96,A,A,A,N,A,A,A,A,A,N,A,A,A,A,A,A,A,A,A,A,A,A,A,A,A,A,A,A,A,N,A,A
97,A,A,A,N,A,A,A,A,A,N,A,A,A,A,A,A,A,A,A,A,A,A,A,A,A,A,A,A,A,N,A,A
98,A,A,A,N,A,A,A,A,A,N,A,N,A,A,A,A,A,A,A,A,A,A,A,A,A,A,A,A,A,N,A,A
99,A,A,A,N,A,A,A,A,A,N,A,A,A,A,A,A,A,A,A,A,A,A,A,A,A,A,A,A,A,N,A,A
100,A,A,A,N,A,A,A,A,A,N,A,N,A,A,A,A,A,A,A,A,A,A,A,A,A,A,A,A,A,N,A,A
101,A,A,A,N,A,A,A,A,A,N,A,A,A,A,A,A,A,A,A,A,A,A,A,A,A,A,A,A,A,N,A,A
102,A,A,A,N,A,A,A,A,A,N,A,A,A,A,A,A,A,A,A,A,A,A,A,A,A,A,A,A,A,N,A,A
FY,A,A,A,A,A,A,A,A,A,A,A,A,A,A,A,A,A,A,A,A,A,A,A,A,A,A,A,A,A,A,A,A
104,A,A,A,N,A,N,A,A,A,N,A,A,A,A,A,A,N,A,A,A,N,A,A,A,N,A,N,A,A,A,A,A
105,A,N,A,N,A,A,A,A,A,N,A,A,A,A,A,A,A,A,A,A,A,A,A,A,A,A,N,A,N,N,A,A
TOPP3,D,D,D,D,D,D,D,D,D,N,D,D,D,D,D,D,D,D,D,D,D,D,D,D,D,D,D,D,D,D,D,D
TOPP1,D,D,D,D,D,D,D,D,D,N,D,D,D,D,D,D,D,D,D,D,D,D,D,D,D,D,D,D,D,D,D,D
TOPP4,D,D,D,D,D,D,D,D,D,N,D,D,D,D,D,D,D,D,D,D,D,D,D,D,D,D,D,D,D,D,D,D
TOPP9,D,D,D,D,D,D,D,D,D,N,D,D,D,D,D,D,D,D,D,D,D,D,D,D,D,D,D,D,D,D,D,D
TOPP5,D,D,D,D,D,D,D,D,D,N,D,D,D,D,D,D,D,D,D,D,D,D,D,D,D,D,D,D,D,D,D,D
TOPP7,D,D,D,D,D,D,D,D,D,N,D,D,D,D,D,D,D,D,D,D,D,D,D,D,D,D,D,D,D,D,D,D
TOPP8,D,D,D,D,D,D,D,D,D,N,D,D,D,D,D,D,D,D,D,D,D,D,D,D,D,D,D,D,D,D,D,D
TOPP6,D,D,D,D,D,D,D,D,D,N,D,D,D,D,D,D,D,D,D,D,D,D,D,D,D,D,D,D,D,D,D,D
TOPP2,D,D,D,D,D,D,D,D,D,N,D,D,D,D,D,D,D,D,D,D,D,D,D,D,D,D,D,D,D,D,D,D
115,B,B,B,N,N,B,B,B,B,N,B,B,N,B,N,N,N,B,B,B,N,N,N,B,N,N,B,B,N,N,B,N
