CDC47;MCM7,N,N,N,N,N,N,N,N,N,N,N,N,N,N,N,N,N,N,N,N,N,N,N,N,N,N,N,N,N,N,N,N
MCM6,N,N,N,N,N,N,N,N,N,N,N,N,N,N,N,N,N,N,N,N,N,N,N,N,N,N,N,N,N,N,N,N
BOB1;MCM5;CDC46,N,N,N,N,N,N,N,N,N,N,N,N,N,N,N,N,N,N,N,N,N,N,N,N,N,N,N,N,N,N,N,N
CDC54;MCM4;HCD21,N,N,N,N,N,N,N,N,N,N,N,N,N,N,N,N,N,N,N,N,N,N,N,N,N,N,N,N,N,N,N,N
MCM3,N,N,N,N,N,N,N,N,N,N,N,N,N,N,N,N,N,N,N,N,N,N,N,N,N,N,N,N,N,N,N,N
MCM2,N,N,N,N,N,N,N,N,N,N,N,N,N,N,N,N,N,N,N,N,N,N,N,N,N,N,N,N,N,N,N,N
ORC6,N,N,N,N,N,N,N,N,N,N,N,N,N,N,N,N,N,N,N,N,N,N,N,N,N,N,N,N,N,N,N,N
ORC5,N,A,N,N,N,A,N,N,N,N,N,N,A,N,N,N,A,N,N,N,N,N,N,A,N,N,N,N,A,N,N,N
ORC4,A,N,N,N,N,N,N,A,N,N,N,A,N,N,N,N,N,N,N,N,N,N,N,A,A,N,N,N,N,N,N,N
ORC3,N,N,N,N,N,N,N,N,N,N,N,N,N,N,N,N,N,N,N,N,N,N,N,N,N,N,N,N,N,N,N,N
ORC2;RRR1;SIR5,A,A,A,A,A,A,A,A,A,N,A,A,A,A,A,A,A,A,A,A,A,A,A,A,A,A,A,A,A,A,A,A
ORC1,N,N,N,N,N,N,N,N,N,N,N,N,N,N,N,N,N,N,N,N,N,N,N,N,N,N,N,N,N,N,N,N
RGT2,N,A,N,A,N,N,N,A,A,N,A,A,A,N,A,A,A,A,N,N,A,N,N,N,A,A,A,A,N,A,A,N
SNF3,N,A,N,A,N,N,N,A,A,N,A,A,A,N,A,A,A,A,N,N,A,N,N,N,A,A,A,A,N,A,A,N
HXT15;HLT2,N,A,N,A,N,N,N,A,A,N,A,A,A,N,A,A,A,A,N,N,A,N,N,N,A,A,A,A,N,A,A,N
HXT7,N,A,N,A,N,N,N,A,A,N,A,A,A,N,A,A,A,A,N,N,A,N,N,N,A,A,A,A,N,A,A,N
HXT6,N,A,N,A,N,N,N,A,A,N,A,A,A,N,A,A,A,A,N,N,A,N,N,N,A,A,A,A,N,A,A,N
HXT3,A,A,N,A,N,N,N,A,A,N,A,A,A,N,A,A,A,A,N,N,A,N,N,A,A,A,A,A,N,A,A,N
HLT1;HXT13,N,A,N,A,N,N,N,A,A,N,A,A,A,N,A,A,A,A,N,N,A,N,N,N,A,A,A,A,N,A,A,N
HXT10,N,A,N,A,N,N,N,A,A,N,A,A,A,N,A,A,A,A,N,N,A,N,N,N,A,A,A,A,N,A,A,N
RAG1;HXT4;LGT1,A,A,N,A,N,N,N,A,A,N,A,A,A,N,A,A,A,A,N,N,A,N,N,A,A,A,A,A,N,A,A,N
HOR4;HXT1,A,A,N,A,N,N,N,A,A,N,A,A,A,N,A,A,A,A,N,N,A,N,N,A,A,A,A,A,N,A,A,N
HXT5,N,A,N,A,N,N,N,A,A,N,A,A,A,N,A,A,A,A,N,N,A,N,N,N,A,A,A,A,N,A,A,N
HXT8,N,A,N,A,N,N,N,A,A,N,A,A,A,N,A,A,A,A,N,N,A,N,N,N,A,A,A,A,N,A,A,N
HXT9,N,A,N,A,N,N,N,A,A,N,A,A,A,N,A,A,A,A,N,N,A,N,N,N,A,A,A,A,N,A,A,N
HLT3;HXT16,N,A,N,A,N,N,N,A,A,N,A,A,A,N,A,A,A,A,N,N,A,N,N,N,A,A,A,A,N,A,A,N
GAL2,N,A,N,A,N,N,N,A,A,N,A,A,A,N,A,A,A,A,N,N,A,N,N,N,A,A,A,A,N,A,A,N
HXT2,A,A,N,A,N,N,N,A,A,N,A,A,A,N,A,A,A,A,N,N,A,N,N,A,A,A,A,A,N,A,A,N
HXT17;HLT4,N,A,N,A,N,N,N,A,A,N,A,A,A,N,A,A,A,A,N,N,A,N,N,N,A,A,A,A,N,A,A,N
HXT11;LGT3,N,A,N,A,N,N,N,A,A,N,A,A,A,N,A,A,A,A,N,N,A,A,N,N,A,A,A,A,N,A,A,N
GPR1,N,N,N,N,N,N,N,N,N,N,N,N,N,N,N,N,N,N,N,N,N,N,N,N,N,N,N,N,N,N,N,N
SSP101;GPA2,N,N,N,N,N,N,N,N,N,N,N,N,N,N,N,N,N,N,N,N,N,N,N,N,N,N,N,N,N,N,N,N
TSL7;CTN5;GLC5;CYR3;RAS2,C,C,C,C,C,C,C,C,C,C,C,C,C,C,C,C,C,C,C,C,C,C,C,C,C,C,C,C,C,C,C,C
PKA1;SRA3;TPK1,B,B,B,B,B,B,B,B,B,B,B,B,B,B,B,B,B,B,B,B,B,B,B,B,B,B,B,B,B,B,B,B
TPK3,B,B,B,B,B,B,B,B,B,B,B,B,B,B,B,B,B,B,B,B,B,B,B,B,B,B,B,B,B,B,B,B
TPK2;YKR1;PKA3;PKA2,B,B,B,B,B,B,B,B,B,B,B,B,B,B,B,B,B,B,B,B,B,B,B,B,B,B,B,B,B,B,B,B
SOK2,N,N,N,N,N,N,N,N,N,N,N,N,N,N,N,N,N,N,N,N,N,N,N,N,N,N,N,N,N,N,N,N
TAK1;RIM15,B,B,B,B,B,B,B,B,B,B,B,B,B,B,B,B,B,B,B,B,B,B,B,B,B,B,B,B,B,B,B,B
MSN4,N,N,N,N,N,N,N,N,N,N,N,N,N,N,N,N,N,N,N,N,N,N,N,N,N,N,N,N,N,N,N,N
MSN2,N,N,N,N,N,N,N,N,N,N,N,N,N,N,N,N,N,N,N,N,N,N,N,N,N,N,N,N,N,N,N,N
CAT1;PAS14;CCR1;GLC2;SNF1;HAF3,B,B,B,B,B,B,B,B,B,B,B,B,B,B,B,B,B,B,B,B,B,B,B,B,B,B,B,B,B,B,B,B
DRR2;TOR2,A,A,A,A,A,A,N,A,A,A,A,A,A,A,A,A,A,A,A,A,A,A,A,A,A,A,A,A,A,A,A,A
DAF1;CLN3;WHI1;FUN10,A,A,A,A,A,A,N,A,A,N,A,A,A,A,A,N,A,A,N,N,N,A,A,A,N,A,A,N,A,A,A,A
CLN2,N,N,N,A,N,N,N,N,A,N,N,N,N,A,A,N,N,N,N,N,A,N,N,N,A,N,N,N,N,N,N,A
IME1,N,N,N,N,N,N,N,N,N,N,N,N,N,N,N,N,N,N,N,N,N,N,N,N,N,N,N,N,N,N,N,N
SME1;IME2,D,D,D,D,D,D,D,D,D,D,D,D,D,D,D,D,D,D,D,D,D,D,D,D,D,D,D,D,D,D,D,D
HMRA1;YCR097WB,N,N,N,N,N,N,N,N,N,N,N,N,N,N,N,N,N,N,N,N,N,N,N,N,N,N,N,N,N,N,N,N
ALPHA2;HMLALPHA2,A,A,A,N,N,A,A,A,A,N,N,A,N,A,N,N,N,A,A,A,A,A,A,A,A,A,A,A,A,N,A,A
ALPHA2;MATALPHA2,A,A,A,N,N,A,A,A,A,N,N,A,N,A,N,N,N,A,A,A,A,A,A,A,A,A,A,A,A,N,A,A
HMRA2;A2,A,A,A,N,N,A,A,A,A,N,N,A,N,A,N,N,N,A,A,A,A,A,A,A,A,A,A,A,A,N,A,A
NDT80,N,N,N,N,N,N,N,N,N,N,N,N,N,N,N,N,N,N,N,N,N,N,N,N,N,N,N,N,N,N,N,N
SPO11,D,N,N,N,D,N,D,D,N,N,D,N,N,D,N,N,N,N,N,D,N,N,N,N,D,D,N,N,N,N,N,D
ISC2;DMC1,A,N,N,N,N,N,N,N,A,N,N,N,N,N,N,N,N,A,N,N,N,N,N,N,A,N,N,N,N,N,A,N
ZIP1,N,N,N,N,N,N,N,N,N,N,N,N,N,N,N,N,N,N,N,N,N,N,N,N,N,N,N,N,N,N,N,N
CDC5;PKX2;MSD2,B,B,B,B,B,B,B,B,B,B,B,B,B,B,B,B,B,B,B,B,B,B,B,B,B,B,B,B,B,B,B,B
CLB1;SCB1,A,A,A,A,A,A,A,A,A,N,A,A,A,A,A,A,A,A,N,A,A,A,A,A,A,A,A,A,A,A,A,A
CLB3,A,A,A,A,A,A,A,A,A,N,A,A,A,A,A,A,A,A,N,A,A,A,A,A,A,A,A,A,A,A,A,A
CLB4,A,A,A,A,A,A,A,A,A,N,A,A,A,A,A,A,A,A,N,A,A,A,A,A,A,A,A,A,A,A,A,A
BYC1;SIC1;SDB25,N,N,N,N,N,N,N,N,N,N,N,N,N,N,N,N,N,N,N,N,N,N,N,N,N,N,N,N,N,N,N,N
CDK1;SRM5;CDC28;HSL5,D,D,D,D,D,D,D,D,D,D,D,D,D,D,D,D,D,D,D,D,D,D,D,D,D,D,D,D,D,D,D,D
CLB6,A,A,A,A,A,A,A,A,A,N,A,A,A,A,A,A,A,A,N,A,A,A,A,A,A,A,A,A,A,A,A,A
CLB5,A,A,A,A,A,A,A,A,A,N,A,A,A,A,A,A,A,A,N,A,A,A,A,A,A,A,A,A,A,A,A,A
RME1;CSP1,N,N,N,N,N,N,N,N,N,N,N,N,N,N,N,N,N,N,N,N,N,N,N,N,N,N,N,N,N,N,N,N
CDC6,N,N,N,N,N,N,N,N,N,N,N,N,N,N,N,N,N,N,N,N,N,N,N,N,N,N,N,N,N,N,N,N
CDT1;SID2;TAH11,N,N,N,N,N,N,N,N,N,N,N,N,N,N,N,N,N,N,N,N,N,N,N,N,N,N,N,N,N,N,N,N
SLD4;CDC45,N,A,N,N,N,A,N,N,N,N,A,N,N,N,N,N,N,N,N,N,N,N,N,N,N,N,N,N,N,N,A,N
CDC7;LSD6;SAS1,B,B,B,B,B,B,B,B,B,N,B,B,B,B,B,B,B,B,B,B,B,B,B,B,B,B,B,B,B,B,B,B
LSD7;DBF4;DNA52,N,N,N,N,N,N,N,N,N,N,N,N,N,N,N,N,N,N,N,N,N,N,N,N,N,N,N,N,N,N,N,N
SWE1;WEE1,D,D,D,D,D,D,D,D,D,D,D,D,D,D,D,D,D,D,D,D,D,D,D,D,D,D,D,D,D,D,D,D
SUM1,N,N,N,N,N,N,N,N,N,N,N,N,N,N,N,N,N,N,N,N,N,N,N,N,N,N,N,N,N,N,N,N
MAM1,N,N,N,N,N,N,N,N,N,N,N,N,N,N,N,N,N,N,N,N,N,N,N,N,N,N,N,N,N,N,N,N
LRS4,N,N,N,N,N,N,N,N,N,N,N,N,N,N,N,N,N,N,N,N,N,N,N,N,N,N,N,N,N,N,N,N
SMC3,N,N,N,N,N,N,N,N,N,N,N,N,N,N,N,N,N,N,N,N,N,N,N,N,N,N,N,N,N,N,N,N
SMC1;CHL10,N,N,N,N,N,N,N,N,N,N,N,N,N,N,N,N,N,N,N,N,N,N,N,N,N,N,N,N,N,N,N,N
REC8;SPO69,N,N,N,N,N,N,N,N,N,N,N,N,N,N,N,N,N,N,N,N,N,N,N,N,N,N,N,N,N,N,N,N
IRR1;SCC3,N,A,N,N,N,A,N,N,N,N,A,N,A,N,N,N,N,A,N,N,N,N,N,N,A,N,N,N,N,N,A,N
CDC27;SNB1;APC3,N,N,N,N,N,N,N,N,N,N,N,N,N,N,N,N,N,N,N,N,N,N,N,N,N,N,N,N,N,N,N,N
APC11,A,A,A,A,A,N,A,N,A,N,A,A,N,N,A,A,A,A,A,A,A,A,A,A,A,A,N,A,N,A,A,A
APC4,N,N,N,N,N,N,N,N,N,N,N,N,N,N,N,N,N,N,N,N,N,N,N,N,N,N,N,N,N,N,N,N
APC13;SWM1,N,N,N,N,N,N,N,N,N,N,N,N,N,N,N,N,N,N,N,N,N,N,N,N,N,N,N,N,N,N,N,N
SCD26;HIT3;CDC26,N,N,N,N,N,N,N,N,N,N,N,N,N,N,N,N,N,N,N,N,N,N,N,N,N,N,N,N,N,N,N,N
DOC1;APC10,N,N,A,N,N,N,N,N,N,N,A,N,N,A,A,N,N,A,A,N,N,N,A,N,N,N,N,N,N,N,A,N
CDC23,N,N,N,N,N,N,N,N,N,N,N,N,N,N,N,N,N,N,N,N,N,N,N,N,N,N,N,N,N,N,N,N
CDC16,N,A,N,N,N,N,N,A,N,N,A,N,N,N,N,N,N,N,N,A,N,A,N,N,A,N,N,N,N,A,N,N
APC9,N,N,N,N,N,N,N,N,N,N,N,N,N,N,N,N,N,N,N,N,N,N,N,N,N,N,N,N,N,N,N,N
RSI1;APC2;TID2,N,A,N,N,A,A,N,A,A,N,A,N,N,A,A,N,N,A,N,A,A,N,A,A,N,A,N,A,N,N,A,N
APC1,N,N,A,N,N,N,N,A,N,N,N,N,A,N,N,N,A,N,N,N,N,N,A,N,N,N,N,N,N,N,N,N
APC5;RMC1,N,N,N,N,N,N,N,N,N,N,N,N,N,N,N,N,N,N,N,N,N,N,N,N,N,N,N,N,N,N,N,N
SPO70;AMA1,A,N,A,N,A,N,N,A,A,N,A,A,A,A,A,A,N,A,A,N,A,A,A,A,A,N,N,N,N,N,A,A
ESP1,A,N,N,A,N,N,N,A,A,N,A,N,N,N,N,N,N,A,A,N,A,N,A,N,N,N,N,N,A,N,A,N
PDS1,N,N,N,N,N,N,N,N,N,N,N,N,N,N,N,N,N,N,N,N,N,N,N,N,N,N,N,N,N,N,N,N
CDC20;PAC5,A,A,A,N,A,A,A,A,A,N,A,A,A,A,A,A,A,A,A,A,A,A,A,A,A,A,N,A,N,N,A,A
MND2,N,N,N,N,N,N,N,N,N,N,N,N,N,N,N,N,N,N,N,N,N,N,N,N,N,N,N,N,N,N,N,N
SGO1;YOR29-24,N,N,N,N,N,N,N,N,N,N,N,N,N,N,N,N,N,N,N,N,N,N,N,N,N,N,N,N,N,N,N,N
CDC14;OAF3,A,N,N,N,N,N,N,N,N,N,N,N,N,N,A,N,N,N,N,N,A,N,N,A,N,N,N,N,N,A,A,N
MDS1;RIM11;GSK3,D,D,D,D,D,D,D,D,D,D,D,D,D,D,D,D,D,D,D,D,D,D,D,D,D,D,D,D,D,D,D,D
GIP1,N,N,N,N,N,N,N,N,N,N,N,N,N,N,N,N,N,N,N,N,N,N,N,N,N,N,N,N,N,N,N,N
SPS1,D,D,D,D,D,D,D,D,D,N,D,D,D,D,D,D,D,D,D,D,D,D,D,D,D,D,D,D,D,D,D,D
SPR3,A,A,N,N,N,N,N,N,A,N,N,N,A,N,N,N,N,N,N,N,A,N,A,A,A,A,N,N,N,N,N,N
SPS4,N,N,N,N,N,N,N,N,N,N,N,N,N,N,N,N,N,N,N,N,N,N,N,N,N,N,N,N,N,N,N,N
CHK1,B,B,B,B,B,B,B,B,B,B,B,B,B,B,B,B,B,B,B,B,B,B,B,B,B,B,B,B,B,B,B,B
RAD9,N,N,N,N,N,N,N,N,N,N,N,N,N,N,N,N,N,N,N,N,N,N,N,N,N,N,N,N,N,N,N,N
DDC1,N,N,N,N,N,N,N,N,N,N,N,N,N,N,N,N,N,N,N,N,N,N,N,N,N,N,N,N,N,N,N,N
PIP3;PSO9;MEC3,N,N,N,N,N,N,N,N,N,N,N,N,N,N,N,N,N,N,N,N,N,N,N,N,N,N,N,N,N,N,N,N
RAD24,N,N,N,N,N,N,N,N,N,N,N,N,N,N,N,N,N,N,N,N,N,N,N,N,N,N,N,N,N,N,N,N
RAD17,N,N,N,N,N,N,N,N,N,N,N,N,N,N,N,N,N,N,N,N,N,N,N,N,N,N,N,N,N,N,N,N
ESR1;MEC1;SAD3;RAD31,A,A,A,A,A,A,A,A,A,A,A,A,A,A,A,A,A,A,A,A,A,A,A,A,A,A,A,A,A,A,A,A
MEC2;LSD1;SPK1;RAD53,B,B,B,B,B,B,B,B,B,B,B,B,B,B,B,B,B,B,B,B,B,B,B,B,B,B,B,B,B,B,B,B
MRE4;MEK1,B,B,B,B,B,B,B,B,B,B,B,B,B,B,B,B,B,B,B,B,B,B,B,B,B,B,B,B,B,B,B,B
RED1,N,N,N,N,N,N,N,N,N,N,N,N,N,N,N,N,N,N,N,N,N,N,N,N,N,N,N,N,N,N,N,N
PPZ2,D,D,D,D,D,D,D,D,D,N,D,D,D,D,D,D,D,D,D,D,D,D,D,D,D,D,D,D,D,D,D,D
CID1;GLC7;DIS2,D,D,D,D,D,D,D,D,D,N,D,D,D,D,D,D,D,D,D,D,D,D,D,D,D,D,D,D,D,D,D,D
PPZ1,D,D,D,D,D,D,D,D,D,N,D,D,D,D,D,D,D,D,D,D,D,D,D,D,D,D,D,D,D,D,D,D
SAL6;PPQ1,D,D,D,D,D,D,D,D,D,N,D,D,D,D,D,D,D,D,D,D,D,D,D,D,D,D,D,D,D,D,D,D
HOP1,A,N,N,N,N,N,N,N,N,N,A,A,N,N,N,N,N,N,N,N,N,N,N,N,A,N,N,N,N,N,A,N
SPO12;SDB21,N,N,N,N,N,N,N,N,N,N,N,N,N,N,N,N,N,N,N,N,N,N,N,N,N,N,N,N,N,N,N,N
SLK19,N,N,N,N,N,N,N,N,N,N,N,N,N,N,N,N,N,N,N,N,N,N,N,N,N,N,N,N,N,N,N,N
SPO3;SSP1,N,N,N,N,N,N,N,N,N,N,N,N,N,N,N,N,N,N,N,N,N,N,N,N,N,N,N,N,N,N,N,N
MAD2,A,A,A,N,A,N,N,N,A,N,N,N,N,N,N,N,N,A,A,A,A,A,A,N,A,A,A,N,A,N,A,N
MAD1,N,N,A,N,N,A,A,A,N,N,N,N,N,N,N,N,N,A,N,N,N,N,N,N,A,N,N,N,A,N,N,N
CDC15;LYT1,B,B,B,B,B,B,B,B,B,N,B,B,B,B,B,B,B,B,B,B,B,B,B,B,B,B,B,B,B,B,B,B
PSL8;SDS11;SWI6,N,N,N,N,N,N,N,N,N,N,N,N,N,N,N,N,N,N,N,N,N,N,N,N,N,N,N,N,N,N,N,N
SWI4;ART1,N,N,N,N,N,N,N,N,N,N,N,N,N,N,N,N,N,N,N,N,N,N,N,N,N,N,N,N,N,N,N,N
HSR1;CYR1;FIL1;CDC35;SRA4;TSM0185,B,B,B,B,B,B,B,B,B,N,B,B,B,B,B,B,B,B,B,B,B,B,B,B,B,B,B,B,B,B,B,B
NIM2;UME6;RIM16;CAR80,N,N,N,N,N,N,N,N,N,N,N,N,N,N,N,N,N,N,N,N,N,N,N,N,N,N,N,N,N,N,N,N
SCS1;RTS1,N,A,A,N,N,N,N,A,A,N,A,A,N,N,N,N,A,A,N,A,N,N,A,N,N,A,N,N,N,N,A,A
TPD3;FUN32,N,N,A,A,A,A,A,N,A,N,A,N,A,N,N,N,A,N,N,A,A,A,N,N,N,A,A,A,N,N,A,N
PPH21,D,D,D,D,D,D,D,D,D,N,D,D,D,D,D,D,D,D,D,D,D,D,D,D,D,D,D,D,D,D,D,D
PPH22;PPH2,D,D,D,D,D,D,D,D,D,N,D,D,D,D,D,D,D,D,D,D,D,D,D,D,D,D,D,D,D,D,D,D
BUB1,A,A,A,A,N,N,A,A,A,N,A,A,A,A,A,N,A,A,A,A,A,A,A,A,A,A,A,A,A,A,A,A
