PGI;AMF;PHI;GPI;GNPI;SA36;SA-36;NLK,N,N,N,N,N,N,N,N,N,N,N,N,N,N,N,N,N,N,N,N,N,N,N,N,N,N,N,N,N,N,N,N
RBSK;RBKS;RK,N,N,N,N,N,N,N,N,N,N,N,N,N,N,N,N,N,N,N,N,N,N,N,N,N,N,N,N,N,N,N,N
MSTP006;PGM2,N,N,N,N,N,N,N,N,N,N,N,N,N,N,N,N,N,N,N,N,N,N,N,N,N,N,N,N,N,N,N,N
CGI-26;DERA;DEOC,N,N,N,N,N,N,N,N,N,N,N,N,N,N,N,N,N,N,N,N,N,N,N,N,N,N,N,N,N,N,N,N
PRPS1L1;PRPS3;PRS-III;PRPSL;PRPS1,N,N,N,N,N,N,N,N,N,N,N,N,N,N,N,N,N,N,N,N,N,N,N,N,N,N,N,N,N,N,N,N
ARTS;PRS-I;PPRibP;DFNX1;PRSI;DFN2;CMTX5;PRPS1,N,N,N,N,N,N,N,N,N,N,N,N,N,N,N,N,N,N,N,N,N,N,N,N,N,N,N,N,N,N,N,N
PRSII;PRPS2,N,N,N,N,N,N,N,N,N,N,N,N,N,N,N,N,N,N,N,N,N,N,N,N,N,N,N,N,N,N,N,N
SDDHD;HEL107;HEL-S-48;TKT;TKT1;TK,N,N,N,N,N,N,N,N,N,N,N,N,N,N,N,N,N,N,N,N,N,N,N,N,N,N,N,N,N,N,N,N
TKR;TKT2;TKTL1,N,N,N,N,N,N,N,N,N,N,N,N,N,N,N,N,N,N,N,N,N,N,N,N,N,N,N,N,N,N,N,N
TKTL2,N,N,N,N,N,N,N,N,N,N,N,N,N,N,N,N,N,N,N,N,N,N,N,N,N,N,N,N,N,N,N,N
RPIA;RPI;RPIAD,N,N,N,N,N,N,N,N,N,N,N,N,N,N,N,N,N,N,N,N,N,N,N,N,N,N,N,N,N,N,N,N
RPE;RPE2-1,N,N,N,N,N,N,N,N,N,N,N,N,N,N,N,N,N,N,N,N,N,N,N,N,N,N,N,N,N,N,N,N
RPEL1,N,N,N,N,N,N,N,N,N,N,N,N,N,N,N,N,N,N,N,N,N,N,N,N,N,N,N,N,N,N,N,N
HEL-S-87p;ALDA;ALDOA;GSD12,N,B,B,N,B,N,B,B,B,N,B,N,B,B,N,B,B,N,B,B,B,N,B,B,N,B,N,N,B,B,B,B
ALDB;ALDOB;ALDO2,N,B,B,N,B,N,B,B,B,N,B,N,B,B,N,B,B,N,B,B,B,N,B,B,N,B,N,N,B,B,B,B
ALDC;ALDOC,N,B,B,N,B,N,B,B,B,N,B,N,B,B,N,B,B,N,B,B,B,N,B,B,N,B,N,N,B,B,B,B
PFKL;PFK-L;PFK-B;ATP-PFK,A,A,A,A,N,N,A,N,N,N,A,N,N,N,N,N,N,A,N,A,A,N,N,A,A,N,N,N,A,N,A,N
PFKA;PPP1R122;PFK-A;PFKX;PFK-1;GSD7;PFK1;PFKM;ATP-PFK,A,A,A,A,N,N,A,N,N,N,A,N,N,N,N,N,N,A,N,A,A,N,N,A,A,N,N,N,A,N,A,N
PFK-P;PFKP;PFKF;PFK-C;ATP-PFK,A,A,A,A,N,N,A,N,N,N,A,N,N,N,N,N,N,A,N,A,A,N,N,A,A,N,N,N,A,N,A,N
FBP1;FBP,N,A,N,N,A,N,A,A,N,N,A,N,A,A,A,N,A,N,N,N,N,N,A,A,N,N,N,N,N,N,N,N
FBP2,N,A,N,N,A,N,A,A,N,N,A,N,A,A,A,N,A,N,N,N,N,N,A,A,N,N,N,N,N,N,N,N
6PGD;PGD,N,N,N,N,N,N,N,N,N,N,N,N,N,N,N,N,N,N,N,N,N,N,N,N,N,N,N,N,N,N,N,N
HEL-S-304;6PGL;PGLS,N,N,N,N,N,N,A,A,N,N,A,N,N,A,N,N,N,N,N,N,N,N,N,A,N,N,N,N,N,N,N,N
G6PD;G6PD1,B,B,B,N,B,B,B,B,B,N,B,B,N,B,N,B,N,B,B,N,N,N,B,B,B,N,N,B,N,N,B,B
IDNK;bA522I20.2;hGntK;C9orf103,N,N,N,N,N,N,N,N,N,N,N,N,N,N,N,N,N,N,N,N,N,N,N,N,N,N,N,N,N,N,N,N
HEL-S-41;SMP30;GNL;RGN;RC,N,N,N,N,N,N,N,N,N,N,N,N,N,N,N,N,N,N,N,N,N,N,N,N,N,N,N,N,N,N,N,N
TALH;TAL-H;TALDO1;TALDOR;TAL,N,N,N,N,N,N,N,N,B,N,B,N,N,N,N,B,N,N,N,N,B,B,N,N,N,N,N,N,N,N,N,N
GSD14;CDG1T;PGM1,N,N,N,N,N,N,N,N,N,N,N,N,N,N,N,N,N,N,N,N,N,N,N,N,N,N,N,N,N,N,N,N
HBeAgBP4A;HBEBP4;GLYCTK;HBEBP2,N,N,N,N,N,N,N,N,N,N,N,N,N,N,N,N,N,N,N,N,N,N,N,N,N,N,N,N,N,N,N,N
CORTRD1;G6PDH;GDH;H6PD,B,B,B,N,B,B,B,B,B,N,B,B,N,B,N,B,N,B,B,N,N,N,B,B,B,N,N,B,N,N,B,B
