TEC1;ROC1,N,N,N,N,N,N,N,N,N,N,N,N,N,N,N,N,N,N,N,N,N,N,N,N,N,N,N,N,N,N,N,N
STE12,N,N,N,N,N,N,N,N,N,N,N,N,N,N,N,N,N,N,N,N,N,N,N,N,N,N,N,N,N,N,N,N
RST2;DIG2,N,N,N,N,N,N,N,N,N,N,N,N,N,N,N,N,N,N,N,N,N,N,N,N,N,N,N,N,N,N,N,N
RST1;DIG1,N,N,N,N,N,N,N,N,N,N,N,N,N,N,N,N,N,N,N,N,N,N,N,N,N,N,N,N,N,N,N,N
FUS3;DAC2,D,D,D,D,D,D,D,D,D,D,D,D,D,D,D,D,D,D,D,D,D,D,D,D,D,D,D,D,D,D,D,D
KSS1,D,D,D,D,D,D,D,D,D,D,D,D,D,D,D,D,D,D,D,D,D,D,D,D,D,D,D,D,D,D,D,D
STE7,D,D,D,D,D,D,D,D,D,N,D,D,D,D,D,D,D,D,D,D,D,D,D,D,D,D,D,D,D,D,D,D
STE11,D,D,D,D,D,D,D,D,D,D,D,D,D,D,D,D,D,D,D,D,D,D,D,D,D,D,D,D,D,D,D,D
STE20,D,D,D,D,D,D,D,D,D,D,D,D,D,D,D,D,D,D,D,D,D,D,D,D,D,D,D,D,D,D,D,D
CDC42,C,C,C,C,C,C,C,C,C,C,C,C,C,C,C,C,C,C,C,C,C,C,C,C,C,C,C,C,C,C,C,C
SSU81;SHO1,N,N,N,N,N,N,N,N,N,N,N,N,N,N,N,N,N,N,N,N,N,N,N,N,N,N,N,N,N,N,N,N
KDX1;MLP1,D,D,D,D,D,D,D,D,D,D,D,D,D,D,D,D,D,D,D,D,D,D,D,D,D,D,D,D,D,D,D,D
LYT2;BYC2;SLK2;SLT2;MPK1,D,D,D,D,D,D,D,D,D,D,D,D,D,D,D,D,D,D,D,D,D,D,D,D,D,D,D,D,D,D,D,D
TUS1;SOP10,N,N,N,N,N,N,N,N,N,N,N,N,N,N,N,N,N,N,N,N,N,N,N,N,N,N,N,N,N,N,N,N
RHO1,C,C,C,C,C,C,C,C,C,C,C,C,C,C,C,C,C,C,C,C,C,C,C,C,C,C,C,C,C,C,C,C
WSC2;STA3,N,N,N,N,N,N,N,N,N,N,N,N,N,N,N,N,N,N,N,N,N,N,N,N,N,N,N,N,N,N,N,N
WSC3,N,N,N,N,N,N,N,N,N,N,N,N,N,N,N,N,N,N,N,N,N,N,N,N,N,N,N,N,N,N,N,N
SLG1;HCS77;WSC1,N,N,N,N,N,N,N,N,N,N,N,N,N,N,N,N,N,N,N,N,N,N,N,N,N,N,N,N,N,N,N,N
CLY15;PKC1;CLY5;CLY7;HPO2;STT1,B,B,B,B,B,B,B,B,B,B,B,B,B,B,B,B,B,B,B,B,B,B,B,B,B,B,B,B,B,B,B,B
SAP3;SLK1;SSP31;BCK1;LAS3,D,D,D,D,D,D,D,D,D,N,D,D,D,D,D,D,D,D,D,D,D,D,D,D,D,D,D,D,D,D,D,D
SSP32;MKK1,D,D,D,D,D,D,D,D,D,N,D,D,D,D,D,D,D,D,D,D,D,D,D,D,D,D,D,D,D,D,D,D
SSP33;LPI6;MKK2,D,D,D,D,D,D,D,D,D,N,D,D,D,D,D,D,D,D,D,D,D,D,D,D,D,D,D,D,D,D,D,D
RLM1,A,A,N,A,N,A,N,A,A,N,A,A,N,N,N,N,N,N,A,N,A,A,N,A,A,N,N,A,N,A,A,A
FKS2;GSC2,N,N,N,A,A,N,N,A,A,N,A,A,A,A,A,A,N,A,N,N,A,A,A,A,A,A,N,A,A,A,A,N
CND1;FKS1;PBR1;GSC1;CWH53;ETG1,N,N,N,A,A,N,N,A,A,N,A,A,A,A,A,A,N,A,N,N,A,A,A,A,A,A,N,A,A,A,A,N
FKS3,N,N,N,A,A,N,N,A,A,N,A,A,A,A,A,A,N,A,N,N,A,A,A,A,A,A,N,A,A,A,A,N
SWI4;ART1,N,N,N,N,N,N,N,N,N,N,N,N,N,N,N,N,N,N,N,N,N,N,N,N,N,N,N,N,N,N,N,N
YPD2;SLN1,N,N,N,N,N,N,N,N,N,N,N,N,N,N,N,N,N,N,N,N,N,N,N,N,N,N,N,N,N,N,N,N
SSK1,N,N,N,N,N,N,N,N,N,N,N,N,N,N,N,N,N,N,N,N,N,N,N,N,N,N,N,N,N,N,N,N
SSK22,D,D,D,D,D,D,D,D,D,N,D,D,D,D,D,D,D,D,D,D,D,D,D,D,D,D,D,D,D,D,D,D
SSK2,D,D,D,D,D,D,D,D,D,D,D,D,D,D,D,D,D,D,D,D,D,D,D,D,D,D,D,D,D,D,D,D
HOG4;PBS2;SSK4;SFS4,D,D,D,D,D,D,D,D,D,D,D,D,D,D,D,D,D,D,D,D,D,D,D,D,D,D,D,D,D,D,D,D
SSK3;HOG1,D,D,D,D,D,D,D,D,D,D,D,D,D,D,D,D,D,D,D,D,D,D,D,D,D,D,D,D,D,D,D,D
MCM1;FUN80,A,A,N,A,N,A,N,A,A,N,A,A,N,N,N,N,N,N,A,N,A,A,N,A,A,N,N,A,N,A,A,A
MSN4,N,N,N,N,N,N,N,N,N,N,N,N,N,N,N,N,N,N,N,N,N,N,N,N,N,N,N,N,N,N,N,N
MSN2,N,N,N,N,N,N,N,N,N,N,N,N,N,N,N,N,N,N,N,N,N,N,N,N,N,N,N,N,N,N,N,N
MSB2,N,N,N,N,N,N,N,N,N,N,N,N,N,N,N,N,N,N,N,N,N,N,N,N,N,N,N,N,N,N,N,N
YPD1,N,N,N,N,N,N,N,N,N,N,N,N,N,N,N,N,N,N,N,N,N,N,N,N,N,N,N,N,N,N,N,N
OPY2,N,N,N,N,N,N,N,N,N,N,N,N,N,N,N,N,N,N,N,N,N,N,N,N,N,N,N,N,N,N,N,N
STE50,N,N,N,N,N,N,N,N,N,N,N,N,N,N,N,N,N,N,N,N,N,N,N,N,N,N,N,N,N,N,N,N
HKR1,N,N,N,N,N,N,N,N,N,N,N,N,N,N,N,N,N,N,N,N,N,N,N,N,N,N,N,N,N,N,N,N
FUS1,N,N,N,N,N,N,N,N,N,N,N,N,N,N,N,N,N,N,N,N,N,N,N,N,N,N,N,N,N,N,N,N
SHE5;PPF3;BNI1,B,B,B,B,B,B,B,B,B,N,B,B,B,B,B,N,B,B,B,B,B,B,B,B,B,B,B,B,B,B,B,B
MFA1,N,N,N,N,N,N,N,N,N,N,N,N,N,N,N,N,N,N,N,N,N,N,N,N,N,N,N,N,N,N,N,N
MFA2,N,N,N,N,N,N,N,N,N,N,N,N,N,N,N,N,N,N,N,N,N,N,N,N,N,N,N,N,N,N,N,N
STE2,N,N,N,N,N,N,N,N,N,N,N,N,N,N,N,N,N,N,N,N,N,N,N,N,N,N,N,N,N,N,N,N
STE3;DAF2,N,N,N,N,N,N,N,N,N,N,N,N,N,N,N,N,N,N,N,N,N,N,N,N,N,N,N,N,N,N,N,N
MF(ALPHA)2,N,N,N,N,N,N,N,N,N,N,N,N,N,N,N,N,N,N,N,N,N,N,N,N,N,N,N,N,N,N,N,N
MF(ALPHA)1,N,N,N,N,N,N,N,N,N,N,N,N,N,N,N,N,N,N,N,N,N,N,N,N,N,N,N,N,N,N,N,N
CDC70;GPA1;DAC1;SCG1,N,N,N,N,N,N,N,N,N,N,N,N,N,N,N,N,N,N,N,N,N,N,N,N,N,N,N,N,N,N,N,N
HMD2;STE4,A,A,A,N,A,A,A,A,A,N,A,A,A,A,A,A,A,A,A,A,N,A,A,A,A,A,N,A,A,A,A,A
STE18,N,N,N,N,N,N,N,N,N,N,N,N,N,N,N,N,N,N,N,N,N,N,N,N,N,N,N,N,N,N,N,N
BEM1;SRO1,A,A,A,N,A,N,N,N,A,N,A,N,A,A,A,N,N,N,A,A,A,A,A,A,A,A,A,A,A,A,A,A
FAR1,N,N,N,N,N,N,N,N,N,N,N,N,N,N,N,N,N,N,N,N,N,N,N,N,N,N,N,N,N,N,N,N
HMD3;NUL3;STE5,N,N,N,N,N,N,N,N,N,N,N,N,N,N,N,N,N,N,N,N,N,N,N,N,N,N,N,N,N,N,N,N
PTP3,N,N,A,N,A,N,N,A,A,N,N,N,N,A,A,N,N,N,A,N,A,A,N,N,A,A,N,N,N,N,A,N
PTP2,D,N,D,N,D,D,N,D,D,N,D,N,D,D,D,D,N,N,D,N,D,D,N,N,D,D,N,N,N,N,D,D
CKI2;YCK1,B,B,B,B,B,B,B,B,B,N,B,B,B,B,B,B,B,B,B,B,B,B,B,B,B,B,B,B,B,B,B,B
YCK2,B,B,B,B,B,B,B,B,B,B,B,B,B,B,B,B,B,B,B,B,B,B,B,B,B,B,B,B,B,B,B,B
RSP5;SMM1;NPI1;MDP1;UBY1;MUT2,A,A,A,A,A,A,A,A,A,N,A,A,A,A,A,A,N,A,N,A,A,A,A,A,A,A,N,A,A,A,A,A
SST2,N,N,N,N,N,N,N,N,N,N,N,N,N,N,N,N,N,N,N,N,N,N,N,N,N,N,N,N,N,N,N,N
CDC24;CLS4,A,A,A,N,A,N,A,N,A,N,A,N,A,A,A,N,A,N,N,N,A,A,A,A,N,A,A,A,A,A,A,N
RGA2,A,A,A,A,A,N,N,A,A,N,A,A,A,A,A,A,A,A,A,A,A,A,A,A,A,A,A,A,A,A,A,A
THE1;DBM1;RGA1,A,A,A,A,A,N,N,A,A,N,A,A,A,A,A,A,A,A,A,A,A,A,A,A,A,A,A,A,A,A,A,A
BEM3,A,A,A,A,N,N,N,A,A,N,A,A,A,A,A,A,N,A,A,A,A,A,A,A,A,A,A,A,A,A,A,A
MSG5,D,D,D,N,D,D,N,D,D,N,D,D,D,D,D,D,D,D,D,D,D,D,D,D,D,D,N,D,N,D,D,D
BAR1;SST1,N,N,N,N,N,N,N,N,N,N,N,N,N,N,N,N,N,N,N,N,N,N,N,N,N,N,N,N,N,N,N,N
KCS2;CWH47;PTC1;TPD1,A,A,A,A,A,N,A,A,A,N,A,N,A,A,A,A,A,A,N,A,A,N,A,A,A,N,N,A,N,N,A,N
HOT1,N,N,N,N,N,N,N,N,N,N,N,N,N,N,N,N,N,N,N,N,N,N,N,N,N,N,N,N,N,N,N,N
ACR1;SKO1,N,N,N,N,N,N,N,N,N,N,N,N,N,N,N,N,N,N,N,N,N,N,N,N,N,N,N,N,N,N,N,N
HOR1;OSG1;GPD1;OSR5;DAR1,N,N,N,N,N,N,N,N,N,N,N,N,N,N,N,N,N,N,N,N,N,N,N,N,N,N,N,N,N,N,N,N
GPD3;GPD2,N,N,N,N,N,N,N,N,N,N,N,N,N,N,N,N,N,N,N,N,N,N,N,N,N,N,N,N,N,N,N,N
CYC8;CRT8;SSN6,N,A,A,N,N,N,N,A,N,N,A,N,N,N,N,N,N,N,N,A,N,A,A,N,A,A,A,A,N,A,N,N
FLK1;UMR7;AER2;SFL2;AMM1;ROX4;CRT4;CYC9;AAR1;TUP1,A,A,A,A,A,A,A,A,A,A,A,A,A,A,A,A,A,A,A,A,A,A,A,A,A,A,A,A,A,A,A,A
GRE2,N,N,N,N,N,N,N,N,N,N,N,N,N,N,N,N,N,N,N,N,N,N,N,N,N,N,N,N,N,N,N,N
SMP1,A,A,N,A,N,A,N,A,A,N,A,A,N,N,N,N,N,N,A,N,A,A,N,A,A,N,N,A,N,A,A,A
CLN1,N,N,N,A,N,N,N,N,A,N,N,N,N,A,A,N,N,N,N,N,A,N,N,N,A,N,N,N,N,N,N,A
CLN2,N,N,N,A,N,N,N,N,A,N,N,N,N,A,A,N,N,N,N,N,A,N,N,N,A,N,N,N,N,N,N,A
CDK1;SRM5;CDC28;HSL5,D,D,D,D,D,D,D,D,D,D,D,D,D,D,D,D,D,D,D,D,D,D,D,D,D,D,D,D,D,D,D,D
BYC1;SIC1;SDB25,N,N,N,N,N,N,N,N,N,N,N,N,N,N,N,N,N,N,N,N,N,N,N,N,N,N,N,N,N,N,N,N
CLB6,A,A,A,A,A,A,A,A,A,N,A,A,A,A,A,A,A,A,N,A,A,A,A,A,A,A,A,A,A,A,A,A
CLB5,A,A,A,A,A,A,A,A,A,N,A,A,A,A,A,A,A,A,N,A,A,A,A,A,A,A,A,A,A,A,A,A
HSL1;NIK1;ELM2,B,B,B,B,B,B,B,B,B,B,B,B,B,B,B,B,B,B,B,B,B,B,B,B,B,B,B,B,B,B,B,B
HSL7,N,N,N,N,A,N,N,N,N,N,A,N,N,A,N,N,N,N,N,N,N,N,N,N,N,N,N,N,N,N,A,N
SWE1;WEE1,D,D,D,D,D,D,D,D,D,D,D,D,D,D,D,D,D,D,D,D,D,D,D,D,D,D,D,D,D,D,D,D
CLB1;SCB1,A,A,A,A,A,A,A,A,A,N,A,A,A,A,A,A,A,A,N,A,A,A,A,A,A,A,A,A,A,A,A,A
CLB2,A,A,A,A,A,A,A,A,A,N,A,A,A,A,A,A,A,A,N,A,A,A,A,A,A,A,A,A,A,A,A,A
ERC10;CLA4,D,D,D,D,D,D,D,D,D,N,D,D,D,D,D,D,D,D,D,D,D,D,D,D,D,D,D,D,D,D,D,D
SKM1,D,D,D,D,D,D,D,D,D,N,D,D,D,D,D,D,D,D,D,D,D,D,D,D,D,D,D,D,D,D,D,D
YPS2;MKC7,N,N,N,N,N,N,N,N,N,N,N,N,N,N,N,N,N,N,N,N,N,N,N,N,N,N,N,N,N,N,N,N
YPS1;YAP3,N,N,N,N,N,N,N,N,N,N,N,N,N,N,N,N,N,N,N,N,N,N,N,N,N,N,N,N,N,N,N,N
MUC1;FLO11;STA4,N,N,N,N,N,N,N,N,N,N,A,N,N,N,N,N,A,A,N,N,A,N,N,N,N,N,N,N,N,N,N,N
SCD3;BMH2,A,A,A,A,A,N,A,A,A,N,A,N,A,A,A,A,A,N,A,N,A,A,A,A,A,A,A,A,N,N,A,A
APR6;BMH1,A,A,A,A,A,N,A,A,A,N,A,N,A,A,A,A,A,N,A,N,A,A,A,A,A,A,A,A,N,N,A,A
MSS11,N,N,N,N,N,N,N,N,N,N,N,N,N,N,N,N,N,N,N,N,N,N,N,N,N,N,N,N,N,N,N,N
MTL1,N,N,N,N,N,N,N,N,N,N,N,N,N,N,N,N,N,N,N,N,N,N,N,N,N,N,N,N,N,N,N,N
KAI1;MID2,N,N,N,N,N,N,N,N,N,N,N,N,N,N,N,N,N,N,N,N,N,N,N,N,N,N,N,N,N,N,N,N
SKC1;ROM1,A,N,A,N,A,N,N,N,A,N,A,N,A,A,A,N,N,N,N,N,A,A,A,A,N,A,A,A,A,A,A,N
ROM2,A,A,A,N,A,N,N,N,A,N,A,N,A,A,A,N,A,N,N,N,A,A,A,A,N,A,A,A,A,A,A,N
PKH3,B,B,B,B,B,B,B,B,B,B,B,B,B,B,B,B,B,B,B,B,B,B,B,B,B,B,B,B,B,B,B,B
PKH1,B,B,B,B,B,B,B,B,B,B,B,B,B,B,B,B,B,B,B,B,B,B,B,B,B,B,B,B,B,B,B,B
PKH2,B,B,B,B,B,B,B,B,B,B,B,B,B,B,B,B,B,B,B,B,B,B,B,B,B,B,B,B,B,B,B,B
SDP1,D,D,D,N,D,D,N,D,D,N,D,D,D,D,D,D,D,D,D,D,D,D,D,D,D,D,N,D,N,D,D,D
MIH1,N,N,A,N,N,N,N,A,N,N,N,N,A,N,N,N,A,N,N,N,N,N,A,N,N,N,N,N,N,N,N,N
BEM2;IPL2;SUP9;TSL1,A,A,A,A,N,N,N,A,A,N,A,A,A,A,A,A,A,A,A,A,A,A,A,A,A,A,A,A,A,A,A,A
SAC7,N,N,N,N,N,N,N,N,N,N,N,N,N,N,N,N,N,N,N,N,N,N,N,N,N,N,N,N,N,N,N,N
STT4,A,A,A,A,A,A,A,A,A,A,A,A,A,A,A,A,A,A,A,A,A,A,A,A,A,A,A,A,A,A,A,A
MSS4,C,C,C,C,C,N,C,N,N,N,C,C,C,C,N,N,N,N,C,C,C,C,C,C,N,C,C,N,N,N,C,C
PSL8;SDS11;SWI6,N,N,N,N,N,N,N,N,N,N,N,N,N,N,N,N,N,N,N,N,N,N,N,N,N,N,N,N,N,N,N,N
PAF1,N,N,N,N,N,N,N,N,N,N,N,N,N,N,N,N,N,N,N,N,N,N,N,N,N,N,N,N,N,N,N,N
BNR1,B,B,B,B,B,B,B,B,B,N,B,B,B,B,B,N,B,B,B,B,B,B,B,B,B,B,B,B,B,B,B,B
PEA1;FUS6;PPF1;SPA2,N,N,N,N,N,N,N,N,N,N,N,N,N,N,N,N,N,N,N,N,N,N,N,N,N,N,N,N,N,N,N,N
CTA1,B,N,B,N,N,B,B,N,B,N,B,N,N,N,N,N,N,N,B,N,N,N,N,N,B,N,N,N,N,N,N,N
SPS101;CTT1,B,N,B,N,N,B,B,N,B,N,B,N,N,N,N,N,N,N,B,N,N,N,N,N,B,N,N,N,N,N,N,N
