VPT30;APG6;VPS30;ATG6,N,A,A,N,N,N,N,A,A,N,A,N,A,N,N,N,N,A,A,N,N,N,A,A,N,N,N,A,N,N,A,N
VPL19;GRD8;VPS40;VAC4;VPS15;VPT15,B,B,B,B,B,B,B,B,B,N,B,B,B,B,B,B,B,B,B,B,B,B,B,B,B,B,B,B,B,B,B,B
APG17;ATG17,N,N,N,N,N,N,N,N,N,N,N,N,N,N,N,N,N,N,N,N,N,N,N,N,N,N,N,N,N,N,N,N
APG1;ATG1;AUT3;CVT10,B,B,B,B,B,B,B,B,B,B,B,B,B,B,B,B,B,B,B,B,B,B,B,B,B,B,B,B,B,B,B,B
CVT7;AUT9;CVT6;APG9;ATG9,A,A,A,N,N,N,N,N,A,N,A,N,N,A,N,A,N,A,N,N,N,A,A,N,A,N,N,A,N,A,A,A
APG13;ATG13,N,N,N,N,N,N,N,N,N,N,N,N,N,N,N,N,N,N,N,N,N,N,N,N,N,N,N,N,N,N,N,N
APG14;CVT12;ATG14,N,N,N,N,N,N,N,N,N,N,N,N,N,N,N,N,N,N,N,N,N,N,N,N,N,N,N,N,N,N,N,N
VPT29;VPS7;VPS34;PEP15;END12;VPL7;STT8,A,A,A,A,A,A,A,A,A,A,A,A,A,A,A,A,A,A,A,A,A,A,A,A,A,A,A,A,A,A,A,A
CAT1;PAS14;CCR1;GLC2;SNF1;HAF3,B,B,B,B,B,B,B,B,B,B,B,B,B,B,B,B,B,B,B,B,B,B,B,B,B,B,B,B,B,B,B,B
CIS1;ATG31,N,N,N,N,N,N,N,N,N,N,N,N,N,N,N,N,N,N,N,N,N,N,N,N,N,N,N,N,N,N,N,N
ATG29,N,N,N,N,N,N,N,N,N,N,N,N,N,N,N,N,N,N,N,N,N,N,N,N,N,N,N,N,N,N,N,N
APG2;SPO72;ATG2;AUT8,N,N,A,N,N,N,N,N,A,N,A,A,N,N,A,N,A,N,A,N,A,A,A,N,N,A,A,N,N,N,A,N
ATG18;CVT18;AUT10;NMR1;SVP1,N,A,A,A,A,N,N,N,A,N,A,A,N,N,N,A,A,A,A,N,A,N,A,A,A,N,N,N,A,A,A,A
HSV1;MAI1;ATG21,N,A,A,A,A,N,N,N,A,N,A,A,N,N,N,A,A,A,A,N,A,N,A,A,A,N,N,N,A,A,A,A
ATG38,N,N,N,N,N,N,N,N,N,N,N,N,N,N,N,N,N,N,N,N,N,N,N,N,N,N,N,N,N,N,N,N
TSC1;LCB2;SCS1,N,D,D,N,N,N,N,N,D,N,D,N,N,N,N,N,D,N,N,D,D,D,N,D,D,N,N,D,N,D,D,N
LCB1;END8;TSC2,N,D,D,N,N,N,N,N,D,N,D,N,N,N,N,N,D,N,N,D,D,D,N,D,D,N,N,D,N,D,D,N
PKA1;SRA3;TPK1,B,B,B,B,B,B,B,B,B,B,B,B,B,B,B,B,B,B,B,B,B,B,B,B,B,B,B,B,B,B,B,B
TPK3,B,B,B,B,B,B,B,B,B,B,B,B,B,B,B,B,B,B,B,B,B,B,B,B,B,B,B,B,B,B,B,B
TPK2;YKR1;PKA3;PKA2,B,B,B,B,B,B,B,B,B,B,B,B,B,B,B,B,B,B,B,B,B,B,B,B,B,B,B,B,B,B,B,B
SAK1;PAK1,B,B,B,B,B,B,B,B,B,B,B,B,B,B,B,B,B,B,B,B,B,B,B,B,B,B,B,B,B,B,B,B
ELM1;LDB9,D,D,D,D,D,D,D,D,D,D,D,D,D,D,D,D,D,D,D,D,D,D,D,D,D,D,D,D,D,D,D,D
TOS3,B,B,B,B,B,B,B,B,B,B,B,B,B,B,B,B,B,B,B,B,B,B,B,B,B,B,B,B,B,B,B,B
TSL7;CTN5;GLC5;CYR3;RAS2,C,C,C,C,C,C,C,C,C,C,C,C,C,C,C,C,C,C,C,C,C,C,C,C,C,C,C,C,C,C,C,C
RAS1,C,C,C,C,C,C,C,C,C,C,C,C,C,C,C,C,C,C,C,C,C,C,C,C,C,C,C,C,C,C,C,C
KOM1;HRM2;SCH9,B,B,B,B,B,B,B,B,B,B,B,B,B,B,B,B,B,B,B,B,B,B,B,B,B,B,B,B,B,B,B,B
LYT2;BYC2;SLK2;SLT2;MPK1,D,D,D,D,D,D,D,D,D,D,D,D,D,D,D,D,D,D,D,D,D,D,D,D,D,D,D,D,D,D,D,D
CVT23;ATG23,N,N,N,N,N,N,N,N,N,N,N,N,N,N,N,N,N,N,N,N,N,N,N,N,N,N,N,N,N,N,N,N
ATG27;ETF1,N,N,N,N,N,N,N,N,N,N,N,N,N,N,N,N,N,N,N,N,N,N,N,N,N,N,N,N,N,N,N,N
CVT3;ATG11;CVT9,N,N,N,N,N,N,N,N,N,N,N,N,N,N,N,N,N,N,N,N,N,N,N,N,N,N,N,N,N,N,N,N
ACT2;ARP2,D,D,D,D,D,D,D,D,D,N,D,D,D,D,D,D,D,D,D,D,D,D,D,D,N,D,D,D,D,D,D,D
ACT4;ARP3,D,D,D,D,D,D,D,D,D,N,D,D,D,D,D,D,D,D,D,D,D,D,D,D,N,D,D,D,D,D,D,D
APG3;ATG3;AUT1,A,N,A,N,A,N,N,A,N,N,A,A,A,A,A,A,A,A,A,N,N,N,N,N,N,A,N,A,N,A,A,N
APG8;AUT7;ATG8;CVT5,N,A,N,N,A,N,N,N,A,N,A,N,A,N,A,N,N,A,N,A,A,N,A,A,A,N,N,A,A,A,A,N
APG4;ATG4;AUT2,A,N,A,N,N,N,N,N,A,N,A,N,A,N,A,N,N,N,A,A,N,A,N,A,N,N,N,A,N,A,A,N
APG16;SAP18;APG15;ATG16;CVT11,N,N,N,N,N,N,N,N,N,N,N,N,N,N,N,N,N,N,N,N,N,N,N,N,N,N,N,N,N,N,N,N
APG12;ATG12,A,N,N,N,N,N,N,N,A,N,A,N,A,N,N,N,N,A,A,N,A,N,A,A,N,A,N,N,A,N,A,A
ATG10;APG10,N,N,N,N,N,N,N,N,N,N,N,N,N,N,N,N,N,N,N,N,N,N,N,N,N,N,N,N,N,N,N,N
APG7;APG11;ATG7;CVT2,A,A,N,N,N,A,N,N,N,N,N,N,N,N,N,N,N,N,A,N,N,A,N,A,N,N,N,A,N,A,A,A
yscA;PEP4;PHO9;PRA1,N,N,A,N,N,N,N,N,A,N,A,A,N,N,A,N,N,N,N,A,N,N,N,N,N,A,N,N,N,N,A,N
CVT1;PRB1,N,A,N,N,N,N,N,N,A,N,N,N,A,N,N,N,A,N,N,N,A,N,N,N,N,N,N,N,N,A,A,N
YSP3,N,A,N,N,N,N,N,N,A,N,N,N,A,N,N,N,A,N,N,N,A,N,N,N,N,N,N,N,N,A,A,N
ATG15;AUT5;CVT17,N,N,N,N,N,N,N,N,N,N,N,N,N,N,N,N,N,N,N,N,N,N,N,N,N,N,N,N,N,N,N,N
VAM3;PTH1,N,N,N,N,A,N,N,A,N,N,N,N,N,N,N,A,N,N,A,N,A,N,N,N,N,N,N,N,N,N,N,A
VPS43;VAM7;VPL24,N,N,N,N,N,N,N,N,N,N,N,N,N,N,N,N,N,N,N,N,N,N,N,N,N,N,N,N,N,N,N,N
VTI1,A,A,A,N,A,A,N,N,A,N,A,A,A,A,N,A,A,N,A,A,A,N,A,A,N,N,A,N,N,A,N,N
YKT6,A,A,A,N,N,N,A,N,A,N,A,A,A,A,A,N,N,A,A,A,A,A,N,N,N,A,A,A,N,A,A,A
SEC18;ANU4,D,D,D,D,D,D,D,D,D,D,D,D,D,D,D,D,D,D,D,D,D,D,D,D,D,D,D,D,D,D,D,D
RNS3;SEC17,N,A,N,A,N,N,A,N,A,N,A,N,N,A,A,N,N,A,A,N,N,N,N,N,N,N,N,A,N,N,A,N
AST4;VAM4;YPT7,C,C,C,C,C,C,C,C,C,C,C,C,C,C,C,C,C,C,C,C,C,C,C,C,C,C,C,C,C,C,C,C
MON1;AUT12,N,N,A,N,N,N,N,A,N,N,A,A,N,N,N,N,N,N,N,N,N,N,N,A,N,N,N,N,N,A,A,A
CCZ1;CVT16,N,N,N,N,N,N,N,N,N,N,N,N,N,N,N,N,N,N,N,N,N,N,N,N,N,N,N,N,N,N,N,N
VPS11;VAM1;VPL9;VPT11;END1;PEP5,N,N,N,N,N,N,N,N,N,N,N,N,N,N,N,N,N,N,N,N,N,N,N,N,N,N,N,N,N,N,N,N
VAM9;SVL6;VPS16;VPT16;CVT15,N,N,A,N,A,N,N,N,A,N,A,A,N,A,N,N,N,A,N,N,N,N,A,A,N,N,A,N,A,N,A,A
VPT18;PEP3;VPS18;VAM8,N,A,A,N,A,N,A,N,N,N,N,N,A,A,N,N,N,A,A,N,N,A,A,A,N,N,N,A,N,A,A,N
VAM5;VPL25;PEP14;SLP1;CLS14;VPT33;MET27;VPS33,A,N,N,N,A,N,A,N,A,N,A,A,N,A,N,A,A,N,A,N,N,N,A,N,A,N,A,N,N,A,A,A
VPT17;VPS3;PEP6;VPL3,N,N,N,N,N,N,N,N,N,N,N,N,N,N,N,N,N,N,N,N,N,N,N,N,N,N,N,N,N,N,N,N
FUN15;VPS8;VPL8;VPT8,N,N,N,N,N,N,N,N,N,N,N,N,N,N,N,N,N,N,N,N,N,N,N,N,N,N,N,N,N,N,N,N
VPS39;VAM6;CVT4;VPL18;VPL22,N,A,A,N,A,N,A,N,A,N,N,N,A,A,A,N,N,A,A,N,A,A,A,A,N,N,A,A,N,A,A,N
SVL2;FET2;VPS41;VPL20;CVT8;VAM2,N,A,A,N,A,N,A,N,N,N,N,N,A,A,N,N,N,A,A,N,N,A,A,A,N,N,N,A,N,A,A,N
STT10;VPS45;VPL28,A,N,A,A,A,A,A,N,A,N,A,A,N,A,A,A,A,N,A,A,N,N,A,A,A,N,A,N,N,A,A,A
GCN2;AAS102;NDR2;AAS1,D,D,D,D,D,D,D,D,D,D,D,D,D,D,D,D,D,D,D,D,D,D,D,D,D,D,D,D,D,D,D,D
SUI2,N,N,N,N,N,N,N,N,N,N,N,N,N,N,N,N,N,N,N,N,N,N,N,N,N,N,N,N,N,N,N,N
AAS101;GCN4;AAS3;ARG9,N,N,N,N,N,N,N,N,N,N,N,N,N,N,N,N,N,N,N,N,N,N,N,N,N,N,N,N,N,N,N,N
TAP42,N,N,N,N,N,N,N,N,N,N,N,N,N,N,N,N,N,N,N,N,N,N,N,N,N,N,N,N,N,N,N,N
LAS24;KOG1,N,A,A,N,A,A,A,A,A,N,A,N,A,A,A,N,A,N,A,N,N,N,A,N,A,A,A,N,N,A,A,N
TOR1;DRR1,A,A,A,A,A,A,N,A,A,A,A,A,A,A,A,A,A,A,A,A,A,A,A,A,A,A,A,A,A,A,A,A
DRR2;TOR2,A,A,A,A,A,A,N,A,A,A,A,A,A,A,A,A,A,A,A,A,A,A,A,A,A,A,A,A,A,A,A,A
LST8,A,A,A,A,A,A,A,A,A,A,A,A,A,A,A,A,A,A,A,A,A,A,A,A,A,A,A,A,A,A,A,A
YMR1,A,A,A,A,A,A,N,A,A,N,A,A,A,A,A,A,A,A,A,A,A,A,A,A,A,A,A,A,A,A,A,A
ATG22;AUT4,N,N,N,N,N,N,N,N,N,N,N,N,N,N,N,N,N,N,N,N,N,N,N,N,N,N,N,N,N,N,N,N
AVT3,A,N,A,A,A,N,N,N,A,N,A,A,N,A,A,A,A,N,A,A,N,N,A,N,N,N,N,A,N,A,A,N
AVT4,A,N,A,A,A,N,N,A,A,N,A,A,A,A,A,A,A,N,A,A,N,N,A,N,A,N,N,A,N,A,A,N
PPH21,D,D,D,D,D,D,D,D,D,N,D,D,D,D,D,D,D,D,D,D,D,D,D,D,D,D,D,D,D,D,D,D
PPH22;PPH2,D,D,D,D,D,D,D,D,D,N,D,D,D,D,D,D,D,D,D,D,D,D,D,D,D,D,D,D,D,D,D,D
TIP41,A,A,A,N,A,A,A,A,A,N,A,N,A,N,A,N,A,N,N,A,A,A,N,A,A,A,N,A,A,A,A,A
TAK1;RIM15,B,B,B,B,B,B,B,B,B,B,B,B,B,B,B,B,B,B,B,B,B,B,B,B,B,B,B,B,B,B,B,B
MSN4,N,N,N,N,N,N,N,N,N,N,N,N,N,N,N,N,N,N,N,N,N,N,N,N,N,N,N,N,N,N,N,N
MSN2,N,N,N,N,N,N,N,N,N,N,N,N,N,N,N,N,N,N,N,N,N,N,N,N,N,N,N,N,N,N,N,N
PHO85;LDB15,D,D,D,D,D,D,D,D,D,D,D,D,D,D,D,D,D,D,D,D,D,D,D,D,D,D,D,D,D,D,D,D
PCL5,N,A,N,N,N,N,A,N,N,N,N,N,N,N,N,N,A,N,N,N,N,N,N,A,A,N,N,A,N,N,A,N
NIM2;UME6;RIM16;CAR80,N,N,N,N,N,N,N,N,N,N,N,N,N,N,N,N,N,N,N,N,N,N,N,N,N,N,N,N,N,N,N,N
ARG82;ARGR3;IPK2,A,N,N,N,A,N,A,N,A,N,A,N,N,N,N,N,A,N,A,N,N,N,N,N,N,A,N,A,N,N,A,N
KCS1,A,N,N,N,A,N,A,N,A,N,A,N,N,N,N,N,A,N,A,N,N,N,N,N,N,A,N,A,N,N,A,N
APG5;ATG5,N,N,N,N,N,N,N,N,N,N,N,N,N,N,N,N,N,N,N,N,N,N,N,N,N,N,N,N,N,N,N,N
