trrA,N,N,N,N,N,N,N,N,N,N,N,N,N,N,N,N,N,N,N,N,N,N,N,N,N,N,N,N,N,N,N,N
selD,N,N,N,N,N,N,N,N,N,N,N,N,N,N,N,N,N,N,N,N,N,N,N,N,N,N,N,N,N,N,N,N
metS,N,N,N,N,N,N,N,N,N,N,N,N,N,N,N,N,N,N,N,N,N,N,N,N,N,N,N,N,N,N,N,N
mmetS,N,N,N,N,N,N,N,N,N,N,N,N,N,N,N,N,N,N,N,N,N,N,N,N,N,N,N,N,N,N,N,N
ccbl,D,N,D,D,D,N,N,D,D,N,D,D,D,D,D,D,D,D,D,D,D,D,D,D,N,N,N,D,D,N,D,D
6,B,B,N,N,N,N,N,B,N,N,N,B,N,N,N,N,N,N,N,N,N,N,B,N,N,B,N,N,N,N,B,B
sepsecs,A,A,A,N,N,A,N,A,N,N,A,N,A,N,A,N,A,A,N,N,N,N,A,N,N,A,N,N,N,N,A,N
cysA,N,N,N,N,N,N,N,N,N,N,N,N,N,N,N,N,N,N,N,N,N,N,N,N,N,N,N,N,N,N,N,N
9,N,A,A,N,N,N,N,N,A,N,N,N,N,N,A,N,N,N,N,N,N,N,N,N,N,N,N,N,A,N,A,N
10,N,N,N,N,N,N,N,N,N,N,N,N,N,N,N,N,N,N,N,N,N,N,N,N,N,N,N,N,N,N,N,N
mtr,N,N,N,N,N,N,N,N,N,N,N,N,N,N,N,N,N,N,N,N,N,N,N,N,N,N,N,N,N,N,N,N
