RAPTOR1,N,A,A,N,A,A,A,A,A,N,A,N,A,A,A,N,A,N,A,N,N,N,A,N,A,A,A,N,N,A,A,N
RAPTOR2,N,A,A,N,A,A,A,A,A,N,A,N,A,A,A,N,A,N,A,N,N,N,A,N,A,A,A,N,N,A,A,N
TOR,A,A,A,A,A,A,N,A,A,A,A,A,A,A,A,A,A,A,A,A,A,A,A,A,A,A,A,A,A,A,A,A
LST8-2,A,A,A,A,A,A,A,A,A,N,A,A,A,A,A,A,A,A,A,A,A,A,A,A,A,A,A,A,A,A,A,A
LST8-1,A,A,A,A,A,A,A,A,A,N,A,A,A,A,A,A,A,A,A,A,A,A,A,A,A,A,A,A,A,A,A,A
6,B,B,B,B,B,B,B,B,B,B,B,B,B,B,B,B,B,B,B,B,B,B,B,B,B,B,B,B,B,B,B,B
7,B,B,B,B,B,B,B,B,B,B,B,B,B,B,B,B,B,B,B,B,B,B,B,B,B,B,B,B,B,B,B,B
8,N,N,N,N,N,N,N,N,N,N,N,N,N,N,N,N,N,N,N,N,N,N,N,N,N,N,N,N,N,N,N,N
ATG13,N,N,N,N,N,N,N,N,N,N,A,N,N,N,N,N,N,N,N,A,N,N,N,N,N,A,N,N,N,N,A,A
10,N,N,N,N,N,N,N,N,N,N,N,N,N,N,N,N,N,N,N,N,N,N,N,N,N,N,N,N,N,N,N,N
11,A,A,N,N,N,N,N,A,A,N,A,A,N,N,N,N,N,A,A,N,A,N,N,N,N,A,N,N,N,N,A,A
TAP46,N,N,N,N,N,N,N,N,N,N,N,N,N,N,N,N,N,N,N,N,N,N,N,N,N,N,N,N,N,N,N,N
PP2A-2,D,D,D,D,D,D,D,D,D,N,D,D,D,D,D,D,D,D,D,D,D,D,D,D,D,D,D,D,D,D,D,D
PP2A-1,D,D,D,D,D,D,D,D,D,N,D,D,D,D,D,D,D,D,D,D,D,D,D,D,D,D,D,D,D,D,D,D
PP2A,D,D,D,D,D,D,D,D,D,N,D,D,D,D,D,D,D,D,D,D,D,D,D,D,D,D,D,D,D,D,D,D
PP2A-3,D,D,D,D,D,D,D,D,D,N,D,D,D,D,D,D,D,D,D,D,D,D,D,D,D,D,D,D,D,D,D,D
PP2A-4,D,D,D,D,D,D,D,D,D,N,D,D,D,D,D,D,D,D,D,D,D,D,D,D,D,D,D,D,D,D,D,D
ATG6,N,A,A,N,N,N,N,A,A,N,A,N,A,N,N,N,N,A,A,N,N,N,A,A,N,N,N,A,N,N,A,N
VPS15,D,D,D,D,D,D,D,D,D,N,D,D,D,D,D,D,D,D,D,D,D,D,D,D,D,D,D,D,D,D,D,D
VPS34,A,A,A,A,A,A,A,A,A,A,A,A,A,A,A,A,A,A,A,A,A,A,A,A,A,A,A,A,A,A,A,A
APG9,A,A,A,N,N,N,N,N,A,N,A,N,N,A,N,A,N,A,N,N,N,A,A,N,A,N,N,A,N,A,A,A
ATG2,N,N,A,N,N,N,N,N,A,N,A,A,N,N,A,N,A,N,A,N,A,A,A,N,N,A,A,N,N,N,A,N
ATG18B,N,A,A,A,A,N,N,N,A,N,A,A,N,N,N,A,A,A,A,N,A,N,A,A,A,N,N,N,A,A,A,A
ATG3,A,N,A,N,A,N,N,A,N,N,A,A,A,A,A,A,A,A,A,N,N,N,N,N,N,A,N,A,N,A,A,N
ATG8C,N,A,N,N,A,N,N,N,A,N,A,N,A,N,A,N,N,A,N,A,A,N,A,A,A,N,N,A,A,A,A,N
ATG8D,N,A,N,N,A,N,N,N,A,N,A,N,A,N,A,N,N,A,N,A,A,N,A,A,A,N,N,A,A,A,A,N
ATG8E,N,A,N,N,A,N,N,N,A,N,A,N,A,N,A,N,N,A,N,A,A,N,A,A,A,N,N,A,A,A,A,N
ATG8H,N,A,N,N,A,N,N,N,A,N,A,N,A,N,A,N,N,A,N,A,A,N,A,A,A,N,N,A,A,A,A,N
APG8H,N,A,N,N,A,N,N,N,A,N,A,N,A,N,A,N,N,A,N,A,A,N,A,A,A,N,N,A,A,A,A,N
ATG8G,N,A,N,N,A,N,N,N,A,N,A,N,A,N,A,N,N,A,N,A,A,N,A,A,A,N,N,A,A,A,A,N
ATG8B,N,A,N,N,A,N,N,N,A,N,A,N,A,N,A,N,N,A,N,A,A,N,A,A,A,N,N,A,A,A,A,N
ATG8F,N,A,N,N,A,N,N,N,A,N,A,N,A,N,A,N,N,A,N,A,A,N,A,A,A,N,N,A,A,A,A,N
APG8A,N,A,N,N,A,N,N,N,A,N,A,N,A,N,A,N,N,A,N,A,A,N,A,A,A,N,N,A,A,A,A,N
34,A,N,A,N,N,N,N,N,A,N,A,N,A,N,A,N,N,N,A,A,N,A,N,A,N,N,N,A,N,A,A,N
35,A,A,A,A,A,A,A,A,A,A,A,A,A,A,A,A,A,A,A,A,A,A,A,A,A,A,A,A,A,A,A,A
ATG12A,A,N,N,N,N,N,N,N,A,N,A,N,A,N,N,N,N,A,A,N,A,N,A,A,N,A,N,N,A,N,A,A
APG12B,A,N,N,N,N,N,N,N,A,N,A,N,A,N,N,N,N,A,A,N,A,N,A,A,N,A,N,N,A,N,A,A
ATG10,A,N,A,N,N,N,N,A,N,N,A,A,A,A,A,A,A,N,A,N,N,N,N,N,N,A,N,A,N,A,A,N
APG7,N,N,N,N,N,N,N,N,N,N,N,N,N,N,N,N,N,N,N,N,N,N,N,N,N,N,N,N,N,N,N,N
APG5,N,N,N,N,N,N,N,N,N,N,N,N,N,N,N,N,N,N,N,N,N,N,N,N,N,N,N,N,N,N,N,N
