HSD17;EDH17B2;SDR28C1;20-alpha-HSD;EDHB17;17-beta-HSD;HSD17B1;E2DH,B,N,B,N,N,N,B,N,B,N,B,B,B,B,N,N,B,N,B,B,N,N,B,N,B,B,N,N,N,N,B,B
HSD17B2;HSD17;EDH17B2;SDR9C2,B,N,B,N,N,N,B,N,B,N,B,B,B,B,N,N,B,N,B,B,N,N,B,N,B,B,N,N,N,N,B,B
KAR;HSD17B12;SDR12C1,B,N,B,N,N,N,B,N,B,N,B,B,B,B,N,N,B,N,B,B,N,N,B,N,B,B,N,N,N,N,B,B
HSD17B7;PRAP;SDR37C1,N,B,B,N,B,B,N,N,N,N,N,N,B,B,N,N,N,N,N,N,N,N,N,N,N,N,N,N,N,N,B,B
FABGL;dJ1033B10.9;HKE6;H2-KE6;D6S2245E;FABG;RING2;KE6;HSD17B8;SDR30C1,B,N,B,N,N,N,B,B,B,N,B,B,B,B,N,N,B,N,B,B,N,N,B,N,B,B,N,N,N,B,B,B
HSD17B6;HSE;SDR9C6;RODH,B,N,B,N,N,N,B,N,B,N,B,B,B,B,N,N,B,N,B,B,N,N,B,N,B,B,N,N,N,N,B,B
STS;ES;ARSC1;SSDD;XLI;ASC;ARSC,N,N,N,N,N,N,N,N,N,N,N,N,N,N,N,N,N,N,N,N,N,N,N,N,N,N,N,N,N,N,N,N
ARCI14;SULT2B1;HSST2,A,N,A,N,N,N,A,N,A,N,A,N,N,A,N,N,N,A,N,A,A,A,N,N,N,N,N,N,N,A,A,N
CYPXIA1;CYP11A1;P450SCC;CYP11A,C,C,C,N,C,N,C,C,C,N,C,N,C,C,C,C,C,C,C,C,C,C,C,C,N,C,N,C,C,N,C,C
P450C17;S17AH;CPT7;CYP17A1;CYP17,C,C,C,N,C,N,C,C,C,N,C,N,C,C,C,C,C,C,C,C,C,C,C,C,N,C,N,C,C,N,C,C
CPS1;CYP21;CA21H;P450c21B;CYP21A2;CYP21B;CAH1,C,C,C,N,C,N,C,C,C,N,C,N,C,C,C,N,C,C,C,C,C,C,C,C,N,C,N,C,C,N,C,C
HSD3B1;SDR11E1;I;3BETAHSD;HSD3B;HSDB3;HSDB3A,N,N,N,N,N,N,N,N,N,N,N,N,N,N,N,N,N,N,N,N,N,N,N,N,N,N,N,N,N,N,N,N
HSD3B;SDR11E2;HSD3B2;HSDB,N,N,N,N,N,N,N,N,N,N,N,N,N,N,N,N,N,N,N,N,N,N,N,N,N,N,N,N,N,N,N,N
CBAS3;SPG5A;CP7B;CYP7B1,C,C,C,N,C,N,C,C,C,N,C,N,C,C,C,N,C,C,C,C,C,C,C,C,C,C,N,C,C,N,C,C
P450C11;FHI;CYP11B;CYP11B1;CPN1,C,C,C,N,C,N,C,C,C,N,C,N,C,C,C,C,C,C,C,C,C,C,C,C,N,C,N,C,C,N,C,C
CPN2;ALDOS;P450C18;CYP11B;CYP11BL;CYPXIB2;P-450C18;P450aldo;CYP11B2,C,C,C,N,C,N,C,C,C,N,C,N,C,C,C,C,C,C,C,C,C,C,C,C,N,C,N,C,C,N,C,C
CYP3A7-3AP1;CYP3A7-CYP3A51P;CYP3A7.1L;CYP3A7-CYP3AP1,C,C,C,N,C,N,C,C,C,N,C,N,C,C,C,C,C,C,C,C,C,C,C,C,N,C,N,C,C,N,C,C
CP11;AHRR;P450-C;P1-450;CYPIA1;AHH;P450DX;CYP1;CYP1A1,C,C,C,N,C,N,C,C,C,N,C,N,C,C,C,N,C,C,C,C,C,C,C,C,N,C,N,C,C,N,C,C
CYPIA2;P3-450;P450(PA);CYP1A2;CP12,C,C,C,N,C,N,C,C,C,N,C,N,C,C,C,N,C,C,C,C,C,C,C,C,N,C,N,C,C,N,C,C
P450-HFLA;CYP3A7;P-450(HFL33);P-450111A7;CP37;CYPIIIA7,C,C,C,N,C,N,C,C,C,N,C,N,C,C,C,C,C,C,C,C,C,C,C,C,N,C,N,C,C,N,C,C
CYP3A5;CP35;CYPIIIA5;P450PCN3;PCN3,C,C,C,N,C,N,C,C,C,N,C,N,C,C,C,C,C,C,C,C,C,C,C,C,C,C,N,C,C,N,C,C
HAKRe;hluPGFS;PGFS;DDX;AKR1C3;HA1753;DD3;HSD17B5;HAKRB,N,N,N,N,N,N,N,N,N,N,N,N,N,N,N,N,N,N,N,N,N,N,N,N,N,N,N,N,N,N,N,N
SRD5A1;S5AR_1,A,N,A,A,A,N,N,N,A,N,A,N,N,A,N,A,A,N,A,N,A,N,N,A,N,A,A,A,N,N,N,A
SRD5A2,A,N,A,A,A,N,N,N,A,N,A,N,N,A,N,A,A,N,A,N,A,N,N,A,N,A,A,A,N,N,N,A
SRD5A2L;CDG1P;CDG1Q;SRD5A3;KRIZI;SRD5A2L1,A,A,A,N,A,A,N,N,A,N,N,A,N,A,N,A,A,N,N,N,A,N,N,A,N,A,N,A,N,N,N,A
DD;DDH2;DD2;TDD;DD/BABP;SRXY8;AKR1C-pseudo;HBAB;HAKRD;AKR1C2;MCDR2;DD-2;BABP,N,N,N,N,N,N,N,N,N,N,N,N,N,N,N,N,N,N,N,N,N,N,N,N,N,N,N,N,N,N,N,N
SRD5B1;3o5bred;CBAS2;AKR1D1,N,N,N,N,N,N,N,N,N,N,N,N,N,N,N,N,N,N,N,N,N,N,N,N,N,N,N,N,N,N,N,N
CHDR;DD-4;C11;3-alpha-HSD;CDR;AKR1C4;HAKRA;DD4,N,N,N,N,N,N,N,N,N,N,N,N,N,N,N,N,N,N,N,N,N,N,N,N,N,N,N,N,N,N,N,N
2-ALPHA-HSD;C9;20-ALPHA-HSD;DDH;MBAB;DDH1;AKR1C1;HAKRC;DD1;HBAB;DD1/DD2;H-37,N,N,N,N,N,N,N,N,N,N,N,N,N,N,N,N,N,N,N,N,N,N,N,N,N,N,N,N,N,N,N,N
CORTRD2;11-beta-HSD1;HSD11;11-DH;SDR26C1;HSD11B;HSD11B1;HDL;HSD11L,B,B,B,B,B,B,B,N,B,N,B,B,B,B,N,N,B,N,B,B,B,B,B,B,B,B,B,B,N,N,B,B
AME;SDR9C3;AME1;HSD11K;HSD11B2;HSD2,B,N,B,N,N,N,B,N,B,N,B,B,B,B,N,N,B,N,B,B,N,N,B,N,B,B,N,N,N,N,B,B
HSD17B3;SDR12C2;EDH17B3,B,B,B,B,B,B,N,N,B,N,B,B,B,B,N,N,B,N,B,B,B,B,B,B,B,B,B,B,N,N,B,B
UGT2B11,N,A,N,N,N,N,N,N,A,N,A,A,N,N,N,N,N,N,N,A,N,N,N,N,N,N,N,N,N,N,A,A
UDPGT2A1;UGT2A1,N,A,N,N,N,N,N,N,A,N,A,A,N,N,N,N,N,N,N,A,N,N,N,N,N,N,N,N,N,N,A,A
UGT2B28,N,A,N,N,N,N,N,N,A,N,A,A,N,N,N,N,N,N,N,A,N,N,N,N,N,N,N,N,N,N,A,A
UDPGT;UGT-1J;UGT1A10;UGT1J;UGT1.10;UGT1-10,N,A,N,N,N,N,N,N,A,N,A,A,N,N,N,N,N,N,N,A,N,N,N,N,N,N,N,N,N,N,A,A
UDPGT;UGT1H;UGT1.8;UGT1A8S;UGT1A8;UDPGT_1-8;UGT1-08;UGT-1H,N,A,N,N,N,N,N,N,A,N,A,A,N,N,N,N,N,N,N,A,N,N,N,N,N,N,N,N,N,N,A,A
UDPGT;UGT-1G;UGT1G;UDPGT_1-7;UGT1-07;UGT1.7;UGT1A7,N,A,N,N,N,N,N,N,A,N,A,A,N,N,N,N,N,N,N,A,N,N,N,N,N,N,N,N,N,N,A,A
UDPGT;UGT1A6S;GNT1;UGT1;UGT1A6;UGT1F;UDPGT_1-6;HLUGP1;HLUGP,N,A,N,N,N,N,N,N,A,N,A,A,N,N,N,N,N,N,N,A,N,N,N,N,N,N,N,N,N,N,A,A
UDPGT;UGT1A5;UGT1E;UDPGT_1-5,N,A,N,N,N,N,N,N,A,N,A,A,N,N,N,N,N,N,N,A,N,N,N,N,N,N,N,N,N,N,A,A
UDPGT;UGT1A9S;LUGP4;UGT1-09;UGT1-9;UGT1A9;UGT1.9;UGT1I;HLUGP4;UGT-1I;UGT1AI;UDPGT_1-9,N,A,N,N,N,N,N,N,A,N,A,A,N,N,N,N,N,N,N,A,N,N,N,N,N,N,N,N,N,N,A,A
UDPGT;UDPGT_1-4;HUG-BR2;UGT1A4;UGT1-04;UGT1.4;UGT1D;UGT1A4S;UGT-1D,N,A,N,N,N,N,N,N,A,N,A,A,N,N,N,N,N,N,N,A,N,N,N,N,N,N,N,N,N,N,A,A
UDPGT;GNT1;UDPGT_1-1;BILIQTL1;UGT1;UGT1A;HUG-BR1;UGT1A1,N,A,N,N,N,N,N,N,A,N,A,A,N,N,N,N,N,N,N,A,N,N,N,N,N,N,N,N,N,N,A,A
UDPGT;UGT1C;UGT1.3;UDPGT_1-3;UGT1A3S;UGT1-03;UGT1A3;UGT-1C,N,A,N,N,N,N,N,N,A,N,A,A,N,N,N,N,N,N,N,A,N,N,N,N,N,N,N,N,N,N,A,A
UGT2A2,N,A,N,N,N,N,N,N,A,N,A,A,N,N,N,N,N,N,N,A,N,N,N,N,N,N,N,N,N,N,A,A
UDPGT2B4;UGT2B11;UDPGTH1;HLUG25;UDPGTh-1;UGT2B4,N,A,N,N,N,N,N,N,A,N,A,A,N,N,N,N,N,N,N,A,N,N,N,N,N,N,N,N,N,N,A,A
UDPGTh-2;UDPGT2B7;UDPGT_2B9;UDPGTH2;UDPGT_2B7;UGT2B7;UGT2B9,N,A,N,N,N,N,N,N,A,N,A,A,N,N,N,N,N,N,N,A,N,N,N,N,N,N,N,N,N,N,A,A
UGT2B10;UDPGT2B10,N,A,N,N,N,N,N,N,A,N,A,A,N,N,N,N,N,N,N,A,N,N,N,N,N,N,N,N,N,N,A,A
UDPGT_2B8;UDPGTH3;UGT2B8;UGT2B15;HLUG4;UDPGT2B15,N,A,N,N,N,N,N,N,A,N,A,A,N,N,N,N,N,N,N,A,N,N,N,N,N,N,N,N,N,N,A,A
UGT2B17;BMND12;UDPGT2B17,N,A,N,N,N,N,N,N,A,N,A,A,N,N,N,N,N,N,N,A,N,N,N,N,N,N,N,N,N,N,A,A
UGT2A3,N,A,N,N,N,N,N,N,A,N,A,A,N,N,N,N,N,N,N,A,N,N,N,N,N,N,N,N,N,N,A,A
CPV1;CYP19;CYAR;ARO;CYPXIX;P-450AROM;ARO1;CYP19A1,C,C,C,N,C,N,C,C,C,N,C,N,C,C,C,N,C,C,C,C,C,C,C,C,N,C,N,C,C,N,C,C
HEL-S-98n;COMT,N,N,A,N,N,N,A,N,A,N,N,N,N,N,N,N,N,A,N,N,N,N,N,N,N,N,N,N,N,N,A,N
CYPIB1;GLC3A;CYP1B1;P4501B1;ASGD6;CP1B,C,C,C,N,C,N,C,C,C,N,C,N,C,C,C,N,C,C,C,C,C,C,C,C,N,C,N,C,C,N,C,C
SULT1E1;EST;STE;EST-1;ST1E1,A,N,A,N,N,N,A,N,A,N,A,N,N,A,N,N,N,A,N,A,A,A,N,N,N,N,N,N,N,A,A,N
CYPVII;CYP7;CP7A;CYP7A1,C,C,N,N,C,N,C,C,C,N,C,N,C,C,C,N,C,C,C,C,C,C,C,C,N,C,N,C,C,N,C,C
CYP2E;P450C2E;CPE1;CYP2E1;P450-J,C,C,C,N,C,N,C,C,C,N,C,N,C,C,C,N,C,C,C,C,C,C,C,C,N,C,N,C,C,N,C,C
CYP3A3;CYPIIIA3;CYP3A;P450C3;CP33;CYP3A4;CP34;CYPIIIA4;NF-25;P450PCN1;HLP,C,C,C,N,C,N,C,C,C,N,C,N,C,C,C,C,C,C,C,C,C,C,C,C,N,C,N,C,C,N,C,C
