DRT101,N,N,N,N,N,N,N,N,N,N,N,N,N,N,N,N,N,N,N,N,N,N,N,N,N,N,N,N,N,N,N,N
GlcNAc1pUT1,A,N,A,N,A,N,A,A,A,N,A,N,A,N,N,A,N,A,N,N,A,N,N,A,N,N,N,A,N,A,A,N
GlcNAc1pUT2,A,N,A,N,A,N,A,A,A,N,A,N,A,N,N,A,N,A,N,N,A,N,N,A,N,N,N,A,N,A,A,N
GFAT,N,N,N,N,N,N,N,N,N,N,N,N,N,N,N,N,N,N,N,N,N,N,N,N,N,N,N,N,N,N,N,N
GNA1,N,N,N,N,N,N,N,N,N,N,N,N,N,N,N,N,N,N,N,N,N,N,N,N,N,N,N,N,N,N,N,N
HEXO2,A,N,N,A,N,N,N,N,N,N,N,N,N,A,N,N,N,N,N,N,A,A,N,N,N,N,N,N,N,N,N,A
HEXO3,A,N,N,A,N,N,N,N,N,N,N,N,N,A,N,N,N,N,N,N,A,A,N,N,N,N,N,N,N,N,N,A
HEXO1,A,N,N,A,N,N,N,N,N,N,N,N,N,A,N,N,N,N,N,N,A,A,N,N,N,N,N,N,N,N,N,A
9,N,N,N,N,N,N,N,N,A,N,A,N,N,N,N,N,N,A,N,N,N,N,N,N,N,A,N,N,N,N,N,N
CHI,N,N,N,N,N,N,N,N,A,N,A,N,N,N,N,N,N,A,N,N,N,N,N,N,N,A,N,N,N,N,N,N
11,N,N,N,N,N,N,N,N,A,N,A,N,N,N,N,N,N,A,N,N,N,N,N,N,N,A,N,N,N,N,N,N
12,N,N,N,N,N,N,N,N,A,N,A,N,N,N,N,N,N,A,N,N,N,N,N,N,N,A,N,N,N,N,N,N
13,N,N,N,N,N,N,N,N,A,N,A,N,N,N,N,N,N,A,N,N,N,N,N,N,N,A,N,N,N,N,N,N
14,N,N,N,N,N,N,N,N,A,N,A,N,N,N,N,N,N,A,N,N,N,N,N,N,N,A,N,N,N,N,N,N
15,N,N,N,N,N,N,N,N,A,N,A,N,N,N,N,N,N,A,N,N,N,N,N,N,N,A,N,N,N,N,N,N
HCHIB,N,N,N,N,N,N,N,N,A,N,A,N,N,N,N,N,N,A,N,N,N,N,N,N,N,A,N,N,N,N,N,N
17,N,N,N,N,N,N,N,N,A,N,A,N,N,N,N,N,N,A,N,N,N,N,N,N,N,A,N,N,N,N,N,N
EP3,N,N,N,N,N,N,N,N,A,N,A,N,N,N,N,N,N,A,N,N,N,N,N,N,N,A,N,N,N,N,N,N
19,N,N,N,N,N,N,N,N,N,N,N,N,N,N,N,N,N,N,N,N,N,N,N,N,N,N,N,N,N,N,N,N
20,N,N,N,N,N,N,N,N,N,N,N,N,N,N,N,N,N,N,N,N,N,N,N,N,N,N,N,N,N,N,N,N
21,N,N,N,N,N,N,N,N,N,N,N,N,N,N,N,N,N,N,N,N,N,N,N,N,N,N,N,N,N,N,N,N
22,N,N,N,N,N,N,N,N,N,N,N,N,N,N,N,N,N,N,N,N,N,N,N,N,N,N,N,N,N,N,N,N
23,N,N,N,N,N,N,N,N,N,N,N,N,N,N,N,N,N,N,N,N,N,N,N,N,N,N,N,N,N,N,N,N
ChiC,N,N,N,N,N,N,N,N,N,N,N,N,N,N,N,N,N,N,N,N,N,N,N,N,N,N,N,N,N,N,N,N
25,N,N,N,N,N,N,N,N,N,N,N,N,N,N,N,N,N,N,N,N,N,N,N,N,N,N,N,N,N,N,N,N
CHIA,N,N,N,N,N,N,N,N,N,N,N,N,N,N,N,N,N,N,N,N,N,N,N,N,N,N,N,N,N,N,N,N
HXK3,N,N,N,N,A,N,N,N,A,N,N,N,N,N,N,N,A,N,N,N,N,N,N,N,A,A,N,N,N,N,A,A
HKL1,N,N,N,N,A,N,N,N,A,N,N,N,N,N,N,N,A,N,N,N,N,N,N,N,A,A,N,N,N,N,A,A
HXK2,N,N,N,N,A,N,N,N,A,N,N,N,N,N,N,N,A,N,N,N,N,N,N,N,A,A,N,N,N,N,A,A
ATHXK4,N,N,N,N,A,N,N,N,A,N,N,N,N,N,N,N,A,N,N,N,N,N,N,N,A,A,N,N,N,N,A,A
HXK1,N,N,N,N,A,N,N,N,A,N,N,N,N,N,N,N,A,N,N,N,N,N,N,N,A,A,N,N,N,N,A,A
HKL3,N,N,N,N,A,N,N,N,A,N,N,N,N,N,N,N,A,N,N,N,N,N,N,N,A,A,N,N,N,N,A,A
33,N,N,N,N,N,N,N,N,N,N,N,N,N,N,N,N,N,N,N,N,N,N,N,N,N,N,N,N,N,N,N,N
34,N,N,N,N,N,N,N,N,N,N,N,N,N,N,N,N,N,N,N,N,N,N,N,N,N,N,N,N,N,N,N,N
35,N,N,N,N,N,N,N,N,N,N,N,N,N,N,N,N,N,N,N,N,N,N,N,N,N,N,N,N,N,N,N,N
36,N,N,N,N,N,N,N,N,N,N,N,N,N,N,N,N,N,N,N,N,N,N,N,N,N,N,N,N,N,N,N,N
37,N,N,N,N,N,N,N,N,N,N,N,N,N,N,N,N,N,N,N,N,N,N,N,N,N,N,N,N,N,N,N,N
38,N,N,N,N,N,N,N,N,N,N,N,N,N,N,N,N,N,N,N,N,N,N,N,N,N,N,N,N,N,N,N,N
39,N,N,N,N,N,N,N,N,N,N,N,N,N,N,N,N,N,N,N,N,N,N,N,N,N,N,N,N,N,N,N,N
40,N,N,N,N,N,N,N,N,N,N,N,N,N,N,N,N,N,N,N,N,N,N,N,N,N,N,N,N,N,N,N,N
CBR,N,N,N,N,N,N,N,N,N,N,N,N,N,N,N,N,N,N,N,N,N,N,N,N,N,N,N,N,N,N,N,N
42,N,N,N,N,N,N,N,N,N,N,N,N,N,N,N,N,N,N,N,N,N,N,N,N,N,N,N,N,N,N,N,N
NRS/ER,N,N,N,N,N,N,N,N,N,N,N,N,N,N,N,N,N,N,N,N,N,N,N,N,N,N,N,N,N,N,N,N
GLCAK,N,N,N,N,N,N,N,N,N,N,N,N,N,N,N,N,N,N,N,N,N,N,N,N,N,N,N,N,N,N,N,N
45,N,N,N,N,N,N,N,N,N,N,N,N,N,N,N,N,N,N,N,N,N,N,N,N,N,N,N,N,N,N,N,N
GalAK,N,N,N,N,N,N,N,N,N,N,N,N,N,N,N,N,N,N,N,N,N,N,N,N,N,N,N,N,N,N,N,N
MUM4,N,N,N,N,N,N,N,A,N,N,A,A,N,A,A,N,A,N,A,N,A,N,A,A,N,N,N,N,N,N,A,N
RHM1,N,N,N,N,A,N,N,A,N,N,A,A,N,A,A,N,A,N,A,A,A,N,A,A,N,A,N,N,N,N,A,N
RHM3,N,N,N,N,A,N,N,A,N,N,A,A,N,A,A,N,A,N,A,A,A,N,A,A,N,A,N,N,N,N,A,N
50,N,N,N,N,N,N,N,N,N,N,N,N,N,N,N,N,N,N,N,N,N,N,N,N,N,N,N,N,N,N,N,N
UGE1,N,N,N,N,A,N,N,N,N,N,A,N,N,N,N,N,N,N,N,A,N,N,N,N,N,A,N,N,N,N,N,N
UGE3,N,N,N,N,A,N,N,N,N,N,A,N,N,N,N,N,N,N,N,A,N,N,N,N,N,A,N,N,N,N,N,N
RHD1,N,N,N,N,A,N,N,N,N,N,A,N,N,N,N,N,N,N,N,A,N,N,N,N,N,A,N,N,N,N,N,N
UGE5,N,N,N,N,A,N,N,A,N,N,A,A,N,A,A,N,A,N,A,A,A,N,A,A,N,A,N,N,N,N,A,N
UGE2,N,N,N,N,A,N,N,A,N,N,A,A,N,A,A,N,A,N,A,A,A,N,A,A,N,A,N,N,N,N,A,N
UGD1,N,N,D,N,N,N,N,D,D,N,D,N,D,N,N,N,N,N,N,N,N,D,N,N,N,N,N,D,N,N,N,N
57,N,N,D,N,N,N,N,D,D,N,D,N,D,N,N,N,N,N,N,N,N,D,N,N,N,N,N,D,N,N,N,N
UGD2,N,N,D,N,N,N,N,D,D,N,D,N,D,N,N,N,N,N,N,N,N,D,N,N,N,N,N,D,N,N,N,N
UGD3,N,N,D,N,N,N,N,D,D,N,D,N,D,N,N,N,N,N,N,N,N,D,N,N,N,N,N,D,N,N,N,N
UDG4,N,N,D,N,N,N,N,D,D,N,D,N,D,N,N,N,N,N,N,N,N,D,N,N,N,N,N,D,N,N,N,N
UXS6,N,N,N,N,A,N,N,N,N,N,A,N,N,N,N,N,N,N,N,A,N,N,N,N,N,A,N,N,N,N,N,N
UXS4,N,N,N,N,A,N,N,N,N,N,A,N,N,N,N,N,N,N,N,A,N,N,N,N,N,A,N,N,N,N,N,N
UXS5,N,N,N,N,A,N,N,N,N,N,A,N,N,N,N,N,N,N,N,A,N,N,N,N,N,A,N,N,N,N,N,N
UXS1,N,N,N,N,A,N,N,N,N,N,A,N,N,N,N,N,N,N,N,A,N,N,N,N,N,A,N,N,N,N,N,N
AUD1,N,N,N,N,A,N,N,N,N,N,A,N,N,N,N,N,N,N,N,A,N,N,N,N,N,A,N,N,N,N,N,N
UXS3,N,N,N,N,A,N,N,N,N,N,A,N,N,N,N,N,N,N,N,A,N,N,N,N,N,A,N,N,N,N,N,N
MUR4,N,N,N,N,A,N,N,A,N,N,A,A,N,A,A,N,A,N,A,A,A,N,A,A,N,A,N,N,N,N,A,N
MEE25,N,N,N,N,A,N,N,N,N,N,A,N,N,N,N,N,N,N,N,A,N,N,N,N,N,A,N,N,N,N,N,N
69,N,N,N,N,A,N,N,N,N,N,A,N,N,N,N,N,N,N,N,A,N,N,N,N,N,A,N,N,N,N,N,N
DUR,N,N,N,N,A,N,N,N,N,N,A,N,N,N,N,N,N,N,N,A,N,N,N,N,N,A,N,N,N,N,N,N
DIN9,N,A,N,N,N,A,N,N,N,N,A,N,A,A,A,N,A,N,A,N,N,A,A,N,N,N,A,A,N,N,A,N
MEE31,N,A,N,N,N,A,N,N,N,N,A,N,A,A,A,N,A,N,A,N,N,A,A,N,N,N,A,A,N,N,A,N
PMM,N,N,N,N,N,N,N,N,N,N,N,N,N,N,N,N,N,N,N,N,N,N,N,N,N,N,N,N,N,N,N,N
PGM3,N,N,N,N,N,N,N,N,N,N,N,N,N,N,N,N,N,N,N,N,N,N,N,N,N,N,N,N,N,N,N,N
PGM2,N,N,N,N,N,N,N,N,N,N,N,N,N,N,N,N,N,N,N,N,N,N,N,N,N,N,N,N,N,N,N,N
PGM,N,N,N,N,N,N,N,N,N,N,N,N,N,N,N,N,N,N,N,N,N,N,N,N,N,N,N,N,N,N,N,N
77,N,N,N,N,N,N,N,N,N,N,N,N,N,N,N,N,N,N,N,N,N,N,N,N,N,N,N,N,N,N,N,N
CYT1,A,A,N,N,N,N,N,N,A,N,A,N,N,N,N,N,N,N,N,N,N,A,N,A,N,A,N,A,N,N,N,N
79,A,A,N,N,N,N,N,N,A,N,A,N,N,N,N,N,N,N,N,N,N,A,N,A,N,A,N,A,N,N,N,N
80,N,N,N,N,N,N,N,N,N,N,N,N,N,N,N,N,N,N,N,N,N,N,N,N,N,N,N,N,N,N,N,N
FKGP,N,N,N,N,N,N,N,N,N,N,N,N,N,N,N,N,N,N,N,N,N,N,N,N,N,N,N,N,N,N,N,N
82,N,N,N,N,N,N,N,N,N,N,N,N,N,N,N,N,N,N,N,N,N,N,N,N,N,N,N,N,N,N,N,N
ARA1,N,N,N,N,N,N,N,N,N,N,N,N,N,N,N,N,N,N,N,N,N,N,N,N,N,N,N,N,N,N,N,N
USP,A,N,A,N,A,N,A,A,A,N,A,N,A,A,N,A,N,A,N,N,A,N,A,A,N,N,A,A,N,A,A,N
SQD1,N,N,N,N,N,N,N,N,N,N,N,N,N,N,N,N,N,N,N,N,N,N,N,N,N,N,N,N,N,N,N,N
AXS2,N,N,N,N,N,N,N,N,N,N,N,N,N,N,N,N,N,N,N,N,N,N,N,N,N,N,N,N,N,N,N,N
AXS1,N,N,N,N,N,N,N,N,N,N,N,N,N,N,N,N,N,N,N,N,N,N,N,N,N,N,N,N,N,N,N,N
MUR1,N,N,N,N,N,N,N,A,N,N,A,A,N,A,A,N,A,N,A,N,A,N,A,A,N,N,N,N,N,N,A,N
GMD1,N,N,N,N,N,N,N,A,N,N,A,A,N,A,A,N,A,N,A,N,A,N,A,A,N,N,N,N,N,N,A,N
GER2,N,N,N,N,N,N,N,N,N,N,N,N,N,N,N,N,N,N,N,N,N,N,N,N,N,N,N,N,N,N,N,N
GER1,N,N,N,N,N,N,N,N,N,N,N,N,N,N,N,N,N,N,N,N,N,N,N,N,N,N,N,N,N,N,N,N
GME,N,N,N,N,N,N,N,N,N,N,N,N,N,N,N,N,N,N,N,N,N,N,N,N,N,N,N,N,N,N,N,N
PGI1,N,N,N,N,N,N,N,N,N,N,N,N,N,N,N,N,N,N,N,N,N,N,N,N,N,N,N,N,N,N,N,N
94,N,N,N,N,N,N,N,N,N,N,N,N,N,N,N,N,N,N,N,N,N,N,N,N,N,N,N,N,N,N,N,N
GAE2,N,N,N,N,A,N,N,A,N,N,A,A,N,A,A,N,A,N,A,A,A,N,A,A,N,A,N,N,N,N,A,N
GAE4,N,N,N,N,A,N,N,N,N,N,A,N,N,N,N,N,N,N,N,A,N,N,N,N,N,A,N,N,N,N,N,N
GAE6,N,N,N,N,N,N,N,N,N,N,N,N,N,N,N,N,N,N,N,N,N,N,N,N,N,N,N,N,N,N,N,N
GAE3,N,N,N,N,N,N,N,N,N,N,N,N,N,N,N,N,N,N,N,N,N,N,N,N,N,N,N,N,N,N,N,N
GAE5,N,N,N,N,N,N,N,N,N,N,N,N,N,N,N,N,N,N,N,N,N,N,N,N,N,N,N,N,N,N,N,N
GAE1,N,N,N,N,N,N,N,A,N,N,A,A,N,A,A,N,A,N,A,N,A,N,A,A,N,N,N,N,N,N,A,N
UGP1,A,N,A,N,A,N,A,A,A,N,A,N,A,N,N,A,N,A,N,N,A,N,N,A,N,N,N,A,N,A,A,N
UGP2,A,N,A,N,A,N,A,A,A,N,A,N,A,N,N,A,N,A,N,N,A,N,N,A,N,N,N,A,N,A,A,N
APS2,N,N,N,N,N,N,N,N,N,N,N,N,N,N,N,N,N,N,N,N,N,N,N,N,N,N,N,N,N,N,N,N
APL2,N,N,N,N,N,N,N,N,N,N,N,N,N,N,N,N,N,N,N,N,N,N,N,N,N,N,N,N,N,N,N,N
APL4,N,N,N,N,N,N,N,N,N,N,N,N,N,N,N,N,N,N,N,N,N,N,N,N,N,N,N,N,N,N,N,N
APL3,N,N,N,N,N,N,N,N,N,N,N,N,N,N,N,N,N,N,N,N,N,N,N,N,N,N,N,N,N,N,N,N
APL1,N,N,N,N,N,N,N,N,N,N,N,N,N,N,N,N,N,N,N,N,N,N,N,N,N,N,N,N,N,N,N,N
ADG1,N,N,N,N,N,N,N,N,N,N,N,N,N,N,N,N,N,N,N,N,N,N,N,N,N,N,N,N,N,N,N,N
GAUT6,N,A,N,N,N,N,N,N,A,N,A,N,A,A,N,N,A,N,N,N,N,N,N,A,N,N,N,N,N,N,A,N
GAUT11,N,A,N,N,N,N,N,N,A,N,A,N,A,A,N,N,A,N,N,N,N,N,N,A,N,N,N,N,N,N,A,N
GAUT10,N,A,N,N,N,N,N,N,A,N,A,N,A,A,N,N,A,N,N,N,N,N,N,A,N,N,N,N,N,N,A,N
LGT5,N,A,N,N,N,N,N,N,A,N,A,N,A,A,N,N,A,N,N,N,N,N,N,A,N,N,N,N,N,N,A,N
GAUT7,N,A,N,N,N,N,N,N,A,N,A,N,A,A,N,N,A,N,N,N,N,N,N,A,N,N,N,N,N,N,A,N
GAUT2,N,A,N,N,N,N,N,N,A,N,A,N,A,A,N,N,A,N,N,N,N,N,N,A,N,N,N,N,N,N,A,N
GAUT9,N,A,N,N,N,N,N,N,A,N,A,N,A,A,N,N,A,N,N,N,N,N,N,A,N,N,N,N,N,N,A,N
QUA1,N,A,N,N,N,N,N,N,A,N,A,N,A,A,N,N,A,N,N,N,N,N,N,A,N,N,N,N,N,N,A,N
GAUT1,N,A,N,N,N,N,N,N,A,N,A,N,A,A,N,N,A,N,N,N,N,N,N,A,N,N,N,N,N,N,A,N
GAUT3,N,A,N,N,N,N,N,N,A,N,A,N,A,A,N,N,A,N,N,N,N,N,N,A,N,N,N,N,N,N,A,N
GAUT4,N,A,N,N,N,N,N,N,A,N,A,N,A,A,N,N,A,N,N,N,N,N,N,A,N,N,N,N,N,N,A,N
ASD1,N,N,N,N,N,N,N,N,N,N,N,N,N,N,N,N,N,N,N,N,N,N,N,N,N,N,N,N,N,N,N,N
ASD2,N,N,N,N,N,N,N,N,N,N,N,N,N,N,N,N,N,N,N,N,N,N,N,N,N,N,N,N,N,N,N,N
122,N,A,A,N,N,N,N,N,N,N,A,N,N,A,N,A,N,N,N,N,N,A,N,N,N,N,N,N,N,A,A,N
123,N,A,A,N,N,N,N,N,N,N,A,N,N,A,N,A,N,N,N,N,N,A,N,N,N,N,N,N,N,A,A,N
BXL3,N,A,A,N,N,N,N,N,N,N,A,N,N,A,N,A,N,N,N,N,N,A,N,N,N,N,N,N,N,A,A,N
XYL4,N,A,A,N,N,N,N,N,N,N,A,N,N,A,N,A,N,N,N,N,N,A,N,N,N,N,N,N,N,A,A,N
CSLD5,N,N,N,N,N,N,N,N,N,N,N,N,N,N,N,N,N,N,N,N,N,N,N,N,N,N,N,N,N,N,N,N
RGP1,N,N,N,N,N,N,N,N,N,N,N,N,N,N,N,N,N,N,N,N,N,N,N,N,N,N,N,N,N,N,N,N
RGP3,N,N,N,N,N,N,N,N,N,N,N,N,N,N,N,N,N,N,N,N,N,N,N,N,N,N,N,N,N,N,N,N
RGP2,N,N,N,N,N,N,N,N,N,N,N,N,N,N,N,N,N,N,N,N,N,N,N,N,N,N,N,N,N,N,N,N
RGP5,N,N,N,N,N,N,N,N,N,N,N,N,N,N,N,N,N,N,N,N,N,N,N,N,N,N,N,N,N,N,N,N
RGP4,N,N,N,N,N,N,N,N,N,N,N,N,N,N,N,N,N,N,N,N,N,N,N,N,N,N,N,N,N,N,N,N
