GAT2;SCT1,N,N,N,N,N,N,N,N,N,N,N,N,N,N,N,N,N,N,N,N,N,N,N,N,N,N,N,N,N,N,N,N
GPT2;GAT1,N,N,N,N,N,N,N,N,N,N,N,N,N,N,N,N,N,N,N,N,N,N,N,N,N,N,N,N,N,N,N,N
LCA1;SLC4;LPT1;ALE1,A,N,N,N,N,N,N,N,A,N,A,N,N,N,N,N,A,N,A,N,N,N,N,N,N,A,N,N,A,A,A,N
CPT1,A,A,A,N,A,A,N,N,A,N,A,N,A,N,A,N,A,A,N,A,A,N,A,A,A,A,A,N,A,A,A,N
PCT1;BSR2;CCT1,B,N,N,N,B,N,B,B,B,N,N,N,B,N,N,N,B,N,N,N,B,N,N,B,N,B,B,N,B,B,B,N
CKI1,N,A,N,A,N,N,N,N,A,N,A,A,N,A,N,N,N,N,A,N,N,N,N,A,N,A,N,N,N,N,A,N
MUQ1;ECT1,B,N,N,N,B,N,B,B,B,N,N,N,B,N,N,N,B,N,N,N,B,N,N,B,N,B,B,N,B,B,B,N
EKI1,N,A,N,A,N,N,N,N,A,N,A,A,N,A,N,N,N,N,A,N,N,N,N,A,N,A,N,N,N,N,A,N
STC1;TGL4,N,N,A,N,N,N,N,N,N,N,A,N,N,N,A,N,A,A,N,N,N,N,A,A,N,N,N,N,N,N,N,N
PGC1,N,N,N,N,N,N,N,N,N,N,N,N,N,N,N,N,N,N,N,N,N,N,N,N,N,N,N,N,N,N,N,N
DPP1;ZRG1,B,B,N,N,B,B,N,N,N,N,B,B,N,N,N,N,N,B,B,N,N,N,N,B,N,B,N,N,N,N,B,N
SMP2;PAH1,N,A,A,N,A,A,A,A,A,N,A,N,N,N,A,A,N,A,N,N,A,A,A,A,A,A,A,N,N,N,A,A
SPO14;PLD1,B,N,N,N,N,N,B,N,B,N,B,B,B,B,N,N,B,N,N,B,B,B,B,N,N,B,N,N,N,N,B,N
GDE1,N,N,A,N,A,A,N,N,A,N,N,N,N,N,N,N,A,N,N,N,N,N,N,N,N,N,N,N,N,N,A,N
CHO1;PSS1,N,N,N,N,N,N,N,N,N,N,N,N,N,N,N,N,N,N,N,N,N,N,N,N,N,N,N,N,N,N,N,N
SLC1,N,A,A,N,N,N,A,N,A,N,A,A,N,A,N,N,N,N,N,A,N,N,N,A,N,A,N,N,N,N,A,N
PIS1,N,N,N,N,N,N,N,N,N,N,N,N,N,N,N,N,N,N,N,N,N,N,N,N,N,N,N,N,N,N,N,N
HOR1;OSG1;GPD1;OSR5;DAR1,N,N,N,N,N,N,N,N,N,N,N,N,N,N,N,N,N,N,N,N,N,N,N,N,N,N,N,N,N,N,N,N
GPD3;GPD2,N,N,N,N,N,N,N,N,N,N,N,N,N,N,N,N,N,N,N,N,N,N,N,N,N,N,N,N,N,N,N,N
GUT2,N,A,A,A,N,N,N,A,N,N,A,N,N,A,A,A,N,A,A,A,N,N,N,N,N,N,N,N,A,N,A,A
GEP4,N,N,N,N,N,N,N,N,N,N,N,N,N,N,N,N,N,N,N,N,N,N,N,N,N,N,N,N,N,N,N,N
EPT1,A,A,A,N,A,A,N,N,A,N,A,N,A,N,A,N,A,A,N,A,A,N,A,A,A,A,A,N,A,A,A,N
NTE1,N,N,N,N,N,N,N,N,N,N,N,N,N,N,N,N,N,N,N,N,N,N,N,N,N,N,N,N,N,N,N,N
PLB2,N,N,N,N,N,N,N,N,N,N,N,N,N,N,N,N,N,N,N,N,N,N,N,N,N,N,N,N,N,N,N,N
PLB1,N,N,N,N,N,N,N,N,N,N,N,N,N,N,N,N,N,N,N,N,N,N,N,N,N,N,N,N,N,N,N,N
PLB3,N,N,N,N,N,N,N,N,N,N,N,N,N,N,N,N,N,N,N,N,N,N,N,N,N,N,N,N,N,N,N,N
CDS1;CDG1,N,N,N,N,N,N,N,N,N,N,N,N,N,N,N,N,N,N,N,N,N,N,N,N,N,N,N,N,N,N,N,N
GBG1;AYR1,B,B,B,B,B,B,B,N,B,N,B,B,B,B,N,N,B,N,B,B,B,B,B,B,B,B,B,B,N,N,B,B
PSD2,A,A,A,A,N,A,N,A,A,N,A,N,A,A,N,N,A,N,A,A,A,A,A,A,N,N,N,N,A,A,A,A
PSD1,N,A,N,N,A,N,N,A,A,N,A,N,N,A,N,N,N,A,A,N,N,N,N,A,N,N,A,A,N,A,A,N
PEM1;CHO2,A,A,A,N,A,A,A,N,N,N,N,N,N,N,N,N,N,N,A,N,N,N,N,A,A,N,N,A,N,A,N,N
PEL1;YCL003W;PGS1,A,N,N,N,N,N,N,N,N,N,A,N,N,N,N,N,N,N,A,N,N,N,A,N,N,A,N,A,N,A,A,N
CRD1;CLS1,N,N,N,N,N,N,N,N,N,N,N,N,N,N,N,N,N,N,N,N,N,N,N,N,N,N,N,N,N,N,N,N
TAZ1,N,N,A,N,N,N,N,N,A,N,N,N,N,N,N,N,N,A,A,A,A,N,N,N,N,A,A,N,N,N,A,N
CLD1,N,N,N,N,N,N,N,N,N,N,N,N,N,N,N,N,N,N,N,N,N,N,N,N,N,N,N,N,N,N,N,N
OPI3;PEM2,N,D,N,N,D,D,D,N,D,N,D,N,N,D,N,N,N,D,D,N,N,D,N,N,N,N,N,D,N,D,D,N
DGK1;HSD1,N,N,N,N,N,N,N,N,N,N,N,N,N,N,N,N,N,N,N,N,N,N,N,N,N,N,N,N,N,N,N,N
