RNA5;PRP5,D,D,D,D,D,D,D,D,D,D,D,D,D,D,D,D,D,D,D,D,D,D,D,D,D,D,D,D,D,D,D,D
SUB2,D,D,D,D,D,D,D,D,D,D,D,D,D,D,D,D,D,D,D,D,D,D,D,D,D,D,D,D,D,D,D,D
SNP1,A,A,N,N,A,A,A,A,A,N,A,A,A,A,A,A,A,A,A,N,A,A,A,A,A,A,A,N,A,A,A,A
YHC1,N,N,N,N,N,N,N,N,N,N,N,N,N,N,N,N,N,N,N,N,N,N,N,N,N,N,N,N,N,N,N,N
PRP2;RNA2,A,A,A,A,A,A,A,A,A,N,A,A,A,A,A,A,A,A,A,A,A,A,A,A,N,A,A,A,A,A,A,A
PRP16;PRP23;RNA16,A,A,A,A,A,A,A,A,A,N,A,A,A,A,A,A,A,A,A,A,A,A,A,A,N,A,A,A,A,A,A,A
SLU4;CDC40;PRP17;SLT15,A,A,A,A,A,A,A,A,A,A,A,A,A,A,A,A,A,A,A,A,A,A,A,A,A,A,A,A,A,A,A,A
PRP40,N,A,A,N,A,N,A,A,A,N,A,A,A,A,N,N,A,A,A,N,A,N,A,N,N,A,N,N,N,N,A,A
PRP22,A,A,A,A,A,A,A,A,A,N,A,A,A,A,A,A,A,A,A,A,A,A,A,A,N,A,A,A,A,A,A,A
PRP43,A,A,A,A,A,A,A,A,A,N,A,A,A,A,A,A,A,A,A,A,A,A,A,A,N,A,A,A,A,A,A,A
SMB1,A,A,N,N,A,A,N,A,A,N,A,N,N,A,N,A,A,A,A,A,A,A,A,A,A,N,A,A,A,N,A,A
SNP2;SMX2;YFL018W-A,N,C,N,N,N,C,C,C,C,C,C,N,N,N,N,N,C,C,C,N,C,N,N,C,C,C,C,N,C,C,N,C
SMD1;SPP92,N,A,A,N,N,A,N,N,A,N,A,N,N,A,N,N,A,N,N,N,A,N,N,N,N,N,N,N,A,N,A,N
SLT16;SMD3,A,A,A,A,N,A,A,N,A,A,A,A,N,A,A,A,A,A,N,A,A,N,N,A,N,A,N,A,A,N,A,A
SMD2,N,A,A,N,N,N,A,N,A,N,A,N,N,N,A,N,N,A,N,N,N,N,N,N,N,N,N,N,A,N,N,A
SME1,N,N,N,N,N,C,N,N,C,C,C,N,N,N,N,N,C,C,N,N,N,N,N,C,N,C,N,N,N,N,N,N
SMX3,N,C,C,C,N,C,C,N,C,C,C,C,N,C,N,C,C,C,N,C,C,N,N,C,N,C,N,C,C,N,C,C
DBP2,D,D,D,D,D,D,D,D,D,D,D,D,D,D,D,D,D,D,D,D,D,D,D,D,D,D,D,D,D,D,D,D
LEA1,B,N,B,B,B,N,N,B,B,N,B,B,B,B,N,N,B,B,B,N,N,B,B,N,B,N,N,N,N,B,B,N
PRP9,N,N,N,N,A,A,N,N,N,N,N,A,N,N,A,A,A,A,A,N,N,N,A,N,A,N,A,N,N,N,N,A
RNA11;PRP11,A,A,N,N,N,N,A,A,A,N,A,N,N,A,A,A,A,A,A,A,A,N,N,A,N,A,A,A,A,A,N,A
RSE1,A,A,A,N,N,A,N,N,A,A,A,A,N,A,A,A,A,A,A,A,N,N,A,A,N,N,A,A,A,N,A,N
CUS1,N,N,A,N,A,A,N,A,A,N,A,A,A,A,N,A,A,A,A,A,N,N,N,A,A,A,A,A,N,A,A,A
HSH155,A,A,N,N,N,N,A,N,N,N,A,N,N,N,N,N,A,N,N,A,A,N,N,N,A,A,N,N,N,N,N,N
YSF3;RCP10,N,N,N,N,N,N,N,N,N,N,N,N,N,N,N,N,N,N,N,N,N,N,N,N,N,N,N,N,N,N,N,N
HSH49,A,A,N,N,N,A,A,N,A,N,A,A,A,A,N,A,A,N,A,N,A,A,N,A,N,A,A,N,A,N,A,A
RDS3,A,A,N,N,N,A,A,A,A,N,A,N,N,A,A,A,A,A,A,A,A,A,N,A,A,A,A,A,N,A,A,A
MUD2,N,N,N,N,N,N,N,N,A,N,A,N,N,N,N,A,N,N,N,N,N,N,N,N,A,N,N,A,N,N,N,N
CBC1;STO1;GCR3;SUT1;CBP80,N,N,N,N,N,N,N,N,N,N,N,N,N,N,N,N,N,N,N,N,N,N,N,N,N,N,N,N,N,N,N,N
CBC2;MUD13;CBP20;SAE1,A,N,N,N,A,A,A,N,A,N,N,A,A,A,N,A,A,N,N,N,N,N,A,A,A,N,N,N,A,N,A,N
PSO4;PRP19,A,A,A,N,A,A,A,A,A,N,A,A,A,N,A,N,N,N,N,A,A,N,A,A,A,A,N,N,N,A,A,A
NTC85;CEF1,A,A,A,A,A,A,A,A,A,A,A,A,A,A,A,A,A,A,A,A,A,A,A,A,A,A,A,A,A,A,A,A
NTC50;PRP46,A,A,A,A,A,A,A,A,A,N,A,A,A,A,A,A,A,A,A,A,A,A,A,A,A,A,A,A,A,A,A,A
CWC15,N,N,N,N,N,N,N,N,N,N,N,N,N,N,N,N,N,N,N,N,N,N,N,N,N,N,N,N,N,N,N,N
YG100;SSA1,B,B,B,B,B,N,N,B,B,N,B,N,N,B,B,B,B,B,N,B,B,B,B,N,N,B,B,N,N,B,B,B
SSA3;YG106,B,B,B,B,B,N,N,B,B,N,B,N,N,B,B,B,B,B,N,B,B,B,B,N,N,B,B,N,N,B,B,B
YG107;SSA4,B,B,B,B,B,N,N,B,B,N,B,N,N,B,B,B,B,B,N,B,B,B,B,N,N,B,B,N,N,B,B,B
YG102;SSA2,B,B,B,B,B,N,N,B,B,N,B,N,N,B,B,B,B,B,N,B,B,B,B,N,N,B,B,N,N,B,B,B
YG103;SSB2,B,B,B,B,B,N,N,B,B,N,B,N,N,B,B,B,B,B,N,B,B,B,B,N,N,B,B,N,N,B,B,B
NTC90;SYF1,A,A,A,N,A,A,A,A,A,N,A,A,A,A,N,A,A,A,A,A,A,A,A,A,A,A,A,A,A,A,A,A
NTC31;SYF2,N,N,N,N,N,N,N,N,N,N,N,N,N,N,N,N,N,N,N,N,N,N,N,N,N,N,N,N,N,N,N,N
NTC77;CLF1;SYF3,A,A,A,N,A,A,A,A,A,N,A,A,A,A,N,A,A,A,A,A,A,A,A,A,A,A,A,A,A,A,A,A
PRP45;FUN20,A,N,A,N,N,N,A,A,A,N,A,A,A,A,N,A,A,A,A,A,A,A,N,A,A,A,A,A,A,A,A,A
ISY1;NTC30;UTR3,A,A,N,N,A,N,N,N,A,N,A,A,A,A,A,A,A,A,A,A,A,A,A,A,A,A,A,A,A,A,A,A
ECM2;SLT11,A,A,A,N,N,N,A,N,A,N,A,A,N,N,N,A,A,A,N,A,A,N,N,A,A,N,A,A,A,A,A,A
SNP3;SMX5;LSM2,A,A,A,A,N,A,A,N,A,N,A,N,N,A,A,A,A,A,N,N,A,N,N,N,N,A,N,N,A,N,A,N
LSM6,N,A,A,N,N,A,N,N,A,A,A,A,N,A,N,A,A,A,N,A,A,N,N,A,N,N,N,A,A,N,A,A
LSM4;SDB23;USS1,A,A,A,A,N,A,A,N,A,A,A,A,N,A,A,A,A,A,N,A,A,N,N,A,N,A,N,A,A,N,A,A
LSM5,N,N,N,N,N,C,N,N,C,C,C,N,N,N,N,N,C,C,N,N,N,N,N,C,N,C,N,N,N,N,N,N
LSM8,A,A,N,N,A,A,N,A,N,N,A,N,N,A,N,N,A,N,N,A,A,A,A,A,A,N,N,A,N,N,A,A
LSM3;SMX4;USS2,N,C,C,N,N,C,C,C,C,C,C,N,N,N,C,N,C,C,C,N,C,C,N,C,C,C,C,N,N,N,C,C
LSM7,N,C,N,N,N,C,C,C,C,C,C,N,N,N,N,N,C,C,C,N,C,N,N,C,C,C,C,N,C,C,N,C
PRP31,C,C,C,C,C,C,C,C,C,C,C,C,C,C,C,C,C,C,C,C,C,C,C,C,C,C,C,C,C,C,C,C
RNA4;PRP4,A,A,A,A,A,A,A,A,A,A,A,A,A,A,A,A,A,A,A,A,A,A,A,A,A,A,A,A,A,A,A,A
RNA3;PRP3,D,N,D,N,N,D,D,D,D,N,D,D,N,D,D,D,D,D,D,N,D,N,D,D,N,D,N,N,N,D,D,D
SNU13,C,C,C,C,C,N,C,N,C,C,C,C,C,C,C,C,N,C,C,C,C,C,C,C,C,C,C,C,C,C,C,C
SNU114;GIN10,N,B,N,N,B,B,N,N,B,N,B,B,B,N,N,B,B,N,N,B,B,N,B,B,N,B,B,B,N,B,B,N
RSS1;SLT22;BRR2;SNU246;PRP44,D,D,D,D,D,D,D,D,D,D,D,D,D,D,D,D,D,D,D,D,D,D,D,D,D,D,D,D,D,D,D,D
TSM7269;RNA6;PRP6,A,A,A,N,N,A,A,A,A,N,A,A,A,A,A,A,A,A,A,A,A,A,A,A,A,A,A,A,A,A,A,A
DBF3;SLT21;PRP8;RNA8;DNA39;USA2,A,A,A,A,N,N,A,A,A,A,N,A,A,A,A,A,A,A,A,A,A,A,A,A,A,A,A,A,N,N,A,A
PRP28,D,D,D,D,D,D,D,D,D,D,D,D,D,D,D,D,D,D,D,D,D,D,D,D,D,D,D,D,D,D,D,D
SNU16;DIB1,N,N,A,N,N,N,N,A,A,A,A,A,N,A,A,A,A,A,A,A,A,N,N,A,A,N,A,A,N,N,A,A
SAD1,B,B,B,B,B,N,N,B,B,N,B,B,B,B,B,B,B,B,B,B,B,B,B,B,B,B,B,B,B,B,B,B
SNU66,N,N,N,N,N,N,N,N,A,N,A,N,N,A,N,N,N,N,N,N,N,N,N,A,N,A,N,A,N,N,N,N
FAL1,D,D,D,D,D,D,D,D,D,D,D,D,D,D,D,D,D,D,D,D,D,D,D,D,D,D,D,D,D,D,D,D
SHE11;YRA1,N,N,N,N,N,N,N,N,N,N,N,N,N,N,N,N,N,N,N,N,N,N,N,N,N,N,N,N,N,N,N,N
LDB5;RLR1;THO2;ZRG13,N,A,N,N,N,N,N,A,A,N,N,N,N,A,N,N,N,N,N,N,A,N,N,N,N,N,N,N,N,N,N,N
TEX1,N,N,N,N,N,N,N,N,N,N,N,N,N,N,N,N,N,N,N,N,N,N,N,N,N,N,N,N,N,N,N,N
SLU7;SLT17,N,A,A,N,N,N,N,N,A,N,A,N,N,A,A,N,A,N,N,N,A,N,A,A,A,N,N,A,N,A,N,N
SNU23,N,A,N,N,N,N,N,A,A,N,A,A,N,N,A,A,A,A,N,A,N,A,A,A,N,N,N,A,N,N,N,N
PRP38,N,N,N,N,N,N,N,N,N,N,N,N,N,N,N,N,N,N,N,N,N,N,N,N,N,N,N,N,N,N,N,N
PRP18,A,A,N,N,A,N,N,N,A,N,A,N,A,N,A,N,N,N,N,A,A,N,N,A,N,N,A,N,N,A,A,N
BUD31;CWC14,N,A,A,N,N,A,A,N,A,N,N,N,N,N,N,A,A,A,N,A,N,A,N,A,N,A,N,N,A,N,A,A
74,N,N,N,N,N,N,N,N,N,N,N,N,N,N,N,N,N,N,N,N,N,N,N,N,N,N,N,N,N,N,N,N
75,N,N,N,N,N,N,N,N,N,N,N,N,N,N,N,N,N,N,N,N,N,N,N,N,N,N,N,N,N,N,N,N
76,N,N,N,N,N,N,N,N,N,N,N,N,N,N,N,N,N,N,N,N,N,N,N,N,N,N,N,N,N,N,N,N
77,N,N,N,N,N,N,N,N,N,N,N,N,N,N,N,N,N,N,N,N,N,N,N,N,N,N,N,N,N,N,N,N
78,N,N,N,N,N,N,N,N,N,N,N,N,N,N,N,N,N,N,N,N,N,N,N,N,N,N,N,N,N,N,N,N
79,N,N,N,N,N,N,N,N,N,N,N,N,N,N,N,N,N,N,N,N,N,N,N,N,N,N,N,N,N,N,N,N
