LIG4;LIG4S,N,N,N,N,N,N,N,N,A,N,A,N,A,N,N,N,N,N,N,N,N,A,N,N,N,A,N,N,N,N,N,A
POLL;BETAN;POLKAPPA,N,N,N,N,N,N,N,N,N,N,N,N,N,N,N,N,N,N,N,N,N,N,N,N,N,N,N,N,N,N,N,N
DNTT;TDT,N,N,N,N,N,N,N,N,N,N,N,N,N,N,N,N,N,N,N,N,N,N,N,N,N,N,N,N,N,N,N,N
POLM;Tdt-N;Pol_Mu,N,N,N,N,N,N,N,N,N,N,N,N,N,N,N,N,N,N,N,N,N,N,N,N,N,N,N,N,N,N,N,N
SCIDA;SNM1C;RS-SCID;DCLRE1C;DCLREC1C;A-SCID,B,N,N,N,N,N,N,B,B,N,B,N,N,B,N,N,N,N,B,N,B,N,B,N,B,N,N,N,N,N,B,N
MRE11A;MRE11;HNGS1;ATLD;MRE11B,N,N,N,N,N,N,N,N,N,N,N,N,N,N,N,N,N,N,N,N,N,N,N,N,N,N,N,N,N,N,N,N
RAD50;hRad50;NBSLD;RAD502,N,N,D,D,N,N,N,N,N,N,N,N,N,N,N,N,D,N,D,N,N,N,N,N,N,N,N,N,N,N,D,N
DNAPK;DNA-PKcs;PRKDC;p350;DNPK1;HYRC;HYRC1;IMD26;XRCC7,A,A,A,A,A,N,A,A,A,A,A,A,A,A,A,A,A,A,A,A,A,A,A,A,A,A,A,A,A,A,A,A
NFIV;Ku86;KARP1;XRCC5;KUB2;KU80;KARP-1,A,A,A,N,A,N,A,A,A,N,A,A,N,A,A,N,A,A,A,A,A,N,A,A,A,A,N,A,A,A,A,A
XRCC4;SSMED,N,N,A,A,N,N,N,A,N,N,N,N,A,N,A,N,A,N,N,N,A,N,N,A,N,N,N,N,A,N,A,A
CTC75;TLAA;CTCBF;XRCC6;KU70;G22P1;ML8,A,A,A,N,A,N,A,A,A,N,A,A,N,A,N,N,N,A,A,A,A,N,A,A,A,A,N,A,A,A,A,N
MF1;FEN-1;FEN1;RAD2,N,N,C,C,C,N,N,C,C,N,C,C,C,C,N,N,C,N,C,C,N,N,C,N,C,C,N,C,N,N,C,N
NHEJ1;XLF,N,N,N,N,N,N,N,N,N,N,N,N,N,N,N,N,N,N,N,N,N,N,N,N,N,N,N,N,N,N,N,N
