rnrB-1,N,N,A,N,N,A,N,N,N,N,N,N,N,N,N,N,A,N,N,A,A,N,N,N,A,N,N,A,N,N,A,N
rnrB-2,N,N,A,N,N,A,N,N,N,N,N,N,N,N,N,N,A,N,N,A,A,N,N,N,A,N,N,A,N,N,A,N
rnrA,N,N,D,N,N,N,N,N,D,N,D,N,D,N,N,N,D,N,D,D,D,N,N,D,N,N,N,D,N,N,D,N
4,N,N,A,N,N,A,N,N,N,N,N,N,N,N,N,N,A,N,N,A,A,N,N,N,A,N,N,A,N,N,A,N
thyA,N,N,N,N,N,N,N,N,N,N,N,N,N,N,N,N,N,N,N,N,N,N,N,N,N,N,N,N,N,N,N,N
pyr1-3,N,N,N,N,N,N,N,N,N,N,N,N,N,N,N,N,N,N,N,N,N,N,N,N,N,N,N,N,N,N,N,N
pyr56,N,N,N,N,N,N,N,N,N,N,N,N,N,N,N,N,N,N,N,N,N,N,N,N,N,N,N,N,N,N,N,N
rpc3,A,N,A,N,A,N,N,A,N,A,A,A,N,N,A,N,N,A,N,N,N,A,N,A,N,N,N,N,A,A,A,N
rpa43,A,N,N,N,N,N,N,N,N,N,A,A,N,N,A,N,N,N,A,N,N,A,N,A,A,N,N,N,N,N,N,N
rpb9,N,N,N,N,N,N,N,N,N,N,N,N,N,N,N,N,N,N,N,N,N,N,N,N,N,N,N,N,N,N,N,N
rpc5,N,A,A,A,N,N,N,A,N,N,N,N,N,N,N,N,N,N,N,N,N,N,N,N,A,N,N,N,N,N,N,N
rpc34,A,A,A,N,A,A,A,N,A,N,A,A,N,A,N,A,A,A,A,A,A,A,A,N,N,A,A,A,A,A,A,N
rpb10,N,N,N,N,N,N,N,N,N,N,N,N,N,N,N,N,N,N,N,N,N,N,N,N,N,N,N,N,N,N,N,N
rpc25-1,N,D,N,N,N,N,N,D,N,N,N,N,N,N,N,N,N,D,N,N,N,N,N,N,N,N,N,D,N,N,D,N
rpc25-2,N,D,N,N,N,N,N,D,N,N,N,N,N,N,N,N,N,D,N,N,N,N,N,N,N,N,N,D,N,N,D,N
rpa1,D,D,D,N,N,N,N,N,D,D,D,N,D,D,N,N,D,D,N,N,N,D,D,D,D,D,N,N,D,N,D,N
rpc1,D,D,D,N,N,N,N,N,D,D,D,N,D,D,N,N,D,D,N,N,N,D,D,D,D,D,N,N,D,N,D,N
rpb11,D,N,N,D,D,N,D,D,D,D,D,D,D,D,D,D,N,D,N,D,D,D,N,N,N,N,N,D,N,D,D,N
rpb8,A,A,N,A,A,A,N,A,A,N,N,N,N,A,A,A,A,A,A,A,A,N,A,A,N,A,A,N,N,A,N,N
rpb1,D,D,D,N,N,N,N,D,D,D,D,N,D,D,N,N,D,D,N,D,D,D,D,D,D,D,N,N,D,N,D,N
rpa5,N,N,D,N,D,N,N,N,D,D,D,D,D,D,N,D,D,D,D,D,N,N,N,N,N,D,D,D,N,N,D,D
rpb4,N,A,A,N,N,N,A,N,N,N,N,N,N,N,N,N,A,N,N,N,N,N,N,N,N,N,N,N,N,N,A,N
rpb12,N,N,N,N,N,N,N,N,N,N,N,N,N,N,N,N,N,N,N,N,N,N,N,N,N,N,N,N,N,N,N,N
rpb7,N,D,N,N,N,N,N,D,N,N,N,N,N,N,N,N,N,D,N,N,N,N,N,N,N,N,N,D,N,N,D,N
rpc11,N,N,N,N,N,N,N,N,N,N,N,N,N,N,N,N,N,N,N,N,N,N,N,N,N,N,N,N,N,N,N,N
rpb2,N,N,N,N,N,D,N,N,D,N,D,N,N,N,D,D,N,N,N,D,D,N,D,N,N,D,D,D,D,D,D,N
rpc2,N,N,N,N,N,D,N,N,D,N,D,N,N,N,D,D,N,N,N,D,D,N,D,N,N,D,D,D,D,D,D,N
rpa49,N,N,N,N,N,N,N,N,N,N,N,N,N,N,N,N,N,N,N,N,N,N,N,N,N,N,N,N,N,N,N,N
rpb6,N,D,N,N,D,D,N,D,N,D,N,D,D,N,N,D,D,N,N,D,N,N,D,N,N,N,N,N,N,N,N,N
rpc19,D,N,N,D,D,N,D,D,D,D,D,D,D,D,D,D,N,D,N,D,D,D,N,N,N,N,N,D,N,D,D,N
rpb5,D,D,D,N,N,N,N,D,D,N,N,N,N,N,N,D,D,D,D,D,N,D,N,D,N,N,N,N,D,D,D,N
rpb3,N,N,D,N,D,N,N,N,D,D,D,D,D,D,N,D,D,D,D,D,N,N,N,N,N,D,D,D,N,N,D,D
rpa2,N,N,N,N,N,D,N,N,D,N,D,N,N,N,D,D,N,N,N,D,D,N,D,N,N,D,D,D,D,D,D,N
ndkC-1,N,N,N,D,D,N,D,N,N,N,D,D,N,D,D,N,N,N,N,N,D,D,D,N,D,N,N,N,N,N,D,N
ndkC-2,N,N,N,D,D,N,D,N,N,N,D,D,N,D,D,N,N,N,N,N,D,D,D,N,D,N,N,N,N,N,D,N
ndkM,N,N,N,D,D,N,D,N,N,N,D,D,N,D,D,N,N,N,N,N,D,D,D,N,D,N,N,N,N,N,D,N
37,N,N,N,D,D,N,D,N,N,N,D,D,N,D,D,N,N,N,N,N,D,D,D,N,D,N,N,N,N,N,D,N
pyrK,A,N,N,N,N,A,N,A,N,N,A,A,N,A,A,N,A,N,N,N,N,N,A,A,A,N,N,A,N,N,N,A
39,N,N,N,N,N,N,N,N,N,N,N,N,N,N,N,N,N,N,N,N,N,N,N,N,N,N,N,N,N,N,N,N
40,N,N,N,N,N,N,N,N,N,N,N,N,N,N,N,N,N,N,N,N,N,N,N,N,N,N,N,N,N,N,N,N
ctps,N,D,N,N,N,N,N,N,D,N,D,N,D,D,N,N,N,D,N,N,D,D,N,N,D,N,N,N,N,D,N,D
uprt,N,N,N,N,N,N,N,N,N,N,N,N,N,N,N,N,N,N,N,N,N,N,N,N,N,N,N,N,N,N,N,N
udkA,N,N,N,N,N,N,N,N,N,N,N,N,N,N,N,N,N,N,N,N,N,N,N,N,N,N,N,N,N,N,N,N
udkB,N,N,N,N,N,N,N,N,N,N,N,N,N,N,N,N,N,N,N,N,N,N,N,N,N,N,N,N,N,N,N,N
45,A,N,A,A,N,N,N,A,A,N,A,A,N,A,A,N,N,A,N,A,A,N,A,N,N,N,N,A,N,N,A,N
udpB,N,N,N,N,N,N,N,N,N,N,N,N,N,N,N,N,N,N,N,N,N,N,N,N,N,N,N,N,N,N,N,N
udpA,N,N,N,N,N,N,N,N,N,N,N,N,N,N,N,N,N,N,N,N,N,N,N,N,N,N,N,N,N,N,N,N
pyd1,N,N,N,N,N,N,N,N,N,N,N,N,N,N,N,N,N,N,N,N,N,N,N,N,N,N,N,N,N,N,N,N
pyd2,N,N,N,N,N,N,N,N,N,N,N,N,N,N,N,N,N,N,N,N,N,N,N,N,N,N,N,N,N,N,N,N
pyd3,N,N,N,N,N,N,N,N,N,N,N,N,N,N,N,N,N,N,N,N,N,N,N,N,N,N,N,N,N,N,N,N
cda,N,N,N,N,N,N,N,N,N,N,N,N,N,N,N,N,N,N,N,N,N,N,N,N,N,N,N,N,N,N,N,N
polA,N,N,N,N,N,N,N,N,N,N,N,N,N,N,N,N,N,N,N,N,N,N,N,N,N,N,N,N,N,N,N,N
polA3,N,N,A,N,N,N,N,A,A,N,N,N,N,N,A,N,N,A,N,A,N,A,A,N,N,A,N,N,N,N,N,N
ybl1,A,A,A,N,N,A,N,N,A,N,A,A,A,N,A,N,N,A,N,N,A,N,A,N,A,A,A,A,N,N,A,A
55,A,A,A,A,A,A,A,A,A,N,A,N,A,A,A,A,A,A,A,A,A,N,A,A,A,A,A,A,A,A,A,A
56,A,A,A,N,A,N,A,A,N,N,A,A,A,A,A,A,A,N,N,N,A,A,N,A,A,A,A,N,A,A,N,A
polD2,N,N,N,N,A,N,N,A,N,N,A,N,N,A,N,A,N,A,A,N,N,N,A,N,N,A,A,A,N,A,A,N
polA1,N,N,N,A,N,N,A,N,N,N,A,N,A,N,N,N,N,N,N,N,N,N,N,N,N,N,N,N,N,N,N,N
polA2,A,A,N,N,N,A,N,N,N,N,A,N,N,N,N,N,A,N,A,N,N,N,N,N,A,A,N,N,N,N,N,N
60,N,N,N,N,N,N,N,N,N,N,N,N,N,N,N,N,N,N,N,N,N,N,N,N,N,N,N,N,N,N,N,N
polD1,N,A,N,A,N,N,A,N,A,N,A,A,A,N,N,N,N,N,N,A,N,N,N,N,N,N,N,N,N,N,A,A
62,N,C,N,N,N,N,N,C,N,N,N,N,N,N,N,N,N,N,C,N,N,N,C,N,N,N,N,N,N,N,N,N
63,A,N,N,N,N,N,N,N,A,N,N,N,N,A,N,N,N,N,N,N,N,N,N,N,N,N,N,N,N,N,A,N
dtymk,N,N,N,N,N,N,N,N,N,N,N,N,N,N,N,N,N,N,N,N,N,N,N,N,N,N,N,N,N,N,N,N
thyB,N,N,N,N,N,N,N,N,N,N,N,N,N,N,N,N,N,N,N,N,N,N,N,N,N,N,N,N,N,N,N,N
66,N,N,N,N,N,N,N,N,N,N,N,N,N,N,N,N,N,N,N,N,N,N,N,N,N,N,N,N,N,N,N,N
dut,N,N,A,N,N,A,N,A,A,N,N,N,N,A,N,A,N,A,N,N,N,N,N,A,A,N,N,N,N,N,A,A
