MMSADHA;ALDH6A1;MMSDH,A,N,A,N,A,N,A,N,A,N,N,N,N,A,N,N,N,A,A,N,N,N,A,N,N,A,N,N,N,N,A,N
ACAC;ACC1;ACCA;ACACA;ACACAD;ACC,N,N,N,N,N,N,N,N,N,N,N,N,N,N,N,N,N,N,N,N,N,N,N,N,N,N,N,N,N,N,N,N
ACACB;ACC2;ACCB;HACC275,N,N,N,N,N,N,N,N,N,N,N,N,N,N,N,N,N,N,N,N,N,N,N,N,N,N,N,N,N,N,N,N
MLYCD;MCD,N,N,N,N,N,N,N,N,N,N,N,N,N,N,N,N,N,N,N,N,N,N,N,N,N,N,N,N,N,N,N,N
NPD009;ABAT;GABA-AT;GABAT,N,N,N,N,N,N,N,N,N,N,N,N,N,N,N,N,N,N,N,N,N,N,N,N,N,N,N,N,N,N,N,N
HIBCH;HIBYLCOAH,B,N,B,N,B,B,B,B,B,N,B,B,B,N,B,N,B,B,B,N,B,N,B,N,N,B,N,B,B,N,B,B
MCEE;GLOD2,N,N,N,N,N,N,N,N,N,N,N,N,N,N,N,N,N,N,N,N,N,N,N,N,N,N,N,N,N,N,N,N
PCCA,N,N,N,N,N,N,N,N,N,N,N,N,N,N,N,N,N,N,N,N,N,N,N,N,N,N,N,N,N,N,N,N
PCCB,N,N,N,N,N,N,N,N,N,N,N,N,N,N,N,N,N,N,N,N,N,N,N,N,N,N,N,N,N,N,N,N
ECHDC1;MMCD;HEL-S-76;dJ351K20.2,B,N,B,N,B,B,B,B,B,N,B,B,B,N,B,N,B,B,B,N,B,N,B,N,N,B,N,B,B,N,B,B
ACSS3,N,D,D,N,D,D,N,N,D,N,D,D,N,D,N,N,N,N,N,D,N,N,D,D,D,D,D,D,N,N,N,D
dJ1161H23.1;ACSS2;ACAS2;ACS;ACSA;ACECS,N,D,D,N,D,D,N,N,D,N,D,D,N,D,N,N,N,N,N,D,N,N,D,D,D,D,D,D,N,N,N,D
ACECS1;ACAS2L;AceCS2L;ACSS1,N,D,D,N,D,D,N,N,D,N,D,D,N,D,N,N,D,D,N,D,N,N,D,D,D,D,D,D,N,N,N,D
LDHAL6A;LDH6A,A,N,N,N,N,N,N,N,N,N,A,N,N,N,N,A,N,N,N,N,N,N,A,N,N,N,N,N,N,N,N,N
LDHM;PIG19;HEL-S-133P;LDHA;GSD11,A,A,N,N,N,N,N,N,A,N,A,N,N,N,N,A,A,N,N,N,A,N,A,N,N,N,N,N,N,N,N,N
LDH-H;LDH-B;TRG-5;LDHB;HEL-S-281;LDHBD,A,A,N,N,N,N,N,N,A,N,A,N,N,N,N,A,A,N,N,N,A,N,A,N,N,N,N,N,N,N,N,N
CT32;LDHX;LDHC;LDH3,A,A,N,N,N,N,N,N,A,N,A,N,N,N,N,A,A,N,N,N,A,N,A,N,N,N,N,N,N,N,N,N
LDH6B;LDHL;LDHAL6B;LDHAL6,A,N,N,N,N,N,N,N,N,N,A,N,N,N,N,A,N,N,N,N,N,N,A,N,N,N,N,N,N,N,N,N
SCEH;ECHS1;ECHS1D,B,N,B,N,B,B,B,B,B,N,B,B,B,N,B,N,B,B,B,N,B,N,B,N,N,B,N,B,B,N,B,B
L-PBE;PBFE;LBP;ECHD;EHHADH;FRTS3;LBFP,B,N,B,N,N,N,B,N,B,N,B,N,N,N,B,N,B,B,B,N,B,N,B,N,N,B,N,B,B,N,B,B
HADHA;MTPA;GBP;ECHA;LCHAD;HADH;LCEH;TP-ALPHA,B,N,B,N,N,N,B,N,B,N,B,N,N,N,B,N,B,B,B,N,B,N,B,N,N,B,N,B,B,N,B,B
MCADH;ACAD1;MCAD;ACADM,N,N,N,A,N,N,N,A,N,N,N,N,N,N,N,N,A,N,A,N,N,N,N,N,N,N,N,N,A,N,N,N
MUT;MCM,N,N,N,N,B,N,N,N,N,N,B,N,N,B,N,N,N,B,N,N,N,B,N,B,N,B,B,N,N,B,N,N
GBETA;G-SCS;GTPSCS;SUCLG2,A,N,N,N,N,N,N,N,A,N,A,N,N,N,N,N,N,N,N,N,N,N,N,A,N,N,N,N,N,N,N,N
SUCLG1;MTDPS9;GALPHA;SUCLA1,N,N,N,N,N,N,N,N,N,N,N,N,N,N,N,N,N,N,N,N,N,N,N,N,N,N,N,N,N,N,N,N
SUCLA2;A-BETA;SCS-betaA;MTDPS5;A-SCS,A,N,N,N,N,N,N,N,A,N,A,N,N,N,N,N,N,N,N,N,N,N,N,A,N,N,N,N,N,N,N,N
T2;ACAT;ACAT1;MAT;THIL,N,N,N,N,N,N,N,N,N,N,N,N,N,N,N,N,N,N,N,N,N,N,N,N,N,N,N,N,N,N,N,N
ACAT2,N,N,N,N,N,N,N,N,N,N,N,N,N,N,N,N,N,N,N,N,N,N,N,N,N,N,N,N,N,N,N,N
DLDD;GCSL;DLDH;LAD;E3;PHE3;DLD,N,N,N,N,N,N,N,N,N,N,N,N,N,N,N,N,N,N,N,N,N,N,N,N,N,N,N,N,N,N,N,N
BCKDE1A;MSUD1;BCKDHA;MSU;OVD1A,N,N,N,N,N,N,N,N,N,N,N,N,N,N,N,N,N,N,N,N,N,N,N,N,N,N,N,N,N,N,N,N
E1B;BCKDH_E1-beta;BCKDHB;BCKDE1B,N,N,N,N,N,N,N,N,N,N,N,N,N,N,N,N,N,N,N,N,N,N,N,N,N,N,N,N,N,N,N,N
E2;E2B;BCKADE2;DBT;BCATE2;BCKAD-E2;BCOADC-E2,N,N,A,N,N,N,N,N,N,N,A,N,N,A,N,N,N,N,N,N,N,N,N,N,N,N,N,A,N,N,A,N
