SEC20,N,N,N,N,N,N,N,N,N,N,N,N,N,N,N,N,N,N,N,N,N,N,N,N,N,N,N,N,N,N,N,N
USE1;SLT1,N,N,N,N,N,N,N,N,N,N,N,N,N,N,N,N,N,N,N,N,N,N,N,N,N,N,N,N,N,N,N,N
UFE1,N,N,N,N,N,N,N,N,N,N,N,N,N,N,N,N,N,N,N,N,N,N,N,N,N,N,N,N,N,N,N,N
BET1;SLY12,N,N,N,N,N,N,N,N,N,N,N,N,N,N,N,N,N,N,N,N,N,N,N,N,N,N,N,N,N,N,N,N
YKT6,A,A,A,N,N,N,A,N,A,N,A,A,A,A,A,N,N,A,A,A,A,A,N,N,N,A,A,A,N,A,A,A
GOS1,A,A,A,N,A,N,A,N,A,N,A,A,N,N,A,N,N,N,N,N,N,A,N,A,N,N,A,N,N,N,A,A
SED5,N,A,A,N,N,A,A,N,A,N,A,A,A,A,A,A,A,N,A,N,A,A,N,A,N,N,N,A,A,A,A,A
TSL26;SEC22;TS26;SLY2,A,A,A,N,N,N,N,A,A,N,A,A,A,A,A,N,N,N,A,A,A,A,N,N,N,N,A,N,N,N,N,N
SEC32;BOS1,N,N,N,N,N,N,N,N,N,N,N,N,N,N,N,N,N,N,N,N,N,N,N,N,N,N,N,N,N,N,N,N
TLG1,N,N,N,N,N,N,N,N,N,N,N,N,N,N,N,N,N,N,N,N,N,N,N,N,N,N,N,N,N,N,N,N
TLG2,N,A,A,N,A,N,A,A,A,N,N,A,A,N,A,A,N,N,A,N,A,N,N,A,N,N,N,A,N,A,N,A
VTI1,A,A,A,N,A,A,N,N,A,N,A,A,A,A,N,A,A,N,A,A,A,N,A,A,N,N,A,N,N,A,N,N
SLT2;SYN8;UIP2,N,N,N,N,N,N,N,N,N,N,N,N,N,N,N,N,N,N,N,N,N,N,N,N,N,N,N,N,N,N,N,N
VPS43;VAM7;VPL24,N,N,N,N,N,N,N,N,N,N,N,N,N,N,N,N,N,N,N,N,N,N,N,N,N,N,N,N,N,N,N,N
VAM3;PTH1,N,N,N,N,A,N,N,A,N,N,N,N,N,N,N,A,N,N,A,N,A,N,N,N,N,N,N,N,N,N,N,A
SNC1,A,A,A,N,N,N,A,A,A,N,A,A,A,A,A,N,N,A,A,A,A,A,N,N,N,A,A,A,N,A,A,A
SNC2,A,A,A,N,N,N,A,A,A,N,A,A,A,A,A,N,N,A,A,A,A,A,N,N,N,A,A,A,N,A,A,A
SSO2,N,A,A,N,A,N,A,A,A,N,N,A,A,N,A,A,N,N,A,N,A,N,N,A,N,N,N,A,N,A,N,A
SSO1,N,A,A,N,A,N,A,A,A,N,N,A,A,N,A,A,N,N,A,N,A,N,N,A,N,N,N,A,N,A,N,A
SFT1,N,N,N,N,N,N,N,N,N,N,N,N,N,N,N,N,N,N,N,N,N,N,N,N,N,N,N,N,N,N,N,N
