g6pd-1,B,B,B,N,B,B,B,B,B,N,B,B,N,B,N,B,N,B,B,N,N,N,B,B,B,N,N,B,N,N,B,B
g6pd-2,B,B,B,N,B,B,B,B,B,N,B,B,N,B,N,B,N,B,B,N,N,N,B,B,B,N,N,B,N,N,B,B
idhC,A,N,N,N,N,N,N,N,A,N,N,N,N,N,N,A,A,N,N,N,N,N,A,N,N,N,N,N,N,N,A,N
idhM,A,N,N,N,N,N,N,N,A,N,N,N,N,N,N,A,A,N,N,N,N,N,A,N,N,N,N,N,N,N,A,N
gshB,N,N,N,N,N,A,N,N,N,N,A,N,N,A,N,N,N,A,N,N,A,N,N,A,N,N,N,N,N,N,N,N
gcsA,A,A,N,N,N,A,A,N,N,N,A,A,A,A,A,A,A,A,N,A,A,N,N,N,A,A,A,N,A,N,A,N
oplah,N,N,N,N,N,N,N,N,N,N,N,N,N,N,N,N,N,N,N,N,N,N,N,N,N,N,N,N,N,N,N,N
8,A,N,A,N,N,N,A,N,N,N,A,A,A,A,A,N,N,A,A,N,A,N,N,N,N,A,N,N,N,N,A,A
9,A,N,N,N,N,N,A,N,N,N,N,A,A,N,N,N,N,A,A,N,A,N,N,N,N,A,N,N,N,N,A,N
10,A,N,N,N,N,N,A,N,N,N,N,A,A,N,N,N,N,A,A,N,A,N,N,N,N,A,N,N,N,N,A,N
11,A,N,N,N,N,N,A,N,N,N,N,A,A,N,N,N,N,A,A,N,A,N,N,N,N,A,N,N,N,N,A,N
12,N,N,N,N,N,N,N,N,N,N,N,N,N,N,N,N,N,N,N,N,N,N,N,N,N,N,N,N,N,N,N,N
13,A,N,N,N,N,N,A,N,N,N,N,A,A,N,N,N,N,A,A,N,A,N,N,N,N,A,N,N,N,N,A,N
14,A,N,A,N,N,N,A,N,N,N,A,A,A,A,A,N,N,A,A,N,A,N,N,N,N,A,N,N,N,N,A,A
15,N,N,A,N,N,N,N,N,N,N,A,N,N,A,A,N,N,N,N,N,N,N,N,N,N,N,N,N,N,N,N,A
16,N,N,N,N,N,N,N,N,N,N,N,N,N,N,N,N,N,N,N,N,N,N,N,N,N,N,N,N,N,N,N,N
17,N,N,A,N,N,N,N,N,N,N,A,N,N,A,A,N,N,N,N,N,N,N,N,N,N,N,N,N,N,N,N,A
18,N,N,N,N,N,N,N,N,N,N,N,N,N,N,N,N,N,N,N,N,N,N,N,N,N,N,N,N,N,N,N,N
gsr,N,N,N,N,N,N,N,N,N,N,N,N,N,N,N,N,N,N,N,N,N,N,N,N,N,N,N,N,N,N,N,N
gnd,N,N,N,N,N,N,N,N,N,N,N,N,N,N,N,N,N,N,N,N,N,N,N,N,N,N,N,N,N,N,N,N
odc,N,N,N,N,N,N,N,N,N,N,N,N,N,N,N,N,N,N,N,N,N,N,N,N,N,N,N,N,N,N,N,N
spsA,N,N,N,N,N,N,N,N,N,N,N,N,N,N,N,N,N,N,N,N,N,N,N,N,N,N,N,N,N,N,N,N
rnrB-1,N,N,A,N,N,A,N,N,N,N,N,N,N,N,N,N,A,N,N,A,A,N,N,N,A,N,N,A,N,N,A,N
rnrB-2,N,N,A,N,N,A,N,N,N,N,N,N,N,N,N,N,A,N,N,A,A,N,N,N,A,N,N,A,N,N,A,N
rnrA,N,N,D,N,N,N,N,N,D,N,D,N,D,N,N,N,D,N,D,D,D,N,N,D,N,N,N,D,N,N,D,N
26,N,N,A,N,N,A,N,N,N,N,N,N,N,N,N,N,A,N,N,A,A,N,N,N,A,N,N,A,N,N,A,N
lap,N,N,N,N,N,N,N,N,N,N,N,N,N,N,N,N,N,N,N,N,N,N,N,N,N,N,N,N,N,N,N,N
