ILP-2;hILP2;BIRC8;ILP2,A,A,A,A,A,N,A,A,A,N,A,A,A,A,A,A,A,A,A,A,A,A,A,A,N,A,A,N,N,A,A,A
BIRC7;KIAP;MLIAP;LIVIN;RNF50;ML-IAP,A,N,A,A,A,N,N,A,A,N,A,A,A,N,A,A,A,A,N,A,A,A,A,N,N,A,N,N,N,N,A,A
CASP7;CASP-7;ICE-LAP3;CMH-1;LICE2;MCH3,N,N,N,N,N,N,N,N,N,N,N,N,N,N,N,N,N,N,N,N,N,N,N,N,N,N,N,N,N,N,N,N
APAF-1;CED4;APAF1,A,A,A,A,A,A,A,A,A,A,A,A,A,A,A,A,A,A,A,A,A,A,A,A,A,A,A,A,A,A,A,A
BOK;BCL2L9;BOKL,N,N,N,N,N,N,N,N,N,N,N,N,N,N,N,N,N,N,N,N,N,N,N,N,N,N,N,N,N,N,N,N
THC4;CYCS;HCS;CYC,N,B,B,N,N,B,N,N,B,N,B,N,N,B,N,B,N,N,B,N,B,N,N,B,B,B,N,B,B,N,B,B
MCH6;PPP1R56;APAF-3;CASP9;ICE-LAP6;APAF3,N,N,N,N,N,N,N,N,N,N,N,N,N,N,N,N,N,N,N,N,N,N,N,N,N,N,N,N,N,N,N,N
SCA-1;CPP32B;CASP3;CPP32,N,N,N,N,N,N,N,N,N,N,N,N,N,N,N,N,N,N,N,N,N,N,N,N,N,N,N,N,N,N,N,N
BIRC2;API1;c-IAP1;RNF48;cIAP1;Hiap-2;HIAP2;MIHB,A,A,A,A,A,N,A,A,A,N,A,A,A,A,A,A,A,A,A,A,A,A,A,A,N,A,N,N,N,A,A,A
HAIP1;BIRC3;API2;MALT2;MIHC;CIAP2;c-IAP2;RNF49;HIAP1;AIP1,A,A,A,A,A,N,A,A,A,N,A,A,A,A,A,A,A,A,A,A,A,A,A,A,N,A,N,A,N,A,A,A
BIRC4;XIAP;hIAP-3;XLP2;API3;IAP-3;ILP1;hIAP3;MIHA,A,A,A,A,A,N,A,A,A,N,A,A,A,N,A,A,A,A,A,A,A,A,A,A,N,A,A,N,N,A,A,A
BIRC5;EPR-1;API4,N,N,N,N,N,N,N,N,N,N,N,N,N,N,N,N,N,N,N,N,N,N,N,N,N,N,N,N,N,N,N,N
DIABLO;DFNA64;SMAC,N,N,N,N,N,N,N,N,N,N,N,N,N,N,N,N,N,N,N,N,N,N,N,N,N,N,N,N,N,N,N,N
OMI;PARK13;HTRA2;MGCA8;PRSS25,N,N,N,N,N,N,N,N,N,N,N,N,N,N,N,N,N,N,N,N,N,N,N,N,N,N,N,N,N,N,N,N
hucep-7;ARTS;SEP4;CE5B3;hCDCREL-2;BRADEION;H5;PNUTL2;SEPT4;MART,A,A,N,N,N,N,N,N,A,N,N,N,A,N,N,N,N,N,N,N,A,N,A,A,A,A,N,N,N,N,N,N
BAX;BCL2L4,N,N,N,N,N,N,N,N,N,N,N,N,N,N,N,N,N,N,N,N,N,N,N,N,N,N,N,N,N,N,N,N
BAK1;CDN1;BAK-LIKE;BCL2L7;BAK,N,N,N,N,N,N,N,N,N,N,N,N,N,N,N,N,N,N,N,N,N,N,N,N,N,N,N,N,N,N,N,N
Bcl-2;PPP1R50;BCL2,N,N,N,N,N,N,N,N,N,N,N,N,N,N,N,N,N,N,N,N,N,N,N,N,N,N,N,N,N,N,N,N
BCL2L;BCLX;BCL2L1;Bcl-X;BCL-XL/S;PPP1R52,N,N,N,N,N,N,N,N,N,N,N,N,N,N,N,N,N,N,N,N,N,N,N,N,N,N,N,N,N,N,N,N
BRUCE;BIRC6;APOLLON,A,A,A,A,A,A,A,A,A,N,A,A,A,A,A,A,A,A,A,A,A,A,A,A,A,A,A,A,A,A,A,A
BECN1P1;BECN1L1;BECN2,N,A,A,N,N,N,N,A,A,N,A,N,A,N,N,N,N,A,A,N,N,N,A,A,N,N,N,A,N,N,A,N
BECN1;ATG6;beclin1;VPS30,N,A,A,N,N,N,N,A,A,N,A,N,A,N,N,N,N,A,A,N,N,N,A,A,N,N,N,A,N,N,A,N
GIG3;MORT1;FADD,N,N,N,N,N,N,N,N,N,N,N,N,N,N,N,N,N,N,N,N,N,N,N,N,N,N,N,N,N,N,N,N
ALPS2B;MACH;CASP8;FLICE;CAP4;Casp-8;MCH5,N,N,N,N,N,N,N,N,N,N,N,N,N,N,N,N,N,N,N,N,N,N,N,N,N,N,N,N,N,N,N,N
p55-R;FPF;TNF-R-I;TNFR55;TNF-R;TBP1;p60;TNF-R55;TNFR60;TNFRSF1A;CD120a;TNFR1;TNFAR;p55,N,N,N,N,N,N,N,N,N,N,N,N,N,N,N,N,N,N,N,N,N,N,N,N,N,N,N,N,N,N,N,N
JNK21B1/2;JNK;SAPK1c;PRKM8;JNK1A2;MAPK8;SAPK1;JNK1;JNK-46,D,D,D,D,D,D,D,D,D,D,D,D,D,D,D,D,D,D,D,D,D,D,D,D,D,D,D,D,D,D,D,D
JNK2BETA;SAPK;JNK2A;JNK2;JNK2B;p54a;MAPK9;JNK-55;SAPK1a;p54aSAPK;PRKM9;JNK2ALPHA,D,D,D,D,D,D,D,D,D,D,D,D,D,D,D,D,D,D,D,D,D,D,D,D,D,D,D,D,D,D,D,D
SAPK1b;PRKM10;JNK3A;p493F12;p54bSAPK;MAPK10;JNK3,D,D,D,D,D,D,D,D,D,D,D,D,D,D,D,D,D,D,D,D,D,D,D,D,D,D,D,D,D,D,D,D
p75NTR;Gp80-LNGFR;TNFRSF16;NGFR;CD271;p75(NTR),N,N,N,N,N,N,N,N,N,N,N,N,N,N,N,N,N,N,N,N,N,N,N,N,N,N,N,N,N,N,N,N
BAM;BIM;BCL2L11;BOD,N,N,N,N,N,N,N,N,N,N,N,N,N,N,N,N,N,N,N,N,N,N,N,N,N,N,N,N,N,N,N,N
BBC3;PUMA;JFY1;JFY-1,N,N,N,N,N,N,N,N,N,N,N,N,N,N,N,N,N,N,N,N,N,N,N,N,N,N,N,N,N,N,N,N
APR;NOXA;PMAIP1,N,N,N,N,N,N,N,N,N,N,N,N,N,N,N,N,N,N,N,N,N,N,N,N,N,N,N,N,N,N,N,N
BID;FP497,N,N,N,N,N,N,N,N,N,N,N,N,N,N,N,N,N,N,N,N,N,N,N,N,N,N,N,N,N,N,N,N
