GLM2;DEC;BZS;PTENbeta;CWS1;PTEN1;10q23del;PTEN;TEP1;MMAC1;MHAM,D,D,D,N,D,N,N,D,D,N,D,D,N,D,D,N,N,N,D,N,D,D,D,D,D,D,D,D,D,D,D,D
INSP5K2;IP5K;IPK1;bA476B13.1;C9orf12;IPPK,A,N,N,N,N,N,N,N,A,N,N,N,N,N,N,N,N,N,A,N,N,N,A,N,N,A,A,N,N,A,N,N
PLCD3;PLC-delta-3,A,A,A,N,A,N,A,N,A,N,A,N,A,A,A,N,N,A,N,N,N,A,A,N,A,A,N,A,N,N,A,N
EIEE12;PLC-beta-1;PLCB1B;PLC-154;PLCB1;PLCB1A;PI-PLC;PLC154;PLC-I,A,A,A,N,A,N,A,N,A,N,A,N,A,A,A,N,N,A,N,N,N,A,A,N,A,A,N,A,N,N,A,N
PPLC;PLCE;NPHS3;PLCE1,A,A,A,A,A,N,A,N,A,N,A,N,A,A,A,A,N,A,A,N,A,A,A,A,A,A,A,A,A,N,A,A
PLCB2;PLC-beta-2,A,A,A,N,A,N,A,N,A,N,A,N,A,A,A,N,N,A,N,N,N,A,A,N,A,A,N,A,N,N,A,N
PLCB3,A,A,A,N,A,N,A,N,A,N,A,N,A,A,A,N,N,A,N,N,N,A,A,N,A,A,N,A,N,N,A,N
PI-PLC;ARCND2;PLCB4,A,A,A,N,A,N,A,N,A,N,A,N,A,A,A,N,N,A,N,N,N,A,A,N,A,A,N,A,N,N,A,N
NDNC3;PLCD1;PLC-III,A,A,A,N,A,N,A,N,A,N,A,N,A,A,A,N,N,A,N,N,N,A,A,N,A,A,N,A,N,N,A,N
PLCgamma1;PLC1;NCKAP3;PLC148;PLC-II;PLCG1,A,A,A,N,A,N,A,N,A,N,A,N,A,A,A,N,N,A,A,A,A,A,A,A,A,A,A,A,A,A,A,A
PLC-gamma-2;FCAS3;PLC-IV;APLAID;PLCG2,A,A,A,N,A,N,A,N,A,N,A,N,A,A,A,N,N,A,A,A,A,A,A,A,A,A,A,A,A,A,A,A
PLCD4,A,A,A,N,A,N,A,N,A,N,A,N,A,A,A,N,N,A,N,N,N,A,A,N,A,A,N,A,N,N,A,N
PLCZ1;PLC-zeta-1;PLCzeta;SPGF17;NYD-SP27,A,A,A,N,A,N,A,N,A,N,A,N,A,A,A,N,N,A,N,N,N,A,A,N,A,A,N,A,N,N,A,N
CALML6;CAGLP,A,A,A,A,A,A,N,A,A,N,A,A,A,A,A,A,A,A,A,A,A,A,A,A,A,A,A,A,A,A,A,A
CALML5;CLSP,B,B,B,B,B,B,B,B,B,B,B,B,B,B,B,B,B,B,B,B,B,B,B,B,B,B,B,B,B,B,B,B
CALM1;CPVT4;CAMI;LQT14;PHKD;CALML2;caM;DD132,B,B,B,B,B,B,B,B,B,B,B,B,B,B,B,B,B,B,B,B,B,B,B,B,B,B,B,B,B,B,B,B
CAMII;LQT15;PHKD2;caM;PHKD;CALM2,B,B,B,B,B,B,B,B,B,B,B,B,B,B,B,B,B,B,B,B,B,B,B,B,B,B,B,B,B,B,B,B
PHKD3;HEL-S-72;CALM3;PHKD;CaMIII;CaM,B,B,B,B,B,B,B,B,B,B,B,B,B,B,B,B,B,B,B,B,B,B,B,B,B,B,B,B,B,B,B,B
CLP;CALML3,B,B,B,B,B,B,B,B,B,B,B,B,B,B,B,B,B,B,B,B,B,B,B,B,B,B,B,B,B,B,B,B
CALML4;NY-BR-20,A,A,A,A,A,N,A,A,A,N,A,A,A,A,A,A,A,A,A,A,A,A,A,A,A,A,A,A,A,A,A,A
ACV;CLA4;PPP1R94;ITPR1;SCA16;INSP3R1;IP3R1;SCA29;SCA15;IP3R,A,N,N,A,N,N,N,N,N,N,A,N,A,A,A,N,N,N,N,A,N,N,N,N,N,N,N,N,N,N,A,N
INSP3R2;ITPR2;ANHD;CFAP48;IP3R2,A,N,N,A,N,N,N,N,N,N,A,N,A,A,A,N,N,N,N,A,N,N,N,N,N,N,N,N,N,N,A,N
IP3R;IP3R3;ITPR3,A,N,N,A,N,N,N,N,N,N,A,N,A,A,A,N,N,N,N,A,N,N,N,N,N,N,N,N,N,N,A,N
PIS;PIS1;CDIPT,N,N,N,N,N,N,N,N,N,N,N,N,N,N,N,N,N,N,N,N,N,N,N,N,N,N,N,N,N,N,N,N
MCM;PI3K-alpha;PI3K;MCMTC;CLOVE;PIK3CA;CWS5;p110-alpha;MCAP,A,A,A,A,A,A,A,A,A,N,A,A,A,A,A,A,A,A,A,A,A,A,A,A,A,A,A,A,A,A,A,A
PI3K;PIK3C1;PIK3CB;PI3KBETA;P110BETA,A,A,A,A,A,A,A,A,A,A,A,A,A,A,A,A,A,A,A,A,A,A,A,A,A,A,A,A,A,A,A,A
PI3K;IMD14;p110D;P110DELTA;APDS;PIK3CD,A,A,A,A,A,A,A,A,A,N,A,A,A,A,A,A,A,A,A,A,A,A,A,A,A,A,A,A,A,A,A,A
PIK3R1;GRB1;AGM7;p85-ALPHA;p85;IMD36,A,A,A,N,N,N,N,A,A,N,A,A,A,A,A,A,N,N,A,A,A,A,A,A,A,A,A,A,A,A,A,A
PIK3R2;MPPH;P85B;p85-BETA;MPPH1;p85,N,N,N,N,N,N,N,N,N,N,N,N,N,N,N,N,N,N,N,N,N,N,N,N,N,N,N,N,N,N,N,N
PIK3R3;p55;p55PIK;p55-GAMMA,N,N,N,N,N,N,N,N,N,N,N,N,N,N,N,N,N,N,N,N,N,N,N,N,N,N,N,N,N,N,N,N
PIP5K1C;PIP5K-GAMMA;PIP5K1-gamma;PIP5Kgamma;LCCS3,C,C,C,C,C,N,C,N,N,N,C,C,C,C,N,N,N,N,C,C,C,C,C,C,N,C,C,N,N,N,C,C
PIP5K1A,C,C,C,C,C,N,C,N,N,N,C,C,C,C,N,N,N,N,C,C,C,C,C,C,N,C,C,N,N,N,C,C
STM7;MSS4;PIP5K1B,C,C,C,C,C,N,C,N,N,N,C,C,C,C,N,N,N,N,C,C,C,C,C,C,N,C,C,N,N,N,C,C
PIKFYVE;FAB1;PIP5K;PIP5K3;ZFYVE29;CFD;HEL37,D,D,D,D,D,D,D,D,D,D,D,D,D,D,D,D,D,D,D,D,D,D,D,D,D,D,D,D,D,D,D,D
PIK4CA;PMGYCHA;PI4K-ALPHA;pi4K230;PI4KA,A,A,A,A,A,A,A,A,A,A,A,A,A,A,A,A,A,A,A,A,A,A,A,A,A,A,A,A,A,A,A,A
PI4KIIIBETA;NPIK;PIK4CB;PI4K92;PI4KBETA;PI4K-BETA;PI4KB,A,A,A,A,A,A,A,A,A,A,A,A,A,A,A,A,A,A,A,A,A,A,A,A,A,A,A,A,A,A,A,A
PIK42B;PI4K2B;PI4KIIB,N,N,N,N,A,N,N,N,N,N,A,A,N,N,N,N,N,N,N,N,A,N,N,N,N,N,N,N,N,N,N,N
PI4KII;PIK42A;PI4K2A,N,N,N,N,A,N,N,N,N,N,A,A,N,N,N,N,N,N,N,N,A,N,N,N,N,N,N,N,N,N,N,N
PI3-K-C2A;PI3K-C2alpha;CPK;PI3-K-C2(ALPHA);PI3K-C2-alpha;PIK3C2A,B,B,B,B,B,B,B,B,B,N,B,B,B,B,B,B,B,B,B,B,B,B,B,B,B,B,B,B,B,B,B,B
PIK3C2B;C2-PI3K,B,B,B,B,B,B,B,B,B,N,B,B,B,B,B,B,B,B,B,B,B,B,B,B,B,B,B,B,B,B,B,B
PIK3C2G;PI3K-C2GAMMA;PI3K-C2-gamma,A,A,A,A,A,A,A,A,A,N,A,A,A,A,A,A,A,A,A,A,A,A,A,A,A,A,A,A,A,A,A,A
CDS1;CDS,N,N,N,N,N,N,N,N,N,N,N,N,N,N,N,N,N,N,N,N,N,N,N,N,N,N,N,N,N,N,N,N
CDS2,N,N,N,N,N,N,N,N,N,N,N,N,N,N,N,N,N,N,N,N,N,N,N,N,N,N,N,N,N,N,N,N
DGKK,A,A,N,N,N,A,A,A,A,N,A,N,N,N,N,A,A,N,N,A,A,A,A,N,N,N,A,A,N,A,A,N
DAGK1;DGK-alpha;DAGK;DGKA,A,N,N,N,N,A,N,A,A,N,A,N,N,N,N,A,A,N,N,A,A,A,A,N,N,N,N,N,N,N,A,N
DAGK2;DGK;DGK-BETA;DGKB,A,N,N,N,N,A,N,A,A,N,A,N,N,N,N,A,A,N,N,A,A,A,A,N,N,N,N,N,N,N,A,N
DAGK3;DGK-GAMMA;DGKG,A,N,N,N,N,A,N,A,A,N,A,N,N,N,N,A,A,N,N,A,A,A,A,N,N,N,N,N,N,N,A,N
DGKH;DGKeta,A,A,A,A,N,A,N,A,A,N,A,A,N,A,N,A,A,N,A,A,A,A,A,N,N,A,N,N,N,N,A,N
DGKQ;DAGK4;DAGK7;DAGK,A,N,N,N,N,A,N,A,A,N,A,N,N,N,N,A,A,N,N,A,A,A,A,N,N,N,N,N,N,N,A,N
DAGK5;DGKZ;DAGK6;hDGKzeta;DGK-ZETA,A,N,N,N,N,A,N,A,A,N,A,N,N,N,N,A,A,N,N,A,A,A,A,N,N,N,N,N,N,N,A,N
NPHS7;DGKE;DAGK5;DAGK6;DGK;AHUS7,A,N,N,N,N,A,N,A,A,N,A,N,N,N,N,A,A,N,N,A,A,A,A,N,N,N,N,N,N,N,A,N
dgkd-2;DGKD;DGKdelta,A,A,A,A,N,A,N,A,A,N,A,A,N,A,N,A,A,N,A,A,A,A,A,A,N,A,N,N,N,N,A,N
DGK-IOTA;DGKI,A,N,N,N,N,A,N,A,A,N,A,N,N,N,N,A,A,N,N,A,A,A,A,N,N,N,N,N,N,N,A,N
INPP4A;TVAS1;INPP4,A,N,A,N,N,N,N,A,N,N,N,A,N,N,N,N,N,N,N,N,N,N,N,A,N,A,N,N,N,N,A,A
INPP4B,A,N,A,N,N,N,N,A,N,N,N,A,N,N,N,N,N,N,N,N,N,N,N,A,N,A,N,N,N,N,A,A
INPP5B;5PTase,A,A,A,A,A,N,A,A,A,N,A,A,A,A,A,A,A,A,A,A,A,A,A,A,A,A,A,A,A,A,A,A
OCRL;OCRL-1;INPP5F;NPHL2;OCRL1;LOCR,A,A,A,A,A,N,A,A,A,N,A,A,A,A,A,A,A,A,A,A,A,A,A,A,A,A,A,N,A,N,A,A
MORMS;CORS1;INPP5E;CPD4;JBTS1;pharbin;PPI5PIV,A,A,A,A,A,N,A,A,A,N,A,A,A,A,A,A,A,A,A,A,A,A,A,A,A,A,A,N,A,N,A,A
INPP5G;EIEE53;PARK20;SYNJ1,A,A,A,A,A,N,A,A,A,N,A,A,A,A,A,A,A,A,A,A,A,A,A,A,A,A,A,A,A,A,A,A
SYNJ2;INPP5H,A,A,A,A,A,N,A,A,A,N,A,A,A,A,A,A,A,A,A,A,A,A,A,A,A,A,A,A,A,A,A,A
PIPK;PIP5KIIA;PI5P4KA;PIP5K2A;PIP4K2A;PIP5KII-alpha,C,C,C,C,C,N,C,N,N,N,C,C,C,C,N,N,N,N,C,C,C,C,C,C,N,C,C,N,N,N,C,C
PIP4K2C;PIP5K2C,C,C,C,C,C,N,C,N,N,N,C,C,C,C,N,N,N,N,C,C,C,C,C,C,N,C,C,N,N,N,C,C
PIP5K2B;PIP4K2B;PIP5KIIB;PIP5KIIbeta;PIP5P4KB;PI5P4KB,C,C,C,C,C,N,C,N,N,N,C,C,C,C,N,N,N,N,C,C,C,C,C,C,N,C,C,N,N,N,C,C
IPMK,A,N,N,N,A,N,A,N,A,N,A,N,N,N,N,N,A,N,A,N,N,N,N,N,N,A,N,A,N,N,A,N
CNM;MTM1;XLMTM;MTMX,A,A,A,A,A,A,N,A,A,N,A,A,A,A,A,A,A,A,A,A,A,A,A,A,A,A,A,A,A,A,A,A
IMPA1;IMPA;IMP;MRT59,N,N,N,N,N,N,N,N,N,N,N,N,N,N,N,N,N,N,N,N,N,N,N,N,N,N,N,N,N,N,N,N
IMPA2,N,N,N,N,N,N,N,N,N,N,N,N,N,N,N,N,N,N,N,N,N,N,N,N,N,N,N,N,N,N,N,N
GPAPP;IMPA3;IMPAD1;IMP-3;IMP_3,N,N,N,N,N,N,N,N,N,N,N,N,N,N,N,N,N,N,N,N,N,N,N,N,N,N,N,N,N,N,N,N
INPP1,N,N,N,N,N,N,N,N,N,N,N,N,N,N,N,N,N,N,N,N,N,N,N,N,N,N,N,N,N,N,N,N
INPP5J;PIB5PA;INPP5;PIPP,A,A,A,A,A,N,A,A,A,N,A,A,A,A,A,A,A,A,A,A,A,A,A,A,A,A,A,N,A,N,A,A
5PTASE;INPP5A,N,N,N,N,A,N,N,N,N,N,A,N,N,A,N,N,N,N,N,N,N,A,N,A,N,N,N,N,N,N,A,N
SKIP;PPS;MDCCAID;INPP5K,A,A,A,A,A,N,A,A,A,N,A,A,A,A,A,A,A,A,A,A,A,A,A,A,A,A,A,N,A,N,A,A
ITPK1;ITRPK1,C,N,N,N,N,N,N,C,N,N,N,C,N,N,N,N,N,C,N,N,N,N,N,C,N,N,N,N,N,C,N,N
ITPKA;IP3-3KA;IP3KA,A,N,N,N,A,N,A,N,A,N,A,N,N,N,N,N,A,N,A,N,N,N,N,N,N,A,N,A,N,N,A,N
IP3K;PIG37;ITPKB;IP3-3KB;IP3KB;IP3K-B,A,N,N,N,A,N,A,N,A,N,A,N,N,N,N,N,A,N,A,N,N,N,N,N,N,A,N,A,N,N,A,N
IP3-3KC;IP3KC;ITPKC,A,N,N,N,A,N,A,N,A,N,A,N,N,N,N,N,A,N,A,N,N,N,N,N,N,A,N,A,N,N,A,N
SHIP1;p150Ship;SHIP;SIP-145;SHIP-1;INPP5D;hp51CN,A,A,A,A,A,N,A,A,A,N,A,A,A,A,A,A,A,A,A,A,A,A,A,A,A,A,A,N,A,N,A,A
OPSMD;INPPL1;SHIP2,A,A,A,A,A,N,A,A,A,N,A,A,A,A,A,A,A,A,A,A,A,A,A,A,A,A,A,N,A,N,A,A
MTMR8,A,A,A,A,A,A,N,A,A,N,A,A,A,A,A,A,A,A,A,A,A,A,A,A,A,A,A,A,A,A,A,A
MTMR14;C3orf29,A,N,A,N,N,N,N,A,A,N,A,A,A,A,N,A,A,N,N,A,A,N,A,A,A,N,A,A,N,N,A,N
MTMR1,A,A,A,A,A,A,N,A,A,N,A,A,A,A,A,A,A,A,A,A,A,A,A,A,A,A,A,A,A,A,A,A
MTMR3;ZFYVE10;FYVE-DSP1,C,C,C,C,C,C,C,C,C,N,C,C,C,C,C,C,C,C,C,C,C,C,C,C,C,C,C,C,C,C,C,C
CMT4B1;CMT4B;MTMR2,A,A,A,A,A,A,N,A,A,N,A,A,A,A,A,A,A,A,A,A,A,A,A,A,A,A,A,A,A,A,A,A
MTMR6,A,A,A,A,A,A,N,A,A,N,A,A,A,A,A,A,A,A,A,A,A,A,A,A,A,A,A,A,A,A,A,A
MTMR7,A,A,A,A,A,A,N,A,A,N,A,A,A,A,A,A,A,A,A,A,A,A,A,A,A,A,A,A,A,A,A,A
FYVE-DSP2;ZFYVE11;MTMR4,C,C,C,C,C,C,C,C,C,N,C,C,C,C,C,C,C,C,C,C,C,C,C,C,C,C,C,C,C,C,C,C
PIP4P2;TMEM55A,N,N,N,N,N,N,N,N,N,N,N,N,N,N,N,N,N,N,N,N,N,N,N,N,N,N,N,N,N,N,N,N
C14orf9;TMEM55B;PIP4P1,N,N,N,N,N,N,N,N,N,N,N,N,N,N,N,N,N,N,N,N,N,N,N,N,N,N,N,N,N,N,N,N
IP6K3;INSP6K3;IHPK3,A,N,N,N,A,N,A,N,A,N,A,N,N,N,N,N,A,N,A,N,N,N,N,N,N,A,N,A,N,N,A,N
IP6K2;PIUS;IHPK2,A,N,N,N,A,N,A,N,A,N,A,N,N,N,N,N,A,N,A,N,N,N,N,N,N,A,N,A,N,N,A,N
IHPK1;PiUS;IP6K1,A,N,N,N,A,N,A,N,A,N,A,N,N,N,N,N,A,N,A,N,N,N,N,N,N,A,N,A,N,N,A,N
PPIP5K2;VIP2;HISPPD1;CFAP160;IP7K2,N,N,N,N,N,N,N,N,A,N,A,A,N,A,N,A,A,N,N,N,N,A,A,A,N,N,A,A,N,N,A,A
IP6K;hsVIP1;PPIP5K1;HISPPD2A;VIP1;IPS1,N,N,N,N,N,N,N,N,A,N,A,A,N,A,N,A,A,N,N,N,N,A,A,A,N,N,A,A,N,N,A,A
PIK3C3;VPS34;hVps34,A,A,A,A,A,A,A,A,A,A,A,A,A,A,A,A,A,A,A,A,A,A,A,A,A,A,A,A,A,A,A,A
PRKACA;PRKCA;PKC-alpha;AAG6;PKCA,B,B,B,B,B,B,B,B,B,B,B,B,B,B,B,B,B,B,B,B,B,B,B,B,B,B,B,B,B,B,B,B
PKC-beta;PKCB;PRKCB2;PRKCB;PRKCB1,B,B,B,B,B,B,B,B,B,B,B,B,B,B,B,B,B,B,B,B,B,B,B,B,B,B,B,B,B,B,B,B
PKCC;PKCG;PKC-gamma;SCA14;PRKCG,B,B,B,B,B,B,B,B,B,B,B,B,B,B,B,B,B,B,B,B,B,B,B,B,B,B,B,B,B,B,B,B
MSTP007;SAC2;INPP5F;MSTPO47;hSAC2,A,A,A,A,A,N,A,A,A,N,A,A,A,A,A,N,A,A,A,A,A,A,A,A,A,A,N,A,A,A,A,N
SACM1L;SAC1,A,A,A,A,A,N,A,A,A,N,A,A,A,A,A,N,A,A,A,A,A,A,A,A,A,A,N,A,A,A,A,N
