ILV1;SRR;ISO1,N,N,N,N,N,N,N,N,N,N,N,N,N,N,N,N,N,N,N,N,N,N,N,N,N,N,N,N,N,N,N,N
CHDH,N,A,N,N,N,N,A,A,A,N,A,N,A,N,A,N,N,A,A,N,N,N,N,A,A,N,N,N,N,N,N,N
EPD;PDE;ATQ1;ALDH7A1,A,N,A,N,A,N,A,A,A,N,A,A,A,A,N,N,N,A,A,N,N,N,A,N,N,A,N,A,A,A,A,N
BHMT1;BHMT;HEL-S-61p,N,N,N,N,N,N,N,N,N,N,N,N,N,N,N,N,N,N,N,N,N,N,N,N,N,N,N,N,N,N,N,N
TLH6;AGXT1;AGXT;SPT;AGT;AGT1;SPAT;PH1,N,N,N,A,N,N,N,N,A,N,N,A,N,N,N,N,N,N,A,N,N,N,N,A,A,N,N,N,N,A,A,N
CCDS2;HEL-S-20;PIG2;GAMT;TP53I2,N,N,A,N,N,N,N,A,A,N,A,N,A,N,N,N,N,N,N,A,N,N,N,A,N,N,N,N,A,N,A,N
PGAD;SERA;PHGDH;PGD;NLS;3PGDH;HEL-S-113;NLS1;PDG;PHGDHD;PGDH;3-PGDH,N,N,N,N,N,N,N,N,N,N,N,N,N,N,N,N,N,N,N,N,N,N,N,N,N,N,N,N,N,N,N,N
DMGDH;DMGDHD;ME2GLYDH,N,N,N,N,N,N,N,N,N,N,N,N,N,N,N,N,N,N,N,N,N,N,N,N,N,N,N,N,N,N,N,N
CBSL,N,N,N,N,N,N,N,N,N,N,N,N,N,N,N,N,N,N,N,N,N,N,N,N,N,N,N,N,N,N,N,N
HIP4;CBS,N,N,N,N,N,N,N,N,N,N,N,N,N,N,N,N,N,N,N,N,N,N,N,N,N,N,N,N,N,N,N,N
CTH,N,N,N,N,N,N,N,N,N,N,N,N,N,N,N,N,N,N,N,N,N,N,N,N,N,N,N,N,N,N,N,N
AT;CCDS3;AGAT;GATM,N,N,N,N,N,N,N,N,N,N,N,N,N,N,N,N,N,N,N,N,N,N,N,N,N,N,N,N,N,N,N,N
PSAT1;EPIP;PSA;PSAT;PSATD;NLS2,N,N,N,N,N,N,N,N,N,N,N,N,N,N,N,N,N,N,N,N,N,N,N,N,N,N,N,N,N,N,N,N
PIPOX;LPIPOX,N,N,N,N,N,N,N,N,N,N,N,N,N,N,N,N,N,N,N,N,N,N,N,N,N,N,N,N,N,N,N,N
SARDH;SAR;SARD;BPR-2;SDH;DMGDHL1,N,N,N,N,N,N,N,N,N,N,N,N,N,N,N,N,N,N,N,N,N,N,N,N,N,N,N,N,N,N,N,N
PSPH;PSP;PSPHD,N,N,D,N,N,N,N,N,N,N,D,N,N,D,N,N,N,N,N,N,N,N,N,D,N,D,N,N,N,N,N,N
CSHMT;SHMT;SHMT1,D,D,D,N,D,D,D,D,D,N,D,D,D,D,D,D,D,D,D,D,D,D,D,D,D,D,D,D,D,D,D,D
HEL-S-51e;SHMT;GLYA;SHMT2,D,D,D,N,D,D,D,D,D,N,D,D,D,D,D,D,D,D,D,D,D,D,D,D,D,D,D,D,D,D,D,D
SDH;SDS,N,N,N,N,N,N,N,N,N,N,N,N,N,N,N,N,N,N,N,N,N,N,N,N,N,N,N,N,N,N,N,N
SDH_2;SDS-RS1;SDSL;cSDH;TDH,N,N,N,N,N,N,N,N,N,N,N,N,N,N,N,N,N,N,N,N,N,N,N,N,N,N,N,N,N,N,N,N
DAO;OXDA;DAMOX;DAAO,N,N,N,N,N,N,N,N,N,N,N,N,N,N,N,N,N,N,N,N,N,N,N,N,N,N,N,N,N,N,N,N
GCAT;KBL,N,D,D,N,N,N,N,N,D,N,D,N,N,N,N,N,D,N,N,D,D,D,N,D,D,N,N,D,N,D,D,N
HYGN1;GCE;GCSP;GLDC,N,N,N,N,N,N,N,N,N,N,N,N,N,N,N,N,N,N,N,N,N,N,N,N,N,N,N,N,N,N,N,N
ALAS1;ALASH;MIG4;ALAS-H;ALAS3;ALAS,N,D,D,N,N,N,N,N,D,N,D,N,N,N,N,N,D,N,N,D,D,D,N,D,D,N,N,D,N,D,D,N
ALASE;ALAS-E;SIDBA1;XLEPP;XLSA;ALAS2;ASB;XLDPP;ANH1,N,D,D,N,N,N,N,N,D,N,D,N,N,N,N,N,D,N,N,D,D,D,N,D,D,N,N,D,N,D,D,N
MAO-A;MAOA;BRNRS,A,N,N,N,N,N,N,N,N,N,A,N,N,A,N,N,N,N,N,N,A,N,N,N,N,N,N,N,N,N,A,N
MAOB,A,A,N,N,N,N,N,A,N,N,A,N,A,A,N,N,N,N,N,N,A,N,N,N,N,N,N,N,N,N,A,N
PH2;GRHPR;GLXR;GLYD,N,N,N,N,N,N,N,N,N,N,N,N,N,N,N,N,N,N,N,N,N,N,N,N,N,N,N,N,N,N,N,N
AOC2;RAO;DAO2;SSAO,N,N,N,N,N,N,N,N,N,N,N,N,N,N,N,N,N,N,N,N,N,N,N,N,N,N,N,N,N,N,N,N
VAP-1;SSAO;AOC3;HPAO;VAP1,N,N,N,N,N,N,N,N,N,N,N,N,N,N,N,N,N,N,N,N,N,N,N,N,N,N,N,N,N,N,N,N
GCE;AMT;NKH;GCST;GCVT,N,N,N,N,N,N,N,N,N,N,N,N,N,N,N,N,N,N,N,N,N,N,N,N,N,N,N,N,N,N,N,N
DLDD;GCSL;DLDH;LAD;E3;PHE3;DLD,N,N,N,N,N,N,N,N,N,N,N,N,N,N,N,N,N,N,N,N,N,N,N,N,N,N,N,N,N,N,N,N
GNMT;HEL-S-182mP,N,N,N,N,N,N,N,N,N,N,N,N,N,N,N,N,N,N,N,N,N,N,N,N,N,N,N,N,N,N,N,N
AGT2;BAIBA;DAIBAT;AGXT2,N,N,N,N,N,N,N,N,N,N,N,N,N,N,N,N,N,N,N,N,N,N,N,N,N,N,N,N,N,N,N,N
HBeAgBP4A;HBEBP4;GLYCTK;HBEBP2,N,N,N,N,N,N,N,N,N,N,N,N,N,N,N,N,N,N,N,N,N,N,N,N,N,N,N,N,N,N,N,N
PGAM4;PGAM1;dJ1000K24.1;PGAM-B;PGAM3,N,N,N,N,N,N,N,N,N,N,N,N,N,N,N,N,N,N,N,N,N,N,N,N,N,N,N,N,N,N,N,N
PGAM-B;PGAM1;PGAMA;HEL-S-35,N,N,N,N,N,N,N,N,N,N,N,N,N,N,N,N,N,N,N,N,N,N,N,N,N,N,N,N,N,N,N,N
PGAMM;PGAM2;GSD10;PGAM-M,N,N,N,N,N,N,N,N,N,N,N,N,N,N,N,N,N,N,N,N,N,N,N,N,N,N,N,N,N,N,N,N
DPGM;BPGM,N,N,N,N,N,N,N,N,N,N,N,N,N,N,N,N,N,N,N,N,N,N,N,N,N,N,N,N,N,N,N,N
GCSH;NKH;GCE,N,N,N,N,N,N,N,N,N,N,N,N,N,N,N,N,N,N,N,N,N,N,N,N,N,N,N,N,N,N,N,N
