THPH1;F2;PT;RPRGL2,N,A,A,A,A,N,A,A,A,N,A,A,N,A,N,A,A,A,N,A,A,A,A,A,N,A,N,N,N,N,A,A
TB4X;TMSB4X;TMSB4;FX;PTMB4,N,N,N,N,N,N,N,N,N,N,N,N,N,N,N,N,N,N,N,N,N,N,N,N,N,N,N,N,N,N,N,N
TMSB4Y;TB4Y,N,N,N,N,N,N,N,N,N,N,N,N,N,N,N,N,N,N,N,N,N,N,N,N,N,N,N,N,N,N,N,N
dJ127C7.3;p16-Arc;ARC16;ARPC5,A,N,A,N,N,N,N,N,A,N,A,N,N,N,A,N,N,N,A,N,N,N,A,N,N,A,N,A,N,A,A,A
P20-ARC;ARPC4;ARC20,N,A,A,N,A,N,N,N,A,N,A,A,A,A,N,N,N,N,A,N,A,A,A,A,A,A,N,A,N,A,A,N
p21-Arc;ARC21;ARPC3,A,A,A,N,N,N,N,N,A,N,A,A,A,A,A,N,N,N,A,N,A,A,A,A,A,A,A,N,A,A,A,A
p41-ARC;p40-ARC;ARPC1B;ARC41,A,A,N,N,A,N,A,A,A,N,A,N,N,A,A,A,N,N,A,N,A,A,A,A,N,N,N,A,N,N,A,A
ARC34;ARPC2;PRO2446;p34-Arc;PNAS-139,N,N,N,N,N,N,N,N,A,N,A,N,A,N,N,N,N,N,N,N,A,N,A,N,N,N,N,N,N,N,N,A
SOP2L;SOP2Hs;ARPC1A;Arc40;HEL-68;HEL-S-307,A,A,N,N,A,N,A,A,A,N,A,N,N,A,A,A,N,N,A,N,A,A,A,A,N,N,N,A,N,N,A,A
ARPC5L;ARC16-2,A,N,A,N,N,N,N,N,A,N,A,N,N,N,A,N,N,N,A,N,N,N,A,N,N,A,N,A,N,A,A,A
PFN3,N,N,N,N,N,N,N,N,N,N,N,N,N,N,N,N,N,N,N,N,N,N,N,N,N,N,N,N,N,N,N,N
PFN4,N,A,N,N,N,A,N,N,N,N,N,N,N,N,A,N,N,N,A,N,A,N,N,N,N,N,N,N,N,N,N,N
PFN1;ALS18,N,N,N,N,N,N,N,N,N,N,N,N,N,N,N,N,N,N,N,N,N,N,N,N,N,N,N,N,N,N,N,N
PFN2;PFL;D3S1319E,N,N,N,N,N,N,N,N,N,N,N,N,N,N,N,N,N,N,N,N,N,N,N,N,N,N,N,N,N,N,N,N
WAVE2;WASF4;SCAR2;WASF2;dJ393P12.2;IMD2,A,N,A,N,N,N,N,N,A,N,N,N,N,A,N,N,N,N,A,N,A,A,A,A,N,A,N,N,N,A,A,N
SCAR1;WAVE1;WAVE;WASF1,A,N,A,N,N,N,N,N,A,N,N,N,N,A,N,N,N,N,A,N,A,A,A,A,N,A,N,N,N,A,A,N
BRK1;HSPC300;hHBrk1;C3orf10;MDS027,N,N,N,N,N,N,N,N,N,N,N,N,N,N,N,N,N,N,N,N,N,N,N,N,N,N,N,N,N,N,N,N
APCL;APC2,A,N,A,N,N,N,N,A,A,N,A,N,A,N,N,N,N,N,N,N,A,A,N,A,N,N,A,N,N,A,A,A
PPP1R46;APC;GS;DP3;BTPS2;DP2.5;DP2,A,A,A,N,A,A,N,A,A,N,A,A,A,A,A,A,A,A,A,A,A,A,A,A,A,A,A,A,A,A,A,A
WASP;THC1;WAS;SCNX;THC;WASPA;IMD2,N,A,A,N,N,N,N,A,A,N,A,N,A,A,N,N,N,N,N,A,A,A,N,N,N,N,N,N,N,N,A,N
NWASP;N-WASP;WASPB;WASL,N,B,B,N,N,N,N,B,B,N,B,B,B,B,B,N,N,N,N,B,B,B,N,B,N,N,N,N,N,N,B,N
ASEF2;ARHGEF29;SPATA13,A,A,A,N,A,A,A,A,A,N,A,A,A,A,A,A,A,A,A,A,A,A,A,A,A,A,A,A,A,A,A,A
ARHGEF4;ASEF;STM6;GEF4;ASEF1,A,A,A,A,A,A,A,A,A,N,A,A,A,A,A,A,A,A,A,A,A,A,A,A,A,A,A,A,A,A,A,A
ABI2B;argBPIA;AblBP3;argBP1;argBPIB;ABI-2;AIP-1;SSH3BP2;ABI2,A,A,A,N,A,N,N,N,A,N,A,N,A,A,A,N,A,N,A,A,A,A,A,A,A,A,A,A,A,A,A,A
HEM2;NAP1;NCKAP1;p125Nap1;NAP125,N,A,A,N,N,N,N,N,N,N,A,N,N,N,N,N,N,N,A,N,N,N,N,N,N,N,N,N,N,A,A,N
NCKAP1L;HEM1,N,A,A,N,N,N,N,N,N,N,A,N,N,N,N,N,N,N,A,N,N,N,N,N,N,N,N,N,N,A,A,N
SRA1;CYFIP1;SHYC;SRA-1;P140SRA-1,N,N,N,N,N,N,N,N,N,N,N,N,N,N,N,N,N,N,N,N,N,N,N,N,N,N,N,N,N,N,N,N
PIR121;CYFIP2,N,N,N,N,N,N,N,N,N,N,N,N,N,N,N,N,N,N,N,N,N,N,N,N,N,N,N,N,N,N,N,N
BAP2;FLAF3;BAIAP2;IRSP53,N,N,N,N,N,N,N,N,N,N,N,N,N,N,N,N,N,N,N,N,N,N,N,N,N,N,N,N,N,N,N,N
SSH1L;SSH1,D,D,D,N,D,D,D,D,D,N,D,D,D,D,D,D,D,D,D,D,D,D,D,D,D,D,N,D,N,D,D,D
SSH3;SSH3L,D,D,D,N,D,D,D,D,D,N,D,D,D,D,D,D,D,D,D,D,D,D,D,D,D,D,N,D,N,D,D,D
SSH2;SSH-2;SSH-2L,D,D,D,N,D,D,D,D,D,N,D,D,D,D,D,D,D,D,D,D,D,D,D,D,D,D,N,D,N,D,D,D
HEL-S-15;CFL1;CFL;cofilin,A,N,A,N,N,A,N,N,A,N,N,N,A,N,N,N,A,N,N,N,N,N,N,A,N,N,N,A,N,N,A,N
CFL2;NEM7,A,N,A,N,N,A,N,N,A,N,N,N,A,N,N,N,A,N,N,N,N,N,N,A,N,N,N,A,N,N,A,N
LIMK1;LIMK-1;LIMK,B,B,B,B,B,B,B,B,B,N,B,B,B,B,B,B,B,B,B,B,B,B,B,B,B,B,B,B,B,B,B,B
LIMK2,B,B,B,B,B,B,B,B,B,N,B,B,B,B,B,B,B,B,B,B,B,B,B,B,B,B,B,B,B,B,B,B
ADF;GSN;AGEL,A,A,A,A,A,A,A,A,A,N,A,A,A,A,A,N,A,A,A,A,A,A,A,A,A,A,A,A,A,A,A,A
SCIN,A,A,A,A,A,A,A,A,A,N,A,A,A,A,A,N,A,A,A,A,A,A,A,A,A,A,A,A,A,A,A,A
HEL114;CMH15;VCL;MVCL;MV;CMD1W,N,N,N,N,N,N,N,N,N,N,N,N,N,N,N,N,N,N,N,N,N,N,N,N,N,N,N,N,N,N,N,N
PIKFYVE;FAB1;PIP5K;PIP5K3;ZFYVE29;CFD;HEL37,D,D,D,D,D,D,D,D,D,D,D,D,D,D,D,D,D,D,D,D,D,D,D,D,D,D,D,D,D,D,D,D
PIP5K1C;PIP5K-GAMMA;PIP5K1-gamma;PIP5Kgamma;LCCS3,C,C,C,C,C,N,C,N,N,N,C,C,C,C,N,N,N,N,C,C,C,C,C,C,N,C,C,N,N,N,C,C
PIPK;PIP5KIIA;PI5P4KA;PIP5K2A;PIP4K2A;PIP5KII-alpha,C,C,C,C,C,N,C,N,N,N,C,C,C,C,N,N,N,N,C,C,C,C,C,C,N,C,C,N,N,N,C,C
PIP4K2C;PIP5K2C,C,C,C,C,C,N,C,N,N,N,C,C,C,C,N,N,N,N,C,C,C,C,C,C,N,C,C,N,N,N,C,C
PIP5K1A,C,C,C,C,C,N,C,N,N,N,C,C,C,C,N,N,N,N,C,C,C,C,C,C,N,C,C,N,N,N,C,C
STM7;MSS4;PIP5K1B,C,C,C,C,C,N,C,N,N,N,C,C,C,C,N,N,N,N,C,C,C,C,C,C,N,C,C,N,N,N,C,C
PIP5K2B;PIP4K2B;PIP5KIIB;PIP5KIIbeta;PIP5P4KB;PI5P4KB,C,C,C,C,C,N,C,N,N,N,C,C,C,C,N,N,N,N,C,C,C,C,C,C,N,C,C,N,N,N,C,C
DRF1;DFNA1;SCBMS;DIAPH1;hDIA1;DIA1;LFHL1,B,B,B,B,B,B,B,B,B,N,B,B,B,B,B,B,B,B,B,B,B,B,B,B,B,B,B,B,B,B,B,B
DIAPH2;DIA;DIA2;POF2;POF;DRF2;POF2A,B,B,B,B,B,B,B,B,B,N,B,B,B,B,B,N,B,B,B,B,B,B,B,B,B,B,B,B,B,B,B,B
ACTN4;ACTININ-4;FSGS;FSGS1,A,A,A,A,A,A,A,A,A,N,A,A,A,A,A,A,A,A,A,N,A,A,A,A,A,A,A,A,A,A,A,A
BDPLT15;ACTN1,A,A,A,A,A,A,A,A,A,N,A,A,A,A,A,A,A,A,A,N,A,A,A,A,A,A,A,A,A,A,A,A
HEL70;IMD50;MSN,A,N,N,N,N,N,N,N,A,N,N,N,N,N,N,A,N,N,N,N,N,N,A,N,N,N,N,N,N,N,A,N
DFNB24;RDX,A,A,A,N,N,N,N,N,A,N,A,N,A,A,A,A,N,N,A,A,A,A,A,A,A,A,A,A,A,A,A,A
HEL-S-105;CVL;EZR;CVIL;VIL2,A,A,A,N,N,N,N,N,A,N,A,N,A,A,A,A,N,N,A,A,A,A,A,A,A,A,A,A,A,A,A,A
PXN,A,A,A,N,N,N,N,N,A,N,A,A,N,A,A,N,N,N,A,N,A,A,A,A,A,A,A,A,A,A,A,A
APNH;SLC9A1;LIKNS;NHE-1;PPP1R143;NHE1,A,N,N,N,N,N,N,N,A,N,N,N,N,A,A,N,N,N,N,N,N,N,N,N,N,A,N,N,N,N,A,N
M130;MYPT1;MBS;PPP1R12A,A,A,A,A,A,A,A,A,A,A,A,A,A,A,A,A,A,A,A,A,A,A,A,A,A,A,A,A,A,A,A,A
MYPT2;PP1bp55;PPP1R12B,A,A,A,A,A,A,A,A,A,A,A,A,A,A,A,A,A,A,A,A,A,A,A,A,A,A,A,A,A,A,A,A
p84;PPP1R12C;AAVS1;LENG3;p85;MBS85,D,D,D,D,D,D,D,D,D,D,D,D,D,D,D,D,D,D,D,D,D,D,D,D,D,D,D,D,D,D,D,D
PPP1A;PP-1A;PP1A;PPP1CA;PP1alpha,D,D,D,D,D,D,D,D,D,N,D,D,D,D,D,D,D,D,D,D,D,D,D,D,D,D,D,D,D,D,D,D
PP-1B;PPP1CB;PPP1CD;HEL-S-80p;PP1beta;PP1B;NSLH2,D,D,D,D,D,D,D,D,D,N,D,D,D,D,D,D,D,D,D,D,D,D,D,D,D,D,D,D,D,D,D,D
PP1C;PP-1G;PPP1CC;PPP1G,D,D,D,D,D,D,D,D,D,N,D,D,D,D,D,D,D,D,D,D,D,D,D,D,D,D,D,D,D,D,D,D
MRLC2;MYL12B;MLC-B,A,A,A,A,A,N,A,A,A,N,A,A,A,A,A,A,A,A,A,A,A,A,A,A,A,A,N,A,A,A,A,A
MRLC1;MYL9;MYRL2;MLC-2C;LC20;MLC2,A,A,A,A,A,N,A,A,A,N,A,A,A,A,A,A,A,A,A,A,A,A,A,A,A,A,N,A,A,A,A,A
HEL-S-24;MRCL3;MYL2B;MLC-2B;MLCB;MRLC3;MYL12A,A,A,A,A,A,N,A,A,A,N,A,A,A,A,A,A,A,A,A,A,A,A,A,A,A,A,N,A,A,A,A,A
HUMMLC2B;MRLC2;MLC2B;MYL11;MYLPF,A,A,A,A,A,N,A,A,A,N,A,A,A,A,A,A,A,A,A,A,A,A,A,A,N,A,N,A,A,A,A,A
MYL2;MLC-2s/v;MLC2;CMH10,A,A,A,A,A,N,A,A,A,N,A,A,A,A,A,A,A,A,A,A,A,A,A,A,A,A,N,A,A,A,A,A
MYLC2;MYL5,A,A,A,A,A,N,A,A,A,N,A,A,A,A,A,A,A,A,A,A,A,A,A,A,N,A,N,A,A,A,A,A
MYL7;MYL2A;MYLC2A,A,A,A,A,A,N,A,A,A,N,A,A,A,A,A,A,A,A,A,A,A,A,A,A,N,A,N,A,A,A,A,A
MYL10;PLRLC;MYLC2PL,A,A,A,A,A,N,A,A,A,N,A,A,A,A,A,A,A,A,A,A,A,A,A,A,N,A,N,A,A,A,A,A
MYLK4;SgK085,B,B,B,B,B,B,B,B,B,B,B,B,B,B,B,B,B,B,B,B,B,B,B,B,B,B,B,B,B,B,B,B
MLCK1;MYLK;MSTP083;KRP;MYLK1;MLCK;MLCK108;smMLCK;MLCK210;AAT7,D,D,D,D,D,D,D,D,D,D,D,D,D,D,D,D,D,D,D,D,D,D,D,D,D,D,D,D,D,D,D,D
MYLK2;MLCK;KMLC;MLCK2;skMLCK,B,B,B,B,B,B,B,B,B,B,B,B,B,B,B,B,B,B,B,B,B,B,B,B,B,B,B,B,B,B,B,B
MYLK3;MLCK;caMLCK;MLCK2,B,B,B,B,B,B,B,B,B,B,B,B,B,B,B,B,B,B,B,B,B,B,B,B,B,B,B,B,B,B,B,B
GIT1,A,A,A,A,A,A,A,A,A,N,A,A,A,A,A,A,A,A,A,A,A,A,A,A,A,A,A,A,A,A,A,A
ENAH;NDPP1;MENA;ENA,N,N,N,N,N,N,N,N,N,N,N,N,N,N,N,N,N,N,N,N,N,N,N,N,N,N,N,N,N,N,N,N
AUNA1;AN;DIA2;DRF3;diap3;NSDAN;mDia2;DIAPH3,B,B,B,B,B,B,B,B,B,N,B,B,B,B,B,N,B,B,B,B,B,B,B,B,B,B,B,B,B,B,B,B
ROCK-I;P160ROCK;ROCK1,B,B,B,B,B,B,B,B,B,B,B,B,B,B,B,B,B,B,B,B,B,B,B,B,B,B,B,B,B,B,B,B
ROCK2;ROCK-II,B,B,B,B,B,B,B,B,B,B,B,B,B,B,B,B,B,B,B,B,B,B,B,B,B,B,B,B,B,B,B,B
PAK4,D,D,D,D,D,D,D,D,D,D,D,D,D,D,D,D,D,D,D,D,D,D,D,D,D,D,D,D,D,D,D,D
BUB1B-PAK6,D,D,D,D,D,D,D,D,D,D,D,D,D,D,D,D,D,D,D,D,D,D,D,D,D,D,D,D,D,D,D,D
PAK1;PAKalpha,D,D,D,D,D,D,D,D,D,D,D,D,D,D,D,D,D,D,D,D,D,D,D,D,D,D,D,D,D,D,D,D
PAK65;PAKgamma;PAK2,D,D,D,D,D,D,D,D,D,D,D,D,D,D,D,D,D,D,D,D,D,D,D,D,D,D,D,D,D,D,D,D
MRX47;ARA;bPAK;beta-PAK;PAK3;PAK3beta;OPHN3;PAK-3;MRX30,D,D,D,D,D,D,D,D,D,D,D,D,D,D,D,D,D,D,D,D,D,D,D,D,D,D,D,D,D,D,D,D
PAK5;PAK6,D,D,D,D,D,D,D,D,D,D,D,D,D,D,D,D,D,D,D,D,D,D,D,D,D,D,D,D,D,D,D,D
PAK7;PAK5,D,D,D,D,D,D,D,D,D,D,D,D,D,D,D,D,D,D,D,D,D,D,D,D,D,D,D,D,D,D,D,D
BETA-PIX;Nbla10314;P85SPR;P50;P85COOL1;PIXB;COOL1;P50BP;PAK3;COOL-1;ARHGEF7;P85,A,A,A,N,A,N,A,N,A,N,A,N,A,A,A,N,A,N,A,A,A,A,A,A,A,A,A,A,A,A,A,A
PIXA;alphaPIX;Cool-2;ARHGEF6;COOL2;MRX46;alpha-PIX,A,A,A,N,A,N,A,N,A,N,A,A,A,A,A,N,A,A,A,A,A,A,A,A,A,A,A,A,A,A,A,A
TKS;CDC42;G25K;CDC42Hs,C,C,C,C,C,C,C,C,C,C,C,C,C,C,C,C,C,C,C,C,C,C,C,C,C,C,C,C,C,C,C,C
RAC1;Rac-1;p21-Rac1;TC-25;MIG5,C,C,C,C,C,C,C,C,C,C,C,C,C,C,C,C,C,C,C,C,C,C,C,C,C,C,C,C,C,C,C,C
HSPC022;p21-Rac2;Gx;RAC2;EN-7,C,C,C,C,C,C,C,C,C,C,C,C,C,C,C,C,C,C,C,C,C,C,C,C,C,C,C,C,C,C,C,C
RAC3,C,C,C,C,C,C,C,C,C,C,C,C,C,C,C,C,C,C,C,C,C,C,C,C,C,C,C,C,C,C,C,C
RHO12;RHOA;ARH12;ARHA;RHOH12,C,C,C,C,C,C,C,C,C,C,C,C,C,C,C,C,C,C,C,C,C,C,C,C,C,C,C,C,C,C,C,C
PRO2792;ARHGEF12;LARG,A,A,A,N,A,N,N,N,A,N,A,A,A,A,A,N,A,A,N,N,A,A,A,A,N,A,A,A,A,A,A,N
LBCL2;P115-RHOGEF;ARHGEF1;GEF1;SUB1.5;LSC,A,A,A,A,A,N,N,N,A,N,A,N,A,A,A,N,A,N,A,A,A,A,A,A,N,A,A,A,A,A,A,A
IQGAP2,A,A,A,A,N,N,N,N,A,N,A,A,N,A,A,N,N,N,A,N,A,A,A,A,A,A,A,A,A,A,A,A
IQGAP3,A,A,A,A,N,N,N,N,A,N,A,A,N,A,A,N,N,N,A,N,A,A,A,A,A,A,A,A,A,A,A,A
SAR1;HUMORFA01;p195;IQGAP1,A,A,A,A,N,N,N,N,A,N,A,A,N,A,A,N,N,N,A,N,A,A,A,A,A,A,A,A,A,A,A,A
P190-A;p190ARhoGAP;ARHGAP35;p190RhoGAP;P190A;GRF-1;GRLF1,A,A,A,A,A,N,N,A,A,N,A,A,A,A,A,A,A,A,A,A,A,A,A,A,A,A,A,A,A,A,A,A
VAV3,A,A,A,N,A,N,A,N,A,N,A,N,A,A,A,N,A,N,A,A,A,A,A,A,A,A,A,A,A,A,A,A
TIAM-1;TIAM1,A,A,A,N,A,N,A,N,A,N,A,N,A,A,A,N,A,N,N,N,A,A,A,A,N,A,A,A,A,A,A,N
VAV;VAV1,A,A,A,A,A,N,A,N,A,N,A,A,A,A,A,A,A,A,A,A,A,A,A,A,A,A,A,A,A,A,A,A
VAV2;VAV-2,A,A,A,N,A,N,A,N,A,N,A,N,A,A,A,N,A,N,A,A,A,A,A,A,A,A,A,A,A,A,A,A
p41;PRKM1;MAPK1;ERT1;P42MAPK;ERK-2;ERK2;MAPK2;p38;p41mapk;PRKM2;ERK;p42-MAPK;p40,D,D,D,D,D,D,D,D,D,D,D,D,D,D,D,D,D,D,D,D,D,D,D,D,D,D,D,D,D,D,D,D
ERT2;ERK1;p44-MAPK;HUMKER1A;P44ERK1;MAPK3;ERK-1;PRKM3;P44MAPK;p44-ERK1;HS44KDAP,D,D,D,D,D,D,D,D,D,D,D,D,D,D,D,D,D,D,D,D,D,D,D,D,D,D,D,D,D,D,D,D
MAPKK1;MAP2K1;PRKMK1;MKK1;CFC3;MEK1,D,D,D,D,D,D,D,D,D,N,D,D,D,D,D,D,D,D,D,D,D,D,D,D,D,D,D,D,D,D,D,D
PRKMK2;MKK2;CFC4;MEK2;MAP2K2;MAPKK2,D,D,D,D,D,D,D,D,D,N,D,D,D,D,D,D,D,D,D,D,D,D,D,D,D,D,D,D,D,D,D,D
RAFA1;ARAF1;PKS2;A-RAF;ARAF,B,B,B,B,B,B,B,B,B,B,B,B,B,B,B,B,B,B,B,B,B,B,B,B,B,B,B,B,B,B,B,B
MOS;MSV,B,B,B,B,B,B,B,B,B,N,B,B,B,B,B,B,B,B,B,B,B,B,B,B,B,B,B,B,B,B,B,B
NS5;CRAF;Raf-1;CMD1NN;c-Raf;RAF1,B,B,B,B,B,B,B,B,B,N,B,B,B,B,B,B,B,B,B,B,B,B,B,B,B,B,B,B,B,B,B,B
BRAF1;B-raf;BRAF;NS7;RAFB1;B-RAF1,B,B,B,B,B,B,B,B,B,B,B,B,B,B,B,B,B,B,B,B,B,B,B,B,B,B,B,B,B,B,B,B
MCM;PI3K-alpha;PI3K;MCMTC;CLOVE;PIK3CA;CWS5;p110-alpha;MCAP,A,A,A,A,A,A,A,A,A,N,A,A,A,A,A,A,A,A,A,A,A,A,A,A,A,A,A,A,A,A,A,A
PI3K;PIK3C1;PIK3CB;PI3KBETA;P110BETA,A,A,A,A,A,A,A,A,A,A,A,A,A,A,A,A,A,A,A,A,A,A,A,A,A,A,A,A,A,A,A,A
PI3K;IMD14;p110D;P110DELTA;APDS;PIK3CD,A,A,A,A,A,A,A,A,A,N,A,A,A,A,A,A,A,A,A,A,A,A,A,A,A,A,A,A,A,A,A,A
PIK3R1;GRB1;AGM7;p85-ALPHA;p85;IMD36,A,A,A,N,N,N,N,A,A,N,A,A,A,A,A,A,N,N,A,A,A,A,A,A,A,A,A,A,A,A,A,A
PIK3R2;MPPH;P85B;p85-BETA;MPPH1;p85,N,N,N,N,N,N,N,N,N,N,N,N,N,N,N,N,N,N,N,N,N,N,N,N,N,N,N,N,N,N,N,N
PIK3R3;p55;p55PIK;p55-GAMMA,N,N,N,N,N,N,N,N,N,N,N,N,N,N,N,N,N,N,N,N,N,N,N,N,N,N,N,N,N,N,N,N
DOCK1;ced5;DOCK180,A,N,N,N,N,N,N,N,A,N,N,N,N,A,N,N,N,N,N,N,A,N,N,A,N,N,N,N,N,N,A,N
MRXS16;FGD1;AAS;FGDY;ZFYVE3,A,A,A,A,A,N,A,N,A,N,A,A,A,A,A,A,A,A,A,A,A,A,A,A,A,A,A,A,A,A,A,A
FGD3;ZFYVE5,A,A,A,A,A,N,A,N,A,N,A,A,A,A,A,A,A,A,A,A,A,A,A,A,A,A,A,A,A,A,A,A
GNG12,N,N,N,N,N,N,N,N,N,N,N,N,N,N,N,N,N,N,N,N,N,N,N,N,N,N,N,N,N,N,N,N
CRKII;p38;CRK,A,A,A,N,A,N,N,N,A,N,A,N,A,A,A,N,N,N,A,A,A,A,A,A,A,A,A,A,A,A,A,A
CRKL,A,A,A,N,N,A,N,N,A,N,A,A,A,A,A,N,N,N,A,A,A,A,A,A,A,A,A,A,A,A,A,A
CASS1;P130Cas;CRKAS;CAS1;BCAR1;CAS,A,A,A,N,A,N,N,N,A,N,A,N,A,A,A,N,N,N,A,A,A,A,A,A,A,A,A,A,A,A,A,A
PTK2;p125FAK;FADK;FAK1;FAK;pp125FAK;FRNK;PPP1R71,B,B,B,B,B,B,B,B,B,B,B,B,B,B,B,B,B,B,B,B,B,B,B,B,B,B,B,B,B,B,B,B
M1;M1R;CHRM1;HM1,N,N,N,N,N,N,N,N,N,N,N,N,N,N,N,N,N,N,N,N,N,N,N,N,N,N,N,N,N,N,N,N
CHRM2;HM2,N,N,N,N,N,N,N,N,N,N,N,N,N,N,N,N,N,N,N,N,N,N,N,N,N,N,N,N,N,N,N,N
PBS;EGBRS;HM3;CHRM3,N,N,N,N,N,N,N,N,N,N,N,N,N,N,N,N,N,N,N,N,N,N,N,N,N,N,N,N,N,N,N,N
M4R;HM4;CHRM4,N,N,N,N,N,N,N,N,N,N,N,N,N,N,N,N,N,N,N,N,N,N,N,N,N,N,N,N,N,N,N,N
HM5;CHRM5,N,N,N,N,N,N,N,N,N,N,N,N,N,N,N,N,N,N,N,N,N,N,N,N,N,N,N,N,N,N,N,N
B1BKR;BKB1R;BRADYB1;BKR1;BDKRB2;B1R;BDKRB1,N,N,N,N,N,N,N,N,N,N,N,N,N,N,N,N,N,N,N,N,N,N,N,N,N,N,N,N,N,N,N,N
BRB2;BK2;BKR2;B2R;BK-2;BDKRB2,N,N,N,N,N,N,N,N,N,N,N,N,N,N,N,N,N,N,N,N,N,N,N,N,N,N,N,N,N,N,N,N
SRC1;THC6;c-SRC;ASV;p60-Src;SRC,B,B,B,B,B,B,B,B,B,B,B,B,B,B,B,B,B,B,B,B,B,B,B,B,B,B,B,B,B,B,B,B
HsT18964;ITGA11,N,N,N,N,N,N,N,N,N,N,A,N,N,N,N,N,N,N,N,A,A,N,A,A,N,A,A,N,N,N,A,N
VLA-6;ITGA6B;CD49f;ITGA6,N,N,N,N,N,N,N,N,N,N,N,N,N,N,N,N,N,N,N,N,N,N,N,N,N,N,N,N,N,N,N,N
VLA1;ITGA1;CD49a,N,N,N,N,N,N,N,N,N,N,A,N,N,N,N,N,N,N,N,A,A,N,A,A,N,A,A,N,N,N,A,N
GPIa;CD49B;BR;VLA-2;ITGA2;VLAA2;HPA-5,N,N,N,N,N,N,N,N,N,N,A,N,N,N,N,N,N,N,N,A,A,N,A,A,N,A,A,N,N,N,A,N
GPIIb;CD41B;CD41;PPP1R93;BDPLT16;GP2B;GT;HPA3;BDPLT2;ITGA2B;GTA,N,N,N,N,N,N,N,N,N,N,N,N,N,N,N,N,N,N,N,N,N,N,N,N,N,N,N,N,N,N,N,N
VL3A;ILNEB;MSK18;CD49C;GAPB3;VCA-2;VLA3a;ITGA3;GAP-B3;FRP-2,N,N,N,N,N,N,N,N,N,N,N,N,N,N,N,N,N,N,N,N,N,N,N,N,N,N,N,N,N,N,N,N
CD49D;ITGA4;IA4,N,N,N,N,N,N,N,N,N,N,N,N,N,N,N,N,N,N,N,N,N,N,N,N,N,N,N,N,N,N,N,N
FNRA;CD49e;ITGA5;VLA-5;VLA5A,N,N,N,N,N,N,N,N,N,N,N,N,N,N,N,N,N,N,N,N,N,N,N,N,N,N,N,N,N,N,N,N
ITGA7,N,N,N,N,N,N,N,N,N,N,N,N,N,N,N,N,N,N,N,N,N,N,N,N,N,N,N,N,N,N,N,N
ITGA4L;ALPHA-RLC;RLC;ITGA9,N,N,N,N,N,N,N,N,N,N,N,N,N,N,N,N,N,N,N,N,N,N,N,N,N,N,N,N,N,N,N,N
ADB2;ITGAD;CD11D,N,N,N,N,N,N,N,N,N,N,A,N,N,N,N,N,N,N,N,A,A,N,A,A,N,A,A,N,N,N,A,N
ITGAE;CD103;HUMINAE,N,N,N,N,N,N,N,N,N,N,A,N,N,N,N,N,N,N,N,A,A,N,A,A,N,A,A,N,N,N,A,N
CD11A;LFA-1;ITGAL;LFA1A,N,N,N,N,N,N,N,N,N,N,A,N,N,N,N,N,N,N,N,A,A,N,A,A,N,A,A,N,N,N,A,N
CR3A;MO1A;ITGAM;MAC1A;CD11B;MAC-1;SLEB6,N,N,N,N,N,N,N,N,N,N,A,N,N,N,N,N,N,N,N,A,A,N,A,A,N,A,A,N,N,N,A,N
CD51;VTNR;ITGAV;MSK8;VNRA,N,N,N,N,N,N,N,N,N,N,N,N,N,N,N,N,N,N,N,N,N,N,N,N,N,N,N,N,N,N,N,N
ITGAX;CD11C;SLEB6,N,N,N,N,N,N,N,N,N,N,A,N,N,N,N,N,N,N,N,A,A,N,A,A,N,A,A,N,N,N,A,N
FNRB;VLAB;ITGB1;MSK12;MDF2;GPIIA;VLA-BETA;CD29,A,A,N,A,N,A,N,N,A,N,A,A,A,A,N,N,N,N,N,N,A,A,N,N,N,A,N,N,N,A,A,A
LCAMB;LAD;LFA-1;CD18;MF17;MFI7;MAC-1;ITGB2,A,A,N,A,N,A,N,N,A,N,A,A,A,A,N,N,N,N,N,N,A,A,N,N,N,A,N,N,N,A,A,A
GPIIIa;ITGB3;CD61;BDPLT16;GT;BDPLT2;GP3A,A,A,N,A,N,A,N,N,A,N,A,A,A,A,N,N,N,N,N,N,A,A,N,N,N,A,N,N,N,A,A,A
GP150;CD104;ITGB4,A,A,A,A,N,A,A,N,A,N,A,A,A,A,N,N,N,N,N,N,A,A,N,A,N,A,N,N,N,A,A,A
ITGB5,A,A,N,A,N,A,N,N,A,N,A,A,A,A,N,N,N,N,N,N,A,A,N,N,N,A,N,N,N,A,A,A
AI1H;ITGB6,A,A,N,A,N,A,N,N,A,N,A,A,A,A,N,N,N,N,N,N,A,A,N,N,N,A,N,N,N,A,A,A
ITGB7,A,A,N,A,N,A,N,N,A,N,A,A,A,A,N,N,N,N,N,N,A,A,N,N,N,A,N,N,N,A,A,A
ITGB8,A,A,N,A,N,A,N,N,A,N,A,A,A,A,N,N,N,N,N,N,A,A,N,N,N,A,N,N,N,A,A,A
PRO827;ITGA10,N,N,N,N,N,N,N,N,N,N,A,N,N,N,N,N,N,N,N,A,A,N,A,A,N,A,A,N,N,N,A,N
ITGA8,N,N,N,N,N,N,N,N,N,N,N,N,N,N,N,N,N,N,N,N,N,N,N,N,N,N,N,N,N,N,N,N
FNZ;MSF;FN1;GFND;LETS;CIG;GFND2;ED-B;FN;FINC,N,A,N,A,N,A,N,N,A,N,A,A,A,A,N,A,N,A,N,N,A,A,A,A,N,A,N,N,N,N,A,A
RRAS2;TC21,C,C,C,C,C,C,C,C,C,C,C,C,C,C,C,C,C,C,C,C,C,C,C,C,C,C,C,C,C,C,C,C
M-RAs;RRAS3;MRAS;R-RAS3,C,C,C,C,C,C,C,C,C,C,C,C,C,C,C,C,C,C,C,C,C,C,C,C,C,C,C,C,C,C,C,C
RASH1;CTLO;HAMSV;HRAS;p21ras;C-HA-RAS1;HRAS1;C-BAS/HAS;H-RASIDX;C-H-RAS,C,C,C,C,C,C,C,C,C,C,C,C,C,C,C,C,C,C,C,C,C,C,C,C,C,C,C,C,C,C,C,C
K-RAS4A;K-RAS2B;KI-RAS;KRAS;KRAS1;K-RAS4B;c-Ki-ras2;NS3;KRAS2;NS;K-Ras;RALD;K-RAS2A;CFC2;C-K-RAS;RASK2,C,C,C,C,C,C,C,C,C,C,C,C,C,C,C,C,C,C,C,C,C,C,C,C,C,C,C,C,C,C,C,C
CMNS;NCMS;NS6;ALPS4;NRAS1;N-ras;NRAS,C,C,C,C,C,C,C,C,C,C,C,C,C,C,C,C,C,C,C,C,C,C,C,C,C,C,C,C,C,C,C,C
R-Ras;RRAS,C,C,C,C,C,C,C,C,C,C,C,C,C,C,C,C,C,C,C,C,C,C,C,C,C,C,C,C,C,C,C,C
GNA13;G13,N,N,N,N,N,N,N,N,N,N,N,N,N,N,N,N,N,N,N,N,N,N,N,N,N,N,N,N,N,N,N,N
NNX3;gep;RMP;GNA12,N,N,N,N,N,N,N,N,N,N,N,N,N,N,N,N,N,N,N,N,N,N,N,N,N,N,N,N,N,N,N,N
SOS1;GGF1;HGF;NS4;GINGF;GF1,A,A,A,A,A,A,A,A,A,N,A,A,A,A,A,A,A,A,A,A,A,A,A,A,A,A,A,A,A,A,A,A
SOS2;SOS-2;NS9,A,A,A,A,A,A,A,A,A,N,A,A,A,A,A,A,A,A,A,A,A,A,A,A,A,A,A,A,A,A,A,A
NISBD2;HER1;ERBB;PIG61;EGFR;ERBB1;mENA,B,B,B,B,B,B,B,B,B,B,B,B,B,B,B,B,B,B,B,B,B,B,B,B,B,B,B,B,B,B,B,B
HRTFDS;ECCL;FLT2;CEK;KAL2;BFGFR;N-SAM;OGD;FGFR1;FLG;HH2;FGFR-1;bFGF-R-1;CD331;HBGFR;FLT-2;FGFBR,B,B,B,B,B,B,B,B,B,N,B,B,B,B,B,B,B,B,B,B,B,B,B,B,B,B,B,B,B,B,B,B
FGFR3;CEK2;CD333;JTK4;HSFGFR3EX;ACH,B,B,B,B,B,B,B,B,B,N,B,B,B,B,B,B,B,B,B,B,B,B,B,B,B,B,B,B,B,B,B,B
FGFR2;CEK3;K-SAM;CD332;BFR-1;BBDS;ECT1;JWS;KGFR;TK14;TK25;BEK;CFD1,B,B,B,B,B,B,B,B,B,N,B,B,B,B,B,B,B,B,B,B,B,B,B,B,B,B,B,B,B,B,B,B
TKF;CD334;FGFR4;JTK2,B,B,B,B,B,B,B,B,B,N,B,B,B,B,B,B,B,B,B,B,B,B,B,B,B,B,B,B,B,B,B,B
INSRR;IRR,B,B,B,B,B,B,B,B,B,N,B,B,B,B,B,B,B,B,B,B,B,B,B,B,B,B,B,B,B,B,B,B
PDGFR2;CD140A;PDGFRA;PDGFR-2,B,B,B,B,B,B,B,B,B,N,B,B,B,B,B,B,B,B,B,B,B,B,B,B,B,B,B,B,B,B,B,B
PDGFR;PENTT;JTK12;PDGFR-1;PDGFR1;CD140B;IBGC4;PDGFRB;IMF1;KOGS,B,B,B,B,B,B,B,B,B,N,B,B,B,B,B,B,B,B,B,B,B,B,B,B,B,B,B,B,B,B,B,B
EGF;HOMG4;URG,N,A,A,A,N,N,N,A,A,N,A,A,N,A,N,A,A,A,N,A,A,A,A,A,N,A,A,N,A,N,A,A
GLIO703;FGFA;HBGF1;ECGFB;FGF-1;FGF1;FGF-alpha;ECGFA;ECGF;HBGF-1;ECGF-beta;AFGF,N,N,N,N,N,N,N,N,N,N,N,N,N,N,N,N,N,N,N,N,N,N,N,N,N,N,N,N,N,N,N,N
FGFB;BFGF;FGF2;FGF-2;HBGF-2,N,N,N,N,N,N,N,N,N,N,N,N,N,N,N,N,N,N,N,N,N,N,N,N,N,N,N,N,N,N,N,N
HBGF-3;FGF3;INT2,N,N,N,N,N,N,N,N,N,N,N,N,N,N,N,N,N,N,N,N,N,N,N,N,N,N,N,N,N,N,N,N
KFGF;K-FGF;FGF-4;HBGF-4;HST;HSTF-1;HSTF1;FGF4;HST-1,N,N,N,N,N,N,N,N,N,N,N,N,N,N,N,N,N,N,N,N,N,N,N,N,N,N,N,N,N,N,N,N
Smag-82;HBGF-5;FGF5;TCMGLY,N,N,N,N,N,N,N,N,N,N,N,N,N,N,N,N,N,N,N,N,N,N,N,N,N,N,N,N,N,N,N,N
FGF6;HBGF-6;HST2,N,N,N,N,N,N,N,N,N,N,N,N,N,N,N,N,N,N,N,N,N,N,N,N,N,N,N,N,N,N,N,N
HBGF-7;FGF7;KGF,N,N,N,N,N,N,N,N,N,N,N,N,N,N,N,N,N,N,N,N,N,N,N,N,N,N,N,N,N,N,N,N
FGF8;HBGF-8;AIGF;KAL6;HH6;FGF-8,N,N,N,N,N,N,N,N,N,N,N,N,N,N,N,N,N,N,N,N,N,N,N,N,N,N,N,N,N,N,N,N
FGF-9;HBFG-9;HBGF-9;GAF;SYNS3;FGF9,N,N,N,N,N,N,N,N,N,N,N,N,N,N,N,N,N,N,N,N,N,N,N,N,N,N,N,N,N,N,N,N
FGF10,N,N,N,N,N,N,N,N,N,N,N,N,N,N,N,N,N,N,N,N,N,N,N,N,N,N,N,N,N,N,N,N
FGF-11;FHF-3;FGF11;FHF3,N,N,N,N,N,N,N,N,N,N,N,N,N,N,N,N,N,N,N,N,N,N,N,N,N,N,N,N,N,N,N,N
FGF12;FGF12B;EIEE47;FHF1,N,N,N,N,N,N,N,N,N,N,N,N,N,N,N,N,N,N,N,N,N,N,N,N,N,N,N,N,N,N,N,N
FHF-2;FGF2;FGF-13;FHF2;FGF13,N,N,N,N,N,N,N,N,N,N,N,N,N,N,N,N,N,N,N,N,N,N,N,N,N,N,N,N,N,N,N,N
FHF4;SCA27;FGF14;FHF-4;FGF-14,N,N,N,N,N,N,N,N,N,N,N,N,N,N,N,N,N,N,N,N,N,N,N,N,N,N,N,N,N,N,N,N
RHDA2;FGF20;FGF-20,N,N,N,N,N,N,N,N,N,N,N,N,N,N,N,N,N,N,N,N,N,N,N,N,N,N,N,N,N,N,N,N
FGF21,N,N,N,N,N,N,N,N,N,N,N,N,N,N,N,N,N,N,N,N,N,N,N,N,N,N,N,N,N,N,N,N
FGF22,N,N,N,N,N,N,N,N,N,N,N,N,N,N,N,N,N,N,N,N,N,N,N,N,N,N,N,N,N,N,N,N
PDGF1;PDGF-A;PDGFA,N,N,N,N,N,N,N,N,N,N,N,N,N,N,N,N,N,N,N,N,N,N,N,N,N,N,N,N,N,N,N,N
IBGC5;PDGF-2;SIS;SSV;PDGFB;c-sis;PDGF2,N,N,N,N,N,N,N,N,N,N,N,N,N,N,N,N,N,N,N,N,N,N,N,N,N,N,N,N,N,N,N,N
PDGFC;FALLOTEIN;SCDGF,N,N,N,N,N,N,N,N,N,N,N,N,N,N,N,N,N,N,N,N,N,N,N,N,N,N,N,N,N,N,N,N
IEGF;SCDGF-B;PDGFD;SCDGFB;MSTP036,N,N,N,N,N,N,N,N,N,N,N,N,N,N,N,N,N,N,N,N,N,N,N,N,N,N,N,N,N,N,N,N
HPDR2;PHPTC;FGFN;HYPF;ADHR;FGF23,N,N,N,N,N,N,N,N,N,N,N,N,N,N,N,N,N,N,N,N,N,N,N,N,N,N,N,N,N,N,N,N
ZFGF5;FGF18;FGF-18,N,N,N,N,N,N,N,N,N,N,N,N,N,N,N,N,N,N,N,N,N,N,N,N,N,N,N,N,N,N,N,N
HH20;FGF-17;FGF17;FGF-13,N,N,N,N,N,N,N,N,N,N,N,N,N,N,N,N,N,N,N,N,N,N,N,N,N,N,N,N,N,N,N,N
FGF16;MF4;FGF-16,N,N,N,N,N,N,N,N,N,N,N,N,N,N,N,N,N,N,N,N,N,N,N,N,N,N,N,N,N,N,N,N
FGF19,N,N,N,N,N,N,N,N,N,N,N,N,N,N,N,N,N,N,N,N,N,N,N,N,N,N,N,N,N,N,N,N
IDDM;MODY10;ILPR;INS;IDDM1;IRDN;IDDM2,N,N,N,N,N,N,N,N,N,N,N,N,N,N,N,N,N,N,N,N,N,N,N,N,N,N,N,N,N,N,N,N
F2R;HTR;PAR1;TR;CF2R;PAR-1,N,N,N,N,N,N,N,N,N,N,N,N,N,N,N,N,N,N,N,N,N,N,N,N,N,N,N,N,N,N,N,N
CD14,N,N,N,N,N,N,N,N,N,N,N,N,N,N,N,N,N,N,N,N,N,N,N,N,N,N,N,N,N,N,N,N
PS1TP5BP1;BRWS1;ACTB,D,D,D,D,D,D,D,D,D,N,D,D,D,D,D,D,D,D,D,D,D,D,D,D,N,D,D,D,D,D,D,D
ACT;ACTG;DFNA20;ACTG1;DFNA26;HEL-176,D,D,D,D,D,D,D,D,D,N,D,D,D,D,D,D,D,D,D,D,D,D,D,D,N,D,D,D,D,D,D,D
NMMHC-IIA;NMMHCA;BDPLT6;DFNA17;MYH9;FTNS;MHA;EPSTS;NMHC-II-A,A,A,A,A,A,A,A,A,A,N,A,A,A,A,A,A,A,A,A,A,A,A,A,A,A,A,A,A,A,A,A,A
MYH10;NMMHCB;NMMHC-IIB,A,A,A,A,A,A,A,A,A,N,A,A,A,A,A,A,A,A,A,A,A,A,A,A,A,A,A,A,A,A,A,A
MYH17;PNMHH;DFNA4;MHC16;NMHC-II-C;NMHC_II-C;MYH14;DFNA4A;myosin;FP17425,A,A,A,A,A,A,A,A,A,N,A,A,A,A,A,A,A,A,A,A,A,A,A,A,A,A,A,A,A,A,A,A
