TOP3;EDR1,N,N,A,N,A,A,N,N,A,N,N,N,N,N,A,N,A,N,A,N,N,N,N,N,N,N,N,N,N,N,A,N
SGS1,D,D,D,D,D,D,D,D,D,D,D,D,D,D,D,D,D,D,D,D,D,D,D,D,D,D,D,D,D,D,D,D
DSS1;SEM1;HOD1,N,N,N,N,N,N,N,N,N,N,N,N,N,N,N,N,N,N,N,N,N,N,N,N,N,N,N,N,N,N,N,N
RAD52,N,A,N,A,N,N,N,N,N,N,A,A,N,A,N,N,N,N,A,N,N,A,N,A,A,N,N,N,A,N,A,N
MRE11;RAD58;NGS1;XRS4,N,N,N,N,N,N,N,N,N,N,N,N,N,N,N,N,N,N,N,N,N,N,N,N,N,N,N,N,N,N,N,N
RAD50,N,N,D,D,N,N,N,N,N,N,N,N,N,N,N,N,D,N,D,N,N,N,N,N,N,N,N,N,N,N,D,N
RAD57,A,N,N,N,N,N,N,N,A,N,N,N,N,N,N,N,N,A,N,N,N,N,N,N,A,N,N,N,N,N,A,N
MUS81;SLX3,A,A,N,N,A,N,A,N,A,N,A,N,N,A,N,N,A,N,N,N,A,N,N,N,N,N,N,N,N,N,A,N
RPA1;RPA70;FUN3;BUF2;RFA1,N,N,D,N,N,N,D,D,D,N,D,N,D,D,N,N,N,N,N,N,N,N,D,D,N,N,N,N,D,D,D,D
RFA2;RPA32;BUF1;RPA2,A,N,N,N,N,N,N,N,N,N,A,A,A,A,N,N,A,N,A,N,N,N,A,A,N,A,N,N,A,N,A,N
RAD51;MUT5,A,N,N,N,N,N,N,N,A,N,N,N,N,N,N,N,N,A,N,N,N,N,N,N,A,N,N,N,N,N,A,N
XRS2,N,N,N,N,N,N,N,N,N,N,N,N,N,N,N,N,N,N,N,N,N,N,N,N,N,N,N,N,N,N,N,N
RAD59,N,A,N,A,N,N,N,N,N,N,A,A,N,A,N,N,N,N,A,N,N,A,N,A,A,N,N,N,A,N,A,N
TID1;RDH54,D,D,D,D,D,D,D,D,D,N,D,D,D,D,D,D,D,D,D,D,D,D,D,D,D,D,D,D,D,D,D,D
XRS1;RAD54,D,D,D,D,D,D,D,D,D,N,D,D,D,D,D,D,D,D,D,D,D,D,D,D,D,D,D,D,D,D,D,D
HPR6;TEX1;POL3;CDC2,N,A,N,A,N,N,A,N,A,N,A,A,A,N,N,N,N,N,N,A,N,N,N,N,N,N,N,N,N,N,A,A
POL31;SDP5;HYS2;HUS2,N,N,N,N,A,N,N,A,N,N,A,N,N,A,N,A,N,A,A,N,N,N,A,N,N,A,A,A,N,A,A,N
REV5;POL32,N,N,N,N,N,N,N,N,N,N,N,N,N,N,N,N,N,N,N,N,N,N,N,N,N,N,N,N,N,N,N,N
RAD55,N,N,N,N,N,N,N,N,N,N,N,N,N,N,N,N,N,N,N,N,N,N,N,N,N,N,N,N,N,N,N,N
TEL1,A,A,A,A,A,A,A,A,A,A,A,A,A,A,A,A,A,A,A,A,A,A,A,A,A,A,A,A,A,A,A,A
