NAPP2;Pex14p;PBD13A;PEX14;dJ734G22.2,A,N,N,N,N,N,N,N,A,N,N,N,N,N,N,N,N,N,A,A,N,N,N,A,N,N,N,N,N,N,A,A
PEX2;PBD5A;PXMP3;PAF1;PMP35;ZWS3;PMP3;RNF72;PBD5B,N,B,B,N,N,B,B,B,B,N,B,B,N,N,B,B,N,N,B,N,B,N,B,B,B,N,N,N,N,B,B,N
ZWS1;PBD1A;PBD1B;ZWS;PEX1;HMLR1,D,D,D,D,D,D,D,D,D,D,D,D,D,D,D,D,D,D,D,D,D,D,D,D,D,D,D,D,D,D,D,D
PEX6;PXAAA1;HMLR2;PAF2;PBD4A;PDB4B;PAF-2,D,D,D,D,D,D,D,D,D,D,D,D,D,D,D,D,D,D,D,D,D,D,D,D,D,D,D,D,D,D,D,D
PBD7A;PEX26M1T;PBD7B;PEX26;Pex26pM1T,N,N,N,N,N,N,N,N,N,N,N,N,N,N,N,N,N,N,N,N,N,N,N,N,N,N,N,N,N,N,N,N
PBD11B;PEX13;PBD11A;NALD;ZWS,A,A,A,N,N,N,N,N,A,N,A,N,A,A,A,N,N,N,A,A,A,A,A,A,A,A,A,A,A,A,A,A
PBD6B;PBD6A;RNF69;PEX10;NALD,A,A,A,A,A,A,N,A,A,N,A,A,N,A,A,A,A,A,A,A,A,A,A,A,A,A,A,A,A,A,A,A
PBD3A;PEX12;PAF-3,A,A,A,N,A,A,A,A,A,N,N,A,N,A,A,A,N,N,N,A,A,N,N,A,N,A,A,N,N,A,N,N
PXR2B;PEX5L;PEX5R;PEX5RP;PXR2;TRIP8b,N,N,N,N,N,N,N,N,N,N,N,N,N,N,N,N,N,N,N,N,N,N,N,N,N,N,N,N,N,N,N,N
PXR1;PBD2B;PTS1-BP;PEX5;PBD2A;PTS1R;RCDP5,N,N,N,N,N,N,N,N,N,N,N,N,N,N,N,N,N,N,N,N,N,N,N,N,N,N,N,N,N,N,N,N
RCDP1;PTS2R;PEX7;RD;PBD9B,A,A,A,A,A,A,A,A,A,A,A,A,A,A,A,A,A,A,A,A,A,A,A,A,A,A,A,A,A,A,A,A
PEX19;D1S2223E;PBD12A;HK33;PMPI;PXMP1;PXF;PMP1,N,N,N,N,N,N,N,N,N,N,N,N,N,N,N,N,N,N,N,N,N,N,N,N,N,N,N,N,N,N,N,N
PEX11B;PEX11-BETA;PEX14B,N,N,N,N,N,N,N,A,N,N,A,N,N,A,N,N,N,N,N,N,N,N,N,N,N,N,N,N,N,N,N,A
PEX11-ALPHA;PMP28;hsPEX11p;PEX11A,N,N,N,N,N,N,N,A,N,N,A,N,N,A,N,N,N,N,N,N,N,N,N,N,N,N,N,N,N,N,N,A
PEX11G,N,N,N,N,N,N,N,N,N,N,N,N,N,N,N,N,N,N,N,N,N,N,N,N,N,N,N,N,N,N,N,N
PEX16;PBD8B;PBD8A,N,N,N,N,N,N,N,N,N,N,N,N,N,N,N,N,N,N,N,N,N,N,N,N,N,N,N,N,N,N,N,N
TRG18;PBD10B;PBD10A;PEX3,A,N,A,N,N,N,N,N,N,N,A,N,N,N,N,N,N,N,N,A,N,N,N,N,N,N,N,N,N,N,A,A
CBAS5;PMP70;PXMP1;ABCD3;ZWS2;ABC43,D,D,D,D,D,D,D,N,D,N,D,N,D,N,D,N,D,D,N,N,N,N,D,D,N,N,N,N,D,N,D,N
DAPAT;DAP-AT;GNPAT;RCDP2;DHAPAT,N,N,N,N,N,N,N,N,N,N,N,N,N,N,N,N,N,N,N,N,N,N,N,N,N,N,N,N,N,N,N,N
RCDP3;ADAS;AGPS;ADPS;ALDHPSY;ADHAPS;ADAP-S,A,N,A,N,A,N,N,N,A,N,A,N,N,N,N,N,N,N,N,N,N,N,N,N,N,N,N,N,N,N,N,N
PHYH1;LN1;PHYH;RD;LNAP1;PAHX,A,N,N,N,A,N,N,N,N,N,N,N,N,A,N,N,N,N,N,N,A,N,N,N,N,N,N,N,N,N,N,N
ACAA;THIO;ACAA1;PTHIO,N,N,N,N,N,N,N,N,N,N,N,N,N,N,N,N,N,N,N,N,N,N,N,N,N,N,N,N,N,N,N,N
ACOX1;ACOX;PALMCOX;SCOX,N,N,N,N,N,N,N,A,N,N,A,N,N,N,N,N,N,N,A,N,A,N,N,N,N,N,N,N,N,N,N,N
BRCOX;CBAS6;BRCACOX;THCCox;BCOX;ACOX2,N,N,N,N,N,N,N,A,N,N,A,N,N,N,N,N,N,N,A,N,A,N,N,N,N,N,N,N,N,N,N,N
ACOX3,N,N,N,N,N,N,N,A,N,N,A,N,N,N,N,N,N,N,A,N,A,N,N,N,N,N,N,N,N,N,N,N
SDR8C1;MFE-2;HSD17B4;PRLTS1;DBP;MPF-2,B,N,B,N,N,N,B,B,B,N,B,B,B,B,N,N,B,N,B,B,N,N,B,N,B,B,N,N,N,B,B,B
CAT,B,N,B,N,N,B,B,N,B,N,B,N,N,N,N,N,N,N,B,N,N,N,N,N,B,N,N,N,N,N,N,N
NSL-TP;SCP-2;SCP-CHI;SCP-X;SCPX;SCP2;NLTP,N,N,N,N,N,N,N,A,N,N,A,N,N,N,N,N,A,N,N,N,N,N,N,N,N,N,N,N,N,A,N,N
PIPOX;LPIPOX,N,N,N,N,N,N,N,N,N,N,N,N,N,N,N,N,N,N,N,N,N,N,N,N,N,N,N,N,N,N,N,N
TLH6;AGXT1;AGXT;SPT;AGT;AGT1;SPAT;PH1,N,N,N,A,N,N,N,N,A,N,N,A,N,N,N,N,N,N,A,N,N,N,N,A,A,N,N,N,N,A,A,N
AMACRD;P504S;RACE;AMACR;RM;CBAS4,N,N,N,N,N,N,N,N,N,N,N,N,N,N,N,N,N,N,N,N,N,N,N,N,N,N,N,N,N,N,N,N
LRBP;MK;MVK;MVLK;POROK3,N,A,N,N,N,N,A,N,N,N,N,A,N,A,A,A,A,N,N,N,A,N,N,A,N,N,A,N,N,N,A,N
ECH1;HPXEL,B,N,B,N,B,B,B,B,B,N,B,B,B,N,B,N,B,B,B,N,B,N,B,N,N,B,N,B,B,N,B,B
PAO;PAOX,A,A,N,N,N,N,N,A,N,N,A,N,A,A,N,N,N,N,N,N,A,N,N,N,N,N,N,N,N,N,A,N
PMKASE;PMVK;PMKA;PMK;POROK1;HUMPMKI,N,N,N,N,N,N,N,N,N,N,N,N,N,N,N,N,N,N,N,N,N,N,N,N,N,N,N,N,N,N,N,N
CROT;COT,N,N,A,N,A,N,N,N,N,N,A,A,N,N,N,N,N,A,N,N,N,N,N,N,A,A,N,N,A,N,A,N
BAAT;BAT;BACAT,N,N,N,N,N,N,N,N,N,N,N,N,N,N,N,N,N,N,N,N,N,N,N,N,N,N,N,N,N,N,N,N
HL;HMGCL,N,N,N,N,N,N,N,N,N,N,N,N,N,N,N,N,N,N,N,N,N,N,N,N,N,N,N,N,N,N,N,N
er-cHL;bA418P12.1;HMGCLL1,N,N,N,N,N,N,N,N,N,N,N,N,N,N,N,N,N,N,N,N,N,N,N,N,N,N,N,N,N,N,N,N
CRAT;CAT1;CAT,N,N,A,N,A,N,N,N,N,N,A,A,N,N,N,N,N,A,N,N,N,N,N,N,A,A,N,N,A,N,A,N
DAO;OXDA;DAMOX;DAAO,N,N,N,N,N,N,N,N,N,N,N,N,N,N,N,N,N,N,N,N,N,N,N,N,N,N,N,N,N,N,N,N
DDO-1;DDO;DASOX;DDO-2,N,N,N,N,N,N,N,N,N,N,N,N,N,N,N,N,N,N,N,N,N,N,N,N,N,N,N,N,N,N,N,N
SCAD-SRL;SDR25C1;PSCD;SDR25C2;CR;NRDR;SDR-SRL;PHCR;DHRS4,B,B,B,B,B,B,B,B,B,N,B,B,B,B,N,N,B,N,B,B,B,B,B,B,B,B,B,B,N,B,B,B
SDR25C4;DHRS4L1,N,N,B,N,N,N,B,N,N,N,B,N,B,B,N,N,N,N,N,N,N,N,N,N,N,B,N,N,N,N,B,B
MLYCD;MCD,N,N,N,N,N,N,N,N,N,N,N,N,N,N,N,N,N,N,N,N,N,N,N,N,N,N,N,N,N,N,N,N
HACL1;2-HPCL;PHYH2;HPCL2;HPCL,N,N,N,N,N,N,N,N,N,N,N,N,N,N,N,N,N,N,N,N,N,N,N,N,N,N,N,N,N,N,N,N
L-PBE;PBFE;LBP;ECHD;EHHADH;FRTS3;LBFP,B,N,B,N,N,N,B,N,B,N,B,N,N,N,B,N,B,B,B,N,B,N,B,N,N,B,N,B,B,N,B,B
TERP;PECR;DCRRP;SDR29C1;HSA250303;HPDHASE;PVIARL,B,B,B,B,B,B,B,B,B,N,B,B,B,B,N,N,B,N,B,B,B,B,B,B,B,B,B,B,N,B,B,B
PECI;dJ1013A10.3;HCA88;DRS-1;ECI2;ACBD2;DRS1,B,N,B,N,B,B,B,B,B,N,B,B,B,B,B,B,B,B,B,B,B,N,B,B,N,B,B,B,B,N,B,B
NUDT12,A,N,N,N,N,A,N,N,N,N,A,N,A,N,N,N,N,N,N,N,N,A,N,N,N,N,N,N,N,N,N,N
PTE-1;NAP1;ACOT8;PTE1;PTE-2;hACTE-III;hTE;PTE2;HNAACTE,N,N,A,N,N,N,N,N,N,N,A,N,N,N,N,N,A,N,N,N,A,N,N,N,A,N,N,N,N,N,N,N
NUDT19;RP2,N,N,N,N,N,N,N,N,N,N,N,N,N,N,N,N,N,N,N,N,N,N,N,N,N,N,N,N,N,N,N,N
DECR2;SDR17C1;PDCR,N,N,B,N,N,N,B,B,B,N,B,N,B,B,N,N,B,N,B,N,N,N,N,N,B,B,N,N,N,B,B,B
ABCD1;ABC42;ALD;ALDP;AMN,N,D,D,D,N,D,N,N,D,N,D,N,D,N,D,N,D,D,N,N,N,N,D,D,N,N,N,N,D,N,D,N
ALDR;ABC39;ALDL1;ALDRP;hALDR;ABCD2,N,D,D,D,N,D,N,N,D,N,D,N,D,N,D,N,D,D,N,N,N,N,D,D,N,N,N,N,D,N,D,N
MAHCJ;P70R;ABCD4;PXMP1L;PMP69;EST352188;P79R;ABC41,D,D,D,D,D,D,N,N,D,N,D,N,D,D,D,N,D,D,N,N,N,N,D,D,N,N,D,N,D,N,D,N
LACS2;FACL2;LACS1;ACS1;ACSL1;LACS;FACL1,D,D,D,N,D,D,N,N,D,N,D,D,N,D,D,D,D,D,D,D,D,N,D,D,D,D,D,D,N,N,D,D
PRO2194;LACS_3;LACS3;ACS3;ACSL3;FACL3,D,D,D,N,D,D,N,N,D,N,D,D,N,D,D,D,D,D,D,D,D,N,D,D,D,D,D,D,N,N,D,D
FACL4;ACSL4;MRX68;ACS4;MRX63;LACS4,D,D,D,N,D,D,N,N,D,N,D,D,N,D,D,D,D,D,D,D,D,N,D,D,D,D,D,D,N,N,D,D
LACS_6;ACSL6;LACS2;ACS2;FACL6;LACS5,D,D,D,N,D,D,N,N,D,N,D,D,N,D,D,D,D,D,D,D,D,N,D,D,D,D,D,D,N,N,D,D
ACS5;ACS2;FACL5;ACSL5,D,D,D,N,D,D,N,N,D,N,D,D,N,D,D,D,D,D,D,D,D,N,D,D,D,D,D,D,N,N,D,D
FACVL1;VLACS;hFACVL1;SLC27A2;VLCS;HsT17226;FATP2;ACSVL1,N,D,D,N,D,D,N,N,D,N,D,D,N,D,N,N,N,N,N,D,N,N,D,D,D,D,D,D,N,N,N,D
IDCD;IDH1;IDPC;IDP;HEL-216;HEL-S-26;IDH;PICD,A,N,N,N,N,N,N,N,A,N,N,N,N,N,N,A,A,N,N,N,N,N,A,N,N,N,N,N,N,N,A,N
D2HGA2;mNADP-IDH;IDH2;IDP;IDHM;IDPM;IDH;ICD-M,A,N,N,N,N,N,N,N,A,N,N,N,N,N,N,A,A,N,N,N,N,N,A,N,N,N,N,N,N,N,A,N
HAOX2;GIG16;HAO2,N,N,N,N,N,N,N,N,N,N,N,N,N,N,N,N,N,N,N,N,N,N,N,N,N,N,N,N,N,N,N,N
GOX;HAO1;HAOX1;GOX1,N,N,N,N,N,N,N,N,N,N,N,N,N,N,N,N,N,N,N,N,N,N,N,N,N,N,N,N,N,N,N,N
XOR;XAN1;XO;XDH,N,N,N,N,N,N,N,N,N,N,N,N,N,N,N,N,N,N,N,N,N,N,N,N,N,N,N,N,N,N,N,N
SDR10E2;HEL-S-81;FAR2;MLSTD1,N,N,N,N,N,N,N,N,N,N,N,N,N,N,N,N,N,N,N,N,N,N,N,N,N,N,N,N,N,N,N,N
SDR10E1;PFCRD;MLSTD2;FAR1,N,N,N,N,N,N,N,N,N,N,N,N,N,N,N,N,N,N,N,N,N,N,N,N,N,N,N,N,N,N,N,N
PMP20;PRDX6;HEL-S-55;PRDX5;PRXV;prx-V;AOEB166;PLP;SBBI10;ACR1;B166,N,A,A,N,N,N,A,A,A,N,A,N,A,A,N,A,A,N,N,A,A,N,N,N,A,N,N,A,N,N,N,A
IPOA;homodimer;HEL-S-44;SOD1;hSod1;ALS;ALS1;SOD,N,N,N,N,N,N,N,N,N,N,N,N,N,N,N,N,N,N,N,N,N,N,N,N,N,N,N,N,N,N,N,N
MNSOD;SOD2;MVCD6;IPOB;Mn-SOD;IPO-B,N,N,N,N,N,N,N,N,N,N,N,N,N,N,N,N,N,N,N,N,N,N,N,N,N,N,N,N,N,N,N,N
hGSTK1;GST;GST13-13;GST_13-13;GSTK1;GSTK1-1;GST13,N,N,N,N,N,N,N,N,N,N,N,N,N,N,N,N,N,N,N,N,N,N,N,N,N,N,N,N,N,N,N,N
EPHX2;CEH;SEH,N,N,N,N,N,N,N,A,N,N,A,N,N,N,N,A,N,N,N,N,N,N,N,N,N,N,N,A,N,N,N,N
NOS2A;NOS;HEP-NOS;NOS2;INOS,A,A,A,N,A,N,N,A,N,N,A,N,A,A,A,N,A,A,N,N,N,A,N,N,N,N,N,N,A,N,A,N
PAGA;TDPX2;PRDX1;NKEF-A;MSP23;PAG;PRX1;PAGB;PRXI;NKEFA,N,N,N,N,N,N,N,A,N,N,A,N,N,N,A,N,A,N,N,N,N,A,N,N,N,N,N,N,A,N,N,N
PXMP2;PMP22,A,N,N,N,N,A,N,A,N,N,A,N,A,N,N,N,N,N,N,N,N,N,N,N,N,N,N,N,N,N,N,N
MPV17L1;MPV17L;MLPH2;MLPH1;M-LPH,A,N,N,N,N,A,N,A,N,N,A,N,A,N,N,N,N,N,N,N,N,N,N,N,N,N,N,N,N,N,N,N
MTDPS6;MPV17;SYM1,A,N,N,N,N,A,N,A,N,N,A,N,A,N,N,N,N,N,N,N,N,N,N,N,N,N,N,N,N,N,N,N
FKSG24;MPV17L2,A,N,N,N,N,A,N,A,N,N,A,N,A,N,N,N,N,N,N,N,N,N,N,N,N,N,N,N,N,N,N,N
PMP24;PXMP4,A,N,N,N,A,N,N,A,A,N,N,A,N,N,A,N,N,N,A,N,N,N,A,N,N,A,N,N,N,A,A,N
SLC25A17;PMP34,A,A,A,N,A,A,A,A,A,N,A,A,A,A,A,A,A,A,A,A,A,A,A,A,A,A,A,A,A,A,A,A
NUDT7,N,N,N,N,N,N,N,N,N,N,N,N,N,N,N,N,N,N,N,N,N,N,N,N,N,N,N,N,N,N,N,N
