PEX14,A,N,N,N,N,N,N,N,A,N,N,N,N,N,N,N,N,N,A,A,N,N,N,A,N,N,N,N,N,N,A,A
PAS5;PEX2;CRT1,N,A,N,N,N,N,N,A,N,N,N,A,N,N,N,A,N,N,A,N,A,N,A,A,A,N,N,N,N,A,A,N
PAS1;PEX1,D,D,D,D,D,D,D,D,D,D,D,D,D,D,D,D,D,D,D,D,D,D,D,D,D,D,D,D,D,D,D,D
PEX6;PAS8,D,D,D,D,D,D,D,D,D,D,D,D,D,D,D,D,D,D,D,D,D,D,D,D,D,D,D,D,D,D,D,D
PAS20;PEX13,A,A,A,N,N,N,N,N,A,N,A,N,A,A,A,N,N,N,A,A,A,A,A,A,A,A,A,A,A,A,A,A
PAS4;PEX10,A,A,A,A,N,A,N,A,A,N,A,A,N,A,A,A,A,N,A,A,A,N,A,A,A,A,N,N,N,A,A,A
PAS11;PEX12,A,A,A,N,A,A,A,A,A,N,N,A,N,A,A,A,N,N,N,A,A,N,N,A,N,A,A,N,N,A,N,N
PEX5;PAS10,N,N,N,N,N,N,N,N,N,N,N,N,N,N,N,N,N,N,N,N,N,N,N,N,N,N,N,N,N,N,N,N
PEB1;PEX7;PAS7,N,N,N,N,N,N,N,N,A,N,A,N,N,N,A,N,N,A,A,N,N,N,N,N,A,N,N,N,N,N,A,N
PAS12;PEX19,N,N,N,N,N,N,N,N,N,N,N,N,N,N,N,N,N,N,N,N,N,N,N,N,N,N,N,N,N,N,N,N
PAS3;PEX3,A,N,A,N,N,N,N,N,N,N,A,N,N,N,N,N,N,N,N,A,N,N,N,N,N,N,N,N,N,N,A,A
POT1;POX3;FOX3,N,N,N,N,N,N,N,N,N,N,N,N,N,N,N,N,N,N,N,N,N,N,N,N,N,N,N,N,N,N,N,N
FOX1;POX1,N,N,N,N,N,N,N,A,N,N,A,N,N,N,N,N,N,N,A,N,A,N,N,N,N,N,N,N,N,N,N,N
CTA1,B,N,B,N,N,B,B,N,B,N,B,N,N,N,N,N,N,N,B,N,N,N,N,N,B,N,N,N,N,N,N,N
SPS101;CTT1,B,N,B,N,N,B,B,N,B,N,B,N,N,N,N,N,N,N,B,N,N,N,N,N,B,N,N,N,N,N,N,N
AGX1,N,N,N,A,N,N,N,N,A,N,N,A,N,N,N,N,N,N,A,N,N,N,N,A,A,N,N,N,N,A,A,N
RAR1;ERG12,N,A,N,N,N,N,A,N,N,N,N,A,N,A,A,A,A,N,N,N,A,N,N,A,N,N,A,N,N,N,A,N
YAT1,N,N,A,N,A,N,N,N,N,N,A,A,N,N,N,N,N,A,N,N,N,N,N,N,A,A,N,N,A,N,A,N
YAT2,N,N,A,N,A,N,N,N,N,N,A,A,N,N,N,N,N,A,N,N,N,N,N,N,A,A,N,N,A,N,A,N
YCAT;CAT2,N,N,A,N,A,N,N,N,N,N,A,A,N,N,N,N,N,A,N,N,N,N,N,N,A,A,N,N,A,N,A,N
PXP1,N,N,N,N,N,N,N,N,N,N,N,N,N,N,N,N,N,N,N,N,N,N,N,N,N,N,N,N,N,N,N,N
ECI1,A,N,N,N,A,A,A,A,N,N,A,A,A,N,N,N,A,A,A,N,A,N,A,N,N,A,N,A,A,N,A,A
NPY1,A,N,N,N,N,A,N,N,N,N,A,N,A,N,N,N,N,N,N,N,N,A,N,N,N,N,N,N,N,N,N,N
SPS19;SPX19,N,N,B,N,N,N,B,B,N,N,B,N,B,B,N,N,B,N,N,N,N,N,N,N,N,B,N,N,N,B,B,B
PAT1;PXA2,N,A,N,N,N,A,N,N,N,N,N,N,N,N,A,N,N,N,N,N,N,N,N,A,N,N,N,N,N,N,A,N
SSH2;LPI1;PAT2;PXA1;PAL1,N,D,N,N,N,D,N,N,D,N,D,N,N,N,D,N,D,N,N,N,N,N,N,D,N,N,N,N,N,N,D,N
FAM1;FAA2,D,D,D,N,D,D,N,N,D,N,D,D,N,D,D,D,D,D,D,D,D,N,D,D,D,D,D,D,N,N,D,D
FAA3,D,D,D,N,D,D,N,N,D,N,D,D,N,D,D,D,D,D,D,D,D,N,D,D,D,D,D,D,N,N,D,D
FAA4,D,D,D,N,D,D,N,N,D,N,D,D,N,D,D,D,D,D,D,D,D,N,D,D,D,D,D,D,N,N,D,D
FAA1,D,D,D,N,D,D,N,N,D,N,D,D,N,D,D,D,D,D,D,D,D,N,D,D,D,D,D,D,N,N,D,D
IDP1,A,N,N,N,N,N,N,N,A,N,N,N,N,N,N,A,A,N,N,N,N,N,A,N,N,N,N,N,N,N,A,N
IDP2,A,N,N,N,N,N,N,N,A,N,N,N,N,N,N,A,A,N,N,N,N,N,A,N,N,N,N,N,N,N,A,N
IDP3,A,N,N,N,N,N,N,N,A,N,N,N,N,N,N,A,A,N,N,N,N,N,A,N,N,N,N,N,N,N,A,N
MRP1,N,N,N,N,N,N,N,N,N,N,N,N,N,N,N,N,N,N,N,N,N,N,N,N,N,N,N,N,N,N,N,N
SOD2,N,N,N,N,N,N,N,N,N,N,N,N,N,N,N,N,N,N,N,N,N,N,N,N,N,N,N,N,N,N,N,N
RSM26,N,N,N,N,N,N,N,N,N,N,N,N,N,N,N,N,N,N,N,N,N,N,N,N,N,N,N,N,N,N,N,N
CRS4;SOD1,N,N,N,N,N,N,N,N,N,N,N,N,N,N,N,N,N,N,N,N,N,N,N,N,N,N,N,N,N,N,N,N
SYM1,A,N,N,N,N,A,N,A,N,N,A,N,A,N,N,N,N,N,N,N,N,N,N,N,N,N,N,N,N,N,N,N
