BCL2L;BCLX;BCL2L1;Bcl-X;BCL-XL/S;PPP1R52,N,N,N,N,N,N,N,N,N,N,N,N,N,N,N,N,N,N,N,N,N,N,N,N,N,N,N,N,N,N,N,N
DFF1;DFF-45;ICAD;DFFA,N,N,N,N,N,N,N,N,N,N,N,N,N,N,N,N,N,N,N,N,N,N,N,N,N,N,N,N,N,N,N,N
ATD;TEL1;TELO1;AT1;ATA;ATM;ATE;ATDC;ATC,A,A,A,A,A,A,N,A,A,A,A,A,A,A,A,A,A,A,A,A,A,A,A,A,A,A,A,A,A,A,A,A
BCC7;TP53;TRP53;P53;LFS1,N,N,N,N,N,N,N,N,N,N,N,N,N,N,N,N,N,N,N,N,N,N,N,N,N,N,N,N,N,N,N,N
ENDOG,N,N,N,N,N,N,N,N,N,N,N,N,N,N,N,N,N,N,N,N,N,N,N,N,N,N,N,N,N,N,N,N
AIF;PDCD8;DFNX5;NADMR;CMTX4;AIFM1;NAMSD;COWCK;CMT2D;COXPD6,N,N,N,N,N,N,N,N,N,N,N,N,N,N,N,N,N,N,N,N,N,N,N,N,N,N,N,N,N,N,N,N
Bcl-2;PPP1R50;BCL2,N,N,N,N,N,N,N,N,N,N,N,N,N,N,N,N,N,N,N,N,N,N,N,N,N,N,N,N,N,N,N,N
BIRC2;API1;c-IAP1;RNF48;cIAP1;Hiap-2;HIAP2;MIHB,A,A,A,A,A,N,A,A,A,N,A,A,A,A,A,A,A,A,A,A,A,A,A,A,N,A,N,N,N,A,A,A
HAIP1;BIRC3;API2;MALT2;MIHC;CIAP2;c-IAP2;RNF49;HIAP1;AIP1,A,A,A,A,A,N,A,A,A,N,A,A,A,A,A,A,A,A,A,A,A,A,A,A,N,A,N,A,N,A,A,A
BIRC4;XIAP;hIAP-3;XLP2;API3;IAP-3;ILP1;hIAP3;MIHA,A,A,A,A,A,N,A,A,A,N,A,A,A,N,A,A,A,A,A,A,A,A,A,A,N,A,A,N,N,A,A,A
BIRC5;EPR-1;API4,N,N,N,N,N,N,N,N,N,N,N,N,N,N,N,N,N,N,N,N,N,N,N,N,N,N,N,N,N,N,N,N
DFF-40;DFF2;CPAN;CAD;DFFB;DFF40,N,N,N,N,N,N,N,N,N,N,N,N,N,N,N,N,N,N,N,N,N,N,N,N,N,N,N,N,N,N,N,N
MCH6;PPP1R56;APAF-3;CASP9;ICE-LAP6;APAF3,N,N,N,N,N,N,N,N,N,N,N,N,N,N,N,N,N,N,N,N,N,N,N,N,N,N,N,N,N,N,N,N
CASP7;CASP-7;ICE-LAP3;CMH-1;LICE2;MCH3,N,N,N,N,N,N,N,N,N,N,N,N,N,N,N,N,N,N,N,N,N,N,N,N,N,N,N,N,N,N,N,N
SCA-1;CPP32B;CASP3;CPP32,N,N,N,N,N,N,N,N,N,N,N,N,N,N,N,N,N,N,N,N,N,N,N,N,N,N,N,N,N,N,N,N
BCL2L8;BAD;BBC2,N,N,N,N,N,N,N,N,N,N,N,N,N,N,N,N,N,N,N,N,N,N,N,N,N,N,N,N,N,N,N,N
CVID12;NF-kB1;NF-kappa-B;NFKB-p105;NFkappaB;p105;NFKB-p50;NF-kappaB;KBF1;p50;NFKB1;EBP-1,A,A,A,A,A,A,A,A,A,A,A,A,A,A,A,A,A,A,A,A,A,A,A,A,A,A,A,A,A,A,A,A
RELA;NFKB3;p65,A,N,A,N,A,N,N,N,N,N,A,N,A,A,N,N,N,N,N,N,N,N,N,N,N,N,N,N,N,N,A,N
CASP6;MCH2,N,N,N,N,N,N,N,N,N,N,N,N,N,N,N,N,N,N,N,N,N,N,N,N,N,N,N,N,N,N,N,N
IKBA;NFKBIA;MAD-3;NFKBI,A,A,A,A,A,A,A,A,A,A,A,A,A,A,A,A,A,A,A,A,A,A,A,A,A,A,A,A,A,A,A,A
APAF-1;CED4;APAF1,A,A,A,A,A,A,A,A,A,A,A,A,A,A,A,A,A,A,A,A,A,A,A,A,A,A,A,A,A,A,A,A
THC4;CYCS;HCS;CYC,N,B,B,N,N,B,N,N,B,N,B,N,N,B,N,B,N,N,B,N,B,N,N,B,B,B,N,B,B,N,B,B
BID;FP497,N,N,N,N,N,N,N,N,N,N,N,N,N,N,N,N,N,N,N,N,N,N,N,N,N,N,N,N,N,N,N,N
ALPS2B;MACH;CASP8;FLICE;CAP4;Casp-8;MCH5,N,N,N,N,N,N,N,N,N,N,N,N,N,N,N,N,N,N,N,N,N,N,N,N,N,N,N,N,N,N,N,N
ALPS2;FLICE2;MCH4;CASP10,N,N,N,N,N,N,N,N,N,N,N,N,N,N,N,N,N,N,N,N,N,N,N,N,N,N,N,N,N,N,N,N
CANP1;muCANP;CANPL1;SPG76;muCL;CAPN1;CANP,N,A,A,N,A,N,N,A,A,N,A,A,A,A,A,A,A,N,A,A,A,A,A,A,N,A,N,N,A,N,A,A
mCANP;CANPml;CANP2;CANPL2;CAPN2,N,A,A,N,A,N,N,A,A,N,A,A,A,A,A,A,A,N,A,A,A,A,A,A,N,A,N,N,A,N,A,A
PKB-GAMMA;MPPH;RAC-gamma;AKT3;RAC-PK-gamma;STK-2;PKBG;PRKBG;MPPH2,B,B,B,B,B,B,B,B,B,B,B,B,B,B,B,B,B,B,B,B,B,B,B,B,B,B,B,B,B,B,B,B
AKT1;PKB;PRKBA;RAC-ALPHA;AKT;CWS6;RAC;PKB-ALPHA,B,B,B,B,B,B,B,B,B,B,B,B,B,B,B,B,B,B,B,B,B,B,B,B,B,B,B,B,B,B,B,B
PKBB;PKBBETA;HIHGHH;AKT2;RAC-BETA;PRKBB,B,B,B,B,B,B,B,B,B,B,B,B,B,B,B,B,B,B,B,B,B,B,B,B,B,B,B,B,B,B,B,B
HS;MAP3K14;NIK;HSNIK;FTDCR1B,B,B,B,B,B,B,B,B,B,N,B,B,B,B,B,B,B,B,B,B,B,B,B,B,B,B,B,B,B,B,B,B
IKK-alpha;IKKA;IKK1;TCF16;CHUK;NFKBIKA;IKBKA,B,B,B,B,B,B,B,B,B,B,B,B,B,B,B,B,B,B,B,B,B,B,B,B,B,B,B,B,B,B,B,B
IKKB;IKBKB;IMD15;NFKBIKB;IKK-beta;IKK2,B,B,B,B,B,B,B,B,B,B,B,B,B,B,B,B,B,B,B,B,B,B,B,B,B,B,B,B,B,B,B,B
AMCBX1;Fip3p;FIP-3;IKBKG;IPD2;IKK-gamma;IP;IKKAP1;IP2;IP1;ZC2HC9;IMD33;NEMO;FIP3;IKKG,N,N,N,N,N,N,N,N,N,N,N,N,N,N,N,N,N,N,N,N,N,N,N,N,N,N,N,N,N,N,N,N
CASP8AP1;FLIP;c-FLIPL;c-FLIPS;c-FLIP;I-FLICE;FLAME-1;CFLAR;c-FLIPR;MRIT;FLAME1;FLAME;CASH;CLARP;Casper,N,N,N,N,N,N,N,N,N,N,N,N,N,N,N,N,N,N,N,N,N,N,N,N,N,N,N,N,N,N,N,N
MCM;PI3K-alpha;PI3K;MCMTC;CLOVE;PIK3CA;CWS5;p110-alpha;MCAP,A,A,A,A,A,A,A,A,A,N,A,A,A,A,A,A,A,A,A,A,A,A,A,A,A,A,A,A,A,A,A,A
PI3K;PIK3C1;PIK3CB;PI3KBETA;P110BETA,A,A,A,A,A,A,A,A,A,A,A,A,A,A,A,A,A,A,A,A,A,A,A,A,A,A,A,A,A,A,A,A
PI3K;IMD14;p110D;P110DELTA;APDS;PIK3CD,A,A,A,A,A,A,A,A,A,N,A,A,A,A,A,A,A,A,A,A,A,A,A,A,A,A,A,A,A,A,A,A
PIK3R1;GRB1;AGM7;p85-ALPHA;p85;IMD36,A,A,A,N,N,N,N,A,A,N,A,A,A,A,A,A,N,N,A,A,A,A,A,A,A,A,A,A,A,A,A,A
PIK3R2;MPPH;P85B;p85-BETA;MPPH1;p85,N,N,N,N,N,N,N,N,N,N,N,N,N,N,N,N,N,N,N,N,N,N,N,N,N,N,N,N,N,N,N,N
PIK3R3;p55;p55PIK;p55-GAMMA,N,N,N,N,N,N,N,N,N,N,N,N,N,N,N,N,N,N,N,N,N,N,N,N,N,N,N,N,N,N,N,N
TRAP;MGC:45012;TRAP3;TRAF2,A,N,A,N,N,N,A,N,N,N,A,N,N,A,N,N,A,N,N,N,A,N,N,N,N,N,N,N,N,N,A,N
RIPK1;RIP;RIP1;RIP-1,D,D,D,D,D,D,D,D,D,D,D,D,D,D,D,D,D,D,D,D,D,D,D,D,D,D,D,D,D,D,D,D
Hs.89862;TRADD,N,N,N,N,N,N,N,N,N,N,N,N,N,N,N,N,N,N,N,N,N,N,N,N,N,N,N,N,N,N,N,N
GIG3;MORT1;FADD,N,N,N,N,N,N,N,N,N,N,N,N,N,N,N,N,N,N,N,N,N,N,N,N,N,N,N,N,N,N,N,N
IL3RB;betaGMR;CD131;IL5RB;SMDP5;CDw131;CSF2RB,N,N,N,N,N,N,N,N,N,N,N,N,N,N,N,N,N,N,N,N,N,N,N,N,N,N,N,N,N,N,N,N
IL3RAY;IL3R;IL3RY;IL3RX;hIL-3Ra;CD123;IL3RA,N,N,N,N,N,N,N,N,N,N,N,N,N,N,N,N,N,N,N,N,N,N,N,N,N,N,N,N,N,N,N,N
TRK;Trk-A;TRKA;MTC;NTRK1;TRK1;p140-TrkA,B,B,B,B,B,B,B,B,B,B,B,B,B,B,B,B,B,B,B,B,B,B,B,B,B,B,B,B,B,B,B,B
p55-R;FPF;TNF-R-I;TNFR55;TNF-R;TBP1;p60;TNF-R55;TNFR60;TNFRSF1A;CD120a;TNFR1;TNFAR;p55,N,N,N,N,N,N,N,N,N,N,N,N,N,N,N,N,N,N,N,N,N,N,N,N,N,N,N,N,N,N,N,N
TRAILR4;DCR2;TRAIL-R4;CD264;TRUNDD;TNFRSF10D,N,N,N,N,N,N,N,N,N,N,N,N,N,N,N,N,N,N,N,N,N,N,N,N,N,N,N,N,N,N,N,N
CD263;TRAIL-R3;DCR1-TNFR;TRAILR3;DCR1;TRID;LIT;TNFRSF10C,N,N,N,N,N,N,N,N,N,N,N,N,N,N,N,N,N,N,N,N,N,N,N,N,N,N,N,N,N,N,N,N
DR5;TRAILR2;KILLER/DR5;TRICK2;ZTNFR9;TNFRSF10B;TRICK2A;KILLER;CD262;TRICKB;TRICK2B;TRAIL-R2,N,N,N,N,N,N,N,N,N,N,N,N,N,N,N,N,N,N,N,N,N,N,N,N,N,N,N,N,N,N,N,N
TRAILR-1;TNFRSF10A;APO2;DR4;TRAILR1;CD261,N,N,N,N,N,N,N,N,N,N,N,N,N,N,N,N,N,N,N,N,N,N,N,N,N,N,N,N,N,N,N,N
FAS1;FAS;APO-1;CD95;ALPS1A;FASTM;TNFRSF6;APT1,N,N,N,N,N,N,N,N,N,N,N,N,N,N,N,N,N,N,N,N,N,N,N,N,N,N,N,N,N,N,N,N
IL3;MCGF;MULTI-CSF;IL-3,N,N,N,N,N,N,N,N,N,N,N,N,N,N,N,N,N,N,N,N,N,N,N,N,N,N,N,N,N,N,N,N
Beta-NGF;NGFB;HSAN5;NGF,N,N,N,N,N,N,N,N,N,N,N,N,N,N,N,N,N,N,N,N,N,N,N,N,N,N,N,N,N,N,N,N
TNF-alpha;TNFA;DIF;TNLG1F;TNF;TNFSF2,N,N,N,N,N,N,N,N,N,N,N,N,N,N,N,N,N,N,N,N,N,N,N,N,N,N,N,N,N,N,N,N
TL2;Apo-2L;APO2L;TNFSF10;CD253;TRAIL;TNLG6A,N,N,N,N,N,N,N,N,N,N,N,N,N,N,N,N,N,N,N,N,N,N,N,N,N,N,N,N,N,N,N,N
CD95-L;APT1LG1;ALPS1B;APTL;TNFSF6;TNLG1A;CD95L;CD178;FASL;FASLG,N,N,N,N,N,N,N,N,N,N,N,N,N,N,N,N,N,N,N,N,N,N,N,N,N,N,N,N,N,N,N,N
HS3;SPTA;HPP;EL2;SPTA1;SPH3,N,N,A,N,N,A,N,N,N,N,N,A,N,N,A,N,N,N,N,N,A,A,N,N,N,A,N,A,N,A,A,A
SPTAN1;SPTA2;EIEE5;NEAS,A,A,A,N,A,A,N,A,A,N,A,A,A,A,A,A,A,A,A,A,A,A,A,A,A,A,A,A,A,A,A,A
CDCD1;FPL;HGPS;LDP1;CDDC;LMNL1;FPLD2;LGMD1B;LMN1;FPLD;PRO1;IDC;LMNA;EMD2;LMNC;CMD1A;CMT2B1;LFP;MADA,N,N,N,N,N,N,N,N,N,N,N,N,N,N,N,N,N,N,N,N,N,N,N,N,N,N,N,N,N,N,N,N
LMN;LMNB;LMNB1;ADLD;LMN2,N,N,N,N,N,N,N,N,N,N,N,N,N,N,N,N,N,N,N,N,N,N,N,N,N,N,N,N,N,N,N,N
LAMB2;LMN2;EPM9;LMNB2,N,N,N,N,N,N,N,N,N,N,N,N,N,N,N,N,N,N,N,N,N,N,N,N,N,N,N,N,N,N,N,N
ADPRTL2;PARP-2;PARP2;pADPRT-2;ARTD2;ADPRT2;ADPRTL3,A,A,A,N,N,N,N,A,A,N,A,N,A,N,N,N,N,N,N,N,A,A,N,N,N,A,A,N,N,N,A,A
ADPRTL2;PARP3;IRT1;PADPRT-3;ARTD3;ADPRT3;ADPRTL3,A,A,A,N,N,N,N,A,A,N,A,N,A,N,N,N,N,N,N,N,A,A,N,N,N,A,A,N,N,N,A,A
PARP1;PARP-1;ADPRT;PPOL;PARP;ARTD1;ADPRT_1;pADPRT-1;ADPRT1,A,A,A,N,N,N,N,A,A,N,A,N,A,N,N,N,N,N,N,N,A,A,N,N,N,A,A,N,N,N,A,A
PARPL;PARP4;VPARP;ARTD4;ADPRTL1;VAULT3;PARP-4;p193;VWA5C;PH5P,A,A,A,N,N,N,N,A,A,N,A,N,A,A,N,N,N,A,N,N,A,N,N,N,N,A,A,A,N,N,A,A
DIABLO;DFNA64;SMAC,N,N,N,N,N,N,N,N,N,N,N,N,N,N,N,N,N,N,N,N,N,N,N,N,N,N,N,N,N,N,N,N
hucep-7;ARTS;SEP4;CE5B3;hCDCREL-2;BRADEION;H5;PNUTL2;SEPT4;MART,A,A,N,N,N,N,N,N,A,N,N,N,A,N,N,N,N,N,N,N,A,N,A,A,A,A,N,N,N,N,N,N
OMI;PARK13;HTRA2;MGCA8;PRSS25,N,N,N,N,N,N,N,N,N,N,N,N,N,N,N,N,N,N,N,N,N,N,N,N,N,N,N,N,N,N,N,N
BAX;BCL2L4,N,N,N,N,N,N,N,N,N,N,N,N,N,N,N,N,N,N,N,N,N,N,N,N,N,N,N,N,N,N,N,N
BAK1;CDN1;BAK-LIKE;BCL2L7;BAK,N,N,N,N,N,N,N,N,N,N,N,N,N,N,N,N,N,N,N,N,N,N,N,N,N,N,N,N,N,N,N,N
APR;NOXA;PMAIP1,N,N,N,N,N,N,N,N,N,N,N,N,N,N,N,N,N,N,N,N,N,N,N,N,N,N,N,N,N,N,N,N
BBC3;PUMA;JFY1;JFY-1,N,N,N,N,N,N,N,N,N,N,N,N,N,N,N,N,N,N,N,N,N,N,N,N,N,N,N,N,N,N,N,N
TP53AIP1;P53AIP1,N,N,N,N,N,N,N,N,N,N,N,N,N,N,N,N,N,N,N,N,N,N,N,N,N,N,N,N,N,N,N,N
hIRE1p;ERN1;IRE1a;IRE1;IRE1P,B,B,B,B,B,B,B,B,B,B,B,B,B,B,B,B,B,B,B,B,B,B,B,B,B,B,B,B,B,B,B,B
CASP12P1;CASP-12;CASP12,N,N,N,N,N,N,N,N,N,N,N,N,N,N,N,N,N,N,N,N,N,N,N,N,N,N,N,N,N,N,N,N
PNP1;hPTP1E;PTP-BL;PTP1E;PTP-BAS;PTPN13;FAP-1;PTPL1;PTPLE,D,D,D,D,D,D,N,D,D,N,D,N,D,D,D,D,N,D,D,N,D,D,D,D,D,D,N,N,D,N,D,D
CR6;GRP17;DDIT2;GADD45gamma;GADD45G,N,N,N,N,N,N,N,N,N,N,N,N,N,N,N,N,N,N,N,N,N,N,N,N,N,N,N,N,N,N,N,N
GADD45A;DDIT1;GADD45,N,N,N,N,N,N,N,N,N,N,N,N,N,N,N,N,N,N,N,N,N,N,N,N,N,N,N,N,N,N,N,N
GADD45BETA;MYD118;GADD45B,N,N,N,N,N,N,N,N,N,N,N,N,N,N,N,N,N,N,N,N,N,N,N,N,N,N,N,N,N,N,N,N
ACC1;BCL2L5;BFL1;BCL2A1;GRS;ACC-1;ACC-2;ACC2;HBPA1,N,N,N,N,N,N,N,N,N,N,N,N,N,N,N,N,N,N,N,N,N,N,N,N,N,N,N,N,N,N,N,N
TRAF1;EBI6;MGC:10353,A,N,N,N,N,N,N,N,N,N,A,N,N,N,N,N,A,N,N,N,A,N,N,N,N,N,N,N,N,N,A,N
BING2;DAP6;EAP1;DAXX,N,N,N,N,N,N,N,N,N,N,N,N,N,N,N,N,N,N,N,N,N,N,N,N,N,N,N,N,N,N,N,N
MAPKKK5;MAP3K5;ASK1;MEKK5,D,D,D,D,D,D,D,D,D,N,D,D,D,D,D,D,D,D,D,D,D,D,D,D,D,D,D,D,D,D,D,D
JNK21B1/2;JNK;SAPK1c;PRKM8;JNK1A2;MAPK8;SAPK1;JNK1;JNK-46,D,D,D,D,D,D,D,D,D,D,D,D,D,D,D,D,D,D,D,D,D,D,D,D,D,D,D,D,D,D,D,D
JNK2BETA;SAPK;JNK2A;JNK2;JNK2B;p54a;MAPK9;JNK-55;SAPK1a;p54aSAPK;PRKM9;JNK2ALPHA,D,D,D,D,D,D,D,D,D,D,D,D,D,D,D,D,D,D,D,D,D,D,D,D,D,D,D,D,D,D,D,D
SAPK1b;PRKM10;JNK3A;p493F12;p54bSAPK;MAPK10;JNK3,D,D,D,D,D,D,D,D,D,D,D,D,D,D,D,D,D,D,D,D,D,D,D,D,D,D,D,D,D,D,D,D
AF9Q34;DIP1/2;AIP-1;AIP1;DAB2IP,A,A,A,A,A,A,N,A,A,N,A,A,A,A,A,A,A,A,A,A,A,A,A,A,A,A,A,A,A,A,A,A
JUN;c-Jun;AP-1;p39;AP1,N,N,N,N,N,N,N,N,N,N,N,N,N,N,N,N,N,N,N,N,N,N,N,N,N,N,N,N,N,N,N,N
FOS;AP-1;p55;C-FOS,N,N,N,N,N,N,N,N,N,N,N,N,N,N,N,N,N,N,N,N,N,N,N,N,N,N,N,N,N,N,N,N
BAM;BIM;BCL2L11;BOD,N,N,N,N,N,N,N,N,N,N,N,N,N,N,N,N,N,N,N,N,N,N,N,N,N,N,N,N,N,N,N,N
DPPI;PALS;CTSC;PDON1;HMS;JPD;CPPI;JP;PLS;DPP1;DPP-I,A,A,A,A,A,N,N,A,A,N,A,N,A,A,A,N,A,N,A,A,A,A,N,N,N,A,A,N,N,N,A,A
CPSB;CTSB;APPS,A,A,A,A,A,N,N,A,A,N,A,N,A,A,A,N,A,N,A,N,A,A,N,N,N,A,A,N,N,N,A,A
CTSD;CPSD;CLN10;HEL-S-130P,N,N,A,N,N,N,N,N,A,N,A,A,N,N,A,N,N,N,N,A,N,N,N,N,N,A,N,N,N,N,A,N
ACC4;CTSH;ACC5;CPSB;ACC-5;ACC-4,A,A,A,A,A,N,N,A,A,N,A,N,A,A,A,N,A,N,A,A,A,A,N,N,N,A,A,N,N,N,A,A
CTSO;CTSO1;CTSO2;PYCD;PKND;CTS02;CTSK,A,A,A,A,A,N,N,A,A,N,A,N,A,A,A,N,A,N,A,A,A,A,N,N,N,A,A,N,N,N,A,A
CATL;MEP;CTSL1;CTSL,A,A,A,A,A,N,N,A,A,N,A,N,A,A,A,N,A,N,A,A,A,A,N,N,N,A,A,N,N,N,A,A
CTSL2;CTSU;CATL2;CTSV,A,A,A,A,A,N,N,A,A,N,A,N,A,A,A,N,A,N,A,A,A,A,N,N,N,A,A,N,N,N,A,A
CTSO;CTSO1,A,A,A,A,A,N,N,A,A,N,A,N,A,A,A,N,A,N,A,A,A,A,N,N,N,A,A,N,N,N,A,A
CTSS,A,A,A,A,A,N,N,A,A,N,A,N,A,A,A,N,A,N,A,A,A,A,N,N,N,A,A,N,N,N,A,A
LYPN;CTSW,A,A,A,A,A,N,N,A,A,N,A,N,A,A,A,N,A,N,A,A,A,A,N,N,N,A,A,N,N,N,A,A
CTSX;CTSZ,A,A,A,A,A,N,N,A,A,N,A,N,A,A,A,N,A,N,A,N,A,A,N,N,N,A,A,N,N,N,A,A
CLN13;CATSF;CTSF,A,A,A,A,A,N,N,A,A,N,A,N,A,A,A,N,A,N,A,A,A,A,N,N,N,A,A,N,N,N,A,A
DDIT3;CHOP;CHOP-10;C/EBPzeta;CEBPZ;CHOP10;GADD153,N,N,N,N,N,N,N,N,N,N,N,N,N,N,N,N,N,N,N,N,N,N,N,N,N,N,N,N,N,N,N,N
PEK;PERK;EIF2AK3;WRS,B,B,B,B,B,B,B,B,B,B,B,B,B,B,B,B,B,B,B,B,B,B,B,B,B,B,B,B,B,B,B,B
EIF2;EIF2A;EIF2S1;EIF-2;EIF-2A;EIF-2alpha,N,N,N,N,N,N,N,N,N,N,N,N,N,N,N,N,N,N,N,N,N,N,N,N,N,N,N,N,N,N,N,N
CREB-2;CREB2;TAXREB67;ATF4;TXREB,N,N,N,N,N,N,N,N,N,N,N,N,N,N,N,N,N,N,N,N,N,N,N,N,N,N,N,N,N,N,N,N
ACV;CLA4;PPP1R94;ITPR1;SCA16;INSP3R1;IP3R1;SCA29;SCA15;IP3R,A,N,N,A,N,N,N,N,N,N,A,N,A,A,A,N,N,N,N,A,N,N,N,N,N,N,N,N,N,N,A,N
INSP3R2;ITPR2;ANHD;CFAP48;IP3R2,A,N,N,A,N,N,N,N,N,N,A,N,A,A,A,N,N,N,N,A,N,N,N,N,N,N,N,N,N,N,A,N
IP3R;IP3R3;ITPR3,A,N,N,A,N,N,N,N,N,N,A,N,A,A,A,N,N,N,N,A,N,N,N,N,N,N,N,N,N,N,A,N
PDPK1;PDPK2;PRO0461;PDPK2P;PDK1,B,B,B,B,B,B,B,B,B,B,B,B,B,B,B,B,B,B,B,B,B,B,B,B,B,B,B,B,B,B,B,B
NEDD2;PPP1R57;NEDD-2;CASP-2;CASP2;ICH1,N,N,N,N,N,N,N,N,N,N,N,N,N,N,N,N,N,N,N,N,N,N,N,N,N,N,N,N,N,N,N,N
LRDD;PIDD1;PIDD,A,A,A,A,A,N,N,A,A,N,A,A,A,A,A,A,A,A,A,A,A,A,A,A,A,A,A,A,A,N,A,A
CTLA1;CCPI;C11;CSP-B;CTSGL1;GZMB;CGL1;SECT;CGL-1;HLP;CSPB,N,A,A,A,A,N,A,A,A,N,A,A,N,A,N,A,A,A,N,A,A,A,A,A,N,A,N,N,N,N,A,A
PFP;PRF1;HPLH2;P1,N,A,A,N,A,A,N,A,A,N,A,N,N,A,N,A,A,N,N,N,A,A,N,N,N,A,N,N,N,N,A,A
PS1TP5BP1;BRWS1;ACTB,D,D,D,D,D,D,D,D,D,N,D,D,D,D,D,D,D,D,D,D,D,D,D,D,N,D,D,D,D,D,D,D
ACT;ACTG;DFNA20;ACTG1;DFNA26;HEL-176,D,D,D,D,D,D,D,D,D,N,D,D,D,D,D,D,D,D,D,D,D,D,D,D,N,D,D,D,D,D,D,D
K-ALPHA-1;TUBA1B,C,C,C,C,C,C,C,C,C,C,C,C,C,C,C,C,C,C,C,C,C,C,C,C,C,C,C,C,C,C,C,C
TUBA3E,C,C,C,C,C,C,C,C,C,C,C,C,C,C,C,C,C,C,C,C,C,C,C,C,C,C,C,C,C,C,C,C
H2-ALPHA;TUBA3D,C,C,C,C,C,C,C,C,C,C,C,C,C,C,C,C,C,C,C,C,C,C,C,C,C,C,C,C,C,C,C,C
TUBA8;TUBAL2;CDCBM8,C,C,C,C,C,C,C,C,C,C,C,C,C,C,C,C,C,C,C,C,C,C,C,C,C,C,C,C,C,C,C,C
TUBA4A;ALS22;TUBA1;H2-ALPHA,C,C,C,C,C,C,C,C,C,C,C,C,C,C,C,C,C,C,C,C,C,C,C,C,C,C,C,C,C,C,C,C
TUBA3C;TUBA2;bA408E5.3,C,C,C,C,C,C,C,C,C,C,C,C,C,C,C,C,C,C,C,C,C,C,C,C,C,C,C,C,C,C,C,C
B-ALPHA-1;TUBA1A;LIS3;TUBA3,C,C,C,C,C,C,C,C,C,C,C,C,C,C,C,C,C,C,C,C,C,C,C,C,C,C,C,C,C,C,C,C
TUBAL3,C,C,C,C,C,C,C,C,C,C,C,C,C,C,C,C,C,C,C,C,C,C,C,C,C,C,C,C,C,C,C,C
TUBA1C;bcm948;TUBA6,C,C,C,C,C,C,C,C,C,C,C,C,C,C,C,C,C,C,C,C,C,C,C,C,C,C,C,C,C,C,C,C
bcl2-L-3;Mcl-1;MCL1;TM;BCL2L3;EAT;MCL1-ES;mcl1/EAT;MCL1L;MCL1S,N,N,N,N,N,N,N,N,N,N,N,N,N,N,N,N,N,N,N,N,N,N,N,N,N,N,N,N,N,N,N,N
HRK;HARAKIRI;DP5,N,N,N,N,N,N,N,N,N,N,N,N,N,N,N,N,N,N,N,N,N,N,N,N,N,N,N,N,N,N,N,N
RASH1;CTLO;HAMSV;HRAS;p21ras;C-HA-RAS1;HRAS1;C-BAS/HAS;H-RASIDX;C-H-RAS,C,C,C,C,C,C,C,C,C,C,C,C,C,C,C,C,C,C,C,C,C,C,C,C,C,C,C,C,C,C,C,C
K-RAS4A;K-RAS2B;KI-RAS;KRAS;KRAS1;K-RAS4B;c-Ki-ras2;NS3;KRAS2;NS;K-Ras;RALD;K-RAS2A;CFC2;C-K-RAS;RASK2,C,C,C,C,C,C,C,C,C,C,C,C,C,C,C,C,C,C,C,C,C,C,C,C,C,C,C,C,C,C,C,C
CMNS;NCMS;NS6;ALPS4;NRAS1;N-ras;NRAS,C,C,C,C,C,C,C,C,C,C,C,C,C,C,C,C,C,C,C,C,C,C,C,C,C,C,C,C,C,C,C,C
NS5;CRAF;Raf-1;CMD1NN;c-Raf;RAF1,B,B,B,B,B,B,B,B,B,N,B,B,B,B,B,B,B,B,B,B,B,B,B,B,B,B,B,B,B,B,B,B
MAPKK1;MAP2K1;PRKMK1;MKK1;CFC3;MEK1,D,D,D,D,D,D,D,D,D,N,D,D,D,D,D,D,D,D,D,D,D,D,D,D,D,D,D,D,D,D,D,D
PRKMK2;MKK2;CFC4;MEK2;MAP2K2;MAPKK2,D,D,D,D,D,D,D,D,D,N,D,D,D,D,D,D,D,D,D,D,D,D,D,D,D,D,D,D,D,D,D,D
p41;PRKM1;MAPK1;ERT1;P42MAPK;ERK-2;ERK2;MAPK2;p38;p41mapk;PRKM2;ERK;p42-MAPK;p40,D,D,D,D,D,D,D,D,D,D,D,D,D,D,D,D,D,D,D,D,D,D,D,D,D,D,D,D,D,D,D,D
ERT2;ERK1;p44-MAPK;HUMKER1A;P44ERK1;MAPK3;ERK-1;PRKM3;P44MAPK;p44-ERK1;HS44KDAP,D,D,D,D,D,D,D,D,D,D,D,D,D,D,D,D,D,D,D,D,D,D,D,D,D,D,D,D,D,D,D,D
