ATP6V0A3;ATP6N1C;a3;OC116;TCIRG1;Stv1;OPTB1;Vph1;TIRC7;Atp6i;OC-116kDa,N,D,D,D,D,D,D,D,D,N,D,D,D,D,D,N,D,N,D,D,D,N,D,N,D,D,N,N,N,D,D,D
VPH1;TJ6M;STV1;RTF;TJ6;A2;WSS;ATP6A2;ATP6N1D;ATP6V0A2;TJ6S;ARCL;ARCL2A;J6B7,N,D,D,D,D,D,D,D,D,N,D,D,D,D,D,N,D,N,D,D,D,N,D,N,D,D,N,N,N,D,D,D
ATP6V0D2;ATP6D2;VMA6,A,A,A,N,N,N,N,A,A,N,N,A,N,N,A,N,A,N,N,N,A,N,A,A,N,A,A,N,N,A,A,A
VPH1;VPP2;ATP6N2;STV1;RDRTA2;ATP6V0A4;A4;RTA1C;ATP6N1B;RTADR,N,D,D,D,D,D,D,D,D,N,D,D,D,D,D,N,D,N,D,D,D,N,D,N,D,D,N,N,N,D,D,D
ATP6V1H;MSTP042;VMA13;SFDalpha;SFD;SFDbeta;NBP1;CGI-11,A,A,A,A,A,A,A,N,N,N,A,N,A,A,A,A,A,A,N,N,A,A,A,N,A,A,N,A,A,A,A,A
ATP6L;ATP6V0C;ATPL;VPPC;VATL;Vma3;ATP6C,D,D,N,D,D,D,D,D,D,N,D,D,D,D,D,D,D,D,D,N,D,D,N,N,D,N,D,D,N,N,D,D
ATP6F;HATPL;VMA16;ATP6V0B,D,D,N,D,D,D,D,D,D,N,D,D,D,D,D,D,D,D,D,N,D,D,N,N,D,N,D,D,N,N,D,D
VPP1;Stv1;Vph1;ATP6N1A;a1;ATP6V0A1;ATP6N1,N,D,D,D,D,D,D,D,D,N,D,D,D,D,D,N,D,N,D,D,D,N,D,N,D,D,N,N,N,D,D,D
ATP6S1;VATPS1;ATP6IP1;XAP-3;Ac45;CF2;ATP6AP1;16A;XAP3,N,N,N,N,N,N,N,N,N,N,N,N,N,N,N,N,N,N,N,N,N,N,N,N,N,N,N,N,N,N,N,N
ATP6DV;VMA6;ATP6D;ATP6V0D1;P39;VPATPD;VATX,A,A,A,N,N,N,N,A,A,N,N,A,N,N,A,N,A,N,N,N,A,N,A,A,N,A,A,N,N,A,A,A
DPPI;PALS;CTSC;PDON1;HMS;JPD;CPPI;JP;PLS;DPP1;DPP-I,A,A,A,A,A,N,N,A,A,N,A,N,A,A,A,N,A,N,A,A,A,A,N,N,N,A,A,N,N,N,A,A
CPSB;CTSB;APPS,A,A,A,A,A,N,N,A,A,N,A,N,A,A,A,N,A,N,A,N,A,A,N,N,N,A,A,N,N,N,A,A
CTSD;CPSD;CLN10;HEL-S-130P,N,N,A,N,N,N,N,N,A,N,A,A,N,N,A,N,N,N,N,A,N,N,N,N,N,A,N,N,N,N,A,N
CATE;CTSE,N,N,A,N,N,N,N,N,A,N,A,A,N,N,A,N,N,N,N,A,N,N,N,N,N,A,N,N,N,N,A,N
CG;CATG;CTSG,N,A,A,A,A,N,A,A,A,N,A,A,N,A,N,A,A,A,N,A,A,A,A,A,N,A,N,N,N,N,A,A
ACC4;CTSH;ACC5;CPSB;ACC-5;ACC-4,A,A,A,A,A,N,N,A,A,N,A,N,A,A,A,N,A,N,A,A,A,A,N,N,N,A,A,N,N,N,A,A
CTSO;CTSO1;CTSO2;PYCD;PKND;CTS02;CTSK,A,A,A,A,A,N,N,A,A,N,A,N,A,A,A,N,A,N,A,A,A,A,N,N,N,A,A,N,N,N,A,A
CATL;MEP;CTSL1;CTSL,A,A,A,A,A,N,N,A,A,N,A,N,A,A,A,N,A,N,A,A,A,A,N,N,N,A,A,N,N,N,A,A
CTSL2;CTSU;CATL2;CTSV,A,A,A,A,A,N,N,A,A,N,A,N,A,A,A,N,A,N,A,A,A,A,N,N,N,A,A,N,N,N,A,A
CTSO;CTSO1,A,A,A,A,A,N,N,A,A,N,A,N,A,A,A,N,A,N,A,A,A,A,N,N,N,A,A,N,N,N,A,A
CTSS,A,A,A,A,A,N,N,A,A,N,A,N,A,A,A,N,A,N,A,A,A,A,N,N,N,A,A,N,N,N,A,A
LYPN;CTSW,A,A,A,A,A,N,N,A,A,N,A,N,A,A,A,N,A,N,A,A,A,A,N,N,N,A,A,N,N,N,A,A
CTSX;CTSZ,A,A,A,A,A,N,N,A,A,N,A,N,A,A,A,N,A,N,A,N,A,A,N,N,N,A,A,N,N,N,A,A
PPCA;NGBE;PPGB;GSL;CTSA;GLB2,A,A,A,N,N,N,N,N,A,N,A,A,A,N,N,N,A,N,N,N,A,A,A,A,N,N,N,A,N,N,A,A
CLN13;CATSF;CTSF,A,A,A,A,A,N,N,A,A,N,A,N,A,A,A,N,A,N,A,A,A,A,N,N,N,A,A,N,N,N,A,A
NAPA;NAP1;SNAPA;NAPSA;Kdap;KAP,N,N,A,N,N,N,N,N,A,N,A,A,N,N,A,N,N,N,N,A,N,N,N,N,N,A,N,N,N,N,A,N
LGMN1;AEP;LGMN;PRSC1,A,A,N,N,N,N,N,A,A,N,A,N,N,A,N,N,A,N,N,N,N,N,N,N,N,N,A,A,N,N,A,N
SCAR7;TPP-1;GIG1;LPIC;CLN2;TPP1,A,N,N,N,N,N,N,N,N,N,A,N,N,N,N,N,N,N,A,N,N,N,A,N,N,N,N,N,N,N,A,N
GLA;GALA,N,A,A,A,N,N,N,N,A,N,A,A,N,A,N,N,A,N,N,N,N,N,N,N,N,A,N,A,N,N,A,N
MPS4B;GLB1;ELNR1;EBP,A,N,N,N,N,N,N,N,N,N,A,N,N,N,N,N,A,N,N,N,N,A,N,N,N,A,A,N,N,N,A,N
GAA;LYAG,N,N,N,N,N,A,N,N,N,N,A,N,N,N,A,N,N,N,N,N,N,A,N,N,N,N,N,N,N,N,A,N
GBA1;GLUC;GCB;GBA,N,N,N,N,N,N,N,N,N,N,N,N,N,N,N,N,N,N,N,N,N,N,N,N,N,N,N,N,N,N,N,N
TSD;HEXA,A,N,N,A,N,N,N,N,N,N,N,N,N,A,N,N,N,N,N,N,A,A,N,N,N,N,N,N,N,N,N,A
HEL-S-111;ENC-1AS;HEL-248;HEXB,A,N,N,A,N,N,N,N,N,N,N,N,N,A,N,N,N,N,N,N,A,A,N,N,N,N,N,N,N,N,N,A
MANB1;MANBA,A,N,N,N,N,N,N,N,N,N,A,N,N,A,N,N,N,A,N,N,N,N,A,N,N,N,N,N,N,N,N,N
MAN2B1;LAMAN;MANB,B,N,B,N,B,N,N,N,B,N,N,N,N,N,N,N,N,B,N,B,B,N,B,N,N,N,N,N,N,N,B,N
NAGA;GALB;D22S674,N,A,A,A,N,N,N,N,A,N,A,A,N,A,N,N,A,N,N,N,N,N,N,N,N,A,N,A,N,N,A,N
MPS7;BG;GUSB,N,N,N,N,N,N,N,N,N,N,N,N,N,N,N,N,N,N,N,N,N,N,N,N,N,N,N,N,N,N,N,N
SIAL1;NEU1;NANH;NEU,N,N,N,N,N,N,N,N,N,N,N,N,N,N,N,N,N,N,N,N,N,N,N,N,N,N,N,N,N,N,N,N
GALC,N,N,N,N,N,N,N,N,N,N,N,N,N,N,N,N,N,N,N,N,N,N,N,N,N,N,N,N,N,N,N,N
NAGLU;NAG;MPS3B;MPS-IIIB;UFHSD;CMT2V,A,A,N,N,N,N,N,N,A,N,N,N,N,N,N,N,N,N,A,N,A,N,N,N,N,N,N,N,N,N,A,A
MPS1;IDUA;IDA,N,N,N,N,N,N,N,N,N,N,N,N,N,N,N,N,N,N,N,N,N,N,N,N,N,N,N,N,N,N,N,N
FUCA1;FUCA,N,N,N,N,N,N,N,N,N,N,N,N,N,N,N,N,N,N,N,N,N,N,N,N,N,N,N,N,N,N,N,N
ARSG,N,N,N,N,N,N,N,N,N,N,N,N,N,N,N,N,N,N,N,N,N,N,N,N,N,N,N,N,N,N,N,N
ARSA;MLD,N,N,N,N,N,N,N,N,N,N,N,N,N,N,N,N,N,N,N,N,N,N,N,N,N,N,N,N,N,N,N,N
MPS6;ASB;ARSB;G4S,N,N,N,N,N,N,N,N,N,N,N,N,N,N,N,N,N,N,N,N,N,N,N,N,N,N,N,N,N,N,N,N
G6S;GNS,N,N,N,N,N,N,N,N,N,N,N,N,N,N,N,N,N,N,N,N,N,N,N,N,N,N,N,N,N,N,N,N
IDS;MPS2;SIDS,N,N,N,N,N,N,N,N,N,N,N,N,N,N,N,N,N,N,N,N,N,N,N,N,N,N,N,N,N,N,N,N
SFMD;HSS;SGSH;MPS3A,N,N,N,N,N,N,N,N,N,N,N,N,N,N,N,N,N,N,N,N,N,N,N,N,N,N,N,N,N,N,N,N
GAS;GALNAC6S;GalN6S;MPS4A;GALNS,N,N,N,N,N,N,N,N,N,N,N,N,N,N,N,N,N,N,N,N,N,N,N,N,N,N,N,N,N,N,N,N
CESD;LIPA;LAL,A,A,A,N,N,N,N,A,A,N,A,N,A,A,A,N,N,N,A,A,A,A,A,A,A,A,A,A,A,N,A,A
PLA2G15;LPLA2;ACS;LLPL;GXVPLA2;LYPLA3,A,N,A,A,N,N,N,N,A,N,A,N,N,A,A,N,N,N,N,N,N,N,N,N,A,A,N,N,N,N,A,N
DNL2;DNL;DNASE2A;DNASE2,N,N,N,N,N,N,N,N,N,N,N,N,N,N,N,N,N,N,N,N,N,N,N,N,N,N,N,N,N,N,N,N
DNASE2B;DLAD,N,N,N,N,N,N,N,N,N,N,N,N,N,N,N,N,N,N,N,N,N,N,N,N,N,N,N,N,N,N,N,N
LAP;ACP2,N,A,A,A,A,A,N,A,A,N,N,A,N,A,A,N,A,A,N,A,N,N,A,N,N,A,N,N,N,N,A,N
ASM;NPD;SMPD1;ASMASE,N,N,N,N,N,N,N,N,N,N,N,N,N,N,N,N,N,N,N,N,N,N,N,N,N,N,N,N,N,N,N,N
ASAH1;SMAPME;AC;PHP;PHP32;ASAH;ACDase,N,N,N,N,N,N,N,N,N,N,N,N,N,N,N,N,N,N,N,N,N,N,N,N,N,N,N,N,N,N,N,N
AGU;AGA;ASRG;GA,N,N,N,N,N,N,N,N,N,N,N,N,N,N,N,N,N,N,N,N,N,N,N,N,N,N,N,N,N,N,N,N
GNPTAB;GNPTA;ICD,N,N,A,N,A,N,N,N,N,N,A,N,N,N,N,N,N,N,N,N,N,N,N,N,N,N,N,N,N,A,N,N
RJD9;LP2537;C16orf27;GNPTAG;GNPTG,A,N,A,N,A,A,A,A,A,N,A,A,A,A,N,N,A,A,A,A,A,A,N,N,A,N,A,A,A,N,A,N
GM2A;SAP-3;GM2-AP,A,N,N,N,N,N,N,N,A,N,N,N,N,N,N,N,N,N,N,A,A,N,N,N,N,N,A,N,A,N,N,N
PSAP;GLBA;SAP1,N,N,N,N,N,N,N,N,N,N,N,N,N,N,N,N,N,N,N,N,N,N,N,N,N,N,N,N,N,N,N,N
PSAPL1,N,N,N,N,N,N,N,N,N,N,N,N,N,N,N,N,N,N,N,N,N,N,N,N,N,N,N,N,N,N,N,N
PPT;PPT1;CLN1;INCL,N,N,A,A,N,N,N,N,A,N,A,N,N,A,A,N,N,N,N,N,A,N,N,N,N,N,N,N,N,N,A,A
PPT2;G14;C6orf8;PPT-2,N,N,A,A,N,N,N,N,A,N,A,N,N,A,A,N,N,N,N,N,A,N,N,N,N,N,N,N,N,N,A,A
DC_LAMP;LAMP-3;LAMP;LAMP3;CD208;TSC403;DC-LAMP;DCLAMP,N,N,N,N,N,N,N,N,N,N,N,N,N,N,N,N,N,N,N,N,N,N,N,N,N,N,N,N,N,N,N,N
LAMP1;LAMPA;LGP120;CD107a,N,N,N,N,N,N,N,N,N,N,N,N,N,N,N,N,N,N,N,N,N,N,N,N,N,N,N,N,N,N,N,N
LGP-96;LAMP-2;LAMP2;LAMPB;CD107b;LGP110,N,N,N,N,N,N,N,N,N,N,N,N,N,N,N,N,N,N,N,N,N,N,N,N,N,N,N,N,N,N,N,N
CD68;SCARD1;GP110;LAMP4,N,N,N,N,N,N,N,N,N,N,N,N,N,N,N,N,N,N,N,N,N,N,N,N,N,N,N,N,N,N,N,N
CD36L2;LIMP-2;LIMPII;AMRF;SCARB2;EPM4;HLGP85;LGP85;SR-BII,N,N,N,N,N,N,N,N,N,N,N,N,N,N,N,N,N,N,N,N,N,N,N,N,N,N,N,N,N,N,N,N
MLA1;LAMP-3;ME491;OMA81H;CD63;TSPAN30,N,N,N,N,N,N,N,N,N,N,N,N,N,N,N,N,N,N,N,N,N,N,N,N,N,N,N,N,N,N,N,N
CTNS;CTNS-LSB;PQLC4,N,N,N,N,N,N,A,N,N,N,A,N,N,N,N,N,N,N,N,A,N,N,A,A,A,N,N,N,N,A,N,N
SD;NSD;ISSD;SLC17A5;SIASD;AST;SLD;SIALIN,N,N,N,N,N,N,N,N,N,N,N,N,N,N,N,N,N,N,N,N,N,N,N,N,N,N,N,N,N,N,N,N
LAPTM4beta;LAPTM4B;LC27,N,N,N,N,N,N,N,N,N,N,N,N,N,N,N,N,N,N,N,N,N,N,N,N,N,N,N,N,N,N,N,N
LAPTM5;CLAST6,N,N,N,N,N,N,N,N,N,N,N,N,N,N,N,N,N,N,N,N,N,N,N,N,N,N,N,N,N,N,N,N
HUMORF13;LAPTM4A;Mtrp;MBNT;LAPTM4,N,N,N,N,N,N,N,N,N,N,N,N,N,N,N,N,N,N,N,N,N,N,N,N,N,N,N,N,N,N,N,N
EST122234;ABCB9;TAPL,D,D,D,D,D,D,D,D,D,N,D,D,D,D,D,D,D,D,D,D,D,D,D,D,N,D,D,D,D,D,D,D
ABC2;ABCA2,D,D,D,D,D,D,D,D,D,N,D,D,D,D,D,D,D,D,D,D,D,D,D,D,N,D,D,D,D,D,D,N
AHMIO1;SLC11A2;NRAMP2;DCT1;DMT1,N,N,N,N,N,N,N,N,N,N,N,N,N,N,N,N,N,N,N,N,N,N,N,N,N,N,N,N,N,N,N,N
SLC11A1;NRAMP1;LSH;NRAMP,N,N,N,N,N,N,N,N,N,N,N,N,N,N,N,N,N,N,N,N,N,N,N,N,N,N,N,N,N,N,N,N
NPC2;EDDM1;HE1,N,N,N,N,N,N,N,N,N,N,N,N,N,N,N,N,N,N,N,N,N,N,N,N,N,N,N,N,N,N,N,N
NPC1;NPC,N,A,A,N,N,N,A,N,A,N,A,A,A,A,N,N,N,N,N,N,N,N,N,N,N,A,N,N,N,N,A,N
CLN3;BTS;JNCL;BTN1,N,A,N,N,A,A,N,N,N,N,N,N,A,A,N,N,A,A,A,N,N,N,A,N,N,A,N,N,N,N,A,N
CLN5;NCL,N,N,N,N,N,N,N,N,N,N,N,N,N,N,N,N,N,N,N,N,N,N,N,N,N,N,N,N,N,N,N,N
CD164;MUC-24;MGC-24v;DFNA66;endolyn;MGC-24,N,N,N,N,N,N,N,N,N,N,N,N,N,N,N,N,N,N,N,N,N,N,N,N,N,N,N,N,N,N,N,N
NTPDase-4;ENTPD4;LAP70;UDPase;LYSAL1;LALP70,N,N,A,N,N,N,N,N,A,N,N,N,N,N,N,N,A,N,N,N,N,N,N,N,N,A,N,N,N,N,A,N
Gp95;NT3;LDLCQ6;NTR3;SORT1,N,A,N,N,N,N,N,A,N,N,A,A,N,A,N,N,A,N,N,N,A,A,A,N,N,A,N,N,N,N,A,A
CCMD;MFSD8;CLN7,A,A,A,N,N,N,N,N,A,N,A,A,N,A,N,N,N,A,N,N,A,N,N,A,A,A,N,N,N,N,A,A
HGNAT;MPS3C;RP73;TMEM76;HGSNAT,N,N,B,N,N,N,N,N,B,N,N,N,N,B,N,N,B,N,B,N,N,N,N,N,N,N,N,N,N,N,B,N
LCA;CLTA,N,N,N,N,N,N,N,N,N,N,N,N,N,N,N,N,N,N,N,N,N,N,N,N,N,N,N,N,N,N,N,N
LCB;CLTB,N,N,A,N,N,N,N,N,A,N,N,A,N,N,N,N,N,N,N,N,A,A,N,N,N,N,N,N,N,N,A,N
CLTCL2;CLTC;Hc;CHC;CHC17;CLH-17,A,N,A,A,A,N,A,A,N,N,A,A,N,N,N,N,N,A,N,A,A,N,A,N,N,A,N,N,N,N,A,A
CLTCL1;CLTD;CLH22;CHC22;CLTCL,A,N,A,A,A,N,A,A,N,N,A,A,N,N,N,N,N,A,N,A,A,N,A,N,N,A,N,N,N,N,A,A
MPRI;CI-M6PR;CIMPR;CD222;M6P/IGF2R;MPR300;IGF2R;M6P-R;MPR1;MPR_300,N,N,N,N,N,N,N,N,N,N,N,N,N,N,N,N,N,N,N,N,N,N,N,N,N,N,N,N,N,N,N,N
CD-M6PR;MPR_46;CD-MPR;MPR-46;M6PR;MPR46;SMPR,N,N,N,N,N,N,N,N,N,N,N,N,N,N,N,N,N,N,N,N,N,N,N,N,N,N,N,N,N,N,N,N
APAA;NAGPA;UCE,N,A,A,A,N,A,A,N,N,N,A,A,A,A,N,N,N,N,N,N,A,A,N,N,N,A,N,N,N,N,A,A
AP1-mu2;HSMU1B;MU-1B;mu2;MU1B;AP1M2,A,A,A,A,A,A,N,A,A,N,A,A,A,A,A,A,A,A,N,A,A,A,A,A,A,A,A,A,A,A,A,A
AP19;CLAPS1;EKV3;AP1S1;SIGMA1A;MEDNIK,A,A,A,A,A,A,N,A,A,N,A,A,A,A,A,A,A,A,A,A,A,A,A,A,A,A,A,A,N,A,A,A
AP1S3;PSORS15,A,A,A,A,A,A,N,A,A,N,A,A,A,A,A,A,A,A,A,A,A,A,A,A,A,A,A,A,N,A,A,A
AP105A;CLAPB2;ADTB1;BAM22;AP1B1,A,A,A,A,A,A,A,A,A,N,A,A,A,A,A,A,A,A,A,A,A,A,A,A,N,A,A,A,A,A,A,A
AP1G1;ADTG;CLAPG1,A,A,A,A,A,A,A,A,A,N,A,A,A,A,A,A,A,A,A,A,A,A,A,A,N,A,A,A,A,A,A,N
MRXS21;DC22;MRXS5;PGS;MRXSF;SIGMA1B;MRX59;AP1S2,A,A,A,A,A,A,N,A,A,N,A,A,A,A,A,A,A,A,A,A,A,A,A,A,A,A,A,A,N,A,A,A
G2AD;AP1G2,A,A,A,A,A,A,A,N,A,N,A,A,A,A,A,A,A,N,A,A,A,A,A,A,N,A,A,A,A,A,A,N
MU-1A;AP47;CLTNM;CLAPM2;AP1M1,A,A,A,A,A,A,N,A,A,N,A,A,A,A,A,A,A,A,N,A,A,A,A,A,A,A,A,A,A,A,A,A
sigma3b;AP3S2;AP3S3,A,A,A,A,A,A,N,A,A,N,A,A,A,A,A,A,A,A,A,A,A,A,A,A,A,A,A,A,N,A,A,A
CLA20;P47B;AP47B;AP3M2,A,A,A,A,A,A,N,A,A,N,A,A,A,A,A,A,A,A,N,A,A,A,A,A,A,A,A,A,A,A,A,A
AP3S1;CLAPS3;Sigma3A,A,A,A,A,A,A,N,A,A,N,A,A,A,A,A,A,A,A,A,A,A,A,A,A,A,A,A,A,N,A,A,A
AP3M1,A,A,A,A,A,A,N,A,A,N,A,A,A,A,A,A,A,A,N,A,A,A,A,A,A,A,A,A,A,A,A,A
AP3B2;NAPTB;EIEE48,A,A,A,A,A,A,A,A,A,N,A,A,N,A,A,A,A,A,A,A,A,A,A,A,N,N,A,A,A,A,A,N
HPS2;ADTB3A;PE;AP3B1;HPS;ADTB3,A,A,A,A,A,A,A,A,A,N,A,A,A,A,A,A,A,A,A,A,A,A,A,A,N,A,A,A,A,A,A,N
ADTD;HPS10;hBLVR;AP3D1,A,A,A,A,A,A,A,N,A,N,A,A,A,A,A,A,A,N,A,A,A,A,A,A,N,A,A,A,A,A,A,N
GGA2;VEAR,A,A,A,A,A,A,N,N,A,N,A,N,A,A,A,N,N,N,A,A,A,A,A,A,A,A,A,A,A,A,A,A
GGA3,A,A,A,A,A,A,N,N,A,N,A,N,A,A,A,N,N,N,A,A,A,A,A,A,A,A,A,A,A,A,A,A
GGA1,A,A,A,A,A,A,N,N,A,N,A,N,A,A,A,N,N,N,A,A,A,A,A,A,A,A,A,A,A,A,A,A
HPAP;TRACP5b;TrATPase;TRACP5a;TRAP;ACP5,N,A,N,N,N,N,N,N,A,N,N,N,N,N,N,N,N,N,N,A,N,N,A,N,N,A,N,N,N,N,N,N
CPSQ5;SPG47;AP4B1;BETA-4,A,A,A,A,A,A,A,A,A,N,A,A,N,A,A,A,A,A,A,A,A,A,A,A,N,N,A,A,A,A,A,N
SPG52;CPSQ6;AP47B;AP4S1;CLAPS4;CLA20,A,A,A,A,A,A,N,A,A,N,A,A,A,A,A,A,A,A,A,A,A,A,A,A,A,A,A,A,N,A,A,A
STUT1;AP4E1;SPG51;CPSQ4,A,A,A,A,A,A,A,A,A,N,A,A,A,A,A,A,A,N,A,A,A,A,A,A,N,A,A,A,A,A,A,N
CPSQ3;MU-4;MU-ARP2;AP4M1;SPG50,A,A,A,A,A,A,N,A,A,N,A,A,A,A,A,A,A,A,N,A,A,A,A,A,A,A,A,A,A,A,A,A
HYAL-1;LUCA1;NAT6;MPS9;HYAL1,N,N,N,N,N,N,N,N,N,N,N,N,N,N,N,N,N,N,N,N,N,N,N,N,N,N,N,N,N,N,N,N
SUMF1;AAPA3037;FGE;UNQ3037,N,N,N,N,N,N,N,N,N,N,N,N,N,N,N,N,N,N,N,N,N,N,N,N,N,N,N,N,N,N,N,N
MSTP080;TRP-ML1;MST080;MLIV;ML4;TRPML1;MG-2;MCOLN1;TRPM-L1,N,N,N,N,N,N,N,N,N,N,N,N,N,N,N,N,N,N,N,N,N,N,N,N,N,N,N,N,N,N,N,N
PIG7;SIMPLE;LITAF;TP53I7,N,A,N,N,N,N,N,N,A,N,A,N,N,N,A,N,N,N,N,N,N,N,N,N,N,N,N,N,N,N,N,N
