PHE1A;PDHA1;PDHA;PDHAD;PDHCE1A,N,N,N,N,N,N,N,N,N,N,N,N,N,N,N,N,N,N,N,N,N,N,N,N,N,N,N,N,N,N,N,N
PDHA2;PDHAL,N,N,N,N,N,N,N,N,N,N,N,N,N,N,N,N,N,N,N,N,N,N,N,N,N,N,N,N,N,N,N,N
PHE1B;PDHB;PDHE1-B;PDHE1B;PDHBD,N,N,N,N,N,N,N,N,N,N,N,N,N,N,N,N,N,N,N,N,N,N,N,N,N,N,N,N,N,N,N,N
PEPCKC;PCK1;PEPCK1;PEPCK-C,N,N,N,N,N,N,N,N,N,N,N,N,N,N,N,N,N,N,N,N,N,N,N,N,N,N,N,N,N,N,N,N
PEPCK-M;PEPCK;PCK2;PEPCK2,N,N,N,N,N,N,N,N,N,N,N,N,N,N,N,N,N,N,N,N,N,N,N,N,N,N,N,N,N,N,N,N
RPK;PKR;PKRL;PKLR;PK1;PKL,A,N,N,N,N,N,N,N,A,N,N,N,N,A,A,N,N,N,N,N,N,N,N,A,A,N,N,N,A,N,N,N
PKM2;PKM;THBP1;HEL-S-30;PK3;CTHBP;OIP3;TCB,A,N,N,N,N,N,N,N,A,N,N,N,N,A,A,N,N,N,N,N,N,N,N,A,A,N,N,N,A,N,N,N
HEL-S-74;GLYI;GLOD1;GLO1,N,N,N,N,N,N,N,N,N,N,N,N,N,N,N,N,N,N,N,N,N,N,N,N,N,N,N,N,N,N,N,N
LDHD;DLD,A,N,A,N,A,N,N,N,A,N,A,N,N,N,N,N,N,N,N,N,N,N,N,N,N,N,N,N,N,N,N,N
GLXII;GLX2;GLO2;HAGH1;HAGH,N,N,N,N,N,N,N,N,N,N,N,N,N,N,N,N,N,N,N,N,N,N,N,N,N,N,N,N,N,N,N,N
PCB;PC,N,N,N,N,N,N,N,N,N,N,N,N,N,N,N,N,N,N,N,N,N,N,N,N,N,N,N,N,N,N,N,N
ODS1;ME2,C,N,C,N,N,N,N,N,C,N,N,N,N,C,C,N,C,N,N,N,C,N,N,N,N,N,C,C,N,N,C,C
ME3;NADP-ME,C,N,C,N,N,N,N,N,C,N,N,N,N,C,C,N,C,N,N,N,C,N,N,N,N,N,C,C,N,N,C,C
MES;HUMNDME;ME1,C,N,C,N,N,N,N,N,C,N,N,N,N,C,C,N,C,N,N,N,C,N,N,N,N,N,C,C,N,N,C,C
MOR2;MDH-s;MGC:1375;MDHA;HEL-S-32;MDH1,A,A,N,N,N,N,N,N,A,N,A,N,N,N,N,A,A,N,N,N,A,N,A,N,N,N,N,N,N,N,N,N
M-MDH;MOR1;MGC:3559;MDH;MDH2;EIEE51,A,A,N,N,N,N,N,N,A,N,A,N,N,N,N,A,A,N,N,N,A,N,A,N,N,N,N,N,N,N,N,N
LDHAL6A;LDH6A,A,N,N,N,N,N,N,N,N,N,A,N,N,N,N,A,N,N,N,N,N,N,A,N,N,N,N,N,N,N,N,N
LDHM;PIG19;HEL-S-133P;LDHA;GSD11,A,A,N,N,N,N,N,N,A,N,A,N,N,N,N,A,A,N,N,N,A,N,A,N,N,N,N,N,N,N,N,N
LDH-H;LDH-B;TRG-5;LDHB;HEL-S-281;LDHBD,A,A,N,N,N,N,N,N,A,N,A,N,N,N,N,A,A,N,N,N,A,N,A,N,N,N,N,N,N,N,N,N
CT32;LDHX;LDHC;LDH3,A,A,N,N,N,N,N,N,A,N,A,N,N,N,N,A,A,N,N,N,A,N,A,N,N,N,N,N,N,N,N,N
LDH6B;LDHL;LDHAL6B;LDHAL6,A,N,N,N,N,N,N,N,N,N,A,N,N,N,N,A,N,N,N,N,N,N,A,N,N,N,N,N,N,N,N,N
dJ1161H23.1;ACSS2;ACAS2;ACS;ACSA;ACECS,N,D,D,N,D,D,N,N,D,N,D,D,N,D,N,N,N,N,N,D,N,N,D,D,D,D,D,D,N,N,N,D
ACECS1;ACAS2L;AceCS2L;ACSS1,N,D,D,N,D,D,N,N,D,N,D,D,N,D,N,N,D,D,N,D,N,N,D,D,D,D,D,D,N,N,N,D
THEAL;ACOT12;Cach;CACH-1;STARD15,A,N,N,N,N,N,N,N,A,N,A,N,N,N,N,N,N,A,N,N,N,N,N,N,N,N,N,N,N,N,N,N
ALDHI;ALDH-E2;ALDH2;ALDM,A,N,A,N,A,N,A,A,A,N,A,A,A,A,N,N,N,A,A,N,N,N,A,N,N,A,N,A,A,A,A,N
ALDH1B1;ALDH5;ALDHX,A,N,A,N,A,N,A,A,A,N,A,A,A,A,N,N,N,A,A,N,N,N,A,N,N,A,N,A,A,A,A,N
ALDH9A1;ALDH9;ALDH7;E3;TMABADH;ALDH4,A,N,A,N,A,N,A,A,A,N,A,A,A,A,N,N,N,A,A,N,N,N,A,N,N,A,N,A,A,A,A,N
SLS;FALDH;ALDH10;ALDH3A2,A,N,A,N,A,N,A,A,A,N,A,A,A,A,N,N,N,A,A,N,N,N,A,N,N,A,N,A,A,A,A,N
EPD;PDE;ATQ1;ALDH7A1,A,N,A,N,A,N,A,A,A,N,A,A,A,A,N,N,N,A,A,N,N,N,A,N,N,A,N,A,A,A,A,N
T2;ACAT;ACAT1;MAT;THIL,N,N,N,N,N,N,N,N,N,N,N,N,N,N,N,N,N,N,N,N,N,N,N,N,N,N,N,N,N,N,N,N
ACAT2,N,N,N,N,N,N,N,N,N,N,N,N,N,N,N,N,N,N,N,N,N,N,N,N,N,N,N,N,N,N,N,N
ACAC;ACC1;ACCA;ACACA;ACACAD;ACC,N,N,N,N,N,N,N,N,N,N,N,N,N,N,N,N,N,N,N,N,N,N,N,N,N,N,N,N,N,N,N,N
ACACB;ACC2;ACCB;HACC275,N,N,N,N,N,N,N,N,N,N,N,N,N,N,N,N,N,N,N,N,N,N,N,N,N,N,N,N,N,N,N,N
PH2;GRHPR;GLXR;GLYD,N,N,N,N,N,N,N,N,N,N,N,N,N,N,N,N,N,N,N,N,N,N,N,N,N,N,N,N,N,N,N,N
PDCE2;PDC-E2;DLTA;DLAT,N,N,A,N,N,N,N,N,N,N,A,N,N,A,N,N,N,N,N,N,N,N,N,N,N,N,N,A,N,N,A,N
DLDD;GCSL;DLDH;LAD;E3;PHE3;DLD,N,N,N,N,N,N,N,N,N,N,N,N,N,N,N,N,N,N,N,N,N,N,N,N,N,N,N,N,N,N,N,N
ACYPE;ACYP1,N,N,N,N,N,N,N,N,N,N,N,N,N,N,N,N,N,N,N,N,N,N,N,N,N,N,N,N,N,N,N,N
ACYM;ACYP;ACYP2,N,N,N,N,N,N,N,N,N,N,N,N,N,N,N,N,N,N,N,N,N,N,N,N,N,N,N,N,N,N,N,N
MCL;MCUL1;HLRCC;FH;FMRD;LRCC,N,N,N,N,N,N,N,N,N,N,N,N,N,N,N,N,N,N,N,N,N,N,N,N,N,N,N,N,N,N,N,N
