FAPP;BSSL;FAP;BAL;CEase;CELL;BSDL;MODY8;CEL;LIPA,B,B,B,N,N,N,N,B,B,N,B,B,B,B,B,N,B,N,N,B,B,B,B,B,N,B,N,N,B,B,B,B
PNLIPRP3,N,N,N,N,N,N,N,N,N,N,N,N,N,N,N,N,N,N,N,N,N,N,N,N,N,N,N,N,N,N,N,N
HL;LIPH;HTGL;LIPC;HDLCQ12,N,N,N,N,N,N,N,N,N,N,N,N,N,N,N,N,N,N,N,N,N,N,N,N,N,N,N,N,N,N,N,N
PL;PNLIP;PNLIPD;PTL,N,N,N,N,N,N,N,N,N,N,N,N,N,N,N,N,N,N,N,N,N,N,N,N,N,N,N,N,N,N,N,N
PLRP1;PNLIPRP1,N,N,N,N,N,N,N,N,N,N,N,N,N,N,N,N,N,N,N,N,N,N,N,N,N,N,N,N,N,N,N,N
PNLIPRP2;PLRP2,N,N,N,N,N,N,N,N,N,N,N,N,N,N,N,N,N,N,N,N,N,N,N,N,N,N,N,N,N,N,N,N
ATGL;TTS-2.2;TTS2;1110001C14Rik;iPLA2zeta;PNPLA2;PEDF-R;FP17548,N,N,N,N,N,N,N,A,N,N,A,N,N,N,N,N,N,N,N,A,N,A,N,N,N,N,N,N,N,N,N,A
iPLA(2)epsilon;PNPLA3;C22orf20;ADPN,N,N,N,N,N,N,N,A,N,N,A,N,N,N,N,N,N,N,N,A,N,A,N,N,N,N,N,N,N,N,N,A
GL;LIPF;HLAL;HGL,A,A,A,N,N,N,N,A,A,N,A,N,A,A,A,N,N,N,A,A,A,A,A,A,A,A,A,A,A,N,A,A
EL;LIPG;EDL;PRO719,N,N,N,N,N,N,N,N,N,N,N,N,N,N,N,N,N,N,N,N,N,N,N,N,N,N,N,N,N,N,N,N
DGAT2L2;DC7;MGAT3;MOGAT3,A,N,N,N,A,N,N,A,A,N,A,A,A,A,A,A,A,A,A,A,N,A,A,A,A,A,N,N,A,A,A,N
HMFN1045;GS1999FULL;ARAT;DGAT2,A,N,N,N,A,N,N,A,A,N,A,A,A,A,A,A,A,A,A,A,N,A,A,A,A,A,N,N,A,A,A,N
ARAT;DGAT1;DGAT;ARGP1;DIAR7,A,A,A,N,N,A,A,N,N,N,A,N,A,N,A,A,N,N,N,A,A,A,N,A,A,N,A,A,A,A,A,N
PLPP4;DPPL2;PPAPDC1;PPAPDC1A,B,B,N,N,B,B,N,N,N,N,B,B,N,N,N,N,N,B,B,N,N,N,N,B,N,B,N,N,N,N,B,N
LPIN1;PAP1,N,A,A,N,A,A,A,A,A,N,A,N,N,N,A,A,N,A,N,N,A,A,A,A,A,A,A,N,N,N,A,A
LIPN3L;LPIN3;SMP2,N,A,A,N,A,A,A,A,A,N,A,N,N,N,A,A,N,A,N,N,A,A,A,A,A,A,A,N,N,N,A,A
PPAPDC1B;DPPL1;HTPAP;PLPP5,B,B,N,N,B,B,N,N,N,N,B,B,N,N,N,N,N,B,B,N,N,N,N,B,N,B,N,N,N,N,B,N
PPAP2A;LPP1;PLPP1;PAP-2a;LLP1a;PAP2,B,B,N,N,B,B,N,N,N,N,B,B,N,N,N,N,N,B,B,N,N,N,N,B,N,B,N,N,N,N,B,N
PPAP2C;LPP2;PAP-2c;PLPP2;PAP2-g,B,B,N,N,B,B,N,N,N,N,B,B,N,N,N,N,N,B,B,N,N,N,N,B,N,B,N,N,N,N,B,N
PPAP2B;VCIP;Dri42;PLPP3;PAP2B;LPP3,B,B,N,N,B,B,N,N,N,N,B,B,N,N,N,N,N,B,B,N,N,N,N,B,N,B,N,N,N,N,B,N
LPIN2,N,A,A,N,A,A,A,A,A,N,A,N,N,N,A,A,N,A,N,N,A,A,A,A,A,A,A,N,N,N,A,A
MGAT1;DGAT2L1;MOGAT1;DGAT2L,A,N,N,N,A,N,N,A,A,N,A,A,A,A,A,A,A,A,A,A,N,A,A,A,A,A,N,N,A,A,A,N
MOGAT2;DGAT2L5.;MGAT2;DGAT2L5;hDC5,A,N,N,N,A,N,N,A,A,N,A,A,A,A,A,A,A,A,A,A,N,A,A,A,A,A,N,N,A,A,A,N
1-AGPAT1;G15;AGPAT1;LPAAT-alpha;LPAATA,N,N,N,N,N,N,A,N,A,N,A,N,N,A,N,N,N,N,N,A,N,N,N,N,N,A,N,N,N,N,A,N
BSCL1;AGPAT2;BSCL;LPAAT-beta;1-AGPAT2;LPAAB,N,N,N,N,N,N,A,N,A,N,A,N,N,A,N,N,N,N,N,A,N,N,N,N,N,A,N,N,N,N,A,N
MBOAT2;LPCAT4;OACT2;LPAAT;LPEAT;LPLAT_2,A,N,N,N,N,N,N,N,A,N,A,N,N,N,N,N,A,N,A,N,N,N,N,N,N,A,N,N,A,A,A,N
dJ434O11.1;LPLAT;LPLAT_1;MBOAT1;OACT1;LPEAT1;LPSAT,A,N,N,N,N,N,N,N,A,N,A,N,N,N,N,N,A,N,A,N,N,N,N,N,N,A,N,N,A,A,A,N
HSRG1849;UNQ1849;LCLAT1;1AGPAT8;ALCAT1;AGPAT8;LYCAT,N,A,A,N,N,N,A,N,A,N,A,A,N,A,N,N,N,N,N,A,N,N,N,A,N,A,N,N,N,N,A,N
1AGPAT5;LPAATE;AGPAT5,N,A,A,N,N,N,A,N,A,N,A,A,N,A,N,N,N,N,N,A,N,N,N,A,N,A,N,N,N,N,A,N
LPAAT3;AGPAT3;LPAAT-GAMMA1,N,A,A,N,N,N,A,N,A,N,A,A,N,A,N,N,N,N,N,A,N,N,N,A,N,A,N,N,N,N,A,N
LPAAT-delta;dJ473J16.2;AGPAT4;1-AGPAT4,N,A,A,N,N,N,A,N,A,N,A,A,N,A,N,N,N,N,N,A,N,N,N,A,N,A,N,N,N,N,A,N
AGK;CATC5;MULK;MTDPS10;CTRCT38,A,N,N,N,A,N,N,A,A,N,A,N,N,A,A,N,N,N,N,N,A,A,A,N,N,N,N,N,N,N,A,N
HUK5;MGL;HU-K5;MGLL;MAGL,N,N,N,N,N,N,N,N,N,N,N,N,N,N,N,N,N,N,N,N,N,N,N,N,N,N,N,N,N,N,N,N
AGPAT6;GPAT4;1-AGPAT_6;LPAAT-zeta;LPAATZ;TSARG7,N,A,A,A,N,A,N,A,A,N,A,N,N,N,N,N,A,N,A,N,A,N,A,N,N,N,N,N,N,A,A,A
GPAT2;CT123,N,N,N,N,N,N,N,N,N,N,N,N,N,N,N,N,N,N,N,N,N,N,N,N,N,N,N,N,N,N,N,N
GPAM;GPAT;GPAT1,N,N,N,N,N,N,N,N,N,N,N,N,N,N,N,N,N,N,N,N,N,N,N,N,N,N,N,N,N,N,N,N
AGPAT_10;HMFN0839;AGPAT9;AGPAT10;MAG1;AGPAT8;GPAT3;LPAAT-theta,N,A,A,A,N,A,N,A,A,N,A,N,N,N,N,N,A,N,A,N,A,N,A,N,N,N,N,N,N,A,A,A
NET45;TKFC;DAK,N,N,N,N,N,N,N,N,N,N,N,N,N,N,N,N,N,N,N,N,N,N,N,N,N,N,N,N,N,N,N,N
GK;GKD;GK1,A,N,A,A,N,N,N,A,N,N,N,N,N,N,N,N,N,N,N,N,N,N,N,N,N,N,N,N,N,N,A,N
GK2;GKTA;GKP2,A,N,A,A,N,N,N,A,N,N,N,N,N,N,N,N,N,N,N,N,N,N,N,N,N,N,N,N,N,N,A,N
ALDR1;AKR1B1;ALR2;AR;ADR,N,N,N,N,N,N,N,N,N,N,N,N,N,N,N,N,N,N,N,N,N,N,N,N,N,N,N,N,N,N,N,N
ARL-1;AKR1B10;ARL1;AKR1B11;ALDRLn;HSI;HIS;AKR1B12,N,N,N,N,N,N,N,N,N,N,N,N,N,N,N,N,N,N,N,N,N,N,N,N,N,N,N,N,N,N,N,N
ALDHI;ALDH-E2;ALDH2;ALDM,A,N,A,N,A,N,A,A,A,N,A,A,A,A,N,N,N,A,A,N,N,N,A,N,N,A,N,A,A,A,A,N
ALDH1B1;ALDH5;ALDHX,A,N,A,N,A,N,A,A,A,N,A,A,A,A,N,N,N,A,A,N,N,N,A,N,N,A,N,A,A,A,A,N
ALDH9A1;ALDH9;ALDH7;E3;TMABADH;ALDH4,A,N,A,N,A,N,A,A,A,N,A,A,A,A,N,N,N,A,A,N,N,N,A,N,N,A,N,A,A,A,A,N
SLS;FALDH;ALDH10;ALDH3A2,A,N,A,N,A,N,A,A,A,N,A,A,A,A,N,N,N,A,A,N,N,N,A,N,N,A,N,A,A,A,A,N
EPD;PDE;ATQ1;ALDH7A1,A,N,A,N,A,N,A,A,A,N,A,A,A,A,N,N,N,A,A,N,N,N,A,N,N,A,N,A,A,A,A,N
ALDR1;ARM;HEL-S-6;AKR1A1;ALR;DD3,N,N,N,N,N,N,N,N,N,N,N,N,N,N,N,N,N,N,N,N,N,N,N,N,N,N,N,N,N,N,N,N
LIPD;LPL;HDLCQ11,N,N,N,N,N,N,N,N,N,N,N,N,N,N,N,N,N,N,N,N,N,N,N,N,N,N,N,N,N,N,N,N
GLA;GALA,N,A,A,A,N,N,N,N,A,N,A,A,N,A,N,N,A,N,N,N,N,N,N,N,N,A,N,A,N,N,A,N
DGKK,A,A,N,N,N,A,A,A,A,N,A,N,N,N,N,A,A,N,N,A,A,A,A,N,N,N,A,A,N,A,A,N
DAGK1;DGK-alpha;DAGK;DGKA,A,N,N,N,N,A,N,A,A,N,A,N,N,N,N,A,A,N,N,A,A,A,A,N,N,N,N,N,N,N,A,N
DAGK2;DGK;DGK-BETA;DGKB,A,N,N,N,N,A,N,A,A,N,A,N,N,N,N,A,A,N,N,A,A,A,A,N,N,N,N,N,N,N,A,N
DAGK3;DGK-GAMMA;DGKG,A,N,N,N,N,A,N,A,A,N,A,N,N,N,N,A,A,N,N,A,A,A,A,N,N,N,N,N,N,N,A,N
DGKH;DGKeta,A,A,A,A,N,A,N,A,A,N,A,A,N,A,N,A,A,N,A,A,A,A,A,N,N,A,N,N,N,N,A,N
DGKQ;DAGK4;DAGK7;DAGK,A,N,N,N,N,A,N,A,A,N,A,N,N,N,N,A,A,N,N,A,A,A,A,N,N,N,N,N,N,N,A,N
DAGK5;DGKZ;DAGK6;hDGKzeta;DGK-ZETA,A,N,N,N,N,A,N,A,A,N,A,N,N,N,N,A,A,N,N,A,A,A,A,N,N,N,N,N,N,N,A,N
NPHS7;DGKE;DAGK5;DAGK6;DGK;AHUS7,A,N,N,N,N,A,N,A,A,N,A,N,N,N,N,A,A,N,N,A,A,A,A,N,N,N,N,N,N,N,A,N
dgkd-2;DGKD;DGKdelta,A,A,A,A,N,A,N,A,A,N,A,A,N,A,N,A,A,N,A,A,A,A,A,A,N,A,N,N,N,N,A,N
DGK-IOTA;DGKI,A,N,N,N,N,A,N,A,A,N,A,N,N,N,N,A,A,N,N,A,A,A,A,N,N,N,N,N,N,N,A,N
HBeAgBP4A;HBEBP4;GLYCTK;HBEBP2,N,N,N,N,N,N,N,N,N,N,N,N,N,N,N,N,N,N,N,N,N,N,N,N,N,N,N,N,N,N,N,N
