CACNG3,N,N,N,N,N,N,N,N,N,N,N,N,N,N,N,N,N,N,N,N,N,N,N,N,N,N,N,N,N,N,N,N
MRD10;CACNG2,N,N,N,N,N,N,N,N,N,N,N,N,N,N,N,N,N,N,N,N,N,N,N,N,N,N,N,N,N,N,N,N
CACNG5,N,N,N,N,N,N,N,N,N,N,N,N,N,N,N,N,N,N,N,N,N,N,N,N,N,N,N,N,N,N,N,N
CACNG4,N,N,N,N,N,N,N,N,N,N,N,N,N,N,N,N,N,N,N,N,N,N,N,N,N,N,N,N,N,N,N,N
HSA272268;CACNA2D3,N,N,N,N,N,N,N,N,N,N,N,N,N,N,N,N,N,N,N,N,N,N,N,N,N,N,N,N,N,N,N,N
CACNG8,N,N,N,N,N,N,N,N,N,N,N,N,N,N,N,N,N,N,N,N,N,N,N,N,N,N,N,N,N,N,N,N
CACNG7,N,N,N,N,N,N,N,N,N,N,N,N,N,N,N,N,N,N,N,N,N,N,N,N,N,N,N,N,N,N,N,N
CACNG6,N,N,N,N,N,N,N,N,N,N,N,N,N,N,N,N,N,N,N,N,N,N,N,N,N,N,N,N,N,N,N,N
TS;CACH2;CACNL1A1;CaV1.2;CACN2;LQT8;CACNA1C;CCHL1A1,N,N,N,N,N,N,N,N,N,N,N,N,N,N,N,N,N,N,N,N,N,N,N,N,N,N,N,N,N,N,N,N
CCHL1A2;CACN4;Cav1.3;PASNA;CACH3;CACNL1A2;SANDD;CACNA1D,N,N,N,N,N,N,N,N,N,N,N,N,N,N,N,N,N,N,N,N,N,N,N,N,N,N,N,N,N,N,N,N
COD3;CSNB2;CSNB2A;Cav1.4;JMC8;Cav1.4alpha1;CORDX;JM8;COD4;CSNBX2;CACNA1F;OA2;CORDX3;AIED,N,N,N,N,N,N,N,N,N,N,N,N,N,N,N,N,N,N,N,N,N,N,N,N,N,N,N,N,N,N,N,N
CACNA1S;MHS5;TTPP1;CACNL1A3;hypoPP;HOKPP;HOKPP1;Cav1.1;CCHL1A3,N,N,N,N,N,N,N,N,N,N,N,N,N,N,N,N,N,N,N,N,N,N,N,N,N,N,N,N,N,N,N,N
lncRNA-N3;CACNL2A;LINC01112;CACNA2;CACNA2D1;CCHL2A;MHS3,N,N,N,N,N,N,N,N,N,N,N,N,N,N,N,N,N,N,N,N,N,N,N,N,N,N,N,N,N,N,N,N
CACNB1;CCHLB1;CACNLB1;CAB1,N,N,N,N,N,N,N,N,N,N,N,N,N,N,N,N,N,N,N,N,N,N,N,N,N,N,N,N,N,N,N,N
CACNB2;CACNLB2;CAVB2;MYSB,N,N,N,N,N,N,N,N,N,N,N,N,N,N,N,N,N,N,N,N,N,N,N,N,N,N,N,N,N,N,N,N
CACNLB3;CACNB3;CAB3,N,N,N,N,N,N,N,N,N,N,N,N,N,N,N,N,N,N,N,N,N,N,N,N,N,N,N,N,N,N,N,N
EJM;EJM6;EIG9;CAB4;EJM4;CACNB4;EA5;CACNLB4,N,N,N,N,N,N,N,N,N,N,N,N,N,N,N,N,N,N,N,N,N,N,N,N,N,N,N,N,N,N,N,N
CACNG1;CACNLG,N,N,N,N,N,N,N,N,N,N,N,N,N,N,N,N,N,N,N,N,N,N,N,N,N,N,N,N,N,N,N,N
CACNA2D;CACNA2D2,N,N,N,N,N,N,N,N,N,N,N,N,N,N,N,N,N,N,N,N,N,N,N,N,N,N,N,N,N,N,N,N
CACNA2D4;RCD4,N,N,N,N,N,N,N,N,N,N,N,N,N,N,N,N,N,N,N,N,N,N,N,N,N,N,N,N,N,N,N,N
ARVD2;RYR2;RYR-2;ARVC2;VTSIP;RyR,A,A,A,A,N,N,A,A,A,N,A,A,A,A,A,A,N,N,N,A,A,A,A,N,N,A,A,A,N,N,A,A
NCX1;SLC8A1,N,N,N,N,N,N,N,N,N,N,N,N,N,N,N,N,N,N,N,N,N,N,N,N,N,N,N,N,N,N,N,N
DD;SERCA2;ATP2A2;DAR;ATP2B,N,N,B,B,B,B,B,B,B,N,B,B,N,B,B,B,B,B,B,B,B,N,N,B,N,B,N,B,B,N,B,B
TN-C;CMD1Z;TNC;TNNC;CMH13;TNNC1,A,A,A,A,A,A,A,A,A,A,A,A,A,A,A,A,A,A,A,A,A,A,A,A,A,A,A,A,A,A,A,A
TNNI3;CMH7;CMD2A;CMD1FF;TNNC1;cTnI;RCM1,N,N,N,N,N,N,N,N,N,N,N,N,N,N,N,N,N,N,N,N,N,N,N,N,N,N,N,N,N,N,N,N
TNNT2;TnTC;RCM3;cTnT;CMD1D;CMH2;LVNC6;CMPD2,N,N,N,N,N,N,N,N,N,N,N,N,N,N,N,N,N,N,N,N,N,N,N,N,N,N,N,N,N,N,N,N
CMD1R;LVNC4;ACTC1;CMH11;ACTC;ASD5,D,D,D,D,D,D,D,D,D,N,D,D,D,D,D,D,D,D,D,D,D,D,D,D,N,D,D,D,D,D,D,D
LVNC9;HEL-S-265;TPM1;HTM-alpha;TMSA;CMH3;C15orf13;CMD1Y,A,N,A,A,A,N,N,A,N,N,N,A,N,N,N,N,A,N,A,A,A,A,A,A,N,A,N,A,N,A,A,N
AMCD1;TPM2;TMSB;DA2B;NEM4;DA1;HEL-S-273,A,N,A,A,A,N,N,A,N,N,N,A,N,N,N,N,A,N,A,A,A,A,A,A,N,A,N,A,N,A,A,N
HEL-S-82p;TRK;CAPM1;NEM1;TM30nm;TM3;TM30;hscp30;OK/SW-cl.5;TPM3;HEL-189;TM-5;TM5;CFTD;TPMsk3,A,N,A,A,A,N,N,A,N,N,N,A,N,N,N,N,A,N,A,A,A,A,A,A,N,A,N,A,N,A,A,N
HEL-S-108;TPM4,A,N,A,A,A,N,N,A,N,N,N,A,N,N,N,N,A,N,A,A,A,A,A,A,N,A,N,A,N,A,A,N
ASD3;CMH14;MYHC;MYH6;SSS3;alpha-MHC;CMD1EE;MYHCA,A,A,A,A,A,A,A,A,A,N,A,A,A,A,A,A,A,A,A,A,A,A,A,A,A,A,A,A,A,A,A,A
MPD1;SPMM;MYH7;MYHCB;CMH1;SPMD;CMD1S,A,A,A,A,A,A,A,A,A,N,A,A,A,A,A,A,A,A,A,A,A,A,A,A,A,A,A,A,A,A,A,A
MYL2;MLC-2s/v;MLC2;CMH10,A,A,A,A,A,N,A,A,A,N,A,A,A,A,A,A,A,A,A,A,A,A,A,A,A,A,N,A,A,A,A,A
MLC1V;MYL3;VLC1;CMH8;MLC-lV/sb;MLC1SB;VLCl,A,A,A,A,A,N,N,A,A,N,A,A,A,A,A,A,A,A,A,A,A,A,A,A,A,A,N,A,A,A,A,A
ALC1;MYL4;PRO1957;GT1;AMLC,A,A,A,A,A,N,N,A,A,N,A,A,A,A,A,A,A,A,A,A,A,A,A,A,A,A,N,A,A,A,A,A
MRSA;SLC9A6;NHE6,A,N,N,N,N,N,N,N,A,N,N,N,N,A,A,N,N,N,N,N,N,N,N,N,N,A,N,N,N,N,A,N
0710008D09Rik;QCR10;UQCR11;UQCR,N,N,N,N,N,N,N,N,N,N,N,N,N,N,N,N,N,N,N,N,N,N,N,N,N,N,N,N,N,N,N,N
COX6B2;CT59;COXVIB2,A,A,N,N,A,A,N,N,A,N,N,N,N,N,N,N,N,A,A,N,N,A,N,N,N,N,N,N,N,A,A,A
COX_IV-1;COX4I1;COXIV-1;COXIV;COX4;COX4-1,N,N,N,N,N,N,N,N,N,N,N,N,N,N,N,N,N,N,N,N,N,N,N,N,N,N,N,N,N,N,N,N
COXVB;COX5B,A,N,A,N,N,A,N,A,A,N,A,A,N,N,N,N,A,N,A,N,A,N,N,A,N,A,N,N,N,N,A,A
COX6AL;COX6A;COX6A1;CMTRID,N,N,A,N,N,A,A,N,A,N,A,N,N,A,N,N,N,N,N,N,N,N,N,A,N,N,N,N,N,N,N,N
COX6AH;COX6A2;COXVIAH,N,N,A,N,N,A,A,N,A,N,A,N,N,A,N,N,N,N,N,N,N,N,N,A,N,N,N,N,N,N,N,N
COXVIb1;COX6B1;COX6B;COXG,A,A,N,N,A,A,N,N,A,N,N,N,N,N,N,N,N,A,A,N,N,A,N,N,N,N,N,N,N,A,A,A
COX6C,N,N,N,N,N,N,N,N,N,N,N,N,N,N,N,N,N,N,N,N,N,N,N,N,N,N,N,N,N,N,N,N
COX7A1;COX7A;COX7AM;COX7AH,N,N,N,N,N,N,N,N,N,N,N,N,N,N,N,N,N,N,N,N,N,N,N,N,N,N,N,N,N,N,N,N
COX7A2;COX7AL1;COXVIIa-L;COXVIIAL;COX7AL;VIIAL,N,N,N,N,N,N,N,N,N,N,N,N,N,N,N,N,N,N,N,N,N,N,N,N,N,N,N,N,N,N,N,N
LSDMCA2;COX7B;APLCC,N,N,N,N,N,N,N,N,N,N,N,N,N,N,N,N,N,N,N,N,N,N,N,N,N,N,N,N,N,N,N,N
COX7C,N,N,N,N,N,N,N,N,N,N,N,N,N,N,N,N,N,N,N,N,N,N,N,N,N,N,N,N,N,N,N,N
VIII-L;COX8L;COX8-2;VIII;COX8;COX8A;COX,N,N,N,N,N,N,N,N,N,N,N,N,N,N,N,N,N,N,N,N,N,N,N,N,N,N,N,N,N,N,N,N
UQCR4;MC3DN6;CYC1,N,N,N,N,N,N,N,N,N,N,N,N,N,N,N,N,N,N,N,N,N,N,N,N,N,N,N,N,N,N,N,N
COX7B2,N,N,N,N,N,N,N,N,N,N,N,N,N,N,N,N,N,N,N,N,N,N,N,N,N,N,N,N,N,N,N,N
UQCRQ;QPC;UQCR7;QP-C;MC3DN4;QCR8,N,N,N,N,N,N,N,N,N,N,N,N,N,N,N,N,N,N,N,N,N,N,N,N,N,N,N,N,N,N,N,N
QCR9;HSPC119;HSPC151;UCRC;UCCR7.2;UQCR10;HSPC051,N,A,N,N,N,N,A,N,A,N,N,N,N,A,N,N,N,N,A,A,N,N,N,N,A,A,N,A,N,N,A,N
COX8C;COX8-3,N,N,N,N,N,N,N,N,N,N,N,N,N,N,N,N,N,N,N,N,N,N,N,N,N,N,N,N,N,N,N,N
UQCRHL,N,N,N,N,N,N,N,N,A,N,A,N,N,A,A,A,A,N,N,N,N,A,N,N,N,N,N,N,N,N,N,A
MT-CO1;MTCO1;COX1;COI,N,N,N,N,N,N,N,N,N,N,N,N,N,N,N,N,N,N,N,N,N,N,N,N,N,N,N,N,N,N,N,N
MT-CO2;COX2;MTCO2;COII,N,N,N,N,N,N,N,N,N,N,N,N,N,N,N,N,N,N,N,N,N,N,N,N,N,N,N,N,N,N,N,N
MT-CO3;MTCO3;COX3;COIII,N,N,N,N,N,N,N,N,N,N,N,N,N,N,N,N,N,N,N,N,N,N,N,N,N,N,N,N,N,N,N,N
CYTB;MTCYB;MT-CYB,N,N,N,N,N,N,N,N,N,N,N,N,N,N,N,N,N,N,N,N,N,N,N,N,N,N,N,N,N,N,N,N
UQCR6;QPC;UQCRB;UQBC;QP-C;UQBP;UQPC;QCR7;MC3DN3,A,N,N,N,N,N,N,N,A,N,N,A,N,A,N,N,N,N,N,N,N,N,N,N,N,N,N,A,A,A,A,A
D3S3191;UQCR1;UQCRC1;QCR1,N,N,N,N,N,N,N,N,N,N,N,N,N,N,N,N,N,N,N,N,N,N,N,N,N,N,N,N,N,N,N,N
UQCR2;UQCRC2;QCR2;MC3DN5,N,N,N,N,N,N,N,N,N,N,N,N,N,N,N,N,N,N,N,N,N,N,N,N,N,N,N,N,N,N,N,N
UQCR5;RIS1;RIP1;UQCRFS1;RISP,N,N,N,N,N,N,B,B,B,N,B,N,B,B,N,N,B,B,B,N,B,B,N,B,N,B,N,N,N,B,B,B
UQCR8;QCR6;UQCRH,N,N,N,N,N,N,N,N,A,N,A,N,N,A,A,A,A,N,N,N,N,A,N,N,N,N,N,N,N,N,N,A
COXIV-2;COX4;COX4-2;dJ857M17.2;COX4I2;COX4L2;COX4B,N,N,N,N,N,N,N,N,N,N,N,N,N,N,N,N,N,N,N,N,N,N,N,N,N,N,N,N,N,N,N,N
COX7AR;COX7A2L;EB1;SIG81;COX7RP,N,N,N,N,N,N,N,N,N,N,N,N,N,N,N,N,N,N,N,N,N,N,N,N,N,N,N,N,N,N,N,N
VA;COX-VA;COX5A;COX,N,N,N,N,N,N,N,N,N,N,N,N,N,N,N,N,N,N,N,N,N,N,N,N,N,N,N,N,N,N,N,N
ATP1B4,N,N,N,N,N,N,N,N,N,N,N,N,N,N,N,N,N,N,N,N,N,N,N,N,N,N,N,N,N,N,N,N
ATP1A1,N,N,B,B,B,B,B,B,B,N,B,B,N,B,B,B,B,B,B,B,B,N,N,B,N,B,N,B,B,N,B,B
MHP2;ATP1A2;FHM2,N,N,B,B,B,B,B,B,B,N,B,B,N,B,B,B,B,B,B,B,B,N,N,B,N,B,N,B,B,N,B,B
ATP1A3;CAPOS;ATP1A1;DYT12;AHC2;RDP,N,N,B,B,B,B,B,B,B,N,B,B,N,B,B,B,B,B,B,B,B,N,N,B,N,B,N,B,B,N,B,B
ATP1A4;ATP1AL2;ATP1A1,N,N,B,B,B,B,B,B,B,N,B,B,N,B,B,B,B,B,B,B,B,N,N,B,N,B,N,B,B,N,B,B
ATP1B1;ATP1B,N,N,N,N,N,N,N,N,N,N,N,N,N,N,N,N,N,N,N,N,N,N,N,N,N,N,N,N,N,N,N,N
AMOG;ATP1B2,N,N,N,N,N,N,N,N,N,N,N,N,N,N,N,N,N,N,N,N,N,N,N,N,N,N,N,N,N,N,N,N
ATPB-3;CD298;ATP1B3,N,N,N,N,N,N,N,N,N,N,N,N,N,N,N,N,N,N,N,N,N,N,N,N,N,N,N,N,N,N,N,N
FXYD2;HOMG2;ATP1G1,N,N,N,N,N,N,N,N,N,N,N,N,N,N,N,N,N,N,N,N,N,N,N,N,N,N,N,N,N,N,N,N
APNH;SLC9A1;LIKNS;NHE-1;PPP1R143;NHE1,A,N,N,N,N,N,N,N,A,N,N,N,N,A,A,N,N,N,N,N,N,N,N,N,N,A,N,N,N,N,A,N
