BGLU11,N,N,N,N,N,N,N,N,N,N,N,N,N,N,N,N,N,N,N,N,N,N,N,N,N,N,N,N,N,N,N,N
BGLU40,N,N,N,N,N,N,N,N,N,N,N,N,N,N,N,N,N,N,N,N,N,N,N,N,N,N,N,N,N,N,N,N
BGLU1,N,N,N,N,N,N,N,N,N,N,N,N,N,N,N,N,N,N,N,N,N,N,N,N,N,N,N,N,N,N,N,N
BGLU5,N,N,N,N,N,N,N,N,N,N,N,N,N,N,N,N,N,N,N,N,N,N,N,N,N,N,N,N,N,N,N,N
BGLU6,N,N,N,N,N,N,N,N,N,N,N,N,N,N,N,N,N,N,N,N,N,N,N,N,N,N,N,N,N,N,N,N
BGLU45,N,N,N,N,N,N,N,N,N,N,N,N,N,N,N,N,N,N,N,N,N,N,N,N,N,N,N,N,N,N,N,N
BGLU46,N,N,N,N,N,N,N,N,N,N,N,N,N,N,N,N,N,N,N,N,N,N,N,N,N,N,N,N,N,N,N,N
BGLU21,N,N,N,N,N,N,N,N,N,N,N,N,N,N,N,N,N,N,N,N,N,N,N,N,N,N,N,N,N,N,N,N
BGLU22,N,N,N,N,N,N,N,N,N,N,N,N,N,N,N,N,N,N,N,N,N,N,N,N,N,N,N,N,N,N,N,N
ATA27,N,N,N,N,N,N,N,N,N,N,N,N,N,N,N,N,N,N,N,N,N,N,N,N,N,N,N,N,N,N,N,N
BGLU14,N,N,N,N,N,N,N,N,N,N,N,N,N,N,N,N,N,N,N,N,N,N,N,N,N,N,N,N,N,N,N,N
BGLU33,N,N,N,N,N,N,N,N,N,N,N,N,N,N,N,N,N,N,N,N,N,N,N,N,N,N,N,N,N,N,N,N
BGLU15,N,N,N,N,N,N,N,N,N,N,N,N,N,N,N,N,N,N,N,N,N,N,N,N,N,N,N,N,N,N,N,N
BGLU28,N,N,N,N,N,N,N,N,N,N,N,N,N,N,N,N,N,N,N,N,N,N,N,N,N,N,N,N,N,N,N,N
BGLU29,N,N,N,N,N,N,N,N,N,N,N,N,N,N,N,N,N,N,N,N,N,N,N,N,N,N,N,N,N,N,N,N
BGLU17,N,N,N,N,N,N,N,N,N,N,N,N,N,N,N,N,N,N,N,N,N,N,N,N,N,N,N,N,N,N,N,N
PEN2,N,N,N,N,N,N,N,N,N,N,N,N,N,N,N,N,N,N,N,N,N,N,N,N,N,N,N,N,N,N,N,N
BGLU25,N,N,N,N,N,N,N,N,N,N,N,N,N,N,N,N,N,N,N,N,N,N,N,N,N,N,N,N,N,N,N,N
PYK10,N,N,N,N,N,N,N,N,N,N,N,N,N,N,N,N,N,N,N,N,N,N,N,N,N,N,N,N,N,N,N,N
BGLU43,N,N,N,N,N,N,N,N,N,N,N,N,N,N,N,N,N,N,N,N,N,N,N,N,N,N,N,N,N,N,N,N
BGLU44,N,N,N,N,N,N,N,N,N,N,N,N,N,N,N,N,N,N,N,N,N,N,N,N,N,N,N,N,N,N,N,N
BGLU19,N,N,N,N,N,N,N,N,N,N,N,N,N,N,N,N,N,N,N,N,N,N,N,N,N,N,N,N,N,N,N,N
23,N,A,A,N,N,N,N,N,N,N,A,N,N,A,N,A,N,N,N,N,N,A,N,N,N,N,N,N,N,A,A,N
24,N,N,N,N,N,N,N,N,N,N,N,N,N,N,N,N,N,N,N,N,N,N,N,N,N,N,N,N,N,N,N,N
25,N,A,A,N,N,N,N,N,N,N,A,N,N,A,N,A,N,N,N,N,N,A,N,N,N,N,N,N,N,A,A,N
26,N,A,A,N,N,N,N,N,N,N,A,N,N,A,N,A,N,N,N,N,N,A,N,N,N,N,N,N,N,A,A,N
BGLU27,N,N,N,N,N,N,N,N,N,N,N,N,N,N,N,N,N,N,N,N,N,N,N,N,N,N,N,N,N,N,N,N
BGLU16,N,N,N,N,N,N,N,N,N,N,N,N,N,N,N,N,N,N,N,N,N,N,N,N,N,N,N,N,N,N,N,N
DIN2,N,N,N,N,N,N,N,N,N,N,N,N,N,N,N,N,N,N,N,N,N,N,N,N,N,N,N,N,N,N,N,N
BGLU7,N,N,N,N,N,N,N,N,N,N,N,N,N,N,N,N,N,N,N,N,N,N,N,N,N,N,N,N,N,N,N,N
BGLU8,N,N,N,N,N,N,N,N,N,N,N,N,N,N,N,N,N,N,N,N,N,N,N,N,N,N,N,N,N,N,N,N
BGLU47,N,N,N,N,N,N,N,N,N,N,N,N,N,N,N,N,N,N,N,N,N,N,N,N,N,N,N,N,N,N,N,N
BGLU3,N,N,N,N,N,N,N,N,N,N,N,N,N,N,N,N,N,N,N,N,N,N,N,N,N,N,N,N,N,N,N,N
BGLU9,N,N,N,N,N,N,N,N,N,N,N,N,N,N,N,N,N,N,N,N,N,N,N,N,N,N,N,N,N,N,N,N
BGLU10,N,N,N,N,N,N,N,N,N,N,N,N,N,N,N,N,N,N,N,N,N,N,N,N,N,N,N,N,N,N,N,N
36,N,A,A,N,N,N,N,N,N,N,A,N,N,A,N,A,N,N,N,N,N,A,N,N,N,N,N,N,N,A,A,N
BGLU2,N,N,N,N,N,N,N,N,N,N,N,N,N,N,N,N,N,N,N,N,N,N,N,N,N,N,N,N,N,N,N,N
38,N,A,A,N,N,N,N,N,N,N,A,N,N,A,N,A,N,N,N,N,N,A,N,N,N,N,N,N,N,A,A,N
39,N,A,A,N,N,N,N,N,N,N,A,N,N,A,N,A,N,N,N,N,N,A,N,N,N,N,N,N,N,A,A,N
BGLU31,N,N,N,N,N,N,N,N,N,N,N,N,N,N,N,N,N,N,N,N,N,N,N,N,N,N,N,N,N,N,N,N
BGLU32,N,N,N,N,N,N,N,N,N,N,N,N,N,N,N,N,N,N,N,N,N,N,N,N,N,N,N,N,N,N,N,N
BGLU24,N,N,N,N,N,N,N,N,N,N,N,N,N,N,N,N,N,N,N,N,N,N,N,N,N,N,N,N,N,N,N,N
BGLU42,N,N,N,N,N,N,N,N,N,N,N,N,N,N,N,N,N,N,N,N,N,N,N,N,N,N,N,N,N,N,N,N
BGLU12,N,N,N,N,N,N,N,N,N,N,N,N,N,N,N,N,N,N,N,N,N,N,N,N,N,N,N,N,N,N,N,N
BGLU13,N,N,N,N,N,N,N,N,N,N,N,N,N,N,N,N,N,N,N,N,N,N,N,N,N,N,N,N,N,N,N,N
BGLU41,N,N,N,N,N,N,N,N,N,N,N,N,N,N,N,N,N,N,N,N,N,N,N,N,N,N,N,N,N,N,N,N
HXK3,N,N,N,N,A,N,N,N,A,N,N,N,N,N,N,N,A,N,N,N,N,N,N,N,A,A,N,N,N,N,A,A
HKL1,N,N,N,N,A,N,N,N,A,N,N,N,N,N,N,N,A,N,N,N,N,N,N,N,A,A,N,N,N,N,A,A
HXK2,N,N,N,N,A,N,N,N,A,N,N,N,N,N,N,N,A,N,N,N,N,N,N,N,A,A,N,N,N,N,A,A
ATHXK4,N,N,N,N,A,N,N,N,A,N,N,N,N,N,N,N,A,N,N,N,N,N,N,N,A,A,N,N,N,N,A,A
HXK1,N,N,N,N,A,N,N,N,A,N,N,N,N,N,N,N,A,N,N,N,N,N,N,N,A,A,N,N,N,N,A,A
HKL3,N,N,N,N,A,N,N,N,A,N,N,N,N,N,N,N,A,N,N,N,N,N,N,N,A,A,N,N,N,N,A,A
ATBETAFRUCT4,A,N,N,N,N,N,N,N,A,N,N,A,N,A,N,N,N,N,N,N,N,N,A,N,N,N,N,N,N,N,N,N
54,A,N,N,N,N,N,N,N,A,N,N,A,N,A,N,N,N,N,N,N,N,N,A,N,N,N,N,N,N,N,N,N
cwINV4,A,N,N,N,N,N,N,N,A,N,N,A,N,A,N,N,N,N,N,N,N,N,A,N,N,N,N,N,N,N,N,N
CWINV5,A,N,N,N,N,N,N,N,A,N,N,A,N,A,N,N,N,N,N,N,N,N,A,N,N,N,N,N,N,N,N,N
ATBFRUCT1,A,N,N,N,N,N,N,N,A,N,N,A,N,A,N,N,N,N,N,N,N,N,A,N,N,N,N,N,N,N,N,N
cwINV6,A,N,N,N,N,N,N,N,A,N,N,A,N,A,N,N,N,N,N,N,N,N,A,N,N,N,N,N,N,N,N,N
59,N,N,N,N,N,N,N,N,N,N,N,N,N,N,N,N,N,N,N,N,N,N,N,N,N,N,N,N,N,N,N,N
60,N,N,N,N,N,N,N,N,N,N,N,N,N,N,N,N,N,N,N,N,N,N,N,N,N,N,N,N,N,N,N,N
61,N,N,N,N,N,N,N,N,N,N,N,N,N,N,N,N,N,N,N,N,N,N,N,N,N,N,N,N,N,N,N,N
62,N,N,N,N,N,N,N,N,N,N,N,N,N,N,N,N,N,N,N,N,N,N,N,N,N,N,N,N,N,N,N,N
63,N,N,N,N,N,N,N,N,N,N,N,N,N,N,N,N,N,N,N,N,N,N,N,N,N,N,N,N,N,N,N,N
64,N,N,N,N,N,N,N,N,N,N,N,N,N,N,N,N,N,N,N,N,N,N,N,N,N,N,N,N,N,N,N,N
65,N,N,N,N,N,N,N,N,N,N,N,N,N,N,N,N,N,N,N,N,N,N,N,N,N,N,N,N,N,N,N,N
66,N,N,N,N,N,N,N,N,N,N,N,N,N,N,N,N,N,N,N,N,N,N,N,N,N,N,N,N,N,N,N,N
67,N,N,N,N,N,A,N,N,N,N,A,N,N,N,A,N,N,N,N,N,N,A,N,N,N,N,N,N,N,N,A,N
68,N,N,N,N,N,A,N,N,N,N,A,N,N,N,A,N,N,N,N,N,N,A,N,N,N,N,N,N,N,N,A,N
69,N,N,N,N,N,N,N,N,A,N,A,A,N,N,N,N,N,N,A,A,N,N,N,N,N,N,N,A,N,N,N,N
70,N,N,N,N,N,N,N,N,A,N,A,A,N,N,N,N,N,N,A,A,N,N,N,N,N,N,N,A,N,N,N,N
71,N,N,N,N,N,N,N,N,A,N,A,A,N,N,N,N,N,N,A,A,N,N,N,N,N,N,N,A,N,N,N,N
72,N,N,N,N,N,N,N,N,A,N,A,A,N,N,N,N,N,N,A,A,N,N,N,N,N,N,N,A,N,N,N,N
73,N,N,N,N,N,N,N,N,A,N,A,A,N,N,N,N,N,N,A,A,N,N,N,N,N,N,N,A,N,N,N,N
74,N,N,N,N,N,N,N,N,A,N,A,A,N,N,N,N,N,N,A,A,N,N,N,N,N,N,N,A,N,N,N,N
GH9B11,N,N,N,N,N,N,N,N,N,N,N,N,N,N,N,N,N,N,N,N,N,N,N,N,N,N,N,N,N,N,N,N
GH9B12,N,N,N,N,N,N,N,N,N,N,N,N,N,N,N,N,N,N,N,N,N,N,N,N,N,N,N,N,N,N,N,N
GH9A4,N,N,N,N,N,N,N,N,N,N,N,N,N,N,N,N,N,N,N,N,N,N,N,N,N,N,N,N,N,N,N,N
GH9B17,N,N,N,N,N,N,N,N,N,N,N,N,N,N,N,N,N,N,N,N,N,N,N,N,N,N,N,N,N,N,N,N
GH9B18,N,N,N,N,N,N,N,N,N,N,N,N,N,N,N,N,N,N,N,N,N,N,N,N,N,N,N,N,N,N,N,N
SPP1,N,N,N,N,N,N,N,N,N,N,N,N,N,N,N,N,N,N,N,N,N,N,N,N,N,N,N,N,N,N,N,N
81,N,N,N,N,N,N,N,N,N,N,N,N,N,N,N,N,N,N,N,N,N,N,N,N,N,N,N,N,N,N,N,N
SPP2,N,N,N,N,N,N,N,N,N,N,N,N,N,N,N,N,N,N,N,N,N,N,N,N,N,N,N,N,N,N,N,N
83,N,N,N,N,N,N,N,N,N,N,N,N,N,N,N,N,N,N,N,N,N,N,N,N,N,N,N,N,N,N,N,N
SUS6,N,N,N,N,N,N,N,N,N,N,N,N,N,N,N,N,N,N,N,N,N,N,N,N,N,N,N,N,N,N,N,N
SUS4,N,N,N,N,N,N,N,N,N,N,N,N,N,N,N,N,N,N,N,N,N,N,N,N,N,N,N,N,N,N,N,N
SUS3,N,N,N,N,N,N,N,N,N,N,N,N,N,N,N,N,N,N,N,N,N,N,N,N,N,N,N,N,N,N,N,N
SUS1,N,N,N,N,N,N,N,N,N,N,N,N,N,N,N,N,N,N,N,N,N,N,N,N,N,N,N,N,N,N,N,N
SUS5,N,N,N,N,N,N,N,N,N,N,N,N,N,N,N,N,N,N,N,N,N,N,N,N,N,N,N,N,N,N,N,N
SUS2,N,N,N,N,N,N,N,N,N,N,N,N,N,N,N,N,N,N,N,N,N,N,N,N,N,N,N,N,N,N,N,N
SPS3F,N,N,N,N,N,N,N,N,N,N,N,N,N,N,N,N,N,N,N,N,N,N,N,N,N,N,N,N,N,N,N,N
ATSPS4F,N,N,N,N,N,N,N,N,N,N,N,N,N,N,N,N,N,N,N,N,N,N,N,N,N,N,N,N,N,N,N,N
SPS2F,N,N,N,N,N,N,N,N,N,N,N,N,N,N,N,N,N,N,N,N,N,N,N,N,N,N,N,N,N,N,N,N
SPS1F,N,N,N,N,N,N,N,N,N,N,N,N,N,N,N,N,N,N,N,N,N,N,N,N,N,N,N,N,N,N,N,N
UGP1,A,N,A,N,A,N,A,A,A,N,A,N,A,N,N,A,N,A,N,N,A,N,N,A,N,N,N,A,N,A,A,N
UGP2,A,N,A,N,A,N,A,A,A,N,A,N,A,N,N,A,N,A,N,N,A,N,N,A,N,N,N,A,N,A,A,N
TPS7,N,B,N,N,N,N,N,B,B,N,B,N,B,B,B,N,B,B,N,B,N,N,N,B,N,N,B,B,B,N,N,N
TPS2,N,B,N,N,N,N,N,B,B,N,B,N,B,B,B,N,B,B,N,B,N,N,N,B,N,N,B,B,B,N,N,N
TPS3,N,B,N,N,N,N,N,B,B,N,B,N,B,B,B,N,B,B,N,B,N,N,N,B,N,N,B,B,B,N,N,N
TPS9,N,B,N,N,N,N,N,B,B,N,B,N,B,B,B,N,B,B,N,B,N,N,N,B,N,N,B,B,B,N,N,N
TPS10,N,B,N,N,N,N,N,B,B,N,B,N,B,B,B,N,B,B,N,B,N,N,N,B,N,N,B,B,B,N,N,N
ATTPS6,N,B,N,N,N,N,N,B,B,N,B,N,B,B,B,N,B,B,N,B,N,N,N,B,N,N,B,B,B,N,N,N
TPS8,N,B,N,N,N,N,N,B,B,N,B,N,B,B,B,N,B,B,N,B,N,N,N,B,N,N,B,B,B,N,N,N
TPS1,N,B,N,N,N,N,N,B,B,N,B,N,B,B,B,N,B,B,N,B,N,N,N,B,N,N,B,B,B,N,N,N
TPS11,N,B,N,N,N,N,N,B,B,N,B,N,B,B,B,N,B,B,N,B,N,N,N,B,N,N,B,B,B,N,N,N
TPS5,N,B,N,N,N,N,N,B,B,N,B,N,B,B,B,N,B,B,N,B,N,N,N,B,N,N,B,B,B,N,N,N
TPS4,N,B,N,N,N,N,N,B,B,N,B,N,B,B,B,N,B,B,N,B,N,N,N,B,N,N,B,B,B,N,N,N
APS2,N,N,N,N,N,N,N,N,N,N,N,N,N,N,N,N,N,N,N,N,N,N,N,N,N,N,N,N,N,N,N,N
APL2,N,N,N,N,N,N,N,N,N,N,N,N,N,N,N,N,N,N,N,N,N,N,N,N,N,N,N,N,N,N,N,N
APL4,N,N,N,N,N,N,N,N,N,N,N,N,N,N,N,N,N,N,N,N,N,N,N,N,N,N,N,N,N,N,N,N
APL3,N,N,N,N,N,N,N,N,N,N,N,N,N,N,N,N,N,N,N,N,N,N,N,N,N,N,N,N,N,N,N,N
APL1,N,N,N,N,N,N,N,N,N,N,N,N,N,N,N,N,N,N,N,N,N,N,N,N,N,N,N,N,N,N,N,N
ADG1,N,N,N,N,N,N,N,N,N,N,N,N,N,N,N,N,N,N,N,N,N,N,N,N,N,N,N,N,N,N,N,N
PGM3,N,N,N,N,N,N,N,N,N,N,N,N,N,N,N,N,N,N,N,N,N,N,N,N,N,N,N,N,N,N,N,N
PGM2,N,N,N,N,N,N,N,N,N,N,N,N,N,N,N,N,N,N,N,N,N,N,N,N,N,N,N,N,N,N,N,N
PGM,N,N,N,N,N,N,N,N,N,N,N,N,N,N,N,N,N,N,N,N,N,N,N,N,N,N,N,N,N,N,N,N
PGI1,N,N,N,N,N,N,N,N,N,N,N,N,N,N,N,N,N,N,N,N,N,N,N,N,N,N,N,N,N,N,N,N
117,N,N,N,N,N,N,N,N,N,N,N,N,N,N,N,N,N,N,N,N,N,N,N,N,N,N,N,N,N,N,N,N
SBE2.1,N,N,N,N,N,N,N,N,N,N,N,N,N,N,N,N,N,N,N,N,N,N,N,N,N,N,N,N,N,N,N,N
EMB2729,N,N,N,N,N,N,N,N,N,N,N,N,N,N,N,N,N,N,N,N,N,N,N,N,N,N,N,N,N,N,N,N
SBE2.2,N,N,N,N,N,N,N,N,N,N,N,N,N,N,N,N,N,N,N,N,N,N,N,N,N,N,N,N,N,N,N,N
TPPC,N,A,N,N,N,N,N,A,A,N,A,N,A,A,N,N,A,N,N,N,N,N,N,A,N,N,N,A,A,N,N,N
TPPD,N,A,N,N,N,N,N,A,A,N,A,N,A,A,N,N,A,N,N,N,N,N,N,A,N,N,N,A,A,N,N,N
TPPB,N,A,N,N,N,N,N,A,A,N,A,N,A,A,N,N,A,N,N,N,N,N,N,A,N,N,N,A,A,N,N,N
TPPE,N,A,N,N,N,N,N,A,A,N,A,N,A,A,N,N,A,N,N,N,N,N,N,A,N,N,N,A,A,N,N,N
TPPF,N,A,N,N,N,N,N,A,A,N,A,N,A,A,N,N,A,N,N,N,N,N,N,A,N,N,N,A,A,N,N,N
TPPG,N,A,N,N,N,N,N,A,A,N,A,N,A,A,N,N,A,N,N,N,N,N,N,A,N,N,N,A,A,N,N,N
TPPH,N,A,N,N,N,N,N,A,A,N,A,N,A,A,N,N,A,N,N,N,N,N,N,A,N,N,N,A,A,N,N,N
TPPI,N,A,N,N,N,N,N,A,A,N,A,N,A,A,N,N,A,N,N,N,N,N,N,A,N,N,N,A,A,N,N,N
ATTPPA,N,A,N,N,N,N,N,A,A,N,A,N,A,A,N,N,A,N,N,N,N,N,N,A,N,N,N,A,A,N,N,N
TPPJ,N,A,N,N,N,N,N,A,A,N,A,N,A,A,N,N,A,N,N,N,N,N,N,A,N,N,N,A,A,N,N,N
TRE1,N,N,N,N,N,N,N,N,N,N,N,N,N,N,N,N,N,N,N,N,N,N,N,N,N,N,N,N,N,N,N,N
BAM1,N,N,N,N,N,N,N,N,N,N,N,N,N,N,N,N,N,N,N,N,N,N,N,N,N,N,N,N,N,N,N,N
BAM2,N,N,N,N,N,N,N,N,N,N,N,N,N,N,N,N,N,N,N,N,N,N,N,N,N,N,N,N,N,N,N,N
CT-BMY,N,N,N,N,N,N,N,N,N,N,N,N,N,N,N,N,N,N,N,N,N,N,N,N,N,N,N,N,N,N,N,N
AMY2,N,N,N,N,N,N,N,N,N,N,N,N,N,N,N,N,N,N,N,N,N,N,N,N,N,N,N,N,N,N,N,N
AMY1,N,N,N,N,N,N,N,N,N,N,N,N,N,N,N,N,N,N,N,N,N,N,N,N,N,N,N,N,N,N,N,N
PHS1,N,N,N,N,N,N,N,N,N,N,N,N,N,N,N,N,N,N,N,N,N,N,N,N,N,N,N,N,N,N,N,N
PHS2,N,N,N,N,N,N,N,N,N,N,N,N,N,N,N,N,N,N,N,N,N,N,N,N,N,N,N,N,N,N,N,N
DPE2,N,N,N,N,N,N,N,N,N,N,N,N,N,N,N,N,N,N,N,N,N,N,N,N,N,N,N,N,N,N,N,N
DPE1,N,N,N,N,N,N,N,N,N,N,N,N,N,N,N,N,N,N,N,N,N,N,N,N,N,N,N,N,N,N,N,N
SS2,N,A,A,A,N,A,N,A,N,N,N,N,N,A,N,A,N,N,N,N,N,N,N,N,N,N,A,N,N,N,N,N
SS1,N,A,A,A,N,A,N,A,N,N,N,N,N,A,N,A,N,N,N,N,N,N,N,N,N,N,A,N,N,N,N,N
NUDX14,N,N,N,N,N,N,N,N,N,N,N,N,N,N,N,N,N,N,N,N,N,N,N,N,N,N,N,N,N,N,N,N
DBE1,N,N,N,N,N,N,N,N,N,N,N,N,N,N,N,N,N,N,N,N,N,N,N,N,N,N,N,N,N,N,N,N
ISA1,N,N,N,N,N,N,N,N,N,N,N,N,N,N,N,N,N,N,N,N,N,N,N,N,N,N,N,N,N,N,N,N
ISA3,N,N,N,N,N,N,N,N,N,N,N,N,N,N,N,N,N,N,N,N,N,N,N,N,N,N,N,N,N,N,N,N
GBSS1,N,A,A,A,N,A,N,A,N,N,N,N,N,A,N,A,N,N,N,N,N,N,N,N,N,N,A,N,N,N,N,N
