RPS30A,D,D,D,N,D,N,D,N,D,N,D,N,D,N,D,D,D,D,N,N,N,N,N,N,D,N,N,N,N,D,D,N
RPS30B,D,D,D,N,D,N,D,N,D,N,D,N,D,N,D,D,D,D,N,N,N,N,N,N,D,N,N,N,N,D,D,N
RPL13A,A,N,N,N,N,N,N,N,A,N,N,A,N,N,N,N,N,N,N,N,N,N,N,N,N,N,N,N,N,N,A,N
RPL13B,A,N,N,N,N,N,N,N,A,N,N,A,N,N,N,N,N,N,N,N,N,N,N,N,N,N,N,N,N,N,A,N
CRY1;RPS14A;RPL59,N,N,N,N,N,N,N,N,N,N,N,N,N,N,N,N,N,N,N,N,N,N,N,N,N,N,N,N,N,N,N,N
CRY2;RPS14B,N,N,N,N,N,N,N,N,N,N,N,N,N,N,N,N,N,N,N,N,N,N,N,N,N,N,N,N,N,N,N,N
RPS23A,N,C,N,N,N,N,N,N,N,C,N,N,N,N,N,C,N,N,N,N,N,N,N,N,N,C,N,N,N,N,N,N
RPS23B,N,C,N,N,N,N,N,N,N,C,N,N,N,N,N,C,N,N,N,N,N,N,N,N,N,C,N,N,N,N,N,N
RPS18A,N,N,N,N,N,N,N,N,N,N,N,N,N,N,N,N,N,N,N,N,N,N,N,N,N,N,N,N,N,N,N,N
RPS18B,N,N,N,N,N,N,N,N,N,N,N,N,N,N,N,N,N,N,N,N,N,N,N,N,N,N,N,N,N,N,N,N
RPS29B,B,N,N,N,N,N,N,B,N,N,N,N,N,B,N,N,B,N,B,N,B,N,N,B,B,N,N,N,B,B,N,N
RPS29A,B,N,N,N,N,N,N,B,N,N,N,N,N,B,N,N,B,N,B,N,B,N,N,B,B,N,N,N,B,B,N,N
RPS13C;RPS13;RPS13B,D,D,D,N,N,D,D,D,D,D,N,N,D,D,D,D,D,D,D,D,D,D,N,D,D,D,D,D,D,D,D,D
RPS11B,N,N,N,N,N,N,N,N,N,N,N,N,N,N,N,N,N,N,N,N,N,N,N,N,N,N,N,N,N,N,N,N
RPS11A,N,N,N,N,N,N,N,N,N,N,N,N,N,N,N,N,N,N,N,N,N,N,N,N,N,N,N,N,N,N,N,N
RPS21;RPS15,N,N,N,N,N,N,N,N,N,N,N,N,N,N,N,N,N,N,N,N,N,N,N,N,N,N,N,N,N,N,N,N
RPS102;LPG18;RPS6B;RPS101,N,N,N,N,N,N,N,N,N,N,N,N,N,N,N,N,N,N,N,N,N,N,N,N,N,N,N,N,N,N,N,N
RPS6A,N,N,N,N,N,N,N,N,N,N,N,N,N,N,N,N,N,N,N,N,N,N,N,N,N,N,N,N,N,N,N,N
RPS8A,C,C,N,C,N,C,C,N,N,N,N,N,N,N,N,N,N,C,N,C,N,N,N,C,N,C,N,C,N,N,C,N
RPS8B,C,C,N,C,N,C,C,N,N,N,N,N,N,N,N,N,N,C,N,C,N,N,N,C,N,C,N,C,N,N,C,N
RPS17B;RPL51B;RP51B,N,N,N,N,C,N,C,C,N,N,N,N,N,N,N,N,N,C,N,N,C,C,N,N,N,N,N,C,N,N,N,N
RP51A;RPL51A;RPS17A,N,N,N,N,C,N,C,C,N,N,N,N,N,N,N,N,N,C,N,N,C,C,N,N,N,N,N,C,N,N,N,N
RPS19B;RP55B,N,D,D,D,N,D,D,N,N,N,D,N,N,N,N,N,N,D,N,N,N,N,D,N,D,N,N,N,N,N,N,N
RPS19A,N,D,D,D,N,D,D,N,N,N,D,N,N,N,N,N,N,D,N,N,N,N,D,N,D,N,N,N,N,N,N,N
RPS24A;RPS24EA,N,N,N,N,N,N,N,N,C,C,N,C,N,N,N,N,N,N,C,N,N,N,N,N,C,N,N,N,N,C,N,N
RPS24B;RPS24EB,N,N,N,N,N,N,N,N,C,C,N,C,N,N,N,N,N,N,C,N,N,N,N,N,C,N,N,N,N,C,N,N
RPS27B,D,D,N,N,N,D,D,D,D,D,D,D,D,D,N,D,D,N,N,N,D,N,N,N,D,D,N,D,D,D,D,D
RPS27A,D,D,N,N,N,D,D,D,D,D,D,D,D,D,N,D,D,N,N,N,D,N,N,N,D,D,N,D,D,D,D,D
UBI3;RPS31;RPS37,D,D,D,N,N,N,D,D,D,N,D,N,D,D,D,D,D,D,D,N,D,D,D,D,N,D,D,N,D,D,D,D
RPS7B,A,A,A,A,A,A,N,N,A,N,A,A,A,A,A,A,A,N,A,A,A,A,A,N,A,A,A,A,A,A,A,A
RPS7A;RPS30,A,A,A,A,A,A,N,N,A,N,A,A,A,A,A,A,A,N,A,A,A,A,A,N,A,A,A,A,A,A,A,A
RPS10B,N,A,N,A,A,A,A,A,A,A,A,A,A,A,N,A,A,A,A,A,A,A,A,A,A,A,N,A,A,A,A,A
RPS10A,N,A,N,A,A,A,A,A,A,A,A,A,A,A,N,A,A,A,A,A,A,A,A,A,A,A,N,A,A,A,A,A
RPS12,N,N,N,N,N,N,N,N,C,N,C,N,N,C,N,N,N,N,C,N,C,N,N,N,N,C,C,N,C,N,C,N
RPS21B,A,N,N,N,N,N,N,A,N,N,N,N,A,A,N,N,N,A,N,N,N,N,N,N,N,N,N,N,A,A,A,N
RPS21A;RPS25,A,N,N,N,N,N,N,A,N,N,N,N,A,A,N,N,N,A,N,N,N,N,N,N,N,N,N,N,A,A,A,N
RPS25A;RPS31A,N,D,N,D,N,D,N,D,D,N,D,D,D,N,D,D,N,D,D,N,N,D,N,D,D,N,N,D,D,N,D,N
RPS25B,N,D,N,D,N,D,N,D,D,N,D,D,D,N,D,D,N,D,D,N,N,D,N,D,D,N,N,D,D,N,D,N
RPS26B,D,D,D,D,N,D,N,D,D,D,D,D,D,N,D,D,D,D,D,D,D,D,D,D,D,N,D,D,D,D,N,D
RPS26;RPS26A,D,D,D,D,N,D,N,D,D,D,D,D,D,N,D,D,D,D,D,D,D,D,D,D,D,N,D,D,D,D,N,D
RPS33B;RPS28B,N,C,N,N,N,N,C,C,C,N,N,N,N,N,N,C,C,N,N,N,N,C,N,N,N,N,N,C,N,N,N,N
RPS28A;RPS33A,N,C,N,N,N,N,C,C,C,N,N,N,N,N,N,C,C,N,N,N,N,C,N,N,N,N,N,C,N,N,N,N
RPS4B,D,D,D,D,D,D,D,D,D,D,N,D,D,D,D,D,D,D,D,D,D,D,D,D,D,D,D,D,D,D,D,D
RPS4A,D,D,D,D,D,D,D,D,D,D,N,D,D,D,D,D,D,D,D,D,D,D,D,D,D,D,D,D,D,D,D,D
RPS1A;RP10A,D,D,D,N,N,N,N,D,D,N,D,D,D,N,D,D,D,N,D,D,D,D,D,D,D,N,D,N,D,N,D,N
PLC2;RP10B;RPS1B,D,D,D,N,N,N,N,D,D,N,D,D,D,N,D,D,D,N,D,D,D,D,D,D,D,N,D,N,D,N,D,N
47,N,N,N,N,N,N,N,N,N,N,N,N,N,N,N,N,N,N,N,N,N,N,N,N,N,N,N,N,N,N,N,N
21S_RRNA,N,N,N,N,N,N,N,N,N,N,N,N,N,N,N,N,N,N,N,N,N,N,N,N,N,N,N,N,N,N,N,N
49,N,N,N,N,N,N,N,N,N,N,N,N,N,N,N,N,N,N,N,N,N,N,N,N,N,N,N,N,N,N,N,N
50,N,N,N,N,N,N,N,N,N,N,N,N,N,N,N,N,N,N,N,N,N,N,N,N,N,N,N,N,N,N,N,N
51,N,N,N,N,N,N,N,N,N,N,N,N,N,N,N,N,N,N,N,N,N,N,N,N,N,N,N,N,N,N,N,N
52,N,N,N,N,N,N,N,N,N,N,N,N,N,N,N,N,N,N,N,N,N,N,N,N,N,N,N,N,N,N,N,N
53,N,N,N,N,N,N,N,N,N,N,N,N,N,N,N,N,N,N,N,N,N,N,N,N,N,N,N,N,N,N,N,N
54,N,N,N,N,N,N,N,N,N,N,N,N,N,N,N,N,N,N,N,N,N,N,N,N,N,N,N,N,N,N,N,N
55,N,N,N,N,N,N,N,N,N,N,N,N,N,N,N,N,N,N,N,N,N,N,N,N,N,N,N,N,N,N,N,N
56,N,N,N,N,N,N,N,N,N,N,N,N,N,N,N,N,N,N,N,N,N,N,N,N,N,N,N,N,N,N,N,N
57,N,N,N,N,N,N,N,N,N,N,N,N,N,N,N,N,N,N,N,N,N,N,N,N,N,N,N,N,N,N,N,N
58,N,N,N,N,N,N,N,N,N,N,N,N,N,N,N,N,N,N,N,N,N,N,N,N,N,N,N,N,N,N,N,N
MRPL11,N,N,N,N,N,N,N,N,N,N,N,N,N,N,N,N,N,N,N,N,N,N,N,N,N,N,N,N,N,N,N,N
MRPL19,N,N,N,N,N,N,N,N,N,N,N,N,N,N,N,N,N,N,N,N,N,N,N,N,N,N,N,N,N,N,N,N
YOR29-14;MAK8;TCM1;RPL3,N,N,A,N,A,N,N,N,N,N,N,N,N,N,N,N,A,N,N,N,N,A,N,N,N,A,N,N,N,N,A,N
RPL11B,N,N,N,N,N,N,N,N,N,N,N,N,N,N,N,N,N,N,N,N,N,N,N,N,N,N,N,N,N,N,N,N
RPL11A,N,N,N,N,N,N,N,N,N,N,N,N,N,N,N,N,N,N,N,N,N,N,N,N,N,N,N,N,N,N,N,N
RPL9A,N,N,N,N,N,N,N,N,N,N,N,N,N,N,N,N,N,N,N,N,N,N,N,N,N,N,N,N,N,N,N,N
RPL9B,N,N,N,N,N,N,N,N,N,N,N,N,N,N,N,N,N,N,N,N,N,N,N,N,N,N,N,N,N,N,N,N
RPL10E;RPP0,N,D,N,D,D,D,N,D,N,N,D,D,N,N,N,N,D,D,N,N,D,N,D,N,N,N,N,N,N,N,D,D
RPL12B,N,N,N,N,N,N,N,N,N,N,N,N,N,N,N,N,N,N,N,N,N,N,N,N,N,N,N,N,N,N,N,N
RPL12A,N,N,N,N,N,N,N,N,N,N,N,N,N,N,N,N,N,N,N,N,N,N,N,N,N,N,N,N,N,N,N,N
RPL13;RPL16A,N,N,N,N,N,N,N,N,N,N,N,N,N,N,N,N,N,N,N,N,N,N,N,N,N,N,N,N,N,N,N,N
RPL16B;RP23,N,N,N,N,N,N,N,N,N,N,N,N,N,N,N,N,N,N,N,N,N,N,N,N,N,N,N,N,N,N,N,N
MRPL23,N,N,N,N,B,B,N,N,B,N,B,N,N,N,N,N,N,N,N,N,N,N,N,B,N,N,B,N,N,N,B,N
MRPL9,N,N,N,N,N,N,N,N,N,N,N,N,N,N,N,N,N,N,N,N,N,N,N,N,N,N,N,N,N,N,N,N
MRPL7,N,N,N,N,N,N,N,N,N,N,N,N,N,N,N,N,N,N,N,N,N,N,N,N,N,N,N,N,N,N,N,N
MRPL6,N,N,N,N,N,N,N,N,N,N,N,N,N,N,N,N,N,N,N,N,N,N,N,N,N,N,N,N,N,N,N,N
RPL1B;SSM2,N,N,N,N,N,D,N,N,D,N,D,N,D,D,N,N,N,N,N,N,N,N,N,D,N,D,D,D,N,N,D,N
SSM1;RPL1A;PUB2,N,N,N,N,N,D,N,N,D,N,D,N,D,D,N,N,N,N,N,N,N,N,N,D,N,D,D,D,N,N,D,N
RPL5B;RPL2A,N,N,N,N,N,N,N,N,N,N,N,N,N,N,N,N,N,N,N,N,N,N,N,N,N,N,N,N,N,N,N,N
RPL2B;LOT2;RPL5A,N,N,N,N,N,N,N,N,N,N,N,N,N,N,N,N,N,N,N,N,N,N,N,N,N,N,N,N,N,N,N,N
RPL23A,N,N,D,D,D,D,N,N,D,N,N,N,N,N,D,N,N,N,N,N,N,N,N,N,D,D,N,D,N,D,N,D
RPL23B,N,N,D,D,D,D,N,N,D,N,N,N,N,N,D,N,N,N,N,N,N,N,N,N,D,D,N,D,N,D,N,D
RPL28;CYH2,N,N,N,N,N,N,N,N,D,D,N,N,N,N,N,N,N,D,N,N,N,N,N,N,N,N,N,N,N,D,N,N
MRPL10;MRPL18,N,N,N,N,N,N,N,N,D,D,N,N,N,N,N,N,N,D,N,N,N,N,N,N,N,N,N,N,N,D,N,N
RPL5;RPL1;LPI14,N,N,N,C,N,N,C,N,N,N,N,C,N,N,C,N,N,N,N,C,N,N,N,C,N,C,C,N,C,N,N,N
RPL17B,D,D,N,N,N,N,N,N,D,N,N,N,N,N,D,D,N,N,N,N,D,D,N,N,N,N,D,D,N,N,N,N
RPL17;RPL17A,D,D,N,N,N,N,N,N,D,N,N,N,N,N,D,D,N,N,N,N,D,D,N,N,N,N,D,D,N,N,N,N
RPL25,N,N,N,N,N,N,N,N,N,N,N,N,N,N,N,N,N,N,N,N,N,N,N,N,N,N,N,N,N,N,N,N
MRP20,N,N,N,N,N,N,N,N,N,N,N,N,N,N,N,N,N,N,N,N,N,N,N,N,N,N,N,N,N,N,N,N
RPL26B,N,D,N,N,N,N,D,D,D,D,D,N,N,D,N,D,D,N,D,D,D,N,D,D,N,D,D,D,D,D,D,D
RPL26A,N,D,N,N,N,N,D,D,D,D,D,N,N,D,N,D,D,N,D,D,D,N,D,D,N,D,D,D,D,D,D,D
MRPL40,N,N,N,N,N,N,N,N,N,N,N,N,N,N,N,N,N,N,N,N,N,N,N,N,N,N,N,N,N,N,N,N
RPL35B;SOS2,N,D,N,D,N,N,N,N,D,N,N,N,N,N,D,N,N,N,N,N,N,N,N,N,N,D,D,N,N,N,N,N
SOS1;RPL35A,N,D,N,D,N,N,N,N,D,N,N,N,N,N,D,N,N,N,N,N,N,N,N,N,N,D,D,N,N,N,N,N
RPL7A,N,D,N,N,D,N,N,N,D,N,N,N,N,D,N,D,D,N,N,N,N,N,N,N,D,N,D,D,N,N,D,N
RLP7;RPL7,N,D,N,N,D,N,N,N,D,N,N,N,N,D,N,D,D,N,N,N,N,N,N,N,D,N,D,D,N,N,D,N
RPL7B,N,D,N,N,D,N,N,N,D,N,N,N,N,D,N,D,D,N,N,N,N,N,N,N,D,N,D,D,N,N,D,N
RPL10A;RPL15A,D,D,D,D,D,D,D,D,D,D,N,D,D,D,D,D,D,D,D,D,D,N,D,D,D,D,D,D,D,D,D,D
RPL15B,D,D,D,D,D,D,D,D,D,D,N,D,D,D,D,D,D,D,D,D,D,N,D,D,D,D,D,D,D,D,D,D
RPL18B;RP28B,N,N,N,C,C,N,N,N,C,C,N,N,C,N,N,N,C,N,N,N,N,N,N,C,N,N,N,N,N,N,C,N
RP28A;RPL18A,N,N,N,C,C,N,N,N,C,C,N,N,C,N,N,N,C,N,N,N,N,N,N,C,N,N,N,N,N,N,C,N
RPL19B,N,D,N,N,D,N,N,N,D,N,N,N,D,N,N,N,N,N,N,D,N,N,N,N,N,N,N,D,N,D,N,N
RPL19A,N,D,N,N,D,N,N,N,D,N,N,N,D,N,N,N,N,N,N,D,N,N,N,N,N,N,N,D,N,D,N,N
RPL21A;URP1,N,C,N,N,N,N,C,N,N,N,N,N,C,N,N,N,N,N,N,N,N,N,N,N,N,N,N,C,N,N,N,N
RPL21B,N,C,N,N,N,N,C,N,N,N,N,N,C,N,N,N,N,N,N,N,N,N,N,N,N,N,N,C,N,N,N,N
RPL30A;RPL24A,D,D,D,N,D,D,N,N,D,N,N,D,D,D,N,D,N,D,N,N,N,N,N,N,N,N,D,N,D,N,N,N
RPL24B;RPL30B,D,D,D,N,D,D,N,N,D,N,N,D,D,D,N,D,N,D,N,N,N,N,N,N,N,N,D,N,D,N,N,N
RLP24,D,D,D,N,D,D,N,N,D,N,N,D,D,D,N,D,N,D,N,N,N,N,N,N,N,N,D,N,D,N,N,N
RPL30,D,D,D,N,D,N,D,D,D,D,N,N,N,N,D,D,D,D,N,N,N,N,N,N,D,D,N,N,D,N,D,N
SPB2;RPL46;RPL39,N,D,D,N,N,N,D,D,D,N,N,N,D,D,D,N,D,N,D,N,D,D,N,N,N,D,N,N,N,N,D,N
CEP52A;UB11;RPL40A;UBI1,D,D,D,N,N,N,D,D,D,N,D,N,D,D,D,D,D,D,D,N,D,D,D,D,N,D,D,N,D,D,D,D
RPL40B;UBI2;CEP52B;UB12,D,D,D,N,N,N,D,D,D,N,D,N,D,D,D,D,D,D,D,N,D,D,D,D,N,D,D,N,D,D,D,D
RPL47B;YDL134C-A;RPL41B,N,N,N,N,N,N,N,N,N,N,N,N,N,N,N,N,N,N,N,N,N,N,N,N,N,N,N,N,N,N,N,N
RPL47A;RPL41A,N,N,N,N,N,N,N,N,N,N,N,N,N,N,N,N,N,N,N,N,N,N,N,N,N,N,N,N,N,N,N,N
RPL42B;MAK18,N,N,N,N,N,N,N,N,N,N,N,N,N,N,N,N,N,N,N,N,N,N,N,N,N,N,N,N,N,N,N,N
RPL42A,N,N,N,N,N,N,N,N,N,N,N,N,N,N,N,N,N,N,N,N,N,N,N,N,N,N,N,N,N,N,N,N
RPL34;RPL31A,C,C,N,C,N,C,N,C,C,C,C,N,C,C,N,N,N,C,C,N,N,N,N,N,N,C,N,N,N,N,C,C
RPL31B,C,C,N,C,N,C,N,C,C,C,C,N,C,C,N,N,N,C,C,N,N,N,N,N,N,C,N,N,N,N,C,C
RPL32,N,N,N,N,N,C,N,N,C,N,C,N,N,C,N,N,N,N,N,N,C,N,N,N,N,N,C,C,C,N,N,N
RPL34A,N,C,N,N,N,C,N,N,N,N,N,N,N,N,C,C,N,N,N,N,N,N,N,C,N,N,N,N,N,N,N,N
RPL34B,N,C,N,N,N,C,N,N,N,N,N,N,N,N,C,C,N,N,N,N,N,N,N,C,N,N,N,N,N,N,N,N
RPL37B;RPL33B,N,N,N,N,N,N,C,N,N,C,N,N,N,N,N,C,N,C,N,N,N,N,N,N,N,N,C,N,N,C,C,N
RPL37A;RPL33A,N,N,N,N,N,N,C,N,N,C,N,N,N,N,N,C,N,C,N,N,N,N,N,N,N,N,C,N,N,C,C,N
RPL37B,N,D,D,N,N,D,N,N,N,N,N,D,N,N,N,N,N,N,N,N,N,N,N,N,D,N,N,D,N,N,N,N
RPL37A,N,D,D,N,N,D,N,N,N,N,N,D,N,N,N,N,N,N,N,N,N,N,N,N,D,N,N,D,N,N,N,N
RPL43B,D,D,N,D,D,D,D,D,D,D,D,N,N,D,N,D,D,N,D,D,D,N,N,D,D,N,D,D,N,N,N,D
RPL43A,D,D,N,D,D,D,D,D,D,D,D,N,N,D,N,D,D,N,D,D,D,N,N,D,D,N,D,D,N,N,N,D
RPL6B,A,A,N,N,A,A,N,N,N,A,N,A,N,A,N,A,N,N,N,A,N,N,N,N,A,N,A,N,N,N,A,N
RPL6A;YL16A,A,A,N,N,A,A,N,N,N,A,N,A,N,A,N,A,N,N,N,A,N,N,N,N,A,N,A,N,N,N,A,N
RPL20A;RPL18A2,N,A,A,A,A,A,A,A,A,A,N,A,A,A,A,A,A,A,A,A,A,N,A,A,A,A,A,A,A,A,A,A
RPL18A1;RPL20B,N,A,A,A,A,A,A,A,A,A,N,A,A,A,A,A,A,A,A,A,A,N,A,A,A,A,A,A,A,A,A,A
YFL035C-B;RPL22B,A,N,N,A,N,N,A,A,A,N,A,A,A,N,N,A,A,N,N,A,N,A,A,A,N,N,N,N,N,N,A,N
RPL22A,A,N,N,A,N,N,A,A,A,N,A,A,A,N,N,A,A,N,N,A,N,A,A,A,N,N,N,N,N,N,A,N
RPL27B,A,A,N,A,A,A,A,A,A,A,A,A,N,A,N,N,N,N,N,A,A,N,N,A,A,A,A,A,A,A,A,A
RPL27;RPL27A,A,A,N,A,A,A,A,A,A,A,A,A,N,A,N,N,N,N,N,A,A,N,N,A,A,A,A,A,A,A,A,A
RPL29,A,A,N,A,A,A,N,A,A,N,A,A,N,A,N,N,N,A,A,A,A,N,A,A,A,A,A,N,A,N,A,A
RPL39B;RPL36A,A,A,A,A,A,N,A,N,A,A,A,A,A,A,A,A,A,A,A,N,A,N,A,A,A,N,N,N,A,N,A,A
RPL36B,A,A,A,A,A,N,A,N,A,A,A,A,A,A,A,A,A,A,A,N,A,N,A,A,A,N,N,N,A,N,A,A
RPL38,N,N,N,N,N,N,N,N,N,N,N,N,N,N,N,N,N,N,N,N,N,N,N,N,N,N,N,N,N,N,N,N
RPL4A,D,D,D,N,D,D,N,D,D,N,D,D,D,D,D,D,D,N,D,D,N,D,D,D,D,D,N,D,D,N,D,D
RPL4B,D,D,D,N,D,D,N,D,D,N,D,D,D,D,D,D,D,N,D,D,N,D,D,D,D,D,N,D,D,N,D,D
MAK7;RPL8A,N,C,C,C,C,N,N,N,C,N,C,N,N,C,C,N,N,C,C,C,C,N,N,N,N,C,C,N,C,N,C,N
KRB1;RPL8B;SCL41,N,C,C,C,C,N,N,N,C,N,C,N,N,C,C,N,N,C,C,C,C,N,N,N,N,C,C,N,C,N,C,N
QSR1;GRC5;RPL10,D,D,D,N,D,D,N,D,D,D,D,D,D,D,D,D,D,D,D,D,D,D,D,D,D,D,D,D,N,D,D,D
RPL14B,N,N,N,N,N,N,N,N,N,N,N,N,N,N,N,N,N,N,N,N,N,N,N,N,N,N,N,N,N,N,N,N
RPL14A,N,N,N,N,N,N,N,N,N,N,N,N,N,N,N,N,N,N,N,N,N,N,N,N,N,N,N,N,N,N,N,N
YML6,N,N,N,N,N,N,N,N,N,N,N,N,N,N,N,N,N,N,N,N,N,N,N,N,N,N,N,N,N,N,N,N
MNP1,N,N,N,N,N,N,N,N,N,N,N,N,N,N,N,N,N,N,N,N,N,N,N,N,N,N,N,N,N,N,N,N
RPP1A;RPLA1,N,N,A,N,A,N,N,N,A,N,A,N,N,A,A,N,N,N,N,A,N,A,A,N,A,N,N,A,A,N,N,N
RPP1B;RPL44';RPLA3,N,N,A,N,A,N,N,N,A,N,A,N,N,A,A,N,N,N,N,A,N,A,A,N,A,N,N,A,A,N,N,N
RPP2B;YPA1;RPL45,N,A,A,A,N,N,N,N,A,N,N,N,N,N,N,N,A,N,N,A,A,A,N,A,A,N,A,N,N,N,N,A
RPL44;RPP2A;RPLA2,N,A,A,A,N,N,N,N,A,N,N,N,N,N,N,N,A,N,N,A,A,A,N,A,A,N,A,N,N,N,N,A
MRPL24,N,N,N,N,N,N,N,N,N,N,N,N,N,N,N,N,N,N,N,N,N,N,N,N,N,N,N,N,N,N,N,N
MRPL32,N,N,N,N,N,N,N,N,N,N,N,N,N,N,N,N,N,N,N,N,N,N,N,N,N,N,N,N,N,N,N,N
MRX14,N,N,N,N,N,N,N,N,N,N,N,N,N,N,N,N,N,N,N,N,N,N,N,N,N,N,N,N,N,N,N,N
TAE4;RTC6,N,N,N,N,N,N,N,N,N,N,N,N,N,N,N,N,N,N,N,N,N,N,N,N,N,N,N,N,N,N,N,N
15S_RRNA,N,N,N,N,N,N,N,N,N,N,N,N,N,N,N,N,N,N,N,N,N,N,N,N,N,N,N,N,N,N,N,N
156,N,N,N,N,N,N,N,N,N,N,N,N,N,N,N,N,N,N,N,N,N,N,N,N,N,N,N,N,N,N,N,N
157,N,N,N,N,N,N,N,N,N,N,N,N,N,N,N,N,N,N,N,N,N,N,N,N,N,N,N,N,N,N,N,N
MRPS5,N,N,N,N,N,N,N,B,B,B,N,N,N,N,N,N,N,B,N,N,N,N,N,N,N,N,N,B,B,N,N,N
RSM7,N,N,N,N,N,N,N,N,N,N,N,N,N,N,N,N,N,N,N,N,N,N,N,N,N,N,N,N,N,N,N,N
MRPS9,N,N,N,N,N,N,N,N,N,N,N,N,N,N,N,N,N,N,N,N,N,N,N,N,N,N,N,N,N,N,N,N
RSM10,B,N,N,N,N,B,N,N,N,N,B,B,N,N,N,N,N,N,B,N,N,N,N,B,N,B,N,N,N,N,B,N
RPS4;SUP44;SUP38;SUP138;RPS2,N,N,N,N,N,N,N,B,B,B,N,N,N,N,N,N,N,B,N,N,N,N,N,N,N,N,N,B,B,N,N,N
RPS5,N,N,N,N,N,N,N,N,N,N,N,N,N,N,N,N,N,N,N,N,N,N,N,N,N,N,N,N,N,N,N,N
RPS24;RPS22A,N,N,N,N,N,N,N,N,N,N,N,N,N,N,N,N,N,N,N,N,N,N,N,N,N,N,N,N,N,N,N,N
RPS22B,N,N,N,N,N,N,N,N,N,N,N,N,N,N,N,N,N,N,N,N,N,N,N,N,N,N,N,N,N,N,N,N
RPS16B,N,N,N,N,N,N,N,N,N,N,N,N,N,N,N,N,N,N,N,N,N,N,N,N,N,N,N,N,N,N,N,N
RPS16A,N,N,N,N,N,N,N,N,N,N,N,N,N,N,N,N,N,N,N,N,N,N,N,N,N,N,N,N,N,N,N,N
RPS20;URP2,B,N,N,N,N,B,N,N,N,N,B,B,N,N,N,N,N,N,B,N,N,N,N,B,N,B,N,N,N,N,B,N
NAB1A;NAB1;YST1;RPS0A,N,N,N,N,N,N,N,N,N,N,N,N,N,N,N,N,N,N,N,N,N,N,N,N,N,N,N,N,N,N,N,N
NAB1B;YST2;RPS0B,N,N,N,N,N,N,N,N,N,N,N,N,N,N,N,N,N,N,N,N,N,N,N,N,N,N,N,N,N,N,N,N
SUF14;RPS3,N,N,N,N,N,N,N,N,N,N,N,N,N,N,N,N,N,N,N,N,N,N,N,N,N,N,N,N,N,N,N,N
MRPS18,N,N,N,N,N,N,N,N,N,N,N,N,N,N,N,N,N,N,N,N,N,N,N,N,N,N,N,N,N,N,N,N
MRPS12,N,C,N,N,N,N,N,N,N,C,N,N,N,N,N,C,N,N,N,N,N,N,N,N,N,C,N,N,N,N,N,N
SWS2,N,N,N,N,N,N,N,N,N,N,N,N,N,N,N,N,N,N,N,N,N,N,N,N,N,N,N,N,N,N,N,N
MRP2,N,N,N,N,N,N,N,N,N,N,N,N,N,N,N,N,N,N,N,N,N,N,N,N,N,N,N,N,N,N,N,N
MRPS28,N,N,N,N,N,N,N,N,N,N,N,N,N,N,N,N,N,N,N,N,N,N,N,N,N,N,N,N,N,N,N,N
MRPS17,N,N,N,N,N,N,N,N,N,N,N,N,N,N,N,N,N,N,N,N,N,N,N,N,N,N,N,N,N,N,N,N
MRP17,N,N,N,N,N,N,N,N,N,N,N,N,N,N,N,N,N,N,N,N,N,N,N,N,N,N,N,N,N,N,N,N
MRPS16,N,N,N,N,N,N,N,N,N,N,N,N,N,N,N,N,N,N,N,N,N,N,N,N,N,N,N,N,N,N,N,N
RSM18,N,N,N,N,N,N,N,N,N,N,N,N,N,N,N,N,N,N,N,N,N,N,N,N,N,N,N,N,N,N,N,N
SUP46;RPS13A;RPS9B,A,N,N,A,N,N,N,A,A,N,N,N,N,N,N,N,N,N,N,N,A,N,N,N,N,N,A,N,N,N,N,N
RPS9A,A,N,N,A,N,N,N,A,A,N,N,N,N,N,N,N,N,N,N,N,A,N,N,N,N,N,A,N,N,N,N,N
MRP4,N,N,N,N,N,N,N,N,N,N,N,N,N,N,N,N,N,N,N,N,N,N,N,N,N,N,N,N,N,N,N,N
