FAL1,D,D,D,D,D,D,D,D,D,D,D,D,D,D,D,D,D,D,D,D,D,D,D,D,D,D,D,D,D,D,D,D
MEX67,N,N,N,N,A,N,N,N,N,N,A,N,N,N,A,N,N,N,N,N,N,N,N,N,N,A,N,N,A,N,A,A
SHE11;YRA1,N,N,N,N,N,N,N,N,N,N,N,N,N,N,N,N,N,N,N,N,N,N,N,N,N,N,N,N,N,N,N,N
MTR2,N,N,N,N,N,N,N,N,N,N,N,N,N,N,N,N,N,N,N,N,N,N,N,N,N,N,N,N,N,N,N,N
CBC1;STO1;GCR3;SUT1;CBP80,N,N,N,N,N,N,N,N,N,N,N,N,N,N,N,N,N,N,N,N,N,N,N,N,N,N,N,N,N,N,N,N
SUA6;UPF3;SUP112,N,N,N,N,N,N,N,N,N,N,N,N,N,N,N,N,N,N,N,N,N,N,N,N,N,N,N,N,N,N,N,N
SUB2,D,D,D,D,D,D,D,D,D,D,D,D,D,D,D,D,D,D,D,D,D,D,D,D,D,D,D,D,D,D,D,D
MOF4;UPF1;NAM7;SUT2;SUP113;IFS2,A,N,A,A,A,N,A,A,A,N,A,A,A,A,N,A,A,N,A,N,A,N,A,N,A,A,N,A,N,A,A,N
SUP111;NMD2;SUA1;IFS1;UPF2,N,A,N,N,N,N,A,N,N,N,N,N,N,N,N,N,A,N,N,N,A,N,N,N,N,A,N,N,N,N,N,N
SUP1;SUP45;SUP47;SAL4,C,N,N,C,N,N,C,N,N,C,C,C,N,C,N,C,C,N,N,C,C,C,C,N,N,N,N,C,C,C,N,C
PNM2;SAL3;SUP35;SUP2;SUP36;GST1;SUF12,D,D,D,N,D,D,D,N,N,D,D,D,N,N,D,D,D,N,D,N,D,N,D,D,N,N,D,N,D,N,D,N
ABD1,A,N,A,A,A,N,A,N,A,N,A,N,N,A,A,A,N,N,A,A,A,N,N,N,N,A,N,N,A,N,A,N
PAP1,A,A,A,N,A,N,N,A,A,N,N,A,A,A,N,N,A,A,A,A,A,N,A,N,A,A,A,A,N,N,A,N
PCF11,N,N,A,N,N,A,N,N,A,N,A,N,N,A,N,N,N,N,A,A,A,N,N,A,A,A,N,N,N,A,A,N
CLP1,N,N,N,N,A,N,A,N,N,N,N,N,N,N,N,N,A,N,N,N,N,N,A,N,N,N,N,N,N,N,N,N
FIP1,N,A,N,N,N,N,A,N,A,N,A,N,N,N,N,N,N,N,A,N,N,N,A,N,A,A,N,N,N,A,N,A
YSH1;BRR5,N,N,N,N,N,N,N,N,B,N,B,N,N,B,N,N,N,N,N,N,B,N,N,N,B,N,N,N,N,N,B,N
SYC1,N,N,N,N,N,N,N,N,N,N,N,N,N,N,N,N,N,N,N,N,N,N,N,N,N,N,N,N,N,N,N,N
CFT2;YDH1,N,N,N,N,N,N,N,N,B,N,B,N,N,B,N,N,N,N,N,N,B,N,N,N,B,N,N,N,N,N,B,N
YHH1;CFT1,A,A,A,N,A,A,N,A,A,A,A,A,N,A,A,A,A,A,A,A,N,N,A,A,N,N,A,A,A,N,A,N
YTH1,A,N,N,N,N,N,A,N,A,N,A,N,N,A,N,N,N,N,A,A,N,A,A,N,N,A,A,N,A,N,A,N
RNA15,A,A,A,A,A,A,A,A,A,N,A,A,A,A,A,N,A,A,N,N,A,A,A,A,A,A,A,A,N,A,A,A
PTI1,N,N,N,N,N,N,N,N,N,N,N,N,N,N,N,N,N,N,N,N,N,N,N,N,N,N,N,N,N,N,N,N
RNA14,N,A,N,N,N,A,N,N,N,N,N,N,N,N,N,N,N,N,A,N,N,N,N,N,N,N,A,N,N,N,A,N
FUN39;PTA1,N,N,N,N,N,N,N,N,N,N,N,N,N,N,N,N,N,N,N,N,N,N,N,N,N,N,N,N,N,N,N,N
CBC2;MUD13;CBP20;SAE1,A,N,N,N,A,A,A,N,A,N,N,A,A,A,N,A,A,N,N,N,N,N,A,A,A,N,N,N,A,N,A,N
RBP29;SGN1;RBP1,A,A,A,N,A,A,A,A,A,N,A,N,A,A,A,A,A,A,N,N,A,A,A,N,A,A,A,N,N,N,A,A
PAB1,D,D,D,D,D,D,D,D,D,D,D,D,D,D,D,D,D,D,D,D,D,D,D,D,D,D,D,D,D,D,D,D
TPD3;FUN32,N,N,A,A,A,A,A,N,A,N,A,N,A,N,N,N,A,N,N,A,A,A,N,N,N,A,A,A,N,N,A,N
PPH21,D,D,D,D,D,D,D,D,D,N,D,D,D,D,D,D,D,D,D,D,D,D,D,D,D,D,D,D,D,D,D,D
PPH22;PPH2,D,D,D,D,D,D,D,D,D,N,D,D,D,D,D,D,D,D,D,D,D,D,D,D,D,D,D,D,D,D,D,D
TMR4;CDC55,N,A,N,A,A,A,N,N,N,N,N,N,N,A,N,N,N,N,N,A,N,N,A,N,N,A,N,N,N,N,A,N
SCS1;RTS1,N,A,A,N,N,N,N,A,A,N,A,A,N,N,N,N,A,A,N,A,N,N,A,N,N,A,N,N,N,N,A,A
HBS1,D,D,D,N,D,D,D,N,N,D,D,D,N,N,D,D,D,N,D,N,D,N,D,D,N,N,D,N,D,N,D,N
DOM34,C,N,N,N,N,N,N,N,N,N,C,C,N,C,N,N,C,N,N,N,C,C,C,N,N,N,N,C,N,N,N,C
SKI7,D,N,D,N,D,N,D,N,N,N,N,D,N,N,D,D,D,N,N,N,D,N,D,D,N,N,D,N,N,N,D,N
HRP1;NAB5;NAB4,A,A,A,A,A,A,A,A,A,N,A,A,A,A,A,A,A,A,A,A,A,A,A,A,A,A,A,A,A,A,A,A
PFS2,A,A,A,A,A,A,A,A,A,A,A,A,A,A,A,A,A,A,A,A,A,A,A,A,A,A,A,A,A,A,A,A
SAF37;SWD2;CPS35,A,N,A,N,N,N,A,A,N,N,A,N,A,A,A,A,N,N,N,A,N,N,A,A,N,A,N,A,N,N,A,A
MPE1,A,N,N,N,A,N,A,A,A,N,A,N,N,A,N,A,A,A,A,N,A,A,A,N,N,A,A,A,A,N,A,A
PPZ2,D,D,D,D,D,D,D,D,D,N,D,D,D,D,D,D,D,D,D,D,D,D,D,D,D,D,D,D,D,D,D,D
CID1;GLC7;DIS2,D,D,D,D,D,D,D,D,D,N,D,D,D,D,D,D,D,D,D,D,D,D,D,D,D,D,D,D,D,D,D,D
PPZ1,D,D,D,D,D,D,D,D,D,N,D,D,D,D,D,D,D,D,D,D,D,D,D,D,D,D,D,D,D,D,D,D
SAL6;PPQ1,D,D,D,D,D,D,D,D,D,N,D,D,D,D,D,D,D,D,D,D,D,D,D,D,D,D,D,D,D,D,D,D
REF2,N,N,N,N,N,N,N,N,N,N,N,N,N,N,N,N,N,N,N,N,N,N,N,N,N,N,N,N,N,N,N,N
SSU72,B,B,B,N,N,B,B,B,B,N,B,B,N,B,N,N,N,B,B,B,N,N,N,B,N,N,B,B,N,N,B,N
