CSAD;PCAP;CSD,N,N,N,N,N,N,N,N,N,N,N,N,N,N,N,N,N,N,N,N,N,N,N,N,N,N,N,N,N,N,N,N
SCP;GAD1;GAD;CPSQ1,N,N,N,N,N,N,N,N,N,N,N,N,N,N,N,N,N,N,N,N,N,N,N,N,N,N,N,N,N,N,N,N
GAD2;GAD65,N,N,N,N,N,N,N,N,N,N,N,N,N,N,N,N,N,N,N,N,N,N,N,N,N,N,N,N,N,N,N,N
CDO-I;CDO1,A,N,N,N,N,N,N,A,N,N,A,N,N,N,N,N,N,N,N,N,N,A,N,N,N,N,N,N,N,N,N,N
C10orf22;ADO,N,A,N,N,A,N,N,N,A,N,A,N,N,A,A,N,N,N,A,N,A,N,A,N,N,A,N,N,N,N,N,A
ADC;GADL1;HuADC;CSADC;HuCSADC,N,N,N,N,N,N,N,N,N,N,N,N,N,N,N,N,N,N,N,N,N,N,N,N,N,N,N,N,N,N,N,N
GGT6,N,N,N,N,N,B,N,N,N,N,B,B,N,N,N,N,N,N,N,N,N,N,N,B,N,N,N,B,N,N,B,N
GGT_1;GTG;D22S672;D22S732;GGT1;CD224;GGT,N,N,N,N,N,B,N,N,N,N,B,B,N,N,N,N,N,N,N,N,N,N,N,B,N,N,N,B,N,N,B,N
GGTL3;GGT4;GGTL5;GGT7;D20S101,N,N,N,N,N,B,N,N,N,N,B,B,N,N,N,N,N,N,N,N,N,N,N,B,N,N,N,B,N,N,B,N
GGTLA1;GGT5;GGT_5;GGT-REL;GGL,N,N,N,N,N,B,N,N,N,N,B,B,N,N,N,N,N,N,N,N,N,N,N,B,N,N,N,B,N,N,B,N
BAAT;BAT;BACAT,N,N,N,N,N,N,N,N,N,N,N,N,N,N,N,N,N,N,N,N,N,N,N,N,N,N,N,N,N,N,N,N
