Prp5;PRPF5;DDX46,D,D,D,D,D,D,D,D,D,D,D,D,D,D,D,D,D,D,D,D,D,D,D,D,D,D,D,D,D,D,D,D
UAP56;D6S81E;DDX39B;BAT1,D,D,D,D,D,D,D,D,D,D,D,D,D,D,D,D,D,D,D,D,D,D,D,D,D,D,D,D,D,D,D,D
SNRNP70;U1AP;U1RNP;Snp1;RNPU1Z;SNRP70;U170K;U1-70K;RPU1,A,A,A,N,A,A,N,N,A,N,A,A,A,A,A,N,A,A,A,A,A,A,A,A,N,A,N,N,N,N,A,A
U1A;U1-A;Mud1;SNRPA,A,N,A,N,N,N,N,A,A,N,A,A,A,N,N,N,A,N,N,N,A,A,N,A,N,A,A,N,N,N,A,N
U1C;SNRPC;Yhc1,N,N,N,N,N,N,A,N,N,A,A,N,N,N,A,N,N,N,N,N,N,N,N,N,N,N,N,N,A,N,N,N
DBP2;PRP8;PRPF2;DDX16;DHX16;PRO2014;Prp2,A,A,A,A,A,A,A,A,A,N,A,A,A,A,A,A,A,A,A,A,A,A,A,A,N,A,A,A,A,A,A,A
DDX38;PRP16;PRPF16;DHX38,A,A,A,A,A,A,A,A,A,N,A,A,A,A,A,A,A,A,A,A,A,A,A,A,N,A,A,A,A,A,A,A
PRPF17;CDC40;EHB3;PRP17,A,A,A,A,A,A,A,A,A,A,A,A,A,A,A,A,A,A,A,A,A,A,A,A,A,A,A,A,A,A,A,A
HYPC;PRPF40B,N,A,A,N,A,N,A,A,A,N,A,A,A,A,N,N,A,A,N,N,A,N,A,N,N,A,N,N,N,N,A,A
PRPF40A;FBP-11;HIP10;NY-REN-6;FNBP3;HYPA;FLAF1;HIP-10;FBP11;Prp40,N,A,A,N,A,N,A,A,A,N,A,A,A,A,N,N,A,A,N,N,A,N,A,N,N,A,N,N,N,N,A,A
NET52;Snu71;RED120;fSAP94;S164;RBM25;RNPC7,A,A,N,N,A,A,A,N,A,N,A,A,N,A,A,N,A,N,A,A,A,A,A,A,N,A,N,A,N,A,A,A
Dhr2;HRH1;DDX8;PRPF22;PRP22;DHX8,A,A,A,A,A,A,A,A,A,N,A,A,A,A,A,A,A,A,A,A,A,A,A,A,N,A,A,A,A,A,A,A
HRH2;DBP1;PRP43;DDX15;PRPF43;DHX15;PrPp43p,A,A,A,A,A,A,A,A,A,N,A,A,A,A,A,A,A,A,A,A,A,A,A,A,N,A,A,A,A,A,A,A
snRNP-B;SmB/B';SNRPB;COD;SNRPB1;CCMS;SmB/SmB';Sm-B/B',A,A,N,N,A,A,N,A,A,N,A,N,N,A,N,A,A,A,A,A,A,A,A,A,A,N,A,A,A,N,A,A
HsT2456;SNRPD;SMD1;Sm-D1;SNRPD1,A,A,A,A,N,A,A,N,A,N,A,N,N,A,A,A,A,A,N,N,A,N,N,N,N,A,N,N,A,N,A,N
SMD2;Sm-D2;SNRPD1;SNRPD2,N,A,A,N,N,N,A,N,A,N,A,N,N,N,A,N,N,A,N,N,N,N,N,N,N,N,N,N,A,N,N,A
SNRPD3;Sm-D3;SMD3,A,A,A,A,N,A,A,N,A,N,A,N,N,A,A,A,A,A,N,A,A,N,N,A,N,A,N,N,A,N,A,A
SNRPE;snRNP-E;SME;HYPT11;Sm-E,N,N,N,N,N,C,N,N,C,C,C,N,N,N,N,N,C,C,N,N,N,N,N,C,N,C,N,N,N,N,N,N
SMF;SNRPF;Sm-F;snRNP-F,N,C,C,C,N,C,C,N,C,C,C,C,N,C,N,C,C,C,N,C,C,N,N,C,N,C,N,C,C,N,C,C
SNRPG;Sm-G;SMG,N,C,N,N,C,C,C,C,C,C,C,N,N,N,N,C,C,C,C,N,C,C,N,C,C,C,C,N,C,C,C,C
HUMP68;p68;HLR1;DDX5;G17P1,D,D,D,D,D,D,D,D,D,D,D,D,D,D,D,D,D,D,D,D,D,D,D,D,D,D,D,D,D,D,D,D
TCERG1;CA150;TAF2S;Urn1,N,A,A,N,A,N,A,A,A,N,A,A,A,A,N,N,A,A,N,N,A,A,A,N,A,A,A,A,N,A,A,A
SNRPA1;Lea1,B,N,B,B,B,N,N,B,B,N,B,B,B,B,N,B,B,B,B,N,B,B,B,N,B,N,N,N,N,B,B,N
SNRPB2;U2B'';Msl1,A,N,A,N,N,N,N,A,A,N,A,A,A,N,N,N,A,N,N,N,A,A,N,A,N,A,A,N,N,N,A,N
SF3A1;SF3A120;PRP21;PRPF21;SAP114,A,A,A,N,A,N,A,N,A,N,A,N,N,A,A,A,A,N,A,N,A,A,A,N,N,N,A,A,A,A,A,N
SAP61;PRP9;PRPF9;SF3a60;SF3A3,N,N,N,N,A,A,N,N,N,N,N,A,N,N,A,A,A,A,A,N,N,N,A,N,A,N,A,N,N,N,N,A
SAP62;PRPF11;SF3a66;SF3A2;PRP11,D,D,D,N,N,N,D,D,D,D,D,N,D,D,D,D,D,D,D,D,D,D,N,D,D,D,D,D,D,D,D,D
AFD1;SAP49;SF3b49;Hsh49;SF3B4,A,A,A,N,A,A,A,A,A,N,A,A,A,A,A,A,A,A,A,N,A,A,A,A,A,A,A,A,A,A,A,A
SF3b150;Cus1;SF3b1;SF3B2;SF3B145;SAP145,N,N,A,N,A,A,N,A,A,N,A,A,A,A,N,A,A,A,A,A,N,N,N,A,A,A,A,A,N,A,A,A
DDX42P;RHELP;SF3B8;DDX42;RNAHP;SF3b125,D,D,D,D,D,D,D,D,D,D,D,D,D,D,D,D,D,D,D,D,D,D,D,D,D,D,D,D,D,D,D,D
STAF130;SF3B3;SF3b130;RSE1;SAP130,A,A,A,N,N,A,N,N,A,A,A,A,N,A,A,A,A,A,A,A,N,N,A,A,N,N,A,A,A,N,A,N
SF3b155;SAP155;PRP10;PRPF10;Hsh155;MDS;SF3B1,A,A,N,N,N,N,A,N,N,N,A,N,N,N,N,N,A,N,N,A,A,N,N,N,A,A,N,N,N,N,N,N
SF3B14a;HSPC175;SAP14;SF3B14;CGI-110;P14;SAP14a;SF3B6;Ht006,A,A,N,A,A,N,N,A,A,N,A,N,A,N,N,N,A,A,A,A,A,N,A,N,N,N,A,N,A,A,A,N
SF3b10;Ysf3;SF3B5,A,A,N,N,A,N,A,A,A,N,A,A,A,A,N,A,A,A,A,A,A,N,N,A,N,N,N,N,A,A,A,A
INI;SAP14b;SF3b14b;bK223H9.2;PHF5A;SF3B7;Rds3,A,A,N,N,N,A,A,A,A,N,A,N,N,A,A,A,A,A,A,A,A,A,N,A,A,A,A,A,N,A,A,A
U2AF1L5,A,A,A,A,N,N,N,A,A,N,A,A,A,A,A,A,A,A,A,N,A,A,A,N,A,A,A,A,A,N,A,N
U2AF2;U2AF65,D,D,D,D,D,N,D,D,D,D,D,D,D,D,D,D,D,D,D,N,D,D,D,D,D,D,D,D,D,D,D,D
U2AF1L3V1;U2AF1L3;U2af26;U2AF1L4;U2AF1-RS3;U2AF1RS3,A,A,A,A,N,N,N,A,A,N,A,A,A,A,A,A,A,A,A,N,A,A,A,N,A,A,A,A,A,N,A,N
RN;FP793;U2AFBP;U2AF1;RNU2AF1;U2AF35,A,A,A,A,N,N,N,A,A,N,A,A,A,A,A,A,A,A,A,N,A,A,A,N,A,A,A,A,A,N,A,N
RoBPI;FIR;SIAHBP1;PUF60;VRJS,D,D,D,D,D,D,D,D,D,D,D,D,D,D,D,D,D,D,D,D,D,D,D,D,D,D,D,D,D,D,D,D
TDRD16C;SMNDC1;SPF30;SMNR,N,B,B,N,N,N,N,B,B,N,B,B,N,B,B,N,B,N,N,N,B,B,B,B,N,N,N,B,B,B,B,N
RBM17;SPF45,A,A,N,N,A,N,N,A,A,N,A,N,A,A,A,A,A,A,N,N,N,N,N,A,A,N,A,A,A,N,A,N
SRA1;SCAF6;DAN16;CHERP,N,N,N,N,N,N,A,N,A,N,A,N,N,N,A,A,A,N,N,N,A,N,A,N,N,N,N,N,N,N,A,N
fSAPa;U2SURP;SR140,A,A,A,N,N,A,A,A,A,N,A,A,A,A,N,A,A,N,A,N,A,A,N,A,N,A,A,N,A,N,A,A
NCBP2;CBP20;PIG55;CBC2;NIP1,A,A,A,A,A,A,A,A,A,N,A,A,A,A,A,A,A,A,N,N,A,A,A,A,A,A,A,N,A,A,A,N
NCBP1;NCBP;CBP80;Sto1,N,N,N,N,N,N,N,N,N,N,N,N,N,N,N,N,N,N,N,N,N,N,N,N,N,N,N,N,N,N,N,N
CXorf55;RBMXL3,A,A,A,N,A,A,A,A,A,N,A,A,A,A,A,A,A,A,A,N,A,A,A,A,A,A,A,A,A,N,A,A
HNRNPA1L2,A,A,A,N,A,A,A,A,A,N,A,A,A,A,A,A,A,N,A,A,A,A,A,A,A,A,A,A,A,N,A,A
HNRNPA3;D10S102;2610510D13Rik;FBRNP;HNRPA3,A,A,A,N,A,A,A,A,A,N,A,N,A,A,A,A,A,A,A,A,A,A,A,A,A,A,A,A,A,N,A,A
HNRPGT;HNRNPGT;HNRNPG-T;RBMXL2,A,A,A,N,A,A,A,A,A,N,A,A,A,A,A,A,A,A,A,A,A,A,A,A,A,A,A,A,A,A,A,A
HNRPG;RBMXP1;RBMX;HNRNPG;MRXS11;RBMXRT;hnRNP-G;RNMX,A,A,A,A,A,A,A,A,A,N,A,A,A,A,A,A,A,A,A,A,A,A,A,A,A,A,A,A,A,A,A,A
ALS19;ALS20;hnRNP-A1;IBMPFD3;UP_1;HNRNPA1;HNRPA1;HNRPA1L3;hnRNP_A1,A,A,A,N,A,A,A,A,A,N,A,A,A,A,A,A,A,N,A,A,A,A,A,A,A,A,A,A,A,N,A,A
HNRNPC;C2;SNRPC;HNRNP;HNRPC;C1,N,A,A,A,N,A,A,A,A,N,A,N,N,A,A,N,N,N,N,N,N,N,A,A,A,A,A,A,N,N,A,A
AUKS;HNRNPK;TUNP;CSBP;HNRPK,N,N,A,N,N,N,A,A,A,N,A,N,A,A,N,A,A,A,A,A,A,A,A,A,A,A,N,A,N,A,A,A
NCRNA00201;HNRNPU-AS1;HNRPU;SAFA;SAF-A;EIEE54;C1orf199;HNRNPU;U21.1;hnRNP_U;pp120,A,A,A,A,N,N,A,A,A,N,A,N,A,A,A,N,N,N,N,A,A,A,A,N,N,A,A,A,N,N,A,A
HNRNPM;HNRPM;NAGR1;CEAR;HTGR1;hnRNP_M;HNRPM4;HNRNPM4,N,A,N,N,N,N,A,A,A,N,A,N,N,A,N,A,A,N,A,N,A,A,N,A,N,A,A,N,A,N,A,A
RBMXL1;RBM1,A,A,A,A,A,A,A,A,A,N,A,A,A,A,A,A,A,A,A,A,A,A,A,A,A,A,A,A,A,A,A,A
HEL-S-85;PCBP1;hnRNP-E1;HNRPE1;hnRNP-X;HNRPX,N,N,A,N,N,N,A,A,A,N,A,N,A,A,A,A,A,A,A,A,A,A,A,A,A,A,N,A,N,A,A,A
SFRS13;TASR1;FUSIP2;PPP1R149;SRp38;SRrp40;SRSF10;TASR;SFRS13A;NSSR;FUSIP1;TASR2,A,A,A,N,A,A,A,A,A,A,A,A,A,A,A,A,A,A,A,A,A,A,A,A,A,A,A,A,A,A,A,A
SFRS2B;SRSF8;SRP46;DSM-1,A,A,N,A,A,A,A,A,A,A,A,A,A,A,A,A,A,A,A,A,A,A,A,A,A,A,A,A,A,A,A,A
TRA2A;AWMS1;HSU53209,A,A,N,N,A,A,A,A,A,N,A,A,A,A,A,A,A,A,A,N,A,A,A,A,A,A,A,A,A,A,A,A
ASF;SRSF1;SRp30a;SF2;SF2p33;SFRS1,A,A,A,A,A,N,A,A,A,N,A,N,N,A,A,A,A,N,N,N,A,A,N,A,N,A,A,A,N,N,A,A
SC35;SRp30b;PR264;SRSF2;SFRS2;SC-35;SFRS2A,A,A,A,A,A,A,A,A,A,A,A,A,A,A,A,A,A,A,A,A,A,A,A,A,A,A,A,A,A,A,A,A
SFRS3;SRp20;SRSF3,A,A,N,N,A,N,A,A,A,N,A,N,N,A,A,A,A,N,A,N,A,A,A,A,N,A,A,A,A,A,A,A
SRSF4;SFRS4;SRP75,A,A,A,A,A,N,A,A,A,N,A,N,N,A,A,N,A,N,A,N,A,A,A,A,N,A,A,A,A,A,A,A
SRP40;SRSF5;SFRS5;HRS,A,A,A,A,A,N,A,A,A,N,A,N,N,A,A,A,A,N,A,N,A,A,A,A,N,A,A,A,A,A,A,A
SFRS6;SRP55;SRSF6;HEL-S-91;B52,A,A,A,A,A,N,A,A,A,N,A,N,N,A,A,N,A,N,A,N,A,A,A,A,A,A,A,A,A,A,A,A
SRSF7;AAG3;9G8;SFRS7,A,A,N,N,A,N,A,A,A,N,A,N,N,A,A,A,A,N,A,N,A,A,A,A,N,A,A,A,A,A,A,A
SRFS10;SFRS10;TRAN2B;TRA2-BETA;Htra2-beta;TRA2B;PPP1R156,A,A,A,N,A,A,A,A,A,N,A,A,A,A,A,A,A,A,A,A,A,A,A,A,A,A,A,A,A,N,A,A
SFRS9;SRp30c;SRSF9,A,A,A,A,A,N,A,A,A,N,A,N,N,A,A,A,A,N,N,N,A,A,N,A,N,A,A,A,N,N,A,A
PSO4;PRPF19;NMP200;SNEV;UBOX4;hPSO4;PRP19,A,A,A,A,A,A,A,A,A,A,A,A,A,A,A,A,A,A,A,A,A,A,A,A,A,A,A,A,A,A,A,A
CEF1;CDC5L;CDC5-LIKE;CDC5;dJ319D22.1;PCDC5RP,A,A,A,A,A,A,A,A,A,A,A,A,A,A,A,A,A,A,A,A,A,A,A,A,A,A,A,A,A,A,A,A
DAM1;BCAS2;Snt309;SPF27,N,N,N,N,N,N,N,N,N,N,N,N,N,N,N,N,N,N,N,N,N,N,N,N,N,N,N,N,N,N,N,N
PRP46;PRPF46;TANGO4;PRL1;Cwc1;PLRG1,A,A,A,A,A,A,A,A,A,A,A,A,A,A,A,A,A,A,A,A,A,A,A,A,A,A,A,A,A,A,A,A
CWC15;HSPC148;AD002;ORF5;Cwf15;C11orf5,A,A,A,N,N,N,A,A,N,N,N,A,N,A,A,A,A,N,A,A,A,A,N,A,N,A,N,A,N,N,N,A
dJ633O20.1;PP8304;C20orf33;NAP;P14L;CTNNBL1,N,N,N,N,N,N,N,N,N,N,N,N,N,N,N,N,N,N,N,N,N,N,N,N,N,N,N,N,N,N,N,N
HSPA1A;HSP70.1;HEL-S-103;HSP70I;HSP70-1;HSP72;HSP70-1A;HSPA1,B,B,B,B,B,N,N,B,B,N,B,N,N,B,B,B,B,B,N,B,B,B,B,N,N,B,B,N,N,B,B,B
HSP70-2;HSPA1B;HSP70-1B;HSP70.2,B,B,B,B,B,N,N,B,B,N,B,N,N,B,B,B,B,B,N,B,B,B,B,N,N,B,B,N,N,B,B,B
hum70t;HSP70-HOM;HSPA1L;HSP70T;HSP70-1L,B,B,B,B,B,N,N,B,B,N,B,N,N,B,B,B,B,B,N,B,B,B,B,N,N,B,B,N,N,B,B,B
HSP70-2;HSP70-3;HSPA2,B,B,B,B,B,N,N,B,B,N,B,N,N,B,B,B,B,B,N,B,B,B,B,N,N,B,B,N,N,B,B,B
HSP70B';HSPA6,B,B,B,B,B,N,N,B,B,N,B,N,N,B,B,B,B,B,N,B,B,B,B,N,N,B,B,N,N,B,B,B
HSP71;HSC54;HSP73;HEL-S-72p;HSC71;HSPA10;LAP-1;HSPA8;LAP1;HSC70;HEL-33;NIP71,B,B,B,B,B,N,N,B,B,N,B,N,N,B,B,B,B,B,N,B,B,B,B,N,N,B,B,N,N,B,B,B
MRX2;MRX55;RENS1;NPW38;MRXS8;SHS;PQBP1;MRXS3,N,N,N,N,N,N,N,N,A,N,A,N,A,N,N,N,N,A,N,N,N,N,A,N,N,N,N,N,N,N,N,N
fSAP29;SYF2;NTC31;CBPIN;P29,A,A,A,N,N,N,N,A,A,N,A,N,N,A,N,A,A,N,N,N,A,A,N,A,N,A,N,A,N,A,A,N
CRN;Clf1;CRNKL1;CLF;MSTP021;HCRN;SYF3,A,A,A,N,A,A,A,A,A,N,A,A,A,A,A,A,A,A,A,A,A,A,A,A,A,A,A,A,A,A,A,A
HCNP;HCRN;XAB2;NTC90;SYF1,A,A,A,N,A,A,A,A,A,N,A,A,A,A,N,A,A,A,A,A,A,A,A,A,A,A,A,A,A,A,A,A
PPP1R165;WBP-11;SIPP1;NPWBP;WBP11,N,N,N,N,N,N,N,N,N,N,N,N,N,N,N,N,N,N,N,N,N,N,N,N,N,N,N,N,N,N,N,N
PRPF45;Bx42;FUN20;Prp45;SNW1;SKIP;SKIIP;SKIP1;NCOA-62,A,N,A,N,N,N,A,A,A,N,A,A,A,A,N,A,A,A,A,A,A,A,N,A,A,A,A,A,A,A,A,A
ISY1-RAB43,A,A,N,N,A,N,N,N,A,N,A,A,A,A,A,A,A,A,A,A,A,A,A,A,A,A,A,A,A,A,A,A
ISY1;FSAP33,A,A,N,N,A,N,N,N,A,N,A,A,A,A,A,A,A,A,A,A,A,A,A,A,A,A,A,A,A,A,A,A
PPIL1;CGI-124;hCyPX;PPIase;CYPL1,D,D,D,D,D,D,D,D,D,N,D,D,D,D,D,D,D,D,D,D,D,D,D,D,D,D,D,D,D,D,D,D
PPIE;CYP33;CYP-33,D,D,D,D,D,D,D,D,D,N,D,D,D,D,D,D,D,D,D,D,D,D,D,D,D,D,D,D,D,D,D,D
CCDC12,N,N,N,N,N,N,N,N,A,N,A,N,N,N,N,N,A,N,N,N,A,N,N,N,N,N,N,N,A,N,N,A
fSAP47;RBM22;ZC3H16;Cwc2,A,A,A,A,N,N,A,A,A,N,A,A,N,A,A,A,A,A,A,A,A,A,N,A,A,A,A,A,A,A,A,A
fSAP164;IBP160;AQR,A,N,A,A,A,N,A,A,A,N,A,A,A,A,N,A,A,N,A,N,A,N,A,N,A,A,N,A,N,A,A,N
YDR378C;LSM6,N,C,C,C,N,C,C,N,C,C,C,C,N,C,N,C,C,C,N,C,C,N,N,C,N,C,N,C,C,N,C,C
LSM5;YER146W,N,N,N,N,N,N,N,N,N,N,N,N,N,N,N,N,N,N,N,N,N,N,N,N,N,N,N,N,N,N,N,N
GRP;LSM4;YER112W,A,A,A,A,N,A,A,N,A,A,A,A,N,A,A,A,A,A,N,A,A,N,N,A,N,A,N,A,A,N,A,A
YLR438C;LSM3;SMX4;USS2,N,A,A,N,N,N,A,N,A,N,A,N,N,N,A,N,N,A,N,N,N,N,N,N,N,N,N,N,A,N,N,A
LSM7;YNL147W,N,C,N,N,N,C,C,C,C,C,C,N,N,N,N,N,C,C,C,N,C,N,N,C,C,C,C,N,C,C,N,C
NAA38;LSM8,C,C,N,N,C,C,C,C,C,C,C,N,N,C,N,N,C,C,C,C,C,C,C,C,C,C,C,C,N,C,C,C
LSM2;G7B;snRNP;YBL026W;C6orf28,A,A,A,A,N,A,A,N,A,N,A,N,N,A,A,A,A,A,N,A,A,N,N,A,N,A,N,N,A,N,A,A
PRP31;RP11;NY-BR-99;SNRNP61;PRPF31,C,C,C,C,C,C,C,C,C,C,C,C,C,C,C,C,C,C,C,C,C,C,C,C,C,C,C,C,C,C,C,C
SnuCyp-20;CYPH;CYP-20;USA-CYP;PPIH,D,D,D,D,D,D,D,D,D,N,D,D,D,D,D,D,D,D,D,D,D,D,D,D,D,D,D,D,D,D,D,D
HPRP4;PRP4;RP70;Prp4p;SNRNP60;HPRP4P;PRPF4,A,A,A,A,A,A,A,A,A,A,A,A,A,A,A,A,A,A,A,A,A,A,A,A,A,A,A,A,A,A,A,A
HPRP3P;SNRNP90;HPRP3;PRP3;Prp3p;RP18;PRPF3,D,N,D,N,N,D,D,D,D,N,D,D,N,D,D,D,D,D,D,N,D,N,D,D,N,D,N,N,N,D,D,D
15.5K;FA-1;SNU13;SNRNP15-5;SPAG12;NHP2L1;OTK27;NHPX;SSFA1;FA1,C,C,C,C,C,N,C,N,C,C,C,C,C,C,C,C,N,C,C,C,C,C,C,C,C,C,C,C,C,C,C,C
Snu114;EFTUD2;MFDM;SNRNP116;Snrp116;U5-116KD;MFDGA,N,B,N,N,B,B,N,N,B,N,B,B,B,N,N,B,B,N,N,B,B,N,B,B,N,B,B,B,N,B,B,N
ASCC3L1;RP33;BRR2;HELIC2;U5-200KD;SNRNP200,D,D,D,D,D,D,D,D,D,D,D,D,D,D,D,D,D,D,D,D,D,D,D,D,D,D,D,D,D,D,D,D
Prp6;SNRNP102;U5-102K;ANT-1;hPrp6;ANT1;RP60;TOM;PRPF6;C20orf14,A,A,A,N,A,A,A,A,A,N,A,A,A,A,A,A,A,A,A,A,A,A,A,A,A,A,A,A,A,A,A,A
PRPC8;PRP8;PRPF8;SNRNP220;RP13;HPRP8,A,A,A,A,N,N,A,A,A,A,N,A,A,A,A,A,A,A,A,A,A,A,A,A,A,A,A,A,N,N,A,A
WDR57;SPF38;40K;PRPF8BP;PRP8BP;HPRP8BP;SNRNP40,A,A,A,A,A,A,A,A,A,A,A,A,A,A,A,A,A,A,A,A,A,A,A,A,A,A,A,A,A,A,A,A
prp28;PRPF28;SNRNP100;DDX23;U5-100KD;U5-100K,D,D,D,D,D,D,D,D,D,D,D,D,D,D,D,D,D,D,D,D,D,D,D,D,D,D,D,D,D,D,D,D
TXNL4;TXNL4A;SNRNP15;DIM1;DIB1;U5-15kD;BMKS,N,N,A,N,N,N,N,A,A,A,A,A,N,A,A,A,A,A,A,A,A,N,N,A,A,N,A,A,N,N,A,A
SNRNP27;RY1;27K,N,N,N,N,N,N,N,A,N,N,A,A,N,A,A,N,N,N,N,N,N,N,N,N,N,N,N,A,N,N,N,N
SAD1;SNRNP65;HSPC332;USP39;CGI-21;65K,B,B,B,B,B,N,N,B,B,N,B,B,B,B,B,B,B,B,B,B,B,B,B,B,B,B,B,B,B,B,B,B
HOMS1;Snu66;SART1259;SART1;SNRNP110;Ara1;HAF,N,A,N,N,N,N,A,N,A,N,A,N,N,A,A,N,N,N,N,N,N,A,A,A,N,A,N,A,N,N,A,N
ACINUS;fSAP152;ACN;ACIN1,N,N,N,N,N,N,N,N,N,N,N,N,N,N,N,N,N,N,N,N,N,N,N,N,N,N,N,N,N,N,N,N
EIF4A3;MUK34;NMP265;eIF4AIII;RCPS;NUK34;DDX48;Fal1,D,D,D,D,D,D,D,D,D,D,D,D,D,D,D,D,D,D,D,D,D,D,D,D,D,D,D,D,D,D,D,D
ZRNP1;MDS014;C1DELq21.1;DEL1q21.1;Y14;ZNRP;BOV-1B;BOV-1C;RBM8;BOV-1A;TAR;RBM8B;RBM8A,A,A,A,A,A,A,A,A,A,N,A,A,A,A,A,A,A,A,A,N,A,A,A,A,N,A,A,A,A,A,A,A
MAGOH1;MAGOH;MAGOHA,A,A,N,N,A,N,N,A,A,N,A,A,A,A,A,A,A,A,A,A,A,A,A,A,N,A,N,N,A,A,A,A
mago;MAGOHB;magoh;MGN2,A,A,N,N,A,N,N,A,A,N,A,A,A,A,A,A,A,A,A,A,A,A,A,A,N,A,N,N,A,A,A,A
REF;BEF;ALY;THOC4;ALY/REF;ALYREF,N,N,N,N,N,N,N,N,N,N,N,N,N,N,N,N,N,N,N,N,N,N,N,N,N,N,N,N,N,N,N,N
MRX35;CXorf3;dJ506G2.1;THO2;THOC2;hTREX120;MRX12,N,A,N,N,N,N,N,A,A,N,N,N,N,A,N,N,N,N,N,N,A,N,N,N,N,N,N,N,N,N,N,N
THO3;hTREX45;THOC3,A,A,A,N,A,A,A,A,A,A,A,A,A,A,A,A,A,A,A,A,A,A,A,A,A,A,N,A,A,A,A,A
THOC1;P84N5;P84;HPR1,A,A,N,N,N,N,A,N,A,N,A,A,A,N,N,N,N,N,A,A,A,N,A,N,N,N,N,A,A,N,A,N
9G8;SLU7;hSlu7,N,A,A,N,N,N,N,N,A,N,A,N,N,A,A,N,A,N,N,N,A,N,A,A,A,N,N,A,N,A,N,N
ZMAT2;Snu23;Ptg-12,N,A,N,N,N,N,N,A,A,N,A,A,N,N,A,A,A,A,N,A,N,A,A,A,N,N,N,A,N,N,N,N
PRPF38B;NET1,N,A,A,N,N,N,A,N,A,N,A,N,A,A,A,N,N,N,N,N,A,A,A,N,N,N,N,N,A,N,A,N
PRPF38A;PRP38A;Prp38,N,N,A,N,N,N,N,N,N,N,A,N,A,A,N,N,N,N,N,N,A,N,N,N,N,N,N,N,A,N,N,N
PRP18;hPrp18;PRPF18,A,A,N,N,A,N,N,N,A,N,A,N,A,N,A,N,N,N,N,A,A,N,N,A,N,N,A,N,N,A,A,N
EDG-2;BUD31;EDG2;Cwc14;YCR063W;fSAP17;G10,N,A,A,N,N,A,A,N,A,N,N,N,N,N,N,A,A,A,N,A,N,A,N,A,N,A,N,N,A,N,A,A
U6-1;U6;RNU6-1;RNU6A;RNU6,N,N,N,N,N,N,N,N,N,N,N,N,N,N,N,N,N,N,N,N,N,N,N,N,N,N,N,N,N,N,N,N
PAP-1;PAP1;RP9,N,N,N,N,N,N,N,N,N,N,N,N,N,N,N,N,N,N,N,N,N,N,N,N,N,N,N,N,N,N,N,N
