MTDPS8B;P53R2;MTDPS8A;RRM2B,N,N,A,N,N,A,N,N,N,N,N,N,N,N,N,N,A,N,N,A,A,N,N,N,A,N,N,A,N,N,A,N
RR1;R1;RIR1;RRM1,N,N,D,N,N,N,N,N,D,N,D,N,D,N,N,N,D,N,D,D,D,N,N,D,N,N,N,D,N,N,D,N
RRM2;RR2;RR2M;R2,N,N,A,N,N,A,N,N,N,N,N,N,N,N,N,N,A,N,N,A,A,N,N,N,A,N,N,A,N,N,A,N
GATD4;EIEE50;CDG1Z;CAD,N,N,N,N,N,N,N,N,N,N,N,N,N,N,N,N,N,N,N,N,N,N,N,N,N,N,N,N,N,N,N,N
OPRT;UMPS,N,N,N,N,N,N,N,N,N,N,N,N,N,N,N,N,N,N,N,N,N,N,N,N,N,N,N,N,N,N,N,N
PNPT1;OLD35;old-35;DFNB70;COXPD13;PNPASE,N,N,N,N,N,N,N,N,N,N,N,N,N,N,N,N,N,N,N,N,N,N,N,N,N,N,N,N,N,N,N,N
7,N,A,A,A,N,N,N,A,N,N,N,N,N,N,N,N,N,N,N,N,N,N,N,N,A,N,N,N,N,N,N,N
RPC39;POLR3F;RPC6,A,A,A,N,A,A,A,N,A,N,A,A,N,A,N,A,A,A,A,A,A,A,A,N,N,A,A,A,A,A,A,N
POLR3G;RPC7;RPC32,N,N,N,N,N,N,N,N,N,N,N,N,N,N,N,N,N,N,N,N,N,N,N,N,N,N,N,N,N,N,N,N
RPC62;POLR3C;RPC3,A,N,A,N,A,N,N,A,N,A,A,A,N,N,A,N,N,A,N,N,N,A,N,A,N,N,N,N,A,A,A,N
POLR3A;HLD7;ADDH;RPC155;RPC1;hRPC155,D,D,D,N,N,N,N,N,D,D,D,N,D,D,N,N,D,D,N,N,N,D,D,D,D,D,N,N,D,N,D,N
RPC8;RPC22.9;POLR3H,N,D,N,N,N,N,N,D,N,N,N,N,N,N,N,N,N,D,N,N,N,N,N,N,N,N,N,D,N,N,D,N
TWISTNB,A,N,N,N,N,N,N,N,N,N,A,A,N,N,A,N,N,N,A,N,N,A,N,A,A,N,N,N,N,N,N,N
RPB11b1;HRPB11B;POLR2J2,D,N,N,D,D,N,D,D,D,D,D,D,D,D,D,D,N,D,N,D,D,D,N,N,N,N,N,D,N,D,D,N
RPA1;RPO1-4;AFDCIN;POLR1A;RPA194;A190;RPO14,D,D,D,N,N,N,N,N,D,D,D,N,D,D,N,N,D,D,N,N,N,D,D,D,D,D,N,N,D,N,D,N
TEX6;ZNRD1;hZR14;HTEX-6;HTEX6;Rpa12;ZR14;TCTEX6;tctex-6,N,N,N,N,N,N,N,N,N,N,N,N,N,N,N,N,N,N,N,N,N,N,N,N,N,N,N,N,N,N,N,N
RPC16;RPO1-3;AC19;POLR1C;RPA9;TCS2;RPA16;POLR1D;RPAC2,D,N,N,D,D,N,D,D,D,D,D,D,D,D,D,D,N,D,N,D,D,D,N,N,N,N,N,D,N,D,D,N
My010;C11-RNP3;POLR3K;C11;RPC11;RPC12.5;RPC10,N,N,N,N,N,N,N,N,N,N,N,N,N,N,N,N,N,N,N,N,N,N,N,N,N,N,N,N,N,N,N,N
POLR2;hRPB220;hsRPB1;RPB1;RPBh1;RPO2;RpIILS;RPOL2;POLRA;POLR2A,D,D,D,N,N,N,N,D,D,D,D,N,D,D,N,N,D,D,N,D,D,D,D,D,D,D,N,N,D,N,D,N
POL2RB;hRPB140;POLR2B;RPB2,N,N,N,N,N,D,N,N,D,N,D,N,N,N,D,D,N,N,N,D,D,N,D,N,N,D,D,D,D,D,D,N
hRPB33;RPB3;RPB31;hsRPB3;POLR2C,N,N,D,N,D,N,N,N,D,D,D,D,D,D,N,D,D,D,D,D,N,N,N,N,N,D,D,D,N,N,D,D
HSRBP4;POLR2D;RPB16;HSRPB4;RBP4,N,A,A,N,N,N,A,N,N,N,N,N,N,N,N,N,A,N,N,N,N,N,N,N,N,N,N,N,N,N,A,N
POLR2E;XAP4;hsRPB5;hRPB25;RPB5;RPABC1,D,D,D,N,N,N,N,D,D,N,N,N,N,N,N,D,D,D,D,D,N,D,N,D,N,N,N,N,D,D,D,N
RPB6;HRBP14.4;POLRF;RPABC14.4;POLR2F;RPB14.4;RPC15;RPABC2,N,D,N,N,D,D,N,D,N,D,N,D,D,N,N,D,D,N,N,D,N,N,D,N,N,N,N,N,N,N,N,N
RPB7;POLR2G;hRPB19;hsRPB7;RPB19,N,D,N,N,N,N,N,D,N,N,N,N,N,N,N,N,N,D,N,N,N,N,N,N,N,N,N,D,N,N,D,N
RPABC3;RPB8;RPB17;POLR2H,A,A,N,A,A,A,N,A,A,N,N,N,N,A,A,A,A,A,A,A,A,N,A,A,N,A,A,N,N,A,N,N
POLR2I;hRPB14.5;RPB9,N,N,N,N,N,N,N,N,N,N,N,N,N,N,N,N,N,N,N,N,N,N,N,N,N,N,N,N,N,N,N,N
POLR2J1;RPB11m;POLR2J;hRPB14;RPB11;RPB11A,D,N,N,D,D,N,D,D,D,D,D,D,D,D,D,D,N,D,N,D,D,D,N,N,N,N,N,D,N,D,D,N
hRPB7.0;RPB10alpha;POLR2K;RPB12;RPB7.0;ABC10-alpha;RPABC4;hsRPB10a,N,N,N,N,N,N,N,N,N,N,N,N,N,N,N,N,N,N,N,N,N,N,N,N,N,N,N,N,N,N,N,N
RBP10;RPB7.6;RPB10beta;RPABC5;hRPB7.6;POLR2L;RPB10,N,N,N,N,N,N,N,N,N,N,N,N,N,N,N,N,N,N,N,N,N,N,N,N,N,N,N,N,N,N,N,N
POLR2J3;RPB11b1;RPB11b2;POLR2J2,D,N,N,D,D,N,D,D,D,D,D,D,D,D,D,D,N,D,N,D,D,D,N,N,N,N,N,D,N,D,D,N
RPC2;C128;INMAP;HLD8;POLR3B,N,N,N,N,N,D,N,N,D,N,D,N,N,N,D,D,N,N,N,D,D,N,D,N,N,D,D,D,D,D,D,N
SIN;RPC5;POLR3E,N,A,A,A,N,N,N,A,N,N,N,N,N,N,N,N,N,N,N,N,N,N,N,N,A,N,N,N,N,N,N,N
PRAF1;PAF53;POLR1E,N,N,N,N,N,N,N,N,N,N,N,N,N,N,N,N,N,N,N,N,N,N,N,N,N,N,N,N,N,N,N,N
TSBN51;RPC4;BN51T;RPC53;POLR3D,A,N,A,N,N,N,N,A,A,N,A,A,N,A,N,N,A,N,A,N,N,N,N,A,A,N,A,A,N,A,N,A
RPA135;POLR1B;RPA2;Rpo1-2,N,N,N,N,N,D,N,N,D,N,D,N,N,N,D,D,N,N,N,D,D,N,D,N,N,D,D,D,D,D,D,N
POLR3GL;RPC32HOM;flj32422,N,N,N,N,N,N,N,N,N,N,N,N,N,N,N,N,N,N,N,N,N,N,N,N,N,N,N,N,N,N,N,N
RPA40;AC40;RPA39;POLR1C;TCS3;HLD11;RPAC1;RPA5;RPC40,N,N,D,N,D,N,N,N,D,D,D,D,D,D,N,D,D,D,D,D,N,N,N,N,N,D,D,D,N,N,D,D
NM23-H6;NME6;NDK_6;IPIA-ALPHA,N,N,N,D,D,N,D,N,N,N,D,D,N,D,D,N,N,N,N,N,D,D,D,N,D,N,N,N,N,N,D,N
AK9;AK_9;AKD2;AKD1;C6orf224;dJ70A9.1;C6orf199,N,N,A,A,A,A,A,A,A,N,A,A,N,A,A,N,A,N,N,N,A,N,N,A,A,N,N,A,N,N,A,A
NDK7;CFAP67;NME7;NDK_7;MN23H7;nm23-H7,N,N,N,D,D,N,D,N,N,N,D,D,N,D,D,N,N,N,N,N,D,D,D,N,D,N,N,N,N,N,D,N
NDPKA;NB;GAAD;AWD;NDKA;NME1;NBS;NM23-H1;NDPK-A;NM23,N,N,N,D,D,N,D,N,N,N,D,D,N,D,D,N,N,N,N,N,D,D,D,N,D,N,N,N,N,N,D,N
NDPK-B;NDKB;PUF;NM23B;NDPKB;NME2;NM23-H2,N,N,N,D,D,N,D,N,N,N,D,D,N,D,D,N,N,N,N,N,D,D,D,N,D,N,N,N,N,N,D,N
NDPK-C;c371H6.2;NM23-H3;NDPKC;DR-nm23;NM23H3;NME3,N,N,N,D,D,N,D,N,N,N,D,D,N,D,D,N,N,N,N,N,D,D,D,N,D,N,N,N,N,N,D,N
NDPK-D;NME4;nm23-H4;NM23H4,N,N,N,D,D,N,D,N,N,N,D,D,N,D,D,N,N,N,N,N,D,D,D,N,D,N,N,N,N,N,D,N
NM23-LV;NMELV;NME1-NME2,N,N,N,D,D,N,D,N,N,N,D,D,N,D,D,N,N,N,N,N,D,D,D,N,D,N,N,N,N,N,D,N
CMPK2;NDK;TMPK2;TYKi;UMP-CMPK2,N,N,N,N,N,N,N,N,N,N,N,N,N,N,N,N,N,N,N,N,N,N,N,N,N,N,N,N,N,N,N,N
UMK;UMP-CMPK;CMPK;CMK;CK;CMPK1;UMPK,N,N,N,N,N,N,N,A,N,N,A,N,N,A,A,N,N,N,N,N,N,N,A,N,N,N,N,N,N,N,N,N
CTPS1;CTPS;IMD24;GATD5,N,D,N,N,N,N,N,N,D,N,D,N,D,D,N,N,N,D,N,N,D,D,N,N,D,N,N,N,N,D,N,D
CTPS2,N,D,N,N,N,N,N,N,D,N,D,N,D,D,N,N,N,D,N,N,D,D,N,N,D,N,N,N,N,D,N,D
E-NTPDase;GLSR2492;ENTPD8;NTPDase-8;UNQ2492,N,N,A,N,N,N,N,N,A,N,N,N,N,N,N,N,A,N,N,N,N,N,N,N,N,A,N,N,N,N,A,N
SPG64;ATPDase;ENTPD1;NTPDase-1;CD39,N,N,A,N,N,N,N,N,A,N,N,N,N,N,N,N,A,N,N,N,N,N,N,N,N,A,N,N,N,N,A,N
HB6;NTPDase-3;CD39L3;ENTPD3,N,N,A,N,N,N,N,N,A,N,N,N,N,N,N,N,A,N,N,N,N,N,N,N,N,A,N,N,N,N,A,N
SHAPY;SCAN1;DBQD;SCAN-1;DBQD1;CANT1,A,N,N,N,N,N,A,N,N,N,A,A,A,N,N,A,N,A,N,A,N,A,A,N,N,A,N,N,N,N,A,N
IL6ST2;CD39L2;NTPDase-6;dJ738P15.3;IL-6SAG;ENTPD6,N,N,A,N,N,N,N,N,A,N,N,N,N,N,N,N,A,N,N,N,N,N,N,N,N,A,N,N,N,N,A,N
NTPDase-5;PCPH;CD39L4;ENTPD5,N,N,A,N,N,N,N,N,A,N,N,N,N,N,N,N,A,N,N,N,N,N,N,N,N,A,N,N,N,N,A,N
NTPDase-4;ENTPD4;LAP70;UDPase;LYSAL1;LALP70,N,N,A,N,N,N,N,N,A,N,N,N,N,N,N,N,A,N,N,N,N,N,N,N,N,A,N,N,N,N,A,N
UPRT;FUR1;UPP,N,N,N,N,N,N,N,N,N,N,N,N,N,N,N,N,N,N,N,N,N,N,N,N,N,N,N,N,N,N,N,N
UCK1L;URKL1;UCKL1,N,N,N,N,N,N,N,N,N,N,N,N,N,N,N,N,N,N,N,N,N,N,N,N,N,N,N,N,N,N,N,N
TSA903;UK;UCK2;UMPK,N,N,N,N,N,N,N,N,N,N,N,N,N,N,N,N,N,N,N,N,N,N,N,N,N,N,N,N,N,N,N,N
UCK1;URK1,N,N,N,N,N,N,N,N,N,N,N,N,N,N,N,N,N,N,N,N,N,N,N,N,N,N,N,N,N,N,N,N
NT5C1B-RDH14,N,N,N,N,N,N,N,N,N,N,N,N,N,N,N,N,N,N,N,N,N,N,N,N,N,N,N,N,N,N,N,N
NT5C3L;NT5C3B;cN-IIIB,N,N,N,N,N,N,N,N,N,N,N,N,N,N,N,N,N,N,N,N,N,N,N,N,N,N,N,N,N,N,N,N
NT5C2;SPG65;NT5B;PNT5;cN-II;GMP;SPG45,A,N,A,A,N,N,N,A,A,N,A,A,N,A,A,N,N,A,N,A,A,N,A,N,N,N,N,A,N,N,A,N
UMPH2;P5N2;DNT;cdN;DNT1;PN-II;PN-I;NT5C;HEL74;dNT-1,N,N,N,N,N,N,N,N,N,N,N,N,N,N,N,N,N,N,N,N,N,N,N,N,N,N,N,N,N,N,N,N
CALJA;NT5;NT5E;eN;NT;eNT;NTE;E5NT;CD73,D,N,N,N,D,N,N,D,N,N,D,N,N,D,D,N,D,D,N,N,D,N,N,N,N,N,N,N,N,D,D,N
UMPH1;POMP;NT5C3;P5N-1;PSN1;P5'N-1;hUMP1;p36;cN-III;PN-I;UMPH;NT5C3A,N,N,N,N,N,N,N,N,N,N,N,N,N,N,N,N,N,N,N,N,N,N,N,N,N,N,N,N,N,N,N,N
dNT2;dNT-2;mdN;NT5M,N,N,N,N,N,N,N,N,N,N,N,N,N,N,N,N,N,N,N,N,N,N,N,N,N,N,N,N,N,N,N,N
NT5C1A;CN-IA;CN1A;CN-I;CN1;CNI,N,N,N,N,N,N,N,N,N,N,N,N,N,N,N,N,N,N,N,N,N,N,N,N,N,N,N,N,N,N,N,N
CN1B;AIRP;CN-IB;NT5C1B,N,N,N,N,N,N,N,N,N,N,N,N,N,N,N,N,N,N,N,N,N,N,N,N,N,N,N,N,N,N,N,N
UPP2;UPASE2;UP2;UDRPASE2,N,N,N,N,N,N,N,N,N,N,N,N,N,N,N,N,N,N,N,N,N,N,N,N,N,N,N,N,N,N,N,N
UPP1;UP;UPASE;UDRPASE;UPP,N,N,N,N,N,N,N,N,N,N,N,N,N,N,N,N,N,N,N,N,N,N,N,N,N,N,N,N,N,N,N,N
DHP;DHPDHASE;DPD;DPYD,N,N,N,N,N,N,N,N,N,N,N,N,N,N,N,N,N,N,N,N,N,N,N,N,N,N,N,N,N,N,N,N
DPYS;DHP;DHPase,N,N,N,N,N,N,N,N,N,N,N,N,N,N,N,N,N,N,N,N,N,N,N,N,N,N,N,N,N,N,N,N
UPB1;BUP1,N,N,N,N,N,N,N,N,N,N,N,N,N,N,N,N,N,N,N,N,N,N,N,N,N,N,N,N,N,N,N,N
CDD;CDA,N,N,N,N,N,N,N,N,N,N,N,N,N,N,N,N,N,N,N,N,N,N,N,N,N,N,N,N,N,N,N,N
POLD3;P68;P66;PPP1R128,A,N,N,N,N,N,N,N,A,N,N,N,N,A,N,N,N,N,N,N,N,N,N,N,N,N,N,N,N,N,A,N
POLA2,A,A,N,N,N,A,N,N,N,N,A,N,N,N,N,N,A,N,A,N,N,N,N,N,A,A,N,N,N,N,N,N
YBL1;p17;POLE3;CHRAC17;CHARAC17,A,A,A,N,N,A,N,N,A,N,A,A,A,N,A,N,N,A,N,N,A,N,A,N,A,A,A,A,N,N,A,A
p180;NSX;POLA1;POLA,N,N,N,A,N,N,A,N,N,N,A,N,A,N,N,N,N,N,N,N,N,N,N,N,N,N,N,N,N,N,N,N
MDPL;POLD;POLD1;CRCS10;CDC2,N,A,N,A,N,N,A,N,A,N,A,A,A,N,N,N,N,N,N,A,N,N,N,N,N,N,N,N,N,N,A,A
POLD2,N,N,N,N,A,N,N,A,N,N,A,N,N,A,N,A,N,A,A,N,N,N,A,N,N,A,A,A,N,A,A,N
POLE1;FILS;CRCS12;POLE,N,N,N,N,N,N,N,N,N,N,N,N,N,N,N,N,N,N,N,N,N,N,N,N,N,N,N,N,N,N,N,N
DPE2;POLE2,A,A,A,N,A,N,A,A,N,N,A,A,A,A,A,A,A,N,N,N,A,A,N,A,A,A,A,N,A,A,N,A
PRIM1;p49,N,C,N,N,N,N,N,C,N,N,N,N,N,N,N,N,N,N,C,N,N,N,C,N,N,N,N,N,N,N,N,N
PRIM2A;PRIM2;p58,N,N,A,N,N,N,N,A,A,N,N,N,N,N,A,N,N,A,N,A,N,A,A,N,N,A,N,N,N,N,N,N
POLE4;p12;YHHQ1,A,A,A,A,A,A,A,A,A,N,A,N,A,A,A,A,A,A,A,A,A,N,A,A,A,A,A,A,A,A,A,A
POLD4;POLDS;p12,N,N,A,N,N,A,N,A,A,N,A,N,N,A,N,A,A,N,A,N,A,A,N,A,N,N,N,N,N,N,A,N
DCTPP1;CDA03;RS21C6;XTP3TPA,N,N,N,N,N,N,N,N,N,N,N,N,N,N,N,N,N,N,N,N,N,N,N,N,N,N,N,N,N,N,N,N
DCK,N,N,N,N,N,N,N,N,N,N,N,N,N,N,N,N,N,N,N,N,N,N,N,N,N,N,N,N,N,N,N,N
DCTD,N,N,N,N,N,N,N,N,N,N,N,N,N,N,N,N,N,N,N,N,N,N,N,N,N,N,N,N,N,N,N,N
TYMK;TMPK;DTYMK;CDC8;PP3731,N,N,N,N,N,N,N,N,N,N,N,N,N,N,N,N,N,N,N,N,N,N,N,N,N,N,N,N,N,N,N,N
TK2;TK1,N,N,N,N,N,N,N,N,N,N,N,N,N,N,N,N,N,N,N,N,N,N,N,N,N,N,N,N,N,N,N,N
TK2;MTDPS2;PEOB3;MTTK;SCA31,N,N,N,N,N,N,N,N,N,N,N,N,N,N,N,N,N,N,N,N,N,N,N,N,N,N,N,N,N,N,N,N
NP;PUNP;PRO1837;PNP,N,N,N,N,N,N,N,N,N,N,N,N,N,N,N,N,N,N,N,N,N,N,N,N,N,N,N,N,N,N,N,N
PDECGF;hPD-ECGF;TYMP;TP;ECGF1;MEDPS1;ECGF;MTDPS1;MNGIE,N,N,N,N,N,N,N,N,N,N,N,N,N,N,N,N,N,N,N,N,N,N,N,N,N,N,N,N,N,N,N,N
HST422;TS;TMS;TYMS,N,N,N,N,N,N,N,N,N,N,N,N,N,N,N,N,N,N,N,N,N,N,N,N,N,N,N,N,N,N,N,N
URA1;DHOdehase;DHODH;POADS,N,N,N,N,N,N,N,N,N,N,N,N,N,N,N,N,N,N,N,N,N,N,N,N,N,N,N,N,N,N,N,N
ARHR2;PDNP1;NPP1;NPPS;M6S1;ENPP1;PCA1;PC-1;COLED,N,N,N,N,N,N,N,N,N,N,N,N,N,N,N,N,N,N,N,N,N,N,N,N,N,N,N,N,N,N,N,N
PDNP3;PD-IBETA;NPP3;ENPP3;B10;CD203c,N,N,N,N,N,N,N,N,N,N,N,N,N,N,N,N,N,N,N,N,N,N,N,N,N,N,N,N,N,N,N,N
NUDT2;APAH1,N,N,N,N,A,N,N,N,N,N,A,N,N,N,A,N,N,N,N,N,N,N,A,N,N,A,N,A,N,N,N,N
dUTPase;DUT,N,N,A,N,N,A,N,A,A,N,N,N,N,A,N,A,N,A,N,N,N,N,N,A,A,N,N,N,N,N,A,A
