GTB;beta4Gal-T1;B4GAL-T1;GT1;CDG2D;GGTB2;B4GALT1,N,N,N,N,N,N,N,N,N,N,N,N,N,N,N,N,N,N,N,N,N,N,N,N,N,N,N,N,N,N,N,N
beta4Gal-T3;B4GALT3,N,N,N,N,N,N,N,N,N,N,N,N,N,N,N,N,N,N,N,N,N,N,N,N,N,N,N,N,N,N,N,N
B4Gal-T3;beta4Gal-T2;B4GALT2;B4Gal-T2,N,N,N,N,N,N,N,N,N,N,N,N,N,N,N,N,N,N,N,N,N,N,N,N,N,N,N,N,N,N,N,N
RT;MDDGC1;MDDGA1;LGMD2K;MDDGB1;POMT1,A,A,N,N,N,A,N,A,A,N,N,N,N,A,N,A,N,N,N,N,N,A,N,A,A,A,N,A,N,N,A,N
MDDGC2;POMT2;MDDGA2;LGMD2N;MDDGB2,A,A,N,N,N,A,N,A,A,N,N,N,N,A,N,A,N,N,N,N,N,A,N,A,A,A,N,A,N,N,A,N
MGAT1.2;GnT_I.2;POMGNT1;gnT-I.2;MEB;RP76;LGMD2O;GNTI.2,N,D,D,D,N,N,D,N,D,N,D,N,D,D,N,D,D,D,D,N,D,D,D,D,N,D,D,N,D,N,D,D
MRT12;EIEE15;SIAT6;ST3GAL3;ST3GALII;ST3Gal_III;ST3GalIII;ST3N,N,N,N,N,N,N,N,N,N,N,N,N,N,N,N,N,N,N,N,N,N,N,N,N,N,N,N,N,N,N,N,N
B3GAT2;GLCATS,N,N,N,N,N,N,N,N,N,N,N,N,N,N,N,N,N,N,N,N,N,N,N,N,N,N,N,N,N,N,N,N
NK1;HNK1;GLCUATP;NK-1;LEU7;B3GAT1;GLCATP;CD57,N,N,N,N,N,N,N,N,N,N,N,N,N,N,N,N,N,N,N,N,N,N,N,N,N,N,N,N,N,N,N,N
CHST10;HNK-1ST;HNK1ST,N,N,N,N,N,N,N,N,N,N,N,N,N,N,N,N,N,N,N,N,N,N,N,N,N,N,N,N,N,N,N,N
FUT9;Fuc-TIX,N,B,N,N,N,N,N,N,N,N,B,N,N,N,N,N,N,N,B,N,N,N,B,N,N,N,N,N,N,N,B,N
ELFT;LeX;FCT3A;SSEA-1;CD15;FUT4;FUC-TIV;FUTIV,N,B,N,N,N,N,N,N,N,N,B,N,N,N,N,N,N,N,B,N,N,N,B,N,N,N,N,N,N,N,B,N
GnT-VB;MGAT5B;GnT-IX,N,N,N,N,N,N,N,N,N,N,N,N,N,N,N,N,N,N,N,N,N,N,N,N,N,N,N,N,N,N,N,N
POMGNT2;AGO61;MDDGA8;GTDC2;C3orf39,A,N,N,N,N,A,A,A,A,N,A,N,N,N,N,N,A,A,A,A,A,A,N,N,N,N,A,N,A,N,A,N
B3GALNT2;MDDGA11;B3GalNAc-T2,N,N,N,N,N,N,N,N,A,N,A,N,N,N,N,N,A,N,N,N,N,N,N,N,N,A,A,N,N,N,A,A
SGK196;POMK;MDDGA12;MDDGC12,A,A,N,A,N,N,N,A,A,N,A,N,A,A,A,N,N,A,N,N,A,N,N,A,N,A,N,A,A,N,A,A
PP5656;GYLTL1B;LARGE2,N,N,N,N,N,N,N,A,A,N,A,N,A,A,N,N,A,N,A,A,N,A,A,N,N,N,A,A,N,N,A,N
LARGE;MDDGA6;MDDGB6;LARGE1;MDC1D,N,N,N,N,N,N,N,A,A,N,A,N,A,A,N,N,A,N,A,A,N,A,A,N,N,N,A,A,N,N,A,N
BETA3GNTI;B4GAT1;MDDGA13;B3GN-T1;B3GNT1;iGNT;iGAT;B3GNT6,N,N,N,N,N,N,N,A,A,N,A,N,A,A,N,N,A,N,N,A,N,A,N,N,N,N,A,A,N,N,N,N
ISPD;MDDGA7;hISPD;Nip;MDDGC7;hCG_1745121,N,N,N,N,N,N,N,N,N,N,N,N,N,N,N,N,N,N,N,N,N,N,N,N,N,N,N,N,N,N,N,N
CMD1X;MDDGB4;LGMD2M;MDDGA4;FKTN;MDDGC4;FCMD,N,N,N,N,N,N,N,N,N,N,N,N,N,N,N,N,N,N,N,N,N,N,N,N,N,N,N,N,N,N,N,N
MDDGB5;MDC1C;LGMD2I;MDDGA5;MDDGC5;FKRP,N,N,N,N,N,N,N,N,N,N,N,N,N,N,N,N,N,N,N,N,N,N,N,N,N,N,N,N,N,N,N,N
HP10481;MDDGA10;TMEM5,N,N,N,N,N,N,N,N,N,N,N,N,N,N,N,N,N,N,N,N,N,N,N,N,N,N,N,N,N,N,N,N
