FNRB;VLAB;ITGB1;MSK12;MDF2;GPIIA;VLA-BETA;CD29,A,A,N,A,N,A,N,N,A,N,A,A,A,A,N,N,N,N,N,N,A,A,N,N,N,A,N,N,N,A,A,A
GPIIIa;ITGB3;CD61;BDPLT16;GT;BDPLT2;GP3A,A,A,N,A,N,A,N,N,A,N,A,A,A,A,N,N,N,N,N,N,A,A,N,N,N,A,N,N,N,A,A,A
GP150;CD104;ITGB4,A,A,A,A,N,A,A,N,A,N,A,A,A,A,N,N,N,N,N,N,A,A,N,A,N,A,N,N,N,A,A,A
ITGB5,A,A,N,A,N,A,N,N,A,N,A,A,A,A,N,N,N,N,N,N,A,A,N,N,N,A,N,N,N,A,A,A
AI1H;ITGB6,A,A,N,A,N,A,N,N,A,N,A,A,A,A,N,N,N,N,N,N,A,A,N,N,N,A,N,N,N,A,A,A
ITGB7,A,A,N,A,N,A,N,N,A,N,A,A,A,A,N,N,N,N,N,N,A,A,N,N,N,A,N,N,N,A,A,A
ITGB8,A,A,N,A,N,A,N,N,A,N,A,A,A,A,N,N,N,N,N,N,A,A,N,N,N,A,N,N,N,A,A,A
HsT18964;ITGA11,N,N,N,N,N,N,N,N,N,N,A,N,N,N,N,N,N,N,N,A,A,N,A,A,N,A,A,N,N,N,A,N
VLA-6;ITGA6B;CD49f;ITGA6,N,N,N,N,N,N,N,N,N,N,N,N,N,N,N,N,N,N,N,N,N,N,N,N,N,N,N,N,N,N,N,N
VLA1;ITGA1;CD49a,N,N,N,N,N,N,N,N,N,N,A,N,N,N,N,N,N,N,N,A,A,N,A,A,N,A,A,N,N,N,A,N
GPIa;CD49B;BR;VLA-2;ITGA2;VLAA2;HPA-5,N,N,N,N,N,N,N,N,N,N,A,N,N,N,N,N,N,N,N,A,A,N,A,A,N,A,A,N,N,N,A,N
GPIIb;CD41B;CD41;PPP1R93;BDPLT16;GP2B;GT;HPA3;BDPLT2;ITGA2B;GTA,N,N,N,N,N,N,N,N,N,N,N,N,N,N,N,N,N,N,N,N,N,N,N,N,N,N,N,N,N,N,N,N
VL3A;ILNEB;MSK18;CD49C;GAPB3;VCA-2;VLA3a;ITGA3;GAP-B3;FRP-2,N,N,N,N,N,N,N,N,N,N,N,N,N,N,N,N,N,N,N,N,N,N,N,N,N,N,N,N,N,N,N,N
CD49D;ITGA4;IA4,N,N,N,N,N,N,N,N,N,N,N,N,N,N,N,N,N,N,N,N,N,N,N,N,N,N,N,N,N,N,N,N
FNRA;CD49e;ITGA5;VLA-5;VLA5A,N,N,N,N,N,N,N,N,N,N,N,N,N,N,N,N,N,N,N,N,N,N,N,N,N,N,N,N,N,N,N,N
ITGA7,N,N,N,N,N,N,N,N,N,N,N,N,N,N,N,N,N,N,N,N,N,N,N,N,N,N,N,N,N,N,N,N
ITGA4L;ALPHA-RLC;RLC;ITGA9,N,N,N,N,N,N,N,N,N,N,N,N,N,N,N,N,N,N,N,N,N,N,N,N,N,N,N,N,N,N,N,N
CD51;VTNR;ITGAV;MSK8;VNRA,N,N,N,N,N,N,N,N,N,N,N,N,N,N,N,N,N,N,N,N,N,N,N,N,N,N,N,N,N,N,N,N
PRO827;ITGA10,N,N,N,N,N,N,N,N,N,N,A,N,N,N,N,N,N,N,N,A,A,N,A,A,N,A,A,N,N,N,A,N
ITGA8,N,N,N,N,N,N,N,N,N,N,N,N,N,N,N,N,N,N,N,N,N,N,N,N,N,N,N,N,N,N,N,N
OPD1;XLVD;ABPX;FMD;OPD2;NHBP;FLNA;FLN;FLN1;OPD;FLN-A;XMVD;ABP-280;MNS;CVD1;CSBS,A,A,A,N,N,A,A,A,A,N,A,A,N,A,A,A,A,N,N,N,A,A,A,N,N,A,N,A,N,A,A,A
TABP;LRS1;FH1;FLN-B;FLN1L;SCT;TAP;AOI;ABP-280;ABP-278;FLNB,A,A,A,N,N,A,A,A,A,N,A,A,N,A,A,A,A,N,N,N,A,A,A,N,N,A,N,A,N,A,A,A
FLNC;ABPL;MPD4;CMH26;ABPA;RCM5;FLN2;ABP280A;MFM5;ABP-280,A,A,A,N,A,A,A,A,A,N,A,A,N,A,A,A,A,N,N,N,A,A,A,A,N,A,N,A,N,A,A,A
TKS;CDC42;G25K;CDC42Hs,C,C,C,C,C,C,C,C,C,C,C,C,C,C,C,C,C,C,C,C,C,C,C,C,C,C,C,C,C,C,C,C
MYLK4;SgK085,B,B,B,B,B,B,B,B,B,B,B,B,B,B,B,B,B,B,B,B,B,B,B,B,B,B,B,B,B,B,B,B
MLCK1;MYLK;MSTP083;KRP;MYLK1;MLCK;MLCK108;smMLCK;MLCK210;AAT7,D,D,D,D,D,D,D,D,D,D,D,D,D,D,D,D,D,D,D,D,D,D,D,D,D,D,D,D,D,D,D,D
MYLK2;MLCK;KMLC;MLCK2;skMLCK,B,B,B,B,B,B,B,B,B,B,B,B,B,B,B,B,B,B,B,B,B,B,B,B,B,B,B,B,B,B,B,B
MYLK3;MLCK;caMLCK;MLCK2,B,B,B,B,B,B,B,B,B,B,B,B,B,B,B,B,B,B,B,B,B,B,B,B,B,B,B,B,B,B,B,B
MRLC2;MYL12B;MLC-B,A,A,A,A,A,N,A,A,A,N,A,A,A,A,A,A,A,A,A,A,A,A,A,A,A,A,N,A,A,A,A,A
MRLC1;MYL9;MYRL2;MLC-2C;LC20;MLC2,A,A,A,A,A,N,A,A,A,N,A,A,A,A,A,A,A,A,A,A,A,A,A,A,A,A,N,A,A,A,A,A
HEL-S-24;MRCL3;MYL2B;MLC-2B;MLCB;MRLC3;MYL12A,A,A,A,A,A,N,A,A,A,N,A,A,A,A,A,A,A,A,A,A,A,A,A,A,A,A,N,A,A,A,A,A
HUMMLC2B;MRLC2;MLC2B;MYL11;MYLPF,A,A,A,A,A,N,A,A,A,N,A,A,A,A,A,A,A,A,A,A,A,A,A,A,N,A,N,A,A,A,A,A
MYL2;MLC-2s/v;MLC2;CMH10,A,A,A,A,A,N,A,A,A,N,A,A,A,A,A,A,A,A,A,A,A,A,A,A,A,A,N,A,A,A,A,A
MYLC2;MYL5,A,A,A,A,A,N,A,A,A,N,A,A,A,A,A,A,A,A,A,A,A,A,A,A,N,A,N,A,A,A,A,A
MYL7;MYL2A;MYLC2A,A,A,A,A,A,N,A,A,A,N,A,A,A,A,A,A,A,A,A,A,A,A,A,A,N,A,N,A,A,A,A,A
MYL10;PLRLC;MYLC2PL,A,A,A,A,A,N,A,A,A,N,A,A,A,A,A,A,A,A,A,A,A,A,A,A,N,A,N,A,A,A,A,A
DRF1;DFNA1;SCBMS;DIAPH1;hDIA1;DIA1;LFHL1,B,B,B,B,B,B,B,B,B,N,B,B,B,B,B,B,B,B,B,B,B,B,B,B,B,B,B,B,B,B,B,B
M130;MYPT1;MBS;PPP1R12A,A,A,A,A,A,A,A,A,A,A,A,A,A,A,A,A,A,A,A,A,A,A,A,A,A,A,A,A,A,A,A,A
MYPT2;PP1bp55;PPP1R12B,A,A,A,A,A,A,A,A,A,A,A,A,A,A,A,A,A,A,A,A,A,A,A,A,A,A,A,A,A,A,A,A
p84;PPP1R12C;AAVS1;LENG3;p85;MBS85,D,D,D,D,D,D,D,D,D,D,D,D,D,D,D,D,D,D,D,D,D,D,D,D,D,D,D,D,D,D,D,D
PPP1A;PP-1A;PP1A;PPP1CA;PP1alpha,D,D,D,D,D,D,D,D,D,N,D,D,D,D,D,D,D,D,D,D,D,D,D,D,D,D,D,D,D,D,D,D
PP-1B;PPP1CB;PPP1CD;HEL-S-80p;PP1beta;PP1B;NSLH2,D,D,D,D,D,D,D,D,D,N,D,D,D,D,D,D,D,D,D,D,D,D,D,D,D,D,D,D,D,D,D,D
PP1C;PP-1G;PPP1CC;PPP1G,D,D,D,D,D,D,D,D,D,N,D,D,D,D,D,D,D,D,D,D,D,D,D,D,D,D,D,D,D,D,D,D
ROCK-I;P160ROCK;ROCK1,B,B,B,B,B,B,B,B,B,B,B,B,B,B,B,B,B,B,B,B,B,B,B,B,B,B,B,B,B,B,B,B
ROCK2;ROCK-II,B,B,B,B,B,B,B,B,B,B,B,B,B,B,B,B,B,B,B,B,B,B,B,B,B,B,B,B,B,B,B,B
PKB-GAMMA;MPPH;RAC-gamma;AKT3;RAC-PK-gamma;STK-2;PKBG;PRKBG;MPPH2,B,B,B,B,B,B,B,B,B,B,B,B,B,B,B,B,B,B,B,B,B,B,B,B,B,B,B,B,B,B,B,B
AKT1;PKB;PRKBA;RAC-ALPHA;AKT;CWS6;RAC;PKB-ALPHA,B,B,B,B,B,B,B,B,B,B,B,B,B,B,B,B,B,B,B,B,B,B,B,B,B,B,B,B,B,B,B,B
PKBB;PKBBETA;HIHGHH;AKT2;RAC-BETA;PRKBB,B,B,B,B,B,B,B,B,B,B,B,B,B,B,B,B,B,B,B,B,B,B,B,B,B,B,B,B,B,B,B,B
PDPK1;PDPK2;PRO0461;PDPK2P;PDK1,B,B,B,B,B,B,B,B,B,B,B,B,B,B,B,B,B,B,B,B,B,B,B,B,B,B,B,B,B,B,B,B
CGI-56;PARVB,N,N,N,N,N,N,N,N,N,N,N,N,N,N,N,N,N,N,N,N,N,N,N,N,N,N,N,N,N,N,N,N
CH-ILKBP;PARVA;MXRA2,N,N,N,N,N,N,N,N,N,N,N,N,N,N,N,N,N,N,N,N,N,N,N,N,N,N,N,N,N,N,N,N
PARVG,N,N,N,N,N,N,N,N,N,N,N,N,N,N,N,N,N,N,N,N,N,N,N,N,N,N,N,N,N,N,N,N
ILK;ILK-1;HEL-S-28;p59ILK;ILK-2;P59,B,B,B,B,B,B,B,B,B,B,B,B,B,B,B,B,B,B,B,B,B,B,B,B,B,B,B,B,B,B,B,B
HEL114;CMH15;VCL;MVCL;MV;CMD1W,N,N,N,N,N,N,N,N,N,N,N,N,N,N,N,N,N,N,N,N,N,N,N,N,N,N,N,N,N,N,N,N
VASP,N,N,N,N,N,N,N,N,N,N,N,N,N,N,N,N,N,N,N,N,N,N,N,N,N,N,N,N,N,N,N,N
GLM2;DEC;BZS;PTENbeta;CWS1;PTEN1;10q23del;PTEN;TEP1;MMAC1;MHAM,D,D,D,N,D,N,N,D,D,N,D,D,N,D,D,N,N,N,D,N,D,D,D,D,D,D,D,D,D,D,D,D
MCM;PI3K-alpha;PI3K;MCMTC;CLOVE;PIK3CA;CWS5;p110-alpha;MCAP,A,A,A,A,A,A,A,A,A,N,A,A,A,A,A,A,A,A,A,A,A,A,A,A,A,A,A,A,A,A,A,A
PI3K;PIK3C1;PIK3CB;PI3KBETA;P110BETA,A,A,A,A,A,A,A,A,A,A,A,A,A,A,A,A,A,A,A,A,A,A,A,A,A,A,A,A,A,A,A,A
PI3K;IMD14;p110D;P110DELTA;APDS;PIK3CD,A,A,A,A,A,A,A,A,A,N,A,A,A,A,A,A,A,A,A,A,A,A,A,A,A,A,A,A,A,A,A,A
PIK3R1;GRB1;AGM7;p85-ALPHA;p85;IMD36,A,A,A,N,N,N,N,A,A,N,A,A,A,A,A,A,N,N,A,A,A,A,A,A,A,A,A,A,A,A,A,A
PIK3R2;MPPH;P85B;p85-BETA;MPPH1;p85,N,N,N,N,N,N,N,N,N,N,N,N,N,N,N,N,N,N,N,N,N,N,N,N,N,N,N,N,N,N,N,N
PIK3R3;p55;p55PIK;p55-GAMMA,N,N,N,N,N,N,N,N,N,N,N,N,N,N,N,N,N,N,N,N,N,N,N,N,N,N,N,N,N,N,N,N
TLN1;TLN;talin-1;ILWEQ,N,N,A,N,A,A,N,N,N,N,A,N,N,N,N,N,N,N,N,A,N,N,N,N,N,N,N,A,N,N,A,N
TLN2;ILWEQ,N,N,N,N,N,N,N,N,N,N,N,N,N,N,N,N,N,N,N,N,N,N,N,N,N,N,N,N,N,N,N,N
ESP-2;HED-2;ZYX,A,A,A,N,N,N,N,N,A,N,A,A,N,A,A,N,N,N,A,N,A,A,A,A,A,A,A,A,A,A,A,A
PIP5K1C;PIP5K-GAMMA;PIP5K1-gamma;PIP5Kgamma;LCCS3,C,C,C,C,C,N,C,N,N,N,C,C,C,C,N,N,N,N,C,C,C,C,C,C,N,C,C,N,N,N,C,C
ACTN4;ACTININ-4;FSGS;FSGS1,A,A,A,A,A,A,A,A,A,N,A,A,A,A,A,A,A,A,A,N,A,A,A,A,A,A,A,A,A,A,A,A
BDPLT15;ACTN1,A,A,A,A,A,A,A,A,A,N,A,A,A,A,A,A,A,A,A,N,A,A,A,A,A,A,A,A,A,A,A,A
PTK2;p125FAK;FADK;FAK1;FAK;pp125FAK;FRNK;PPP1R71,B,B,B,B,B,B,B,B,B,B,B,B,B,B,B,B,B,B,B,B,B,B,B,B,B,B,B,B,B,B,B,B
mCANP;CANPml;CANP2;CANPL2;CAPN2,N,A,A,N,A,N,N,A,A,N,A,A,A,A,A,A,A,N,A,A,A,A,A,A,N,A,N,N,A,N,A,A
PXN,A,A,A,N,N,N,N,N,A,N,A,A,N,A,A,N,N,N,A,N,A,A,A,A,A,A,A,A,A,A,A,A
P190-A;p190ARhoGAP;ARHGAP35;p190RhoGAP;P190A;GRF-1;GRLF1,A,A,A,A,A,N,N,A,A,N,A,A,A,A,A,A,A,A,A,A,A,A,A,A,A,A,A,A,A,A,A,A
RhoGAP5;GFI2;p190-B;ARHGAP5;p190BRhoGAP,A,A,A,A,A,N,N,A,A,N,A,A,A,A,A,A,A,A,A,A,A,A,A,A,A,A,A,A,A,A,A,A
PRKACA;PRKCA;PKC-alpha;AAG6;PKCA,B,B,B,B,B,B,B,B,B,B,B,B,B,B,B,B,B,B,B,B,B,B,B,B,B,B,B,B,B,B,B,B
PKC-beta;PKCB;PRKCB2;PRKCB;PRKCB1,B,B,B,B,B,B,B,B,B,B,B,B,B,B,B,B,B,B,B,B,B,B,B,B,B,B,B,B,B,B,B,B
PKCC;PKCG;PKC-gamma;SCA14;PRKCG,B,B,B,B,B,B,B,B,B,B,B,B,B,B,B,B,B,B,B,B,B,B,B,B,B,B,B,B,B,B,B,B
SRC1;THC6;c-SRC;ASV;p60-Src;SRC,B,B,B,B,B,B,B,B,B,B,B,B,B,B,B,B,B,B,B,B,B,B,B,B,B,B,B,B,B,B,B,B
FYN;p59-FYN;SLK;SYN,B,B,B,B,B,B,B,B,B,B,B,B,B,B,B,B,B,B,B,B,B,B,B,B,B,B,B,B,B,B,B,B
RHO12;RHOA;ARH12;ARHA;RHOH12,C,C,C,C,C,C,C,C,C,C,C,C,C,C,C,C,C,C,C,C,C,C,C,C,C,C,C,C,C,C,C,C
GRF55;H-GRF55;GNRP;CDC25;CDC25L;ras-GRF1;RASGRF1;PP13187;GRF1,A,A,A,A,A,A,A,A,A,N,A,A,A,A,A,A,A,A,A,A,A,A,A,A,A,A,A,A,A,A,A,A
OCCM;LAMC3,N,A,N,N,N,N,N,A,N,N,A,A,N,A,N,N,A,N,N,N,A,A,A,N,N,A,N,N,N,N,A,A
CHAD;SLRR4A,N,B,B,B,B,N,N,B,B,N,B,B,N,N,N,N,N,B,B,N,B,B,B,B,B,N,N,B,N,B,B,N
EDSC;OI3;COL1A1;OI2;OI1;OI4,N,N,A,N,N,N,A,N,A,N,A,A,N,A,N,A,N,N,N,A,A,A,A,A,A,A,A,N,N,A,A,N
COL1A2;OI4,N,N,A,N,N,N,N,N,A,N,A,A,N,N,N,A,N,N,N,A,A,A,A,A,A,A,A,N,N,A,A,N
COL11A3;COL2A1;ANFH;STL1;SEDC;AOM,N,N,A,N,N,N,N,N,A,N,A,A,N,N,N,A,N,N,N,A,A,A,A,A,A,A,A,N,N,A,A,N
RATOR;COL4A1;BSVD,N,N,A,N,N,N,N,N,A,N,A,A,N,N,N,A,N,N,N,A,A,A,A,A,A,A,A,N,N,A,A,N
POREN2;COL4A2;ICH,N,N,A,N,N,N,N,N,A,N,A,A,N,N,N,A,N,N,N,A,A,A,A,A,A,A,A,N,N,A,A,N
COL4A3,N,N,A,N,N,N,N,N,A,N,A,A,N,N,N,A,N,N,N,A,A,A,A,A,A,A,A,N,N,A,A,N
COL4A4;CA44,N,N,A,N,N,N,N,N,A,N,A,A,N,N,N,A,N,N,N,A,A,A,A,A,A,A,A,N,N,A,A,N
CA54;COL4A5;ASLN;ATS,N,N,A,N,N,N,N,N,A,N,A,A,N,N,N,A,N,N,N,A,A,A,A,A,A,A,A,N,N,A,A,N
DELXq22.3;DFNX6;CXDELq22.3;COL4A6,N,N,A,N,N,N,N,N,A,N,A,A,N,N,N,A,N,N,N,A,A,A,A,A,A,A,A,N,N,A,A,N
BTHLM1;UCHMD1;COL6A1;OPLL,N,A,A,N,N,N,A,A,A,N,A,A,N,A,N,A,A,N,N,A,A,A,A,A,A,A,A,N,N,A,A,A
BTHLM1;PP3610;UCMD1;COL6A2,N,A,A,N,N,N,A,A,A,N,A,A,N,A,N,A,A,N,N,A,A,A,A,A,A,A,A,N,N,A,A,A
BTHLM1;DYT27;UCMD1;COL6A3,N,A,A,N,N,N,A,A,A,N,A,A,N,A,N,A,A,N,N,A,A,A,A,A,A,A,A,N,N,A,A,A
EDM6;DJ149L1.1.2;STL4;MED;COL9A1,N,N,A,N,N,N,N,N,A,N,A,A,N,N,N,A,N,N,N,A,A,A,A,A,A,A,A,N,N,A,A,N
DJ39G22.4;EDM2;MED;STL5;COL9A2,N,N,A,N,N,N,A,N,A,N,A,A,N,A,N,A,N,N,N,A,A,A,A,A,A,A,A,N,N,A,A,N
DJ885L7.4.1;IDD;EDM3;MED;COL9A3,N,N,A,N,N,N,N,N,A,N,A,A,N,N,N,A,N,N,N,A,A,A,A,A,A,A,A,N,N,A,A,N
COMP;THBS5;EDM1;MED;EPD1;TSP5;PSACH,N,A,N,A,N,N,N,N,A,N,N,N,N,A,N,A,N,A,N,N,A,A,A,A,N,A,N,N,N,N,A,A
COL6A6,N,A,A,N,N,N,A,A,A,N,A,A,N,A,N,A,A,N,N,A,A,A,A,A,A,A,A,N,N,A,A,A
LAMB4,N,A,N,N,N,N,N,A,N,N,A,A,N,A,N,N,A,N,N,N,A,A,A,N,N,A,N,N,N,N,A,A
FNZ;MSF;FN1;GFND;LETS;CIG;GFND2;ED-B;FN;FINC,N,A,N,A,N,A,N,N,A,N,A,A,A,A,N,A,N,A,N,N,A,A,A,A,N,A,N,N,N,N,A,A
COL29A1;COL6A5;VWA4,N,A,A,N,N,N,A,A,A,N,A,A,N,A,N,A,A,N,N,A,A,A,A,A,A,A,A,N,N,A,A,A
PTBHS;LAMA1;S-LAM-alpha;LAMA,N,A,N,A,N,A,N,A,A,N,A,A,A,A,N,A,A,A,N,N,A,A,A,A,N,A,N,N,N,N,A,A
GMEM;150-225;JI;DFNA56;TN-C;TNC;HXB;TN;GP,A,A,A,A,N,A,A,A,A,N,A,A,A,A,A,A,A,A,N,N,A,A,A,A,N,A,N,N,A,A,A,A
IBSP;BSP;SP-II;BNSP;BSP-II,N,N,N,N,N,N,N,N,N,N,N,N,N,N,N,N,N,N,N,N,N,N,N,N,N,N,N,N,N,N,N,N
LAMA2;LAMM,A,A,A,A,A,A,N,A,A,N,A,A,A,A,A,A,A,A,A,N,A,A,A,A,A,A,A,A,A,A,A,A
LAMA3;LOCS;E170;BM600;LAMNA,A,A,A,N,A,A,N,A,A,N,A,A,A,A,A,A,A,N,N,N,A,A,A,A,N,A,A,A,A,A,A,A
LAMA3;CMD1JJ;LAMA4*-1;LAMA4,N,A,N,A,N,A,N,A,A,N,A,A,A,A,N,A,A,A,N,N,A,A,A,A,N,A,N,N,N,N,A,A
LAMA5,A,A,A,A,A,A,N,A,A,N,A,A,A,A,A,A,A,A,A,N,A,A,A,A,A,A,A,A,A,N,A,A
LIS5;LAMB1;CLM,N,A,N,N,N,N,N,A,N,N,A,A,N,A,N,N,A,N,N,N,A,A,A,N,N,A,N,N,N,N,A,A
NPHS5;LAMB2;LAMS,N,A,N,A,N,N,N,A,A,N,A,A,N,A,N,A,A,A,N,N,A,A,A,A,N,A,N,N,N,N,A,A
AI1A;LAMB3;LAMNB1;BM600-125KDA;LAM5,N,A,N,A,N,A,N,A,N,N,A,A,A,A,N,N,A,N,N,N,A,A,A,N,N,A,N,N,N,N,A,A
LAMC1;LAMB2,N,A,N,A,N,A,N,A,N,N,A,A,A,A,N,N,A,N,N,N,A,A,A,N,N,A,N,N,N,N,A,A
LAMC2;EBR2;LAMNB2;BM600;CSF;EBR2A;B2T;LAMB2T,N,A,N,N,N,N,N,A,N,N,A,A,N,A,N,N,A,N,N,N,A,A,A,N,N,A,N,N,N,N,A,A
ETL7;PRO1598;LIS2;RELN;RL,N,A,A,N,N,N,N,N,N,N,A,N,N,A,N,A,N,N,N,N,A,A,N,N,N,A,N,N,N,N,A,A
TN-W;TNN,A,A,A,A,N,A,A,N,A,N,A,A,A,A,A,A,A,A,A,A,A,A,A,A,N,A,A,N,A,A,A,A
SPP1;OPN;BSPI;BNSP;ETA-1,N,N,N,N,N,N,N,N,N,N,N,N,N,N,N,N,N,N,N,N,N,N,N,N,N,N,N,N,N,N,N,N
THBS;TSP-1;THBS1;TSP1;TSP;THBS-1,N,A,A,N,N,N,N,N,N,N,A,N,N,A,N,A,N,N,N,N,A,A,N,N,N,A,N,N,N,N,A,A
TSP2;THBS2,N,A,A,N,N,N,N,N,N,N,A,N,N,A,N,A,N,N,N,N,A,A,N,N,N,A,N,N,N,N,A,A
TSP3;THBS3,N,A,N,A,N,N,N,N,A,N,N,N,N,A,N,A,N,A,N,N,A,A,A,A,N,A,N,N,N,N,A,A
THBS4;TSP4;TSP-4,N,A,N,A,N,N,N,A,A,N,A,A,N,A,N,A,A,A,N,N,A,A,A,A,N,A,N,N,N,N,A,A
TNR;TN-R,A,A,A,A,N,A,A,N,A,N,A,A,A,A,A,A,A,A,N,N,A,A,A,A,N,A,N,N,A,A,A,A
HXBL;XB;XBS;TN-X;EDS3;VUR8;TNXB2;TENX;TNX;TNXBS;TNXB;TNXB1,A,A,A,A,N,A,A,A,A,N,A,A,A,A,A,A,A,A,N,N,A,A,A,A,N,A,N,N,A,A,A,A
VN;VTN;V75;VNT,N,N,N,N,N,N,N,N,N,N,N,N,N,N,N,N,N,N,N,N,N,N,N,N,N,N,N,N,N,N,N,N
F8VWF;VWF;VWD,N,A,A,N,N,N,N,A,N,N,A,A,N,A,N,A,A,N,N,A,A,A,A,A,N,A,A,N,A,N,A,A
MSTP085;LCCNS;CGL3;BSCL3;CAV;CAV1;PPH3;VIP21,N,N,N,N,N,N,N,N,N,N,N,N,N,N,N,N,N,N,N,N,N,N,N,N,N,N,N,N,N,N,N,N
CAV2;CAV,N,N,N,N,N,N,N,N,N,N,N,N,N,N,N,N,N,N,N,N,N,N,N,N,N,N,N,N,N,N,N,N
LQT9;VIP-21;LGMD1C;VIP21;CAV3,N,N,N,N,N,N,N,N,N,N,N,N,N,N,N,N,N,N,N,N,N,N,N,N,N,N,N,N,N,N,N,N
BIRC2;API1;c-IAP1;RNF48;cIAP1;Hiap-2;HIAP2;MIHB,A,A,A,A,A,N,A,A,A,N,A,A,A,A,A,A,A,A,A,A,A,A,A,A,N,A,N,N,N,A,A,A
HAIP1;BIRC3;API2;MALT2;MIHC;CIAP2;c-IAP2;RNF49;HIAP1;AIP1,A,A,A,A,A,N,A,A,A,N,A,A,A,A,A,A,A,A,A,A,A,A,A,A,N,A,N,A,N,A,A,A
BIRC4;XIAP;hIAP-3;XLP2;API3;IAP-3;ILP1;hIAP3;MIHA,A,A,A,A,A,N,A,A,A,N,A,A,A,N,A,A,A,A,A,A,A,A,A,A,N,A,A,N,N,A,A,A
BCL2L8;BAD;BBC2,N,N,N,N,N,N,N,N,N,N,N,N,N,N,N,N,N,N,N,N,N,N,N,N,N,N,N,N,N,N,N,N
Bcl-2;PPP1R50;BCL2,N,N,N,N,N,N,N,N,N,N,N,N,N,N,N,N,N,N,N,N,N,N,N,N,N,N,N,N,N,N,N,N
ELK1,N,N,N,N,N,N,N,N,N,N,N,N,N,N,N,N,N,N,N,N,N,N,N,N,N,N,N,N,N,N,N,N
p41;PRKM1;MAPK1;ERT1;P42MAPK;ERK-2;ERK2;MAPK2;p38;p41mapk;PRKM2;ERK;p42-MAPK;p40,D,D,D,D,D,D,D,D,D,D,D,D,D,D,D,D,D,D,D,D,D,D,D,D,D,D,D,D,D,D,D,D
ERT2;ERK1;p44-MAPK;HUMKER1A;P44ERK1;MAPK3;ERK-1;PRKM3;P44MAPK;p44-ERK1;HS44KDAP,D,D,D,D,D,D,D,D,D,D,D,D,D,D,D,D,D,D,D,D,D,D,D,D,D,D,D,D,D,D,D,D
U21B31;D11S287E;PRAD1;CCND1;BCL1,A,A,A,A,A,A,N,A,A,N,A,A,A,A,A,A,A,A,N,A,A,A,A,A,A,A,A,A,A,A,A,A
MPPH3;CCND2;KIAK0002,A,A,A,A,A,A,N,A,A,N,A,A,A,A,A,A,A,A,N,A,A,A,A,A,A,A,A,A,A,A,A,A
CCND3,A,A,A,A,A,A,N,A,A,N,A,A,A,A,A,A,A,A,N,A,A,A,A,A,A,A,A,A,A,A,A,A
MAPKK1;MAP2K1;PRKMK1;MKK1;CFC3;MEK1,D,D,D,D,D,D,D,D,D,N,D,D,D,D,D,D,D,D,D,D,D,D,D,D,D,D,D,D,D,D,D,D
BRAF1;B-raf;BRAF;NS7;RAFB1;B-RAF1,B,B,B,B,B,B,B,B,B,B,B,B,B,B,B,B,B,B,B,B,B,B,B,B,B,B,B,B,B,B,B,B
NS5;CRAF;Raf-1;CMD1NN;c-Raf;RAF1,B,B,B,B,B,B,B,B,B,N,B,B,B,B,B,B,B,B,B,B,B,B,B,B,B,B,B,B,B,B,B,B
RASH1;CTLO;HAMSV;HRAS;p21ras;C-HA-RAS1;HRAS1;C-BAS/HAS;H-RASIDX;C-H-RAS,C,C,C,C,C,C,C,C,C,C,C,C,C,C,C,C,C,C,C,C,C,C,C,C,C,C,C,C,C,C,C,C
SOS1;GGF1;HGF;NS4;GINGF;GF1,A,A,A,A,A,A,A,A,A,N,A,A,A,A,A,A,A,A,A,A,A,A,A,A,A,A,A,A,A,A,A,A
SOS2;SOS-2;NS9,A,A,A,A,A,A,A,A,A,N,A,A,A,A,A,A,A,A,A,A,A,A,A,A,A,A,A,A,A,A,A,A
EGFRBP-GRB2;MST084;GRB2;ASH;Grb3-3;MSTP084;NCKAP2,A,A,A,N,A,N,N,N,A,N,A,N,A,A,A,N,A,N,A,A,A,A,A,A,A,A,A,A,A,A,A,A
NISBD2;HER1;ERBB;PIG61;EGFR;ERBB1;mENA,B,B,B,B,B,B,B,B,B,B,B,B,B,B,B,B,B,B,B,B,B,B,B,B,B,B,B,B,B,B,B,B
NGL;CD340;HER-2/neu;HER2;TKR1;ERBB2;HER-2;MLN_19;NEU,D,D,D,D,D,D,D,D,D,D,D,D,D,D,D,D,D,D,D,D,D,D,D,D,D,D,D,D,D,D,D,D
FLT-1;VEGFR-1;FLT;VEGFR1;FLT1,D,D,D,D,D,D,D,D,D,N,D,D,D,D,D,D,D,D,D,D,D,D,D,D,D,D,D,D,D,D,D,D
FLT4;FLT41;PCL;FLT-4;LMPH1A;VEGFR-3;VEGFR3,B,B,B,B,B,B,B,B,B,N,B,B,B,B,B,B,B,B,B,B,B,B,B,B,B,B,B,B,B,B,B,B
JTK13;CD221;IGFIR;IGFR;IGF1R,B,B,B,B,B,B,B,B,B,N,B,B,B,B,B,B,B,B,B,B,B,B,B,B,B,B,B,B,B,B,B,B
FLK1;VEGFR;KDR;VEGFR2;CD309,B,B,B,B,B,B,B,B,B,N,B,B,B,B,B,B,B,B,B,B,B,B,B,B,B,B,B,B,B,B,B,B
DFNB97;HGFR;AUTS9;c-Met;RCCP2;MET,B,B,B,B,B,B,B,B,B,N,B,B,B,B,B,B,B,B,B,B,B,B,B,B,B,B,B,B,B,B,B,B
PDGFR2;CD140A;PDGFRA;PDGFR-2,B,B,B,B,B,B,B,B,B,N,B,B,B,B,B,B,B,B,B,B,B,B,B,B,B,B,B,B,B,B,B,B
PDGFR;PENTT;JTK12;PDGFR-1;PDGFR1;CD140B;IBGC4;PDGFRB;IMF1;KOGS,B,B,B,B,B,B,B,B,B,N,B,B,B,B,B,B,B,B,B,B,B,B,B,B,B,B,B,B,B,B,B,B
EGF;HOMG4;URG,N,A,A,A,N,N,N,A,A,N,A,A,N,A,N,A,A,A,N,A,A,A,A,A,N,A,A,N,A,N,A,A
VEGFD;FIGF;VEGF-D,N,N,N,N,N,N,N,N,N,N,N,N,N,N,N,N,N,N,N,N,N,N,N,N,N,N,N,N,N,N,N,N
HGFB;SF;HGF;DFNB39;F-TCF;HPTA,N,A,A,A,A,N,A,A,A,N,A,A,N,A,N,A,A,A,N,A,A,A,A,A,N,A,N,N,N,N,A,A
IGF1;IGF-I;IGFI;MGF,N,N,N,N,N,N,N,N,N,N,N,N,N,N,N,N,N,N,N,N,N,N,N,N,N,N,N,N,N,N,N,N
PDGF1;PDGF-A;PDGFA,N,N,N,N,N,N,N,N,N,N,N,N,N,N,N,N,N,N,N,N,N,N,N,N,N,N,N,N,N,N,N,N
IBGC5;PDGF-2;SIS;SSV;PDGFB;c-sis;PDGF2,N,N,N,N,N,N,N,N,N,N,N,N,N,N,N,N,N,N,N,N,N,N,N,N,N,N,N,N,N,N,N,N
PIGF;PLGF;D12S1900;PGFL;SHGC-10760;PlGF-2;PGF,N,N,N,N,N,N,N,N,N,N,N,N,N,N,N,N,N,N,N,N,N,N,N,N,N,N,N,N,N,N,N,N
PDGFC;FALLOTEIN;SCDGF,N,N,N,N,N,N,N,N,N,N,N,N,N,N,N,N,N,N,N,N,N,N,N,N,N,N,N,N,N,N,N,N
MVCD1;VEGFA;VEGF;VPF,N,N,N,N,N,N,N,N,N,N,N,N,N,N,N,N,N,N,N,N,N,N,N,N,N,N,N,N,N,N,N,N
VEGFL;VEGFB;VRF,N,N,N,N,N,N,N,N,N,N,N,N,N,N,N,N,N,N,N,N,N,N,N,N,N,N,N,N,N,N,N,N
VEGFC;Flt4-L;LMPH1D;VRP,N,N,N,N,N,N,N,N,N,N,N,N,N,N,N,N,N,N,N,N,N,N,N,N,N,N,N,N,N,N,N,N
IEGF;SCDGF-B;PDGFD;SCDGFB;MSTP036,N,N,N,N,N,N,N,N,N,N,N,N,N,N,N,N,N,N,N,N,N,N,N,N,N,N,N,N,N,N,N,N
SHCB;SHC2;SLI;SCK,A,N,N,N,N,N,N,A,A,N,N,A,N,N,A,N,N,A,N,N,A,A,N,N,N,N,N,N,N,N,A,A
RaLP;SHC4;SHCD,N,N,N,N,N,N,N,N,N,N,N,N,N,N,N,N,N,N,N,N,N,N,N,N,N,N,N,N,N,N,N,N
SHC3;NSHC;SHCC;RAI;N-Shc,A,N,A,N,N,A,N,N,N,N,N,N,N,A,A,N,N,N,N,N,A,A,N,N,N,A,N,N,N,N,A,N
SHC1;SHCA;SHC,A,N,A,N,N,A,N,N,N,N,N,N,N,A,A,N,N,N,N,N,A,A,N,N,N,A,N,N,N,N,A,N
CASS1;P130Cas;CRKAS;CAS1;BCAR1;CAS,A,A,A,N,A,N,N,N,A,N,A,N,A,A,A,N,N,N,A,A,A,A,A,A,A,A,A,A,A,A,A,A
CRKII;p38;CRK,A,A,A,N,A,N,N,N,A,N,A,N,A,A,A,N,N,N,A,A,A,A,A,A,A,A,A,A,A,A,A,A
CRKL,A,A,A,N,N,A,N,N,A,N,A,A,A,A,A,N,N,N,A,A,A,A,A,A,A,A,A,A,A,A,A,A
GRF2;RAPGEF1;C3G,A,A,A,A,A,A,A,A,A,N,A,A,A,A,A,A,A,A,A,A,A,A,A,A,A,A,A,A,A,A,A,A
G-22K;SMGP21;RAP1;KREV-1;C21KG;KREV1;RAP1A,C,C,C,C,C,C,C,C,C,C,C,C,C,C,C,C,C,C,C,C,C,C,C,C,C,C,C,C,C,C,C,C
K-REV;RAL1B;RAP1B,C,C,C,C,C,C,C,C,C,C,C,C,C,C,C,C,C,C,C,C,C,C,C,C,C,C,C,C,C,C,C,C
DOCK1;ced5;DOCK180,A,N,N,N,N,N,N,N,A,N,N,N,N,A,N,N,N,N,N,N,A,N,N,A,N,N,N,N,N,N,A,N
JNK21B1/2;JNK;SAPK1c;PRKM8;JNK1A2;MAPK8;SAPK1;JNK1;JNK-46,D,D,D,D,D,D,D,D,D,D,D,D,D,D,D,D,D,D,D,D,D,D,D,D,D,D,D,D,D,D,D,D
JNK2BETA;SAPK;JNK2A;JNK2;JNK2B;p54a;MAPK9;JNK-55;SAPK1a;p54aSAPK;PRKM9;JNK2ALPHA,D,D,D,D,D,D,D,D,D,D,D,D,D,D,D,D,D,D,D,D,D,D,D,D,D,D,D,D,D,D,D,D
SAPK1b;PRKM10;JNK3A;p493F12;p54bSAPK;MAPK10;JNK3,D,D,D,D,D,D,D,D,D,D,D,D,D,D,D,D,D,D,D,D,D,D,D,D,D,D,D,D,D,D,D,D
JUN;c-Jun;AP-1;p39;AP1,N,N,N,N,N,N,N,N,N,N,N,N,N,N,N,N,N,N,N,N,N,N,N,N,N,N,N,N,N,N,N,N
PAK4,D,D,D,D,D,D,D,D,D,D,D,D,D,D,D,D,D,D,D,D,D,D,D,D,D,D,D,D,D,D,D,D
BUB1B-PAK6,D,D,D,D,D,D,D,D,D,D,D,D,D,D,D,D,D,D,D,D,D,D,D,D,D,D,D,D,D,D,D,D
PAK1;PAKalpha,D,D,D,D,D,D,D,D,D,D,D,D,D,D,D,D,D,D,D,D,D,D,D,D,D,D,D,D,D,D,D,D
PAK65;PAKgamma;PAK2,D,D,D,D,D,D,D,D,D,D,D,D,D,D,D,D,D,D,D,D,D,D,D,D,D,D,D,D,D,D,D,D
MRX47;ARA;bPAK;beta-PAK;PAK3;PAK3beta;OPHN3;PAK-3;MRX30,D,D,D,D,D,D,D,D,D,D,D,D,D,D,D,D,D,D,D,D,D,D,D,D,D,D,D,D,D,D,D,D
PAK5;PAK6,D,D,D,D,D,D,D,D,D,D,D,D,D,D,D,D,D,D,D,D,D,D,D,D,D,D,D,D,D,D,D,D
PAK7;PAK5,D,D,D,D,D,D,D,D,D,D,D,D,D,D,D,D,D,D,D,D,D,D,D,D,D,D,D,D,D,D,D,D
RAC1;Rac-1;p21-Rac1;TC-25;MIG5,C,C,C,C,C,C,C,C,C,C,C,C,C,C,C,C,C,C,C,C,C,C,C,C,C,C,C,C,C,C,C,C
HSPC022;p21-Rac2;Gx;RAC2;EN-7,C,C,C,C,C,C,C,C,C,C,C,C,C,C,C,C,C,C,C,C,C,C,C,C,C,C,C,C,C,C,C,C
RAC3,C,C,C,C,C,C,C,C,C,C,C,C,C,C,C,C,C,C,C,C,C,C,C,C,C,C,C,C,C,C,C,C
VAV3,A,A,A,N,A,N,A,N,A,N,A,N,A,A,A,N,A,N,A,A,A,A,A,A,A,A,A,A,A,A,A,A
VAV;VAV1,A,A,A,A,A,N,A,N,A,N,A,A,A,A,A,A,A,A,A,A,A,A,A,A,A,A,A,A,A,A,A,A
VAV2;VAV-2,A,A,A,N,A,N,A,N,A,N,A,N,A,A,A,N,A,N,A,A,A,A,A,A,A,A,A,A,A,A,A,A
EVR7;armadillo;CTNNB;CTNNB1;MRD19,A,A,A,A,A,A,A,A,A,N,A,A,A,A,A,A,A,A,A,A,A,A,A,A,A,A,A,A,A,A,A,A
GSK3B,D,D,D,D,D,D,D,D,D,D,D,D,D,D,D,D,D,D,D,D,D,D,D,D,D,D,D,D,D,D,D,D
PS1TP5BP1;BRWS1;ACTB,D,D,D,D,D,D,D,D,D,N,D,D,D,D,D,D,D,D,D,D,D,D,D,D,N,D,D,D,D,D,D,D
ACT;ACTG;DFNA20;ACTG1;DFNA26;HEL-176,D,D,D,D,D,D,D,D,D,N,D,D,D,D,D,D,D,D,D,D,D,D,D,D,N,D,D,D,D,D,D,D
