1,N,N,N,N,N,N,N,N,N,N,N,N,N,N,N,N,N,N,N,N,N,N,N,N,N,N,N,N,N,N,N,N
2,N,N,N,N,N,N,N,N,N,N,N,N,N,N,N,N,N,N,N,N,N,N,N,N,N,N,N,N,N,N,N,N
3,N,N,N,N,N,N,N,N,N,N,N,N,N,N,N,N,N,N,N,N,N,N,N,N,N,N,N,N,N,N,N,N
SEC,N,A,N,N,A,A,A,A,A,N,A,A,A,A,A,A,A,A,A,A,A,A,A,A,A,A,A,A,A,A,A,A
5,N,N,A,N,N,N,N,A,A,N,A,N,N,A,N,N,N,N,N,A,N,N,A,N,N,N,N,N,N,N,N,N
6,N,N,A,N,N,N,N,A,A,N,A,N,N,A,N,N,N,N,N,A,N,N,A,N,N,N,N,N,N,N,N,N
7,N,N,A,N,N,N,N,A,A,N,A,N,N,A,N,N,N,N,N,A,N,N,A,N,N,N,N,N,N,N,N,N
8,N,N,A,N,N,N,N,A,A,N,A,N,N,A,N,N,N,N,N,A,N,N,A,N,N,N,N,N,N,N,N,N
RRA3,N,N,A,N,N,N,A,A,N,N,A,N,N,N,N,N,N,N,A,A,A,N,N,N,N,N,N,N,N,N,N,N
RRA2,N,N,A,N,N,N,A,A,N,N,A,N,N,N,N,N,N,N,A,A,A,N,N,N,N,N,N,N,N,N,N,N
RRA1,N,N,A,N,N,N,A,A,N,N,A,N,N,N,N,N,N,N,A,A,A,N,N,N,N,N,N,N,N,N,N,N
XEG113,A,N,A,N,N,N,A,A,A,N,A,N,A,A,N,N,N,A,A,A,A,N,A,N,N,N,A,N,N,A,N,N
