PAR6C;TAX40;PARD6A;PAR6;TIP-40;PAR-6A;PAR6alpha,N,N,N,A,A,N,A,A,A,N,N,N,N,A,A,N,N,N,N,A,A,A,A,N,A,N,N,N,N,N,A,N
PAR-6G;PAR6gamma;PARD6G,N,N,N,A,A,N,A,A,A,N,N,N,N,A,A,N,N,N,N,A,A,A,A,N,A,N,N,N,N,N,A,N
PARD6B;PAR6B,N,N,N,A,A,N,A,A,A,N,N,N,N,A,A,N,N,N,N,A,A,A,A,N,A,N,N,N,N,N,A,N
hINADL;Cipp;InaD-like;PATJ;INADL,N,N,N,N,N,N,N,N,N,N,N,N,N,N,N,N,N,N,N,N,N,N,N,N,N,N,N,N,N,N,N,N
TKS;CDC42;G25K;CDC42Hs,C,C,C,C,C,C,C,C,C,C,C,C,C,C,C,C,C,C,C,C,C,C,C,C,C,C,C,C,C,C,C,C
STK11;PJS;LKB1;hLKB1,B,B,B,B,B,B,B,B,B,B,B,B,B,B,B,B,B,B,B,B,B,B,B,B,B,B,B,B,B,B,B,B
CGN,A,A,A,N,A,N,N,A,N,N,A,N,A,A,N,N,A,N,N,A,N,N,A,A,N,A,N,N,N,N,A,A
TIAM-1;TIAM1,A,A,A,N,A,N,A,N,A,N,A,N,A,A,A,N,A,N,N,N,A,A,A,A,N,A,A,A,A,A,A,N
PP4534;NADRIN;PP367;RICH-1;MSTP066;RICH1;MSTP038;WBP15;MST066;ARHGAP17;MST110;MSTP110,A,A,A,A,A,N,N,A,A,N,A,A,A,A,A,A,A,A,A,A,A,A,A,A,A,A,A,A,A,A,A,A
PTORCH1;PPP1R115;BLCPMG;OCLN,N,N,N,N,N,N,N,N,N,N,N,N,N,N,N,N,N,N,N,N,N,N,N,N,N,N,N,N,N,N,N,N
ZO-1;TJP1,N,A,A,N,N,N,N,N,N,N,A,N,N,A,N,A,N,N,N,N,A,A,N,N,N,A,N,N,N,N,A,A
P114-RhoGEF;RP78;ARHGEF18,A,A,A,N,A,N,N,N,A,N,A,N,A,A,A,N,A,N,N,N,A,A,A,A,N,A,A,A,A,A,A,N
RHO12;RHOA;ARH12;ARHA;RHOH12,C,C,C,C,C,C,C,C,C,C,C,C,C,C,C,C,C,C,C,C,C,C,C,C,C,C,C,C,C,C,C,C
ROCK-I;P160ROCK;ROCK1,B,B,B,B,B,B,B,B,B,B,B,B,B,B,B,B,B,B,B,B,B,B,B,B,B,B,B,B,B,B,B,B
ROCK2;ROCK-II,B,B,B,B,B,B,B,B,B,B,B,B,B,B,B,B,B,B,B,B,B,B,B,B,B,B,B,B,B,B,B,B
MYL2;MLC-2s/v;MLC2;CMH10,A,A,A,A,A,N,A,A,A,N,A,A,A,A,A,A,A,A,A,A,A,A,A,A,A,A,N,A,A,A,A,A
EHM2;EPB41L4B;CG1,A,N,N,N,N,N,N,N,A,N,N,N,N,N,N,A,N,N,N,N,N,N,A,N,N,N,N,N,N,N,A,N
PARD3;PARD3A;Baz;SE2-5T2;SE2-5L16;PARD-3;PPP1R118;SE2-5LT1;ASIP;PAR3;PAR3alpha,N,N,N,N,N,N,N,N,N,N,N,N,N,N,N,N,N,N,N,N,N,N,N,N,N,N,N,N,N,N,N,N
PRKCI;DXS1179E;PKCI;nPKC-iota,B,B,B,B,B,B,B,B,B,B,B,B,B,B,B,B,B,B,B,B,B,B,B,B,B,B,B,B,B,B,B,B
PRKCZ;PKC-ZETA;PKC2,B,B,B,B,B,B,B,B,B,B,B,B,B,B,B,B,B,B,B,B,B,B,B,B,B,B,B,B,B,B,B,B
RAC1;Rac-1;p21-Rac1;TC-25;MIG5,C,C,C,C,C,C,C,C,C,C,C,C,C,C,C,C,C,C,C,C,C,C,C,C,C,C,C,C,C,C,C,C
GSF5;JAM4;IGSF5,N,N,N,N,N,N,N,N,N,N,N,N,N,N,N,N,N,N,N,N,N,N,N,N,N,N,N,N,N,N,N,N
WWP3;BAP1;MAGI-1;TNRC19;AIP-3;BAIAP1;MAGI1;BAP-1;AIP3;Magi1d,N,N,A,N,A,N,N,N,N,N,A,N,N,N,N,N,N,A,N,A,N,A,N,A,N,A,N,N,N,N,A,A
JAMA;KAT;JCAM;JAM;CD321;JAM1;PAM-1;F11R,N,N,N,N,N,N,N,N,N,N,N,N,N,N,N,N,N,N,N,N,N,N,N,N,N,N,N,N,N,N,N,N
RAPGEF6;PDZ-GEF2;KIA001LB;PDZGEF2;RAGEF2;RA-GEF-2,A,A,A,A,A,A,A,A,A,N,A,A,A,A,A,A,A,A,A,A,A,A,A,A,A,A,A,A,A,A,A,A
G-22K;SMGP21;RAP1;KREV-1;C21KG;KREV1;RAP1A,C,C,C,C,C,C,C,C,C,C,C,C,C,C,C,C,C,C,C,C,C,C,C,C,C,C,C,C,C,C,C,C
PPP2CA;PP2Calpha;PP2CA;PP2Ac;RP-C,D,D,D,D,D,D,D,D,D,N,D,D,D,D,D,D,D,D,D,D,D,D,D,D,D,D,D,D,D,D,D,D
PPP2CB;PP2Abeta;PP2CB,D,D,D,D,D,D,D,D,D,N,D,D,D,D,D,D,D,D,D,D,D,D,D,D,D,D,D,D,D,D,D,D
PP2AAALPHA;PR65A;PPP2R1A;PP2AA;MRD36;PP2A-Aalpha,N,N,A,A,A,A,A,N,A,N,A,N,A,N,N,N,A,N,N,A,A,A,N,N,N,A,A,A,N,N,A,N
PR65B;PP2A-Abeta;PPP2R1B,N,N,A,A,A,A,A,N,A,N,A,N,A,N,N,N,A,N,N,A,A,A,N,N,N,A,A,A,N,N,A,N
PR55alpha;B55A;PR52A;PR55A;PPP2R2A;B55ALPHA,N,A,N,A,A,A,N,N,N,N,N,N,N,A,N,N,N,N,N,A,N,N,A,N,N,A,N,N,N,N,A,N
PR2AB55BETA;PP2APR55B;PR2APR55BETA;PR55BETA;PR2ABBETA;PP2APR55BETA;PP2ABBETA;PP2AB55BETA;PR55-BETA;SCA12;B55BETA;PR52B;PPP2R2B,N,A,N,A,A,A,N,N,N,N,N,N,N,A,N,N,N,N,N,A,N,N,A,N,N,A,N,N,N,N,A,N
B55gamma;PR52;IMYPNO1;IMYPNO;PR55G;B55-GAMMA;PPP2R2C,N,A,N,A,A,A,N,N,N,N,N,N,N,A,N,N,N,N,N,A,N,N,A,N,N,A,N,N,N,N,A,N
MDS026;PPP2R2D;B55delta;B55D,N,A,N,A,A,A,N,N,N,N,N,N,N,A,N,N,N,N,N,A,N,N,A,N,N,A,N,N,N,N,A,N
ACTN4;ACTININ-4;FSGS;FSGS1,A,A,A,A,A,A,A,A,A,N,A,A,A,A,A,A,A,A,A,N,A,A,A,A,A,A,A,A,A,A,A,A
BDPLT15;ACTN1,A,A,A,A,A,A,A,A,A,N,A,A,A,A,A,A,A,A,A,N,A,A,A,A,A,A,A,A,A,A,A,A
PS1TP5BP1;BRWS1;ACTB,D,D,D,D,D,D,D,D,D,N,D,D,D,D,D,D,D,D,D,D,D,D,D,D,N,D,D,D,D,D,D,D
ACT;ACTG;DFNA20;ACTG1;DFNA26;HEL-176,D,D,D,D,D,D,D,D,D,N,D,D,D,D,D,D,D,D,D,D,D,D,D,D,N,D,D,D,D,D,D,D
SYNPO,N,N,N,N,N,N,N,N,N,N,N,N,N,N,N,N,N,N,N,N,N,N,N,N,N,N,N,N,N,N,N,N
MICALL2;JRAB;MICAL-L2,A,A,A,N,A,A,N,N,A,N,A,A,N,A,A,N,N,N,A,N,A,A,N,A,N,A,N,A,N,A,A,A
GIG4;RAB13,C,C,C,C,C,C,C,C,C,C,C,C,C,C,C,C,C,C,C,C,C,C,C,C,C,C,C,C,C,C,C,C
PRKACA;PKACA;PPNAD4,B,B,B,B,B,B,B,B,B,B,B,B,B,B,B,B,B,B,B,B,B,B,B,B,B,B,B,B,B,B,B,B
PKACB;PRKACB;PKA_C-beta,B,B,B,B,B,B,B,B,B,B,B,B,B,B,B,B,B,B,B,B,B,B,B,B,B,B,B,B,B,B,B,B
BDPLT19;PKACg;PRKACG;KAPG,B,B,B,B,B,B,B,B,B,B,B,B,B,B,B,B,B,B,B,B,B,B,B,B,B,B,B,B,B,B,B,B
VASP,N,N,N,N,N,N,N,N,N,N,N,N,N,N,N,N,N,N,N,N,N,N,N,N,N,N,N,N,N,N,N,N
SRC1;THC6;c-SRC;ASV;p60-Src;SRC,B,B,B,B,B,B,B,B,B,B,B,B,B,B,B,B,B,B,B,B,B,B,B,B,B,B,B,B,B,B,B,B
MAP2K7;SAPKK-4;MKK7;MEK_7;MEK;JNKK2;SAPKK4;MAPKK7;PRKMK7,D,D,D,D,D,D,D,D,D,N,D,D,D,D,D,D,D,D,D,D,D,D,D,D,D,D,D,D,D,D,D,D
MAPKKK5;MAP3K5;ASK1;MEKK5,D,D,D,D,D,D,D,D,D,N,D,D,D,D,D,D,D,D,D,D,D,D,D,D,D,D,D,D,D,D,D,D
JNK21B1/2;JNK;SAPK1c;PRKM8;JNK1A2;MAPK8;SAPK1;JNK1;JNK-46,D,D,D,D,D,D,D,D,D,D,D,D,D,D,D,D,D,D,D,D,D,D,D,D,D,D,D,D,D,D,D,D
JNK2BETA;SAPK;JNK2A;JNK2;JNK2B;p54a;MAPK9;JNK-55;SAPK1a;p54aSAPK;PRKM9;JNK2ALPHA,D,D,D,D,D,D,D,D,D,D,D,D,D,D,D,D,D,D,D,D,D,D,D,D,D,D,D,D,D,D,D,D
SAPK1b;PRKM10;JNK3A;p493F12;p54bSAPK;MAPK10;JNK3,D,D,D,D,D,D,D,D,D,D,D,D,D,D,D,D,D,D,D,D,D,D,D,D,D,D,D,D,D,D,D,D
CCHL1A2;CACN4;Cav1.3;PASNA;CACH3;CACNL1A2;SANDD;CACNA1D,N,N,N,N,N,N,N,N,N,N,N,N,N,N,N,N,N,N,N,N,N,N,N,N,N,N,N,N,N,N,N,N
ZONAB;YBX3;DBPA;CSDA;CSDA1,N,N,N,N,N,N,N,N,N,N,N,N,N,N,N,N,N,N,N,N,N,N,N,N,N,N,N,N,N,N,N,N
NHERF-1;NPHLOP2;NHERF1;NHERF;EBP50;SLC9A3R1,N,N,N,N,N,N,N,N,N,N,N,N,N,N,N,N,N,N,N,N,N,N,N,N,N,N,N,N,N,N,N,N
HEL70;IMD50;MSN,A,N,N,N,N,N,N,N,A,N,N,N,N,N,N,A,N,N,N,N,N,N,A,N,N,N,N,N,N,N,A,N
DFNB24;RDX,A,A,A,N,N,N,N,N,A,N,A,N,A,A,A,A,N,N,A,A,A,A,A,A,A,A,A,A,A,A,A,A
HEL-S-105;CVL;EZR;CVIL;VIL2,A,A,A,N,N,N,N,N,A,N,A,N,A,A,A,A,N,N,A,A,A,A,A,A,A,A,A,A,A,A,A,A
LLGL2;LGL2;Hugl-2;HGL,N,N,N,N,N,N,N,N,N,N,N,N,N,N,N,N,N,N,N,N,N,N,N,N,N,N,N,N,N,N,N,N
Mgl1;HUGL1;LLGL1;LLGL;Lgl1;HUGL-1;DLG4;HUGL,N,N,N,N,N,N,N,N,N,N,N,N,N,N,N,N,N,N,N,N,N,N,N,N,N,N,N,N,N,N,N,N
MPDZ;MUPP1;HYC2,N,N,N,N,N,N,N,N,N,N,N,N,N,N,N,N,N,N,N,N,N,N,N,N,N,N,N,N,N,N,N,N
DLG6;MPP4;ALS2CR5,N,N,A,A,A,N,A,A,A,N,N,A,A,A,A,N,A,N,A,A,A,A,A,A,A,N,N,N,A,N,A,N
MRVLDC3;MARVELD3;MARVD3,N,N,N,N,N,N,N,N,N,N,N,N,N,N,N,N,N,N,N,N,N,N,N,N,N,N,N,N,N,N,N,N
MARVELD2;MRVLDC2;MARVD2;DFNB49;Tric,N,N,N,N,N,N,N,N,N,N,N,N,N,N,N,N,N,N,N,N,N,N,N,N,N,N,N,N,N,N,N,N
SRXY6;MAPKKK1;MEKK;MEKK1;MAP3K1;MEKK_1,D,D,D,D,D,D,D,D,D,N,D,D,D,D,D,D,D,D,D,D,D,D,D,D,D,D,D,D,D,D,D,D
CLDN21;CLDN24,N,N,N,N,N,N,N,N,N,N,N,N,N,N,N,N,N,N,N,N,N,N,N,N,N,N,N,N,N,N,N,N
CLDN16;HOMG3;PCLN1,N,N,N,N,N,N,N,N,N,N,N,N,N,N,N,N,N,N,N,N,N,N,N,N,N,N,N,N,N,N,N,N
WBSCR8;CPE-R;hCPE-R;CPETR1;CPETR;CPER;CLDN4,N,N,N,N,N,N,N,N,N,N,N,N,N,N,N,N,N,N,N,N,N,N,N,N,N,N,N,N,N,N,N,N
CLDN3;CPETR2;HRVP1;RVP1;CPE-R2;C7orf1,N,N,N,N,N,N,N,N,N,N,N,N,N,N,N,N,N,N,N,N,N,N,N,N,N,N,N,N,N,N,N,N
CLDN7;claudin-1;CLDN-7;CPETRL2;CEPTRL2;Hs.84359,N,N,N,N,N,N,N,N,N,N,N,N,N,N,N,N,N,N,N,N,N,N,N,N,N,N,N,N,N,N,N,N
CLDNL;hCG1646163;CLDN23,N,N,N,N,N,N,N,N,N,N,N,N,N,N,N,N,N,N,N,N,N,N,N,N,N,N,N,N,N,N,N,N
HOMG5;CLDN19,N,N,N,N,N,N,N,N,N,N,N,N,N,N,N,N,N,N,N,N,N,N,N,N,N,N,N,N,N,N,N,N
CLDN14;DFNB29,N,N,N,N,N,N,N,N,N,N,N,N,N,N,N,N,N,N,N,N,N,N,N,N,N,N,N,N,N,N,N,N
CLDN15,N,N,N,N,N,N,N,N,N,N,N,N,N,N,N,N,N,N,N,N,N,N,N,N,N,N,N,N,N,N,N,N
CLDN17,N,N,N,N,N,N,N,N,N,N,N,N,N,N,N,N,N,N,N,N,N,N,N,N,N,N,N,N,N,N,N,N
CLDN20,N,N,N,N,N,N,N,N,N,N,N,N,N,N,N,N,N,N,N,N,N,N,N,N,N,N,N,N,N,N,N,N
OSP;OTM;CLDN11,N,N,N,N,N,N,N,N,N,N,N,N,N,N,N,N,N,N,N,N,N,N,N,N,N,N,N,N,N,N,N,N
SFTA5;SFTPJ;CLDN18,N,N,N,N,N,N,N,N,N,N,N,N,N,N,N,N,N,N,N,N,N,N,N,N,N,N,N,N,N,N,N,N
CLDN22;CLDN21,N,N,N,N,N,N,N,N,N,N,N,N,N,N,N,N,N,N,N,N,N,N,N,N,N,N,N,N,N,N,N,N
CLDN25,N,N,N,N,N,N,N,N,N,N,N,N,N,N,N,N,N,N,N,N,N,N,N,N,N,N,N,N,N,N,N,N
CPETRL1;BEC1;TMVCF;AWAL;CLDN5,N,N,N,N,N,N,N,N,N,N,N,N,N,N,N,N,N,N,N,N,N,N,N,N,N,N,N,N,N,N,N,N
OSPL;CPETRL3;CLDN10;HELIX;OSP-L,N,N,N,N,N,N,N,N,N,N,N,N,N,N,N,N,N,N,N,N,N,N,N,N,N,N,N,N,N,N,N,N
CLDN8;HEL-S-79,N,N,N,N,N,N,N,N,N,N,N,N,N,N,N,N,N,N,N,N,N,N,N,N,N,N,N,N,N,N,N,N
CLDN6,N,N,N,N,N,N,N,N,N,N,N,N,N,N,N,N,N,N,N,N,N,N,N,N,N,N,N,N,N,N,N,N
CLDN2,N,N,N,N,N,N,N,N,N,N,N,N,N,N,N,N,N,N,N,N,N,N,N,N,N,N,N,N,N,N,N,N
CLDN1;CLD1;SEMP1;ILVASC,N,N,N,N,N,N,N,N,N,N,N,N,N,N,N,N,N,N,N,N,N,N,N,N,N,N,N,N,N,N,N,N
CLDN9,N,N,N,N,N,N,N,N,N,N,N,N,N,N,N,N,N,N,N,N,N,N,N,N,N,N,N,N,N,N,N,N
H91620p;AAKG;PRKAG2;WPWS;CMH6;AAKG2,A,N,N,N,N,N,N,A,N,N,N,N,N,A,N,N,N,N,N,N,N,N,N,N,A,N,N,N,N,A,N,N
PRKAG3;AMPKG3,A,N,N,N,N,N,N,A,N,N,N,N,N,A,N,N,N,N,N,N,N,N,N,N,A,N,N,N,N,A,N,N
AMPKa1;AMPK;PRKAA1,B,B,B,B,B,B,B,B,B,B,B,B,B,B,B,B,B,B,B,B,B,B,B,B,B,B,B,B,B,B,B,B
PRKAA;AMPKa2;AMPK;AMPK2;PRKAA2,B,B,B,B,B,B,B,B,B,B,B,B,B,B,B,B,B,B,B,B,B,B,B,B,B,B,B,B,B,B,B,B
PRKAB1;HAMPKb;AMPK,A,N,A,A,A,A,N,N,A,N,N,N,A,A,N,N,N,N,A,N,N,N,N,A,A,A,N,N,N,A,N,N
PRKAB2,A,N,A,A,A,A,N,N,A,N,N,N,A,A,N,N,N,N,A,N,N,N,N,A,A,A,N,N,N,A,N,N
AMPKG;PRKAG1,A,N,N,N,N,N,N,A,N,N,N,N,N,A,N,N,N,N,N,N,N,N,N,N,A,N,N,N,N,A,N,N
DUP9q21.11;X104;C9DUPq21.11;ZO2;TJP2;DFNA51;PFIC4,N,N,N,N,N,N,N,N,N,N,N,N,N,N,N,N,N,N,N,N,N,N,N,N,N,N,N,N,N,N,N,N
AF6;l-afadin;MLLT4;MLL-AF6;AFDN,A,N,A,A,N,A,N,A,A,N,A,N,A,A,A,N,A,A,N,A,A,A,A,A,N,A,A,A,N,N,A,A
CNrasGEF;RA-GEF-1;NRAPGEP;nRap_GEP;PDZ-GEF1;Rap-GEP;PDZGEF1;RA-GEF;RAPGEF2,A,A,A,A,A,A,A,A,A,N,A,A,A,A,A,A,A,A,A,A,A,A,A,A,A,A,A,A,A,A,A,A
RAP2C,C,C,C,C,C,C,C,C,C,C,C,C,C,C,C,C,C,C,C,C,C,C,C,C,C,C,C,C,C,C,C,C
K-ALPHA-1;TUBA1B,C,C,C,C,C,C,C,C,C,C,C,C,C,C,C,C,C,C,C,C,C,C,C,C,C,C,C,C,C,C,C,C
TUBA3E,C,C,C,C,C,C,C,C,C,C,C,C,C,C,C,C,C,C,C,C,C,C,C,C,C,C,C,C,C,C,C,C
H2-ALPHA;TUBA3D,C,C,C,C,C,C,C,C,C,C,C,C,C,C,C,C,C,C,C,C,C,C,C,C,C,C,C,C,C,C,C,C
TUBA8;TUBAL2;CDCBM8,C,C,C,C,C,C,C,C,C,C,C,C,C,C,C,C,C,C,C,C,C,C,C,C,C,C,C,C,C,C,C,C
TUBA4A;ALS22;TUBA1;H2-ALPHA,C,C,C,C,C,C,C,C,C,C,C,C,C,C,C,C,C,C,C,C,C,C,C,C,C,C,C,C,C,C,C,C
TUBA3C;TUBA2;bA408E5.3,C,C,C,C,C,C,C,C,C,C,C,C,C,C,C,C,C,C,C,C,C,C,C,C,C,C,C,C,C,C,C,C
B-ALPHA-1;TUBA1A;LIS3;TUBA3,C,C,C,C,C,C,C,C,C,C,C,C,C,C,C,C,C,C,C,C,C,C,C,C,C,C,C,C,C,C,C,C
TUBAL3,C,C,C,C,C,C,C,C,C,C,C,C,C,C,C,C,C,C,C,C,C,C,C,C,C,C,C,C,C,C,C,C
TUBA1C;bcm948;TUBA6,C,C,C,C,C,C,C,C,C,C,C,C,C,C,C,C,C,C,C,C,C,C,C,C,C,C,C,C,C,C,C,C
WHDC1;WHAMM;WHAMM1,N,N,N,N,N,N,N,N,N,N,N,N,N,N,N,N,N,N,N,N,N,N,N,N,N,N,N,N,N,N,N,N
WASP;THC1;WAS;SCNX;THC;WASPA;IMD2,N,A,A,N,N,N,N,A,A,N,A,N,A,A,N,N,N,N,N,A,A,A,N,N,N,N,N,N,N,N,A,N
NWASP;N-WASP;WASPB;WASL,N,B,B,N,N,N,N,B,B,N,B,B,B,B,B,N,N,N,N,B,B,B,N,B,N,N,N,N,N,N,B,N
ARP3;ACTR3,D,D,D,D,D,D,D,D,D,N,D,D,D,D,D,D,D,D,D,D,D,D,D,D,N,D,D,D,D,D,D,D
ACTR2;ARP2,D,D,D,D,D,D,D,D,D,N,D,D,D,D,D,D,D,D,D,D,D,D,D,D,N,D,D,D,D,D,D,D
ARP3BETA;ACTR3B;ARP11,D,D,D,D,D,D,D,D,D,N,D,D,D,D,D,D,D,D,D,D,D,D,D,D,N,D,D,D,D,D,D,D
ACTR3C;ARP11,D,D,D,D,D,D,D,D,D,N,D,D,D,D,D,D,D,D,D,D,D,D,D,D,N,D,D,D,D,D,D,D
SCH;BANF;ACN;NF2,A,N,N,N,N,N,N,N,A,N,N,N,N,N,N,A,N,N,N,N,N,N,A,N,N,N,N,N,N,N,A,N
CMM3;PSK-J3;CDK4,D,D,D,D,D,D,D,D,D,D,D,D,D,D,D,D,D,D,D,D,D,D,D,D,D,D,D,D,D,D,D,D
NGL;CD340;HER-2/neu;HER2;TKR1;ERBB2;HER-2;MLN_19;NEU,D,D,D,D,D,D,D,D,D,D,D,D,D,D,D,D,D,D,D,D,D,D,D,D,D,D,D,D,D,D,D,D
ATLD2;PCNA,C,C,N,N,N,N,N,C,C,N,N,C,N,N,N,N,N,N,N,N,N,N,C,N,N,N,N,C,C,N,N,N
CBFA2;AMLCR1;CBF2alpha;RUNX1;PEBP2alpha;AML1;EVI-1;AML1-EVI-1;PEBP2aB,N,N,N,N,N,N,N,N,N,N,N,N,N,N,N,N,N,N,N,N,N,N,N,N,N,N,N,N,N,N,N,N
GEFH1;ARHGEF2;NEDMHM;LFP40;P40;GEF;GEF-H1,A,A,A,N,A,N,N,N,A,N,A,N,A,A,A,N,A,N,N,N,A,A,A,A,N,A,A,A,A,A,A,N
JAM-B;JAM2;VE-JAM;C21orf43;PRO245;VEJAM;JAMB;CD322,N,N,N,N,N,N,N,N,N,N,N,N,N,N,N,N,N,N,N,N,N,N,N,N,N,N,N,N,N,N,N,N
JAMC;JAM-3;JAM-C;JAM3;JAM-2,N,N,N,N,N,N,N,N,N,N,N,N,N,N,N,N,N,N,N,N,N,N,N,N,N,N,N,N,N,N,N,N
AMOT,N,N,N,N,N,N,N,N,N,N,N,N,N,N,N,N,N,N,N,N,N,N,N,N,N,N,N,N,N,N,N,N
JEAP;AMOTL1,N,N,N,N,N,N,N,N,N,N,N,N,N,N,N,N,N,N,N,N,N,N,N,N,N,N,N,N,N,N,N,N
LCCP;AMOTL2,N,N,N,N,N,N,N,N,N,N,N,N,N,N,N,N,N,N,N,N,N,N,N,N,N,N,N,N,N,N,N,N
JUN;c-Jun;AP-1;p39;AP1,N,N,N,N,N,N,N,N,N,N,N,N,N,N,N,N,N,N,N,N,N,N,N,N,N,N,N,N,N,N,N,N
CD1A;CD1;HTA1;FCB6;R4;T6,N,N,N,N,N,N,N,N,N,N,N,N,N,N,N,N,N,N,N,N,N,N,N,N,N,N,N,N,N,N,N,N
CD1B;R1;CD1A;CD1,N,N,N,N,N,N,N,N,N,N,N,N,N,N,N,N,N,N,N,N,N,N,N,N,N,N,N,N,N,N,N,N
CD1A;CD1;BDCA1;R7;CD1C,N,N,N,N,N,N,N,N,N,N,N,N,N,N,N,N,N,N,N,N,N,N,N,N,N,N,N,N,N,N,N,N
R3;CD1A;R3G1;CD1D,N,N,N,N,N,N,N,N,N,N,N,N,N,N,N,N,N,N,N,N,N,N,N,N,N,N,N,N,N,N,N,N
R2;CD1A;CD1E,N,N,N,N,N,N,N,N,N,N,N,N,N,N,N,N,N,N,N,N,N,N,N,N,N,N,N,N,N,N,N,N
RY;HSPH2;HSPA4;hsp70;APG-2;HS24/P52;hsp70RY;HEL-S-5a,B,B,B,B,B,N,N,B,B,N,B,N,N,B,B,B,B,B,N,B,B,B,B,N,N,B,B,N,N,B,B,B
VSD1;ASD2;TOF;GATA4;TACHD,N,N,N,N,N,N,N,N,N,N,N,N,N,N,N,N,N,N,N,N,N,N,N,N,N,N,N,N,N,N,N,N
U21B31;D11S287E;PRAD1;CCND1;BCL1,A,A,A,A,A,A,N,A,A,N,A,A,A,A,A,A,A,A,N,A,A,A,A,A,A,A,A,A,A,A,A,A
SYM;SPK;SYMPK,N,A,N,N,N,N,N,N,A,N,N,N,N,A,N,A,N,N,N,N,N,N,N,N,N,N,N,N,N,N,A,N
CFTR/MRP;MRP7;TNR-CFTR;dJ760C5.1;ABCC7;CFTR;ABC35;CF,D,D,D,D,D,D,D,D,D,N,D,D,D,D,D,D,D,D,D,D,D,D,D,D,N,D,D,D,D,D,D,D
BVES;POPDC1;HBVES;POP1;LGMD2X,N,N,N,N,N,N,N,N,N,N,N,N,N,N,N,N,N,N,N,N,N,N,N,N,N,N,N,N,N,N,N,N
EMS1;CTTN,A,A,A,N,A,N,N,N,A,N,A,N,A,A,A,N,N,N,A,A,A,A,A,A,A,A,A,A,A,A,A,A
p75;lckBP1;CTTNL;HS1;HCLS1,A,A,A,N,A,N,N,N,A,N,A,N,A,A,A,N,A,N,A,A,A,A,A,A,A,A,A,A,A,A,A,A
MEL;RAB8;RAB8A,C,C,C,C,C,C,C,C,C,C,C,C,C,C,C,C,C,C,C,C,C,C,C,C,C,C,C,C,C,C,C,C
RAB8B,C,C,C,C,C,C,C,C,C,C,C,C,C,C,C,C,C,C,C,C,C,C,C,C,C,C,C,C,C,C,C,C
FNRB;VLAB;ITGB1;MSK12;MDF2;GPIIA;VLA-BETA;CD29,A,A,N,A,N,A,N,N,A,N,A,A,A,A,N,N,N,N,N,N,A,A,N,N,N,A,N,N,N,A,A,A
CRB3,N,A,N,A,N,N,N,N,A,N,N,N,N,A,N,A,N,A,N,N,A,A,A,A,N,A,N,N,N,N,A,A
MPP5;PALS1,N,N,A,A,A,N,A,A,A,N,N,A,A,A,A,N,A,N,A,A,A,A,A,A,A,N,N,N,A,N,A,N
SCRIB;SCRIB1;SCRB1;CRIB1;Vartul,B,B,B,B,B,B,N,B,B,N,B,B,B,B,B,N,N,B,B,N,B,B,B,B,B,B,N,B,N,B,B,B
hdlg;dJ1061C18.1.1;DLGH1;DLG1;SAP97;SAP-97,N,N,A,N,N,N,N,N,N,N,N,A,A,N,A,N,A,N,A,N,A,N,N,A,N,N,N,N,A,N,A,N
TJP3;ZO3;ZO-3,N,N,N,N,N,N,N,N,N,N,N,N,N,N,N,N,N,N,N,N,N,N,N,N,N,N,N,N,N,N,N,N
MRLC2;MYL12B;MLC-B,A,A,A,A,A,N,A,A,A,N,A,A,A,A,A,A,A,A,A,A,A,A,A,A,A,A,N,A,A,A,A,A
MRLC1;MYL9;MYRL2;MLC-2C;LC20;MLC2,A,A,A,A,A,N,A,A,A,N,A,A,A,A,A,A,A,A,A,A,A,A,A,A,A,A,N,A,A,A,A,A
HEL-S-24;MRCL3;MYL2B;MLC-2B;MLCB;MRLC3;MYL12A,A,A,A,A,A,N,A,A,A,N,A,A,A,A,A,A,A,A,A,A,A,A,A,A,A,A,N,A,A,A,A,A
MLC1SA;MYL6B,A,A,A,A,A,N,N,A,A,N,A,A,A,A,A,A,A,A,A,A,A,A,A,A,A,A,N,A,A,A,A,A
MYH15,A,A,A,A,A,A,A,A,A,N,A,A,A,A,A,A,A,A,A,A,A,A,A,A,A,A,A,A,A,A,A,A
MyHC-2X/D;MYHSA1;HEL71;MyHC-2x;MYH1;MYHa,A,A,A,A,A,A,A,A,A,N,A,A,A,A,A,A,A,A,A,A,A,A,A,A,A,A,A,A,A,A,A,A
MyHC-2A;MYH2;MYH2A;MYPOP;IBM3;MyHC-IIa;MYHSA2;MYHas8,A,A,A,A,A,A,A,A,A,N,A,A,A,A,A,A,A,A,A,A,A,A,A,A,A,A,A,A,A,A,A,A
MYHC-EMB;MYHSE1;DA8;DA2A;SMHCE;MYH3;HEMHC;DA2B,A,A,A,A,A,A,A,A,A,N,A,A,A,A,A,A,A,A,A,A,A,A,A,A,A,A,A,A,A,A,A,A
MyHC-IIb;MYH4;MyHC-2B;MYH2B,A,A,A,A,A,A,A,A,A,N,A,A,A,A,A,A,A,A,A,A,A,A,A,A,A,A,A,A,A,A,A,A
MyHC-peri;MyHC-pn;MYH8;gtMHC-F;DA7,A,A,A,A,A,A,A,A,A,N,A,A,A,A,A,A,A,A,A,A,A,A,A,A,A,A,A,A,A,A,A,A
NMMHC-IIA;NMMHCA;BDPLT6;DFNA17;MYH9;FTNS;MHA;EPSTS;NMHC-II-A,A,A,A,A,A,A,A,A,A,N,A,A,A,A,A,A,A,A,A,A,A,A,A,A,A,A,A,A,A,A,A,A
MYH10;NMMHCB;NMMHC-IIB,A,A,A,A,A,A,A,A,A,N,A,A,A,A,A,A,A,A,A,A,A,A,A,A,A,A,A,A,A,A,A,A
FAA4;SMMHC;MYH11;AAT4;SMHC,A,A,A,A,A,A,A,A,A,N,A,A,A,A,A,A,A,A,A,A,A,A,A,A,A,A,A,A,A,A,A,A
MYL6;LC17-GI;MLC1SM;LC17A;ESMLC;MLC3SM;LC17;MLC3NM;LC17-NM;LC17B;MLC-3,A,A,A,A,A,N,N,A,A,N,A,A,A,A,A,A,A,A,A,A,A,A,A,A,A,A,N,A,A,A,A,A
MHC14;MYH7B;MYH14,A,A,A,A,A,A,A,A,A,N,A,A,A,A,A,A,A,A,A,A,A,A,A,A,A,A,A,A,A,A,A,A
MYH17;PNMHH;DFNA4;MHC16;NMHC-II-C;NMHC_II-C;MYH14;DFNA4A;myosin;FP17425,A,A,A,A,A,A,A,A,A,N,A,A,A,A,A,A,A,A,A,A,A,A,A,A,A,A,A,A,A,A,A,A
MYH13;MyHC-eo;MyHC-IIL,A,A,A,A,A,A,A,A,A,N,A,A,A,A,A,A,A,A,A,A,A,A,A,A,A,A,A,A,A,A,A,A
PRKCE;PKCE;nPKC-epsilon,B,B,B,B,B,B,B,B,B,B,B,B,B,B,B,B,B,B,B,B,B,B,B,B,B,B,B,B,B,B,B,B
CGNL1;PCING;JACOP,A,A,A,N,A,N,N,A,N,N,A,N,A,A,N,N,A,N,N,A,N,N,A,A,N,A,N,N,N,N,A,A
TJAP1;TJP4;PILT,N,N,N,N,N,N,N,N,N,N,N,N,N,N,N,N,N,N,N,N,N,N,N,N,N,N,N,N,N,N,N,N
PPP1R82;MRX;NEDLG;DLG3;MRX90;SAP102;XLMR,N,N,A,N,N,N,N,N,N,N,N,A,A,N,A,N,A,N,A,N,A,N,N,A,N,N,N,N,A,N,A,N
PPP1R58;PSD93;chapsyn-110;DLG2;PSD-93,N,N,A,N,N,N,N,N,N,N,N,A,A,N,A,N,A,N,A,N,A,N,N,A,N,N,N,N,A,N,A,N
RSP5;NEDD4.2;NEDD4-2;PVNH7;hNEDD4-2;NEDD4L,A,A,A,A,A,A,A,A,A,N,A,A,A,A,A,A,A,A,A,A,A,A,A,A,A,A,A,A,A,A,A,A
RPF1;NEDD4-1;NEDD4,A,A,A,A,A,A,A,A,A,N,A,A,A,A,A,A,A,A,N,A,A,A,A,A,N,A,N,A,A,A,A,A
