1,A,N,N,A,A,N,A,N,N,A,N,N,A,N,A,N,N,N,N,N,N,N,N,A,A,A,N,A,A,A,N,A
2,N,A,A,N,N,N,A,N,A,N,A,N,N,A,N,N,A,N,N,N,N,N,N,A,A,N,N,A,A,N,A,N
GTF2H2,A,A,A,N,A,A,A,N,A,N,N,N,N,N,N,A,A,A,N,N,N,N,A,N,N,N,N,A,A,A,A,A
4,N,A,A,N,N,A,N,N,N,N,A,A,N,N,N,N,N,N,N,N,A,N,N,A,N,N,N,N,N,N,N,N
5,N,A,A,N,N,A,N,N,N,N,A,A,N,N,N,N,N,N,N,N,A,N,N,A,N,N,N,N,N,N,N,N
UVH6,C,N,C,N,C,C,N,N,C,N,C,C,N,N,C,C,N,C,C,N,C,N,C,N,N,C,C,N,N,N,C,C
7,A,A,A,N,N,A,N,N,A,N,N,A,A,N,N,A,N,N,A,N,A,N,N,A,A,A,N,A,N,N,A,A
8,A,A,A,N,N,A,N,N,A,N,N,A,A,N,N,A,N,N,A,N,A,N,N,A,A,A,N,A,N,N,A,A
XPB2,N,N,N,N,A,N,N,N,N,N,A,N,N,N,N,N,N,N,N,A,N,N,N,N,N,N,N,N,N,N,N,A
XPB1,N,N,N,N,A,N,N,N,N,N,A,N,N,N,N,N,N,N,N,A,N,N,N,N,N,N,N,N,N,N,N,A
CYCH;1,N,A,N,N,N,N,N,N,A,N,A,A,N,A,N,N,N,N,N,N,A,N,N,N,A,N,N,A,N,N,A,A
12,B,B,B,N,N,B,B,B,B,N,B,N,B,N,N,N,N,N,B,N,N,N,B,N,B,B,N,N,N,N,N,N
CDKD1;3,D,D,D,D,D,D,D,D,D,D,D,D,D,D,D,D,D,D,D,D,D,D,D,D,D,D,D,D,D,D,D,D
CAK4,D,D,D,D,D,D,D,D,D,D,D,D,D,D,D,D,D,D,D,D,D,D,D,D,D,D,D,D,D,D,D,D
CDKD1;1,D,D,D,D,D,D,D,D,D,D,D,D,D,D,D,D,D,D,D,D,D,D,D,D,D,D,D,D,D,D,D,D
DDB1A,A,A,A,N,N,A,N,N,A,A,A,A,N,A,A,A,A,A,A,A,N,N,A,A,N,A,A,A,A,N,A,N
DDB1B,A,A,A,N,N,A,N,N,A,A,A,A,N,A,A,A,A,A,A,A,N,N,A,A,N,A,A,A,A,N,A,N
18,A,A,N,N,A,A,A,N,A,N,A,N,A,N,A,N,A,N,A,N,A,N,A,A,N,A,N,A,N,N,A,A
19,A,A,A,N,A,A,A,A,A,N,A,N,A,A,A,A,A,A,A,A,A,N,A,A,N,A,N,A,N,N,A,A
CUL4,A,A,A,N,A,A,A,A,A,N,A,A,A,A,A,A,A,A,A,A,A,N,A,A,N,A,N,A,N,N,A,A
21,A,A,A,A,A,N,A,N,A,N,A,A,A,N,A,A,A,A,A,A,A,A,A,A,A,A,N,A,N,A,A,A
RBX1,A,A,A,A,A,N,A,N,A,N,A,A,A,N,A,A,A,A,A,A,A,A,A,A,A,A,N,A,N,A,A,A
POLGAMMA2,N,N,N,N,N,N,N,N,N,N,N,N,N,N,N,N,N,N,N,N,N,N,N,N,N,N,N,N,N,N,N,N
POLGAMMA1,N,N,N,N,N,N,N,N,N,N,N,N,N,N,N,N,N,N,N,N,N,N,N,N,N,N,N,N,N,N,N,N
LIG1,N,N,N,N,N,N,N,N,A,N,A,N,A,N,N,N,N,N,N,N,N,A,N,N,N,A,N,N,N,N,N,A
26,N,N,N,N,N,N,N,N,A,N,A,N,A,N,N,N,N,N,N,N,N,A,N,N,N,A,N,N,N,N,N,A
EMB1968,N,A,A,A,N,N,N,N,N,N,A,A,A,N,A,A,A,A,A,N,A,N,N,N,N,N,A,A,N,A,A,N
RFC2,N,A,A,A,N,N,N,N,N,N,A,A,N,N,A,A,A,N,A,N,A,N,N,N,N,N,A,N,N,A,A,N
RFC3,N,A,N,A,N,N,N,N,N,N,A,N,A,N,A,A,A,A,N,N,N,N,N,N,N,N,A,A,N,N,N,N
RFC1,N,A,A,A,N,N,N,N,N,N,A,A,A,N,A,A,A,A,A,N,A,N,N,N,N,N,A,A,N,A,A,N
EMB2775,N,A,N,N,N,N,N,N,N,N,A,N,A,N,A,A,N,A,N,N,N,N,N,N,N,N,N,A,N,N,N,N
PCNA1,C,C,N,N,N,N,N,C,C,N,N,C,N,N,N,N,N,N,N,N,N,N,C,N,N,N,N,C,C,N,N,N
PCNA2,C,C,N,N,N,N,N,C,C,N,N,C,N,N,N,N,N,N,N,N,N,N,C,N,N,N,N,C,C,N,N,N
TIL1,N,N,N,N,N,N,N,N,N,N,N,N,N,N,N,N,N,N,N,N,N,N,N,N,N,N,N,N,N,N,N,N
TIL2,N,N,N,N,N,N,N,N,N,N,N,N,N,N,N,N,N,N,N,N,N,N,N,N,N,N,N,N,N,N,N,N
NF-YB11,A,A,A,N,N,A,N,N,A,N,A,A,A,N,A,N,N,A,N,N,A,N,A,N,A,A,A,A,N,N,A,A
DPB2,A,A,A,N,A,N,A,A,N,N,A,A,A,A,A,A,A,N,N,N,A,A,N,A,A,A,A,N,A,A,N,A
UVH1,N,N,N,N,N,N,N,N,N,N,N,N,N,N,N,N,N,N,N,N,N,N,N,N,N,N,N,N,N,N,N,N
UVH3,N,N,C,C,C,N,N,C,C,N,C,C,C,C,N,N,C,N,C,C,N,N,C,N,C,C,N,C,N,N,C,N
POLD4,N,N,A,N,N,A,N,A,A,N,A,N,N,A,N,A,A,N,A,N,A,A,N,A,N,N,N,N,N,N,A,N
POLD3,A,N,N,N,N,N,N,N,A,N,N,N,N,A,N,N,N,N,N,N,N,N,N,N,N,N,N,N,N,N,A,N
POLD2,N,N,N,N,A,N,N,A,N,N,A,N,N,A,N,A,N,A,A,N,N,N,A,N,N,A,A,A,N,A,A,N
43,N,A,N,A,N,N,A,N,A,N,A,A,A,N,N,N,N,N,N,A,N,N,N,N,N,N,N,N,N,N,A,A
44,N,N,N,N,N,N,N,N,N,N,N,N,N,N,N,N,N,N,N,N,N,N,N,N,N,N,N,N,N,N,N,N
45,N,N,N,N,N,N,N,N,N,N,N,N,N,N,N,N,N,N,N,N,N,N,N,N,N,N,N,N,N,N,N,N
46,N,N,N,N,N,N,N,N,N,N,N,N,N,N,N,N,N,N,N,N,N,N,N,N,N,N,N,N,N,N,N,N
47,N,N,D,N,N,N,D,D,D,N,D,N,D,D,N,N,N,N,N,N,N,N,D,D,N,N,N,N,D,D,D,D
RPA1A,N,N,D,N,N,N,D,D,D,N,D,N,D,D,N,N,N,N,N,N,N,N,D,D,N,N,N,N,D,D,D,D
RPA2,A,N,N,N,N,N,N,N,N,N,A,A,A,A,N,N,A,N,A,N,N,N,A,A,N,A,N,N,A,N,A,N
50,N,N,N,N,N,N,N,N,N,N,N,N,N,N,N,N,N,N,N,N,N,N,N,N,N,N,N,N,N,N,N,N
RPA32B,A,N,N,N,N,N,N,N,N,N,A,A,A,A,N,N,A,N,A,N,N,N,A,A,N,A,N,N,A,N,A,N
52,A,N,A,N,N,N,N,N,A,N,N,N,N,N,N,N,N,N,A,N,N,N,N,A,N,N,N,A,N,N,N,N
53,A,N,A,N,N,N,N,N,A,N,N,N,N,N,N,N,N,N,A,N,N,N,N,A,N,N,N,A,N,N,N,N
54,N,N,D,N,N,N,D,D,D,N,D,N,D,D,N,N,N,N,N,N,N,N,D,D,N,N,N,N,D,D,D,D
55,N,N,N,N,N,N,N,N,N,N,N,N,N,N,N,N,N,N,N,N,N,N,N,N,N,N,N,N,N,N,N,N
RPA70B,N,N,D,N,N,N,D,D,D,N,D,N,D,D,N,N,N,N,N,N,N,N,D,D,N,N,N,N,D,D,D,D
RPA70C,N,N,D,N,N,N,D,D,D,N,D,N,D,D,N,N,N,N,N,N,N,N,D,D,N,N,N,N,D,D,D,D
RPA70D,N,N,D,N,N,N,D,D,D,N,D,N,D,D,N,N,N,N,N,N,N,N,D,D,N,N,N,N,D,D,D,D
ERCC1,A,N,N,N,N,A,N,N,N,N,A,N,N,N,N,N,N,N,N,N,N,N,N,N,N,N,N,N,N,N,A,N
DDB2,N,N,N,N,N,N,N,N,N,N,N,N,N,N,N,N,N,N,N,N,N,N,N,N,N,N,N,N,N,N,N,N
RAD23A,D,D,N,N,D,D,N,D,D,N,D,N,N,D,N,N,N,N,D,D,D,N,D,D,N,D,N,N,D,N,D,N
RAD23B,D,D,N,N,D,D,N,D,D,N,D,N,N,D,N,N,N,N,D,D,D,N,D,D,N,D,N,N,D,N,D,N
RAD23C,D,D,N,N,D,D,N,D,D,N,D,N,N,D,N,N,N,N,D,D,D,N,D,D,N,D,N,N,D,N,D,N
64,D,D,N,N,N,N,N,D,D,N,D,N,N,N,N,N,N,N,D,D,D,N,D,D,N,D,N,N,D,N,D,N
RAD23D,D,D,N,N,D,D,N,D,D,N,D,N,N,D,N,N,N,N,D,D,D,N,D,D,N,D,N,N,D,N,D,N
66,A,N,A,N,N,N,A,A,N,N,A,A,N,A,N,A,N,N,N,A,N,A,A,A,A,A,A,A,N,N,A,A
ATCSA-1,A,N,N,N,N,N,A,A,N,N,A,N,N,A,A,A,N,N,N,A,N,A,A,A,A,A,A,A,N,N,A,A
CHR8,D,D,D,D,D,D,D,D,D,N,D,D,D,D,D,D,D,D,D,D,D,D,D,D,D,D,D,D,D,D,D,D
RAD4,N,N,N,N,A,N,N,N,N,N,A,A,N,N,N,N,N,N,N,N,N,N,N,N,N,N,N,N,N,A,N,N
