MTDPS8B;P53R2;MTDPS8A;RRM2B,N,N,A,N,N,A,N,N,N,N,N,N,N,N,N,N,A,N,N,A,A,N,N,N,A,N,N,A,N,N,A,N
RR1;R1;RIR1;RRM1,N,N,D,N,N,N,N,N,D,N,D,N,D,N,N,N,D,N,D,D,D,N,N,D,N,N,N,D,N,N,D,N
RRM2;RR2;RR2M;R2,N,N,A,N,N,A,N,N,N,N,N,N,N,N,N,N,A,N,N,A,A,N,N,N,A,N,N,A,N,N,A,N
XOR;XAN1;XO;XDH,N,N,N,N,N,N,N,N,N,N,N,N,N,N,N,N,N,N,N,N,N,N,N,N,N,N,N,N,N,N,N,N
PRPS1L1;PRPS3;PRS-III;PRPSL;PRPS1,N,N,N,N,N,N,N,N,N,N,N,N,N,N,N,N,N,N,N,N,N,N,N,N,N,N,N,N,N,N,N,N
ARTS;PRS-I;PPRibP;DFNX1;PRSI;DFN2;CMTX5;PRPS1,N,N,N,N,N,N,N,N,N,N,N,N,N,N,N,N,N,N,N,N,N,N,N,N,N,N,N,N,N,N,N,N
PRSII;PRPS2,N,N,N,N,N,N,N,N,N,N,N,N,N,N,N,N,N,N,N,N,N,N,N,N,N,N,N,N,N,N,N,N
GPAT;PPAT;ATASE;PRAT,N,N,N,N,N,N,N,N,N,N,N,N,N,N,N,N,N,N,N,N,N,N,N,N,N,N,N,N,N,N,N,N
GARS;PRGS;GART;PGFT;PAIS;GARTF;AIRS,N,N,N,N,N,N,N,N,N,N,N,N,N,N,N,N,N,N,N,N,N,N,N,N,N,N,N,N,N,N,N,N
ATIC;IMPCHASE;PURH;AICARFT;HEL-S-70p;AICAR,N,N,N,N,N,N,N,N,N,N,N,N,N,N,N,N,N,N,N,N,N,N,N,N,N,N,N,N,N,N,N,N
ADSL;ASL;ASASE;AMPS,N,N,N,N,N,N,N,N,N,N,N,N,N,N,N,N,N,N,N,N,N,N,N,N,N,N,N,N,N,N,N,N
AIRC;PAIS;PAICS;ADE2;ADE2H1,N,N,N,N,N,N,N,N,N,N,N,N,N,N,N,N,N,N,N,N,N,N,N,N,N,N,N,N,N,N,N,N
PNPT1;OLD35;old-35;DFNB70;COXPD13;PNPASE,N,N,N,N,N,N,N,N,N,N,N,N,N,N,N,N,N,N,N,N,N,N,N,N,N,N,N,N,N,N,N,N
PDE10A;HSPDE10A;LINC00473;PDE10A19;IOLOD;ADSD2,A,A,A,N,A,N,N,A,N,N,A,A,A,A,A,A,A,A,A,N,A,A,A,A,A,A,N,A,A,N,A,A
PDE11A;PPNAD2,A,A,A,N,A,N,N,A,N,N,A,A,A,A,A,A,A,A,A,N,A,A,A,A,A,A,N,A,A,N,A,A
HCAM1;CAM-PDE-1A;HCAM-1;HSPDE1A;PDE1A,A,A,A,N,A,N,N,A,N,N,A,A,A,A,A,A,A,A,A,N,A,A,A,A,A,A,N,A,A,N,A,A
Hcam3;hCam-3;PDE1C;cam-PDE_1C,A,A,A,N,A,N,N,A,N,N,A,A,A,A,A,A,A,A,A,N,A,A,A,A,A,A,N,A,A,N,A,A
cGSPDE;PDE2A1;CGS-PDE;PED2A4;PDE2A,A,A,A,N,A,N,N,A,N,N,A,A,A,A,A,A,A,A,A,N,A,A,A,A,A,A,N,A,A,N,A,A
HTNB;PDE3A;CGI-PDE;CGI-PDE_A;CGI-PDE-A,A,A,A,N,A,N,N,A,N,N,A,A,A,A,A,A,A,A,A,N,A,A,A,A,A,A,N,A,A,N,A,A
HcGIP1;PDE3B;cGIPDE1,A,A,A,N,A,N,N,A,N,N,A,A,A,A,A,A,A,A,A,N,A,A,A,A,A,A,N,A,A,N,A,A
PDES1B;PDE1B;HEL-S-79p;PDE1B1,A,A,A,N,A,N,N,A,N,N,A,A,A,A,A,A,A,A,A,N,A,A,A,A,A,A,N,A,A,N,A,A
DFNB44;AC1;ADCY1,B,B,B,B,B,B,N,B,B,N,B,B,B,B,B,N,B,B,B,B,B,B,B,B,N,B,B,N,B,B,B,B
ADCY2;HBAC2;AC2,B,B,B,B,B,B,N,B,B,N,B,B,B,B,B,N,B,B,B,B,B,B,B,B,N,B,B,N,B,B,B,B
AC3;ADCY3;AC-III,B,B,B,B,B,B,N,B,B,N,B,B,B,B,B,N,B,B,B,B,B,B,B,B,N,B,B,N,B,B,B,B
FDFM;AC5;ADCY5,B,B,B,B,B,B,N,B,B,N,B,B,B,B,B,N,B,B,B,B,B,B,B,B,N,B,B,N,B,B,B,B
LCCS8;ADCY6;AC6,B,B,B,B,B,B,N,B,B,N,B,B,B,B,B,N,B,B,B,B,B,B,B,B,N,B,B,N,B,B,B,B
AC7;ADCY7,B,B,B,B,B,B,N,B,B,N,B,B,B,B,B,N,B,B,B,B,B,B,B,B,N,B,B,N,B,B,B,B
HBAC1;AC8;ADCY3;ADCY8,B,B,B,B,B,B,N,B,B,N,B,B,B,B,B,N,B,B,B,B,B,B,B,B,N,B,B,N,B,B,B,B
ACIX;ADCY9;AC9,B,B,B,B,B,B,N,B,B,N,B,B,B,B,B,N,B,B,B,B,B,B,B,B,N,B,B,N,B,B,B,B
ADCY4;AC4,B,B,B,B,B,B,N,B,B,N,B,B,B,B,B,N,B,B,B,B,B,B,B,B,N,B,B,N,B,B,B,B
Sacy;ADCY10;HCA2;HEL-S-7a;SAC;hsAC;SACI,N,A,N,N,N,N,A,N,A,N,N,N,N,N,A,N,N,N,N,N,N,A,A,N,N,N,N,N,N,N,A,N
32,N,A,A,A,N,N,N,A,N,N,N,N,N,N,N,N,N,N,N,N,N,N,N,N,A,N,N,N,N,N,N,N
RPC39;POLR3F;RPC6,A,A,A,N,A,A,A,N,A,N,A,A,N,A,N,A,A,A,A,A,A,A,A,N,N,A,A,A,A,A,A,N
POLR3G;RPC7;RPC32,N,N,N,N,N,N,N,N,N,N,N,N,N,N,N,N,N,N,N,N,N,N,N,N,N,N,N,N,N,N,N,N
RPC62;POLR3C;RPC3,A,N,A,N,A,N,N,A,N,A,A,A,N,N,A,N,N,A,N,N,N,A,N,A,N,N,N,N,A,A,A,N
POLR3A;HLD7;ADDH;RPC155;RPC1;hRPC155,D,D,D,N,N,N,N,N,D,D,D,N,D,D,N,N,D,D,N,N,N,D,D,D,D,D,N,N,D,N,D,N
RPC8;RPC22.9;POLR3H,N,D,N,N,N,N,N,D,N,N,N,N,N,N,N,N,N,D,N,N,N,N,N,N,N,N,N,D,N,N,D,N
TWISTNB,A,N,N,N,N,N,N,N,N,N,A,A,N,N,A,N,N,N,A,N,N,A,N,A,A,N,N,N,N,N,N,N
RPB11b1;HRPB11B;POLR2J2,D,N,N,D,D,N,D,D,D,D,D,D,D,D,D,D,N,D,N,D,D,D,N,N,N,N,N,D,N,D,D,N
RPA1;RPO1-4;AFDCIN;POLR1A;RPA194;A190;RPO14,D,D,D,N,N,N,N,N,D,D,D,N,D,D,N,N,D,D,N,N,N,D,D,D,D,D,N,N,D,N,D,N
TEX6;ZNRD1;hZR14;HTEX-6;HTEX6;Rpa12;ZR14;TCTEX6;tctex-6,N,N,N,N,N,N,N,N,N,N,N,N,N,N,N,N,N,N,N,N,N,N,N,N,N,N,N,N,N,N,N,N
RPC16;RPO1-3;AC19;POLR1C;RPA9;TCS2;RPA16;POLR1D;RPAC2,D,N,N,D,D,N,D,D,D,D,D,D,D,D,D,D,N,D,N,D,D,D,N,N,N,N,N,D,N,D,D,N
My010;C11-RNP3;POLR3K;C11;RPC11;RPC12.5;RPC10,N,N,N,N,N,N,N,N,N,N,N,N,N,N,N,N,N,N,N,N,N,N,N,N,N,N,N,N,N,N,N,N
POLR2;hRPB220;hsRPB1;RPB1;RPBh1;RPO2;RpIILS;RPOL2;POLRA;POLR2A,D,D,D,N,N,N,N,D,D,D,D,N,D,D,N,N,D,D,N,D,D,D,D,D,D,D,N,N,D,N,D,N
POL2RB;hRPB140;POLR2B;RPB2,N,N,N,N,N,D,N,N,D,N,D,N,N,N,D,D,N,N,N,D,D,N,D,N,N,D,D,D,D,D,D,N
hRPB33;RPB3;RPB31;hsRPB3;POLR2C,N,N,D,N,D,N,N,N,D,D,D,D,D,D,N,D,D,D,D,D,N,N,N,N,N,D,D,D,N,N,D,D
HSRBP4;POLR2D;RPB16;HSRPB4;RBP4,N,A,A,N,N,N,A,N,N,N,N,N,N,N,N,N,A,N,N,N,N,N,N,N,N,N,N,N,N,N,A,N
POLR2E;XAP4;hsRPB5;hRPB25;RPB5;RPABC1,D,D,D,N,N,N,N,D,D,N,N,N,N,N,N,D,D,D,D,D,N,D,N,D,N,N,N,N,D,D,D,N
RPB6;HRBP14.4;POLRF;RPABC14.4;POLR2F;RPB14.4;RPC15;RPABC2,N,D,N,N,D,D,N,D,N,D,N,D,D,N,N,D,D,N,N,D,N,N,D,N,N,N,N,N,N,N,N,N
RPB7;POLR2G;hRPB19;hsRPB7;RPB19,N,D,N,N,N,N,N,D,N,N,N,N,N,N,N,N,N,D,N,N,N,N,N,N,N,N,N,D,N,N,D,N
RPABC3;RPB8;RPB17;POLR2H,A,A,N,A,A,A,N,A,A,N,N,N,N,A,A,A,A,A,A,A,A,N,A,A,N,A,A,N,N,A,N,N
POLR2I;hRPB14.5;RPB9,N,N,N,N,N,N,N,N,N,N,N,N,N,N,N,N,N,N,N,N,N,N,N,N,N,N,N,N,N,N,N,N
POLR2J1;RPB11m;POLR2J;hRPB14;RPB11;RPB11A,D,N,N,D,D,N,D,D,D,D,D,D,D,D,D,D,N,D,N,D,D,D,N,N,N,N,N,D,N,D,D,N
hRPB7.0;RPB10alpha;POLR2K;RPB12;RPB7.0;ABC10-alpha;RPABC4;hsRPB10a,N,N,N,N,N,N,N,N,N,N,N,N,N,N,N,N,N,N,N,N,N,N,N,N,N,N,N,N,N,N,N,N
RBP10;RPB7.6;RPB10beta;RPABC5;hRPB7.6;POLR2L;RPB10,N,N,N,N,N,N,N,N,N,N,N,N,N,N,N,N,N,N,N,N,N,N,N,N,N,N,N,N,N,N,N,N
POLR2J3;RPB11b1;RPB11b2;POLR2J2,D,N,N,D,D,N,D,D,D,D,D,D,D,D,D,D,N,D,N,D,D,D,N,N,N,N,N,D,N,D,D,N
RPC2;C128;INMAP;HLD8;POLR3B,N,N,N,N,N,D,N,N,D,N,D,N,N,N,D,D,N,N,N,D,D,N,D,N,N,D,D,D,D,D,D,N
SIN;RPC5;POLR3E,N,A,A,A,N,N,N,A,N,N,N,N,N,N,N,N,N,N,N,N,N,N,N,N,A,N,N,N,N,N,N,N
PRAF1;PAF53;POLR1E,N,N,N,N,N,N,N,N,N,N,N,N,N,N,N,N,N,N,N,N,N,N,N,N,N,N,N,N,N,N,N,N
TSBN51;RPC4;BN51T;RPC53;POLR3D,A,N,A,N,N,N,N,A,A,N,A,A,N,A,N,N,A,N,A,N,N,N,N,A,A,N,A,A,N,A,N,A
RPA135;POLR1B;RPA2;Rpo1-2,N,N,N,N,N,D,N,N,D,N,D,N,N,N,D,D,N,N,N,D,D,N,D,N,N,D,D,D,D,D,D,N
POLR3GL;RPC32HOM;flj32422,N,N,N,N,N,N,N,N,N,N,N,N,N,N,N,N,N,N,N,N,N,N,N,N,N,N,N,N,N,N,N,N
RPA40;AC40;RPA39;POLR1C;TCS3;HLD11;RPAC1;RPA5;RPC40,N,N,D,N,D,N,N,N,D,D,D,D,D,D,N,D,D,D,D,D,N,N,N,N,N,D,D,D,N,N,D,D
POLD3;P68;P66;PPP1R128,A,N,N,N,N,N,N,N,A,N,N,N,N,A,N,N,N,N,N,N,N,N,N,N,N,N,N,N,N,N,A,N
POLA2,A,A,N,N,N,A,N,N,N,N,A,N,N,N,N,N,A,N,A,N,N,N,N,N,A,A,N,N,N,N,N,N
YBL1;p17;POLE3;CHRAC17;CHARAC17,A,A,A,N,N,A,N,N,A,N,A,A,A,N,A,N,N,A,N,N,A,N,A,N,A,A,A,A,N,N,A,A
p180;NSX;POLA1;POLA,N,N,N,A,N,N,A,N,N,N,A,N,A,N,N,N,N,N,N,N,N,N,N,N,N,N,N,N,N,N,N,N
MDPL;POLD;POLD1;CRCS10;CDC2,N,A,N,A,N,N,A,N,A,N,A,A,A,N,N,N,N,N,N,A,N,N,N,N,N,N,N,N,N,N,A,A
POLD2,N,N,N,N,A,N,N,A,N,N,A,N,N,A,N,A,N,A,A,N,N,N,A,N,N,A,A,A,N,A,A,N
POLE1;FILS;CRCS12;POLE,N,N,N,N,N,N,N,N,N,N,N,N,N,N,N,N,N,N,N,N,N,N,N,N,N,N,N,N,N,N,N,N
DPE2;POLE2,A,A,A,N,A,N,A,A,N,N,A,A,A,A,A,A,A,N,N,N,A,A,N,A,A,A,A,N,A,A,N,A
PRIM1;p49,N,C,N,N,N,N,N,C,N,N,N,N,N,N,N,N,N,N,C,N,N,N,C,N,N,N,N,N,N,N,N,N
PRIM2A;PRIM2;p58,N,N,A,N,N,N,N,A,A,N,N,N,N,N,A,N,N,A,N,A,N,A,A,N,N,A,N,N,N,N,N,N
POLE4;p12;YHHQ1,A,A,A,A,A,A,A,A,A,N,A,N,A,A,A,A,A,A,A,A,A,N,A,A,A,A,A,A,A,A,A,A
POLD4;POLDS;p12,N,N,A,N,N,A,N,A,A,N,A,N,N,A,N,A,A,N,A,N,A,A,N,A,N,N,N,N,N,N,A,N
E-NTPDase;GLSR2492;ENTPD8;NTPDase-8;UNQ2492,N,N,A,N,N,N,N,N,A,N,N,N,N,N,N,N,A,N,N,N,N,N,N,N,N,A,N,N,N,N,A,N
SPG64;ATPDase;ENTPD1;NTPDase-1;CD39,N,N,A,N,N,N,N,N,A,N,N,N,N,N,N,N,A,N,N,N,N,N,N,N,N,A,N,N,N,N,A,N
HB6;NTPDase-3;CD39L3;ENTPD3,N,N,A,N,N,N,N,N,A,N,N,N,N,N,N,N,A,N,N,N,N,N,N,N,N,A,N,N,N,N,A,N
ENTPD2;CD39L1;NTPDase-2,N,N,A,N,N,N,N,N,A,N,N,N,N,N,N,N,A,N,N,N,N,N,N,N,N,A,N,N,N,N,A,N
NM23-H6;NME6;NDK_6;IPIA-ALPHA,N,N,N,D,D,N,D,N,N,N,D,D,N,D,D,N,N,N,N,N,D,D,D,N,D,N,N,N,N,N,D,N
AK9;AK_9;AKD2;AKD1;C6orf224;dJ70A9.1;C6orf199,N,N,A,A,A,A,A,A,A,N,A,A,N,A,A,N,A,N,N,N,A,N,N,A,A,N,N,A,N,N,A,A
NDK7;CFAP67;NME7;NDK_7;MN23H7;nm23-H7,N,N,N,D,D,N,D,N,N,N,D,D,N,D,D,N,N,N,N,N,D,D,D,N,D,N,N,N,N,N,D,N
NDPKA;NB;GAAD;AWD;NDKA;NME1;NBS;NM23-H1;NDPK-A;NM23,N,N,N,D,D,N,D,N,N,N,D,D,N,D,D,N,N,N,N,N,D,D,D,N,D,N,N,N,N,N,D,N
NDPK-B;NDKB;PUF;NM23B;NDPKB;NME2;NM23-H2,N,N,N,D,D,N,D,N,N,N,D,D,N,D,D,N,N,N,N,N,D,D,D,N,D,N,N,N,N,N,D,N
NDPK-C;c371H6.2;NM23-H3;NDPKC;DR-nm23;NM23H3;NME3,N,N,N,D,D,N,D,N,N,N,D,D,N,D,D,N,N,N,N,N,D,D,D,N,D,N,N,N,N,N,D,N
NDPK-D;NME4;nm23-H4;NM23H4,N,N,N,D,D,N,D,N,N,N,D,D,N,D,D,N,N,N,N,N,D,D,D,N,D,N,N,N,N,N,D,N
NM23-LV;NMELV;NME1-NME2,N,N,N,D,D,N,D,N,N,N,D,D,N,D,D,N,N,N,N,N,D,D,D,N,D,N,N,N,N,N,D,N
AD-004;AK6;CINAP;hCINAP;CGI-137;CIP,N,N,N,N,N,N,N,N,N,N,N,N,N,N,N,N,N,N,N,N,N,N,N,N,N,N,N,N,N,N,N,N
AK_7;AK7,A,N,A,N,A,N,N,A,N,N,A,N,N,N,A,A,A,N,N,N,N,N,N,N,N,N,N,N,N,N,N,A
AK8;AK_8;DDX31;C9orf98,N,N,N,N,N,A,N,N,N,N,A,A,N,A,N,N,A,N,N,N,N,N,N,A,A,N,N,A,N,N,N,A
HTL-S-58j;AK1,A,N,N,N,N,A,N,A,N,N,A,A,N,A,A,N,A,N,N,N,N,N,A,A,A,N,N,A,N,N,N,A
AK2;ADK2,A,N,N,N,N,A,N,A,N,N,A,A,N,A,A,N,A,N,N,N,N,N,A,A,A,N,N,A,N,N,N,A
AK3L2;AK3L1;AK_4;AK4;AK3,A,N,N,N,N,A,N,A,N,N,A,A,N,A,A,N,A,N,N,N,N,N,A,A,A,N,N,A,N,N,N,A
AK6;AK5,A,N,N,N,N,A,N,A,N,N,A,A,N,A,A,N,A,N,N,N,N,N,A,A,A,N,N,A,N,N,N,A
95,N,N,N,N,N,N,N,A,N,N,A,N,N,A,A,N,N,N,N,N,N,N,A,N,N,N,N,N,N,N,N,N
ADSSL1;MPD5,C,C,N,N,N,N,N,C,N,N,N,C,N,C,N,N,C,C,C,N,C,N,N,C,N,C,N,N,N,N,C,C
ADSS_2;ADEH;ADSS,C,C,N,N,N,N,N,C,N,N,N,C,N,C,N,N,C,C,C,N,C,N,N,C,N,C,N,N,N,N,C,C
MMDD;MAD;AMPD1;MADA,N,N,N,N,N,N,N,N,N,N,N,N,N,N,N,N,N,N,N,N,N,N,N,N,N,N,N,N,N,N,N,N
AMPD2;PCH9;SPG63,N,N,N,N,N,N,N,N,N,N,N,N,N,N,N,N,N,N,N,N,N,N,N,N,N,N,N,N,N,N,N,N
AMPD3,N,N,N,N,N,N,N,N,N,N,N,N,N,N,N,N,N,N,N,N,N,N,N,N,N,N,N,N,N,N,N,N
NT5C1B-RDH14,N,N,N,N,N,N,N,N,N,N,N,N,N,N,N,N,N,N,N,N,N,N,N,N,N,N,N,N,N,N,N,N
NT5C3L;NT5C3B;cN-IIIB,N,N,N,N,N,N,N,N,N,N,N,N,N,N,N,N,N,N,N,N,N,N,N,N,N,N,N,N,N,N,N,N
NT5C2;SPG65;NT5B;PNT5;cN-II;GMP;SPG45,A,N,A,A,N,N,N,A,A,N,A,A,N,A,A,N,N,A,N,A,A,N,A,N,N,N,N,A,N,N,A,N
UMPH2;P5N2;DNT;cdN;DNT1;PN-II;PN-I;NT5C;HEL74;dNT-1,N,N,N,N,N,N,N,N,N,N,N,N,N,N,N,N,N,N,N,N,N,N,N,N,N,N,N,N,N,N,N,N
CALJA;NT5;NT5E;eN;NT;eNT;NTE;E5NT;CD73,D,N,N,N,D,N,N,D,N,N,D,N,N,D,D,N,D,D,N,N,D,N,N,N,N,N,N,N,N,D,D,N
UMPH1;POMP;NT5C3;P5N-1;PSN1;P5'N-1;hUMP1;p36;cN-III;PN-I;UMPH;NT5C3A,N,N,N,N,N,N,N,N,N,N,N,N,N,N,N,N,N,N,N,N,N,N,N,N,N,N,N,N,N,N,N,N
dNT2;dNT-2;mdN;NT5M,N,N,N,N,N,N,N,N,N,N,N,N,N,N,N,N,N,N,N,N,N,N,N,N,N,N,N,N,N,N,N,N
NT5C1A;CN-IA;CN1A;CN-I;CN1;CNI,N,N,N,N,N,N,N,N,N,N,N,N,N,N,N,N,N,N,N,N,N,N,N,N,N,N,N,N,N,N,N,N
CN1B;AIRP;CN-IB;NT5C1B,N,N,N,N,N,N,N,N,N,N,N,N,N,N,N,N,N,N,N,N,N,N,N,N,N,N,N,N,N,N,N,N
AK;ADK,N,N,N,N,N,N,N,N,N,N,N,N,N,N,N,N,N,N,N,N,N,N,N,N,N,N,N,N,N,N,N,N
AMP;APRTD;APRT,N,A,N,A,N,N,N,N,A,N,N,N,N,N,N,N,N,N,N,N,A,N,A,N,N,N,N,N,N,N,A,N
ADA,N,N,N,N,N,N,N,N,B,N,B,B,N,B,N,N,B,B,N,N,N,N,N,N,N,N,N,N,N,B,B,N
NP;PUNP;PRO1837;PNP,N,N,N,N,N,N,N,N,N,N,N,N,N,N,N,N,N,N,N,N,N,N,N,N,N,N,N,N,N,N,N,N
CECR1;ADA2;SNEDS;PAN;ADGF;IDGFL,N,N,N,N,N,N,N,N,B,N,B,B,N,B,N,N,B,B,N,N,N,N,N,N,N,N,N,N,N,B,B,N
GMPR1;GMPR_1;GMPR,N,N,N,N,N,N,N,N,N,N,N,N,N,N,N,N,N,N,N,N,N,N,N,N,N,N,N,N,N,N,N,N
GMPR_2;GMPR2,N,N,N,N,N,N,N,N,N,N,N,N,N,N,N,N,N,N,N,N,N,N,N,N,N,N,N,N,N,N,N,N
IMPDH-I;sWSS2608;IMPDH1;IMPD;IMPD1;RP10;LCA11,N,N,N,N,N,N,N,N,N,N,N,N,N,N,N,N,N,N,N,N,N,N,N,N,N,N,N,N,N,N,N,N
IMPD2;IMPDH-II;IMPDH2,N,N,N,N,N,N,N,N,N,N,N,N,N,N,N,N,N,N,N,N,N,N,N,N,N,N,N,N,N,N,N,N
GMPS;GATD7,N,N,N,N,N,N,N,N,N,N,N,N,N,N,N,N,N,N,N,N,N,N,N,N,N,N,N,N,N,N,N,N
SHAPY;SCAN1;DBQD;SCAN-1;DBQD1;CANT1,A,N,N,N,N,N,A,N,N,N,A,A,A,N,N,A,N,A,N,A,N,A,A,N,N,A,N,N,N,N,A,N
IL6ST2;CD39L2;NTPDase-6;dJ738P15.3;IL-6SAG;ENTPD6,N,N,A,N,N,N,N,N,A,N,N,N,N,N,N,N,A,N,N,N,N,N,N,N,N,A,N,N,N,N,A,N
NTPDase-5;PCPH;CD39L4;ENTPD5,N,N,A,N,N,N,N,N,A,N,N,N,N,N,N,N,A,N,N,N,N,N,N,N,N,A,N,N,N,N,A,N
NTPDase-4;ENTPD4;LAP70;UDPase;LYSAL1;LALP70,N,N,A,N,N,N,N,N,A,N,N,N,N,N,N,N,A,N,N,N,N,N,N,N,N,A,N,N,N,N,A,N
HPRT;HPRT1;HGPRT,N,N,N,N,N,N,N,N,N,N,N,N,N,N,N,N,N,N,N,N,N,N,N,N,N,N,N,N,N,N,N,N
GUK1;GMK,N,A,A,N,N,N,N,A,A,N,N,A,A,N,A,N,A,N,A,N,A,N,N,A,N,N,A,N,A,N,A,A
GDA;CYPIN;NEDASIN;GAH;GUANASE,N,N,N,N,N,N,N,N,N,N,N,N,N,N,N,N,N,N,N,N,N,N,N,N,N,N,N,N,N,N,N,N
ALLC;ALC,A,A,N,N,N,N,N,N,N,N,A,N,N,A,N,N,N,N,N,A,N,N,N,N,N,N,N,A,N,N,N,N
MESH1;HDDC3;(ppGpp)ase,N,N,N,N,N,N,N,N,N,N,N,N,N,N,N,N,N,N,N,N,N,N,N,N,N,N,N,N,N,N,N,N
DRES17;PRUNE1;H-PRUNE;HTCD37;PRUNE;DRES-17;NMIHBA,N,N,N,N,N,N,N,N,N,N,N,N,N,N,N,N,N,N,N,N,N,N,N,N,N,N,N,N,N,N,N,N
GUC1A2;GC-SA2;GUCY1A2,B,B,B,B,B,B,N,B,B,N,B,B,B,B,B,N,B,B,B,B,B,B,B,B,N,B,B,N,B,B,B,B
GUCY1A3;GC-SA3;MYMY6;GUCSA3;GUCA3;GUC1A3;GUCY1A1,B,B,B,B,B,B,N,B,B,N,B,B,B,B,B,N,B,B,B,B,B,B,B,B,N,B,B,N,B,B,B,B
GUCY1B3;GUC1B3;GUCSB3;GC-SB3;GUCY1B1;GC-S-beta-1;GUCB3,B,B,B,B,B,B,N,B,B,N,B,B,B,B,B,N,B,B,B,B,B,B,B,B,N,B,B,N,B,B,B,B
MECIL;DIAR6;GUCY2C;GC-C;STAR;MUCIL;GUC2C,B,B,B,B,B,B,B,B,B,N,B,B,B,B,B,B,B,B,B,B,B,B,B,B,B,B,B,B,B,B,B,B
RETGC-2;GUCY2F;GUC2F;GC-F;ROS-GC2;GUC2DL;CYGF,B,B,B,B,B,B,B,B,B,B,B,B,B,B,B,B,B,B,B,B,B,B,B,B,B,B,B,B,B,B,B,B
GUC1A4;GUCY2D;RETGC-1;LCA1;RCD2;CORD5;CYGD;GUC2D;ROS-GC1;ROSGC;retGC;LCA;CORD6,B,B,B,B,B,B,B,B,B,B,B,B,B,B,B,B,B,B,B,B,B,B,B,B,B,B,B,B,B,B,B,B
NPRA;NPR1;GUCY2A;GUC2A;ANPa;ANPRA,B,B,B,B,B,B,B,B,B,B,B,B,B,B,B,B,B,B,B,B,B,B,B,B,B,B,B,B,B,B,B,B
NPRB;AMDM;ANPb;ECDM;ANPRB;SNSK;GUCY2B;GUC2B;NPR2;NPRBi,B,B,B,B,B,B,B,B,B,N,B,B,B,B,B,B,B,B,B,B,B,B,B,B,B,B,B,B,B,B,B,B
CGPR-A;PDE6A;PDEA;RP43,A,A,A,N,A,N,N,A,N,N,A,A,A,A,A,A,A,A,A,N,A,A,A,A,A,A,N,A,A,N,A,A
PDE6C;COD4;ACHM5;PDEA2,A,A,A,N,A,N,N,A,N,N,A,A,A,A,A,A,A,A,A,N,A,A,A,A,A,A,N,A,A,N,A,A
PDED;PDE6D;JBTS22,N,N,A,N,N,N,N,A,N,N,A,N,N,N,N,N,N,N,N,N,N,N,N,A,N,A,N,N,N,N,N,A
PDEG;PDE6G;RP57,N,N,N,N,N,N,N,N,N,N,N,N,N,N,N,N,N,N,N,N,N,N,N,N,N,N,N,N,N,N,N,N
RCD3;ACHM6;PDE6H,N,N,N,N,N,N,N,N,N,N,N,N,N,N,N,N,N,N,N,N,N,N,N,N,N,N,N,N,N,N,N,N
HSPDE9A2;PDE9A,A,A,A,N,A,N,N,A,N,N,A,A,A,A,A,A,A,A,A,N,A,A,A,A,A,A,N,A,A,N,A,A
CSNB3;PDE6B;rd1;CSNBAD2;RP40;PDEB;GMP-PDEbeta,A,A,A,N,A,N,N,A,N,N,A,A,A,A,A,A,A,A,A,N,A,A,A,A,A,A,N,A,A,N,A,A
CN5A;PDE5;PDE5A;CGB-PDE,A,A,A,N,A,N,N,A,N,N,A,A,A,A,A,A,A,A,A,N,A,A,A,A,A,A,N,A,A,N,A,A
PAPSS2;SK2;ATPSK2;BCYM4,N,A,A,N,N,N,N,N,A,N,N,N,N,N,A,N,N,N,N,N,N,N,N,N,N,N,N,N,A,N,A,N
PAPSS1;ATPSK1;SK1;PAPSS,N,A,A,N,N,N,N,N,A,N,N,N,N,N,A,N,N,N,N,N,N,N,N,N,N,N,N,N,A,N,A,N
PURL;FGAMS;PFAS;GATD8;FGARAT;FGAR-AT,N,N,N,N,N,N,N,N,N,N,N,N,N,N,N,N,N,N,N,N,N,N,N,N,N,N,N,N,N,N,N,N
dJ794I6.3;NTPase;HLC14-06-P;ITPA;My049;ITPase;C20orf37,N,A,N,A,N,N,N,A,N,N,N,N,N,A,N,N,N,N,N,N,N,N,N,N,N,N,N,N,N,N,N,N
NUDT2;APAH1,N,N,N,N,A,N,N,N,N,N,A,N,N,N,A,N,N,N,N,N,N,N,A,N,N,A,N,A,N,N,N,N
PEOB4;NCPH;MTDPS3;DGUOK;dGK,N,N,N,N,N,N,N,N,N,N,N,N,N,N,N,N,N,N,N,N,N,N,N,N,N,N,N,N,N,N,N,N
MSTP006;PGM2,N,N,N,N,N,N,N,N,N,N,N,N,N,N,N,N,N,N,N,N,N,N,N,N,N,N,N,N,N,N,N,N
NUDT5;YSA1;YSAH1;hNUDT5;YSA1H,N,N,N,N,N,N,N,N,N,N,N,N,N,N,N,N,N,N,N,N,N,N,N,N,N,N,N,N,N,N,N,N
NUDT9;NUDT10,N,N,N,N,N,N,N,A,N,N,A,N,A,A,N,N,N,N,N,A,N,N,A,N,N,A,N,N,N,N,A,A
ADPRM;NBLA03831;C17orf48;MDS006,N,N,N,N,N,N,N,N,A,N,A,A,N,N,N,N,A,N,N,N,N,N,A,N,N,N,N,N,N,N,N,N
FRA3B;AP3Aase;FHIT,N,N,N,N,N,N,N,N,N,N,N,N,N,N,N,N,N,N,N,N,N,N,N,N,N,N,N,N,N,N,N,N
ENPP4;NPP4,N,N,N,N,N,N,N,N,N,N,N,N,N,N,N,N,N,N,N,N,N,N,N,N,N,N,N,N,N,N,N,N
RPK;PKR;PKRL;PKLR;PK1;PKL,A,N,N,N,N,N,N,N,A,N,N,N,N,A,A,N,N,N,N,N,N,N,N,A,A,N,N,N,A,N,N,N
PKM2;PKM;THBP1;HEL-S-30;PK3;CTHBP;OIP3;TCB,A,N,N,N,N,N,N,N,A,N,N,N,N,A,A,N,N,N,N,N,N,N,N,A,A,N,N,N,A,N,N,N
DCK,N,N,N,N,N,N,N,N,N,N,N,N,N,N,N,N,N,N,N,N,N,N,N,N,N,N,N,N,N,N,N,N
HCR-NTPase;NTPCR;C1orf57,N,N,N,N,N,N,N,N,N,N,N,N,N,N,N,N,N,N,N,N,N,N,N,N,N,N,N,N,N,N,N,N
URAD;PRHOXNB,A,N,N,N,N,N,N,N,N,N,A,N,N,N,N,N,N,N,A,N,N,N,N,N,N,N,N,N,N,N,N,A
PDE7B;bA472E5.1,A,A,A,N,A,N,N,A,N,N,A,A,A,A,A,A,A,A,A,N,A,A,A,A,A,A,N,A,A,N,A,A
PDE4A;PDE46;PDE4;DPDE2,A,A,A,N,A,N,N,A,N,N,A,A,A,A,A,A,A,A,A,N,A,A,A,A,A,A,N,A,A,N,A,A
PDE4B;PDEIVB;DPDE4,A,A,A,N,A,N,N,A,N,N,A,A,A,A,A,A,A,A,A,N,A,A,A,A,A,A,N,A,A,N,A,A
DPDE1;PDE4C;PDE21,A,A,A,N,A,N,N,A,N,N,A,A,A,A,A,A,A,A,A,N,A,A,A,A,A,A,N,A,A,N,A,A
DPDE3;STRK1;PDE43;ACRDYS2;PDE4DN2;HSPDE4D;PDE4D,A,A,A,N,A,N,N,A,N,N,A,A,A,A,A,A,A,A,A,N,A,A,A,A,A,A,N,A,A,N,A,A
HCP1;PDE7A;PDE7,A,A,A,N,A,N,N,A,N,N,A,A,A,A,A,A,A,A,A,N,A,A,A,A,A,A,N,A,A,N,A,A
PDE8A;HsT19550,A,A,A,N,A,N,N,A,N,N,A,A,A,A,A,A,A,A,A,N,A,A,A,A,A,A,N,A,A,N,A,A
PPNAD3;ADSD;PDE8B,A,A,A,N,A,N,N,A,N,N,A,A,A,A,A,A,A,A,A,N,A,A,A,A,A,A,N,A,A,N,A,A
GSD14;CDG1T;PGM1,N,N,N,N,N,N,N,N,N,N,N,N,N,N,N,N,N,N,N,N,N,N,N,N,N,N,N,N,N,N,N,N
NUDT16,N,N,N,N,N,N,N,N,N,N,N,N,N,N,N,N,N,N,N,N,N,N,N,N,N,N,N,N,N,N,N,N
AKL3L1;AKL3L;AK6;AK3L1;FIX;AK3,A,N,N,N,N,A,N,A,N,N,A,A,N,A,A,N,A,N,N,N,N,N,A,A,A,N,N,A,N,N,N,A
ARHR2;PDNP1;NPP1;NPPS;M6S1;ENPP1;PCA1;PC-1;COLED,N,N,N,N,N,N,N,N,N,N,N,N,N,N,N,N,N,N,N,N,N,N,N,N,N,N,N,N,N,N,N,N
PDNP3;PD-IBETA;NPP3;ENPP3;B10;CD203c,N,N,N,N,N,N,N,N,N,N,N,N,N,N,N,N,N,N,N,N,N,N,N,N,N,N,N,N,N,N,N,N
