ugt1,A,N,A,A,N,A,A,A,A,N,N,N,A,A,A,A,A,A,N,A,A,A,N,N,N,A,A,A,A,A,A,A
dpm3,A,A,N,N,N,N,N,N,A,N,N,N,N,N,N,A,N,A,N,A,A,N,N,N,N,A,N,N,N,N,A,N
dpm2-1,A,A,N,N,A,N,N,N,A,N,N,A,N,N,A,N,N,N,A,N,N,N,N,A,N,N,N,N,N,A,A,A
dpm2-2,A,A,N,N,A,N,N,N,A,N,N,A,N,N,A,N,N,N,A,N,N,N,N,A,N,N,N,N,N,A,A,A
alg6,A,A,N,N,N,A,A,N,A,N,A,N,A,N,N,N,A,A,N,N,A,N,N,A,N,N,A,N,N,N,A,A
alg12,N,A,A,N,N,N,N,N,A,N,N,N,N,N,A,A,A,N,N,N,A,A,N,A,A,N,N,A,N,N,N,N
alg9,N,A,A,N,N,N,N,N,A,N,A,N,N,A,A,A,A,A,N,N,A,A,N,A,A,N,N,A,N,N,A,N
alg3,N,A,A,N,N,A,A,N,A,N,A,N,N,A,N,N,A,A,A,N,N,N,A,A,A,A,A,A,A,N,A,N
dolpp1,N,N,A,N,N,A,N,N,A,N,A,N,N,A,N,N,A,N,N,N,A,N,N,N,A,N,N,N,A,N,A,A
10,N,A,A,N,N,A,N,N,A,N,A,N,N,A,N,N,N,A,A,N,N,A,A,A,N,A,A,N,N,N,A,N
11,N,A,A,N,N,A,N,N,A,N,A,N,N,A,N,N,N,A,A,N,N,A,A,A,N,A,A,N,N,N,A,N
12,N,A,A,N,N,A,N,N,A,N,A,N,N,A,N,N,N,A,A,N,N,A,A,A,N,A,A,N,N,N,A,N
13,N,A,A,N,N,A,N,N,A,N,A,N,N,A,N,N,N,A,A,N,N,A,A,A,N,A,A,N,N,N,A,N
14,N,A,A,N,N,A,N,N,A,N,A,N,N,A,N,N,N,A,A,N,N,A,A,A,N,A,A,N,N,N,A,N
modA,N,N,N,N,N,A,N,N,N,N,A,N,N,N,A,N,N,N,N,N,N,A,N,N,N,N,N,N,N,N,A,N
16,N,N,N,N,N,N,N,N,N,N,N,N,N,N,N,N,N,N,N,N,N,N,N,N,N,N,N,N,N,N,N,N
alg11,N,N,N,N,N,N,N,A,N,N,A,N,N,N,N,N,N,A,N,N,N,N,N,N,N,N,N,A,N,N,N,N
stt3,N,N,N,N,N,N,N,N,N,N,N,N,N,N,N,N,N,N,N,N,N,N,N,N,N,N,N,N,N,N,N,N
dgtA,N,N,N,N,N,N,N,N,N,N,N,N,N,N,N,N,N,N,N,N,N,N,N,N,N,N,N,N,N,N,N,N
alg2,N,N,N,N,N,N,N,A,N,N,A,N,N,N,N,N,N,A,N,N,N,N,N,N,N,N,N,A,N,N,N,N
alg1,N,N,A,N,N,N,N,N,A,N,A,N,N,N,A,N,N,N,N,A,N,N,A,N,N,A,A,N,N,A,A,N
dgtB,N,N,N,N,N,N,N,N,N,N,N,N,N,N,N,N,N,N,N,N,N,N,N,N,N,N,N,N,N,N,N,N
23,N,A,N,N,N,N,N,N,N,N,A,N,N,A,N,N,N,N,N,N,A,N,N,N,A,N,A,A,N,N,N,A
alg10,N,A,A,N,N,A,A,N,A,N,N,N,N,A,N,A,N,N,N,A,N,N,A,A,N,A,A,N,A,N,A,N
alg8,A,A,N,N,N,A,A,N,A,N,A,N,A,N,N,N,A,A,N,N,A,N,N,A,N,N,A,N,N,N,A,A
gnt3,N,D,D,D,N,N,D,N,D,N,D,N,D,D,N,D,D,D,D,N,D,D,D,D,N,D,D,N,D,N,D,D
ost3,N,N,N,N,N,N,N,N,N,N,N,N,N,N,N,N,N,N,N,N,N,N,N,N,N,N,N,N,N,N,N,N
ost2,A,A,A,N,N,N,A,A,A,N,N,N,N,N,N,A,A,N,N,A,A,N,N,N,N,A,A,A,N,N,A,A
wbp1,N,A,A,N,N,N,N,A,A,N,N,N,N,A,N,N,N,N,N,A,A,N,A,N,N,A,N,A,N,N,A,A
ost1,A,A,A,N,N,A,A,A,A,N,A,A,N,N,A,A,N,A,A,A,A,N,N,A,A,N,A,A,N,N,A,A
