ELOVL2;SSC2,A,A,A,N,A,A,A,N,N,N,A,A,A,A,N,A,A,A,A,A,N,A,A,A,A,A,A,A,N,A,A,N
KAR;HSD17B12;SDR12C1,B,N,B,N,N,N,B,N,B,N,B,B,B,B,N,N,B,N,B,B,N,N,B,N,B,B,N,N,N,N,B,B
HACD2;PTPLB,A,A,A,A,A,A,A,A,A,N,A,A,A,A,N,A,A,A,A,N,A,A,A,A,N,A,A,N,N,A,A,A
HACD4;PTPLAD2,A,A,A,A,A,A,A,A,A,N,A,A,A,A,N,A,A,A,A,N,A,A,A,A,N,A,A,N,N,A,A,A
BIND1;HACD3;B-IND1;PTPLAD1;HSPC121,A,A,A,A,A,A,A,A,A,N,A,A,A,A,N,A,A,A,A,A,A,A,A,A,N,A,A,N,A,A,A,A
HACD1;PTPLA;CAP,A,A,A,A,A,A,A,A,A,N,A,A,A,A,N,A,A,A,A,N,A,A,A,A,N,A,A,N,N,A,A,A
TERP;PECR;DCRRP;SDR29C1;HSA250303;HPDHASE;PVIARL,B,B,B,B,B,B,B,B,B,N,B,B,B,B,N,N,B,N,B,B,B,B,B,B,B,B,B,B,N,B,B,B
TER;MRT14;GPSN2;TECR;SC2,A,N,A,A,A,N,N,N,A,N,A,N,N,A,N,A,A,N,A,N,A,N,N,A,N,A,A,A,N,N,N,A
ACAA;THIO;ACAA1;PTHIO,N,N,N,N,N,N,N,N,N,N,N,N,N,N,N,N,N,N,N,N,N,N,N,N,N,N,N,N,N,N,N,N
HADHA;MTPA;GBP;ECHA;LCHAD;HADH;LCEH;TP-ALPHA,B,N,B,N,N,N,B,N,B,N,B,N,N,N,B,N,B,B,B,N,B,N,B,N,N,B,N,B,B,N,B,B
ACOX1;ACOX;PALMCOX;SCOX,N,N,N,N,N,N,N,A,N,N,A,N,N,N,N,N,N,N,A,N,A,N,N,N,N,N,N,N,N,N,N,N
ACOX3,N,N,N,N,N,N,N,A,N,N,A,N,N,N,N,N,N,N,A,N,A,N,N,N,N,N,N,N,N,N,N,N
ZAP128;MTE1;CTE-IA;PTE2A;PTE2;CTE1A;ACOT2,N,N,N,N,N,N,N,N,N,N,N,N,N,N,N,N,N,N,N,N,N,N,N,N,N,N,N,N,N,N,N,N
ACT;CTE-II;ACH1;BACH;LACH;ACOT7;hBACH;LACH1,N,N,N,N,N,N,N,N,N,N,N,N,N,N,N,N,N,N,N,N,N,N,N,N,N,N,N,N,N,N,N,N
ACOT4;PTE2B;PTE-Ib;PTE1B,N,N,N,N,N,N,N,N,N,N,N,N,N,N,N,N,N,N,N,N,N,N,N,N,N,N,N,N,N,N,N,N
BAAT;BAT;BACAT,N,N,N,N,N,N,N,N,N,N,N,N,N,N,N,N,N,N,N,N,N,N,N,N,N,N,N,N,N,N,N,N
ACH2;LACH2;CTE-1;ACOT1,N,N,N,N,N,N,N,N,N,N,N,N,N,N,N,N,N,N,N,N,N,N,N,N,N,N,N,N,N,N,N,N
ELOVL6;FACE;FAE;LCE,A,A,A,N,A,A,A,N,N,N,A,A,A,A,N,A,A,A,A,A,N,A,A,A,A,A,A,A,N,A,A,N
SCD1;hSCD1;SCDOS;MSTP008;SCD;FADS5,N,B,B,N,N,B,B,N,B,N,B,B,B,B,B,N,B,N,N,N,B,N,B,B,N,N,N,N,N,N,B,B
SCD5;SCD4;FADS4;SCD2;ACOD4;HSCD5,N,B,B,N,N,B,B,N,B,N,B,B,B,B,B,N,B,N,N,N,B,N,B,B,N,N,N,N,N,N,B,B
FADS2;SLL0262;LLCDL2;FADSD6;D6D;TU13;DES6,A,N,A,A,A,N,N,N,A,N,A,A,A,A,A,N,A,A,N,N,N,N,A,N,N,A,N,N,N,A,A,N
HELO1;ELOVL5;dJ483K16.1;SCA38,A,A,A,N,A,A,A,N,N,N,A,A,A,A,N,A,A,A,A,A,N,A,A,A,A,A,A,A,N,A,A,N
FADS6;LLCDL1;D5D;FADSD5;FADS1;TU12,A,N,A,A,A,N,N,N,A,N,A,A,A,A,A,N,A,A,N,N,N,N,A,N,N,A,N,N,N,A,A,N
