CYP46A1;CYP46;CP46,C,C,C,N,C,N,C,C,C,N,C,N,C,C,C,C,C,C,C,C,C,C,C,C,N,C,N,C,C,N,C,C
CBAS3;SPG5A;CP7B;CYP7B1,C,C,C,N,C,N,C,C,C,N,C,N,C,C,C,N,C,C,C,C,C,C,C,C,C,C,N,C,C,N,C,C
CYPVII;CYP7;CP7A;CYP7A1,C,C,N,N,C,N,C,C,C,N,C,N,C,C,C,N,C,C,C,C,C,C,C,C,N,C,N,C,C,N,C,C
SRD5B1;3o5bred;CBAS2;AKR1D1,N,N,N,N,N,N,N,N,N,N,N,N,N,N,N,N,N,N,N,N,N,N,N,N,N,N,N,N,N,N,N,N
CHDR;DD-4;C11;3-alpha-HSD;CDR;AKR1C4;HAKRA;DD4,N,N,N,N,N,N,N,N,N,N,N,N,N,N,N,N,N,N,N,N,N,N,N,N,N,N,N,N,N,N,N,N
CP27;CYP27A1;CTX;CYP27,C,C,C,N,C,N,C,C,C,N,C,N,C,C,C,C,C,C,C,C,C,C,C,C,N,C,N,C,C,N,C,C
AMACRD;P504S;RACE;AMACR;RM;CBAS4,N,N,N,N,N,N,N,N,N,N,N,N,N,N,N,N,N,N,N,N,N,N,N,N,N,N,N,N,N,N,N,N
BRCOX;CBAS6;BRCACOX;THCCox;BCOX;ACOX2,N,N,N,N,N,N,N,A,N,N,A,N,N,N,N,N,N,N,A,N,A,N,N,N,N,N,N,N,N,N,N,N
CH25H;C25H,A,A,A,N,A,A,N,N,A,N,A,N,N,A,A,N,A,A,N,A,A,A,A,N,N,A,N,A,N,N,A,N
SDR8C1;MFE-2;HSD17B4;PRLTS1;DBP;MPF-2,B,N,B,N,N,N,B,B,B,N,B,B,B,B,N,N,B,N,B,B,N,N,B,N,B,B,N,N,N,B,B,B
NSL-TP;SCP-2;SCP-CHI;SCP-X;SCPX;SCP2;NLTP,N,N,N,N,N,N,N,A,N,N,A,N,N,N,N,N,A,N,N,N,N,N,N,N,N,N,N,N,N,A,N,N
BAL;ACSB;BACS;FATP5;SLC27A5;VLACSR;FACVL3;VLCS-H2;FATP-5;ACSVL6;VLCSH2,N,D,D,N,D,D,N,N,D,N,D,D,N,N,N,N,N,N,N,D,N,N,D,N,D,D,N,N,N,N,N,D
BAAT;BAT;BACAT,N,N,N,N,N,N,N,N,N,N,N,N,N,N,N,N,N,N,N,N,N,N,N,N,N,N,N,N,N,N,N,N
HSD3B7;CBAS1;PFIC4;SDR11E3,N,N,N,N,N,N,N,N,N,N,N,N,N,N,N,N,N,N,N,N,N,N,N,N,N,N,N,N,N,N,N,N
CYP8B1;CYP12;CP8B,C,C,N,N,C,N,C,C,C,N,C,N,C,C,C,N,C,C,C,C,C,C,C,C,N,C,N,C,C,N,C,C
CYP39A1,C,C,C,N,C,N,C,C,C,N,C,N,C,C,C,C,C,C,C,C,C,C,C,C,C,C,N,C,C,N,C,C
PTE-1;NAP1;ACOT8;PTE1;PTE-2;hACTE-III;hTE;PTE2;HNAACTE,N,N,A,N,N,N,N,N,N,N,A,N,N,N,N,N,A,N,N,N,A,N,N,N,A,N,N,N,N,N,N,N
