CREB-2;CREB2;TAXREB67;ATF4;TXREB,N,N,N,N,N,N,N,N,N,N,N,N,N,N,N,N,N,N,N,N,N,N,N,N,N,N,N,N,N,N,N,N
DDIT3;CHOP;CHOP-10;C/EBPzeta;CEBPZ;CHOP10;GADD153,N,N,N,N,N,N,N,N,N,N,N,N,N,N,N,N,N,N,N,N,N,N,N,N,N,N,N,N,N,N,N,N
JNK21B1/2;JNK;SAPK1c;PRKM8;JNK1A2;MAPK8;SAPK1;JNK1;JNK-46,D,D,D,D,D,D,D,D,D,D,D,D,D,D,D,D,D,D,D,D,D,D,D,D,D,D,D,D,D,D,D,D
JNK2BETA;SAPK;JNK2A;JNK2;JNK2B;p54a;MAPK9;JNK-55;SAPK1a;p54aSAPK;PRKM9;JNK2ALPHA,D,D,D,D,D,D,D,D,D,D,D,D,D,D,D,D,D,D,D,D,D,D,D,D,D,D,D,D,D,D,D,D
SAPK1b;PRKM10;JNK3A;p493F12;p54bSAPK;MAPK10;JNK3,D,D,D,D,D,D,D,D,D,D,D,D,D,D,D,D,D,D,D,D,D,D,D,D,D,D,D,D,D,D,D,D
TRAP;MGC:45012;TRAP3;TRAF2,A,N,A,N,N,N,A,N,N,N,A,N,N,A,N,N,A,N,N,N,A,N,N,N,N,N,N,N,N,N,A,N
MAPKKK5;MAP3K5;ASK1;MEKK5,D,D,D,D,D,D,D,D,D,N,D,D,D,D,D,D,D,D,D,D,D,D,D,D,D,D,D,D,D,D,D,D
MAP2K7;SAPKK-4;MKK7;MEK_7;MEK;JNKK2;SAPKK4;MAPKK7;PRKMK7,D,D,D,D,D,D,D,D,D,N,D,D,D,D,D,D,D,D,D,D,D,D,D,D,D,D,D,D,D,D,D,D
EIF2;EIF2A;EIF2S1;EIF-2;EIF-2A;EIF-2alpha,N,N,N,N,N,N,N,N,N,N,N,N,N,N,N,N,N,N,N,N,N,N,N,N,N,N,N,N,N,N,N,N
CANX;CNX;IP90;P90,A,A,A,N,A,N,A,A,A,N,A,A,A,A,N,A,A,A,A,A,A,A,A,A,A,A,A,A,A,A,A,A
CRT;SSA;cC1qR;RO;CALR;HEL-S-99n,A,A,A,N,A,N,A,A,A,N,A,A,A,A,N,A,A,A,A,A,A,A,A,A,A,A,A,A,A,A,A,A
PPP1R15A;GADD34,N,N,N,N,N,N,N,N,N,N,N,N,N,N,N,N,N,N,N,N,N,N,N,N,N,N,N,N,N,N,N,N
P58;ERp61;ERp60;HEL-S-269;PDIA3;GRP57;HsT17083;PI-PLC;ER60;GRP58;HEL-S-93n;ERp57,A,N,A,N,A,N,A,A,A,N,A,A,A,A,A,A,A,A,A,A,A,A,A,A,A,A,A,N,A,N,A,N
CASP12P1;CASP-12;CASP12,N,N,N,N,N,N,N,N,N,N,N,N,N,N,N,N,N,N,N,N,N,N,N,N,N,N,N,N,N,N,N,N
CANP1;muCANP;CANPL1;SPG76;muCL;CAPN1;CANP,N,A,A,N,A,N,N,A,A,N,A,A,A,A,A,A,A,N,A,A,A,A,A,A,N,A,N,N,A,N,A,A
mCANP;CANPml;CANP2;CANPL2;CAPN2,N,A,A,N,A,N,N,A,A,N,A,A,A,A,A,A,A,N,A,A,A,A,A,A,N,A,N,N,A,N,A,A
SEC61B,A,A,N,N,A,N,N,N,A,N,A,A,N,N,N,A,N,N,A,N,A,N,N,A,A,N,N,N,N,N,N,N
SEC61G;SSS1,N,N,N,N,N,N,N,N,N,N,N,N,N,N,N,N,N,N,N,N,N,N,N,N,N,N,N,N,N,N,N,N
SEC61;HNFJ4;HSEC61;SEC61A1;SEC61A,N,N,N,N,N,N,N,N,A,N,A,N,A,N,N,N,A,A,N,N,N,N,N,N,N,N,N,A,N,N,N,N
SEC61A2,N,N,N,N,N,N,N,N,A,N,A,N,A,N,N,N,A,A,N,N,N,N,N,N,N,N,N,A,N,N,N,N
TERA;CDC48;VCP;p97,D,D,D,D,D,D,D,D,D,D,D,D,D,D,D,D,D,D,D,D,D,D,D,D,D,D,D,D,D,D,D,D
DAD1;OST2,A,A,A,N,N,N,A,A,A,N,N,N,N,N,N,A,A,N,N,A,A,N,N,N,N,A,A,A,N,N,A,A
GATD6;OKSWcl45;CDG1R;DDOST;AGER1;OST48;WBP1;OST,N,A,A,N,N,N,N,A,A,N,N,N,N,A,N,N,N,N,N,A,A,N,A,N,N,A,N,A,N,N,A,A
CDG1X;STT3-B;SIMP;STT3B,N,N,N,N,N,N,N,N,N,N,N,N,N,N,N,N,N,N,N,N,N,N,N,N,N,N,N,N,N,N,N,N
STT3A;TMC;STT3-A;ITM1,N,N,N,N,N,N,N,N,N,N,N,N,N,N,N,N,N,N,N,N,N,N,N,N,N,N,N,N,N,N,N,N
RBPH1;RPN1;OST1,A,A,A,N,N,A,A,A,A,N,A,A,N,N,A,A,N,A,A,A,A,N,N,A,A,N,A,A,N,N,A,A
RIBIIR;RPN2;SWP1;RPN-II;RPNII,N,N,N,N,N,N,N,N,N,N,N,N,N,N,N,N,N,N,N,N,N,N,N,N,N,N,N,N,N,N,N,N
D8S1992;N33;OST3A;TUSC3;MRT22;MRT7;M33,N,N,N,N,N,N,N,N,N,N,N,N,N,N,N,N,N,N,N,N,N,N,N,N,N,N,N,N,N,N,N,N
EDEM2;C20orf31;bA4204.1;C20orf49,N,A,A,N,N,A,N,N,A,N,A,N,N,A,N,N,N,A,A,N,N,A,A,A,N,A,A,N,N,N,A,N
C1orf22;EDEM3,N,A,A,N,N,A,N,N,A,N,A,N,N,A,N,N,N,A,A,N,N,A,A,A,N,A,A,N,N,N,A,N
EDEM1;EDEM,N,A,A,N,N,A,N,N,A,N,A,N,N,A,N,N,N,A,A,N,N,A,A,A,N,A,A,N,N,N,A,N
SEC24;SEC24B,B,N,B,B,B,B,B,B,B,N,B,N,N,B,N,N,B,B,N,B,B,N,B,N,N,B,B,B,N,B,B,N
HEMPAS;CDAN2;SEC23B;CDAII;CWS7;CDA-II;hSec23B,A,N,A,N,A,N,A,N,A,N,A,N,N,A,N,N,A,N,N,A,N,N,A,N,N,N,A,N,N,N,A,N
CLSD;hSec23A;SEC23A,A,N,A,N,A,N,A,N,A,N,A,N,N,A,N,N,A,N,N,A,N,N,A,N,N,N,A,N,N,N,A,N
SEC24A,B,N,B,B,B,B,B,B,B,N,B,N,N,B,N,N,B,B,N,B,B,N,B,N,N,B,B,B,N,B,B,N
SEC24C,B,N,B,B,B,B,B,B,B,N,B,N,N,B,N,N,B,B,N,B,B,N,B,N,N,B,B,B,N,B,B,N
SEC24D;CLCRP2,B,N,B,B,B,B,B,B,B,N,B,N,N,B,N,N,B,B,N,B,B,N,B,N,N,B,B,B,N,B,B,N
C5orf8;GP36B;VIP36;LMAN2,N,N,N,N,N,N,N,N,N,N,N,N,N,N,N,N,N,N,N,N,N,N,N,N,N,N,N,N,N,N,N,N
ERGIC-53;MR60;LMAN1;ERGIC53;FMFD1;gp58;MCFD1;F5F8D,N,N,N,N,N,N,N,N,N,N,N,N,N,N,N,N,N,N,N,N,N,N,N,N,N,N,N,N,N,N,N,N
UFD1;UFD1L,A,A,N,A,N,A,N,A,A,N,A,A,A,N,A,A,N,A,A,N,N,A,A,A,N,A,N,N,N,N,A,A
NPL4;NPLOC4,A,N,A,N,A,N,N,A,A,N,A,N,N,N,N,N,N,N,N,N,N,N,A,N,N,N,N,N,N,N,N,A
ERO1L;ERO1-L;ERO1A;ERO1-L-alpha;ERO1LA;Ero1alpha;ERO1-alpha,N,N,A,N,N,N,N,A,A,N,A,N,N,A,A,N,N,N,N,N,N,N,N,N,A,N,N,N,N,N,A,A
Ero1beta;ERO1LB;ERO1B,N,N,A,N,N,N,N,A,A,N,A,N,N,A,A,N,N,N,N,N,N,N,N,N,A,N,N,N,N,N,A,A
MAN1B;MAN1A2,N,A,A,N,N,A,N,N,A,N,A,N,N,A,N,N,N,A,A,N,N,A,A,A,N,A,A,N,N,N,A,N
ERManI;MRT15;MANA-ER;ERMAN1;MAN1B1,N,A,A,N,N,A,N,N,A,N,A,N,N,A,N,N,N,A,A,N,N,A,A,A,N,A,A,N,N,N,A,N
HUMM3;MAN1A1;MAN9;HUMM9,N,A,A,N,N,A,N,N,A,N,A,N,N,A,N,N,N,A,A,N,N,A,A,A,N,A,A,N,N,N,A,N
MAN1C1;pp6318;MAN1C;MAN1A3;HMIC,N,A,A,N,N,A,N,N,A,N,A,N,N,A,N,N,N,A,A,N,N,A,A,A,N,A,A,N,N,N,A,N
GIIA;GLUII;PKD3;G2AN;GANAB,N,N,N,N,N,A,N,N,N,N,A,N,N,N,A,N,N,N,N,N,N,A,N,N,N,N,N,N,N,N,A,N
G19P1;GIIB;PCLD;AGE-R2;PKCSH;PRKCSH;PCLD1;PLD1;VASAP-60,A,N,A,N,A,A,A,A,A,N,A,A,A,A,N,N,A,A,A,A,A,A,N,N,A,N,A,A,A,N,A,N
DER7;MOGS;CWH41;GCS1;CDG2B,N,N,N,N,N,N,N,N,N,N,N,N,N,N,N,N,N,N,N,N,N,N,N,N,N,N,N,N,N,N,N,N
UGGT2;HUGT2;UGT2;UGCGL2,N,A,N,N,N,N,N,N,A,N,A,N,N,N,N,N,A,N,N,N,A,A,A,A,A,N,N,N,N,N,A,A
UGCGL1;HUGT1;UGT1;UGGT1,N,A,N,N,N,N,N,N,A,N,A,N,N,N,N,N,A,N,N,N,A,A,A,A,A,N,N,N,N,N,A,A
DOA10;MARCH6;TEB4;MARCH-VI;RNF176,A,A,A,N,A,N,A,A,A,N,A,A,A,N,A,N,A,A,A,A,N,A,N,A,A,A,N,A,A,N,A,N
DER3;SYVN1;HRD1,A,A,A,A,A,A,A,A,A,N,A,A,N,A,A,A,A,A,A,A,A,A,A,A,A,A,A,A,A,A,A,A
UBC7;E217K;UBE2G;UBE2G1,A,A,A,A,A,A,A,A,A,A,A,A,A,A,A,A,A,A,A,A,A,A,A,A,A,A,A,A,A,A,A,A
UBC7;UBE2G2,A,A,A,A,A,A,A,A,A,A,A,A,A,A,A,A,A,A,A,A,A,A,A,A,A,A,A,A,A,A,A,A
HSPA5;HEL-S-89n;BIP;GRP78;MIF2,B,B,B,B,B,N,N,B,B,N,B,N,N,B,B,B,B,B,N,B,B,B,B,N,N,B,B,N,N,B,B,B
SEC63L;DNAJC23;ERdj2;SEC63;PRO2507;PCLD2,A,A,A,A,A,A,A,A,A,N,A,A,A,A,A,A,A,A,A,A,A,A,A,A,A,A,A,A,N,A,A,A
TP-1;SEC62;HTP1;TLOC1;Dtrp1,N,N,N,N,N,N,N,N,N,N,N,N,N,N,N,N,N,N,N,N,N,N,N,N,N,N,N,N,N,N,N,N
BAK1;CDN1;BAK-LIKE;BCL2L7;BAK,N,N,N,N,N,N,N,N,N,N,N,N,N,N,N,N,N,N,N,N,N,N,N,N,N,N,N,N,N,N,N,N
BAX;BCL2L4,N,N,N,N,N,N,N,N,N,N,N,N,N,N,N,N,N,N,N,N,N,N,N,N,N,N,N,N,N,N,N,N
G13;ATF6B;CREBL1;CREB-RP,N,N,N,N,N,N,N,N,N,N,N,N,N,N,N,N,N,N,N,N,N,N,N,N,N,N,N,N,N,N,N,N
ACHM7;ATF6A;ATF6,N,N,N,N,N,N,N,N,N,N,N,N,N,N,N,N,N,N,N,N,N,N,N,N,N,N,N,N,N,N,N,N
hIRE1p;ERN1;IRE1a;IRE1;IRE1P,B,B,B,B,B,B,B,B,B,B,B,B,B,B,B,B,B,B,B,B,B,B,B,B,B,B,B,B,B,B,B,B
EIF2AK1;HCR;HRI,B,B,B,B,B,B,B,B,B,N,B,B,B,B,B,B,B,B,B,B,B,B,B,B,B,B,B,B,B,B,B,B
GCN2;PVOD2;EIF2AK4,B,B,B,B,B,B,B,B,B,B,B,B,B,B,B,B,B,B,B,B,B,B,B,B,B,B,B,B,B,B,B,B
EIF2AK1;PRKR;PKR;EIF2AK2;PPP1R83,B,B,B,B,B,B,B,B,B,N,B,B,B,B,B,B,B,B,B,B,B,B,B,B,B,B,B,B,B,B,B,B
PEK;PERK;EIF2AK3;WRS,B,B,B,B,B,B,B,B,B,B,B,B,B,B,B,B,B,B,B,B,B,B,B,B,B,B,B,B,B,B,B,B
MBTPS1;S1P;SKI-1;PCSK8,N,A,N,N,N,N,N,N,A,N,A,N,N,N,A,N,N,N,N,N,N,N,N,A,N,N,N,N,N,N,N,N
BRESEK;IFAP;KFSDX;KFSD;MBTPS2;S2P;OLMSX,N,N,N,N,N,N,N,N,N,N,N,N,N,N,N,N,N,N,N,N,N,N,N,N,N,N,N,N,N,N,N,N
XBP-1;TREB-5;TREB5;XBP1;XBP2,N,A,N,N,N,N,N,A,A,N,N,N,N,N,A,N,N,N,N,N,N,A,N,N,N,N,N,N,N,N,N,N
WFSL;CTRCT41;DFNA14;DFNA38;WFS;WFS1;DFNA6;WFRS,N,N,N,N,N,N,N,N,N,N,N,N,N,N,N,N,N,N,N,N,N,N,N,N,N,N,N,N,N,N,N,N
HHR23A;RAD23A;HR23A,D,D,N,N,D,D,N,D,D,N,D,N,N,D,N,N,N,N,D,D,D,N,D,D,N,D,N,N,D,N,D,N
HHR23B;HR23B;P58;RAD23B,D,D,N,N,D,D,N,D,D,N,D,N,N,D,N,N,N,N,D,D,D,N,D,D,N,D,N,N,D,N,D,N
HRIHFB2157;UBQLN2;ALS15;DSK2;PLIC2;N4BP4;CHAP1,N,N,N,N,N,N,N,N,N,N,N,N,N,N,N,N,N,N,N,N,N,N,N,N,N,N,N,N,N,N,N,N
DSK2;UBQN;PLIC-1;UBQLN1;DA41;XDRP1,N,N,N,N,N,N,N,N,N,N,N,N,N,N,N,N,N,N,N,N,N,N,N,N,N,N,N,N,N,N,N,N
TUP-1;UBQLN3,N,N,N,N,N,N,N,N,N,N,N,N,N,N,N,N,N,N,N,N,N,N,N,N,N,N,N,N,N,N,N,N
CIP75;A1U;A1Up;UBIN;UBQLN4;C1orf6,N,N,N,N,N,N,N,N,N,N,N,N,N,N,N,N,N,N,N,N,N,N,N,N,N,N,N,N,N,N,N,N
PNGase;CDDG;PNG1;CDG1V;NGLY1,N,N,N,N,N,N,N,N,N,N,N,N,N,N,N,N,N,N,N,N,N,N,N,N,N,N,N,N,N,N,N,N
NCUBE2;UBE2J2;PRO2121;NCUBE-2,A,A,A,A,A,A,A,A,A,A,A,A,A,A,A,A,A,A,A,A,A,A,A,A,A,A,A,A,A,A,A,A
UBC6;UBC6E;HSU93243;CGI-76;NCUBE-1;HSPC153;UBE2J1;HSPC205;NCUBE1;Ubc6p,A,A,A,A,A,A,A,A,A,A,A,A,A,A,A,A,A,A,A,A,A,A,A,A,A,A,A,A,A,A,A,A
HDNB1;E4;UFD2;UBE4B;UFD2A;UBOX3,A,A,A,N,A,A,N,A,A,N,A,A,A,A,A,N,N,A,A,A,A,A,A,A,A,A,A,N,A,A,A,A
DUBA8;OTUD2;PRO0907;YOD1,A,A,A,N,A,A,N,A,A,N,A,A,A,A,A,A,N,A,A,N,A,A,A,A,N,A,N,N,A,N,A,N
JOS;AT3;SCA3;ATXN3;ATX3;MJD1;MJD,A,N,A,N,A,A,A,N,N,N,A,N,N,A,N,A,A,N,A,A,A,N,A,N,N,A,N,N,N,N,A,A
MJDL;ATXN3L,A,N,A,N,A,A,A,N,N,N,A,N,N,A,N,A,A,N,A,A,A,N,A,N,N,A,N,N,N,N,A,A
PLAA;PLA2P;PLAP;DOA1;NDMSBA,A,A,A,A,A,A,A,A,A,A,A,A,A,A,A,A,A,A,A,A,A,A,A,A,A,A,A,A,A,A,A,A
HSPA1A;HSP70.1;HEL-S-103;HSP70I;HSP70-1;HSP72;HSP70-1A;HSPA1,B,B,B,B,B,N,N,B,B,N,B,N,N,B,B,B,B,B,N,B,B,B,B,N,N,B,B,N,N,B,B,B
HSP70-2;HSPA1B;HSP70-1B;HSP70.2,B,B,B,B,B,N,N,B,B,N,B,N,N,B,B,B,B,B,N,B,B,B,B,N,N,B,B,N,N,B,B,B
hum70t;HSP70-HOM;HSPA1L;HSP70T;HSP70-1L,B,B,B,B,B,N,N,B,B,N,B,N,N,B,B,B,B,B,N,B,B,B,B,N,N,B,B,N,N,B,B,B
HSP70-2;HSP70-3;HSPA2,B,B,B,B,B,N,N,B,B,N,B,N,N,B,B,B,B,B,N,B,B,B,B,N,N,B,B,N,N,B,B,B
HSP70B';HSPA6,B,B,B,B,B,N,N,B,B,N,B,N,N,B,B,B,B,B,N,B,B,B,B,N,N,B,B,N,N,B,B,B
HSP71;HSC54;HSP73;HEL-S-72p;HSC71;HSPA10;LAP-1;HSPA8;LAP1;HSC70;HEL-33;NIP71,B,B,B,B,B,N,N,B,B,N,B,N,N,B,B,B,B,B,N,B,B,B,B,N,N,B,B,N,N,B,B,B
SEL1-LIKE;PRO1063;SEL1L;SEL1L1,N,N,N,N,N,N,N,N,N,N,N,N,N,N,N,N,N,N,N,N,N,N,N,N,N,N,N,N,N,N,N,N
C20orf50;SEL1L2,A,A,A,N,A,N,A,A,A,N,A,A,A,A,A,N,N,A,A,A,A,A,A,A,N,A,N,N,N,N,A,N
derlin-2;FLANa;F-LANa;DERL2;CGI-101;DERtrin-2;F-LAN-1,A,N,N,A,A,N,N,A,N,A,A,N,A,N,A,A,N,N,N,N,A,N,N,A,N,N,N,N,N,N,A,N
DERL1;derlin-1;DER-1;DER1,A,N,N,A,A,N,N,A,N,A,A,N,A,N,A,A,N,N,N,N,A,N,N,A,N,N,N,N,N,N,A,N
LLN2;C22orf14;DERL3;IZP6;derlin-3,A,N,N,A,A,N,N,A,N,A,A,N,A,N,A,A,N,N,N,N,A,N,N,A,N,N,N,N,N,N,A,N
OS9;OS-9;ERLEC2,N,N,N,N,N,N,N,N,N,N,N,N,N,N,N,N,N,N,N,N,N,N,N,N,N,N,N,N,N,N,N,N
HERPUD1;Mif1;HERP;SUP,A,N,N,N,N,A,N,N,N,N,A,N,N,N,N,N,N,N,N,A,N,N,N,N,N,A,N,N,N,N,A,N
XTP3-B;CL24936;ERLEC1;CL25084;CIM;XTP3TPB;HEL117;C2orf30,N,N,N,N,N,N,N,N,N,N,N,N,N,N,N,N,N,N,N,N,N,N,N,N,N,N,N,N,N,N,N,N
AD-015;SBBI8;VIMP;SEPS1;ADO15;SELS;SELENOS,N,N,N,N,N,N,N,N,N,N,N,N,N,N,N,N,N,N,N,N,N,N,N,N,N,N,N,N,N,N,N,N
RNF75;RBX1;BA554C12.1;ROC1,A,A,A,A,A,N,A,N,A,N,A,A,A,N,A,A,A,A,A,A,A,A,A,A,A,A,N,A,N,A,A,A
NFB42;OCP1;FBX2;FBG1;Fbs1;FBXO2,A,A,N,N,N,N,A,N,N,N,A,N,N,A,N,N,N,A,N,N,A,N,A,N,N,N,N,N,N,N,N,N
FBS2;FBG2;Fbx6b;FBXO6;FBX6,A,A,N,N,N,N,A,N,N,N,A,N,N,A,N,N,N,A,N,N,A,N,A,N,N,N,N,N,N,N,N,N
UBE2D4;HBUCE1,A,A,A,A,A,A,A,A,A,A,A,A,A,A,A,A,A,A,A,A,A,A,A,A,A,A,A,A,A,A,A,A
UBCH5;UBE2D1;SFT;E2(17)KB1;UBCH5A;UBC4/5,A,A,A,A,A,A,A,A,A,A,A,A,A,A,A,A,A,A,A,A,A,A,A,A,A,A,A,A,A,A,A,A
UBCH5B;PUBC1;UBCH4;UBE2D2;E2(17)KB2;UBC4;UBC4/5,A,A,A,A,A,A,A,A,A,A,A,A,A,A,A,A,A,A,A,A,A,A,A,A,A,A,A,A,A,A,A,A
UBCH5C;E2(17)KB3;UBC4/5;UBE2D3,A,A,A,A,A,A,A,A,A,A,A,A,A,A,A,A,A,A,A,A,A,A,A,A,A,A,A,A,A,A,A,A
HIRIP4;DNJ3;DJA2;DNAJ;DJ3;CPR3;PRO3015;DNAJA2;RDJ2,A,A,A,A,A,A,A,A,A,N,A,A,A,A,A,A,A,A,A,A,A,A,A,A,A,A,A,A,N,A,A,A
CSP-gamma;DNAJC5G,A,A,A,A,A,A,A,A,A,N,A,A,A,A,A,A,A,A,A,A,A,A,A,A,A,A,A,A,N,N,A,A
HSJ1;DNAJB2;HSJ-1;CMT2T;HSPF3;DSMA5,A,A,A,A,A,A,A,A,A,N,A,A,A,A,A,A,A,A,A,A,A,A,A,A,A,A,A,A,N,A,A,A
DNAJA1;NEDD7;hDJ-2;DjA1;HSJ2;HDJ2;HSJ-2;HSPF4;HSDJ;DJ-2,A,A,A,A,A,A,A,A,A,N,A,A,A,A,A,A,A,A,A,A,A,A,A,A,A,A,A,A,N,A,A,A
DNAJB1;Sis1;Hsp40;Hdj1;HSPF1;RSPH16B,A,A,A,A,A,A,A,A,A,N,A,A,A,A,A,A,A,A,A,A,A,A,A,A,A,A,A,A,N,A,A,A
DNAJB12;DJ10,A,A,A,A,A,A,A,A,A,N,A,A,A,A,A,A,A,A,A,A,A,A,A,A,A,A,A,A,N,A,A,A
CSP;DNAJC5A;mir-941-5;CLN4B;NCL;mir-941-4;CLN4;DNAJC5;mir-941-3;mir-941-2,A,A,A,A,A,A,A,A,A,N,A,A,A,A,A,A,A,A,A,A,A,A,A,A,A,A,A,A,N,A,A,A
DNAJC5B;CSP-beta,A,A,A,A,A,A,A,A,A,N,A,A,A,A,A,A,A,A,A,A,A,A,A,A,A,A,A,A,N,A,A,A
CHIP;UBOX1;NY-CO-7;HSPABP2;SDCCAG7;STUB1;SCAR16,B,B,B,B,B,B,N,B,B,N,B,B,B,B,B,N,B,B,B,B,B,B,B,B,B,B,B,B,B,N,B,B
TXNDC7;PDIA6;ERP5;P5,A,N,A,N,A,N,A,A,A,N,A,A,A,A,A,A,A,A,A,A,A,A,A,A,A,A,A,N,A,N,A,N
ERP29;PDI-DB;C12orf8;HEL-S-107;PDIA9;ERp28;ERp31,N,N,N,N,N,N,N,N,N,N,N,N,N,N,N,N,N,N,N,N,N,N,N,N,N,N,N,N,N,N,N,N
DSI;PHDB;PDI;PO4HB;CLCRP1;GIT;ERBA2L;PDIA1;P4Hbeta;PO4DB;PROHB;P4HB,A,N,A,N,A,N,A,A,A,N,A,A,A,A,A,A,A,A,A,A,A,A,A,A,A,A,A,N,A,N,A,N
HCC-2;STRF8;ERP46;PDIA15;TXNDC5;ENDOPDI;HCC2;UNQ364,A,N,A,N,A,N,A,A,A,N,A,A,A,A,A,A,A,A,A,A,A,A,A,A,A,A,A,N,A,N,A,N
ERp-72;ERP72;ERP70;PDIA4,A,N,A,N,A,N,A,A,A,N,A,A,A,A,A,A,A,A,A,A,A,A,A,A,A,A,A,N,A,N,A,N
DNAJB11;UNQ537;PRO1080;ABBP-2;Dj-9;EDJ;ERj3;ERdj3;ABBP2;ERj3p;DJ9,A,A,A,A,A,A,A,A,A,N,A,A,A,A,A,A,A,A,A,A,A,A,A,A,A,A,A,A,N,A,A,A
ERdj5;JPDI;DNAJC10;MTHr;PDIA19,A,A,A,A,A,A,A,A,A,N,A,A,A,A,A,A,A,A,A,A,A,A,A,A,A,A,A,A,A,A,A,A
P58IPK;P58;ERdj6;PRKRI;DNAJC3;HP58;ACPHD,A,A,A,A,A,A,A,A,A,N,A,A,A,A,A,A,A,A,A,A,A,A,A,A,A,A,A,A,N,N,A,A
DNAJL1;DNAJC1;MTJ1;ERdj1;HTJ1,A,A,A,A,A,A,A,A,A,N,A,A,A,A,A,A,A,A,A,A,A,A,A,A,A,A,A,A,N,A,A,A
NSFL1C;dJ776F14.1;P47;UBXD10;UBXN2C;UBX1,A,N,A,N,N,N,A,N,A,N,A,N,A,A,N,N,A,N,N,A,A,N,A,N,N,A,N,A,N,N,A,N
UBXDC2;UBXD1;UBXN6,N,N,N,A,N,N,N,N,A,N,A,N,A,N,N,N,N,N,N,N,N,N,A,N,N,N,N,N,N,N,A,N
SVIP,N,N,N,N,N,N,N,N,N,N,N,N,N,N,N,N,N,N,N,N,N,N,N,N,N,N,N,N,N,N,N,N
OCP-II;TCEB1L;EMC19;OCP2;SKP1A;SKP1;p19A,A,A,A,N,A,N,N,A,A,N,A,A,N,A,N,N,A,A,N,A,N,A,A,N,A,A,N,N,A,A,N,N
CUL1,A,A,A,N,A,A,A,A,A,N,A,A,A,A,A,A,A,A,A,A,A,N,A,A,N,A,N,A,N,N,A,A
RING5;RNF5;RMA1,A,A,A,A,A,A,N,A,A,N,A,A,N,A,A,A,A,A,A,A,A,A,A,A,A,A,N,A,A,A,A,A
RNF185,B,B,B,B,B,B,B,B,B,N,B,B,N,B,B,B,B,B,B,B,B,B,B,B,B,B,N,B,B,B,B,B
HEL-S-65p;HSPCAL1;HSP89A;HSP90A;Hsp103;Hsp90;HSP90AA1;HSPCAL4;LAP-2;HSP90N;LAP2;HSPC1;Hsp89;HSPCA;EL52;HSPN;HSP86,B,N,B,B,B,B,B,N,B,N,B,N,B,B,N,N,N,N,B,B,N,N,B,B,N,B,N,N,N,B,B,B
HSP90B;HSPCB;D6S182;HSP90AB1;HSP84;HSPC2,B,N,B,B,B,B,B,N,B,N,B,N,B,B,N,N,N,N,B,B,N,N,B,B,N,B,N,N,N,B,B,B
HEBP1;NFE2L2;NRF2,N,N,N,N,N,N,N,N,N,N,N,N,N,N,N,N,N,N,N,N,N,N,N,N,N,N,N,N,N,N,N,N
SEC31L1;ABP130;SEC31A;ABP125;HSPC275;HSPC334,N,A,N,A,N,A,N,N,A,N,A,N,N,N,A,N,N,N,N,A,N,N,N,N,N,A,N,A,N,N,A,N
SEC31B;SEC31B-1;SEC31L2,N,A,N,A,N,A,N,N,A,N,A,N,N,N,A,N,N,N,N,A,N,N,N,A,N,A,N,A,A,N,A,N
SEC13;D3S1231E;npp-20;SEC13R;SEC13L1,A,A,A,N,N,A,A,A,A,A,A,N,N,A,A,A,A,A,A,N,A,N,A,A,A,A,N,A,N,N,N,A
CMRD;GTBPB;ANDD;SARA2;SAR1B,C,C,C,C,C,C,C,C,C,N,C,C,C,C,C,C,C,C,C,C,C,C,C,C,C,C,N,C,C,C,C,C
SAR1;SAR1A;Sara;SARA1;masra2,C,C,C,C,C,C,C,C,C,N,C,C,C,C,C,C,C,C,C,C,C,C,C,C,C,C,N,C,C,C,C,C
SEC12;PREB,N,N,N,N,N,N,N,N,N,N,N,N,N,N,N,N,N,N,N,N,N,N,N,N,N,N,N,N,N,N,N,N
TRA1;GRP94;HEL-S-125m;ECGP;HSP90B1;GP96;HEL35,B,N,B,B,B,B,B,N,B,N,B,N,B,B,N,N,N,N,B,B,N,N,B,B,N,B,N,N,N,B,B,B
Bcl-2;PPP1R50;BCL2,N,N,N,N,N,N,N,N,N,N,N,N,N,N,N,N,N,N,N,N,N,N,N,N,N,N,N,N,N,N,N,N
ERGL;ERGIC-53L;LMAN1L,N,N,N,N,N,N,N,N,N,N,N,N,N,N,N,N,N,N,N,N,N,N,N,N,N,N,N,N,N,N,N,N
TRAMP;TRAM;PNAS8;TRAM1,N,A,N,N,N,N,N,A,N,N,A,N,N,N,N,N,N,N,N,N,A,N,N,N,N,A,N,N,N,N,A,N
LPRS2;AR-JP;PARK2;PRKN;PDJ,D,D,D,N,N,N,D,N,D,N,D,D,D,D,D,D,N,D,D,D,D,N,D,D,N,D,N,N,D,N,D,D
HSP105B;NY-CO-25;HSP105;HSPH1;HSP105A,B,B,B,B,B,N,N,B,B,N,B,N,N,B,B,B,B,B,N,B,B,B,B,N,N,B,B,N,N,B,B,B
APG-1;Osp94;HSPH3;HSPA4L,B,B,B,B,B,N,N,B,B,N,B,N,N,B,B,B,B,B,N,B,B,B,B,N,N,B,B,N,N,B,B,B
FES1;HSPBP1,N,N,A,N,N,N,N,N,A,N,N,A,N,A,A,N,A,A,N,N,N,N,N,N,N,N,A,N,N,N,A,A
HAP;BAG1;BAG-1;RAP46,N,N,N,N,N,N,N,N,N,N,N,N,N,N,N,N,N,N,N,N,N,N,N,N,N,N,N,N,N,N,N,N
BAG-2;dJ417I1.2;BAG2,N,N,N,N,N,N,N,N,N,N,N,N,N,N,N,N,N,N,N,N,N,N,N,N,N,N,N,N,N,N,N,N
CRYAA,N,N,A,N,A,N,N,A,A,N,A,A,A,A,N,A,A,A,N,N,N,A,A,A,N,A,N,N,N,N,A,N
CRYAA;HSPB4;CRYA1;CTRCT9,N,N,A,N,A,N,N,A,A,N,A,A,A,A,N,A,A,A,N,N,N,A,A,A,N,A,N,N,N,N,A,N
CRYA2;HEL-S-101;CRYAB;CTPP2;HSPB5;MFM2;CMD1II;CTRCT16,N,N,A,N,A,N,N,A,A,N,A,A,A,A,N,A,A,A,N,N,N,A,A,A,N,A,N,N,N,N,A,N
ORP-150;GRP-170;Grp170;ORP150;HSP12A;HYOU1,B,B,B,B,B,N,N,B,B,N,B,N,N,B,B,B,B,B,N,B,B,B,B,N,N,B,B,N,N,B,B,B
ULG5;BAP;MSS;SIL1,N,N,A,N,N,N,N,N,A,N,N,A,N,A,A,N,A,A,N,N,N,N,N,N,N,N,A,N,N,N,A,A
CKAP4;p63;CLIMP-63;ERGIC-63,N,N,N,N,N,N,N,N,N,N,N,N,N,N,N,N,N,N,N,N,N,N,N,N,N,N,N,N,N,N,N,N
ES/130;hES;RRp;ES130;RRBP1,N,N,N,N,N,N,N,N,N,N,N,N,N,N,N,N,N,N,N,N,N,N,N,N,N,N,N,N,N,N,N,N
BAP31;BCAP31;6C6-AG;DXS1357E;DDCH;CDM,N,N,N,N,N,N,N,N,N,N,N,N,N,N,N,N,N,N,N,N,N,N,N,N,N,N,N,N,N,N,N,N
SSR1;TRAPA,N,N,N,N,N,N,N,N,N,N,N,N,N,N,N,N,N,N,N,N,N,N,N,N,N,N,N,N,N,N,N,N
HSD25;TRAPB;TLAP;TRAP-BETA;SSR2,N,N,A,N,N,N,N,N,N,N,A,N,N,A,N,N,N,N,N,N,N,N,N,N,N,A,A,N,N,N,A,A
SSR3;TRAPG,A,A,N,N,N,N,A,N,N,N,N,N,N,A,N,N,N,N,N,N,N,N,N,N,N,N,N,N,N,N,A,A
SSR4;CDG1Y;TRAPD,N,A,N,A,N,N,N,N,A,N,N,N,N,A,N,A,N,A,N,N,A,A,A,A,N,A,N,N,N,N,A,A
AMFR;RNF45;GP78,A,A,A,A,A,A,A,A,A,N,A,A,A,A,A,A,A,A,A,A,A,A,A,A,A,A,A,A,A,A,A,A
