HEL-S-87p;ALDA;ALDOA;GSD12,N,B,B,N,B,N,B,B,B,N,B,N,B,B,N,B,B,N,B,B,B,N,B,B,N,B,N,N,B,B,B,B
ALDB;ALDOB;ALDO2,N,B,B,N,B,N,B,B,B,N,B,N,B,B,N,B,B,N,B,B,B,N,B,B,N,B,N,N,B,B,B,B
ALDC;ALDOC,N,B,B,N,B,N,B,B,B,N,B,N,B,B,N,B,B,N,B,B,B,N,B,B,N,B,N,N,B,B,B,B
ALDHI;ALDH-E2;ALDH2;ALDM,A,N,A,N,A,N,A,A,A,N,A,A,A,A,N,N,N,A,A,N,N,N,A,N,N,A,N,A,A,A,A,N
ALDH1B1;ALDH5;ALDHX,A,N,A,N,A,N,A,A,A,N,A,A,A,A,N,N,N,A,A,N,N,N,A,N,N,A,N,A,A,A,A,N
ALDH9A1;ALDH9;ALDH7;E3;TMABADH;ALDH4,A,N,A,N,A,N,A,A,A,N,A,A,A,A,N,N,N,A,A,N,N,N,A,N,N,A,N,A,A,A,A,N
SLS;FALDH;ALDH10;ALDH3A2,A,N,A,N,A,N,A,A,A,N,A,A,A,A,N,N,N,A,A,N,N,N,A,N,N,A,N,A,A,A,A,N
EPD;PDE;ATQ1;ALDH7A1,A,N,A,N,A,N,A,A,A,N,A,A,A,A,N,N,N,A,A,N,N,N,A,N,N,A,N,A,A,A,A,N
ALDHIII;ALDH3;ALDH3A1,A,N,A,N,A,N,A,A,A,N,A,A,A,A,N,N,N,A,A,N,N,N,A,N,N,A,N,A,A,A,A,N
ALDH6;MCOP8;ALDH1A3;RALDH3;ALDH1A6,A,N,A,N,A,N,A,A,A,N,A,A,A,A,N,N,N,A,A,N,N,N,A,N,N,A,N,A,A,A,A,N
ALDH3B1;ALDH4;ALDH7,A,N,A,N,A,N,A,A,A,N,A,A,A,A,N,N,N,A,A,N,N,N,A,N,N,A,N,A,A,A,A,N
ALDH3B2;ALDH8,A,N,A,N,A,N,A,A,A,N,A,A,A,A,N,N,N,A,A,N,N,N,A,N,N,A,N,A,A,A,A,N
ALDR1;ARM;HEL-S-6;AKR1A1;ALR;DD3,N,N,N,N,N,N,N,N,N,N,N,N,N,N,N,N,N,N,N,N,N,N,N,N,N,N,N,N,N,N,N,N
ADH1;ADH1A,A,N,N,N,A,N,N,N,N,N,A,N,N,N,N,N,N,A,N,N,N,N,N,N,N,N,N,N,N,A,N,N
ADH1B;ADH2;HEL-S-117,A,N,N,N,A,N,N,N,N,N,A,N,N,N,N,N,N,A,N,N,N,N,N,N,N,N,N,N,N,A,N,N
ADH1C;ADH3,A,N,N,N,A,N,N,N,N,N,A,N,N,N,N,N,N,A,N,N,N,N,N,N,N,N,N,N,N,A,N,N
HEL-S-4;ADH-2;ADH4,A,N,N,N,A,N,N,N,N,N,A,N,N,N,N,N,N,A,N,N,N,N,N,N,N,N,N,N,N,A,N,N
HEL-S-60p;FDH;GSNOR;ADH5;ADHX;FALDH;ADH-3;GSH-FDH,A,N,N,N,A,N,N,N,N,N,A,N,N,N,N,N,N,A,N,N,N,N,N,N,N,N,N,N,N,A,N,N
ADH6;ADH-5,A,N,N,N,A,N,N,N,N,N,A,N,N,N,N,N,N,A,N,N,N,N,N,N,N,N,N,N,N,A,N,N
ADH4;ADH7,A,N,N,N,A,N,N,N,N,N,A,N,N,N,N,N,N,A,N,N,N,N,N,N,N,N,N,N,N,A,N,N
PHE1A;PDHA1;PDHA;PDHAD;PDHCE1A,N,N,N,N,N,N,N,N,N,N,N,N,N,N,N,N,N,N,N,N,N,N,N,N,N,N,N,N,N,N,N,N
PDHA2;PDHAL,N,N,N,N,N,N,N,N,N,N,N,N,N,N,N,N,N,N,N,N,N,N,N,N,N,N,N,N,N,N,N,N
PHE1B;PDHB;PDHE1-B;PDHE1B;PDHBD,N,N,N,N,N,N,N,N,N,N,N,N,N,N,N,N,N,N,N,N,N,N,N,N,N,N,N,N,N,N,N,N
PDCE2;PDC-E2;DLTA;DLAT,N,N,A,N,N,N,N,N,N,N,A,N,N,A,N,N,N,N,N,N,N,N,N,N,N,N,N,A,N,N,A,N
LDHAL6A;LDH6A,A,N,N,N,N,N,N,N,N,N,A,N,N,N,N,A,N,N,N,N,N,N,A,N,N,N,N,N,N,N,N,N
LDHM;PIG19;HEL-S-133P;LDHA;GSD11,A,A,N,N,N,N,N,N,A,N,A,N,N,N,N,A,A,N,N,N,A,N,A,N,N,N,N,N,N,N,N,N
LDH-H;LDH-B;TRG-5;LDHB;HEL-S-281;LDHBD,A,A,N,N,N,N,N,N,A,N,A,N,N,N,N,A,A,N,N,N,A,N,A,N,N,N,N,N,N,N,N,N
CT32;LDHX;LDHC;LDH3,A,A,N,N,N,N,N,N,A,N,A,N,N,N,N,A,A,N,N,N,A,N,A,N,N,N,N,N,N,N,N,N
LDH6B;LDHL;LDHAL6B;LDHAL6,A,N,N,N,N,N,N,N,N,N,A,N,N,N,N,A,N,N,N,N,N,N,A,N,N,N,N,N,N,N,N,N
RPK;PKR;PKRL;PKLR;PK1;PKL,A,N,N,N,N,N,N,N,A,N,N,N,N,A,A,N,N,N,N,N,N,N,N,A,A,N,N,N,A,N,N,N
PKM2;PKM;THBP1;HEL-S-30;PK3;CTHBP;OIP3;TCB,A,N,N,N,N,N,N,N,A,N,N,N,N,A,A,N,N,N,N,N,N,N,N,A,A,N,N,N,A,N,N,N
ENO1;HEL-S-17;ENO1L1;PPH;NNE;MPB1,D,D,N,N,D,N,D,N,D,N,D,D,D,N,N,D,D,D,D,D,D,N,N,D,N,D,D,D,D,D,D,D
HEL-S-279;NSE;ENO2,D,D,N,N,D,N,D,N,D,N,D,D,D,N,N,D,D,D,D,D,D,N,N,D,N,D,D,D,D,D,D,D
GSD13;ENO3;MSE,D,D,N,N,D,N,D,N,D,N,D,D,D,N,N,D,D,D,D,D,D,N,N,D,N,D,D,D,D,D,D,D
ENO4;C10orf134,D,D,N,N,D,N,D,N,D,N,D,D,D,N,N,D,D,D,D,D,D,N,N,D,N,D,D,D,D,D,D,D
PGAM4;PGAM1;dJ1000K24.1;PGAM-B;PGAM3,N,N,N,N,N,N,N,N,N,N,N,N,N,N,N,N,N,N,N,N,N,N,N,N,N,N,N,N,N,N,N,N
PGAM-B;PGAM1;PGAMA;HEL-S-35,N,N,N,N,N,N,N,N,N,N,N,N,N,N,N,N,N,N,N,N,N,N,N,N,N,N,N,N,N,N,N,N
PGAMM;PGAM2;GSD10;PGAM-M,N,N,N,N,N,N,N,N,N,N,N,N,N,N,N,N,N,N,N,N,N,N,N,N,N,N,N,N,N,N,N,N
DPGM;BPGM,N,N,N,N,N,N,N,N,N,N,N,N,N,N,N,N,N,N,N,N,N,N,N,N,N,N,N,N,N,N,N,N
GAPDH;GAPD;HEL-S-162eP;G3PD,N,N,N,N,N,N,N,N,N,N,N,N,N,N,N,N,N,N,N,N,N,N,N,N,N,N,N,N,N,N,N,N
GAPDH-2;HSD-35;GAPDHS;HEL-S-278;GAPD2;GAPDS,N,N,N,N,N,N,N,N,N,N,N,N,N,N,N,N,N,N,N,N,N,N,N,N,N,N,N,N,N,N,N,N
TPID;HEL-S-49;TPI;TIM;TPI1,N,N,N,D,N,N,N,N,D,N,N,D,N,N,N,N,D,N,N,N,N,N,N,N,N,N,N,D,N,D,N,N
PFKL;PFK-L;PFK-B;ATP-PFK,A,A,A,A,N,N,A,N,N,N,A,N,N,N,N,N,N,A,N,A,A,N,N,A,A,N,N,N,A,N,A,N
PFKA;PPP1R122;PFK-A;PFKX;PFK-1;GSD7;PFK1;PFKM;ATP-PFK,A,A,A,A,N,N,A,N,N,N,A,N,N,N,N,N,N,A,N,A,A,N,N,A,A,N,N,N,A,N,A,N
PFK-P;PFKP;PFKF;PFK-C;ATP-PFK,A,A,A,A,N,N,A,N,N,N,A,N,N,N,N,N,N,A,N,A,A,N,N,A,A,N,N,N,A,N,A,N
FBP1;FBP,N,A,N,N,A,N,A,A,N,N,A,N,A,A,A,N,A,N,N,N,N,N,A,A,N,N,N,N,N,N,N,N
FBP2,N,A,N,N,A,N,A,A,N,N,A,N,A,A,A,N,A,N,N,N,N,N,A,A,N,N,N,N,N,N,N,N
PGI;AMF;PHI;GPI;GNPI;SA36;SA-36;NLK,N,N,N,N,N,N,N,N,N,N,N,N,N,N,N,N,N,N,N,N,N,N,N,N,N,N,N,N,N,N,N,N
GSD14;CDG1T;PGM1,N,N,N,N,N,N,N,N,N,N,N,N,N,N,N,N,N,N,N,N,N,N,N,N,N,N,N,N,N,N,N,N
MSTP006;PGM2,N,N,N,N,N,N,N,N,N,N,N,N,N,N,N,N,N,N,N,N,N,N,N,N,N,N,N,N,N,N,N,N
hexokinase;HK;HKD;HXK1;HMSNR;HK1;HKI;HK1-ta;HK1-tb;HK1-tc;RP79,N,N,N,N,A,N,N,N,A,N,N,N,N,N,N,N,A,N,N,N,N,N,N,N,A,A,N,N,N,N,A,A
HXK2;HKII;HK2,N,N,N,N,A,N,N,N,A,N,N,N,N,N,N,N,A,N,N,N,N,N,N,N,A,A,N,N,N,N,A,A
HXK3;HK3;HKIII,N,N,N,N,A,N,N,N,A,N,N,N,N,N,N,N,A,N,N,N,N,N,N,N,A,A,N,N,N,N,A,A
HKDC1,N,N,N,N,A,N,N,N,A,N,N,N,N,N,N,N,A,N,N,N,N,N,N,N,A,A,N,N,N,N,A,A
GK;HK4;HKIV;HHF3;HXKP;LGLK;FGQTL3;MODY2;GCK;GLK,N,N,N,N,A,N,N,N,A,N,N,N,N,N,N,N,A,N,N,N,N,N,N,N,A,A,N,N,N,N,A,A
GLAT;GALM;BLOCK25;HEL-S-63p;IBD1,N,N,N,N,N,N,N,N,N,N,N,N,N,N,N,N,N,N,N,N,N,N,N,N,N,N,N,N,N,N,N,N
GSD1a;GSD1;G6PT;G6Pase;G6PC;G6PC1,N,N,N,N,N,N,N,N,N,N,N,N,N,N,N,N,N,N,N,N,N,N,N,N,N,N,N,N,N,N,N,N
G6PC2;IGRP,N,N,N,N,N,N,N,N,N,N,N,N,N,N,N,N,N,N,N,N,N,N,N,N,N,N,N,N,N,N,N,N
SCN4;G6PC3;UGRP,N,N,N,N,N,N,N,N,N,N,N,N,N,N,N,N,N,N,N,N,N,N,N,N,N,N,N,N,N,N,N,N
DLDD;GCSL;DLDH;LAD;E3;PHE3;DLD,N,N,N,N,N,N,N,N,N,N,N,N,N,N,N,N,N,N,N,N,N,N,N,N,N,N,N,N,N,N,N,N
HEL-S-68p;PGKA;MIG10;PGK1,N,N,N,N,N,N,N,N,N,N,N,N,N,N,N,N,N,N,N,N,N,N,N,N,N,N,N,N,N,N,N,N
PGK2;HEL-S-272;PGKPS;PGKB;dJ417L20.2,N,N,N,N,N,N,N,N,N,N,N,N,N,N,N,N,N,N,N,N,N,N,N,N,N,N,N,N,N,N,N,N
PEPCKC;PCK1;PEPCK1;PEPCK-C,N,N,N,N,N,N,N,N,N,N,N,N,N,N,N,N,N,N,N,N,N,N,N,N,N,N,N,N,N,N,N,N
PEPCK-M;PEPCK;PCK2;PEPCK2,N,N,N,N,N,N,N,N,N,N,N,N,N,N,N,N,N,N,N,N,N,N,N,N,N,N,N,N,N,N,N,N
dJ1161H23.1;ACSS2;ACAS2;ACS;ACSA;ACECS,N,D,D,N,D,D,N,N,D,N,D,D,N,D,N,N,N,N,N,D,N,N,D,D,D,D,D,D,N,N,N,D
ACECS1;ACAS2L;AceCS2L;ACSS1,N,D,D,N,D,D,N,N,D,N,D,D,N,D,N,N,D,D,N,D,N,N,D,D,D,D,D,D,N,N,N,D
ADP-GK;2610017G09Rik;ADPGK,N,N,N,N,N,N,N,N,N,N,N,N,N,N,N,N,N,N,N,N,N,N,N,N,N,N,N,N,N,N,N,N
MINPP1;HIPER1;MIPP;MINPP2,A,A,A,A,N,N,A,A,A,N,N,A,N,N,A,N,A,N,N,N,N,N,N,N,A,A,A,N,N,N,A,N
