melA,N,A,A,A,N,N,N,N,A,N,A,A,N,A,N,N,A,N,N,N,N,N,N,N,N,A,N,A,N,N,A,N
pfkA,A,A,A,A,N,N,A,N,N,N,A,N,N,N,N,N,N,A,N,A,A,N,N,A,A,N,N,N,A,N,A,N
gaa,N,N,N,N,N,A,N,N,N,N,A,N,N,N,A,N,N,N,N,N,N,A,N,N,N,N,N,N,N,N,A,N
alrC,N,N,N,N,N,N,N,N,N,N,N,N,N,N,N,N,N,N,N,N,N,N,N,N,N,N,N,N,N,N,N,N
alrB,N,N,N,N,N,N,N,N,N,N,N,N,N,N,N,N,N,N,N,N,N,N,N,N,N,N,N,N,N,N,N,N
alrA,N,N,N,N,N,N,N,N,N,N,N,N,N,N,N,N,N,N,N,N,N,N,N,N,N,N,N,N,N,N,N,N
7,N,N,N,N,N,N,N,N,N,N,N,N,N,N,N,N,N,N,N,N,N,N,N,N,N,N,N,N,N,N,N,N
glb1,A,N,N,N,N,N,N,N,N,N,A,N,N,N,N,N,A,N,N,N,N,A,N,N,N,A,A,N,N,N,A,N
pgmB,N,N,N,N,N,N,N,N,N,N,N,N,N,N,N,N,N,N,N,N,N,N,N,N,N,N,N,N,N,N,N,N
pgmA,N,N,N,N,N,N,N,N,N,N,N,N,N,N,N,N,N,N,N,N,N,N,N,N,N,N,N,N,N,N,N,N
galE,N,N,N,N,A,N,N,N,N,N,A,N,N,N,N,N,N,N,N,A,N,N,N,N,N,A,N,N,N,N,N,N
ugpB,A,N,A,N,A,N,A,A,A,N,A,N,A,N,N,A,N,A,N,N,A,N,N,A,N,N,N,A,N,A,A,N
uppA,A,N,A,N,A,N,A,A,A,N,A,N,A,N,N,A,N,A,N,N,A,N,N,A,N,N,N,A,N,A,A,N
14,N,N,N,N,N,N,N,N,N,N,N,N,N,N,N,N,N,N,N,N,N,N,N,N,N,N,N,N,N,N,N,N
gtr3,A,N,N,N,N,N,N,N,A,N,A,N,N,A,N,N,N,A,N,A,N,N,A,N,N,A,N,N,N,N,A,N
