RCDP3;ADAS;AGPS;ADPS;ALDHPSY;ADHAPS;ADAP-S,A,N,A,N,A,N,N,N,A,N,A,N,N,N,N,N,N,N,N,N,N,N,N,N,N,N,N,N,N,N,N,N
PPAP2A;LPP1;PLPP1;PAP-2a;LLP1a;PAP2,B,B,N,N,B,B,N,N,N,N,B,B,N,N,N,N,N,B,B,N,N,N,N,B,N,B,N,N,N,N,B,N
PPAP2C;LPP2;PAP-2c;PLPP2;PAP2-g,B,B,N,N,B,B,N,N,N,N,B,B,N,N,N,N,N,B,B,N,N,N,N,B,N,B,N,N,N,N,B,N
PPAP2B;VCIP;Dri42;PLPP3;PAP2B;LPP3,B,B,N,N,B,B,N,N,N,N,B,B,N,N,N,N,N,B,B,N,N,N,N,B,N,B,N,N,N,N,B,N
CEPT1,A,A,A,N,A,A,N,N,A,N,A,N,A,N,A,N,A,A,N,A,A,N,A,A,A,A,A,N,A,A,A,N
CHPT1;CPT;CPT1,A,A,A,N,A,A,N,N,A,N,A,N,A,N,A,N,A,A,N,A,A,N,A,A,A,A,A,N,A,A,A,N
EPT1;SELENOI;SELI;SEPI,A,A,A,N,A,A,N,N,A,N,A,N,A,N,A,N,A,A,N,A,A,N,A,A,A,A,A,N,A,A,A,N
PAFAH;LIS1;LIS2;NudF;MDS;PAFAH1B1;MDCR,A,A,A,A,A,A,A,A,A,A,A,A,A,A,A,A,A,A,A,A,A,A,A,A,A,A,A,A,A,A,A,A
PAFAH1B2;HEL-S-303,N,N,N,N,N,N,N,N,N,N,N,N,N,N,N,N,N,N,N,N,N,N,N,N,N,N,N,N,N,N,N,N
PAFAH1B3;PAFAHG,N,N,N,N,N,N,N,N,N,N,N,N,N,N,N,N,N,N,N,N,N,N,N,N,N,N,N,N,N,N,N,N
PAFAH2;HSD-PLA2,N,N,N,N,N,N,N,N,N,N,N,N,N,N,N,N,N,N,N,N,N,N,N,N,N,N,N,N,N,N,N,N
PAFAH;PAFAD;LDL-PLA2;PLA2G7;LP-PLA2,N,N,N,N,N,N,N,N,N,N,N,N,N,N,N,N,N,N,N,N,N,N,N,N,N,N,N,N,N,N,N,N
PLA2G4B;HsT16992;cPLA2-beta,A,A,A,N,A,A,A,A,A,N,A,N,A,A,A,A,A,A,A,A,A,A,A,A,A,A,A,A,A,A,A,A
AdPLA;H-REV107;H-REV107-1;HRSL3;HREV107-1;HRASLS3;HREV107;HREV107-3;PLA2G16,A,N,N,N,N,N,A,N,A,N,N,A,N,N,N,N,N,N,N,N,A,N,N,N,N,N,N,N,N,N,A,N
PLA2G4E,A,A,A,N,A,N,N,A,A,N,A,N,A,A,A,A,A,A,A,N,A,A,A,A,A,N,A,A,N,A,A,A
PLB/LIP;PLB1;PLB,N,N,N,N,N,N,N,N,N,N,N,N,N,N,N,N,N,N,N,N,N,N,N,N,N,N,N,N,N,N,N,N
PLA2G4F;PLA2G4FZ,A,A,A,N,A,A,A,A,A,N,A,N,A,A,A,A,A,A,A,A,A,A,A,A,A,N,A,A,A,A,A,A
PLA2G2D;sPLA2S;PLA2IID;sPLA2-IID;SPLASH,N,N,N,N,N,N,N,N,N,N,N,N,N,N,N,N,N,N,N,N,N,N,N,N,N,N,N,N,N,N,N,N
PLA2G4D;cPLA2delta,A,A,A,N,A,A,N,A,A,N,A,N,A,A,A,A,A,A,A,A,A,A,A,A,A,A,A,A,A,A,A,A
PLA2G2E;GIIE_sPLA2;sPLA2-IIE,N,N,N,N,N,N,N,N,N,N,N,N,N,N,N,N,N,N,N,N,N,N,N,N,N,N,N,N,N,N,N,N
PLA2G2C,N,N,N,N,N,N,N,N,N,N,N,N,N,N,N,N,N,N,N,N,N,N,N,N,N,N,N,N,N,N,N,N
SPLA2III;GIII-SPLA2;PLA2G3;sPLA2-III,N,N,N,N,N,N,N,N,N,N,N,N,N,N,N,N,N,N,N,N,N,N,N,N,N,N,N,N,N,N,N,N
PLA2;PLA2G1B;PLA2A;PPLA2,N,N,N,N,N,N,N,N,N,N,N,N,N,N,N,N,N,N,N,N,N,N,N,N,N,N,N,N,N,N,N,N
PLA2L;PLA2S;MOM1;PLA2;PLA2G2A;sPLA2;PLA2B;PLAS1,N,N,N,N,N,N,N,N,N,N,N,N,N,N,N,N,N,N,N,N,N,N,N,N,N,N,N,N,N,N,N,N
cPLA2;cPLA2-alpha;PLA2G4A;PLA2G4,A,A,A,N,A,A,N,A,A,N,A,N,A,A,A,A,A,A,A,A,A,A,A,A,A,N,A,A,A,A,A,A
hVPLA(2);PLA2G5;FRFB;GV-PLA2;PLA2-10,N,N,N,N,N,N,N,N,N,N,N,N,N,N,N,N,N,N,N,N,N,N,N,N,N,N,N,N,N,N,N,N
PLA2G2F,N,N,N,N,N,N,N,N,N,N,N,N,N,N,N,N,N,N,N,N,N,N,N,N,N,N,N,N,N,N,N,N
PLA2G12;PLA2G12A;GXII;ROSSY,A,N,N,N,N,N,N,N,A,N,N,A,N,N,N,N,N,N,N,N,A,N,N,N,A,N,N,N,N,N,A,A
PLA2G6;PLA2;INAD1;iPLA2;CaI-PLA2;iPLA2beta;NBIA2B;GVI;PNPLA9;NBIA2A;NBIA2;PARK14;IPLA2-VIA,A,A,A,A,A,A,N,A,A,N,A,A,A,A,N,A,A,A,A,A,A,A,A,A,N,A,A,A,A,N,A,A
SPLA2;GXPLA2;sPLA2-X;GXSPLA2;PLA2G10,N,N,N,N,N,N,N,N,N,N,N,N,N,N,N,N,N,N,N,N,N,N,N,N,N,N,N,N,N,N,N,N
GXIIB;sPLA2-GXIIB;PLA2G13;FKSG71;PLA2G12B;GXIIIsPLA2,A,N,N,N,N,N,N,N,A,N,N,A,N,N,N,N,N,N,N,N,A,N,N,N,A,N,N,N,N,N,A,A
CPLA2-gamma;PLA2G4C,N,N,N,N,N,N,N,N,N,N,N,N,N,N,N,N,N,N,N,N,N,N,N,N,N,N,N,N,N,N,N,N
HsT16992;cPLA2-beta;JMJD7-PLA2G4B,A,A,A,N,A,A,A,A,A,N,A,N,A,A,A,A,A,A,A,A,A,A,A,A,A,A,A,A,A,A,A,A
AGPAT11;LPCAT2;AYTL1;LysoPAFAT,B,B,B,B,B,B,N,B,B,N,B,B,B,B,B,B,B,B,B,B,B,B,B,B,N,B,B,N,B,B,B,B
LPCAT-1;AYTL2;PFAAP3;AGPAT9;AGPAT10;lysoPAFAT;lpcat;LPCAT1,N,A,A,A,N,A,N,A,A,N,A,N,N,N,N,N,A,N,A,N,A,N,A,N,N,N,N,N,N,A,A,A
LPCAT4;AGPAT7;LPEAT2;AYTL3;LPAAT-eta,N,A,A,A,N,A,N,A,A,N,A,N,N,N,N,N,A,N,A,N,A,N,A,N,N,N,N,N,N,A,A,A
TMEM86B,N,N,N,N,N,N,N,N,N,N,N,N,N,N,N,N,N,N,N,N,N,N,N,N,N,N,N,N,N,N,N,N
PLD4;C14orf175,N,N,N,N,N,N,N,N,N,N,N,N,N,N,N,N,N,N,N,N,N,N,N,N,N,N,N,N,N,N,N,N
HUK4;AD19;HU-K4;PLD3,N,N,N,N,N,N,N,N,N,N,N,N,N,N,N,N,N,N,N,N,N,N,N,N,N,N,N,N,N,N,N,N
PLD1;CVDD,B,N,N,N,N,N,B,N,B,N,B,B,B,B,N,N,B,N,N,B,B,B,B,N,N,B,N,N,N,N,B,N
PLD1C;PLD2,B,N,N,N,N,N,B,N,B,N,B,B,B,B,N,N,B,N,N,B,B,B,B,N,N,B,N,N,N,N,B,N
PDNP2;LysoPLD;AUTOTAXIN;ATX-X;ENPP2;ATX;NPP2;PD-IALPHA,N,N,N,N,N,N,N,N,N,N,N,N,N,N,N,N,N,N,N,N,N,N,N,N,N,N,N,N,N,N,N,N
NPP6;ENPP6,N,N,N,N,N,N,N,N,N,N,N,N,N,N,N,N,N,N,N,N,N,N,N,N,N,N,N,N,N,N,N,N
UGT4;CGT;UGT8,N,A,N,N,N,N,N,N,A,N,A,A,N,N,N,N,N,N,N,A,N,N,N,N,N,N,N,N,N,N,A,A
CST;GAL3ST1,N,N,N,N,N,N,N,N,N,N,N,N,N,N,N,N,N,N,N,N,N,N,N,N,N,N,N,N,N,N,N,N
