1,N,N,A,A,N,N,N,N,A,N,A,N,N,A,A,N,N,N,N,N,A,N,N,N,N,N,N,N,N,N,A,A
2,N,N,A,A,N,N,N,N,A,N,A,N,N,A,A,N,N,N,N,N,A,N,N,N,N,N,N,N,N,N,A,A
3,N,N,A,A,N,N,N,N,A,N,A,N,N,A,A,N,N,N,N,N,A,N,N,N,N,N,N,N,N,N,A,A
4,N,N,A,A,N,N,N,N,A,N,A,N,N,A,A,N,N,N,N,N,A,N,N,N,N,N,N,N,N,N,A,A
5,N,N,A,A,N,N,N,N,A,N,A,N,N,A,A,N,N,N,N,N,A,N,N,N,N,N,N,N,N,N,A,A
6,N,N,A,A,N,N,N,N,A,N,A,N,N,A,A,N,N,N,N,N,A,N,N,N,N,N,N,N,N,N,A,A
7,N,N,A,A,N,N,N,N,A,N,A,N,N,A,A,N,N,N,N,N,A,N,N,N,N,N,N,N,N,N,A,A
8,N,N,N,N,N,N,N,N,N,N,N,N,N,N,N,N,N,N,N,N,N,N,N,N,N,N,N,N,N,N,N,N
KCR1,B,B,B,B,B,B,B,N,B,N,B,B,B,B,N,N,B,N,B,B,B,B,B,B,B,B,B,B,N,N,B,B
CER10,A,N,A,A,A,N,N,N,A,N,A,N,N,A,N,A,A,N,A,N,A,N,N,A,N,A,A,A,N,N,N,A
HCD1,B,N,B,N,N,N,B,N,B,N,B,N,N,N,B,N,B,B,B,N,B,N,B,N,N,B,N,B,B,N,B,B
PAS2,A,A,A,A,A,A,A,A,A,N,A,A,A,A,N,A,A,A,A,N,A,A,A,A,N,A,A,N,N,A,A,A
13,A,A,A,A,A,A,A,A,A,N,A,A,A,A,N,A,A,A,A,N,A,A,A,A,N,A,A,N,N,A,A,A
14,N,N,A,N,N,N,N,N,N,N,A,N,N,N,N,N,A,N,N,N,A,N,N,N,A,N,N,N,N,N,N,N
15,N,N,A,N,N,N,N,N,N,N,A,N,N,N,N,N,A,N,N,N,A,N,N,N,A,N,N,N,N,N,N,N
KCS1,N,N,N,N,N,N,N,N,N,N,N,N,N,N,N,N,N,N,N,N,N,N,N,N,N,N,N,N,N,N,N,N
KCS2,N,N,N,N,N,N,N,N,N,N,N,N,N,N,N,N,N,N,N,N,N,N,N,N,N,N,N,N,N,N,N,N
KCS3,N,N,N,N,N,N,N,N,N,N,N,N,N,N,N,N,N,N,N,N,N,N,N,N,N,N,N,N,N,N,N,N
KCS4,N,N,N,N,N,N,N,N,N,N,N,N,N,N,N,N,N,N,N,N,N,N,N,N,N,N,N,N,N,N,N,N
KCS5,N,N,N,N,N,N,N,N,N,N,N,N,N,N,N,N,N,N,N,N,N,N,N,N,N,N,N,N,N,N,N,N
KCS6,N,N,N,N,N,N,N,N,N,N,N,N,N,N,N,N,N,N,N,N,N,N,N,N,N,N,N,N,N,N,N,N
KCS7,N,N,N,N,N,N,N,N,N,N,N,N,N,N,N,N,N,N,N,N,N,N,N,N,N,N,N,N,N,N,N,N
KCS8,N,N,N,N,N,N,N,N,N,N,N,N,N,N,N,N,N,N,N,N,N,N,N,N,N,N,N,N,N,N,N,N
KCS9,N,N,N,N,N,N,N,N,N,N,N,N,N,N,N,N,N,N,N,N,N,N,N,N,N,N,N,N,N,N,N,N
KCS10,N,N,N,N,N,N,N,N,N,N,N,N,N,N,N,N,N,N,N,N,N,N,N,N,N,N,N,N,N,N,N,N
KCS11,N,N,N,N,N,N,N,N,N,N,N,N,N,N,N,N,N,N,N,N,N,N,N,N,N,N,N,N,N,N,N,N
KCS12,N,N,N,N,N,N,N,N,N,N,N,N,N,N,N,N,N,N,N,N,N,N,N,N,N,N,N,N,N,N,N,N
KCS13,N,N,N,N,N,N,N,N,N,N,N,N,N,N,N,N,N,N,N,N,N,N,N,N,N,N,N,N,N,N,N,N
KCS14,N,N,N,N,N,N,N,N,N,N,N,N,N,N,N,N,N,N,N,N,N,N,N,N,N,N,N,N,N,N,N,N
KCS15,N,N,N,N,N,N,N,N,N,N,N,N,N,N,N,N,N,N,N,N,N,N,N,N,N,N,N,N,N,N,N,N
KCS16,N,N,N,N,N,N,N,N,N,N,N,N,N,N,N,N,N,N,N,N,N,N,N,N,N,N,N,N,N,N,N,N
KCS17,N,N,N,N,N,N,N,N,N,N,N,N,N,N,N,N,N,N,N,N,N,N,N,N,N,N,N,N,N,N,N,N
KCS18,N,N,N,N,N,N,N,N,N,N,N,N,N,N,N,N,N,N,N,N,N,N,N,N,N,N,N,N,N,N,N,N
KCS19,N,N,N,N,N,N,N,N,N,N,N,N,N,N,N,N,N,N,N,N,N,N,N,N,N,N,N,N,N,N,N,N
KCS20,N,N,N,N,N,N,N,N,N,N,N,N,N,N,N,N,N,N,N,N,N,N,N,N,N,N,N,N,N,N,N,N
KCS21,N,N,N,N,N,N,N,N,N,N,N,N,N,N,N,N,N,N,N,N,N,N,N,N,N,N,N,N,N,N,N,N
