WNT16,N,N,N,N,N,N,N,N,N,N,N,N,N,N,N,N,N,N,N,N,N,N,N,N,N,N,N,N,N,N,N,N
WNT-4;WNT4;SERKAL,N,N,N,N,N,N,N,N,N,N,N,N,N,N,N,N,N,N,N,N,N,N,N,N,N,N,N,N,N,N,N,N
INT1;OI15;WNT1;BMND16,N,N,N,N,N,N,N,N,N,N,N,N,N,N,N,N,N,N,N,N,N,N,N,N,N,N,N,N,N,N,N,N
INT1L1;IRP;WNT2,N,N,N,N,N,N,N,N,N,N,N,N,N,N,N,N,N,N,N,N,N,N,N,N,N,N,N,N,N,N,N,N
TETAMS;WNT3;INT4,N,N,N,N,N,N,N,N,N,N,N,N,N,N,N,N,N,N,N,N,N,N,N,N,N,N,N,N,N,N,N,N
WNT5A;hWNT5A,N,N,N,N,N,N,N,N,N,N,N,N,N,N,N,N,N,N,N,N,N,N,N,N,N,N,N,N,N,N,N,N
WNT6,N,N,N,N,N,N,N,N,N,N,N,N,N,N,N,N,N,N,N,N,N,N,N,N,N,N,N,N,N,N,N,N
WNT7A,N,N,N,N,N,N,N,N,N,N,N,N,N,N,N,N,N,N,N,N,N,N,N,N,N,N,N,N,N,N,N,N
WNT7B,N,N,N,N,N,N,N,N,N,N,N,N,N,N,N,N,N,N,N,N,N,N,N,N,N,N,N,N,N,N,N,N
WNT8A;WNT8D,N,N,N,N,N,N,N,N,N,N,N,N,N,N,N,N,N,N,N,N,N,N,N,N,N,N,N,N,N,N,N,N
WNT8B,N,N,N,N,N,N,N,N,N,N,N,N,N,N,N,N,N,N,N,N,N,N,N,N,N,N,N,N,N,N,N,N
WNT-12;STHAG8;SHFM6;WNT10B,N,N,N,N,N,N,N,N,N,N,N,N,N,N,N,N,N,N,N,N,N,N,N,N,N,N,N,N,N,N,N,N
WNT11;HWNT11,N,N,N,N,N,N,N,N,N,N,N,N,N,N,N,N,N,N,N,N,N,N,N,N,N,N,N,N,N,N,N,N
WNT2B;WNT13,N,N,N,N,N,N,N,N,N,N,N,N,N,N,N,N,N,N,N,N,N,N,N,N,N,N,N,N,N,N,N,N
WNT14;WNT9A,N,N,N,N,N,N,N,N,N,N,N,N,N,N,N,N,N,N,N,N,N,N,N,N,N,N,N,N,N,N,N,N
WNT9B;WNT15;WNT14B,N,N,N,N,N,N,N,N,N,N,N,N,N,N,N,N,N,N,N,N,N,N,N,N,N,N,N,N,N,N,N,N
WNT10A;STHAG4;SSPS;OODD,N,N,N,N,N,N,N,N,N,N,N,N,N,N,N,N,N,N,N,N,N,N,N,N,N,N,N,N,N,N,N,N
WNT5B,N,N,N,N,N,N,N,N,N,N,N,N,N,N,N,N,N,N,N,N,N,N,N,N,N,N,N,N,N,N,N,N
WNT3A,N,N,N,N,N,N,N,N,N,N,N,N,N,N,N,N,N,N,N,N,N,N,N,N,N,N,N,N,N,N,N,N
APCL;APC2,A,N,A,N,N,N,N,A,A,N,A,N,A,N,N,N,N,N,N,N,A,A,N,A,N,N,A,N,N,A,A,A
PPP1R46;APC;GS;DP3;BTPS2;DP2.5;DP2,A,A,A,N,A,A,N,A,A,N,A,A,A,A,A,A,A,A,A,A,A,A,A,A,A,A,A,A,A,A,A,A
AXIN;AXIN1;PPP1R49,N,N,N,N,N,N,N,N,N,N,N,N,N,N,N,N,N,N,N,N,N,N,N,N,N,N,N,N,N,N,N,N
AXIL;AXIN2;ODCRCS,N,N,N,N,N,N,N,N,N,N,N,N,N,N,N,N,N,N,N,N,N,N,N,N,N,N,N,N,N,N,N,N
DRS2;DVL;DVL1P1;DVL1L1;DVL1,A,A,A,N,N,N,N,A,N,N,N,N,N,N,N,A,A,N,N,N,A,N,N,N,N,N,N,N,N,N,A,N
DVL2,A,A,A,N,N,N,N,A,N,N,A,N,A,A,A,A,A,N,N,N,A,A,A,N,N,N,N,N,N,N,A,A
DRS3;DVL3,A,A,A,N,N,N,N,A,N,N,A,N,A,A,A,A,A,N,N,N,A,A,A,N,N,N,N,N,N,N,A,A
FzE7;FZD10;Fz10;FZ-10;CD350;hFz10,N,N,N,N,N,N,N,N,N,N,N,N,N,N,N,N,N,N,N,N,N,N,N,N,N,N,N,N,N,N,N,N
Fz2;fzE2;fz-2;FZD2;hFz2,N,N,N,N,N,N,N,N,N,N,N,N,N,N,N,N,N,N,N,N,N,N,N,N,N,N,N,N,N,N,N,N
FZD5;HFZ5;C2orf31,N,N,N,N,N,N,N,N,N,N,N,N,N,N,N,N,N,N,N,N,N,N,N,N,N,N,N,N,N,N,N,N
FZD3;Fz-3,N,N,N,N,N,N,N,N,N,N,N,N,N,N,N,N,N,N,N,N,N,N,N,N,N,N,N,N,N,N,N,N
FZD1,N,N,N,N,N,N,N,N,N,N,N,N,N,N,N,N,N,N,N,N,N,N,N,N,N,N,N,N,N,N,N,N
GPCR;FZD4S;FEVR;FZD4;FzE4;Fz-4;hFz4;EVR1;Fz4;CD344,N,N,N,N,N,N,N,N,N,N,N,N,N,N,N,N,N,N,N,N,N,N,N,N,N,N,N,N,N,N,N,N
NDNC10;FZ-6;FZ6;FZD6;HFZ6,N,N,N,N,N,N,N,N,N,N,N,N,N,N,N,N,N,N,N,N,N,N,N,N,N,N,N,N,N,N,N,N
FzE3;FZD7,N,N,N,N,N,N,N,N,N,N,N,N,N,N,N,N,N,N,N,N,N,N,N,N,N,N,N,N,N,N,N,N
FZ-8;FZD8;hFZ8,N,N,N,N,N,N,N,N,N,N,N,N,N,N,N,N,N,N,N,N,N,N,N,N,N,N,N,N,N,N,N,N
FZD3;FZD9;CD349,N,N,N,N,N,N,N,N,N,N,N,N,N,N,N,N,N,N,N,N,N,N,N,N,N,N,N,N,N,N,N,N
EVR7;armadillo;CTNNB;CTNNB1;MRD19,A,A,A,A,A,A,A,A,A,N,A,A,A,A,A,A,A,A,A,A,A,A,A,A,A,A,A,A,A,A,A,A
GSK3B,D,D,D,D,D,D,D,D,D,D,D,D,D,D,D,D,D,D,D,D,D,D,D,D,D,D,D,D,D,D,D,D
IDDM20;LFB1;HNF-1A;MODY3;HNF1;TCF-1;HNF1A;TCF1,N,N,N,N,N,N,N,N,N,N,N,N,N,N,N,N,N,N,N,N,N,N,N,N,N,N,N,N,N,N,N,N
CDF;MLPLI;HILDA;DIA;LIF,N,N,N,N,N,N,N,N,N,N,N,N,N,N,N,N,N,N,N,N,N,N,N,N,N,N,N,N,N,N,N,N
IL-6RB;CD130;GP130;IL6ST;CDW130,N,N,N,N,N,N,N,N,N,N,N,N,N,N,N,N,N,N,N,N,N,N,N,N,N,N,N,N,N,N,N,N
LIFR;SJS2;STWS;CD118;SWS;LIF-R,N,N,N,N,N,N,N,N,N,N,N,N,N,N,N,N,N,N,N,N,N,N,N,N,N,N,N,N,N,N,N,N
JAK1A;JTK3;JAK1;JAK1B,B,B,B,B,B,B,B,B,B,N,B,B,B,B,B,B,B,B,B,B,B,B,B,B,B,B,B,B,B,B,B,B
JTK10;JAK2;THCYT3,B,B,B,B,B,B,B,B,B,N,B,B,B,B,B,B,B,B,B,B,B,B,B,B,B,B,B,B,B,B,B,B
L-JAK;JAK3_HUMAN;JAK-3;LJAK;JAK3;JAKL,B,B,B,B,B,B,B,B,B,B,B,B,B,B,B,B,B,B,B,B,B,B,B,B,B,B,B,B,B,B,B,B
HIES;STAT3;APRF;ADMIO;ADMIO1,N,N,N,N,N,N,N,N,N,N,N,N,N,N,N,N,N,N,N,N,N,N,N,N,N,N,N,N,N,N,N,N
EZF;GKLF;KLF4,N,N,N,N,N,N,N,N,N,N,N,N,N,N,N,N,N,N,N,N,N,N,N,N,N,N,N,N,N,N,N,N
MCM;PI3K-alpha;PI3K;MCMTC;CLOVE;PIK3CA;CWS5;p110-alpha;MCAP,A,A,A,A,A,A,A,A,A,N,A,A,A,A,A,A,A,A,A,A,A,A,A,A,A,A,A,A,A,A,A,A
PI3K;PIK3C1;PIK3CB;PI3KBETA;P110BETA,A,A,A,A,A,A,A,A,A,A,A,A,A,A,A,A,A,A,A,A,A,A,A,A,A,A,A,A,A,A,A,A
PI3K;IMD14;p110D;P110DELTA;APDS;PIK3CD,A,A,A,A,A,A,A,A,A,N,A,A,A,A,A,A,A,A,A,A,A,A,A,A,A,A,A,A,A,A,A,A
PIK3R1;GRB1;AGM7;p85-ALPHA;p85;IMD36,A,A,A,N,N,N,N,A,A,N,A,A,A,A,A,A,N,N,A,A,A,A,A,A,A,A,A,A,A,A,A,A
PIK3R2;MPPH;P85B;p85-BETA;MPPH1;p85,N,N,N,N,N,N,N,N,N,N,N,N,N,N,N,N,N,N,N,N,N,N,N,N,N,N,N,N,N,N,N,N
PIK3R3;p55;p55PIK;p55-GAMMA,N,N,N,N,N,N,N,N,N,N,N,N,N,N,N,N,N,N,N,N,N,N,N,N,N,N,N,N,N,N,N,N
PKB-GAMMA;MPPH;RAC-gamma;AKT3;RAC-PK-gamma;STK-2;PKBG;PRKBG;MPPH2,B,B,B,B,B,B,B,B,B,B,B,B,B,B,B,B,B,B,B,B,B,B,B,B,B,B,B,B,B,B,B,B
AKT1;PKB;PRKBA;RAC-ALPHA;AKT;CWS6;RAC;PKB-ALPHA,B,B,B,B,B,B,B,B,B,B,B,B,B,B,B,B,B,B,B,B,B,B,B,B,B,B,B,B,B,B,B,B
PKBB;PKBBETA;HIHGHH;AKT2;RAC-BETA;PRKBB,B,B,B,B,B,B,B,B,B,B,B,B,B,B,B,B,B,B,B,B,B,B,B,B,B,B,B,B,B,B,B,B
TBX3;TBX3-ISO;UMS;XHL,N,N,N,N,N,N,N,N,N,N,N,N,N,N,N,N,N,N,N,N,N,N,N,N,N,N,N,N,N,N,N,N
EGFRBP-GRB2;MST084;GRB2;ASH;Grb3-3;MSTP084;NCKAP2,A,A,A,N,A,N,N,N,A,N,A,N,A,A,A,N,A,N,A,A,A,A,A,A,A,A,A,A,A,A,A,A
EDF;FRP;INHBA,N,N,N,N,N,N,N,N,N,N,N,N,N,N,N,N,N,N,N,N,N,N,N,N,N,N,N,N,N,N,N,N
INHBB,N,N,N,N,N,N,N,N,N,N,N,N,N,N,N,N,N,N,N,N,N,N,N,N,N,N,N,N,N,N,N,N
IHBC;INHBC,N,N,N,N,N,N,N,N,N,N,N,N,N,N,N,N,N,N,N,N,N,N,N,N,N,N,N,N,N,N,N,N
INHBE,N,N,N,N,N,N,N,N,N,N,N,N,N,N,N,N,N,N,N,N,N,N,N,N,N,N,N,N,N,N,N,N
ACVRLK7;ALK7;ACVR1C,B,B,B,B,B,B,B,B,B,B,B,B,B,B,B,B,B,B,B,B,B,B,B,B,B,B,B,B,B,B,B,B
ACVR1B;ACVRLK4;ACTRIB;SKR2;ALK4,B,B,B,B,B,B,B,B,B,B,B,B,B,B,B,B,B,B,B,B,B,B,B,B,B,B,B,B,B,B,B,B
ACVR2;ACVR2A;ACTRII,D,D,D,D,D,D,D,D,D,D,D,D,D,D,D,D,D,D,D,D,D,D,D,D,D,D,D,D,D,D,D,D
HTX4;ACTRIIB;ActR-IIB;ACVR2B,D,D,D,D,D,D,D,D,D,D,D,D,D,D,D,D,D,D,D,D,D,D,D,D,D,D,D,D,D,D,D,D
JV18-1;JV18;hSMAD2;SMAD2;MADR2;MADH2;hMAD-2,N,N,N,N,N,N,N,N,N,N,N,N,N,N,N,N,N,N,N,N,N,N,N,N,N,N,N,N,N,N,N,N
LDS3;LDS1C;JV15-2;MADH3;SMAD3;HSPC193;HsT17436,N,N,N,N,N,N,N,N,N,N,N,N,N,N,N,N,N,N,N,N,N,N,N,N,N,N,N,N,N,N,N,N
ZYME;BMP2B1;BMP4;MCOPS6;BMP2B;OFC11,N,N,N,N,N,N,N,N,N,N,N,N,N,N,N,N,N,N,N,N,N,N,N,N,N,N,N,N,N,N,N,N
CD292;SKR5;ALK3;BMPR1A;ACVRLK3;10q23del,B,B,B,B,B,B,B,B,B,B,B,B,B,B,B,B,B,B,B,B,B,B,B,B,B,B,B,B,B,B,B,B
BDA1D;ALK-6;CDw293;AMDD;ALK6;BDA2;BMPR1B,D,D,D,D,D,D,D,D,D,D,D,D,D,D,D,D,D,D,D,D,D,D,D,D,D,D,D,D,D,D,D,D
BMPR2;PPH1;BMPR3;T-ALK;BRK-3;POVD1;BMR2;BMPR-II,B,B,B,B,B,B,B,B,B,B,B,B,B,B,B,B,B,B,B,B,B,B,B,B,B,B,B,B,B,B,B,B
FOP;ALK2;ACTRI;TSRI;ACVR1A;ACVRLK2;ACVR1;SKR1,B,B,B,B,B,B,B,B,B,B,B,B,B,B,B,B,B,B,B,B,B,B,B,B,B,B,B,B,B,B,B,B
p41;PRKM1;MAPK1;ERT1;P42MAPK;ERK-2;ERK2;MAPK2;p38;p41mapk;PRKM2;ERK;p42-MAPK;p40,D,D,D,D,D,D,D,D,D,D,D,D,D,D,D,D,D,D,D,D,D,D,D,D,D,D,D,D,D,D,D,D
ERT2;ERK1;p44-MAPK;HUMKER1A;P44ERK1;MAPK3;ERK-1;PRKM3;P44MAPK;p44-ERK1;HS44KDAP,D,D,D,D,D,D,D,D,D,D,D,D,D,D,D,D,D,D,D,D,D,D,D,D,D,D,D,D,D,D,D,D
NANOG,A,A,A,N,A,N,N,A,A,N,A,N,N,N,N,N,A,N,A,N,A,N,N,A,A,A,N,A,A,A,A,A
OCT4;Oct-3;OTF4;Oct-4;OTF3;POU5F1;OCT3;OTF-3,A,A,A,N,N,N,N,N,A,N,A,N,N,N,N,N,N,N,A,N,A,N,N,A,A,A,N,A,A,A,A,A
POU5F1P4;OCT4-PG1;POU5F1P1;OCT4PG1;POU5FLC8;POU5F1B;POU5FLC20;OTF3C;OTF3P1,A,A,A,N,N,N,N,N,A,N,A,N,N,N,N,N,N,N,A,N,A,N,N,A,A,A,N,A,A,A,A,A
ANOP3;MCOPS3;SOX2,A,A,A,N,N,N,N,A,A,N,A,A,A,A,A,A,A,A,A,A,A,A,A,A,A,A,A,A,A,A,A,A
RASH1;CTLO;HAMSV;HRAS;p21ras;C-HA-RAS1;HRAS1;C-BAS/HAS;H-RASIDX;C-H-RAS,C,C,C,C,C,C,C,C,C,C,C,C,C,C,C,C,C,C,C,C,C,C,C,C,C,C,C,C,C,C,C,C
K-RAS4A;K-RAS2B;KI-RAS;KRAS;KRAS1;K-RAS4B;c-Ki-ras2;NS3;KRAS2;NS;K-Ras;RALD;K-RAS2A;CFC2;C-K-RAS;RASK2,C,C,C,C,C,C,C,C,C,C,C,C,C,C,C,C,C,C,C,C,C,C,C,C,C,C,C,C,C,C,C,C
CMNS;NCMS;NS6;ALPS4;NRAS1;N-ras;NRAS,C,C,C,C,C,C,C,C,C,C,C,C,C,C,C,C,C,C,C,C,C,C,C,C,C,C,C,C,C,C,C,C
NS5;CRAF;Raf-1;CMD1NN;c-Raf;RAF1,B,B,B,B,B,B,B,B,B,N,B,B,B,B,B,B,B,B,B,B,B,B,B,B,B,B,B,B,B,B,B,B
MAPKK1;MAP2K1;PRKMK1;MKK1;CFC3;MEK1,D,D,D,D,D,D,D,D,D,N,D,D,D,D,D,D,D,D,D,D,D,D,D,D,D,D,D,D,D,D,D,D
PRKMK2;MKK2;CFC4;MEK2;MAP2K2;MAPKK2,D,D,D,D,D,D,D,D,D,N,D,D,D,D,D,D,D,D,D,D,D,D,D,D,D,D,D,D,D,D,D,D
FGFB;BFGF;FGF2;FGF-2;HBGF-2,N,N,N,N,N,N,N,N,N,N,N,N,N,N,N,N,N,N,N,N,N,N,N,N,N,N,N,N,N,N,N,N
HRTFDS;ECCL;FLT2;CEK;KAL2;BFGFR;N-SAM;OGD;FGFR1;FLG;HH2;FGFR-1;bFGF-R-1;CD331;HBGFR;FLT-2;FGFBR,B,B,B,B,B,B,B,B,B,N,B,B,B,B,B,B,B,B,B,B,B,B,B,B,B,B,B,B,B,B,B,B
FGFR3;CEK2;CD333;JTK4;HSFGFR3EX;ACH,B,B,B,B,B,B,B,B,B,N,B,B,B,B,B,B,B,B,B,B,B,B,B,B,B,B,B,B,B,B,B,B
FGFR2;CEK3;K-SAM;CD332;BFR-1;BBDS;ECT1;JWS;KGFR;TK14;TK25;BEK;CFD1,B,B,B,B,B,B,B,B,B,N,B,B,B,B,B,B,B,B,B,B,B,B,B,B,B,B,B,B,B,B,B,B
TKF;CD334;FGFR4;JTK2,B,B,B,B,B,B,B,B,B,N,B,B,B,B,B,B,B,B,B,B,B,B,B,B,B,B,B,B,B,B,B,B
IGF1;IGF-I;IGFI;MGF,N,N,N,N,N,N,N,N,N,N,N,N,N,N,N,N,N,N,N,N,N,N,N,N,N,N,N,N,N,N,N,N
JTK13;CD221;IGFIR;IGFR;IGF1R,B,B,B,B,B,B,B,B,B,N,B,B,B,B,B,B,B,B,B,B,B,B,B,B,B,B,B,B,B,B,B,B
MADR1;BSP-1;BSP1;SMAD1;MADH1;JV4-1;JV41,N,N,N,N,N,N,N,N,N,N,N,N,N,N,N,N,N,N,N,N,N,N,N,N,N,N,N,N,N,N,N,N
DWFC;SMAD5;MADH5;JV5-1,N,N,N,N,N,N,N,N,N,N,N,N,N,N,N,N,N,N,N,N,N,N,N,N,N,N,N,N,N,N,N,N
MADH9;SMAD8/9;MADH6;SMAD9;PPH2;SMAD8B;SMAD8A;SMAD8,N,N,N,N,N,N,N,N,N,N,N,N,N,N,N,N,N,N,N,N,N,N,N,N,N,N,N,N,N,N,N,N
EXIP;SAPK2A;CSPB1;PRKM15;Mxi2;CSBP;PRKM14;p38;p38ALPHA;CSBP2;MAPK14;RK;CSBP1,D,D,D,D,D,D,D,D,D,D,D,D,D,D,D,D,D,D,D,D,D,D,D,D,D,D,D,D,D,D,D,D
MAPK11;P38B;SAPK2B;p38Beta;p38-2;SAPK2;PRKM11;P38BETA2,D,D,D,D,D,D,D,D,D,D,D,D,D,D,D,D,D,D,D,D,D,D,D,D,D,D,D,D,D,D,D,D
SAPK4;MAPK13;MAPK_13;p38delta;MAPK-13;PRKM13,D,D,D,D,D,D,D,D,D,D,D,D,D,D,D,D,D,D,D,D,D,D,D,D,D,D,D,D,D,D,D,D
ERK6;MAPK12;SAPK3;MAPK_12;PRKM12;ERK-6;ERK3;SAPK-3;P38GAMMA,D,D,D,D,D,D,D,D,D,D,D,D,D,D,D,D,D,D,D,D,D,D,D,D,D,D,D,D,D,D,D,D
SMAD4;MADH4;MYHRS;DPC4;JIP,N,N,N,N,N,N,N,N,N,N,N,N,N,N,N,N,N,N,N,N,N,N,N,N,N,N,N,N,N,N,N,N
MYC;MYCC;bHLHe39;MRTL;c-Myc,N,N,N,N,N,N,N,N,N,N,N,N,N,N,N,N,N,N,N,N,N,N,N,N,N,N,N,N,N,N,N,N
bHLHb24;ID1;ID,N,N,N,N,N,N,N,N,N,N,N,N,N,N,N,N,N,N,N,N,N,N,N,N,N,N,N,N,N,N,N,N
GIG8;ID2;ID2H;bHLHb26;ID2A,N,N,N,N,N,N,N,N,N,N,N,N,N,N,N,N,N,N,N,N,N,N,N,N,N,N,N,N,N,N,N,N
bHLHb25;ID3;HEIR-1,N,N,N,N,N,N,N,N,N,N,N,N,N,N,N,N,N,N,N,N,N,N,N,N,N,N,N,N,N,N,N,N
IDB4;bHLHb27;ID4,N,N,N,N,N,N,N,N,N,N,N,N,N,N,N,N,N,N,N,N,N,N,N,N,N,N,N,N,N,N,N,N
CPHD5;RPX;ANF;HESX1,A,A,A,N,A,N,N,A,A,N,A,N,N,N,N,N,A,N,A,N,A,N,N,A,A,A,N,A,A,A,A,A
VACTERLX;ZNF203;ZIC3;HTX;HTX1,N,N,N,N,N,N,N,N,N,N,N,N,N,N,N,N,N,N,N,N,N,N,N,N,N,N,N,N,N,N,N,N
NR3B2;DFNB35;ERRb;ERR2;ESRRB;ESRL2,N,N,N,N,N,N,N,N,N,N,N,N,N,N,N,N,N,N,N,N,N,N,N,N,N,N,N,N,N,N,N,N
TCF3;VDIR;AGM8;E2A;E47;bHLHb21;ITF1;TCF-3,N,N,N,N,N,N,N,N,N,N,N,N,N,N,N,N,N,N,N,N,N,N,N,N,N,N,N,N,N,N,N,N
EBAF;TGFB4;LEFTYA;LEFTY2;LEFTA,N,N,N,N,N,N,N,N,N,N,N,N,N,N,N,N,N,N,N,N,N,N,N,N,N,N,N,N,N,N,N,N
SnoI;SKIL;SnoA;SNO;SnoN,N,N,N,N,N,N,N,N,N,N,N,N,N,N,N,N,N,N,N,N,N,N,N,N,N,N,N,N,N,N,N,N
HEL1;ADERM;SMARCAD1;BASNS;ETL1,D,D,D,D,D,D,D,D,D,N,D,D,D,D,D,D,D,D,D,D,D,D,D,D,D,D,D,D,D,D,D,D
MRD32;ZC2HC6A;KAT6A;MYST3;MOZ;ZNF220;MYST-3;RUNXBP2,A,A,A,A,A,N,A,A,A,N,A,A,A,A,A,A,A,A,A,A,A,A,A,A,A,A,A,A,N,A,A,A
KMT1E;KG1T;ESET;TDRD21;H3-K9-HMTase4;SETDB1,B,N,B,B,N,B,B,B,B,N,B,B,B,B,B,B,N,N,B,B,B,B,B,B,N,B,N,B,B,N,B,N
JARID2;JMJ,A,N,A,N,N,A,A,A,A,N,A,A,N,A,A,N,A,A,A,A,N,A,A,N,N,A,N,A,N,N,A,A
NRSF;XBR;WT6;REST;GINGF5;HGF5,N,N,N,N,N,N,N,N,N,N,N,N,N,N,N,N,N,N,N,N,N,N,N,N,N,N,N,N,N,N,N,N
RIF1,N,A,A,A,N,N,N,N,A,N,A,N,A,A,N,N,A,N,A,N,A,A,N,A,N,N,N,N,A,N,A,N
ASGD5;D11S812E;AN2;FVH1;AN;WAGR;MGDA;PAX6,A,A,A,N,N,N,N,N,A,N,A,N,N,N,N,N,N,N,A,N,A,N,N,A,A,A,N,A,A,A,A,A
MEIS1,A,A,A,N,N,A,A,A,A,N,N,A,N,A,N,N,N,A,A,A,A,A,A,A,A,A,A,A,A,N,A,A
HOX2I;Hox-2.9;HOXB1;HCFP3;HOX2,A,A,A,N,A,A,A,A,A,N,A,A,A,A,A,A,A,A,A,A,A,A,A,A,A,A,A,A,A,A,A,A
LHX5,A,A,A,N,N,N,N,N,A,N,A,A,N,A,A,N,N,N,A,N,A,A,A,A,A,A,A,A,A,A,A,A
OTX1,A,A,A,N,N,N,N,N,A,N,A,N,N,N,N,N,N,N,A,N,A,N,N,A,A,A,N,A,A,A,A,A
ngn1;bHLHa6;Math4C;NEUROG1;AKA;NEUROD3,N,N,N,N,N,N,N,N,N,N,N,N,N,N,N,N,N,N,N,N,N,N,N,N,N,N,N,N,N,N,N,N
Thing1;HAND1;bHLHa27;eHand;Hxt,N,N,N,N,N,N,N,N,N,N,N,N,N,N,N,N,N,N,N,N,N,N,N,N,N,N,N,N,N,N,N,N
DLX5;SHFM1D,A,A,A,N,A,A,A,A,A,N,A,A,A,A,A,A,A,A,A,A,A,A,A,A,A,A,A,A,A,A,A,A
bHLHc2;MYF5,N,N,N,N,N,N,N,N,N,N,N,N,N,N,N,N,N,N,N,N,N,N,N,N,N,N,N,N,N,N,N,N
HNF6;HNF-6;HNF6A;ONECUT1,A,N,N,N,A,N,N,A,N,N,N,N,N,N,N,N,A,N,N,N,N,N,N,N,N,A,N,N,N,N,A,N
Isl-1;ISL1;ISLET1,A,A,A,N,N,N,N,N,A,N,A,A,N,A,A,N,N,N,A,N,A,A,A,A,A,A,A,A,A,A,A,A
ZFHX3;ATBF1;ZNF927;ATBT,A,A,A,N,N,N,N,N,A,N,A,N,N,N,N,N,N,N,A,N,A,N,N,A,A,A,N,A,A,A,A,A
ESXR1;ESX1;ESX1L,A,A,A,N,A,A,A,A,A,N,A,A,A,A,A,A,A,A,A,A,A,A,A,A,A,A,A,A,A,A,A,A
MKP-4;DUSP9;MKP4,D,D,D,N,D,D,D,D,D,N,D,D,D,D,D,D,D,D,D,D,D,D,D,D,D,D,N,D,N,D,D,D
COMMD3-BMI1,A,N,A,N,A,A,N,A,A,N,N,N,N,A,A,N,A,A,A,A,A,A,A,A,A,A,A,A,A,N,A,N
DONG1;PCGF3;RNF3A;RNF3,A,N,A,N,A,A,N,A,A,N,N,N,N,A,A,N,A,A,A,A,A,A,A,A,A,A,A,A,A,N,A,N
RNF51;BMI1;PCGF4;flvi-2/bmi-1;FLVI2/BMI1,A,N,A,N,A,A,N,A,A,N,N,N,N,A,A,N,A,A,A,A,A,A,A,A,A,A,A,A,A,N,A,N
RNF110;PCGF2;MEL-18;ZNF144,A,N,A,N,A,A,N,A,A,N,N,N,N,A,A,N,A,A,A,A,A,A,A,A,A,A,A,A,A,N,A,N
RNF134;MBLR;PCGF6,A,N,A,N,A,A,N,A,A,N,N,N,N,A,A,N,A,A,A,A,A,A,A,A,A,A,A,A,A,N,A,N
RNF159;PCGF5,A,N,A,N,A,A,N,A,A,N,N,N,N,A,A,N,A,A,A,A,A,A,A,A,A,A,A,A,A,N,A,N
NSPC1;RNF3A-2;2010002K04Rik;PCGF1;RNF68,A,N,A,N,A,A,N,A,A,N,N,N,N,A,A,N,A,A,A,A,A,A,A,A,A,A,A,A,A,N,A,N
HTX5;NODAL,N,N,N,N,N,N,N,N,N,N,N,N,N,N,N,N,N,N,N,N,N,N,N,N,N,N,N,N,N,N,N,N
