ATLIG4,N,N,N,N,N,N,N,N,A,N,A,N,A,N,N,N,N,N,N,N,N,A,N,N,N,A,N,N,N,N,N,A
Pol{lambda},N,N,N,N,N,N,N,N,N,N,N,N,N,N,N,N,N,N,N,N,N,N,N,N,N,N,N,N,N,N,N,N
MRE11,N,N,N,N,N,N,N,N,N,N,N,N,N,N,N,N,N,N,N,N,N,N,N,N,N,N,N,N,N,N,N,N
RAD50,N,N,D,D,N,N,N,N,N,N,N,N,N,N,N,N,D,N,D,N,N,N,N,N,N,N,N,N,N,N,D,N
KU80,A,A,A,N,A,N,A,A,A,N,A,A,N,A,A,N,A,A,A,A,A,N,A,A,A,A,N,A,A,A,A,A
XRCC4,N,N,N,N,N,N,N,N,N,N,N,N,N,N,N,N,N,N,N,N,N,N,N,N,N,N,N,N,N,N,N,N
KU70,A,A,A,N,A,N,A,A,A,N,A,A,N,A,N,N,N,A,A,A,A,N,A,A,A,A,N,A,A,A,A,N
8,N,N,C,C,C,N,N,C,C,N,C,C,C,C,N,N,C,N,C,C,N,N,C,N,C,C,N,C,N,N,C,N
