TR3;TR-BETA;TRXR2;SELZ;TXNRD2;TR,N,N,N,N,N,N,N,N,N,N,N,N,N,N,N,N,N,N,N,N,N,N,N,N,N,N,N,N,N,N,N,N
TGR;TR2;TRXR3;TXNRD3,N,N,N,N,N,N,N,N,N,N,N,N,N,N,N,N,N,N,N,N,N,N,N,N,N,N,N,N,N,N,N,N
GRIM-12;TR1;TXNR;TXNRD1;TRXR1;TR,N,N,N,N,N,N,N,N,N,N,N,N,N,N,N,N,N,N,N,N,N,N,N,N,N,N,N,N,N,N,N,N
SPS2;SEPHS2,N,N,N,N,N,N,N,N,N,N,N,N,N,N,N,N,N,N,N,N,N,N,N,N,N,N,N,N,N,N,N,N
SEPHS1;SPS1;SELD;SPS,N,N,N,N,N,N,N,N,N,N,N,N,N,N,N,N,N,N,N,N,N,N,N,N,N,N,N,N,N,N,N,N
ILLD;SPG70;ILFS2;METRS;MARS;MRS;MTRNS;CMT2U,N,N,N,N,N,N,N,N,N,N,N,N,N,N,N,N,N,N,N,N,N,N,N,N,N,N,N,N,N,N,N,N
mtMetRS;COXPD25;MetRS;MARS2,N,N,N,N,N,N,N,N,N,N,N,N,N,N,N,N,N,N,N,N,N,N,N,N,N,N,N,N,N,N,N,N
KATIII;KYAT3;KAT3;CCBL2,D,N,D,D,D,N,N,D,D,N,D,D,D,D,D,D,D,D,D,D,D,D,D,D,N,N,N,D,D,N,D,D
KATI;CCBL1;GTK;KYAT1;KAT1,D,N,D,D,D,N,N,D,D,N,D,D,D,D,D,D,D,D,D,D,D,D,D,D,N,N,N,D,D,N,D,D
PSTK;C10orf89,B,B,N,N,N,N,N,B,N,N,N,B,N,N,N,N,N,N,N,N,N,N,B,N,N,B,N,N,N,N,B,B
PCH2D;SLA;SEPSECS;LP;SLA/LP,A,A,A,N,N,A,N,A,N,N,A,N,A,N,A,N,A,A,N,N,N,N,A,N,N,A,N,N,N,N,A,N
CTH,N,N,N,N,N,N,N,N,N,N,N,N,N,N,N,N,N,N,N,N,N,N,N,N,N,N,N,N,N,N,N,N
hSCL;SCL;SCLY,N,N,N,N,N,N,N,N,N,N,N,N,N,N,N,N,N,N,N,N,N,N,N,N,N,N,N,N,N,N,N,N
PAPSS2;SK2;ATPSK2;BCYM4,N,A,A,N,N,N,N,N,A,N,N,N,N,N,A,N,N,N,N,N,N,N,N,N,N,N,N,N,A,N,A,N
PAPSS1;ATPSK1;SK1;PAPSS,N,A,A,N,N,N,N,N,A,N,N,N,N,N,A,N,N,N,N,N,N,N,N,N,N,N,N,N,A,N,A,N
MTR;cblG;HMAG;MS,N,N,N,N,N,N,N,N,N,N,N,N,N,N,N,N,N,N,N,N,N,N,N,N,N,N,N,N,N,N,N,N
INMT;TEMT,N,N,N,N,N,N,N,N,N,N,N,N,N,N,N,N,N,N,N,N,N,N,N,N,N,N,N,N,N,N,N,N
