ERS-24;SEC22L1;SEC22B,A,A,A,N,N,N,A,A,A,N,A,A,A,A,A,N,N,N,A,A,A,A,N,N,N,A,A,N,N,A,A,A
STX18;Ufe1,N,A,A,N,N,A,A,A,N,N,A,N,N,N,N,A,N,N,N,A,N,N,A,N,N,A,N,N,N,N,A,N
VAMP3;CEB,A,A,A,N,N,N,A,A,A,N,A,A,A,A,A,N,N,A,A,A,A,A,N,N,N,A,A,A,N,A,A,A
CTB-61M7.2;FcalphaRI;CD89;FCAR,N,N,N,N,N,N,N,N,N,N,N,N,N,N,N,N,N,N,N,N,N,N,N,N,N,N,N,N,N,N,N,N
FCGR1A;CD64A;CD64;IGFR1;FCRI,N,N,N,N,N,N,N,N,N,N,N,N,N,N,N,N,N,N,N,N,N,N,N,N,N,N,N,N,N,N,N,N
IGFR2;FCGR2;CDw32;CD32;FCGR2A1;CD32A;FcGR;FCG2;FCGR2A,N,N,N,N,N,N,N,N,N,N,N,N,N,N,N,N,N,N,N,N,N,N,N,N,N,N,N,N,N,N,N,N
IGFR2;CD32B;FCGR2;FCGR2B;CD32;FCG2,N,N,N,N,N,N,N,N,N,N,N,N,N,N,N,N,N,N,N,N,N,N,N,N,N,N,N,N,N,N,N,N
FCGR3;FCRIII;FCGR3A;IGFR3;FCRIIIA;FCR-10;FCGRIII;IMD20;CD16A;CD16;FCG3,N,N,N,N,N,N,N,N,N,N,N,N,N,N,N,N,N,N,N,N,N,N,N,N,N,N,N,N,N,N,N,N
FCGR3;FCRIII;FCRIIIb;CD16b;FCGR3B;FCR-10;CD16;FCG3,N,N,N,N,N,N,N,N,N,N,N,N,N,N,N,N,N,N,N,N,N,N,N,N,N,N,N,N,N,N,N,N
IGFR2;FCGR2C;CDW32;CD32C;CD32;FCRIIC;FCG2,N,N,N,N,N,N,N,N,N,N,N,N,N,N,N,N,N,N,N,N,N,N,N,N,N,N,N,N,N,N,N,N
C1R;EDSPD1,N,A,A,A,A,N,A,A,A,N,A,A,N,A,N,A,A,A,N,A,A,A,A,A,N,A,N,N,N,N,A,A
CR3A;MO1A;ITGAM;MAC1A;CD11B;MAC-1;SLEB6,N,N,N,N,N,N,N,N,N,N,A,N,N,N,N,N,N,N,N,A,A,N,A,A,N,A,A,N,N,N,A,N
LCAMB;LAD;LFA-1;CD18;MF17;MFI7;MAC-1;ITGB2,A,A,N,A,N,A,N,N,A,N,A,A,A,A,N,N,N,N,N,N,A,A,N,N,N,A,N,N,N,A,A,A
CD51;VTNR;ITGAV;MSK8;VNRA,N,N,N,N,N,N,N,N,N,N,N,N,N,N,N,N,N,N,N,N,N,N,N,N,N,N,N,N,N,N,N,N
GPIIIa;ITGB3;CD61;BDPLT16;GT;BDPLT2;GP3A,A,A,N,A,N,A,N,N,A,N,A,A,A,A,N,N,N,N,N,N,A,A,N,N,N,A,N,N,N,A,A,A
FNRB;VLAB;ITGB1;MSK12;MDF2;GPIIA;VLA-BETA;CD29,A,A,N,A,N,A,N,N,A,N,A,A,A,A,N,N,N,N,N,N,A,A,N,N,N,A,N,N,N,A,A,A
CLEC13C;PLA2R;PLA2G1R;PLA2-R;PLA2IR;PLA2R1,N,N,N,N,N,N,N,N,N,N,N,N,N,N,N,N,N,N,N,N,N,N,N,N,N,N,N,N,N,N,N,N
CD206;MMR;MRC1L1;bA541I19.1;MRC1;hMR;CLEC13DL;CLEC13D,N,A,N,N,N,N,N,A,N,N,A,A,N,A,N,N,A,N,N,N,A,A,A,N,N,A,N,N,N,N,A,A
CLEC13E;UPARAP;CD280;MRC2;ENDO180,N,N,N,N,N,N,N,N,N,N,N,N,N,N,N,N,N,N,N,N,N,N,N,N,N,N,N,N,N,N,N,N
CD204;SR-A;SCARA1;SR-AIII;phSR2;SR-AII;phSR1;SRA;SR-AI;MSR1,A,A,N,N,N,N,N,A,N,N,A,A,N,A,N,N,A,N,N,A,A,A,A,A,N,A,A,N,N,N,A,A
ITGB5,A,A,N,A,N,A,N,N,A,N,A,A,A,A,N,N,N,N,N,N,A,A,N,N,N,A,N,N,N,A,A,A
GPIa;CD49B;BR;VLA-2;ITGA2;VLAA2;HPA-5,N,N,N,N,N,N,N,N,N,N,A,N,N,N,N,N,N,N,N,A,A,N,A,A,N,A,A,N,N,N,A,N
FNRA;CD49e;ITGA5;VLA-5;VLA5A,N,N,N,N,N,N,N,N,N,N,N,N,N,N,N,N,N,N,N,N,N,N,N,N,N,N,N,N,N,N,N,N
PS1TP5BP1;BRWS1;ACTB,D,D,D,D,D,D,D,D,D,N,D,D,D,D,D,D,D,D,D,D,D,D,D,D,N,D,D,D,D,D,D,D
ACT;ACTG;DFNA20;ACTG1;DFNA26;HEL-176,D,D,D,D,D,D,D,D,D,N,D,D,D,D,D,D,D,D,D,D,D,D,D,D,N,D,D,D,D,D,D,D
PIK3C3;VPS34;hVps34,A,A,A,A,A,A,A,A,A,A,A,A,A,A,A,A,A,A,A,A,A,A,A,A,A,A,A,A,A,A,A,A
MST105;ZFYVE2;EEA1;MSTP105,C,C,C,C,C,C,C,C,C,N,C,C,C,C,N,C,C,C,C,C,C,C,C,C,C,C,C,C,C,C,C,C
RAB5;RAB5A,C,C,C,C,C,C,C,C,C,C,C,C,C,C,C,C,C,C,C,C,C,C,C,C,C,C,C,C,C,C,C,C
RAB5B,C,C,C,C,C,C,C,C,C,C,C,C,C,C,C,C,C,C,C,C,C,C,C,C,C,C,C,C,C,C,C,C
RAB5L;RAB5C;L1880;RAB5CL;RABL,C,C,C,C,C,C,C,C,C,C,C,C,C,C,C,C,C,C,C,C,C,C,C,C,C,C,C,C,C,C,C,C
RAB7B;RAB7,C,C,C,C,C,C,C,C,C,C,C,C,C,C,C,C,C,C,C,C,C,C,C,C,C,C,C,C,C,C,C,C
PRO2706;RAB7;RAB7A,C,C,C,C,C,C,C,C,C,C,C,C,C,C,C,C,C,C,C,C,C,C,C,C,C,C,C,C,C,C,C,C
NOX2;CYBB;GP91PHOX;AMCBX2;GP91-PHOX;CGD;p91-PHOX;IMD34;GP91-1,A,A,N,N,N,A,A,A,A,N,A,A,N,A,N,N,A,N,A,N,A,N,A,A,N,N,N,A,N,N,A,N
RILP;PP10141,N,N,N,N,N,N,N,N,N,N,N,N,N,N,N,N,N,N,N,N,N,N,N,N,N,N,N,N,N,N,N,N
CYBA;p22-PHOX,N,N,N,N,N,N,N,N,N,N,N,N,N,N,N,N,N,N,N,N,N,N,N,N,N,N,N,N,N,N,N,N
P40PHOX;NCF;NCF4;CGD3;SH3PXD4,A,A,A,N,A,N,N,N,A,N,A,N,A,A,A,N,A,N,A,A,A,A,A,A,A,A,A,A,A,A,A,A
p47phox;SH3PXD1A;NCF1A;NCF1;NOXO2,A,A,A,N,A,N,N,N,A,N,A,N,A,A,A,N,A,N,A,A,A,A,A,A,A,A,A,A,A,A,A,A
P67PHOX;NCF-2;NOXA2;NCF2;P67-PHOX,A,A,A,N,A,N,N,N,A,N,A,N,A,A,A,N,N,N,A,A,A,A,A,A,A,A,A,A,A,A,A,A
RAC1;Rac-1;p21-Rac1;TC-25;MIG5,C,C,C,C,C,C,C,C,C,C,C,C,C,C,C,C,C,C,C,C,C,C,C,C,C,C,C,C,C,C,C,C
HL-3;CMT2O;DYHC;p22;DHC1;DHC1a;DNCH1;DNCL;DNECL;SMALED1;DYNC1H1;Dnchc1,N,A,A,A,A,N,N,A,N,N,A,A,A,A,A,A,A,A,A,N,A,A,A,A,N,A,N,N,A,A,A,A
DNCIC1;DYNC1I1;DNCI1,A,N,A,N,A,A,A,A,A,N,A,N,A,A,A,A,A,N,N,N,N,A,A,N,A,N,A,A,N,N,A,N
IC2;DIC74;DYNC1I2;DNCI2,A,N,A,N,A,A,A,A,A,N,A,N,A,A,A,A,A,N,N,N,N,A,A,N,A,N,A,A,N,N,A,N
LIC2;DYNC1LI2;DNCLI2,N,N,N,N,N,N,N,N,N,N,N,N,N,N,N,N,N,N,N,N,N,N,N,N,N,N,N,N,N,N,N,N
DNCLI1;DYNC1LI1;DLC-A;LIC1,N,N,N,N,N,N,N,N,N,N,N,N,N,N,N,N,N,N,N,N,N,N,N,N,N,N,N,N,N,N,N,N
hdhc11;DYH1B;DHC2;DHC1b;SRPS2B;DNCH2;DYNC2H1;SRTD3;ATD3,N,A,A,A,A,N,N,A,N,N,A,A,A,A,A,A,A,A,A,N,A,A,A,A,N,A,N,N,A,A,A,A
K-ALPHA-1;TUBA1B,C,C,C,C,C,C,C,C,C,C,C,C,C,C,C,C,C,C,C,C,C,C,C,C,C,C,C,C,C,C,C,C
TUBA3E,C,C,C,C,C,C,C,C,C,C,C,C,C,C,C,C,C,C,C,C,C,C,C,C,C,C,C,C,C,C,C,C
H2-ALPHA;TUBA3D,C,C,C,C,C,C,C,C,C,C,C,C,C,C,C,C,C,C,C,C,C,C,C,C,C,C,C,C,C,C,C,C
TUBA8;TUBAL2;CDCBM8,C,C,C,C,C,C,C,C,C,C,C,C,C,C,C,C,C,C,C,C,C,C,C,C,C,C,C,C,C,C,C,C
TUBA4A;ALS22;TUBA1;H2-ALPHA,C,C,C,C,C,C,C,C,C,C,C,C,C,C,C,C,C,C,C,C,C,C,C,C,C,C,C,C,C,C,C,C
TUBA3C;TUBA2;bA408E5.3,C,C,C,C,C,C,C,C,C,C,C,C,C,C,C,C,C,C,C,C,C,C,C,C,C,C,C,C,C,C,C,C
B-ALPHA-1;TUBA1A;LIS3;TUBA3,C,C,C,C,C,C,C,C,C,C,C,C,C,C,C,C,C,C,C,C,C,C,C,C,C,C,C,C,C,C,C,C
TUBAL3,C,C,C,C,C,C,C,C,C,C,C,C,C,C,C,C,C,C,C,C,C,C,C,C,C,C,C,C,C,C,C,C
TUBA1C;bcm948;TUBA6,C,C,C,C,C,C,C,C,C,C,C,C,C,C,C,C,C,C,C,C,C,C,C,C,C,C,C,C,C,C,C,C
TUBB3;FEOM3;CDCBM;CFEOM3;beta-4;CDCBM1;TUBB4;CFEOM3A,C,C,C,C,C,C,C,C,C,C,C,C,C,C,C,C,C,C,C,C,C,C,C,C,C,C,C,C,C,C,C,C
TUBB4A;TUBB4;DYT4;beta-5,C,C,C,C,C,C,C,C,C,C,C,C,C,C,C,C,C,C,C,C,C,C,C,C,C,C,C,C,C,C,C,C
TUBB2C;Beta2;TUBB2;TUBB4B,C,C,C,C,C,C,C,C,C,C,C,C,C,C,C,C,C,C,C,C,C,C,C,C,C,C,C,C,C,C,C,C
CSCSC1;M40;CDCBM6;TUBB;TUBB5;TUBB1;OK/SW-cl.56,C,C,C,C,C,C,C,C,C,C,C,C,C,C,C,C,C,C,C,C,C,C,C,C,C,C,C,C,C,C,C,C
OOMD2;OOMD;bA631M21.2;TUBB8,C,C,C,C,C,C,C,C,C,C,C,C,C,C,C,C,C,C,C,C,C,C,C,C,C,C,C,C,C,C,C,C
CDCBM7;bA506K6.1;TUBB2B;PMGYSA,C,C,C,C,C,C,C,C,C,C,C,C,C,C,C,C,C,C,C,C,C,C,C,C,C,C,C,C,C,C,C,C
CDCBM5;TUBB2A;TUBB2;TUBB,C,C,C,C,C,C,C,C,C,C,C,C,C,C,C,C,C,C,C,C,C,C,C,C,C,C,C,C,C,C,C,C
TUBB1,C,C,C,C,C,C,C,C,C,C,C,C,C,C,C,C,C,C,C,C,C,C,C,C,C,C,C,C,C,C,C,C
HsT1601;TUBB-5;TUBB6,C,C,C,C,C,C,C,C,C,C,C,C,C,C,C,C,C,C,C,C,C,C,C,C,C,C,C,C,C,C,C,C
HGS;HRS,C,C,C,C,C,C,C,C,C,N,C,C,C,C,C,C,C,C,C,C,C,C,C,C,C,C,C,C,C,C,C,C
CD-M6PR;MPR_46;CD-MPR;MPR-46;M6PR;MPR46;SMPR,N,N,N,N,N,N,N,N,N,N,N,N,N,N,N,N,N,N,N,N,N,N,N,N,N,N,N,N,N,N,N,N
ATP6V0A3;ATP6N1C;a3;OC116;TCIRG1;Stv1;OPTB1;Vph1;TIRC7;Atp6i;OC-116kDa,N,D,D,D,D,D,D,D,D,N,D,D,D,D,D,N,D,N,D,D,D,N,D,N,D,D,N,N,N,D,D,D
Vma10;ATP6V1G3;ATP6G3,A,A,N,A,N,N,N,A,A,N,A,A,N,N,A,A,A,N,A,N,N,A,A,N,N,A,N,N,N,N,A,N
ATP6V0E2L;C7orf32;ATP6V0E2,N,N,N,N,A,A,N,N,A,N,N,N,N,N,N,N,A,N,N,N,N,N,N,N,N,N,N,A,N,N,A,A
VPH1;TJ6M;STV1;RTF;TJ6;A2;WSS;ATP6A2;ATP6N1D;ATP6V0A2;TJ6S;ARCL;ARCL2A;J6B7,N,D,D,D,D,D,D,D,D,N,D,D,D,D,D,N,D,N,D,D,D,N,D,N,D,D,N,N,N,D,D,D
ATP6V0D2;ATP6D2;VMA6,A,A,A,N,N,N,N,A,A,N,N,A,N,N,A,N,A,N,N,N,A,N,A,A,N,A,A,N,N,A,A,A
ATP6C2;ATP6V1C2;VMA5,A,A,A,N,A,N,N,N,A,N,A,A,A,A,A,A,A,A,A,N,N,A,N,A,N,A,N,A,N,A,A,A
VPH1;VPP2;ATP6N2;STV1;RDRTA2;ATP6V0A4;A4;RTA1C;ATP6N1B;RTADR,N,D,D,D,D,D,D,D,D,N,D,D,D,D,D,N,D,N,D,D,D,N,D,N,D,D,N,N,N,D,D,D
ATP6V1D;ATP6M;VMA8;VATD,N,N,N,N,N,N,N,N,N,N,N,N,N,N,N,N,N,N,N,N,N,N,N,N,N,N,N,N,N,N,N,N
ATP6V1H;MSTP042;VMA13;SFDalpha;SFD;SFDbeta;NBP1;CGI-11,A,A,A,A,A,A,A,N,N,N,A,N,A,A,A,A,A,A,N,N,A,A,A,N,A,A,N,A,A,A,A,A
Vma1;HO68;ATP6V1A;VA68;ATP6A1;ARCL2D;ATP6V1A1;VPP2,N,N,N,N,N,N,N,N,N,N,N,N,N,N,N,N,N,N,N,N,N,N,N,N,N,N,N,N,N,N,N,N
ATP6V1B1;VPP3;ATP6B1;VMA2;VATB;RTA1B,N,N,N,N,N,N,N,N,N,N,N,N,N,N,N,N,N,N,N,N,N,N,N,N,N,N,N,N,N,N,N,N
ZLS2;VPP3;DOOD;ATP6B1B2;ATP6V1B2;HO57;VATB;Vma2;ATP6B2,N,N,N,N,N,N,N,N,N,N,N,N,N,N,N,N,N,N,N,N,N,N,N,N,N,N,N,N,N,N,N,N
ATP6L;ATP6V0C;ATPL;VPPC;VATL;Vma3;ATP6C,D,D,N,D,D,D,D,D,D,N,D,D,D,D,D,D,D,D,D,N,D,D,N,N,D,N,D,D,N,N,D,D
ATP6D;VATC;Vma5;ATP6V1C1;ATP6C,A,A,A,N,A,N,N,N,A,N,A,A,A,A,A,A,A,A,A,N,N,A,N,A,N,A,N,A,N,A,A,A
ATP6E;Vma4;P31;ARCL2C;ATP6V1E;ATP6V1E1;ATP6E2,N,D,N,N,N,D,D,N,D,N,N,N,N,N,N,N,D,N,N,N,D,N,N,D,N,N,N,N,N,N,N,N
ATP6F;HATPL;VMA16;ATP6V0B,D,D,N,D,D,D,D,D,D,N,D,D,D,D,D,D,D,D,D,N,D,D,N,N,D,N,D,D,N,N,D,D
ATP6G;ATP6V1G2;ATP6G2;VMA10;NG38,A,A,N,A,N,N,N,A,A,N,A,A,N,N,A,A,A,N,A,N,N,A,A,N,N,A,N,N,N,N,A,N
VPP1;Stv1;Vph1;ATP6N1A;a1;ATP6V0A1;ATP6N1,N,D,D,D,D,D,D,D,D,N,D,D,D,D,D,N,D,N,D,D,D,N,D,N,D,D,N,N,N,D,D,D
ATP6S1;VATPS1;ATP6IP1;XAP-3;Ac45;CF2;ATP6AP1;16A;XAP3,N,N,N,N,N,N,N,N,N,N,N,N,N,N,N,N,N,N,N,N,N,N,N,N,N,N,N,N,N,N,N,N
Vma21;ATP6H;Vma21p;M9.2;ATP6V0E;ATP6V0E1,N,N,N,N,A,A,N,N,A,N,N,N,N,N,N,N,A,N,N,N,N,N,N,N,N,N,N,A,N,N,A,A
ATP6E1;VMA4;ATP6V1EL2;ATP6V1E2;ATP6EL2,N,D,N,N,N,D,D,N,D,N,N,N,N,N,N,N,D,N,N,N,D,N,N,D,N,N,N,N,N,N,N,N
ATP6DV;VMA6;ATP6D;ATP6V0D1;P39;VPATPD;VATX,A,A,A,N,N,N,N,A,A,N,N,A,N,N,A,N,A,N,N,N,A,N,A,A,N,A,A,N,N,A,A,A
VATF;ATP6V1F;ATP6S14;Vma7,N,C,N,C,N,N,N,C,C,N,C,N,N,N,C,N,C,N,C,N,C,C,C,C,N,C,C,C,N,C,C,C
Vma10;ATP6G;ATP6J;ATP6V1G1;ATP6G1;ATP6GL,A,A,N,A,N,N,N,A,A,N,A,A,N,N,A,A,A,N,A,N,N,A,A,N,N,A,N,N,N,N,A,N
LAMP1;LAMPA;LGP120;CD107a,N,N,N,N,N,N,N,N,N,N,N,N,N,N,N,N,N,N,N,N,N,N,N,N,N,N,N,N,N,N,N,N
LGP-96;LAMP-2;LAMP2;LAMPB;CD107b;LGP110,N,N,N,N,N,N,N,N,N,N,N,N,N,N,N,N,N,N,N,N,N,N,N,N,N,N,N,N,N,N,N,N
MPO,N,N,N,N,N,N,N,A,N,N,A,N,N,N,N,N,N,A,N,N,N,N,N,N,N,A,N,N,N,N,N,N
PIKFYVE;FAB1;PIP5K;PIP5K3;ZFYVE29;CFD;HEL37,D,D,D,D,D,D,D,D,D,D,D,D,D,D,D,D,D,D,D,D,D,D,D,D,D,D,D,D,D,D,D,D
STX13;STX12;STX14,N,A,A,N,A,A,A,A,A,N,A,A,A,N,A,A,N,N,A,N,A,N,N,A,N,N,N,A,N,A,N,A
STX7,N,A,A,N,A,A,A,A,A,N,A,A,A,N,A,A,N,N,A,N,A,N,N,A,N,N,N,A,N,A,N,A
FAT;GPIV;CHDS7;PASIV;GP3B;BDPLT10;SCARB3;GP4;CD36,N,N,N,N,N,N,N,N,N,N,N,N,N,N,N,N,N,N,N,N,N,N,N,N,N,N,N,N,N,N,N,N
SCARA2;SR-A6;MARCO,A,A,A,N,N,N,A,A,A,N,A,A,N,A,N,A,A,N,N,A,A,A,A,A,A,A,A,N,N,A,A,A
LOXIN;CLEC8A;LOX1;SLOX1;SCARE1;OLR1,N,N,N,N,N,N,N,N,N,N,N,N,N,N,N,N,N,N,N,N,N,N,N,N,N,N,N,N,N,N,N,N
CD14,N,N,N,N,N,N,N,N,N,N,N,N,N,N,N,N,N,N,N,N,N,N,N,N,N,N,N,N,N,N,N,N
TIL4;CD282;TLR2,N,N,N,N,N,N,N,N,N,N,N,N,N,N,N,N,N,N,N,N,N,N,N,N,N,N,N,N,N,N,N,N
TLR6;CD286,N,N,N,N,N,N,N,N,N,N,N,N,N,N,N,N,N,N,N,N,N,N,N,N,N,N,N,N,N,N,N,N
TLR-4;TLR4;ARMD10;CD284;TOLL,N,A,N,A,A,N,N,A,A,N,A,N,N,N,N,N,N,A,N,N,A,A,A,A,N,N,N,A,N,N,N,N
NOS;NC-NOS;NOS1;bNOS;nNOS;N-NOS;IHPS1,A,A,A,N,A,N,N,A,N,N,A,N,A,A,A,N,A,A,N,N,N,A,N,N,N,N,N,N,A,N,A,N
SCARB1;CLA-1;HDLQTL6;SR-BI;CLA1;CD36L1;SRB1,N,N,N,N,N,N,N,N,N,N,N,N,N,N,N,N,N,N,N,N,N,N,N,N,N,N,N,N,N,N,N,N
IGHV4-30;IGHV4;IgA;IGVH;IgT;IGVH4-39;IGHV4-b;IGVH4-b;ighv;IGH;IGH@;IGVH4b,N,N,N,N,N,N,N,N,N,N,N,N,N,N,N,N,N,N,N,N,N,N,N,N,N,N,N,N,N,N,N,N
C3;C3a;AHUS5;HEL-S-62p;ASP;CPAMD1;C3b;ARMD9,N,N,N,N,N,N,N,N,N,N,N,N,N,N,N,N,N,N,N,N,N,N,N,N,N,N,N,N,N,N,N,N
COMP;THBS5;EDM1;MED;EPD1;TSP5;PSACH,N,A,N,A,N,N,N,N,A,N,N,N,N,A,N,A,N,A,N,N,A,A,A,A,N,A,N,N,N,N,A,A
THBS;TSP-1;THBS1;TSP1;TSP;THBS-1,N,A,A,N,N,N,N,N,N,N,A,N,N,A,N,A,N,N,N,N,A,A,N,N,N,A,N,N,N,N,A,A
TSP2;THBS2,N,A,A,N,N,N,N,N,N,N,A,N,N,A,N,A,N,N,N,N,A,A,N,N,N,A,N,N,N,N,A,A
TSP3;THBS3,N,A,N,A,N,N,N,N,A,N,N,N,N,A,N,A,N,A,N,N,A,A,A,A,N,A,N,N,N,N,A,A
THBS4;TSP4;TSP-4,N,A,N,A,N,N,N,A,A,N,A,A,N,A,N,A,A,A,N,N,A,A,A,A,N,A,N,N,N,N,A,A
HSMBPC;MBL2D;MBL2;COLEC1;MBP1;MBP-C;MBPD;MBL;MBP,N,N,N,N,N,N,N,N,N,N,N,N,N,N,N,N,N,N,N,N,N,N,N,N,N,N,N,N,N,N,N,N
PSP-D;SP-D;SFTP4;COLEC7;SFTPD,N,N,A,N,N,N,A,N,N,N,A,N,N,A,N,N,N,N,N,A,A,N,A,A,N,A,A,N,N,N,A,N
SPA1;PSPA;PSAP;SFTPA1B;SP-A;SFTPA1;SP-A1;SPA;COLEC4;SFTP1;PSP-A,N,N,N,N,N,N,N,N,N,N,A,N,N,N,N,N,N,N,N,A,A,N,A,A,N,A,A,N,N,N,A,N
SPAII;PSPA;PSAP;SFTPA2;SPA2;SP-2A;SP-A;SFTPA2B;COLEC5;PSP-A;SFTP1,N,N,N,N,N,N,N,N,N,N,A,N,N,N,N,N,N,N,N,A,A,N,A,A,N,A,A,N,N,N,A,N
COLEC11;CL-K1-IIa;CL-K1-I;3MC2;CLK1;CL-K1-IIb;CL-K1-II,N,N,N,N,N,N,N,N,N,N,A,N,N,N,N,N,N,N,N,A,A,N,A,A,N,A,A,N,N,N,A,N
COLEC12;SRCL;NSR2;CLP1;SCARA4,N,N,A,N,N,N,A,N,A,N,A,A,N,A,N,A,N,N,N,A,A,A,A,A,A,A,A,N,N,A,A,N
SEC61B,A,A,N,N,A,N,N,N,A,N,A,A,N,N,N,A,N,N,A,N,A,N,N,A,A,N,N,N,N,N,N,N
SEC61G;SSS1,N,N,N,N,N,N,N,N,N,N,N,N,N,N,N,N,N,N,N,N,N,N,N,N,N,N,N,N,N,N,N,N
SEC61;HNFJ4;HSEC61;SEC61A1;SEC61A,N,N,N,N,N,N,N,N,A,N,A,N,A,N,N,N,A,A,N,N,N,N,N,N,N,N,N,A,N,N,N,N
SEC61A2,N,N,N,N,N,N,N,N,A,N,A,N,A,N,N,N,A,A,N,N,N,N,N,N,N,N,N,A,N,N,N,N
CRT;SSA;cC1qR;RO;CALR;HEL-S-99n,A,A,A,N,A,N,A,A,A,N,A,A,A,A,N,A,A,A,A,A,A,A,A,A,A,A,A,A,A,A,A,A
CANX;CNX;IP90;P90,A,A,A,N,A,N,A,A,A,N,A,A,A,A,N,A,A,A,A,A,A,A,A,A,A,A,A,A,A,A,A,A
D6S222E;HLA-DMA;HLADM;DMA;RING6,N,N,N,N,N,N,N,N,N,N,N,N,N,N,N,N,N,N,N,N,N,N,N,N,N,N,N,N,N,N,N,N
RING7;D6S221E;HLA-DMB,N,N,N,N,N,N,N,N,N,N,N,N,N,N,N,N,N,N,N,N,N,N,N,N,N,N,N,N,N,N,N,N
HLA-DNA;HLA-DOA;HLADZ;HLA-DZA,N,N,N,N,N,N,N,N,N,N,N,N,N,N,N,N,N,N,N,N,N,N,N,N,N,N,N,N,N,N,N,N
DOB;HLA-DOB;HLA_DOB,N,N,N,N,N,N,N,N,N,N,N,N,N,N,N,N,N,N,N,N,N,N,N,N,N,N,N,N,N,N,N,N
PLT1;DP(W3);HLADP;HLASB;HLA-DP1A;DP(W4);HLA-DPA1,N,N,N,N,N,N,N,N,N,N,N,N,N,N,N,N,N,N,N,N,N,N,N,N,N,N,N,N,N,N,N,N
HLA-DP1B;HLA-DPB;HLA-DP;HLA-DPB1;DPB1,N,N,N,N,N,N,N,N,N,N,N,N,N,N,N,N,N,N,N,N,N,N,N,N,N,N,N,N,N,N,N,N
HLA-DQA1;HLA-DQA;DQ-A1;CELIAC1,N,N,N,N,N,N,N,N,N,N,N,N,N,N,N,N,N,N,N,N,N,N,N,N,N,N,N,N,N,N,N,N
HLADQA2;DX-ALPHA;HLA-DXA;HLA-DQA2,N,N,N,N,N,N,N,N,N,N,N,N,N,N,N,N,N,N,N,N,N,N,N,N,N,N,N,N,N,N,N,N
IDDM1;HLA-DQB1;HLA-DQB;CELIAC1,N,N,N,N,N,N,N,N,N,N,N,N,N,N,N,N,N,N,N,N,N,N,N,N,N,N,N,N,N,N,N,N
HLA-DRA1;HLA-DRA,N,N,N,N,N,N,N,N,N,N,N,N,N,N,N,N,N,N,N,N,N,N,N,N,N,N,N,N,N,N,N,N
HLA-DRB;HLA-DRB1;SS1;HLA-DR1B;DRB1,N,N,N,N,N,N,N,N,N,N,N,N,N,N,N,N,N,N,N,N,N,N,N,N,N,N,N,N,N,N,N,N
HLA-DR3B;HLA-DR1B;HLA-DRB3,N,N,N,N,N,N,N,N,N,N,N,N,N,N,N,N,N,N,N,N,N,N,N,N,N,N,N,N,N,N,N,N
HLA-DR4B;HLA-DRB4;DR4;DRB4,N,N,N,N,N,N,N,N,N,N,N,N,N,N,N,N,N,N,N,N,N,N,N,N,N,N,N,N,N,N,N,N
HLA-DRB5,N,N,N,N,N,N,N,N,N,N,N,N,N,N,N,N,N,N,N,N,N,N,N,N,N,N,N,N,N,N,N,N
L-SIGN;DCSIGNR;CD299;HP10347;CLEC4M;DC-SIGN2;DC-SIGNR;LSIGN;CD209L,N,N,N,N,N,N,N,N,N,N,N,N,N,N,N,N,N,N,N,N,N,N,N,N,N,N,N,N,N,N,N,N
DC-SIGN;DC-SIGN1;CLEC4L;CD209;CDSIGN,N,N,N,N,N,N,N,N,N,N,N,N,N,N,N,N,N,N,N,N,N,N,N,N,N,N,N,N,N,N,N,N
SCARE2;DECTIN1;BGR;CLECSF12;CANDF4;CLEC7A;CD369,N,N,N,N,N,N,N,N,N,N,N,N,N,N,N,N,N,N,N,N,N,N,N,N,N,N,N,N,N,N,N,N
TAP1N;D6S114E;TAP1*0102N;ABCB2;PSF-1;ABC17;RING4;APT1;TAP1;PSF1,D,D,D,D,D,D,D,D,D,N,D,D,D,D,D,D,D,D,D,D,D,D,D,D,N,D,D,D,D,D,D,D
PSF-2;TAP2;PSF2;RING11;APT2;D6S217E;ABC18;ABCB3,D,D,D,D,D,D,D,D,D,N,D,D,D,D,D,D,D,D,D,D,D,D,D,D,N,D,D,D,D,D,D,D
CATL;MEP;CTSL1;CTSL,A,A,A,A,A,N,N,A,A,N,A,N,A,A,A,N,A,N,A,A,A,A,N,N,N,A,A,N,N,N,A,A
CTSS,A,A,A,A,A,N,N,A,A,N,A,N,A,A,A,N,A,N,A,A,A,A,N,N,N,A,A,N,N,N,A,A
HLA-A;HLAA,N,N,N,N,N,N,N,N,N,N,N,N,N,N,N,N,N,N,N,N,N,N,N,N,N,N,N,N,N,N,N,N
AS;HLA-B;B-4901;HLAB,N,N,N,N,N,N,N,N,N,N,N,N,N,N,N,N,N,N,N,N,N,N,N,N,N,N,N,N,N,N,N,N
PSORS1;HLAC;HLC-C;D6S204;HLA-C;HLA-JY3;MHC,N,N,N,N,N,N,N,N,N,N,N,N,N,N,N,N,N,N,N,N,N,N,N,N,N,N,N,N,N,N,N,N
QA1;HLA-E;HLA-6.2,N,N,N,N,N,N,N,N,N,N,N,N,N,N,N,N,N,N,N,N,N,N,N,N,N,N,N,N,N,N,N,N
CDA12;HLA-F;HLA-CDA12;HLA-5.4;HLAF,N,N,N,N,N,N,N,N,N,N,N,N,N,N,N,N,N,N,N,N,N,N,N,N,N,N,N,N,N,N,N,N
HLA-G;MHC-G,N,N,N,N,N,N,N,N,N,N,N,N,N,N,N,N,N,N,N,N,N,N,N,N,N,N,N,N,N,N,N,N
TFR;TRFR;TFRC;TFR1;p90;TR;T9;CD71;IMD46,N,N,N,N,N,N,N,N,N,N,N,N,N,N,N,N,N,N,N,N,N,N,N,N,N,N,N,N,N,N,N,N
CLIPINA;p57;CORO1A;TACO;HCORO1;CLABP;IMD8,A,A,N,A,A,A,A,A,A,N,A,A,A,A,A,A,A,A,A,N,A,A,A,A,A,A,N,A,A,N,A,A
