top3,N,N,A,N,A,A,N,N,A,N,N,N,N,N,A,N,A,N,A,N,N,N,N,N,N,N,N,N,N,N,A,N
2,D,D,D,D,D,D,D,D,D,D,D,D,D,D,D,D,D,D,D,D,D,D,D,D,D,D,D,D,D,D,D,D
blm,D,D,D,D,D,D,D,D,D,D,D,D,D,D,N,D,D,D,D,D,D,D,D,D,D,D,D,D,D,D,D,N
4,N,A,N,N,N,N,N,N,A,N,N,N,N,N,N,N,N,N,N,A,N,N,N,N,N,N,A,N,N,N,A,N
5,N,A,N,A,N,N,N,N,N,N,A,A,N,A,N,N,N,N,A,N,N,A,N,A,A,N,N,N,A,N,A,N
6,N,A,N,A,N,N,N,N,N,N,A,A,N,A,N,N,N,N,A,N,N,A,N,A,A,N,N,N,A,N,A,N
mre11,N,N,N,N,N,N,N,N,N,N,N,N,N,N,N,N,N,N,N,N,N,N,N,N,N,N,N,N,N,N,N,N
rad50,N,N,D,D,N,N,N,N,N,N,N,N,N,N,N,N,D,N,D,N,N,N,N,N,N,N,N,N,N,N,D,N
9,A,N,N,N,N,N,N,N,A,N,N,N,N,N,N,N,N,A,N,N,N,N,N,N,A,N,N,N,N,N,A,N
xrcc2,N,N,A,N,N,N,N,N,A,N,N,N,N,A,N,N,N,N,N,N,N,N,A,N,N,N,N,N,N,N,N,N
polA,N,N,N,N,N,N,N,N,N,N,N,N,N,N,N,N,N,N,N,N,N,N,N,N,N,N,N,N,N,N,N,N
mus81,A,A,N,N,A,N,A,N,A,N,A,N,N,A,N,N,A,N,N,N,A,N,N,N,N,N,N,N,N,N,A,N
13,A,A,N,N,A,N,A,N,A,N,A,N,N,A,N,N,A,N,N,N,A,N,N,N,N,N,N,N,N,N,A,N
14,N,N,N,N,N,N,N,N,N,N,N,N,N,N,N,N,N,N,N,N,N,N,N,N,N,N,N,N,N,N,N,N
rfa1,N,N,D,N,N,N,D,D,D,N,D,N,D,D,N,N,N,N,N,N,N,N,D,D,N,N,N,N,D,D,D,D
16,A,N,N,N,N,N,N,N,A,N,N,N,N,N,N,N,N,A,N,N,N,N,N,N,A,N,N,N,N,N,A,N
17,A,N,N,N,N,N,N,N,A,N,N,N,N,N,N,N,N,A,N,N,N,N,N,N,A,N,N,N,N,N,A,N
18,N,A,A,N,A,N,N,A,A,N,N,N,N,A,N,N,N,A,A,N,N,N,N,N,N,N,A,A,A,N,A,A
rad54,D,D,D,D,D,D,D,D,D,N,D,D,D,D,D,D,D,D,D,D,D,D,D,D,D,D,D,D,D,D,D,D
rad54b,D,D,D,D,D,D,D,D,D,N,D,D,D,D,D,D,D,D,D,D,D,D,D,D,D,D,D,D,D,D,D,D
polD2,N,N,N,N,A,N,N,A,N,N,A,N,N,A,N,A,N,A,A,N,N,N,A,N,N,A,A,A,N,A,A,N
polD1,N,A,N,A,N,N,A,N,A,N,A,A,A,N,N,N,N,N,N,A,N,N,N,N,N,N,N,N,N,N,A,A
23,A,N,N,N,N,N,N,N,A,N,N,N,N,A,N,N,N,N,N,N,N,N,N,N,N,N,N,N,N,N,A,N
24,N,N,N,N,N,N,N,N,N,N,N,N,N,N,N,N,N,N,N,N,N,N,N,N,N,N,N,N,N,N,N,N
BRIP1,C,N,C,N,C,C,N,N,C,N,C,C,N,N,C,C,N,C,C,N,C,N,C,N,N,C,C,N,N,N,C,C
cut5,N,A,A,N,A,N,A,A,A,N,A,N,N,A,A,N,N,A,N,N,A,A,A,A,N,N,N,A,A,N,A,A
