RIR1;SDS12;RNR1;CRT7,N,N,D,N,N,N,N,N,D,N,D,N,D,N,N,N,D,N,D,D,D,N,N,D,N,N,N,D,N,N,D,N
RNR4;PSO3;CRT3,N,N,A,N,N,A,N,N,N,N,N,N,N,N,N,N,A,N,N,A,A,N,N,N,A,N,N,A,N,N,A,N
RNR3;RIR3;DIN1,N,N,D,N,N,N,N,N,D,N,D,N,D,N,N,N,D,N,D,D,D,N,N,D,N,N,N,D,N,N,D,N
RNR2;CRT6,N,N,A,N,N,A,N,N,N,N,N,N,N,N,N,N,A,N,N,A,A,N,N,N,A,N,N,A,N,N,A,N
PRS4,N,N,N,N,N,N,N,N,N,N,N,N,N,N,N,N,N,N,N,N,N,N,N,N,N,N,N,N,N,N,N,N
PRS2,N,N,N,N,N,N,N,N,N,N,N,N,N,N,N,N,N,N,N,N,N,N,N,N,N,N,N,N,N,N,N,N
PRS3,N,N,N,N,N,N,N,N,N,N,N,N,N,N,N,N,N,N,N,N,N,N,N,N,N,N,N,N,N,N,N,N
PRS1;PRP1,N,N,N,N,N,N,N,N,N,N,N,N,N,N,N,N,N,N,N,N,N,N,N,N,N,N,N,N,N,N,N,N
PRS5,N,N,N,N,N,N,N,N,N,N,N,N,N,N,N,N,N,N,N,N,N,N,N,N,N,N,N,N,N,N,N,N
ADE4,N,N,N,N,N,N,N,N,N,N,N,N,N,N,N,N,N,N,N,N,N,N,N,N,N,N,N,N,N,N,N,N
7;ADE5,N,N,N,N,N,N,N,N,N,N,N,N,N,N,N,N,N,N,N,N,N,N,N,N,N,N,N,N,N,N,N,N
ADE8,N,N,N,N,N,N,N,N,N,N,N,N,N,N,N,N,N,N,N,N,N,N,N,N,N,N,N,N,N,N,N,N
ADE16,N,N,N,N,N,N,N,N,N,N,N,N,N,N,N,N,N,N,N,N,N,N,N,N,N,N,N,N,N,N,N,N
ADE17,N,N,N,N,N,N,N,N,N,N,N,N,N,N,N,N,N,N,N,N,N,N,N,N,N,N,N,N,N,N,N,N
BRA1;BRA8;ADE13,N,N,N,N,N,N,N,N,N,N,N,N,N,N,N,N,N,N,N,N,N,N,N,N,N,N,N,N,N,N,N,N
ADE1,N,N,N,N,N,N,N,N,N,N,N,N,N,N,N,N,N,N,N,N,N,N,N,N,N,N,N,N,N,N,N,N
ADE2,N,N,N,N,N,N,N,N,N,N,N,N,N,N,N,N,N,N,N,N,N,N,N,N,N,N,N,N,N,N,N,N
PDE1,N,N,N,N,N,N,N,N,N,N,N,N,N,N,N,N,N,N,N,N,N,N,N,N,N,N,N,N,N,N,N,N
SRA5;PDE2,A,A,A,N,A,N,N,A,N,N,A,A,A,A,A,A,A,A,A,N,A,A,A,A,A,A,N,A,A,N,A,A
HSR1;CYR1;FIL1;CDC35;SRA4;TSM0185,B,B,B,B,B,B,B,B,B,N,B,B,B,B,B,B,B,B,B,B,B,B,B,B,B,B,B,B,B,B,B,B
RPB5,D,D,D,N,N,N,N,D,D,N,N,N,N,N,N,D,D,D,D,D,N,D,N,D,N,N,N,N,D,D,D,N
RPB220;RPB1;SUA8;RPO21,D,D,D,N,N,N,N,D,D,D,D,N,D,D,N,N,D,D,N,D,D,D,D,D,D,D,N,N,D,N,D,N
RPC4;RPC53,A,N,A,N,N,N,N,A,A,N,A,A,N,A,N,N,A,N,A,N,N,N,N,A,A,N,A,A,N,A,N,A
RPC11,A,N,N,N,A,N,A,N,A,N,A,A,N,N,N,A,A,N,N,N,N,N,N,A,A,A,N,N,N,N,A,N
RPA14,N,N,N,N,N,N,N,N,N,N,N,N,N,N,N,N,N,N,N,N,N,N,N,N,N,N,N,N,N,N,N,N
RPB7,N,D,N,N,N,N,N,D,N,N,N,N,N,N,N,N,N,D,N,N,N,N,N,N,N,N,N,D,N,N,D,N
RPB9;SSU73,N,N,N,N,N,N,N,N,N,N,N,N,N,N,N,N,N,N,N,N,N,N,N,N,N,N,N,N,N,N,N,N
RPC10;RPB12,N,N,N,N,N,N,N,N,N,N,N,N,N,N,N,N,N,N,N,N,N,N,N,N,N,N,N,N,N,N,N,N
RPB3,N,N,D,N,D,N,N,N,D,D,D,D,D,D,N,D,D,D,D,D,N,N,N,N,N,D,D,D,N,N,D,D
CTF15;RPB4,N,A,A,N,N,N,A,N,N,N,N,N,N,N,N,N,A,N,N,N,N,N,N,N,N,N,N,N,N,N,A,N
RPA34;CST21,N,N,N,N,N,N,N,N,N,N,N,N,N,N,N,N,N,N,N,N,N,N,N,N,N,N,N,N,N,N,N,N
RRN4;RPA12,N,N,N,N,N,N,N,N,N,N,N,N,N,N,N,N,N,N,N,N,N,N,N,N,N,N,N,N,N,N,N,N
RPC25;YKL1,N,D,N,N,N,N,N,D,N,N,N,N,N,N,N,N,N,D,N,N,N,N,N,N,N,N,N,D,N,N,D,N
RPC37,N,A,A,A,N,N,N,A,N,N,N,N,N,N,N,N,N,N,N,N,N,N,N,N,A,N,N,N,N,N,N,N
RPC19,D,N,N,D,D,N,D,D,D,D,D,D,D,D,D,D,N,D,N,D,D,D,N,N,N,N,N,D,N,D,D,N
RPC31;RPC8;ACP2,N,N,N,N,N,N,N,N,N,N,N,N,N,N,N,N,N,N,N,N,N,N,N,N,N,N,N,N,N,N,N,N
RPA49,N,N,N,N,N,N,N,N,N,N,N,N,N,N,N,N,N,N,N,N,N,N,N,N,N,N,N,N,N,N,N,N
RPC34,A,A,A,N,A,A,A,N,A,N,A,A,N,A,N,A,A,A,A,A,A,A,A,N,N,A,A,A,A,A,A,N
RPB11,D,N,N,D,D,N,D,D,D,D,D,D,D,D,D,D,N,D,N,D,D,D,N,N,N,N,N,D,N,D,D,N
RPC1;RPC160;RPO31,D,D,D,N,N,N,N,N,D,D,D,N,D,D,N,N,D,D,N,N,N,D,D,D,D,D,N,N,D,N,D,N
RPB150;SOH2;SIT2;RPB2;RPO22,N,N,N,N,N,D,N,N,D,N,D,N,N,N,D,D,N,N,N,D,D,N,D,N,N,D,D,D,D,D,D,N
RPC128;RPC2;RET1;PDS2,N,N,N,N,N,D,N,N,D,N,D,N,N,N,D,D,N,N,N,D,D,N,D,N,N,D,D,D,D,D,D,N
RPB10,N,N,N,N,N,N,N,N,N,N,N,N,N,N,N,N,N,N,N,N,N,N,N,N,N,N,N,N,N,N,N,N
RPB8,A,A,N,A,A,A,N,A,A,N,N,N,N,A,A,A,A,A,A,A,A,N,A,A,N,A,A,N,N,A,N,N
RPA43,A,N,N,N,N,N,N,N,N,N,A,A,N,N,A,N,N,N,A,N,N,A,N,A,A,N,N,N,N,N,N,N
RRN1;RPA190,D,D,D,N,N,N,N,N,D,D,D,N,D,D,N,N,D,D,N,N,N,D,D,D,D,D,N,N,D,N,D,N
RPA135;RRN2;RPA2;SRP3,N,N,N,N,N,D,N,N,D,N,D,N,N,N,D,D,N,N,N,D,D,N,D,N,N,D,D,D,D,D,D,N
RPC5;RPC40,N,N,D,N,D,N,N,N,D,D,D,D,D,D,N,D,D,D,D,D,N,N,N,N,N,D,D,D,N,N,D,D
RPO26;RPB6,N,D,N,N,D,D,N,D,N,D,N,D,D,N,N,D,D,N,N,D,N,N,D,N,N,N,N,N,N,N,N,N
RPC80;RPC82;RPC3,N,N,A,N,N,N,N,A,N,A,N,N,N,N,N,N,N,A,N,N,N,A,N,A,N,N,N,N,A,A,N,N
POL12,A,A,N,N,N,A,N,N,N,N,A,N,N,N,N,N,A,N,A,N,N,N,N,N,A,A,N,N,N,N,N,N
DPB3,A,N,N,A,N,A,N,A,N,N,N,N,N,N,N,N,N,A,N,N,N,N,N,N,A,N,A,N,N,N,A,N
HPR6;TEX1;POL3;CDC2,N,A,N,A,N,N,A,N,A,N,A,A,A,N,N,N,N,N,N,A,N,N,N,N,N,N,N,N,N,N,A,A
DPB4,N,N,N,N,N,N,N,N,N,N,N,N,N,N,N,N,N,N,N,N,N,N,N,N,N,N,N,N,N,N,N,N
PRI1,N,C,N,N,N,N,N,C,N,N,N,N,N,N,N,N,N,N,C,N,N,N,C,N,N,N,N,N,N,N,N,N
DLS1,A,N,N,A,N,A,N,A,N,N,N,N,N,N,N,N,N,A,N,N,N,N,N,N,A,N,A,N,N,N,A,N
POL31;SDP5;HYS2;HUS2,N,N,N,N,A,N,N,A,N,N,A,N,N,A,N,A,N,A,A,N,N,N,A,N,N,A,A,A,N,A,A,N
REV5;POL32,N,N,N,N,N,N,N,N,N,N,N,N,N,N,N,N,N,N,N,N,N,N,N,N,N,N,N,N,N,N,N,N
PRI2,N,N,A,N,N,N,N,A,A,N,N,N,N,N,A,N,N,A,N,A,N,A,A,N,N,A,N,N,N,N,N,N
HPR3;CRT5;CDC17;POL1,N,N,N,A,N,N,A,N,N,N,A,N,A,N,N,N,N,N,N,N,N,N,N,N,N,N,N,N,N,N,N,N
DUN2;POL2,N,N,N,N,N,N,N,N,N,N,N,N,N,N,N,N,N,N,N,N,N,N,N,N,N,N,N,N,N,N,N,N
DPB2,A,A,A,N,A,N,A,A,N,N,A,A,A,A,A,A,A,N,N,N,A,A,N,A,A,A,A,N,A,A,N,A
APY1;YND1;YEJ5,N,N,A,N,N,N,N,N,A,N,N,N,N,N,N,N,A,N,N,N,N,N,N,N,N,A,N,N,N,N,A,N
NDK1;YNK1,N,N,N,D,D,N,D,N,N,N,D,D,N,D,D,N,N,N,N,N,D,D,D,N,D,N,N,N,N,N,D,N
FAP7,N,N,N,N,N,N,N,N,N,N,N,N,N,N,N,N,N,N,N,N,N,N,N,N,N,N,N,N,N,N,N,N
AKY2;AKY1;ADK1,A,N,N,N,N,A,N,A,N,N,A,A,N,A,A,N,A,N,N,N,N,N,A,A,A,N,N,A,N,N,N,A
PAK3;AKY3;ADK2,A,N,N,N,N,A,N,A,N,N,A,A,N,A,A,N,A,N,N,N,N,N,A,A,A,N,N,A,N,N,N,A
ADE12;BRA9,C,C,N,N,N,N,N,C,N,N,N,C,N,C,N,N,C,C,C,N,C,N,N,C,N,C,N,N,N,N,C,C
AMD1;AMD3,N,N,N,N,N,N,N,N,N,N,N,N,N,N,N,N,N,N,N,N,N,N,N,N,N,N,N,N,N,N,N,N
ADO1,N,N,N,N,N,N,N,N,N,N,N,N,N,N,N,N,N,N,N,N,N,N,N,N,N,N,N,N,N,N,N,N
APT2,N,A,N,A,N,N,N,N,A,N,N,N,N,N,N,N,N,N,N,N,A,N,A,N,N,N,N,N,N,N,A,N
APT1,N,A,N,A,N,N,N,N,A,N,N,N,N,N,N,N,N,N,N,N,A,N,A,N,N,N,N,N,N,N,A,N
AAH1,N,N,N,N,N,N,N,N,B,N,B,B,N,B,N,N,B,B,N,N,N,N,N,N,N,N,N,N,N,B,B,N
PNP1,N,N,N,N,N,N,N,N,N,N,N,N,N,N,N,N,N,N,N,N,N,N,N,N,N,N,N,N,N,N,N,N
PUR5;IMD2,N,N,N,N,N,N,N,N,N,N,N,N,N,N,N,N,N,N,N,N,N,N,N,N,N,N,N,N,N,N,N,N
IMD3,N,N,N,N,N,N,N,N,N,N,N,N,N,N,N,N,N,N,N,N,N,N,N,N,N,N,N,N,N,N,N,N
IMD4,N,N,N,N,N,N,N,N,N,N,N,N,N,N,N,N,N,N,N,N,N,N,N,N,N,N,N,N,N,N,N,N
GUA1,N,N,N,N,N,N,N,N,N,N,N,N,N,N,N,N,N,N,N,N,N,N,N,N,N,N,N,N,N,N,N,N
BRA6;HPT1,N,N,N,N,N,N,N,N,N,N,N,N,N,N,N,N,N,N,N,N,N,N,N,N,N,N,N,N,N,N,N,N
BRA3;GUK1;PUR5,N,A,A,N,N,N,N,A,A,N,N,A,A,N,A,N,A,N,A,N,A,N,N,A,N,N,A,N,A,N,A,A
GUD1,N,N,N,N,N,N,N,N,N,N,N,N,N,N,N,N,N,N,N,N,N,N,N,N,N,N,N,N,N,N,N,N
DAL3,N,N,N,N,N,N,N,N,N,N,N,N,N,N,N,N,N,N,N,N,N,N,N,N,N,N,N,N,N,N,N,N
ALC1;DAL2,A,A,N,N,N,N,N,N,N,N,A,N,N,A,N,N,N,N,N,A,N,N,N,N,N,N,N,A,N,N,N,N
DAL1,N,N,N,N,N,N,N,N,N,N,N,N,N,N,N,N,N,N,N,N,N,N,N,N,N,N,N,N,N,N,N,N
DTP1;APA1,N,N,A,N,N,A,N,N,N,N,N,N,N,N,N,N,N,N,N,A,N,A,N,A,N,N,N,N,N,N,N,N
APA2,N,N,A,N,N,A,N,N,N,N,N,N,N,N,N,N,N,N,N,A,N,A,N,A,N,N,N,N,N,N,N,N
PPX1,N,N,N,N,N,N,N,N,N,N,N,N,N,N,N,N,N,N,N,N,N,N,N,N,N,N,N,N,N,N,N,N
MET3,N,A,A,N,N,N,N,N,A,N,N,N,N,N,A,N,N,N,N,N,N,N,N,N,N,N,N,N,A,N,A,N
MET14,N,N,N,N,N,N,N,N,N,N,N,N,N,N,N,N,N,N,N,N,N,N,N,N,N,N,N,N,N,N,N,N
ADE6,N,N,N,N,N,N,N,N,N,N,N,N,N,N,N,N,N,N,N,N,N,N,N,N,N,N,N,N,N,N,N,N
HAM1,N,A,N,A,N,N,N,A,N,N,N,N,N,A,N,N,N,N,N,N,N,N,N,N,N,N,N,N,N,N,N,N
RMA2;YSA1,N,N,N,N,N,N,N,N,N,N,N,N,N,N,N,N,N,N,N,N,N,N,N,N,N,N,N,N,N,N,N,N
APH1;HNT2,N,N,N,N,N,N,N,N,N,N,N,N,N,N,N,N,N,N,N,N,N,N,N,N,N,N,N,N,N,N,N,N
PYK1;CDC19,A,N,N,N,N,N,N,N,A,N,N,N,N,A,A,N,N,N,N,N,N,N,N,A,A,N,N,N,A,N,N,N
PYK2,A,N,N,N,N,N,N,N,A,N,N,N,N,A,A,N,N,N,N,N,N,N,N,A,A,N,N,N,A,N,N,N
PGM1,N,N,N,N,N,N,N,N,N,N,N,N,N,N,N,N,N,N,N,N,N,N,N,N,N,N,N,N,N,N,N,N
GAL5;PGM2,N,N,N,N,N,N,N,N,N,N,N,N,N,N,N,N,N,N,N,N,N,N,N,N,N,N,N,N,N,N,N,N
PGM3;PRM15,N,N,N,N,N,N,N,N,N,N,N,N,N,N,N,N,N,N,N,N,N,N,N,N,N,N,N,N,N,N,N,N
ISN1,N,N,N,N,N,N,N,N,N,N,N,N,N,N,N,N,N,N,N,N,N,N,N,N,N,N,N,N,N,N,N,N
