APHC;ACER3;PHCA,N,A,N,N,N,N,N,N,A,N,N,N,N,A,N,N,N,N,A,N,N,N,N,N,A,N,N,N,N,N,A,A
SPP2;SGPP2;SPPase2,N,N,N,N,N,N,N,N,N,N,N,N,N,N,N,N,N,N,N,N,N,N,N,N,N,N,N,N,N,N,N,N
SPPase1;SGPP1,N,N,N,N,N,N,N,N,N,N,N,N,N,N,N,N,N,N,N,N,N,N,N,N,N,N,N,N,N,N,N,N
ASAH1;SMAPME;AC;PHP;PHP32;ASAH;ACDase,N,N,N,N,N,N,N,N,N,N,N,N,N,N,N,N,N,N,N,N,N,N,N,N,N,N,N,N,N,N,N,N
ASAH2;BCDase;NCDase;HNAC1;N-CDase;LCDase,N,N,A,N,N,N,N,A,N,N,N,N,A,N,N,N,N,N,N,N,A,N,N,N,N,N,N,N,N,N,A,N
EPM8;LAG1;LASS1;UOG1;CERS1,N,A,N,A,N,N,N,A,N,N,A,N,N,N,A,N,N,A,N,N,A,N,A,N,N,A,N,N,A,N,A,N
CERS3;ARCI9;LASS3,N,A,N,A,N,N,N,A,N,N,A,N,N,N,A,N,N,A,N,N,A,N,A,N,N,A,N,N,A,N,A,N
CERS5;CERS6;LASS6,N,A,N,A,N,N,N,A,N,N,A,N,N,N,A,N,N,A,N,N,A,N,A,N,N,A,N,N,A,N,A,N
SP260;CERS2;L3;LASS2;TMSG1,N,A,N,A,N,N,N,A,N,N,A,N,N,N,A,N,N,A,N,N,A,N,A,N,N,A,N,N,A,N,A,N
Trh1;CERS4;LASS4,N,A,N,A,N,N,N,A,N,N,A,N,N,N,A,N,N,A,N,N,A,N,A,N,N,A,N,N,A,N,A,N
LASS5;CERS5;Trh4,N,A,N,A,N,N,N,A,N,N,A,N,N,N,A,N,N,A,N,N,A,N,A,N,N,A,N,N,A,N,A,N
C14orf66;DEGS2;DES2;FADS8,N,A,A,N,A,N,N,N,A,N,A,A,N,N,A,N,N,N,N,A,A,A,N,A,N,N,N,N,N,N,A,N
MIG15;Des-1;DEGS1;DEGS-1;FADS7;DEGS;DES1;MLD,N,A,A,N,A,N,N,N,A,N,A,A,N,N,A,N,N,N,N,A,A,A,N,A,N,N,N,N,N,N,A,N
ALK-SMase;NPP7;ENPP7;E-NPP_7;NPP-7,N,N,N,N,N,N,N,N,N,N,N,N,N,N,N,N,N,N,N,N,N,N,N,N,N,N,N,N,N,N,N,N
NSMASE2;SMPD3,N,N,N,N,N,N,N,N,N,N,N,N,N,N,N,N,N,N,N,N,N,N,N,N,N,N,N,N,N,N,N,N
NET13;SMPD4;NSMASE3;NSMASE-3,N,N,N,N,N,N,N,N,N,N,N,N,N,N,N,N,N,N,N,N,N,N,N,N,N,N,N,N,N,N,N,N
ASM;NPD;SMPD1;ASMASE,N,N,N,N,N,N,N,N,N,N,N,N,N,N,N,N,N,N,N,N,N,N,N,N,N,N,N,N,N,N,N,N
SMPD2;NSMASE;NSMASE1;ISC1,N,N,N,A,N,A,N,N,N,N,N,N,N,N,N,N,N,N,A,N,N,N,A,A,N,N,N,N,A,N,A,N
hCERK;dA59H18.3;dA59H18.2;LK4;CERK,A,N,N,N,A,N,N,A,A,N,A,N,N,A,A,N,N,N,N,N,A,A,A,N,N,N,N,N,N,N,A,N
PPAP2A;LPP1;PLPP1;PAP-2a;LLP1a;PAP2,B,B,N,N,B,B,N,N,N,N,B,B,N,N,N,N,N,B,B,N,N,N,N,B,N,B,N,N,N,N,B,N
PPAP2C;LPP2;PAP-2c;PLPP2;PAP2-g,B,B,N,N,B,B,N,N,N,N,B,B,N,N,N,N,N,B,B,N,N,N,N,B,N,B,N,N,N,N,B,N
PPAP2B;VCIP;Dri42;PLPP3;PAP2B;LPP3,B,B,N,N,B,B,N,N,N,N,B,B,N,N,N,N,N,B,B,N,N,N,N,B,N,B,N,N,N,N,B,N
SPT1;SPTI;LBC1;HSN1;LCB1;HSAN1;SPTLC1,N,D,D,N,N,N,N,N,D,N,D,N,N,N,N,N,D,N,N,D,D,D,N,D,D,N,N,D,N,D,D,N
SPT_3;LCB3;SPTLC3;SPT3;SPTLC2L;dJ718P11.1;C20orf38;hLCB2b;dJ718P11;LCB2B;LCB_3,N,D,D,N,N,N,N,N,D,N,D,N,N,N,N,N,D,N,N,D,D,D,N,D,D,N,N,D,N,D,D,N
SPTLC2;HSN1C;hLCB2a;NSAN1C;SPT2;LCB2;LCB2A,N,D,D,N,N,N,N,N,D,N,D,N,N,N,N,N,D,N,N,D,D,D,N,D,D,N,N,D,N,D,D,N
FVT1;SDR35C1;DHSR;EKVP4;KDSR,B,B,B,B,B,B,B,B,B,N,B,B,B,B,N,N,B,N,B,B,B,B,B,B,B,B,B,B,N,B,B,B
CST;GAL3ST1,N,N,N,N,N,N,N,N,N,N,N,N,N,N,N,N,N,N,N,N,N,N,N,N,N,N,N,N,N,N,N,N
GLA;GALA,N,A,A,A,N,N,N,N,A,N,A,A,N,A,N,N,A,N,N,N,N,N,N,N,N,A,N,A,N,N,A,N
SIAL3;NEU3,N,N,N,N,N,N,N,N,N,N,N,N,N,N,N,N,N,N,N,N,N,N,N,N,N,N,N,N,N,N,N,N
NEU4,N,N,N,N,N,N,N,N,N,N,N,N,N,N,N,N,N,N,N,N,N,N,N,N,N,N,N,N,N,N,N,N
SIAL1;NEU1;NANH;NEU,N,N,N,N,N,N,N,N,N,N,N,N,N,N,N,N,N,N,N,N,N,N,N,N,N,N,N,N,N,N,N,N
SIAL2;NEU2,N,N,N,N,N,N,N,N,N,N,N,N,N,N,N,N,N,N,N,N,N,N,N,N,N,N,N,N,N,N,N,N
UGT4;CGT;UGT8,N,A,N,N,N,N,N,N,A,N,A,A,N,N,N,N,N,N,N,A,N,N,N,N,N,N,N,N,N,N,A,A
MPS4B;GLB1;ELNR1;EBP,A,N,N,N,N,N,N,N,N,N,A,N,N,N,N,N,A,N,N,N,N,A,N,N,N,A,A,N,N,N,A,N
GBA1;GLUC;GCB;GBA,N,N,N,N,N,N,N,N,N,N,N,N,N,N,N,N,N,N,N,N,N,N,N,N,N,N,N,N,N,N,N,N
GBA2;SPG46;AD035;NLGase,N,N,N,N,N,N,N,N,N,N,N,N,N,N,N,N,N,N,N,N,N,N,N,N,N,N,N,N,N,N,N,N
UGCG;GLCT1;GCS,N,N,N,N,N,N,N,N,N,N,N,N,N,N,N,N,N,N,N,N,N,N,N,N,N,N,N,N,N,N,N,N
ASAH3;ALKCDase1;ACER1,N,A,N,N,N,N,N,N,A,N,N,N,N,A,N,N,N,N,A,N,N,N,N,N,A,N,N,N,N,N,A,A
ALKCDase2;ASAH3L;ACER2,N,A,N,N,N,N,N,N,A,N,N,N,N,A,N,N,N,N,A,N,N,N,N,N,A,N,N,N,N,N,A,A
SK-2;SPHK2;SK_2;SPK-2;SPK_2,A,N,N,N,A,N,N,A,A,N,A,N,N,A,A,N,N,N,N,N,A,A,A,N,N,N,N,N,N,N,A,N
SPHK;SPHK1,A,N,N,N,A,N,N,A,A,N,A,N,N,A,A,N,N,N,N,N,A,A,A,N,N,N,N,N,N,N,A,N
NPHS14;SGPL1;S1PL;SPL,N,N,N,N,N,N,N,N,N,N,N,N,N,N,N,N,N,N,N,N,N,N,N,N,N,N,N,N,N,N,N,N
GALC,N,N,N,N,N,N,N,N,N,N,N,N,N,N,N,N,N,N,N,N,N,N,N,N,N,N,N,N,N,N,N,N
ARSA;MLD,N,N,N,N,N,N,N,N,N,N,N,N,N,N,N,N,N,N,N,N,N,N,N,N,N,N,N,N,N,N,N,N
beta4Gal-T6;B4GALT6;B4Gal-T6,N,N,N,N,N,N,N,N,N,N,N,N,N,N,N,N,N,N,N,N,N,N,N,N,N,N,N,N,N,N,N,N
SMS2;SGMS2,N,N,A,N,A,N,N,N,N,N,N,N,N,N,N,N,A,N,N,A,N,N,N,N,N,A,A,N,N,N,N,N
SGMS1;TMEM23;SMS1;hmob33;MOB;MOB1,N,N,A,N,A,N,N,N,N,N,N,N,N,N,N,N,A,N,N,A,N,N,N,N,N,A,A,N,N,N,N,N
