XPO3;XPOT,N,N,A,N,A,A,N,N,A,N,A,A,N,N,N,N,N,N,N,N,A,N,A,N,N,N,N,A,N,N,A,N
ARA24;Gsp1;RAN;TC4,C,C,C,C,C,C,C,C,C,C,C,C,C,C,C,C,C,C,C,C,C,C,C,C,C,C,C,C,C,C,C,C
emb;CRM1;exp1;XPO1,N,N,A,N,A,A,N,A,A,N,A,A,A,N,N,N,N,A,N,N,A,N,A,N,N,N,N,A,N,A,A,N
NCBP2;CBP20;PIG55;CBC2;NIP1,A,A,A,A,A,A,A,A,A,N,A,A,A,A,A,A,A,A,N,N,A,A,A,A,A,A,A,N,A,A,A,N
NCBP1;NCBP;CBP80;Sto1,N,N,N,N,N,N,N,N,N,N,N,N,N,N,N,N,N,N,N,N,N,N,N,N,N,N,N,N,N,N,N,N
RNUXA;PHAX,N,N,N,N,N,N,N,N,N,N,A,A,A,A,A,N,N,A,N,N,N,N,N,N,N,N,N,N,N,N,A,N
CLNS1A;CLCI;ICln;CLNS1B,N,N,N,N,N,N,N,N,N,N,N,N,N,N,N,N,N,N,N,N,N,N,N,N,N,N,N,N,N,N,N,N
GEMIN2;SIP1-delta;SIP1,A,N,N,N,N,N,N,N,A,N,N,A,N,A,N,N,A,N,N,N,N,N,N,N,N,A,N,N,N,N,A,A
SMA1;GEMIN1;TDRD16A;SMN;SMA3;SMNT;SMA4;SMA@;SMA;T-BCD541;BCD541;SMA2;SMN1,N,B,N,N,N,N,N,B,B,N,B,B,N,N,B,N,B,N,N,N,B,B,B,B,N,N,N,B,N,N,B,N
GEMIN1;C-BCD541;SMN2;BCD541;TDRD16B;SMNC,N,B,N,N,N,N,N,B,B,N,B,B,N,N,B,N,B,N,N,N,B,B,B,B,N,N,N,B,N,N,B,N
DDX20;DP103;GEMIN3,D,D,D,D,D,D,D,D,D,D,D,D,D,D,D,D,D,D,D,D,D,D,D,D,D,D,D,D,D,D,D,D
GEMIN5;GEMIN-5,A,A,N,N,N,A,A,N,A,N,A,A,A,A,A,A,A,A,A,A,N,N,A,A,A,A,N,A,N,N,A,A
GEMIN4;p97;HCAP1;HHRF-1;HC56,N,N,N,N,N,N,N,N,N,N,N,N,N,N,N,N,N,N,N,N,N,N,N,N,N,N,N,N,N,N,N,N
GEMIN7;SIP3,N,N,N,N,N,N,N,N,N,N,N,N,N,N,N,N,N,N,N,N,N,N,N,N,N,N,N,N,N,N,N,N
FAM51A1;GEMIN8,N,N,N,N,N,N,N,N,N,N,N,N,N,N,N,N,N,N,N,N,N,N,N,N,N,N,N,N,N,N,N,N
PT-WD;STRAP;UNRIP;MAWD,A,A,A,A,A,A,A,A,A,A,A,A,A,A,A,A,A,A,A,A,A,A,A,A,A,A,A,A,A,A,A,A
PIMT;PIPMT;TGS1;NCOA6IP,N,N,N,N,N,N,N,N,N,N,N,N,N,N,N,N,N,N,N,N,N,N,N,N,N,N,N,N,N,N,N,N
GEMIN6,N,N,N,N,N,N,N,N,N,N,N,N,N,N,N,N,N,N,N,N,N,N,N,N,N,N,N,N,N,N,N,N
Impnb;NTF97;IPOB;IMB1;IPO1;KPNB1,A,A,N,N,A,N,A,N,A,N,A,A,A,A,N,N,A,N,N,A,N,A,N,A,N,N,N,N,N,N,A,A
RNUT1;Snurportin1;KPNBL;SNUPN,A,A,N,N,N,N,N,N,A,N,A,A,A,N,A,N,N,N,A,N,N,N,N,N,N,N,N,A,N,N,A,N
ZRNP1;MDS014;C1DELq21.1;DEL1q21.1;Y14;ZNRP;BOV-1B;BOV-1C;RBM8;BOV-1A;TAR;RBM8B;RBM8A,A,A,A,A,A,A,A,A,A,N,A,A,A,A,A,A,A,A,A,N,A,A,A,A,N,A,A,A,A,A,A,A
MAGOH1;MAGOH;MAGOHA,A,A,N,N,A,N,N,A,A,N,A,A,A,A,A,A,A,A,A,A,A,A,A,A,N,A,N,N,A,A,A,A
mago;MAGOHB;magoh;MGN2,A,A,N,N,A,N,N,A,A,N,A,A,A,A,A,A,A,A,A,A,A,A,A,A,N,A,N,N,A,A,A,A
EIF4A3;MUK34;NMP265;eIF4AIII;RCPS;NUK34;DDX48;Fal1,D,D,D,D,D,D,D,D,D,D,D,D,D,D,D,D,D,D,D,D,D,D,D,D,D,D,D,D,D,D,D,D
CASC3;BTZ;MLN51,N,N,N,N,N,N,N,N,N,N,N,N,N,N,N,N,N,N,N,N,N,N,N,N,N,N,N,N,N,N,N,N
ACINUS;fSAP152;ACN;ACIN1,N,N,N,N,N,N,N,N,N,N,N,N,N,N,N,N,N,N,N,N,N,N,N,N,N,N,N,N,N,N,N,N
E5.1;RNPS1,A,N,N,N,N,A,N,N,A,N,N,A,A,N,N,A,A,N,N,N,N,N,N,A,N,N,N,N,N,N,A,N
2HOR0202;SAP18;SAP18P,A,A,N,N,N,N,N,A,A,N,A,N,N,A,N,N,N,N,A,N,N,N,N,N,N,N,N,N,A,N,A,N
SRM160;160-KD;POP101;SRRM1,A,N,N,N,N,N,N,N,A,N,A,A,N,A,N,N,N,N,N,N,A,A,N,A,N,N,N,N,N,N,A,A
TAP;NXF1;MEX67,N,N,N,N,A,N,N,N,N,N,A,N,N,N,A,N,N,N,N,N,N,N,N,N,N,A,N,N,A,N,A,A
NXF5,N,N,N,N,A,N,N,N,N,N,A,N,N,N,A,N,N,N,N,N,N,N,N,N,N,A,N,N,A,N,A,A
NXF3,N,N,N,N,A,N,N,N,N,N,A,N,N,N,A,N,N,N,N,N,N,N,N,N,N,A,N,N,A,N,A,A
TAPL-2;TCP11X2;CT39;NXF2,N,N,N,N,A,N,N,N,N,N,A,N,N,N,A,N,N,N,N,N,N,N,N,N,N,A,N,N,A,N,A,A
NXF2B;bA353J17.1;TCP11X1,N,N,N,N,A,N,N,N,N,N,A,N,N,N,A,N,N,N,N,N,N,N,N,N,N,A,N,N,A,N,A,A
memA;DRSP;PNN;DRS;SDK3,A,N,N,N,N,N,N,N,A,N,N,N,N,N,N,A,N,A,N,N,N,A,N,N,N,N,N,N,N,N,N,N
REF;BEF;ALY;THOC4;ALY/REF;ALYREF,N,N,N,N,N,N,N,N,N,N,N,N,N,N,N,N,N,N,N,N,N,N,N,N,N,N,N,N,N,N,N,N
P15;NXT1;MTR2,A,A,N,N,A,N,N,A,A,N,N,N,A,A,N,N,A,N,N,A,A,A,N,N,N,A,N,A,N,N,A,N
NXT2;P15-2,A,A,N,N,A,N,N,A,A,N,N,N,A,A,N,N,A,N,N,A,A,A,N,N,N,A,N,A,N,N,A,N
PRO2463;NUP58;NUP45;NUPL1,A,N,N,N,A,N,N,A,N,N,N,N,A,N,N,N,N,N,N,N,N,A,N,N,N,N,N,N,N,N,N,N
NPHS13;NUP205;C7orf14,N,N,N,N,N,N,N,N,N,N,N,N,N,N,N,N,N,N,N,N,N,N,N,N,N,N,N,N,N,N,N,N
NUP188;KIAA0169;hNup188,N,N,N,N,N,N,N,N,N,N,N,N,N,N,N,N,N,N,N,N,N,N,N,N,N,N,N,N,N,N,N,N
NUP62;IBSN;p62;SNDI,A,N,N,N,A,A,N,A,N,N,N,N,A,N,N,N,N,N,N,N,N,A,N,A,N,N,N,N,N,N,N,N
TPR,N,A,N,N,N,N,N,A,N,N,A,N,N,A,N,A,N,A,A,A,N,A,N,N,A,N,N,A,N,A,A,N
N153;HNUP153;NUP153,A,N,A,N,N,N,N,A,N,N,N,N,N,N,N,N,N,N,A,N,N,N,N,A,N,N,N,N,N,A,A,A
NIC96;NUP93,A,N,N,N,N,N,N,A,N,N,A,N,N,N,N,N,N,N,N,N,N,N,N,N,N,N,N,A,N,N,A,N
NUP54,A,A,A,A,N,N,N,A,A,N,A,A,A,A,N,A,A,A,A,A,A,A,N,A,A,A,A,A,A,A,A,A
NUP50;NPAP60L;NPAP60,A,A,A,A,N,N,N,N,A,N,N,N,N,N,N,N,A,N,N,N,A,N,A,A,N,A,N,A,A,N,A,A
N155;NUP155;ATFB15,N,A,N,N,A,A,A,A,N,N,A,N,N,N,A,N,A,A,N,N,A,N,A,N,A,N,N,N,N,N,N,N
AXAM2;SENP2;SMT3IP2,N,N,A,N,N,N,A,A,A,N,A,N,N,A,A,N,A,N,A,A,A,A,A,A,A,A,N,N,N,A,A,N
NUP98;ADIR2;NUP96;NUP196,A,A,A,A,N,N,N,A,N,N,A,A,A,A,N,A,A,A,A,A,N,A,N,A,A,A,A,A,A,A,A,A
p37;NUP37,A,N,N,N,N,N,N,N,N,N,A,N,N,A,N,N,N,N,N,N,N,N,A,A,N,A,N,A,N,N,N,N
SEC13;D3S1231E;npp-20;SEC13R;SEC13L1,A,A,A,N,N,A,A,A,A,A,A,N,N,A,A,A,A,A,A,N,A,N,A,A,A,A,N,A,N,N,N,A
NUP160,N,N,A,N,N,N,N,N,A,N,N,N,N,A,N,N,N,N,A,N,N,A,N,N,N,N,N,N,N,N,A,A
NPHS11;NUP84;NUP107,N,A,A,N,N,N,A,N,N,N,N,A,N,N,N,N,N,N,N,N,N,N,N,N,N,N,N,N,A,N,A,N
Nup75;FROUNT;NUP85,N,N,N,N,N,N,N,N,N,N,N,N,N,N,N,N,N,N,N,N,N,N,N,N,N,N,N,N,N,N,N,N
SEC13L;SEH1B;SEH1L;SEH1A;Seh1,A,A,A,N,N,A,A,A,A,A,N,A,N,A,A,A,A,A,A,A,A,A,A,A,A,A,N,A,N,A,A,A
MRNP41;MIG14;dJ481F12.3;dJ800J21.1;Mnrp41;RAE1,A,A,A,A,A,N,A,A,A,N,A,A,A,A,A,A,A,N,A,A,A,A,A,A,A,A,A,A,N,A,A,A
NUP43;p42;bA350J20.1,N,N,N,N,N,N,N,N,N,N,N,N,N,N,N,N,N,N,N,N,N,N,N,N,N,N,N,N,N,N,N,N
hNUP133;NUP133,N,N,N,N,N,N,N,N,N,N,N,N,N,N,N,N,N,N,N,N,N,N,N,N,N,N,N,N,N,N,N,N
POM210;NUP210;GP210,N,N,A,N,N,N,A,N,N,N,A,N,N,N,N,N,N,N,A,N,A,N,A,N,N,N,N,N,N,N,N,N
NUP210L,N,N,A,N,N,N,A,N,N,N,A,N,N,N,N,N,N,N,A,N,A,N,A,N,N,N,N,N,N,N,N,N
POM121-2;POM121C,N,A,N,N,N,N,N,A,N,N,A,N,N,A,N,A,N,A,A,A,N,A,N,N,A,N,N,A,N,A,A,N
POM121L2;POM121-L;POM121L,N,A,N,N,N,N,N,A,N,N,A,N,N,A,N,A,N,A,A,A,N,A,N,N,A,N,N,A,N,A,A,N
POM121;POM121A;P145,N,A,N,N,N,N,N,A,N,N,A,N,N,A,N,A,N,A,A,A,N,A,N,N,A,N,N,A,N,A,A,N
NET3;TMEM48;NDC1,N,N,N,N,N,N,N,N,N,N,N,N,N,N,N,N,N,N,N,N,N,N,N,N,N,N,N,N,N,N,N,N
CAIN;NUP214;CAN,N,A,N,N,N,N,N,A,N,N,A,N,N,A,N,A,N,A,A,A,N,A,N,N,A,N,N,A,N,A,A,N
NUP88,N,N,N,N,N,N,N,N,N,N,N,N,N,N,N,N,N,N,N,N,N,N,N,N,N,N,N,N,N,N,N,N
RGP4;RGPD4,A,A,A,A,N,N,N,A,A,N,N,N,N,N,N,N,A,N,A,N,A,N,A,A,N,A,N,A,A,A,A,A
RGPD2;RGP1;RanBP2L2;RGPD1,A,A,A,A,N,N,N,A,A,N,N,N,N,N,N,N,A,N,A,N,A,N,A,A,N,A,N,A,A,A,A,A
NUP358;ADANE;ANE1;TRP2;IIAE3;RANBP2;TRP1,D,D,D,D,D,D,D,D,D,N,D,D,D,D,D,D,D,D,D,D,D,D,D,D,D,D,D,D,D,D,D,D
RGP3;RGPD3,A,A,A,A,N,N,N,A,A,N,N,N,N,N,N,N,A,N,A,N,A,N,A,A,N,A,N,A,A,A,A,A
RANBP2L1;RanBP2alpha;RGP8;RGPD8,A,A,A,A,N,N,N,A,A,N,N,N,N,N,N,N,A,N,A,N,A,N,A,A,N,A,N,A,A,A,A,A
RGP2;NUP358;RANBP2L2;RGPD2,A,A,A,A,N,N,N,A,A,N,N,N,N,N,N,N,A,N,A,N,A,N,A,A,N,A,N,A,A,A,A,A
RGPD5;RGP5;HEL161;BS63;BS-63,A,A,A,A,N,N,N,A,A,N,N,N,N,N,N,N,A,N,A,N,A,N,A,A,N,A,N,A,A,A,A,A
C358B7.1;UBC9;UBE2I;P18,A,A,A,A,A,A,A,A,A,A,A,A,A,A,A,A,A,A,A,A,A,A,A,A,A,A,A,A,A,A,A,A
Fug1;SD;RANGAP1;RANGAP,A,A,N,N,A,N,N,N,N,N,N,N,N,N,N,N,N,N,A,N,N,N,A,N,N,N,N,N,N,N,N,N
SMT3H4;IDDM5;SUMO4;dJ281H8.4;SUMO-4,A,A,N,A,N,A,N,A,N,N,A,A,N,N,N,N,A,N,N,N,N,N,A,A,N,A,N,N,N,A,A,A
SMT3H1;SUMO3;Smt3B;SMT3A;SUMO-3,A,A,N,A,N,A,N,A,N,N,A,A,N,N,N,N,A,N,N,N,N,N,A,A,N,A,N,N,N,A,A,A
HSMT3;SUMO2;Smt3A;SUMO3;SMT3B;SMT3H2,A,A,N,A,N,A,N,A,N,N,A,A,N,N,N,N,A,N,N,N,N,N,A,A,N,A,N,N,N,A,A,A
UBL1;DAP1;PIC1;SMT3C;SMT3;GMP1;SMT3H3;OFC10;SENP2;SUMO1,A,A,N,A,N,A,N,A,N,N,A,A,N,N,N,N,A,N,N,N,N,N,A,A,N,A,N,N,N,A,A,A
CG1;NUPL2;NLP_1;hCG1;NLP-1,N,N,N,N,N,N,N,N,N,N,N,N,N,N,N,N,N,N,N,N,N,N,N,N,N,N,N,N,N,N,N,N
AAA;ALADIN;AAASb;ADRACALA;AAAS;ADRACALIN;GL003,A,N,N,N,N,A,A,N,A,A,A,N,N,A,N,A,N,A,A,N,A,N,A,A,N,A,N,A,N,N,N,A
JBP1;PRMT5;IBP72;SKB1Hs;SKB1;HRMT1L5,N,N,N,N,A,N,N,N,N,N,A,N,N,A,N,N,N,N,N,N,N,N,N,N,N,N,N,N,N,N,A,N
exp5;XPO5,N,N,A,N,A,A,N,A,A,N,A,A,A,N,N,N,N,A,N,N,A,N,A,N,N,N,N,A,N,A,A,N
EEF-1;LENG7;EF1A;EE1A1;EEF1A1;CCS-3;GRAF-1EF;PTI1;HNGC:16303;eEF1A-1;CCS3;EF-Tu;EEF1A,D,D,D,N,D,D,D,N,D,D,D,D,D,N,D,D,D,N,D,D,D,N,D,D,N,N,D,N,D,N,D,N
STN;EF1A;STNL;EEF1AL;MRD38;EIEE33;HS1;EEF1A2;EF-1-alpha-2,D,D,D,N,D,D,D,N,D,D,D,D,D,N,D,D,D,N,D,N,D,N,D,D,N,N,D,N,D,N,D,N
CGI-07;NMD3,N,N,N,A,A,A,N,A,N,N,A,N,N,N,N,N,A,N,N,N,N,N,A,A,N,N,A,A,N,N,A,N
smg-2;UPF1;NORF1;RENT1;pNORF1;HUPF1,A,A,A,A,A,N,A,A,A,N,A,A,A,A,N,A,A,N,A,N,A,A,A,N,A,A,A,A,N,A,A,N
UAP56;D6S81E;DDX39B;BAT1,D,D,D,D,D,D,D,D,D,D,D,D,D,D,D,D,D,D,D,D,D,D,D,D,D,D,D,D,D,D,D,D
WIBG;PYM1;PYM,N,N,N,N,N,N,N,N,N,N,N,N,N,N,N,N,N,N,N,N,N,N,N,N,N,N,N,N,N,N,N,N
EIF1;SUI1;EIF-1;A121;ISO1;EIF1A,N,A,N,A,N,N,N,N,A,N,A,A,A,N,N,N,A,N,A,N,N,N,N,A,N,N,N,N,N,N,A,N
GC20;EIF1B,N,A,N,A,N,N,N,N,A,N,A,A,A,N,N,N,A,N,A,N,N,N,N,A,N,N,N,N,N,N,A,N
EIF1AP1;EIF4C;eIF-4C;EIF1A;EIF1AX;eIF-1A,N,C,N,N,N,N,C,N,N,N,N,C,C,N,N,N,N,C,N,N,C,C,N,N,C,N,N,C,N,N,C,C
EIF1AY;eIF-4C,N,C,N,N,N,N,C,N,N,N,N,C,C,N,N,N,N,C,N,N,C,C,N,N,C,N,N,C,N,N,C,C
EIF3E;EIF3S6;EIF3-P48;INT6;eIF3-p46,N,A,N,N,A,A,N,A,A,N,N,A,N,N,N,N,N,A,N,N,N,N,A,A,N,A,N,N,N,N,N,N
EIF3CL,N,N,A,N,A,N,N,N,A,N,N,N,N,N,N,N,N,N,N,N,N,A,N,N,N,N,N,N,N,N,A,N
EIF3;P167;EIF3S10;EIF3A;eIF3-p170;p185;TIF32;eIF3-theta;p180,N,A,A,N,N,A,N,N,N,N,A,N,N,N,N,N,N,N,N,N,N,N,N,N,N,N,N,N,A,N,N,N
EIF3-P110;EIF3S9;PRT1;EIF3B;EIF3-P116;EIF3-ETA,N,A,N,N,N,A,N,A,N,N,N,A,A,N,N,A,A,N,N,N,N,A,N,N,A,A,N,N,N,N,N,N
EIF3C;eIF3-p110;EIF3CL;EIF3S8,N,N,A,N,A,N,N,N,A,N,N,N,N,N,N,N,N,N,N,N,N,A,N,N,N,N,N,N,N,N,A,N
eIF3-p66;EIF3S7;eIF3-zeta;EIF3D,A,A,A,N,A,N,N,A,A,N,A,A,A,A,N,A,A,N,A,N,A,N,A,A,A,N,A,N,A,N,A,N
eIF3-p47;EIF3S5;EIF3F,C,C,C,C,C,N,C,C,C,N,C,C,N,C,C,C,C,C,C,C,C,C,C,C,C,C,N,C,N,C,C,C
eIF3-delta;eIF3-p44;EIF3G;EIF3-P42;EIF3S4,A,A,A,A,A,N,A,A,A,A,A,A,A,A,N,A,A,A,N,A,A,A,A,A,N,A,A,N,N,A,A,A
EIF3S3;eIF3-p40;EIF3H;eIF3-gamma,C,C,C,N,N,C,C,C,C,N,C,C,N,C,C,C,C,C,C,C,C,C,C,C,C,C,N,C,N,C,C,C
eIF3-p36;EIF3I;eIF3-beta;TRIP-1;TRIP1;PRO2242;EIF3S2,A,A,A,A,A,A,A,A,A,N,A,A,A,A,A,A,A,A,A,A,A,A,A,A,A,A,A,A,A,A,A,A
EIF3J;eIF3-alpha;eIF3-p35;EIF3S1,N,N,N,N,N,N,N,N,A,N,A,A,N,N,N,N,A,N,N,N,N,N,N,N,N,N,A,N,N,N,N,N
SIFD;CGI-47;CCA1;TRNT1;RPEM;MtCCA,N,N,N,N,N,N,N,N,N,N,N,N,N,N,N,N,N,N,N,N,N,N,N,N,N,N,N,N,N,N,N,N
RPP20;RPP2;POP7;0610037N12Rik,N,N,N,N,N,N,N,N,N,N,N,N,N,N,N,N,N,N,N,N,N,N,N,N,N,N,N,N,N,N,N,N
TSG15;RPP30,A,A,A,N,A,N,A,N,A,N,A,A,N,A,A,N,N,N,N,A,N,N,A,N,A,A,N,A,A,N,A,N
RPP38,N,N,N,N,N,N,N,N,C,N,C,N,N,C,N,N,N,N,C,N,C,N,N,N,N,C,C,N,C,N,C,N
RPP29;POP4,A,N,N,N,N,N,N,A,A,N,A,A,N,A,A,N,N,N,N,N,N,N,A,A,A,A,N,N,N,N,A,A
bA428J1.3;RPP40;RNASEP1,N,N,N,N,N,N,N,N,N,N,N,N,N,N,N,N,N,N,N,N,N,N,N,N,N,N,N,N,N,N,N,N
POP1;ANXD2,N,N,N,N,N,N,N,N,N,N,N,N,N,N,N,N,N,N,N,N,N,N,N,N,N,N,N,N,N,N,N,N
RPP14;P14,N,N,N,N,N,N,N,N,N,N,N,N,N,N,N,N,N,N,N,N,N,N,N,N,N,N,N,N,N,N,N,N
bA296L22.5;C9orf23;RPP25L,N,A,N,N,N,N,N,N,A,N,A,N,N,N,N,N,A,N,N,N,A,N,N,N,A,N,N,N,N,N,N,N
RPP20;HSPC004;hPop5;RPP2;POP5,N,N,N,N,N,N,N,N,N,N,N,N,N,N,N,N,N,N,N,N,N,N,N,N,N,N,N,N,N,N,N,N
RPP25,N,A,N,N,N,N,N,N,A,N,A,N,N,N,N,N,A,N,N,N,A,N,N,N,A,N,N,N,N,N,N,N
CAT60;C6orf135;RPP21,N,N,N,N,N,N,N,N,N,N,N,N,N,N,N,N,N,N,N,N,N,N,N,N,N,N,N,N,N,N,N,N
ELAC1;D29,N,N,N,N,N,N,N,N,N,N,N,N,N,N,N,N,N,N,N,N,N,N,N,N,N,N,N,N,N,N,N,N
COXPD17;ELC2;ELAC2;HPC2,N,N,N,N,N,N,N,N,N,N,N,N,N,N,N,N,N,N,N,N,N,N,N,N,N,N,N,N,N,N,N,N
THOC1;P84N5;P84;HPR1,A,A,N,N,N,N,A,N,A,N,A,A,A,N,N,N,N,N,A,A,A,N,A,N,N,N,N,A,A,N,A,N
MRX35;CXorf3;dJ506G2.1;THO2;THOC2;hTREX120;MRX12,N,A,N,N,N,N,N,A,A,N,N,N,N,A,N,N,N,N,N,N,A,N,N,N,N,N,N,N,N,N,N,N
THO3;hTREX45;THOC3,A,A,A,N,A,A,A,A,A,A,A,A,A,A,A,A,A,A,A,A,A,A,A,A,A,A,N,A,A,A,A,A
Fmip;fSAP79;C22orf19;PK1.3;THOC5,N,N,A,N,N,N,A,N,N,N,A,N,N,N,N,N,N,N,N,N,N,N,A,N,N,N,N,N,N,N,A,N
WDR58;THOC6;fSAP35,A,N,A,N,N,N,A,N,N,N,A,N,A,A,N,N,A,N,N,A,N,N,A,A,N,A,N,A,N,N,A,N
hTREX30;NIF3L1BP1;THOC7;fSAP24,N,N,N,N,N,N,N,A,N,N,A,A,N,N,N,N,N,N,N,A,N,A,N,N,N,N,N,A,N,N,N,N
PABPC4L,D,D,D,D,D,D,D,D,D,D,D,D,D,D,D,D,D,D,D,D,D,D,D,D,D,D,D,D,D,D,D,D
PABPC5;PABP5,D,D,D,D,D,D,D,D,D,D,D,D,D,D,D,D,D,D,D,N,D,D,D,D,D,D,D,D,D,D,D,D
PAB1;PABPC2;PABP;PABPL1;PABPC1;PABP1,D,D,D,D,D,D,D,D,D,D,D,D,D,D,D,D,D,D,D,N,D,D,D,D,D,D,D,D,D,D,D,D
PABPC1L2A;RBM32A,D,D,D,D,D,D,D,D,D,D,D,D,D,D,D,D,D,D,D,N,D,D,D,D,D,D,D,D,D,D,D,D
PABP3;PABPL3;tPABP;PABPC3,D,D,D,D,D,D,D,D,D,D,D,D,D,D,D,D,D,D,D,N,D,D,D,D,D,D,D,D,D,D,D,D
PABPC1L2B;RBM32B,D,D,D,D,D,D,D,D,D,D,D,D,D,D,D,D,D,D,D,N,D,D,D,D,D,D,D,D,D,D,D,D
PABPC1L;C20orf119;dJ1069P2.3;EPAB;PABPC1L1,A,A,A,A,A,A,A,A,A,A,A,A,A,A,A,A,A,A,A,A,A,A,A,A,A,A,A,A,A,A,A,A
PABPC4;APP1;PABP4;APP-1;iPABP,D,D,D,D,D,D,D,D,D,D,D,D,D,D,D,D,D,D,D,N,D,D,D,D,D,D,D,D,D,D,D,D
EIF2;EIF2A;EIF2S1;EIF-2;EIF-2A;EIF-2alpha,N,N,N,N,N,N,N,N,N,N,N,N,N,N,N,N,N,N,N,N,N,N,N,N,N,N,N,N,N,N,N,N
EIF2;EIF2S3;MRXSBRK;EIF2gamma;eIF-2gA;EIF2G,D,N,D,N,D,N,D,N,N,N,N,D,N,N,D,D,D,N,N,N,D,N,D,D,N,N,D,N,N,N,D,N
EIF2B;eIF-2-beta;EIF2;EIF2S2;EIF2beta;PPP1R67,D,D,D,N,N,N,D,N,D,N,D,D,N,D,N,N,D,N,N,D,N,D,D,D,N,N,D,D,D,D,D,D
PAIP1,A,N,N,N,A,N,N,N,A,N,A,A,N,N,N,N,A,A,N,N,A,N,N,A,N,A,N,N,N,N,A,A
EIF-4A;eIF-4A-I;DDX2A;eIF4A-I;EIF4A1;EIF4A,D,D,D,D,D,D,D,D,D,D,D,D,D,D,D,D,D,D,D,D,D,D,D,D,D,D,D,D,D,D,D,D
eIF4A-II;EIF4A2;DDX2B;eIF-4A-II;BM-010;EIF4F;EIF4A,D,D,D,D,D,D,D,D,D,D,D,D,D,D,D,D,D,D,D,D,D,D,D,D,D,D,D,D,D,D,D,D
CBP;eIF-4E;EIF4E;EIF4F;EIF4E1;AUTS19;EIF4EL1,A,A,A,N,A,A,A,A,A,A,A,A,N,A,A,N,A,A,A,A,N,A,A,A,A,A,A,A,N,N,A,A
EIF4E1B,A,A,A,N,A,A,A,A,A,A,A,A,N,A,A,N,A,A,A,A,N,A,A,A,A,A,A,A,N,N,A,A
4E-LP;4EHP;h4EHP;IF4e;EIF4EL3;EIF4E2,A,A,A,N,A,A,A,A,A,A,A,A,N,A,A,N,A,A,A,A,N,A,A,A,A,A,A,A,N,N,A,A
EIF4G1;EIF4G;PARK18;EIF4GI;EIF4F;P220;EIF-4G1,A,N,A,N,A,N,N,N,A,N,A,A,A,N,N,N,A,A,A,N,A,N,N,A,N,A,A,N,N,N,A,A
EIF4G2;P97;NAT1;DAP5;AAG1,A,N,A,N,A,N,N,N,A,N,A,A,A,N,N,N,A,A,A,N,A,N,N,A,N,A,A,N,N,N,A,A
eIF-4G_3;EIF4G3;eIF4G_3;eIF4GII,A,N,A,N,A,N,N,N,A,N,A,A,A,N,N,N,A,A,A,N,A,N,N,A,N,A,A,N,N,N,A,A
EIF5;EIF-5A;EIF-5,D,D,D,N,N,N,D,N,D,N,D,D,N,D,N,N,D,N,N,D,N,D,D,D,N,N,D,D,D,D,D,D
HUPF2;smg-3;RENT2;UPF2,N,A,N,N,N,N,A,N,N,N,N,N,N,N,N,N,A,N,N,N,A,N,N,N,N,A,N,N,N,N,N,N
Upf3p-X;MRXS14;UPF3BP2;RENT3B;UPF3BP1;UPF3B;HUPF3B;UPF3BP3;MRX62;UPF3X,N,N,N,N,N,N,N,N,N,N,N,N,N,N,N,N,N,N,N,N,N,N,N,N,N,N,N,N,N,N,N,N
RENT3A;UPF3;UPF3A;HUPF3A,N,N,N,N,N,N,N,N,N,N,N,N,N,N,N,N,N,N,N,N,N,N,N,N,N,N,N,N,N,N,N,N
EIF4B;PRO1843;EIF-4B,N,N,N,N,A,N,A,N,N,N,N,N,A,A,N,N,A,N,N,N,N,N,A,N,A,N,N,N,A,N,A,N
4E-BP1;PHAS-I;EIF4EBP1;BP-1;4EBP1,N,N,N,N,N,N,N,N,N,N,N,N,N,N,N,N,N,N,N,N,N,N,N,N,N,N,N,N,N,N,N,N
EIF4EBP2;PHASII;4EBP2,N,N,N,N,N,N,N,N,N,N,N,N,N,N,N,N,N,N,N,N,N,N,N,N,N,N,N,N,N,N,N,N
4E-BP3;4EBP3;EIF4EBP3,N,N,N,N,N,N,N,N,N,N,N,N,N,N,N,N,N,N,N,N,N,N,N,N,N,N,N,N,N,N,N,N
ERIC1;TACC3;ERIC-1,N,N,N,N,N,N,N,N,N,N,N,N,N,N,N,N,N,N,N,N,N,N,N,N,N,N,N,N,N,N,N,N
EIF5B;IF2,N,N,N,N,N,N,N,N,N,N,N,N,N,N,N,N,N,N,N,N,N,N,N,N,N,N,N,N,N,N,N,N
EIF2BA;EIF2B1;EIF2B,N,N,N,N,N,N,N,N,N,N,N,N,N,N,N,N,N,N,N,N,N,N,N,N,N,N,N,N,N,N,N,N
EIF2B4;EIF-2B;EIF2Bdelta;EIF2B,N,N,N,N,N,N,N,N,N,N,N,N,N,N,N,N,N,N,N,N,N,N,N,N,N,N,N,N,N,N,N,N
EIF-2B;EIF2B3;EIF2Bgamma,A,A,N,N,N,N,N,N,A,N,A,N,N,N,N,N,N,N,N,N,N,A,N,A,N,A,N,A,N,N,N,N
EIF-2Bbeta;EIF2B;EIF2B2,N,N,N,N,N,N,N,N,N,N,N,N,N,N,N,N,N,N,N,N,N,N,N,N,N,N,N,N,N,N,N,N
LVWM;EIF-2B;CACH;EIF2B5;CLE;EIF2Bepsilon,A,A,N,N,N,N,N,N,A,N,A,N,N,N,N,N,N,N,N,N,N,A,N,A,N,A,N,A,N,N,N,N
NP44;NUP35;MP44;NUP53;MP-44,N,N,N,N,N,N,N,N,N,N,N,N,N,N,N,N,N,N,N,N,N,N,N,N,N,N,N,N,N,N,N,N
U6-1;U6;RNU6-1;RNU6A;RNU6,N,N,N,N,N,N,N,N,N,N,N,N,N,N,N,N,N,N,N,N,N,N,N,N,N,N,N,N,N,N,N,N
SNORD3B-1;U3b1;RNU3A1;U3b2;U3a,N,N,N,N,N,N,N,N,N,N,N,N,N,N,N,N,N,N,N,N,N,N,N,N,N,N,N,N,N,N,N,N
SNORD3A;RNU3;U3,N,N,N,N,N,N,N,N,N,N,N,N,N,N,N,N,N,N,N,N,N,N,N,N,N,N,N,N,N,N,N,N
U3b2;SNORD3B-2;U3-2B,N,N,N,N,N,N,N,N,N,N,N,N,N,N,N,N,N,N,N,N,N,N,N,N,N,N,N,N,N,N,N,N
RNU3-3;U3-3;SNORD3C,N,N,N,N,N,N,N,N,N,N,N,N,N,N,N,N,N,N,N,N,N,N,N,N,N,N,N,N,N,N,N,N
SRA1;CYFIP1;SHYC;SRA-1;P140SRA-1,N,N,N,N,N,N,N,N,N,N,N,N,N,N,N,N,N,N,N,N,N,N,N,N,N,N,N,N,N,N,N,N
PIR121;CYFIP2,N,N,N,N,N,N,N,N,N,N,N,N,N,N,N,N,N,N,N,N,N,N,N,N,N,N,N,N,N,N,N,N
FMR1;FRAXA;FMRP;POF1;POF,N,N,A,N,N,N,N,N,N,N,A,N,A,N,A,A,A,N,N,N,N,N,N,N,N,N,N,N,N,N,A,N
FXR1;FXR1P,N,N,A,N,N,N,N,N,N,N,A,N,A,N,A,A,A,N,N,N,N,N,N,N,N,N,N,N,N,N,A,N
FMR1L2;FXR2P;FXR2,N,N,A,N,N,N,N,N,N,N,A,N,A,N,A,A,A,N,N,N,N,N,N,N,N,N,N,N,N,N,A,N
