NMD-R1;MRD8;NMDA1;GluN1;NR1;GRIN1;NMDAR1,N,N,D,N,N,N,N,D,D,N,D,D,D,N,D,N,N,D,N,D,N,N,N,N,N,D,N,N,N,N,D,D
GRIN2A;LKS;NMDAR2A;GluN2A;EPND;FESD;NR2A,N,N,D,N,N,N,N,D,D,N,D,D,D,N,D,N,N,D,N,D,N,N,N,N,N,D,N,N,N,N,D,D
hNR3;MRD6;NR2B;GluN2B;EIEE27;GRIN2B;NMDAR2B,N,N,D,N,N,N,N,D,D,N,D,D,D,N,D,N,N,D,N,D,N,N,N,N,N,D,N,N,N,N,D,D
NR2C;GRIN2C;NMDAR2C;GluN2C,N,N,D,N,N,N,N,D,D,N,D,D,D,N,D,N,N,D,N,D,N,N,N,N,N,D,N,N,N,N,D,D
NR2D;GRIN2D;EIEE46;EB11;NMDAR2D;GluN2D,N,N,D,N,N,N,N,D,D,N,D,D,D,N,D,N,N,D,N,D,N,N,N,N,N,D,N,N,N,N,D,D
CALML6;CAGLP,A,A,A,A,A,A,N,A,A,N,A,A,A,A,A,A,A,A,A,A,A,A,A,A,A,A,A,A,A,A,A,A
CALML5;CLSP,B,B,B,B,B,B,B,B,B,B,B,B,B,B,B,B,B,B,B,B,B,B,B,B,B,B,B,B,B,B,B,B
CALM1;CPVT4;CAMI;LQT14;PHKD;CALML2;caM;DD132,B,B,B,B,B,B,B,B,B,B,B,B,B,B,B,B,B,B,B,B,B,B,B,B,B,B,B,B,B,B,B,B
CAMII;LQT15;PHKD2;caM;PHKD;CALM2,B,B,B,B,B,B,B,B,B,B,B,B,B,B,B,B,B,B,B,B,B,B,B,B,B,B,B,B,B,B,B,B
PHKD3;HEL-S-72;CALM3;PHKD;CaMIII;CaM,B,B,B,B,B,B,B,B,B,B,B,B,B,B,B,B,B,B,B,B,B,B,B,B,B,B,B,B,B,B,B,B
CLP;CALML3,B,B,B,B,B,B,B,B,B,B,B,B,B,B,B,B,B,B,B,B,B,B,B,B,B,B,B,B,B,B,B,B
CALML4;NY-BR-20,A,A,A,A,A,N,A,A,A,N,A,A,A,A,A,A,A,A,A,A,A,A,A,A,A,A,A,A,A,A,A,A
CAMK2A;CAMKA,B,B,B,B,B,B,B,B,B,B,B,B,B,B,B,B,B,B,B,B,B,B,B,B,B,B,B,B,B,B,B,B
CAM2;CAMK2;CAMKB;CAMK2B,B,B,B,B,B,B,B,B,B,B,B,B,B,B,B,B,B,B,B,B,B,B,B,B,B,B,B,B,B,B,B,B
CAMKD;CAMK2D,B,B,B,B,B,B,B,B,B,B,B,B,B,B,B,B,B,B,B,B,B,B,B,B,B,B,B,B,B,B,B,B
CAMK;CAMKG;CAMK-II;CAMK2G,B,B,B,B,B,B,B,B,B,B,B,B,B,B,B,B,B,B,B,B,B,B,B,B,B,B,B,B,B,B,B,B
NOS;NC-NOS;NOS1;bNOS;nNOS;N-NOS;IHPS1,A,A,A,N,A,N,N,A,N,N,A,N,A,A,A,N,A,A,N,N,N,A,N,N,N,N,N,N,A,N,A,N
GUC1A2;GC-SA2;GUCY1A2,B,B,B,B,B,B,N,B,B,N,B,B,B,B,B,N,B,B,B,B,B,B,B,B,N,B,B,N,B,B,B,B
GUCY1A3;GC-SA3;MYMY6;GUCSA3;GUCA3;GUC1A3;GUCY1A1,B,B,B,B,B,B,N,B,B,N,B,B,B,B,B,N,B,B,B,B,B,B,B,B,N,B,B,N,B,B,B,B
GUCY1B3;GUC1B3;GUCSB3;GC-SB3;GUCY1B1;GC-S-beta-1;GUCB3,B,B,B,B,B,B,N,B,B,N,B,B,B,B,B,N,B,B,B,B,B,B,B,B,N,B,B,N,B,B,B,B
cGK;cGK1;PRKG1;PKG;cGKI-BETA;AAT8;cGKI;cGK_1;PRKGR1B;cGKI-alpha;PRKG1B,B,B,B,B,B,B,B,B,B,B,B,B,B,B,B,B,B,B,B,B,B,B,B,B,B,B,B,B,B,B,B,B
PRKGR2;cGK2;PRKG2;cGKII,B,B,B,B,B,B,B,B,B,B,B,B,B,B,B,B,B,B,B,B,B,B,B,B,B,B,B,B,B,B,B,B
MTNR1B;FGQTL2;MEL-1B-R;MT2,N,N,N,N,N,N,N,N,N,N,N,N,N,N,N,N,N,N,N,N,N,N,N,N,N,N,N,N,N,N,N,N
EIEE12;PLC-beta-1;PLCB1B;PLC-154;PLCB1;PLCB1A;PI-PLC;PLC154;PLC-I,A,A,A,N,A,N,A,N,A,N,A,N,A,A,A,N,N,A,N,N,N,A,A,N,A,A,N,A,N,N,A,N
PLCB2;PLC-beta-2,A,A,A,N,A,N,A,N,A,N,A,N,A,A,A,N,N,A,N,N,N,A,A,N,A,A,N,A,N,N,A,N
PLCB3,A,A,A,N,A,N,A,N,A,N,A,N,A,A,A,N,N,A,N,N,N,A,A,N,A,A,N,A,N,N,A,N
PI-PLC;ARCND2;PLCB4,A,A,A,N,A,N,A,N,A,N,A,N,A,A,A,N,N,A,N,N,N,A,A,N,A,A,N,A,N,N,A,N
PRKACA;PRKCA;PKC-alpha;AAG6;PKCA,B,B,B,B,B,B,B,B,B,B,B,B,B,B,B,B,B,B,B,B,B,B,B,B,B,B,B,B,B,B,B,B
PKC-beta;PKCB;PRKCB2;PRKCB;PRKCB1,B,B,B,B,B,B,B,B,B,B,B,B,B,B,B,B,B,B,B,B,B,B,B,B,B,B,B,B,B,B,B,B
PKCC;PKCG;PKC-gamma;SCA14;PRKCG,B,B,B,B,B,B,B,B,B,B,B,B,B,B,B,B,B,B,B,B,B,B,B,B,B,B,B,B,B,B,B,B
LADCI;IDDCA;GB5;GNB5,A,A,A,A,A,A,A,A,A,N,A,A,A,A,A,A,A,A,A,A,A,A,A,A,A,A,A,A,A,A,A,A
CMC1;G-ALPHA-q;GAQ;SWS;GNAQ,A,N,N,N,N,N,N,N,A,N,A,N,A,N,N,N,N,N,N,N,N,N,A,N,N,N,N,N,N,N,N,N
MRD42;GNB1,A,A,A,A,A,A,A,A,A,A,A,A,A,A,A,A,A,A,A,A,A,A,A,A,A,A,A,A,A,A,A,A
GNB2,A,A,A,A,A,A,A,A,A,A,A,A,A,A,A,A,A,A,A,A,A,A,A,A,A,A,A,A,A,A,A,A
GNB3;CSNB1H,A,A,A,A,A,A,A,A,A,A,A,A,A,A,A,A,A,A,A,A,A,A,A,A,A,A,A,A,A,A,A,A
GNG3,N,N,N,N,N,N,N,N,N,N,N,N,N,N,N,N,N,N,N,N,N,N,N,N,N,N,N,N,N,N,N,N
GNG4,N,N,N,N,N,N,N,N,N,N,N,N,N,N,N,N,N,N,N,N,N,N,N,N,N,N,N,N,N,N,N,N
GNG5,N,N,N,N,N,N,N,N,N,N,N,N,N,N,N,N,N,N,N,N,N,N,N,N,N,N,N,N,N,N,N,N
GNG7,N,N,N,N,N,N,N,N,N,N,N,N,N,N,N,N,N,N,N,N,N,N,N,N,N,N,N,N,N,N,N,N
GNG10,N,N,N,N,N,N,N,N,N,N,N,N,N,N,N,N,N,N,N,N,N,N,N,N,N,N,N,N,N,N,N,N
GNGT11;GNG11,N,N,N,N,N,N,N,N,N,N,N,N,N,N,N,N,N,N,N,N,N,N,N,N,N,N,N,N,N,N,N,N
GNG1;GNGT1,N,N,N,N,N,N,N,N,N,N,N,N,N,N,N,N,N,N,N,N,N,N,N,N,N,N,N,N,N,N,N,N
G-GAMMA-8;GNG8;GNG9;G-GAMMA-C;GNGT8;GNGT2,N,N,N,N,N,N,N,N,N,N,N,N,N,N,N,N,N,N,N,N,N,N,N,N,N,N,N,N,N,N,N,N
GNG13;G(gamma)13;h2-35,N,N,N,N,N,N,N,N,N,N,N,N,N,N,N,N,N,N,N,N,N,N,N,N,N,N,N,N,N,N,N,N
GNG2,N,N,N,N,N,N,N,N,N,N,N,N,N,N,N,N,N,N,N,N,N,N,N,N,N,N,N,N,N,N,N,N
GNG12,N,N,N,N,N,N,N,N,N,N,N,N,N,N,N,N,N,N,N,N,N,N,N,N,N,N,N,N,N,N,N,N
CMTD1F;GNB4,A,A,A,A,A,A,A,A,A,A,A,A,A,A,A,A,A,A,A,A,A,A,A,A,A,A,A,A,A,A,A,A
GNG8,N,N,N,N,N,N,N,N,N,N,N,N,N,N,N,N,N,N,N,N,N,N,N,N,N,N,N,N,N,N,N,N
CACNA1I;ca(v)3.3;Cav3.3,N,N,N,N,N,N,N,N,N,N,N,N,N,N,N,N,N,N,N,N,N,N,N,N,N,N,N,N,N,N,N,N
HALD4;Cav3.2;CACNA1H;EIG6;ECA6;CACNA1HB,N,N,N,N,N,N,N,N,N,N,N,N,N,N,N,N,N,N,N,N,N,N,N,N,N,N,N,N,N,N,N,N
Cav3.1;Ca(V)T.1;CACNA1G;SCA42;NBR13,N,N,N,N,N,N,N,N,N,N,N,N,N,N,N,N,N,N,N,N,N,N,N,N,N,N,N,N,N,N,N,N
ACV;CLA4;PPP1R94;ITPR1;SCA16;INSP3R1;IP3R1;SCA29;SCA15;IP3R,A,N,N,A,N,N,N,N,N,N,A,N,A,A,A,N,N,N,N,A,N,N,N,N,N,N,N,N,N,N,A,N
IP3R;IP3R3;ITPR3,A,N,N,A,N,N,N,N,N,N,A,N,A,A,A,N,N,N,N,A,N,N,N,N,N,N,N,N,N,N,A,N
MHS1;RYR;RYR1;RYR-1;MHS;RYDR;PPP1R137;CCO;SKRR,A,A,A,A,N,N,A,A,A,N,A,A,A,A,A,A,N,N,N,A,A,A,A,N,N,A,A,A,N,N,A,A
ARVD2;RYR2;RYR-2;ARVC2;VTSIP;RyR,A,A,A,A,N,N,A,A,A,N,A,A,A,A,A,A,N,N,N,A,A,A,A,N,N,A,A,A,N,N,A,A
RYR3;RYR-3,A,A,A,N,N,N,A,A,A,N,A,A,N,A,A,A,N,N,N,N,A,A,A,N,N,A,A,A,N,N,A,A
GRIA1;HBGR1;GLUH1;GLURA;GLUR1;GluA1,N,N,D,N,N,N,N,D,D,N,D,D,D,N,D,N,N,D,N,D,N,N,N,N,N,D,N,N,N,N,D,D
GLURB;GLUR2;GRIA2;HBGR2;GluR-K2;GluA2,N,N,D,N,N,N,N,D,D,N,D,D,D,N,D,N,N,D,N,D,N,N,N,N,N,D,N,N,N,N,D,D
GLUR-K3;GLUR-C;GLUR3;MRX94;GRIA3;GluA3;GLURC,N,N,D,N,N,N,N,D,D,N,D,D,D,N,D,N,N,D,N,D,N,N,N,N,N,D,N,N,N,N,D,D
GLUR4C;GLUR4;GluA4;GLURD;GRIA4,N,N,D,N,N,N,N,D,D,N,D,D,D,N,D,N,N,D,N,D,N,N,N,N,N,D,N,N,N,N,D,D
p41;PRKM1;MAPK1;ERT1;P42MAPK;ERK-2;ERK2;MAPK2;p38;p41mapk;PRKM2;ERK;p42-MAPK;p40,D,D,D,D,D,D,D,D,D,D,D,D,D,D,D,D,D,D,D,D,D,D,D,D,D,D,D,D,D,D,D,D
ERT2;ERK1;p44-MAPK;HUMKER1A;P44ERK1;MAPK3;ERK-1;PRKM3;P44MAPK;p44-ERK1;HS44KDAP,D,D,D,D,D,D,D,D,D,D,D,D,D,D,D,D,D,D,D,D,D,D,D,D,D,D,D,D,D,D,D,D
PACAPR;PAC1R;PAC1;PACAPRI;ADCYAP1R1,N,A,N,N,N,N,N,A,N,N,A,A,N,A,N,N,A,N,N,N,A,A,A,N,N,A,N,N,N,N,A,A
DFNB44;AC1;ADCY1,B,B,B,B,B,B,N,B,B,N,B,B,B,B,B,N,B,B,B,B,B,B,B,B,N,B,B,N,B,B,B,B
ADCY2;HBAC2;AC2,B,B,B,B,B,B,N,B,B,N,B,B,B,B,B,N,B,B,B,B,B,B,B,B,N,B,B,N,B,B,B,B
AC3;ADCY3;AC-III,B,B,B,B,B,B,N,B,B,N,B,B,B,B,B,N,B,B,B,B,B,B,B,B,N,B,B,N,B,B,B,B
FDFM;AC5;ADCY5,B,B,B,B,B,B,N,B,B,N,B,B,B,B,B,N,B,B,B,B,B,B,B,B,N,B,B,N,B,B,B,B
LCCS8;ADCY6;AC6,B,B,B,B,B,B,N,B,B,N,B,B,B,B,B,N,B,B,B,B,B,B,B,B,N,B,B,N,B,B,B,B
AC7;ADCY7,B,B,B,B,B,B,N,B,B,N,B,B,B,B,B,N,B,B,B,B,B,B,B,B,N,B,B,N,B,B,B,B
HBAC1;AC8;ADCY3;ADCY8,B,B,B,B,B,B,N,B,B,N,B,B,B,B,B,N,B,B,B,B,B,B,B,B,N,B,B,N,B,B,B,B
ACIX;ADCY9;AC9,B,B,B,B,B,B,N,B,B,N,B,B,B,B,B,N,B,B,B,B,B,B,B,B,N,B,B,N,B,B,B,B
ADCY4;AC4,B,B,B,B,B,B,N,B,B,N,B,B,B,B,B,N,B,B,B,B,B,B,B,B,N,B,B,N,B,B,B,B
Sacy;ADCY10;HCA2;HEL-S-7a;SAC;hsAC;SACI,N,A,N,N,N,N,A,N,A,N,N,N,N,N,A,N,N,N,N,N,N,A,A,N,N,N,N,N,N,N,A,N
PRKACA;PKACA;PPNAD4,B,B,B,B,B,B,B,B,B,B,B,B,B,B,B,B,B,B,B,B,B,B,B,B,B,B,B,B,B,B,B,B
PKACB;PRKACB;PKA_C-beta,B,B,B,B,B,B,B,B,B,B,B,B,B,B,B,B,B,B,B,B,B,B,B,B,B,B,B,B,B,B,B,B
BDPLT19;PKACg;PRKACG;KAPG,B,B,B,B,B,B,B,B,B,B,B,B,B,B,B,B,B,B,B,B,B,B,B,B,B,B,B,B,B,B,B,B
GSP;AHO;GNAS;SgVI;GPSA;GSA;NESP;SCG6;C20orf45;POH;GNAS1,N,N,N,N,N,N,N,N,N,N,N,N,N,N,N,N,N,N,N,N,N,N,N,N,N,N,N,N,N,N,N,N
RASD1;AGS1;DEXRAS1;MGC:26290,C,C,C,C,C,C,C,C,C,C,C,C,C,C,C,C,C,C,C,C,C,C,C,C,C,C,C,C,C,C,C,C
TS;CACH2;CACNL1A1;CaV1.2;CACN2;LQT8;CACNA1C;CCHL1A1,N,N,N,N,N,N,N,N,N,N,N,N,N,N,N,N,N,N,N,N,N,N,N,N,N,N,N,N,N,N,N,N
CCHL1A2;CACN4;Cav1.3;PASNA;CACH3;CACNL1A2;SANDD;CACNA1D,N,N,N,N,N,N,N,N,N,N,N,N,N,N,N,N,N,N,N,N,N,N,N,N,N,N,N,N,N,N,N,N
CAPON;NOS1AP;6330408P19Rik,N,N,N,N,N,N,N,N,N,N,N,N,N,N,N,N,N,N,N,N,N,N,N,N,N,N,N,N,N,N,N,N
GNAI1;Gi,N,N,A,N,N,N,N,A,A,N,A,A,N,A,N,A,N,N,N,A,A,A,N,A,N,A,N,A,A,N,N,A
GIP;GNAI2B;GNAI2;H_LUCA16.1;H_LUCA15.1,N,N,N,N,N,N,N,N,N,N,N,N,N,N,N,N,N,N,N,N,N,N,N,N,N,N,N,N,N,N,N,N
GNAI3;ARCND1;87U6,N,N,A,N,N,N,N,A,A,N,A,A,N,A,N,A,N,N,N,A,A,A,N,A,N,A,N,A,A,N,N,A
EIEE17;GNAO1;HLA-DQB1;GNAO;G-ALPHA-o;NEDIM,N,N,N,N,N,N,N,N,N,N,N,N,N,N,N,N,N,N,N,N,N,N,N,N,N,N,N,N,N,N,N,N
MSK1;MSPK1;RLPK;RPS6KA5,B,B,B,B,B,B,B,B,B,B,B,B,B,B,B,B,B,B,B,B,B,B,B,B,B,B,B,B,B,B,B,B
CREB-1;CREB;CREB1,N,N,N,N,N,N,N,N,N,N,N,N,N,N,N,N,N,N,N,N,N,N,N,N,N,N,N,N,N,N,N,N
MTNR1A;MEL-1A-R;MT1,N,N,N,N,N,N,N,N,N,N,N,N,N,N,N,N,N,N,N,N,N,N,N,N,N,N,N,N,N,N,N,N
KIR3.1;KCNJ3;GIRK1;KGA,N,N,A,N,N,N,N,A,N,N,A,N,N,N,N,N,N,A,N,N,N,N,N,N,N,A,N,N,N,N,A,A
CIR;LQT13;KCNJ5;GIRK4;KIR3.4;KATP1,N,N,A,N,N,N,N,A,N,N,A,N,N,N,N,N,N,A,N,N,N,N,N,N,N,A,N,N,N,N,A,A
KIR3.2;BIR1;KCNJ6;KPLBS;KATP-2;hiGIRK2;GIRK2;KATP2;GIRK-2;KCNJ7,N,N,A,N,N,N,N,A,N,N,A,N,N,N,N,N,N,A,N,N,N,N,N,N,N,A,N,N,N,N,A,A
KCNJ9;KIR3.3;GIRK3,N,N,A,N,N,N,N,A,N,N,A,N,N,N,N,N,N,A,N,N,N,N,N,N,N,A,N,N,N,N,A,A
RIGUI;hPER;PER1;PER,N,N,N,N,N,N,A,N,N,A,A,N,N,N,A,A,A,N,N,N,N,N,N,N,N,N,N,N,N,N,A,N
PER3;FASPS3;GIG13,N,N,N,N,N,N,A,N,N,A,A,N,N,N,A,A,A,N,N,N,N,N,N,N,N,N,N,N,N,N,A,N
PER2;FASPS1;FASPS,N,N,N,N,N,N,A,N,N,A,A,N,N,N,A,A,A,N,N,N,N,N,N,N,N,N,N,N,N,N,A,N
FOS;AP-1;p55;C-FOS,N,N,N,N,N,N,N,N,N,N,N,N,N,N,N,N,N,N,N,N,N,N,N,N,N,N,N,N,N,N,N,N
