uap1,A,N,A,N,A,N,A,A,A,N,A,N,A,N,N,A,N,A,N,N,A,N,N,A,N,N,N,A,N,A,A,N
gnpda1,N,N,N,N,N,N,N,N,N,N,N,N,N,N,N,N,N,N,N,N,N,N,N,N,N,N,N,N,N,N,N,N
3,N,N,N,N,N,N,N,N,N,N,N,N,N,N,N,N,N,N,N,N,N,N,N,N,N,N,N,N,N,N,N,N
gna1,N,N,N,N,N,N,N,N,N,N,N,N,N,N,N,N,N,N,N,N,N,N,N,N,N,N,N,N,N,N,N,N
nagB,A,N,N,A,N,N,N,N,N,N,N,N,N,A,N,N,N,N,N,N,A,A,N,N,N,N,N,N,N,N,N,A
nagA,A,N,N,A,N,N,N,N,N,N,N,N,N,A,N,N,N,N,N,N,A,A,N,N,N,N,N,N,N,N,N,A
nagD,A,N,N,A,N,N,N,N,N,N,N,N,N,A,N,N,N,N,N,N,A,A,N,N,N,N,N,N,N,N,N,A
8,N,N,N,N,N,N,N,N,N,N,N,N,N,N,N,N,N,N,N,N,N,N,N,N,N,N,N,N,N,N,N,N
cyb5r1,N,N,N,N,N,N,N,N,N,N,N,N,N,N,N,N,N,N,N,N,N,N,N,N,N,N,N,N,N,N,N,N
10,N,N,N,N,N,N,N,N,N,N,N,N,N,N,N,N,N,N,N,N,N,N,N,N,N,N,N,N,N,N,N,N
galE,N,N,N,N,A,N,N,N,N,N,A,N,N,N,N,N,N,N,N,A,N,N,N,N,N,A,N,N,N,N,N,N
mpi,N,A,N,N,N,A,N,N,N,N,A,N,A,A,A,N,A,N,A,N,N,A,A,N,N,N,A,A,N,N,A,N
pmmB,N,N,N,N,N,N,N,N,N,N,N,N,N,N,N,N,N,N,N,N,N,N,N,N,N,N,N,N,N,N,N,N
pmmA,N,N,N,N,N,N,N,N,N,N,N,N,N,N,N,N,N,N,N,N,N,N,N,N,N,N,N,N,N,N,N,N
15,N,N,N,N,N,N,N,N,N,N,N,N,N,N,N,N,N,N,N,N,N,N,N,N,N,N,N,N,N,N,N,N
pgmB,N,N,N,N,N,N,N,N,N,N,N,N,N,N,N,N,N,N,N,N,N,N,N,N,N,N,N,N,N,N,N,N
pgmA,N,N,N,N,N,N,N,N,N,N,N,N,N,N,N,N,N,N,N,N,N,N,N,N,N,N,N,N,N,N,N,N
mpgB,N,N,N,N,N,N,N,N,N,N,N,N,N,N,N,N,N,N,N,N,N,N,N,N,N,N,N,N,N,N,N,N
mpgA,N,N,N,N,N,N,N,N,N,N,N,N,N,N,N,N,N,N,N,N,N,N,N,N,N,N,N,N,N,N,N,N
fpgt,N,N,N,N,N,N,N,N,N,N,N,N,N,N,N,N,N,N,N,N,N,N,N,N,N,N,N,N,N,N,N,N
21,N,N,N,N,N,N,N,N,N,N,N,N,N,N,N,N,N,N,N,N,N,N,N,N,N,N,N,N,N,N,N,N
gmd,N,N,N,N,N,N,N,A,N,N,A,A,N,A,A,N,A,N,A,N,A,N,A,A,N,N,N,N,N,N,A,N
23,N,N,N,N,N,N,N,N,N,N,N,N,N,N,N,N,N,N,N,N,N,N,N,N,N,N,N,N,N,N,N,N
gpi,N,N,N,N,N,N,N,N,N,N,N,N,N,N,N,N,N,N,N,N,N,N,N,N,N,N,N,N,N,N,N,N
ugpB,A,N,A,N,A,N,A,A,A,N,A,N,A,N,N,A,N,A,N,N,A,N,N,A,N,N,N,A,N,A,A,N
uppA,A,N,A,N,A,N,A,A,A,N,A,N,A,N,N,A,N,A,N,N,A,N,N,A,N,N,N,A,N,A,A,N
27,N,N,N,N,N,N,N,N,N,N,N,N,N,N,N,N,N,N,N,N,N,N,N,N,N,N,N,N,N,N,N,N
