1,N,N,N,N,N,N,N,N,N,N,N,N,N,N,N,N,N,N,N,N,N,N,N,N,N,N,N,N,N,N,N,N
ALDH7B4,A,N,A,N,A,N,A,A,A,N,A,A,A,A,N,N,N,A,A,N,N,N,A,N,N,A,N,A,A,A,A,N
3,A,N,N,A,N,N,N,A,A,N,N,N,A,A,A,A,A,A,N,A,A,A,N,N,N,A,A,A,A,A,A,A
4,A,N,N,A,N,N,N,A,A,N,N,N,A,A,A,A,A,A,N,A,A,A,N,N,N,A,A,A,A,A,A,A
AACT1,N,N,N,N,N,N,N,N,N,N,N,N,N,N,N,N,N,N,N,N,N,N,N,N,N,N,N,N,N,N,N,N
ACAT2,N,N,N,N,N,N,N,N,N,N,N,N,N,N,N,N,N,N,N,N,N,N,N,N,N,N,N,N,N,N,N,N
7,N,N,N,N,N,N,N,N,N,N,N,N,N,N,N,N,N,N,N,N,N,N,N,N,N,N,N,N,N,N,N,N
8,N,N,A,N,N,N,N,N,N,N,A,N,N,A,N,N,N,N,N,N,N,N,N,N,N,N,N,A,N,N,A,N
9,N,N,A,N,N,N,N,N,N,N,A,N,N,A,N,N,N,N,N,N,N,N,N,N,N,N,N,A,N,N,A,N
10,A,N,A,N,N,A,N,A,A,N,A,A,A,A,N,N,N,A,A,N,N,N,N,A,N,N,N,N,N,N,N,N
MEA,B,B,B,B,B,B,B,B,B,N,B,B,B,B,B,B,B,B,B,B,B,B,B,B,B,B,B,B,B,B,B,B
SUVH7,B,N,B,B,N,B,B,B,B,N,B,B,B,B,B,B,N,N,B,B,B,B,B,B,N,B,N,B,B,N,B,N
SUVH3,B,N,B,B,N,B,B,B,B,N,B,B,B,B,B,B,N,N,B,B,B,B,B,B,N,B,N,B,B,N,B,N
SUVH6,B,B,B,B,B,B,B,B,B,N,B,B,B,B,B,B,B,B,B,B,B,B,B,B,B,B,B,B,B,B,B,B
CLF,B,B,B,B,B,B,B,B,B,N,B,B,B,B,B,B,B,B,B,B,B,B,B,B,B,B,B,B,B,B,B,B
SDG21,B,N,B,B,N,B,B,B,B,N,B,B,B,B,B,B,N,N,B,B,B,B,B,B,N,B,N,B,B,N,B,N
SUVH2,B,N,B,B,N,N,N,B,B,N,B,N,N,B,N,N,N,N,N,N,B,B,B,B,N,N,N,B,B,N,B,N
SUVH5,B,N,B,B,N,N,B,B,B,N,B,B,B,B,B,B,N,N,B,N,B,B,B,B,N,B,N,B,B,N,B,N
ASHH3,B,B,B,B,B,B,B,B,B,N,B,B,B,B,B,B,B,B,B,B,B,B,B,B,B,B,B,B,B,B,B,B
ASHH4,B,B,B,B,B,B,B,B,B,N,B,B,B,B,B,B,B,B,B,B,B,B,B,B,B,B,B,B,B,B,B,B
SWN,B,B,B,B,B,B,B,B,B,N,B,B,B,B,B,B,B,B,B,B,B,B,B,B,B,B,B,B,B,B,B,B
SUVH9,B,N,B,B,N,N,N,B,B,N,B,N,N,B,N,N,N,N,N,N,B,B,B,B,N,N,N,B,B,N,B,N
SUVH1,B,N,B,B,N,B,N,B,B,N,B,B,B,B,N,B,N,N,N,B,B,B,B,B,N,N,N,B,B,N,B,N
SUVH4,B,N,B,B,N,B,B,B,B,N,B,B,B,B,B,B,N,N,B,B,B,B,B,B,N,B,N,B,B,N,B,N
ALDH2B7,A,N,A,N,A,N,A,A,A,N,A,A,A,A,N,N,N,A,A,N,N,N,A,N,N,A,N,A,A,A,A,N
ALDH3H1,A,N,A,N,A,N,A,A,A,N,A,A,A,A,N,N,N,A,A,N,N,N,A,N,N,A,N,A,A,A,A,N
ALDH2B4,A,N,A,N,A,N,A,A,A,N,A,A,A,A,N,N,N,A,A,N,N,N,A,N,N,A,N,A,A,A,A,N
ALDH3I1,A,N,A,N,A,N,A,A,A,N,A,A,A,A,N,N,N,A,A,N,N,N,A,N,N,A,N,A,A,A,A,N
ALDH3F1,A,N,A,N,A,N,A,A,A,N,A,A,A,A,N,N,N,A,A,N,N,N,A,N,N,A,N,A,A,A,A,N
