ALG14,A,N,N,A,N,N,N,A,A,N,N,N,A,A,A,A,A,A,N,A,A,A,N,N,N,A,A,A,A,A,A,A
2,N,N,N,N,N,N,N,N,N,N,N,N,N,N,N,N,N,N,N,N,N,N,N,N,N,N,N,N,N,N,N,N
ALG6,A,A,N,N,N,A,A,N,A,N,A,N,A,N,N,N,A,A,N,N,A,N,N,A,N,N,A,N,N,N,A,A
ECM39;ALG12,N,A,A,N,N,N,N,N,A,N,N,N,N,N,A,A,A,N,N,N,A,A,N,A,A,N,N,A,N,N,N,N
ALG9,N,A,A,N,N,N,N,N,A,N,A,N,N,A,A,A,A,A,N,N,A,A,N,A,A,N,N,A,N,N,A,N
RHK1;ALG3,N,A,A,N,N,A,A,N,A,N,A,N,N,A,N,N,A,A,A,N,N,N,A,A,A,A,A,A,A,N,A,N
CWH8;CAX4,N,N,A,N,N,A,N,N,A,N,A,N,N,A,N,N,A,N,N,N,A,N,N,N,A,N,N,N,A,N,A,A
MNS1,N,A,A,N,N,A,N,N,A,N,A,N,N,A,N,N,N,A,A,N,N,A,A,A,N,A,A,N,N,N,A,N
MNL2,N,A,A,N,N,N,N,N,A,N,A,N,N,N,N,N,N,A,A,N,N,A,A,N,N,A,A,N,N,N,N,N
GLS2;ROT2,N,N,N,N,N,A,N,N,N,N,A,N,N,N,A,N,N,N,N,N,N,A,N,N,N,N,N,N,N,N,A,N
DER7;GLS1;CWH41,N,N,N,N,N,N,N,N,N,N,N,N,N,N,N,N,N,N,N,N,N,N,N,N,N,N,N,N,N,N,N,N
ALG11,N,N,N,N,N,N,N,A,N,N,A,N,N,N,N,N,N,A,N,N,N,N,N,N,N,N,N,A,N,N,N,N
STT3,N,N,N,N,N,N,N,N,N,N,N,N,N,N,N,N,N,N,N,N,N,N,N,N,N,N,N,N,N,N,N,N
ALG5,N,N,N,N,N,N,N,N,N,N,N,N,N,N,N,N,N,N,N,N,N,N,N,N,N,N,N,N,N,N,N,N
ALG2,N,N,N,N,N,N,N,A,N,N,A,N,N,N,N,N,N,A,N,N,N,N,N,N,N,N,N,A,N,N,N,N
ALG1,N,N,A,N,N,N,N,N,A,N,A,N,N,N,A,N,N,N,N,A,N,N,A,N,N,A,A,N,N,A,A,N
ALG13,A,N,A,N,N,A,A,A,A,N,N,N,N,N,N,N,N,N,N,A,A,N,N,N,N,A,N,N,N,N,A,N
DPM1;SED3,N,N,N,N,N,N,N,N,N,N,N,N,N,N,N,N,N,N,N,N,N,N,N,N,N,N,N,N,N,N,N,N
TUR1;ALG7,N,N,N,N,N,N,N,N,N,N,N,N,N,N,N,N,N,N,N,N,N,N,N,N,N,N,N,N,N,N,N,N
SEC59,N,A,N,N,N,N,N,N,N,N,A,N,N,A,N,N,N,N,N,N,A,N,N,N,A,N,A,A,N,N,N,A
ALG10;DIE2,N,A,A,N,N,A,A,N,A,N,N,N,N,A,N,A,N,N,N,A,N,N,A,A,N,A,A,N,A,N,A,N
YOR29-18;ALG8,A,A,N,N,N,A,A,N,A,N,A,N,A,N,N,N,A,A,N,N,A,N,N,A,N,N,A,N,N,N,A,A
OST4,N,N,N,N,N,N,N,N,N,N,N,N,N,N,N,N,N,N,N,N,N,N,N,N,N,N,N,N,N,N,N,N
WBP1,N,A,A,N,N,N,N,A,A,N,N,N,N,A,N,N,N,N,N,A,A,N,A,N,N,A,N,A,N,N,A,A
OST5,N,N,N,N,N,N,N,N,N,N,N,N,N,N,N,N,N,N,N,N,N,N,N,N,N,N,N,N,N,N,N,N
NLT1;OST1,A,A,A,N,N,A,A,A,A,N,A,A,N,N,A,A,N,A,A,A,A,N,N,A,A,N,A,A,N,N,A,A
OST6,N,N,N,N,N,N,N,N,N,N,N,N,N,N,N,N,N,N,N,N,N,N,N,N,N,N,N,N,N,N,N,N
SWP1,N,N,N,N,N,N,N,N,N,N,N,N,N,N,N,N,N,N,N,N,N,N,N,N,N,N,N,N,N,N,N,N
OST3,N,N,N,N,N,N,N,N,N,N,N,N,N,N,N,N,N,N,N,N,N,N,N,N,N,N,N,N,N,N,N,N
OST2,A,A,A,N,N,N,A,A,A,N,N,N,N,N,N,A,A,N,N,A,A,N,N,N,N,A,A,A,N,N,A,A
