APN;P150;ANPEP;CD13;PEPN;LAP1;GP150,N,A,N,N,A,N,N,A,A,N,A,N,N,N,A,A,N,A,N,N,N,N,A,A,N,N,A,N,N,N,A,N
GGT6,N,N,N,N,N,B,N,N,N,N,B,B,N,N,N,N,N,N,N,N,N,N,N,B,N,N,N,B,N,N,B,N
GGT_1;GTG;D22S672;D22S732;GGT1;CD224;GGT,N,N,N,N,N,B,N,N,N,N,B,B,N,N,N,N,N,N,N,N,N,N,N,B,N,N,N,B,N,N,B,N
GGTL3;GGT4;GGTL5;GGT7;D20S101,N,N,N,N,N,B,N,N,N,N,B,B,N,N,N,N,N,N,N,N,N,N,N,B,N,N,N,B,N,N,B,N
GGTLA1;GGT5;GGT_5;GGT-REL;GGL,N,N,N,N,N,B,N,N,N,N,B,B,N,N,N,N,N,N,N,N,N,N,N,B,N,N,N,B,N,N,B,N
GPXP3;GPx-6;GPX6;dJ1186N24;GSHPx-6;dJ1186N24.1;GPX5p,A,N,A,N,A,N,N,A,N,N,A,A,A,A,A,N,N,N,N,N,N,A,A,N,N,A,N,N,N,N,A,A
GPXD;GPX1;GSHPX1,A,N,A,N,A,N,N,A,N,N,A,A,A,A,A,N,N,N,N,N,N,A,A,N,N,A,N,N,N,N,A,A
GI-GPx;GPx-GI;GSHPX-GI;GSHPx-2;GPRP;GPx-2;GPX2;GPRP-2,A,N,A,N,A,N,N,A,N,N,A,A,A,A,A,N,N,N,N,N,N,A,A,N,N,A,N,N,N,N,A,A
GSHPx-3;GSHPx-P;GPx-P;GPX3,A,N,A,N,A,N,N,A,N,N,A,A,A,A,A,N,N,N,N,N,N,A,A,N,N,A,N,N,N,N,A,A
HEL-S-75p;GPX5,A,N,A,N,A,N,N,A,N,N,A,A,A,A,A,N,N,N,N,N,N,A,A,N,N,A,N,N,N,N,A,A
GPX6;GPx-7;CL683;GPX7;GSHPx-7;NPGPx,A,N,A,N,A,N,N,A,N,N,A,A,A,A,A,N,N,N,N,N,N,A,A,N,N,A,N,N,N,N,A,A
GSHPx-8;GPX8;EPLA847;GPx-8;UNQ847,A,N,A,N,A,N,N,A,N,N,A,A,A,A,A,N,N,N,N,N,N,A,A,N,N,A,N,N,N,N,A,A
snGPx;GPX4;MCSP;snPHGPx;GPx-4;SMDS;GSHPx-4;PHGPx,A,N,A,N,A,N,N,A,N,N,A,A,A,A,A,N,N,N,N,N,N,A,A,N,N,A,N,N,N,N,A,A
PDIA16;AGR1;TLP19;hTLP19;ERP19;AG1;ERP16;ERP18;hAG-1;TXNDC12,A,N,N,A,N,N,N,N,N,N,N,N,N,A,N,N,N,N,N,N,A,N,N,A,N,N,N,N,N,N,N,N
G6PD;G6PD1,B,B,B,N,B,B,B,B,B,N,B,B,N,B,N,B,N,B,B,N,N,N,B,B,B,N,N,B,N,N,B,B
IDCD;IDH1;IDPC;IDP;HEL-216;HEL-S-26;IDH;PICD,A,N,N,N,N,N,N,N,A,N,N,N,N,N,N,A,A,N,N,N,N,N,A,N,N,N,N,N,N,N,A,N
D2HGA2;mNADP-IDH;IDH2;IDP;IDHM;IDPM;IDH;ICD-M,A,N,N,N,N,N,N,N,A,N,N,N,N,N,N,A,A,N,N,N,N,N,A,N,N,N,N,N,N,N,A,N
HEL-S-64p;GSS;HEL-S-88n;GSHS,N,N,N,N,N,A,N,N,N,N,A,N,N,A,N,N,N,A,N,N,A,N,N,A,N,N,N,N,N,N,N,N
GLCLC;GLCL;GCL;GCS;GCLC,A,A,N,N,N,A,A,N,N,N,A,A,A,A,A,A,A,A,N,A,A,N,N,N,A,A,A,N,A,N,A,N
GLCLR;GCLM,A,N,A,N,N,N,N,A,N,N,N,A,N,N,N,N,N,N,N,N,N,N,A,N,N,A,N,N,N,A,A,N
OPLAH;OPLA;5-Opase;OPLAHD,N,N,N,N,N,N,N,N,N,N,N,N,N,N,N,N,N,N,N,N,N,N,N,N,N,N,N,N,N,N,N,N
CRF21;GCTG;C7orf24;GGC;GGCT,N,N,N,N,N,A,N,N,N,N,A,N,A,N,N,N,N,N,N,N,N,N,N,A,N,A,N,N,N,N,N,N
Hcml2;NAT8BP;CML2;NAT8B,N,N,N,N,N,N,N,N,N,N,N,N,N,N,N,N,N,N,N,N,N,N,N,N,N,N,N,N,N,N,N,N
TSC510;Hcml1;CML1;CCNAT;GLA;ATase2;TSC501;NAT8,N,N,N,N,N,N,N,N,N,N,N,N,N,N,N,N,N,N,N,N,N,N,N,N,N,N,N,N,N,N,N,N
GSTO_2-2;GSTO2;bA127L20.1,N,N,N,N,N,N,N,A,N,N,A,N,N,A,N,N,N,N,N,A,N,N,N,N,N,N,N,N,N,N,A,N
GSTA5,A,N,A,N,N,N,A,N,N,N,A,A,A,A,A,N,N,A,A,N,A,N,N,N,N,A,N,N,N,N,A,A
GSTS;PGDS;GSTS1;GSTS1-1;HPGDS;PGD2,A,N,A,N,N,N,A,N,N,N,A,A,A,A,A,N,N,A,A,N,A,N,N,N,N,A,N,N,N,N,A,A
GST-epsilon;GSTA1-1;GSTA1;GTH1;GST2,A,N,A,N,N,N,A,N,N,N,A,A,A,A,A,N,N,A,A,N,A,N,N,N,N,A,N,N,N,N,A,A
GSTA2;GTH2;GTA2;GST2;GSTA2-2,A,N,A,N,N,N,A,N,N,N,A,A,A,A,A,N,N,A,A,N,A,N,N,N,N,A,N,N,N,N,A,A
GTA3;GSTA3;GSTA3-3,A,N,A,N,N,N,A,N,N,N,A,A,A,A,A,N,N,A,A,N,A,N,N,N,N,A,N,N,N,N,A,A
GSTA4;GTA4;GSTA4-4,A,N,A,N,N,N,A,N,N,N,A,A,A,A,A,N,N,A,A,N,A,N,N,N,N,A,N,N,N,N,A,A
GTH4;H-B;GSTM1b-1b;MU-1;GSTM1-1;GSTM1;MU;GSTM1a-1a;GTM1;GST1,A,N,A,N,N,N,A,N,N,N,A,A,A,A,A,N,N,A,A,N,A,N,N,N,N,A,N,N,N,N,A,A
GSTM2-2;GST4;GSTM;GSTM2;GTHMUS,A,N,A,N,N,N,A,N,N,N,A,A,A,A,A,N,N,A,A,N,A,N,N,N,N,A,N,N,N,N,A,A
GST5;GSTB;GSTM3;GSTM3-3;GTM3,A,N,A,N,N,N,A,N,N,N,A,A,A,A,A,N,N,A,A,N,A,N,N,N,N,A,N,N,N,N,A,A
GSTM4-4;GTM4;GSTM4,A,N,A,N,N,N,A,N,N,N,A,A,A,A,A,N,N,A,A,N,A,N,N,N,N,A,N,N,N,N,A,A
GSTM5-5;GSTM5;GTM5,A,N,A,N,N,N,A,N,N,N,A,A,A,A,A,N,N,A,A,N,A,N,N,N,N,A,N,N,N,N,A,A
GSTP1;DFN7;FAEES3;GST3;PI;HEL-S-22;GSTP,A,N,A,N,N,N,A,N,N,N,A,A,A,A,A,N,N,A,A,N,A,N,N,N,N,A,N,N,N,N,A,A
GSTT1,N,N,N,N,N,N,N,N,N,N,N,N,N,N,N,N,N,N,N,N,N,N,N,N,N,N,N,N,N,N,N,N
GSTT2,N,N,N,N,N,N,N,N,N,N,N,N,N,N,N,N,N,N,N,N,N,N,N,N,N,N,N,N,N,N,N,N
hGSTK1;GST;GST13-13;GST_13-13;GSTK1;GSTK1-1;GST13,N,N,N,N,N,N,N,N,N,N,N,N,N,N,N,N,N,N,N,N,N,N,N,N,N,N,N,N,N,N,N,N
MGST;GST12;MGST-I;MGST1,N,N,N,N,N,N,N,N,N,N,N,N,N,N,N,N,N,N,N,N,N,N,N,N,N,N,N,N,N,N,N,N
MGST-II;GST2;MGST2,A,N,N,N,N,A,N,N,A,N,A,N,A,A,A,N,N,A,A,N,A,N,N,N,N,N,N,A,N,N,A,A
MGST3;GST-III,A,N,A,N,N,A,A,N,A,N,A,N,A,A,A,N,N,A,A,N,A,N,N,N,N,N,N,A,N,N,A,A
GSTT2B;GSTT2P,N,N,N,N,N,N,N,N,N,N,N,N,N,N,N,N,N,N,N,N,N,N,N,N,N,N,N,N,N,N,N,N
HEL-S-21;GSTO_1-1;P28;SPG-R;GSTTLp28;GSTO1,N,N,N,N,N,N,N,A,N,N,A,N,N,A,N,N,N,N,N,A,N,N,N,N,N,N,N,N,N,N,A,N
GSR;HEL-75;HEL-S-122m,N,N,N,N,N,N,N,N,N,N,N,N,N,N,N,N,N,N,N,N,N,N,N,N,N,N,N,N,N,N,N,N
6PGD;PGD,N,N,N,N,N,N,N,N,N,N,N,N,N,N,N,N,N,N,N,N,N,N,N,N,N,N,N,N,N,N,N,N
ODC;ODC1,N,N,N,N,N,N,N,N,N,N,N,N,N,N,N,N,N,N,N,N,N,N,N,N,N,N,N,N,N,N,N,N
SRM;SRML1;SPDSY;PAPT;SPS1,N,N,N,N,N,N,N,N,N,N,N,N,N,N,N,N,N,N,N,N,N,N,N,N,N,N,N,N,N,N,N,N
SpS;SRS;MRSR;SPMSY;SMS,N,N,N,N,N,N,N,N,N,N,N,N,N,N,N,N,N,N,N,N,N,N,N,N,N,N,N,N,N,N,N,N
MTDPS8B;P53R2;MTDPS8A;RRM2B,N,N,A,N,N,A,N,N,N,N,N,N,N,N,N,N,A,N,N,A,A,N,N,N,A,N,N,A,N,N,A,N
RR1;R1;RIR1;RRM1,N,N,D,N,N,N,N,N,D,N,D,N,D,N,N,N,D,N,D,D,D,N,N,D,N,N,N,D,N,N,D,N
RRM2;RR2;RR2M;R2,N,N,A,N,N,A,N,N,N,N,N,N,N,N,N,N,A,N,N,A,A,N,N,N,A,N,N,A,N,N,A,N
LAP3;LAPEP;LAP;HEL-S-106;PEPS,N,N,N,N,N,N,N,N,N,N,N,N,N,N,N,N,N,N,N,N,N,N,N,N,N,N,N,N,N,N,N,N
