ZRNP1;MDS014;C1DELq21.1;DEL1q21.1;Y14;ZNRP;BOV-1B;BOV-1C;RBM8;BOV-1A;TAR;RBM8B;RBM8A,A,A,A,A,A,A,A,A,A,N,A,A,A,A,A,A,A,A,A,N,A,A,A,A,N,A,A,A,A,A,A,A
MAGOH1;MAGOH;MAGOHA,A,A,N,N,A,N,N,A,A,N,A,A,A,A,A,A,A,A,A,A,A,A,A,A,N,A,N,N,A,A,A,A
mago;MAGOHB;magoh;MGN2,A,A,N,N,A,N,N,A,A,N,A,A,A,A,A,A,A,A,A,A,A,A,A,A,N,A,N,N,A,A,A,A
EIF4A3;MUK34;NMP265;eIF4AIII;RCPS;NUK34;DDX48;Fal1,D,D,D,D,D,D,D,D,D,D,D,D,D,D,D,D,D,D,D,D,D,D,D,D,D,D,D,D,D,D,D,D
CASC3;BTZ;MLN51,N,N,N,N,N,N,N,N,N,N,N,N,N,N,N,N,N,N,N,N,N,N,N,N,N,N,N,N,N,N,N,N
ACINUS;fSAP152;ACN;ACIN1,N,N,N,N,N,N,N,N,N,N,N,N,N,N,N,N,N,N,N,N,N,N,N,N,N,N,N,N,N,N,N,N
E5.1;RNPS1,A,N,N,N,N,A,N,N,A,N,N,A,A,N,N,A,A,N,N,N,N,N,N,A,N,N,N,N,N,N,A,N
2HOR0202;SAP18;SAP18P,A,A,N,N,N,N,N,A,A,N,A,N,N,A,N,N,N,N,A,N,N,N,N,N,N,N,N,N,A,N,A,N
SRM160;160-KD;POP101;SRRM1,A,N,N,N,N,N,N,N,A,N,A,A,N,A,N,N,N,N,N,N,A,A,N,A,N,N,N,N,N,N,A,A
TAP;NXF1;MEX67,N,N,N,N,A,N,N,N,N,N,A,N,N,N,A,N,N,N,N,N,N,N,N,N,N,A,N,N,A,N,A,A
NXF5,N,N,N,N,A,N,N,N,N,N,A,N,N,N,A,N,N,N,N,N,N,N,N,N,N,A,N,N,A,N,A,A
NXF3,N,N,N,N,A,N,N,N,N,N,A,N,N,N,A,N,N,N,N,N,N,N,N,N,N,A,N,N,A,N,A,A
TAPL-2;TCP11X2;CT39;NXF2,N,N,N,N,A,N,N,N,N,N,A,N,N,N,A,N,N,N,N,N,N,N,N,N,N,A,N,N,A,N,A,A
NXF2B;bA353J17.1;TCP11X1,N,N,N,N,A,N,N,N,N,N,A,N,N,N,A,N,N,N,N,N,N,N,N,N,N,A,N,N,A,N,A,A
memA;DRSP;PNN;DRS;SDK3,A,N,N,N,N,N,N,N,A,N,N,N,N,N,N,A,N,A,N,N,N,A,N,N,N,N,N,N,N,N,N,N
REF;BEF;ALY;THOC4;ALY/REF;ALYREF,N,N,N,N,N,N,N,N,N,N,N,N,N,N,N,N,N,N,N,N,N,N,N,N,N,N,N,N,N,N,N,N
P15;NXT1;MTR2,A,A,N,N,A,N,N,A,A,N,N,N,A,A,N,N,A,N,N,A,A,A,N,N,N,A,N,A,N,N,A,N
NXT2;P15-2,A,A,N,N,A,N,N,A,A,N,N,N,A,A,N,N,A,N,N,A,A,A,N,N,N,A,N,A,N,N,A,N
NCBP1;NCBP;CBP80;Sto1,N,N,N,N,N,N,N,N,N,N,N,N,N,N,N,N,N,N,N,N,N,N,N,N,N,N,N,N,N,N,N,N
Upf3p-X;MRXS14;UPF3BP2;RENT3B;UPF3BP1;UPF3B;HUPF3B;UPF3BP3;MRX62;UPF3X,N,N,N,N,N,N,N,N,N,N,N,N,N,N,N,N,N,N,N,N,N,N,N,N,N,N,N,N,N,N,N,N
RENT3A;UPF3;UPF3A;HUPF3A,N,N,N,N,N,N,N,N,N,N,N,N,N,N,N,N,N,N,N,N,N,N,N,N,N,N,N,N,N,N,N,N
UAP56;D6S81E;DDX39B;BAT1,D,D,D,D,D,D,D,D,D,D,D,D,D,D,D,D,D,D,D,D,D,D,D,D,D,D,D,D,D,D,D,D
WIBG;PYM1;PYM,N,N,N,N,N,N,N,N,N,N,N,N,N,N,N,N,N,N,N,N,N,N,N,N,N,N,N,N,N,N,N,N
smg-2;UPF1;NORF1;RENT1;pNORF1;HUPF1,A,A,A,A,A,N,A,A,A,N,A,A,A,A,N,A,A,N,A,N,A,A,A,N,A,A,A,A,N,A,A,N
HUPF2;smg-3;RENT2;UPF2,N,A,N,N,N,N,A,N,N,N,N,N,N,N,N,N,A,N,N,N,A,N,N,N,N,A,N,N,N,N,N,N
ATX;61E3.4;LIP;SMG1,A,A,A,A,A,A,N,A,A,A,A,A,A,A,A,A,A,A,A,A,A,A,A,A,A,A,A,A,A,A,A,A
LPTS-RP1;LPTSRP1;SMG-5;EST1B;SMG5,N,N,A,N,N,N,N,N,A,N,A,A,N,N,N,N,N,N,N,N,N,N,N,A,N,A,N,N,N,N,N,A
EST1C;SMG7;C1orf16;SGA56M,N,N,A,N,N,N,N,N,A,N,A,A,N,N,N,N,N,N,N,N,N,N,N,A,N,A,N,N,N,N,N,A
C17orf31;SMG-6;EST1A;SMG6;hSMG5/7a,N,N,A,N,N,N,N,N,A,N,A,A,N,N,N,N,N,N,N,N,N,N,N,A,N,A,N,N,N,N,N,A
D5S1995;RF1;ETF1;ERF;ERF1;TB3-1;SUP45L1,C,N,N,C,N,N,C,N,N,C,C,C,N,C,N,C,C,N,N,C,C,C,C,N,N,N,N,C,C,C,N,C
ERF3B;GST2;GSPT2,D,D,D,N,D,D,D,N,N,D,D,D,N,N,D,D,D,N,D,N,D,N,D,D,N,N,D,N,D,N,D,N
551G9.2;eRF3a;ETF3A;GST1;GSPT1,D,D,D,N,D,D,D,N,N,D,D,D,N,N,D,D,D,N,D,N,D,N,D,D,N,N,D,N,D,N,D,N
HCE1;hCAP;CAP1A;RNGTT;HCE,A,N,N,N,N,A,N,N,N,N,N,N,N,N,A,N,N,N,N,N,A,N,N,A,N,N,N,A,N,A,A,N
CMT1c;hCMT1;hMet;cm1p;RNMT;MET;RG7MT1;CMT1,A,N,A,A,A,N,A,N,A,N,A,N,N,A,A,A,N,N,A,A,A,N,N,N,N,A,N,N,A,N,A,N
CFIM25;NUDT21;CPSF5,A,A,N,N,N,N,A,A,A,A,N,N,N,A,N,N,N,N,A,N,A,N,A,N,N,A,N,N,N,N,A,N
PAPOLA;PAP,A,A,A,N,A,N,N,A,A,N,N,A,A,A,N,N,A,A,A,A,A,N,A,N,A,A,A,A,N,N,A,N
PAPT;PAPOLB;TPAP,A,A,A,N,A,N,N,A,A,N,N,A,A,A,N,N,A,A,A,A,A,N,A,N,A,A,A,A,N,N,A,N
PAPOLG,A,A,A,N,A,N,N,A,A,N,N,A,A,A,N,N,A,A,A,A,A,N,A,N,A,A,A,A,N,N,A,N
PCF11,N,N,A,N,N,A,N,N,A,N,A,N,N,A,N,N,N,N,A,A,A,N,N,A,A,A,N,N,N,A,A,N
HEAB;CLP1;hClp1,N,N,N,N,A,N,A,N,N,N,N,N,N,N,N,N,A,N,N,N,N,N,A,N,N,N,N,N,N,N,N,N
CPSF6;HPBRII-7;CFIM72;CFIM68;CFIM;HPBRII-4,A,A,N,N,A,A,N,A,A,N,A,N,A,A,A,N,N,A,A,N,N,N,N,N,A,A,A,A,N,N,A,N
CPSF7;CFIm59,A,A,N,N,A,A,N,A,A,N,A,N,A,A,A,N,N,A,A,N,N,N,N,N,A,A,A,A,N,N,A,N
FIP1L1;Rhe;FIP1;hFip1,N,A,N,N,N,N,A,N,A,N,A,N,N,N,N,N,N,N,A,N,N,N,A,N,A,A,N,N,N,A,N,A
CPSF73;CPSF3;CPSF-73,N,N,N,N,N,N,N,N,N,N,N,N,N,N,N,N,N,N,N,N,N,N,N,N,N,N,N,N,N,N,N,N
CPSF2;CPSF100,N,N,N,N,N,N,N,N,B,N,B,N,N,B,N,N,N,N,N,N,B,N,N,N,B,N,N,N,N,N,B,N
P/cl.18;CPSF160;CPSF1;HSU37012,A,A,A,N,A,A,N,A,A,A,A,A,N,A,A,A,A,A,A,A,N,N,A,A,N,N,A,A,A,N,A,N
NAR;CPSF30;CPSF4;NEB1;NEB-1,A,N,N,N,N,N,A,N,A,N,A,N,N,A,N,N,N,N,A,A,N,A,A,N,N,A,A,N,A,N,A,N
CstF-50;CstFp50;CSTF1,A,A,A,A,A,A,A,A,A,N,A,A,A,A,A,A,A,A,A,A,A,A,A,A,A,A,A,A,A,A,A,A
CstF-64;CSTF2,A,A,A,N,A,A,A,A,A,N,A,A,A,A,A,A,A,A,A,N,A,A,A,A,A,A,A,A,A,A,A,A
CSTF2T;CstF-64T,A,A,A,N,A,A,A,A,A,N,A,A,A,A,A,A,A,A,A,N,A,A,A,A,A,A,A,A,A,A,A,A
CSTF-77;CSTF3,A,A,A,N,A,A,N,A,A,N,A,A,N,N,N,A,A,A,A,A,A,N,A,A,N,A,A,N,A,N,A,A
SYM;SPK;SYMPK,N,A,N,N,N,N,N,N,A,N,N,N,N,A,N,A,N,N,N,N,N,N,N,N,N,N,N,N,N,N,A,N
NCBP2;CBP20;PIG55;CBC2;NIP1,A,A,A,A,A,A,A,A,A,N,A,A,A,A,A,A,A,A,N,N,A,A,A,A,A,A,A,N,A,A,A,N
BCL2L2-PABPN1,N,A,N,N,N,N,A,A,A,N,A,N,A,A,N,A,A,N,N,N,A,A,A,N,N,A,A,N,N,N,A,A
PABPN1L;ePABP2;PABPNL1,A,A,N,N,A,N,N,N,N,N,A,N,N,N,A,N,N,A,N,N,N,N,N,N,N,N,N,N,N,N,A,N
PAB2;PABP-2;PABII;PABPN1;OPMD;PABP2,N,N,N,N,N,N,N,N,A,N,A,N,A,N,N,N,N,N,N,N,N,N,A,N,N,A,N,N,N,N,N,A
PABPC4L,D,D,D,D,D,D,D,D,D,D,D,D,D,D,D,D,D,D,D,D,D,D,D,D,D,D,D,D,D,D,D,D
PABPC5;PABP5,D,D,D,D,D,D,D,D,D,D,D,D,D,D,D,D,D,D,D,N,D,D,D,D,D,D,D,D,D,D,D,D
PAB1;PABPC2;PABP;PABPL1;PABPC1;PABP1,D,D,D,D,D,D,D,D,D,D,D,D,D,D,D,D,D,D,D,N,D,D,D,D,D,D,D,D,D,D,D,D
PABPC1L2A;RBM32A,D,D,D,D,D,D,D,D,D,D,D,D,D,D,D,D,D,D,D,N,D,D,D,D,D,D,D,D,D,D,D,D
PABP3;PABPL3;tPABP;PABPC3,D,D,D,D,D,D,D,D,D,D,D,D,D,D,D,D,D,D,D,N,D,D,D,D,D,D,D,D,D,D,D,D
PABPC1L2B;RBM32B,D,D,D,D,D,D,D,D,D,D,D,D,D,D,D,D,D,D,D,N,D,D,D,D,D,D,D,D,D,D,D,D
PABPC1L;C20orf119;dJ1069P2.3;EPAB;PABPC1L1,A,A,A,A,A,A,A,A,A,A,A,A,A,A,A,A,A,A,A,A,A,A,A,A,A,A,A,A,A,A,A,A
PABPC4;APP1;PABP4;APP-1;iPABP,D,D,D,D,D,D,D,D,D,D,D,D,D,D,D,D,D,D,D,N,D,D,D,D,D,D,D,D,D,D,D,D
PR48;PR70;PPP2R3LY;PPP2R3L;PPP2R3B;NYREN8,A,N,N,N,A,A,N,N,A,N,A,A,N,N,N,A,N,N,N,N,N,N,N,N,N,A,A,N,N,A,A,N
G5pr;C14orf10;G4-1;PPP2R3C,A,N,N,N,A,A,N,N,A,N,A,A,N,N,N,A,N,N,N,N,N,N,N,N,N,A,A,N,N,A,A,N
PPP2CA;PP2Calpha;PP2CA;PP2Ac;RP-C,D,D,D,D,D,D,D,D,D,N,D,D,D,D,D,D,D,D,D,D,D,D,D,D,D,D,D,D,D,D,D,D
PPP2CB;PP2Abeta;PP2CB,D,D,D,D,D,D,D,D,D,N,D,D,D,D,D,D,D,D,D,D,D,D,D,D,D,D,D,D,D,D,D,D
PP2AAALPHA;PR65A;PPP2R1A;PP2AA;MRD36;PP2A-Aalpha,N,N,A,A,A,A,A,N,A,N,A,N,A,N,N,N,A,N,N,A,A,A,N,N,N,A,A,A,N,N,A,N
PR65B;PP2A-Abeta;PPP2R1B,N,N,A,A,A,A,A,N,A,N,A,N,A,N,N,N,A,N,N,A,A,A,N,N,N,A,A,A,N,N,A,N
PR55alpha;B55A;PR52A;PR55A;PPP2R2A;B55ALPHA,N,A,N,A,A,A,N,N,N,N,N,N,N,A,N,N,N,N,N,A,N,N,A,N,N,A,N,N,N,N,A,N
PR2AB55BETA;PP2APR55B;PR2APR55BETA;PR55BETA;PR2ABBETA;PP2APR55BETA;PP2ABBETA;PP2AB55BETA;PR55-BETA;SCA12;B55BETA;PR52B;PPP2R2B,N,A,N,A,A,A,N,N,N,N,N,N,N,A,N,N,N,N,N,A,N,N,A,N,N,A,N,N,N,N,A,N
B55gamma;PR52;IMYPNO1;IMYPNO;PR55G;B55-GAMMA;PPP2R2C,N,A,N,A,A,A,N,N,N,N,N,N,N,A,N,N,N,N,N,A,N,N,A,N,N,A,N,N,N,N,A,N
PR130;PR72;PPP2R3A;PPP2R3,A,N,N,N,A,A,N,N,A,N,A,A,N,N,N,A,N,N,N,N,N,N,N,N,N,A,A,N,N,A,A,N
B56A;PPP2R5A;PR61A;B56alpha,N,A,A,N,N,N,N,A,A,N,A,A,N,N,N,N,A,A,N,A,N,N,A,N,N,A,N,N,N,N,A,A
B56beta;PPP2R5B;PR61B;B56B,N,A,A,N,N,N,N,A,A,N,A,A,N,N,N,N,A,A,N,A,N,N,A,N,N,A,N,N,N,N,A,A
B56gamma;B56G;PR61G;PPP2R5C,N,A,A,N,N,N,N,A,A,N,A,A,N,N,N,N,A,A,N,A,N,N,A,N,N,A,N,N,N,N,A,A
B56D;MRD35;B56delta;PPP2R5D,N,A,A,N,N,N,N,A,A,N,A,A,N,N,N,N,A,A,N,A,N,N,A,N,N,A,N,N,N,N,A,A
PPP2R5E;B56E;B56epsilon,N,A,A,N,N,N,N,A,A,N,A,A,N,N,N,N,A,A,N,A,N,N,A,N,N,A,N,N,N,N,A,A
MDS026;PPP2R2D;B55delta;B55D,N,A,N,A,A,A,N,N,N,N,N,N,N,A,N,N,N,N,N,A,N,N,A,N,N,A,N,N,N,N,A,N
ERFS;EF-1a;eRF3c;HBS1;HBS1L;HSPC276,D,D,D,N,D,D,D,N,D,D,D,D,D,N,D,D,D,N,D,N,D,N,D,D,N,N,D,N,D,N,D,N
PRO1770;CGI-17;PELO,C,N,N,N,N,N,N,N,N,N,C,C,N,C,N,N,C,N,N,N,C,C,C,N,N,N,N,C,N,N,N,C
MSI2;MSI2H,D,D,D,D,D,D,D,D,D,D,D,D,D,D,D,D,D,D,D,D,D,D,D,D,D,D,D,D,D,D,D,D
DAZAP1,A,A,A,N,A,A,A,A,A,N,A,N,A,A,A,A,A,A,A,A,A,A,A,A,A,A,A,A,A,N,A,A
MSI1,D,D,D,D,D,D,D,D,D,D,D,D,D,D,D,D,D,D,D,D,D,D,D,D,D,D,D,D,D,D,D,D
NET14;WDC146;WDR33,A,A,A,A,A,A,A,A,A,A,A,A,A,A,A,A,A,A,A,A,A,A,A,A,A,A,A,A,A,A,A,A
WDR82;SWD2;WDR82A;MSTP107;MST107;PRO2730;PRO34047;TMEM113,A,A,A,A,A,A,A,A,A,N,A,A,A,A,A,A,A,A,A,A,A,A,A,A,A,A,A,A,A,A,A,A
PPP1A;PP-1A;PP1A;PPP1CA;PP1alpha,D,D,D,D,D,D,D,D,D,N,D,D,D,D,D,D,D,D,D,D,D,D,D,D,D,D,D,D,D,D,D,D
PP-1B;PPP1CB;PPP1CD;HEL-S-80p;PP1beta;PP1B;NSLH2,D,D,D,D,D,D,D,D,D,N,D,D,D,D,D,D,D,D,D,D,D,D,D,D,D,D,D,D,D,D,D,D
PP1C;PP-1G;PPP1CC;PPP1G,D,D,D,D,D,D,D,D,D,N,D,D,D,D,D,D,D,D,D,D,D,D,D,D,D,D,D,D,D,D,D,D
SSU72;PNAS-120;HSPC182,B,B,B,N,N,B,B,B,B,N,B,B,N,B,N,N,N,B,B,B,N,N,N,B,N,N,B,B,N,N,B,N
