MPS7;BG;GUSB,N,N,N,N,N,N,N,N,N,N,N,N,N,N,N,N,N,N,N,N,N,N,N,N,N,N,N,N,N,N,N,N
KL,N,N,N,N,N,N,N,N,N,N,N,N,N,N,N,N,N,N,N,N,N,N,N,N,N,N,N,N,N,N,N,N
RPE;RPE2-1,N,N,N,N,N,N,N,N,N,N,N,N,N,N,N,N,N,N,N,N,N,N,N,N,N,N,N,N,N,N,N,N
RPEL1,N,N,N,N,N,N,N,N,N,N,N,N,N,N,N,N,N,N,N,N,N,N,N,N,N,N,N,N,N,N,N,N
ISPD;MDDGA7;hISPD;Nip;MDDGC7;hCG_1745121,N,N,N,N,N,N,N,N,N,N,N,N,N,N,N,N,N,N,N,N,N,N,N,N,N,N,N,N,N,N,N,N
XYLB,N,N,N,N,N,N,N,N,N,N,N,N,N,N,N,N,N,N,N,N,N,N,N,N,N,N,N,N,N,N,N,N
ALDR1;AKR1B1;ALR2;AR;ADR,N,N,N,N,N,N,N,N,N,N,N,N,N,N,N,N,N,N,N,N,N,N,N,N,N,N,N,N,N,N,N,N
ARL-1;AKR1B10;ARL1;AKR1B11;ALDRLn;HSI;HIS;AKR1B12,N,N,N,N,N,N,N,N,N,N,N,N,N,N,N,N,N,N,N,N,N,N,N,N,N,N,N,N,N,N,N,N
XR;DCXR;P34H;KIDCR;PNTSU;SDR20C1;HCR2;DCR;HCRII,B,N,B,N,N,N,B,N,B,N,B,B,B,B,N,N,B,N,B,B,N,N,B,N,B,B,N,N,N,N,B,B
lambda-CRY;HEL30;GDH;CRYL1,A,N,N,N,N,N,A,N,N,N,A,N,N,N,N,N,A,A,A,N,A,N,A,N,N,A,N,A,A,N,A,A
UGP1;UDPGP2;pHC379;UGP2;UGPP2;UGPP1;UDPGP;UDPG,A,N,A,N,A,N,A,A,A,N,A,N,A,N,N,A,N,A,N,N,A,N,N,A,N,N,N,A,N,A,A,N
UGT2B11,N,A,N,N,N,N,N,N,A,N,A,A,N,N,N,N,N,N,N,A,N,N,N,N,N,N,N,N,N,N,A,A
UDPGT2A1;UGT2A1,N,A,N,N,N,N,N,N,A,N,A,A,N,N,N,N,N,N,N,A,N,N,N,N,N,N,N,N,N,N,A,A
UGT2B28,N,A,N,N,N,N,N,N,A,N,A,A,N,N,N,N,N,N,N,A,N,N,N,N,N,N,N,N,N,N,A,A
UDPGT;UGT-1J;UGT1A10;UGT1J;UGT1.10;UGT1-10,N,A,N,N,N,N,N,N,A,N,A,A,N,N,N,N,N,N,N,A,N,N,N,N,N,N,N,N,N,N,A,A
UDPGT;UGT1H;UGT1.8;UGT1A8S;UGT1A8;UDPGT_1-8;UGT1-08;UGT-1H,N,A,N,N,N,N,N,N,A,N,A,A,N,N,N,N,N,N,N,A,N,N,N,N,N,N,N,N,N,N,A,A
UDPGT;UGT-1G;UGT1G;UDPGT_1-7;UGT1-07;UGT1.7;UGT1A7,N,A,N,N,N,N,N,N,A,N,A,A,N,N,N,N,N,N,N,A,N,N,N,N,N,N,N,N,N,N,A,A
UDPGT;UGT1A6S;GNT1;UGT1;UGT1A6;UGT1F;UDPGT_1-6;HLUGP1;HLUGP,N,A,N,N,N,N,N,N,A,N,A,A,N,N,N,N,N,N,N,A,N,N,N,N,N,N,N,N,N,N,A,A
UDPGT;UGT1A5;UGT1E;UDPGT_1-5,N,A,N,N,N,N,N,N,A,N,A,A,N,N,N,N,N,N,N,A,N,N,N,N,N,N,N,N,N,N,A,A
UDPGT;UGT1A9S;LUGP4;UGT1-09;UGT1-9;UGT1A9;UGT1.9;UGT1I;HLUGP4;UGT-1I;UGT1AI;UDPGT_1-9,N,A,N,N,N,N,N,N,A,N,A,A,N,N,N,N,N,N,N,A,N,N,N,N,N,N,N,N,N,N,A,A
UDPGT;UDPGT_1-4;HUG-BR2;UGT1A4;UGT1-04;UGT1.4;UGT1D;UGT1A4S;UGT-1D,N,A,N,N,N,N,N,N,A,N,A,A,N,N,N,N,N,N,N,A,N,N,N,N,N,N,N,N,N,N,A,A
UDPGT;GNT1;UDPGT_1-1;BILIQTL1;UGT1;UGT1A;HUG-BR1;UGT1A1,N,A,N,N,N,N,N,N,A,N,A,A,N,N,N,N,N,N,N,A,N,N,N,N,N,N,N,N,N,N,A,A
UDPGT;UGT1C;UGT1.3;UDPGT_1-3;UGT1A3S;UGT1-03;UGT1A3;UGT-1C,N,A,N,N,N,N,N,N,A,N,A,A,N,N,N,N,N,N,N,A,N,N,N,N,N,N,N,N,N,N,A,A
UGT2A2,N,A,N,N,N,N,N,N,A,N,A,A,N,N,N,N,N,N,N,A,N,N,N,N,N,N,N,N,N,N,A,A
UDPGT2B4;UGT2B11;UDPGTH1;HLUG25;UDPGTh-1;UGT2B4,N,A,N,N,N,N,N,N,A,N,A,A,N,N,N,N,N,N,N,A,N,N,N,N,N,N,N,N,N,N,A,A
UDPGTh-2;UDPGT2B7;UDPGT_2B9;UDPGTH2;UDPGT_2B7;UGT2B7;UGT2B9,N,A,N,N,N,N,N,N,A,N,A,A,N,N,N,N,N,N,N,A,N,N,N,N,N,N,N,N,N,N,A,A
UGT2B10;UDPGT2B10,N,A,N,N,N,N,N,N,A,N,A,A,N,N,N,N,N,N,N,A,N,N,N,N,N,N,N,N,N,N,A,A
UDPGT_2B8;UDPGTH3;UGT2B8;UGT2B15;HLUG4;UDPGT2B15,N,A,N,N,N,N,N,N,A,N,A,A,N,N,N,N,N,N,N,A,N,N,N,N,N,N,N,N,N,N,A,A
UGT2B17;BMND12;UDPGT2B17,N,A,N,N,N,N,N,N,A,N,A,A,N,N,N,N,N,N,N,A,N,N,N,N,N,N,N,N,N,N,A,A
UGT2A3,N,A,N,N,N,N,N,N,A,N,A,A,N,N,N,N,N,N,N,A,N,N,N,N,N,N,N,N,N,N,A,A
GDH;UGDH;UDP-GlcDH;UDPGDH;UGD,N,N,D,N,N,N,N,D,D,N,D,N,D,N,N,N,N,N,N,N,N,D,N,N,N,N,N,D,N,N,N,N
DHDH;HUM2DD;2DD,N,N,N,N,N,N,N,N,N,N,N,N,N,N,N,N,N,N,N,N,N,N,N,N,N,N,N,N,N,N,N,N
SORD1;SORD;HEL-S-95n,A,N,N,N,A,N,N,N,N,N,A,N,N,N,N,N,N,A,N,N,N,N,N,N,N,N,N,N,N,A,N,N
ALDR1;ARM;HEL-S-6;AKR1A1;ALR;DD3,N,N,N,N,N,N,N,N,N,N,N,N,N,N,N,N,N,N,N,N,N,N,N,N,N,N,N,N,N,N,N,N
