YDC1,N,A,N,N,N,N,N,N,A,N,N,N,N,A,N,N,N,N,A,N,N,N,N,N,A,N,N,N,N,N,A,A
YPC1,N,A,N,N,N,N,N,N,A,N,N,N,N,A,N,N,N,N,A,N,N,N,N,N,A,N,N,N,N,N,A,A
YSR2;LBP1;LCB3,N,N,N,N,N,N,N,N,N,N,N,N,N,N,N,N,N,N,N,N,N,N,N,N,N,N,N,N,N,N,N,N
YSR3;LBP2,N,N,N,N,N,N,N,N,N,N,N,N,N,N,N,N,N,N,N,N,N,N,N,N,N,N,N,N,N,N,N,N
LAG1,N,A,N,A,N,N,N,A,N,N,A,N,N,N,A,N,N,A,N,N,A,N,A,N,N,A,N,N,A,N,A,N
LAC1;DGT1,N,A,N,A,N,N,N,A,N,N,A,N,N,N,A,N,N,A,N,N,A,N,A,N,N,A,N,N,A,N,A,N
SYR2;SUR2,A,A,A,N,A,A,N,N,A,N,A,N,N,A,A,N,A,A,N,A,A,A,A,N,N,A,N,A,N,N,A,N
ISC1,N,N,N,A,N,A,N,N,N,N,N,N,N,N,N,N,N,N,A,N,N,N,A,A,N,N,N,N,A,N,A,N
TSC1;LCB2;SCS1,N,D,D,N,N,N,N,N,D,N,D,N,N,N,N,N,D,N,N,D,D,D,N,D,D,N,N,D,N,D,D,N
LCB1;END8;TSC2,N,D,D,N,N,N,N,N,D,N,D,N,N,N,N,N,D,N,N,D,D,D,N,D,D,N,N,D,N,D,D,N
TSC10,A,A,A,A,A,A,N,N,N,N,A,A,N,N,N,N,N,N,A,A,A,A,A,A,N,A,A,A,N,N,A,N
LCB5,A,N,N,N,A,N,N,A,A,N,A,N,N,A,A,N,N,N,N,N,A,A,A,N,N,N,N,N,N,N,A,N
LCB4,A,N,N,N,A,N,N,A,A,N,A,N,N,A,A,N,N,N,N,N,A,A,A,N,N,N,N,N,N,N,A,N
DPL1;BST1,N,N,N,N,N,N,N,N,N,N,N,N,N,N,N,N,N,N,N,N,N,N,N,N,N,N,N,N,N,N,N,N
