TOC1,N,A,A,A,A,N,A,N,A,N,A,N,N,A,N,A,N,N,N,N,N,N,N,A,N,N,N,N,A,N,A,A
TCP11,N,N,N,N,N,N,N,N,N,N,N,N,N,N,N,N,N,N,N,N,N,N,N,N,N,N,N,N,N,N,N,N
CCA1,N,A,A,A,N,A,A,A,A,N,A,A,A,N,A,N,A,A,A,A,N,A,A,N,A,N,A,N,A,N,N,N
LHY,N,A,A,A,N,A,A,A,A,N,A,A,A,N,A,N,A,A,A,A,N,A,A,N,A,N,A,N,A,N,N,N
PRR9,N,A,A,A,A,N,A,N,A,N,A,N,N,A,N,A,N,N,N,N,N,N,N,A,N,N,N,N,A,N,A,A
PRR7,N,A,A,A,A,N,A,N,A,N,A,N,N,A,N,A,N,N,N,N,N,N,N,A,N,N,N,N,A,N,A,A
PRR5,N,A,A,A,A,N,A,N,A,N,A,N,N,A,N,A,N,N,N,N,N,N,N,A,N,N,N,N,A,N,A,A
CDF1,N,N,N,N,N,N,N,N,N,N,N,N,N,N,N,N,N,N,N,N,N,N,N,N,N,N,N,N,N,N,N,N
CO,N,N,A,A,A,N,A,N,A,N,N,N,N,A,A,A,N,N,A,N,N,N,N,A,N,N,N,N,A,A,N,N
FT,N,N,N,N,N,N,N,N,N,N,N,N,N,N,N,N,N,N,N,N,N,N,N,N,N,N,N,N,N,N,N,N
TSF,N,N,N,N,N,N,N,N,N,N,N,N,N,N,N,N,N,N,N,N,N,N,N,N,N,N,N,N,N,N,N,N
ZTL,D,D,D,D,D,D,N,D,D,N,D,D,D,D,D,D,D,D,D,D,D,D,D,D,D,D,N,D,D,D,D,D
GI,N,N,N,N,N,N,N,N,N,N,N,N,N,N,N,N,N,N,N,N,N,N,N,N,N,N,N,N,N,N,N,N
PRR3,N,A,A,A,A,N,A,N,A,N,A,N,N,A,N,A,N,N,N,N,N,N,N,A,N,N,N,N,A,N,A,A
FKF1,D,D,D,D,D,D,N,D,D,N,D,D,D,D,D,D,D,D,D,D,D,D,D,D,D,D,N,D,D,D,D,D
COP1,A,A,A,A,A,A,A,A,A,N,A,A,A,A,A,A,A,A,A,A,A,A,A,A,A,A,A,A,A,A,A,A
RUP2,A,A,N,N,A,A,A,A,N,N,A,A,N,A,A,A,A,A,N,N,A,A,A,A,N,A,N,A,N,N,A,A
RUP1,A,A,N,N,A,A,A,A,N,N,A,A,N,A,A,A,A,A,N,N,A,A,A,A,N,A,N,A,N,N,A,A
ELF3,N,N,N,N,N,N,N,N,N,N,N,N,N,N,N,N,N,N,N,N,N,N,N,N,N,N,N,N,N,N,N,N
CRY2,N,N,D,N,N,N,N,N,D,N,N,N,N,D,N,N,N,N,N,N,N,N,N,N,N,N,N,N,N,N,N,D
CRY1,N,N,D,N,N,N,N,N,D,N,N,N,N,D,N,N,N,N,N,N,N,N,N,N,N,N,N,N,N,N,N,D
PHYB,N,N,N,N,N,N,N,N,N,N,N,N,N,N,N,N,N,N,N,N,N,N,N,N,N,N,N,N,N,N,N,N
PAP1,A,A,A,A,A,A,A,A,A,A,A,A,A,A,A,A,A,A,A,A,A,A,A,A,A,A,A,A,A,A,A,A
TT4,N,N,N,N,N,N,N,N,N,N,N,N,N,N,N,N,N,N,N,N,N,N,N,N,N,N,N,N,N,N,N,N
25,D,D,D,D,D,D,D,D,D,D,D,D,D,D,D,D,D,D,D,D,D,D,D,D,D,D,D,D,D,D,D,D
CKA3,D,D,D,D,D,D,D,D,D,D,D,D,D,D,D,D,D,D,D,D,D,D,D,D,D,D,D,D,D,D,D,D
CKA2,D,D,D,D,D,D,D,D,D,D,D,D,D,D,D,D,D,D,D,D,D,D,D,D,D,D,D,D,D,D,D,D
CKA1,D,D,D,D,D,D,D,D,D,D,D,D,D,D,D,D,D,D,D,D,D,D,D,D,D,D,D,D,D,D,D,D
CKB4,A,A,A,N,N,A,N,A,A,N,A,A,A,A,N,A,A,A,N,A,A,N,A,N,A,A,A,A,A,N,N,A
CKB3,A,A,A,N,N,A,N,A,A,N,A,A,A,A,N,A,A,A,N,A,A,N,A,N,A,A,A,A,A,N,N,A
CKB2,A,A,A,N,N,A,N,A,A,N,A,A,A,A,N,A,A,A,N,A,A,N,A,N,A,A,A,A,A,N,N,A
CKB1,A,A,A,N,N,A,N,A,A,N,A,A,A,A,N,A,A,A,N,A,A,N,A,N,A,A,A,A,A,N,N,A
SPA1,A,A,A,A,A,A,A,A,A,N,A,A,A,A,A,A,A,A,A,A,A,A,A,A,A,A,A,A,N,A,A,A
HY5,N,A,N,N,N,N,N,A,A,N,N,N,N,N,A,N,N,N,N,N,N,A,N,N,N,N,N,N,N,N,N,N
PHYA,N,N,N,N,N,N,N,N,N,N,N,N,N,N,N,N,N,N,N,N,N,N,N,N,N,N,N,N,N,N,N,N
PIF3,N,N,N,N,N,N,N,N,N,N,N,N,N,N,N,N,N,N,N,N,N,N,N,N,N,N,N,N,N,N,N,N
