AASS;LKRSDH;LORSDH;LKR/SDH,N,N,N,N,N,N,N,N,N,N,N,N,N,N,N,N,N,N,N,N,N,N,N,N,N,N,N,N,N,N,N,N
SCEH;ECHS1;ECHS1D,B,N,B,N,B,B,B,B,B,N,B,B,B,N,B,N,B,B,B,N,B,N,B,N,N,B,N,B,B,N,B,B
L-PBE;PBFE;LBP;ECHD;EHHADH;FRTS3;LBFP,B,N,B,N,N,N,B,N,B,N,B,N,N,N,B,N,B,B,B,N,B,N,B,N,N,B,N,B,B,N,B,B
HADHA;MTPA;GBP;ECHA;LCHAD;HADH;LCEH;TP-ALPHA,B,N,B,N,N,N,B,N,B,N,B,N,N,N,B,N,B,B,B,N,B,N,B,N,N,B,N,B,B,N,B,B
HADH1;HADH;HHF4;MSCHAD;SCHAD;HAD;HADHSC;HCDH,A,N,N,N,N,N,A,N,N,N,A,N,N,N,N,N,A,A,A,N,A,N,A,N,N,A,N,A,A,N,A,A
EPD;PDE;ATQ1;ALDH7A1,A,N,A,N,A,N,A,A,A,N,A,A,A,A,N,N,N,A,A,N,N,N,A,N,N,A,N,A,A,A,A,N
AADAT;KAT2;KATII;KYAT2,A,N,A,A,A,N,N,A,A,N,A,N,A,A,A,A,A,A,A,N,A,A,A,A,N,N,N,A,A,N,A,N
AKGDH;OGDH;OGDC;E1k,A,N,N,A,N,N,N,A,A,N,N,N,A,A,A,A,A,A,N,A,A,A,N,N,N,A,A,A,A,A,A,A
OGDHL,A,N,N,A,N,N,N,A,A,N,N,N,A,A,A,A,A,A,N,A,A,A,N,N,N,A,A,A,A,A,A,A
T2;ACAT;ACAT1;MAT;THIL,N,N,N,N,N,N,N,N,N,N,N,N,N,N,N,N,N,N,N,N,N,N,N,N,N,N,N,N,N,N,N,N
ACAT2,N,N,N,N,N,N,N,N,N,N,N,N,N,N,N,N,N,N,N,N,N,N,N,N,N,N,N,N,N,N,N,N
ACAD5;GCDH;GCD,N,N,N,A,N,N,N,A,N,N,N,N,N,N,N,N,A,N,A,N,N,N,N,N,N,N,N,N,A,N,N,N
PIPOX;LPIPOX,N,N,N,N,N,N,N,N,N,N,N,N,N,N,N,N,N,N,N,N,N,N,N,N,N,N,N,N,N,N,N,N
DLTS;DLST,N,N,A,N,N,N,N,N,N,N,A,N,N,A,N,N,N,N,N,N,N,N,N,N,N,N,N,A,N,N,A,N
G-BBH;BBOX1;BBH;gamma-BBH;BBOX,A,N,A,N,N,N,N,N,N,N,A,N,A,N,N,N,N,N,N,A,A,N,N,N,A,N,N,N,A,N,A,A
ALDH9A1;ALDH9;ALDH7;E3;TMABADH;ALDH4,A,N,A,N,A,N,A,A,A,N,A,A,A,A,N,N,N,A,A,N,N,N,A,N,N,A,N,A,A,A,A,N
TMLHED;AUTSX6;BBOX2;TMLH;TMLHE;TMLD;XAP130,A,N,A,N,N,N,N,N,N,N,A,N,A,N,N,N,N,N,N,A,A,N,N,N,A,N,N,N,A,N,A,A
CaM_KMT;KMT;CAMKMT;Cam;CLNMT;C2orf34,A,N,A,N,N,A,N,A,A,N,A,A,A,A,N,N,N,A,A,N,N,N,N,A,N,N,N,N,N,N,N,N
BAT8;EHMT2;GAT8;NG36;KMT1C;G9A;C6orf30,B,B,B,B,B,B,B,B,B,B,B,B,B,B,B,B,B,B,B,B,B,B,B,B,B,B,B,B,B,B,B,B
PRDM7;PFM4;ZNF910,N,N,N,N,N,N,N,N,N,N,N,N,N,N,N,N,N,N,N,N,N,N,N,N,N,N,N,N,N,N,N,N
EZH1;KMT6B,B,B,B,B,B,B,B,B,B,N,B,B,B,B,B,B,B,B,B,B,B,B,B,B,B,B,B,B,B,B,B,B
ENX-1;EZH2b;EZH2;WVS;KMT6;ENX1;KMT6A;WVS2,B,B,B,B,B,B,B,B,B,N,B,B,B,B,B,B,B,B,B,B,B,B,B,B,B,B,B,B,B,B,B,B
Set1B;SETD1B;KMT2G,B,B,B,B,B,B,B,B,B,N,B,B,B,B,B,B,B,B,B,B,B,B,B,B,B,B,B,B,B,B,B,B
LLS;HIF-1;HIP-1;SETD2;SET2;HBP231;HYPB;HSPC069;KMT3A;p231HBP,B,B,B,B,B,B,B,B,B,N,B,B,B,B,B,B,B,B,B,B,B,B,B,B,B,B,B,B,B,B,B,B
SETD8;SET8;PR-Set7;SET07;KMT5A,B,B,B,B,B,B,B,B,B,N,B,B,B,B,B,B,B,B,B,B,B,B,B,B,B,B,B,B,B,B,B,B
KMT2A;CXXC7;TRX1;MLL1;HTRX1;HRX;ALL-1;WDSTS;MLL1A;MLL,B,B,B,B,B,B,B,B,B,N,B,B,B,B,B,B,B,B,B,B,B,B,B,B,B,B,B,B,B,B,B,B
CGI85;SUV420H1;KMT5B;CGI-85,N,N,B,N,N,N,N,B,B,N,B,N,N,B,N,N,N,N,N,N,N,B,B,B,N,N,N,N,B,N,B,N
KMT3G;NSD3;WHSC1L1;WHISTLE;pp14328;KMT3F,B,B,B,B,B,B,B,B,B,N,B,B,B,B,B,B,B,B,B,B,B,B,B,B,B,B,B,B,B,B,B,B
ASH1L;ASH1L1;KMT2H;ASH1,B,B,B,B,B,B,B,B,B,N,B,B,B,B,B,B,B,B,B,B,B,B,B,B,B,B,B,B,B,B,B,B
KMT2E;MLL5;HDCMC04P;NKp44L,A,N,A,N,N,N,N,A,A,N,A,N,A,A,A,N,N,A,N,A,A,N,N,A,A,N,A,A,N,N,N,N
PRDM9;ZNF899;PFM6;MEISETZ;MSBP3;KMT8B,N,N,N,N,N,N,N,N,N,N,N,N,N,N,N,N,N,N,N,N,N,N,N,N,N,N,N,N,N,N,N,N
HALR;MLL3;KMT2C,B,B,B,B,B,B,B,B,B,N,B,B,B,B,B,B,B,B,B,B,B,B,B,B,B,B,B,B,B,B,B,B
Mar1;SETMAR;METNASE,B,N,B,B,N,B,B,B,B,N,B,B,B,B,B,B,N,N,B,B,B,B,B,B,N,B,N,B,B,N,B,N
KMT3B;STO;ARA267;SOTOS;NSD1;SOTOS1,B,B,B,B,B,B,B,B,B,N,B,B,B,B,B,B,B,B,B,B,B,B,B,B,B,B,B,B,B,B,B,B
H3-K9-HMTase_1;SUV39H;MG44;SUV39H1;KMT1A,B,B,B,B,B,B,B,B,B,N,B,B,B,B,B,B,B,B,B,B,B,B,B,B,B,B,B,B,B,B,B,B
WHS;KMT3G;TRX5;MMSET;NSD2;REIIBP;WHSC1;KMT3F,B,B,B,B,B,B,B,B,B,N,B,B,B,B,B,B,B,B,B,B,B,B,B,B,B,B,B,B,B,B,B,B
RIZ2;MTB-ZF;PRDM2;KMT8;RIZ1;HUMHOXY1;KMT8A;RIZ,N,N,N,N,N,N,N,N,N,N,N,N,N,N,N,N,N,N,N,N,N,N,N,N,N,N,N,N,N,N,N,N
KMT1B;SUV39H2,B,B,B,B,B,B,B,B,B,N,B,B,B,B,B,B,B,B,B,B,B,B,B,B,B,B,B,B,B,B,B,B
GLP1;FP13812;GLP;KMT1D;EHMT1-IT1;EUHMTASE1;Eu-HMTase1;EHMT1,B,B,B,B,B,B,B,B,B,B,B,B,B,B,B,B,B,B,B,B,B,B,B,B,B,B,B,B,B,B,B,B
TNRC21;KABUK1;MLL2;AAD10;KMT2D;CAGL114;MLL4;ALR;KMS,B,B,B,B,B,B,B,B,B,N,B,B,B,B,B,B,B,B,B,B,B,B,B,B,B,B,B,B,B,B,B,B
SET7;KMT7;SET7/9;SET9;SETD7,A,N,N,N,N,N,N,N,A,N,N,N,N,A,A,N,N,N,N,N,A,N,N,N,N,N,N,N,N,A,A,N
SETDB2;KMT1F;CLLL8;C13orf4;CLLD8,B,N,B,B,N,B,B,B,B,N,B,B,B,B,B,B,N,N,B,B,B,B,B,B,N,B,N,B,B,N,B,N
SETD3;C14orf154,A,N,A,N,A,A,A,A,A,N,A,N,A,A,N,N,N,N,A,A,A,N,A,A,A,N,A,N,A,A,A,N
DOT1;DOT1L;KMT4,N,A,N,N,A,N,N,N,N,N,A,N,A,N,N,N,A,N,N,N,A,A,A,A,N,A,N,A,N,A,A,A
Suv4-20h2;KMT5C;SUV420H2,N,N,B,N,N,N,N,B,B,N,B,N,N,B,N,N,N,N,N,N,N,B,B,B,N,N,N,N,B,N,B,N
PRISM;PDA3;PRDM6;KMT8C,N,N,N,N,N,N,N,N,N,N,N,N,N,N,N,N,N,N,N,N,N,N,N,N,N,N,N,N,N,N,N,N
Set1A;KMT2F;Set1;SETD1A,B,B,B,B,B,B,B,B,B,N,B,B,B,B,B,B,B,B,B,B,B,B,B,B,B,B,B,B,B,B,B,B
MLL1B;CXXC10;WBP-7;WBP7;KMT2B;TRX2;DYT28;MLL4;MLL2;HRX2,B,B,B,B,B,B,B,B,B,N,B,B,B,B,B,B,B,B,B,B,B,B,B,B,B,B,B,B,B,B,B,B
KMT1E;KG1T;ESET;TDRD21;H3-K9-HMTase4;SETDB1,B,N,B,B,N,B,B,B,B,N,B,B,B,B,B,B,N,N,B,B,B,B,B,B,N,B,N,B,B,N,B,N
C1orf17;GLT25D2;COLGALT2,A,A,A,N,N,N,A,A,A,N,A,N,A,A,N,N,A,N,A,N,A,N,N,N,N,N,N,N,N,N,A,A
GLT25D1;COLGALT1,A,A,A,N,N,N,A,A,A,N,A,N,A,A,N,N,A,N,A,N,A,N,N,N,N,N,N,N,N,N,A,A
LH3;PLOD3,A,A,A,N,N,N,A,A,A,N,A,N,A,A,N,N,A,N,A,N,A,N,N,N,N,N,N,N,N,N,A,A
LH1;LLH;PLOD1;PLOD;EDS6;LH,A,A,A,N,N,N,A,A,A,N,A,N,A,A,N,N,A,N,A,N,A,N,A,N,N,N,N,N,N,N,A,A
LH2;PLOD2;BRKS2;TLH,A,A,A,N,N,N,A,A,A,N,A,N,A,A,N,N,A,N,A,N,A,N,N,N,N,N,N,N,N,N,A,A
ALDHI;ALDH-E2;ALDH2;ALDM,A,N,A,N,A,N,A,A,A,N,A,A,A,A,N,N,N,A,A,N,N,N,A,N,N,A,N,A,A,A,A,N
ALDH1B1;ALDH5;ALDHX,A,N,A,N,A,N,A,A,A,N,A,A,A,A,N,N,N,A,A,N,N,N,A,N,N,A,N,A,A,A,A,N
SLS;FALDH;ALDH10;ALDH3A2,A,N,A,N,A,N,A,A,A,N,A,A,A,A,N,N,N,A,A,N,N,N,A,N,N,A,N,A,A,A,A,N
PHYKPL;AGXT2L2;PHLU,N,N,N,N,N,N,N,N,N,N,N,N,N,N,N,N,N,N,N,N,N,N,N,N,N,N,N,N,N,N,N,N
HYKK;AGPHD1,N,N,N,N,N,N,N,N,N,N,N,N,N,N,N,N,N,N,N,N,N,N,N,N,N,N,N,N,N,N,N,N
