PSD,N,N,A,N,A,A,N,N,A,N,A,A,N,N,N,N,N,N,N,N,A,N,A,N,N,N,N,A,N,N,A,N
RAN-1,C,C,C,C,C,C,C,C,C,C,C,C,C,C,C,C,C,C,C,C,C,C,C,C,C,C,C,C,C,C,C,C
RAN2,C,C,C,C,C,C,C,C,C,C,C,C,C,C,C,C,C,C,C,C,C,C,C,C,C,C,C,C,C,C,C,C
RAN4,C,C,C,C,C,C,C,C,C,C,C,C,C,C,C,C,C,C,C,C,C,C,C,C,C,C,C,C,C,C,C,C
RAN3,C,C,C,C,C,C,C,C,C,C,C,C,C,C,C,C,C,C,C,C,C,C,C,C,C,C,C,C,C,C,C,C
XPO1B,N,A,A,N,A,A,N,A,A,N,A,A,A,A,N,N,A,A,A,N,A,N,A,N,N,A,N,A,N,A,A,N
XPO1A,N,A,A,N,A,A,N,A,A,N,A,A,A,A,N,N,A,A,A,N,A,N,A,N,N,A,N,A,N,A,A,N
ABH1,N,N,N,N,N,N,N,N,N,N,N,N,N,N,N,N,N,N,N,N,N,N,N,N,N,N,N,N,N,N,N,N
CBP20,A,A,A,N,A,A,A,N,A,N,N,A,A,A,N,A,A,A,N,N,N,N,A,A,A,N,N,N,A,N,A,N
10,N,N,N,N,N,N,N,N,N,N,N,N,N,N,N,N,N,N,N,N,N,N,N,N,N,N,N,N,N,N,N,N
11,N,N,N,N,N,N,N,N,N,N,N,N,N,N,N,N,N,N,N,N,N,N,N,N,N,N,N,N,N,N,N,N
12,A,N,N,N,N,N,N,N,A,N,N,A,N,A,N,N,A,N,N,N,N,N,N,N,N,A,N,N,N,N,A,A
13,A,A,A,N,A,A,A,A,A,A,A,A,A,A,A,A,A,A,A,A,A,N,A,A,A,A,N,A,A,A,A,A
14,A,A,A,N,A,A,A,A,A,N,A,A,A,A,A,A,A,N,A,A,A,N,A,A,A,A,A,A,N,A,A,A
15,A,A,A,A,A,A,A,A,A,N,A,A,A,A,A,A,A,A,A,A,A,A,A,A,A,A,A,A,A,A,A,A
16,N,N,N,N,N,N,N,N,N,N,N,N,N,N,N,N,N,N,N,N,N,N,N,N,N,N,N,N,N,N,N,N
17,N,N,N,N,N,N,N,N,N,N,N,N,N,N,N,N,N,N,N,N,N,N,N,N,N,N,N,N,N,N,N,N
18,A,A,N,N,A,N,A,N,A,N,A,A,A,A,N,N,A,N,N,A,N,A,N,A,N,N,N,N,N,N,A,A
19,A,A,N,N,A,N,A,N,A,N,A,A,A,A,N,N,A,N,N,A,N,A,N,A,N,N,N,N,N,N,A,A
20,A,A,N,N,A,N,A,N,A,N,A,A,A,A,N,N,A,N,N,A,N,A,N,A,N,N,N,N,N,N,A,A
21,A,A,N,N,N,N,N,N,A,N,A,A,A,N,A,N,N,N,A,N,N,N,N,N,N,N,N,A,N,N,A,N
Y14,A,A,N,N,A,A,A,A,A,N,A,A,A,A,A,A,A,A,N,N,A,A,A,A,N,A,A,N,N,N,A,N
MAGO,A,A,N,N,A,N,N,A,A,N,A,A,A,A,A,A,A,A,A,A,A,A,A,A,N,A,N,N,A,A,A,A
24,D,D,D,D,D,D,D,D,D,D,D,D,D,D,D,D,D,D,D,D,D,D,D,D,D,D,D,D,D,D,D,D
EIF4A-III,D,D,D,D,D,D,D,D,D,D,D,D,D,D,D,D,D,D,D,D,D,D,D,D,D,D,D,D,D,D,D,D
26,N,N,N,N,N,N,N,N,N,N,N,N,N,N,N,N,N,N,N,N,N,N,N,N,N,N,N,N,N,N,N,N
SR45,A,A,N,N,N,A,N,N,A,N,A,A,A,N,N,A,A,N,N,N,A,A,A,A,N,A,N,A,N,A,A,A
SAP18,A,A,N,N,N,N,N,A,A,N,A,N,N,A,N,N,N,N,A,N,N,N,N,N,N,N,N,N,A,N,A,N
29,A,N,N,N,N,N,N,N,A,N,A,A,N,A,N,N,N,N,N,N,A,A,N,A,N,N,N,N,N,N,A,A
30,N,N,N,N,N,N,N,N,N,N,N,N,N,N,N,N,N,N,N,N,N,N,N,N,N,N,N,N,N,N,N,N
31,N,N,N,N,N,N,N,N,N,N,N,N,N,N,N,N,N,N,N,N,N,N,N,N,N,N,N,N,N,N,N,N
32,N,N,N,N,N,N,N,N,N,N,N,N,N,N,N,N,N,N,N,N,N,N,N,N,N,N,N,N,N,N,N,N
ALY4,N,N,N,N,N,N,N,N,N,N,N,N,N,N,N,N,N,N,N,N,N,N,N,N,N,N,N,N,N,N,N,N
34,N,N,N,N,N,N,N,N,N,N,N,N,N,N,N,N,N,N,N,N,N,N,N,N,N,N,N,N,N,N,N,N
35,N,N,N,N,N,N,N,N,N,N,N,N,N,N,N,N,N,N,N,N,N,N,N,N,N,N,N,N,N,N,N,N
EMB3142,N,N,N,N,N,N,N,N,N,N,N,N,N,N,N,N,N,N,N,N,N,N,N,N,N,N,N,N,N,N,N,N
37,N,N,N,N,N,N,N,N,N,N,N,N,N,N,N,N,N,N,N,N,N,N,N,N,N,N,N,N,N,N,N,N
EMB2766,A,A,N,N,A,A,N,A,N,N,A,N,N,A,N,A,N,A,A,A,N,A,N,A,A,N,N,A,N,A,A,N
NUA,N,A,N,N,N,N,N,A,N,N,A,N,N,A,N,A,N,A,A,A,N,A,N,N,A,N,N,A,N,A,A,N
40,A,N,N,N,N,N,N,A,N,N,A,N,N,N,N,N,N,N,N,N,N,N,N,N,N,N,N,A,N,N,A,N
41,A,N,N,N,N,N,N,A,N,N,A,N,N,N,N,N,N,N,N,N,N,N,N,N,N,N,N,A,N,N,A,N
42,A,A,A,A,N,N,N,A,A,N,A,A,A,A,N,A,A,A,A,A,A,A,N,A,A,A,A,A,A,A,A,A
NUP155,N,A,N,N,A,A,A,A,N,N,A,N,N,N,A,N,A,A,N,N,A,N,A,N,A,N,N,N,N,N,N,N
44,A,A,A,A,N,N,N,A,A,N,A,A,A,A,N,A,A,A,A,A,N,A,N,A,A,A,A,A,A,A,A,A
45,A,A,A,A,N,N,N,A,A,N,A,A,A,A,N,A,A,A,A,A,N,A,N,A,A,A,A,A,A,A,A,A
SAR3,A,A,A,A,N,N,N,A,N,N,A,A,A,N,N,A,A,A,N,N,N,A,N,A,A,A,A,A,A,N,A,A
47,A,A,A,A,A,A,A,A,A,A,A,A,A,A,A,A,A,A,A,A,A,A,A,A,A,A,A,A,A,A,A,A
48,A,A,A,A,A,A,A,A,A,A,A,A,A,A,A,A,A,A,A,A,A,A,A,A,A,A,A,A,A,A,A,A
SAR1,N,N,A,N,N,N,N,N,A,N,N,N,N,A,N,N,N,N,A,N,N,A,N,N,N,N,N,N,N,N,A,A
50,N,A,A,N,N,N,A,N,N,N,N,A,N,N,N,N,N,N,N,N,N,N,N,N,N,N,N,N,A,N,A,N
51,N,N,N,N,N,N,N,N,N,N,N,N,N,N,N,N,N,N,N,N,N,N,N,N,N,N,N,N,N,N,N,N
SEH1H,A,A,A,N,N,N,N,A,A,N,N,N,N,N,A,A,A,N,A,N,N,N,A,A,A,A,N,A,N,N,N,A
53,A,A,A,N,A,N,A,A,N,N,A,N,N,A,A,A,A,N,A,N,N,N,A,A,N,A,A,A,N,N,N,A
RAE1,A,A,A,N,A,N,A,A,A,N,A,A,A,A,A,A,A,A,A,A,A,A,A,A,A,A,A,A,A,A,A,A
55,N,N,N,N,N,N,N,N,N,N,N,N,N,N,N,N,N,N,N,N,N,N,N,N,N,N,N,N,N,N,N,N
EMB3012,N,N,A,N,N,N,A,N,N,N,A,N,N,N,N,N,N,N,A,N,A,N,A,N,N,N,N,N,N,N,N,N
57,N,N,N,N,N,N,N,N,N,N,N,N,N,N,N,N,N,N,N,N,N,N,N,N,N,N,N,N,N,N,N,N
MOS7,N,N,N,N,N,N,N,N,N,N,N,N,N,N,N,N,N,N,N,N,N,N,N,N,N,N,N,N,N,N,N,N
SCE1,A,A,A,A,A,A,A,A,A,A,A,A,A,A,A,A,A,A,A,A,A,A,A,A,A,A,A,A,A,A,A,A
60,N,N,N,N,N,N,N,N,N,N,N,N,N,N,N,N,N,N,N,N,N,N,N,N,N,N,N,N,N,N,N,N
RANGAP1,A,A,N,N,A,N,N,N,N,N,N,N,N,N,N,N,N,N,A,N,N,N,A,N,N,N,N,N,N,N,N,N
RANGAP2,A,A,N,N,A,N,N,N,N,N,N,N,N,N,N,N,N,N,A,N,N,N,A,N,N,N,N,N,N,N,N,N
SUMO5,A,A,N,A,N,A,N,A,N,N,A,A,N,N,N,N,A,N,N,N,N,N,A,A,N,A,N,N,N,A,A,A
SUMO1,A,A,N,A,N,A,N,A,N,N,A,A,N,N,N,N,A,N,N,N,N,N,A,A,N,A,N,N,N,A,A,A
65,A,A,N,A,N,A,N,A,N,N,A,A,N,N,N,N,A,N,N,N,N,N,A,A,N,A,N,N,N,A,A,A
66,A,A,N,A,N,A,N,A,N,N,A,A,N,N,N,N,A,N,N,N,N,N,A,A,N,A,N,N,N,A,A,A
SUMO2,A,A,N,A,N,A,N,A,N,N,A,A,N,N,N,N,A,N,N,N,N,N,A,A,N,A,N,N,N,A,A,A
SUMO3,A,A,N,A,N,A,N,A,N,N,A,A,N,N,N,N,A,N,N,N,N,N,A,A,N,A,N,N,N,A,A,A
69,A,A,N,A,N,A,N,A,N,N,A,A,N,N,N,N,A,N,N,N,N,N,A,A,N,A,N,N,N,A,A,A
70,A,A,N,A,N,A,N,A,N,N,A,A,N,N,N,N,A,N,N,N,N,N,A,A,N,A,N,N,N,A,A,A
71,N,N,N,N,N,N,N,N,N,N,N,N,N,N,N,N,N,N,N,N,N,N,N,N,N,N,N,N,N,N,N,N
72,N,N,N,N,N,A,N,N,A,A,N,N,N,N,N,N,N,A,A,N,A,N,N,N,N,N,N,N,N,N,N,N
SKB1,N,N,N,N,A,N,N,N,N,N,A,N,N,A,N,N,N,N,N,N,N,N,N,N,N,N,N,N,N,N,A,N
HST,N,N,A,N,N,N,N,A,A,N,N,N,A,N,N,N,N,A,N,N,N,N,N,N,N,N,N,N,N,A,N,N
75,D,D,D,N,D,D,D,N,D,D,D,D,D,N,D,D,D,N,D,N,D,N,D,D,N,N,D,N,D,N,D,N
76,D,D,D,N,D,D,D,N,D,D,D,D,D,N,D,D,D,N,D,N,D,N,D,D,N,N,D,N,D,N,D,N
77,D,D,D,N,D,D,D,N,D,D,D,D,D,N,D,D,D,N,D,N,D,N,D,D,N,N,D,N,D,N,D,N
78,D,D,N,N,D,N,N,N,N,N,D,D,N,N,D,D,D,N,N,N,N,N,D,N,N,N,D,N,N,N,D,N
79,D,D,D,N,D,D,D,N,D,D,D,D,D,N,D,D,D,N,D,N,D,N,D,D,N,N,D,N,D,N,D,N
NMD3,N,N,N,A,A,A,N,A,N,N,A,N,N,N,N,N,A,N,N,N,N,N,A,A,N,N,A,A,N,N,A,N
LBA1,A,A,A,A,A,N,A,A,A,N,A,A,A,A,N,A,A,N,A,N,A,A,A,N,A,A,A,A,N,A,A,N
UAP56b,D,D,D,D,D,D,D,D,D,D,D,D,D,D,D,D,D,D,D,D,D,D,D,D,D,D,D,D,D,D,D,D
PYM,N,N,N,N,N,N,N,N,N,N,N,N,N,N,N,N,N,N,N,N,N,N,N,N,N,N,N,N,N,N,N,N
84,N,A,N,A,N,N,N,N,A,N,A,A,A,N,N,N,A,N,A,N,N,N,N,A,N,N,N,N,N,N,A,N
85,N,C,N,N,N,N,C,N,N,N,N,C,C,N,N,N,N,C,N,N,C,C,N,N,C,N,N,C,N,N,C,C
86,N,A,N,A,N,N,N,N,A,N,A,A,A,N,N,N,A,N,A,N,N,N,N,A,N,N,N,N,N,N,A,N
87,N,A,N,A,N,N,N,N,A,N,A,A,A,N,N,N,A,N,A,N,N,N,N,A,N,N,N,N,N,N,A,N
88,N,A,N,A,N,N,N,N,A,N,A,A,A,N,N,N,A,N,A,N,N,N,N,A,N,N,N,N,N,N,A,N
TIF3H1,C,C,C,N,N,C,C,C,C,N,C,C,N,C,C,C,C,C,C,C,C,C,C,C,C,C,N,C,N,C,C,C
90,N,N,N,N,N,N,N,N,A,N,A,A,N,N,N,N,A,N,N,N,N,N,N,N,N,N,A,N,N,N,N,N
EIF2,C,C,C,C,C,N,C,C,C,N,C,C,N,C,C,C,C,C,C,C,C,C,C,C,C,C,N,C,N,C,C,C
TRIP-1,A,A,A,A,A,A,A,A,A,N,A,A,A,A,A,A,A,A,A,A,A,A,A,A,A,A,N,A,N,A,A,A
93,A,A,A,A,A,A,A,A,A,A,A,A,A,A,A,A,A,A,A,A,A,A,A,A,A,A,N,A,A,A,A,A
EIF3G1,A,A,N,A,A,A,A,A,A,A,A,A,A,A,A,A,A,N,N,A,A,A,A,A,A,A,A,A,N,A,A,A
TIF3C2,N,N,A,N,A,N,N,N,A,N,N,N,N,N,N,N,N,N,N,N,N,A,N,N,N,N,N,N,N,N,A,N
EIF3C,N,N,A,N,A,N,N,N,A,N,N,N,N,N,N,N,N,N,N,N,N,A,N,N,N,N,N,N,N,N,A,N
EIF3E,N,A,N,N,A,A,N,A,A,N,N,A,N,N,N,N,N,A,N,N,N,N,A,A,N,A,N,N,N,N,N,N
EIF3A,N,A,A,N,N,A,N,N,N,N,A,N,N,N,N,N,N,N,N,N,N,N,N,N,N,N,N,N,A,N,N,N
99,A,A,A,N,A,N,N,A,A,N,A,A,A,A,N,A,A,N,A,N,A,N,A,A,A,N,A,N,A,N,A,N
EIF3G2,A,A,N,A,A,A,N,N,A,N,A,A,A,A,N,A,A,N,N,A,A,A,A,A,N,A,N,A,N,A,A,A
EIF3B-2,N,A,N,N,N,A,N,A,N,N,N,A,A,N,N,A,A,N,N,N,N,A,N,N,A,A,N,N,N,N,N,N
TIF3B1,N,A,N,N,N,A,N,A,N,N,N,A,A,N,N,A,A,N,N,N,N,A,N,N,A,A,N,N,N,N,N,N
103,N,N,N,N,N,N,N,N,A,N,A,A,N,N,N,N,A,N,N,N,N,N,N,N,N,N,A,N,N,N,N,N
104,A,A,A,N,A,N,N,A,A,N,A,A,A,A,N,A,A,N,A,N,A,N,A,A,A,N,A,N,A,N,A,N
EMB1687,N,N,N,N,N,N,N,N,N,N,N,N,N,N,N,N,N,N,N,N,N,N,N,N,N,N,N,N,N,N,N,N
PRORP2,A,A,A,N,A,A,N,A,A,N,A,A,A,A,A,A,A,A,A,A,A,A,A,A,A,A,A,A,A,A,A,A
PRORP1,A,A,A,N,A,A,A,A,A,N,A,A,A,A,A,A,A,A,A,A,A,A,A,A,A,A,A,A,A,A,A,A
POP4,A,N,N,N,N,N,N,A,A,N,A,A,N,A,A,N,N,N,N,N,N,N,A,A,A,A,N,N,N,N,A,A
POP1,N,N,N,N,N,N,N,N,N,N,N,N,N,N,N,N,N,N,N,N,N,N,N,N,N,N,N,N,N,N,N,N
PRORP3,A,A,A,N,A,A,N,A,A,N,A,A,A,A,A,A,A,A,A,A,A,A,A,A,A,A,A,A,A,A,A,A
GAF1,A,A,A,N,A,N,A,N,A,N,A,A,N,A,A,N,N,N,N,A,N,N,A,N,A,A,N,A,A,N,A,N
TRZ3,N,N,N,N,N,N,N,N,N,N,N,N,N,N,N,N,N,N,N,N,N,N,N,N,N,N,N,N,N,N,N,N
TRZ1,N,N,N,N,N,N,N,N,N,N,N,N,N,N,N,N,N,N,N,N,N,N,N,N,N,N,N,N,N,N,N,N
CPZ,N,N,N,N,N,N,N,N,N,N,N,N,N,N,N,N,N,N,N,N,N,N,N,N,N,N,N,N,N,N,N,N
TRZ4,N,N,N,N,N,N,N,N,N,N,N,N,N,N,N,N,N,N,N,N,N,N,N,N,N,N,N,N,N,N,N,N
THO1,A,A,N,N,N,N,A,N,A,N,A,A,A,N,N,N,N,N,A,A,A,N,A,N,N,N,N,A,A,N,A,N
THO2,N,A,N,N,N,N,N,A,A,N,N,N,N,A,N,N,N,N,N,N,A,N,N,N,N,N,N,N,N,N,N,N
TEX1,A,A,A,A,A,A,A,A,A,A,A,A,A,A,A,A,A,A,A,A,A,A,A,A,A,A,N,A,A,A,A,A
THO5,N,N,A,N,N,N,A,N,N,N,A,N,N,N,N,N,N,N,N,N,N,N,A,N,N,N,N,N,N,N,A,N
DWA1,A,N,A,N,A,N,A,A,A,N,A,N,A,A,N,A,A,N,N,A,N,N,A,A,A,A,N,A,N,N,A,A
THO7,N,N,N,N,N,N,N,A,N,N,A,A,N,N,N,N,N,N,N,A,N,A,N,N,N,N,N,A,N,N,N,N
PAB3,D,D,D,D,D,D,D,D,D,D,D,D,D,D,D,D,D,D,D,N,D,D,D,D,D,D,D,D,D,D,D,D
PAB1,D,D,D,D,D,D,D,D,D,D,D,D,D,D,D,D,D,D,D,D,D,D,D,D,D,D,D,D,D,D,D,D
PAB8,D,D,D,D,D,D,D,D,D,D,D,D,D,D,D,D,D,D,D,D,D,D,D,D,D,D,D,D,D,D,D,D
PAB5,D,D,D,D,D,D,D,D,D,D,D,D,D,D,D,D,D,D,D,D,D,D,D,D,D,D,D,D,D,D,D,D
PAB4,A,A,A,N,A,A,A,A,A,A,A,A,A,A,A,A,A,A,A,A,A,A,A,A,A,A,A,A,A,N,A,A
PAB7,D,D,D,D,D,D,D,D,D,D,D,D,D,D,D,D,D,D,D,D,D,D,D,D,D,D,D,D,D,D,D,D
PAB6,A,A,A,N,A,A,A,A,A,A,A,A,A,A,A,A,A,A,A,N,A,A,A,A,A,A,A,A,A,N,A,A
PSRP2,A,A,A,N,A,A,A,A,A,N,A,A,A,A,A,A,A,A,A,N,A,A,A,A,A,A,A,A,A,A,A,A
PAB2,D,D,D,D,D,D,D,D,D,D,D,D,D,D,D,D,D,D,D,D,D,D,D,D,D,D,D,D,D,D,D,D
EIF2_GAMMA,D,N,D,N,D,N,D,N,N,N,N,D,N,N,D,D,D,N,N,N,D,N,D,D,N,N,D,N,N,N,D,N
134,D,D,D,N,D,N,D,N,N,N,N,D,D,N,D,D,D,N,N,N,D,N,D,D,N,D,D,D,N,D,D,N
135,N,N,N,N,N,N,N,N,N,N,N,N,N,N,N,N,N,N,N,N,N,N,N,N,N,N,N,N,N,N,N,N
136,D,D,D,N,N,N,D,N,D,N,D,D,N,D,N,N,D,N,N,D,N,D,D,D,N,N,D,D,D,D,D,D
137,D,D,D,N,N,N,D,N,D,N,D,D,N,D,N,N,D,N,N,D,N,D,D,D,N,N,D,D,D,D,D,D
EIF2_ALPHA,N,N,N,N,N,N,N,N,N,N,N,N,N,N,N,N,N,N,N,N,N,N,N,N,N,N,N,N,N,N,N,N
EIF2_BETA,D,D,D,N,N,N,D,N,D,N,D,D,N,D,N,N,D,N,N,D,N,D,D,D,N,N,D,D,D,D,D,D
140,D,D,D,D,D,D,D,D,D,D,D,D,D,D,D,D,D,D,D,D,D,D,D,D,D,D,D,D,D,D,D,D
141,D,D,D,D,D,D,D,D,D,D,D,D,D,D,D,D,D,D,D,D,D,D,D,D,D,D,D,D,D,D,D,D
EIF4A1,D,D,D,D,D,D,D,D,D,D,D,D,D,D,D,D,D,D,D,D,D,D,D,D,D,D,D,D,D,D,D,D
143,A,A,A,N,A,A,A,A,A,A,A,A,N,A,A,N,A,A,A,A,N,A,A,A,A,A,A,A,N,N,A,A
eIF4E3,A,A,A,N,A,A,A,A,A,A,A,A,N,A,A,N,A,A,A,A,N,A,A,A,A,A,A,A,N,N,A,A
EIF4E,A,A,A,N,A,A,A,A,A,A,A,A,N,A,A,N,A,A,A,A,N,A,A,A,A,A,A,A,N,N,A,A
NCBP,A,A,A,N,A,A,A,A,A,A,A,A,N,A,A,N,A,A,A,A,N,A,A,A,A,A,A,A,N,N,A,A
eIFiso4G2,A,N,A,N,A,N,N,N,A,N,A,A,A,N,N,N,A,A,A,N,A,N,N,A,N,A,A,N,N,N,A,A
EIF4G,A,N,A,N,A,N,N,N,A,N,A,A,A,N,N,N,A,A,A,N,A,N,N,A,N,A,A,N,N,N,A,A
eIFiso4G1,A,N,A,N,A,N,N,N,A,N,A,A,A,N,N,N,A,A,A,N,A,N,N,A,N,A,A,N,N,N,A,A
150,D,D,D,N,N,N,D,N,D,N,D,D,N,D,N,N,D,N,N,D,N,D,D,D,N,N,D,D,D,D,D,D
151,D,D,D,N,N,N,D,N,D,N,D,D,N,D,N,N,D,N,N,D,N,D,D,D,N,N,D,D,D,D,D,D
152,N,A,N,N,N,N,A,N,N,N,N,N,N,N,N,N,A,N,N,N,A,N,N,N,N,A,N,N,N,N,N,N
UPF3,N,N,N,N,N,N,N,N,N,N,N,N,N,N,N,N,N,N,N,N,N,N,N,N,N,N,N,N,N,N,N,N
154,N,N,N,N,N,N,N,N,N,N,N,N,N,N,N,N,N,N,N,N,N,N,N,N,N,N,N,N,N,N,N,N
155,N,N,N,N,N,N,N,N,N,N,N,N,N,N,N,N,N,N,N,N,N,N,N,N,N,N,N,N,N,N,N,N
156,N,N,N,N,N,N,N,N,N,N,N,N,N,N,N,N,N,N,N,N,N,N,N,N,N,N,N,N,N,N,N,N
157,N,N,N,N,N,N,N,N,N,N,N,N,N,N,N,N,N,N,N,N,N,N,N,N,N,N,N,N,N,N,N,N
158,N,N,N,N,N,N,N,N,N,N,N,N,N,N,N,N,N,N,N,N,N,N,N,N,N,N,N,N,N,N,N,N
159,N,N,N,N,N,N,N,N,N,N,N,N,N,N,N,N,N,N,N,N,N,N,N,N,N,N,N,N,N,N,N,N
160,N,N,N,N,N,N,N,N,N,N,N,N,N,N,N,N,N,N,N,N,N,N,N,N,N,N,N,N,N,N,N,N
161,N,N,N,N,N,N,N,N,N,N,N,N,N,N,N,N,N,N,N,N,N,N,N,N,N,N,N,N,N,N,N,N
162,A,A,N,N,N,N,N,N,A,N,A,N,N,N,N,N,N,N,N,N,N,A,N,A,N,A,N,A,N,N,N,N
163,N,N,N,N,N,N,N,N,N,N,N,N,N,N,N,N,N,N,N,N,N,N,N,N,N,N,N,N,N,N,N,N
164,A,A,N,N,N,N,N,N,A,N,A,N,N,N,N,N,N,N,N,N,N,A,N,A,N,A,N,A,N,N,N,N
165,N,N,N,N,N,N,N,N,N,N,N,N,N,N,N,N,N,N,N,N,N,N,N,N,N,N,N,N,N,N,N,N
166,A,A,N,N,N,N,N,N,A,N,A,N,N,N,N,N,N,N,N,N,N,A,N,A,N,A,N,A,N,N,N,N
167,A,A,N,N,N,N,N,N,A,N,A,N,N,N,N,N,N,N,N,N,N,A,N,A,N,A,N,A,N,N,N,N
168,N,N,N,N,N,N,N,N,N,N,N,N,N,N,N,N,N,N,N,N,N,N,N,N,N,N,N,N,N,N,N,N
169,N,N,N,N,N,N,N,N,N,N,N,N,N,N,N,N,N,N,N,N,N,N,N,N,N,N,N,N,N,N,N,N
PIR121,N,N,N,N,N,N,N,N,N,N,N,N,N,N,N,N,N,N,N,N,N,N,N,N,N,N,N,N,N,N,N,N
