SDR15C1;DHRS6;UNQ6308;EFA6R;BDH2;PRO20933;UCPA-OR,B,N,B,N,N,N,B,B,B,N,B,B,B,B,N,N,B,N,B,B,N,N,B,N,B,B,N,N,N,B,B,B
BDH;BDH1;SDR9C1,B,B,B,B,B,B,B,N,B,N,B,B,B,B,N,N,B,N,B,B,B,B,B,B,B,B,B,B,N,N,B,B
OXCT1;SCOT;OXCT,N,N,N,N,N,N,N,N,N,N,N,N,N,N,N,N,N,N,N,N,N,N,N,N,N,N,N,N,N,N,N,N
FKSG25;SCOTT;OXCT2,N,N,N,N,N,N,N,N,N,N,N,N,N,N,N,N,N,N,N,N,N,N,N,N,N,N,N,N,N,N,N,N
SUR-5;ACSF1;AACS,N,D,N,N,D,D,N,N,D,N,D,N,N,N,N,N,N,N,N,D,N,N,D,N,D,N,N,N,N,N,N,D
HL;HMGCL,N,N,N,N,N,N,N,N,N,N,N,N,N,N,N,N,N,N,N,N,N,N,N,N,N,N,N,N,N,N,N,N
er-cHL;bA418P12.1;HMGCLL1,N,N,N,N,N,N,N,N,N,N,N,N,N,N,N,N,N,N,N,N,N,N,N,N,N,N,N,N,N,N,N,N
HMGCS;HMGCS1,D,N,N,N,N,N,N,N,D,N,N,N,N,N,D,N,N,N,N,N,N,D,N,N,N,D,N,D,N,N,N,N
HMGCS2,D,N,N,N,N,N,N,N,D,N,N,N,N,N,D,N,N,N,N,N,N,D,N,N,N,D,N,D,N,N,N,N
T2;ACAT;ACAT1;MAT;THIL,N,N,N,N,N,N,N,N,N,N,N,N,N,N,N,N,N,N,N,N,N,N,N,N,N,N,N,N,N,N,N,N
ACAT2,N,N,N,N,N,N,N,N,N,N,N,N,N,N,N,N,N,N,N,N,N,N,N,N,N,N,N,N,N,N,N,N
L-PBE;PBFE;LBP;ECHD;EHHADH;FRTS3;LBFP,B,N,B,N,N,N,B,N,B,N,B,N,N,N,B,N,B,B,B,N,B,N,B,N,N,B,N,B,B,N,B,B
HADH1;HADH;HHF4;MSCHAD;SCHAD;HAD;HADHSC;HCDH,A,N,N,N,N,N,A,N,N,N,A,N,N,N,N,N,A,A,A,N,A,N,A,N,N,A,N,A,A,N,A,A
SCEH;ECHS1;ECHS1D,B,N,B,N,B,B,B,B,B,N,B,B,B,N,B,N,B,B,B,N,B,N,B,N,N,B,N,B,B,N,B,B
HADHA;MTPA;GBP;ECHA;LCHAD;HADH;LCEH;TP-ALPHA,B,N,B,N,N,N,B,N,B,N,B,N,N,N,B,N,B,B,B,N,B,N,B,N,N,B,N,B,B,N,B,B
NPD009;ABAT;GABA-AT;GABAT,N,N,N,N,N,N,N,N,N,N,N,N,N,N,N,N,N,N,N,N,N,N,N,N,N,N,N,N,N,N,N,N
SCP;GAD1;GAD;CPSQ1,N,N,N,N,N,N,N,N,N,N,N,N,N,N,N,N,N,N,N,N,N,N,N,N,N,N,N,N,N,N,N,N
GAD2;GAD65,N,N,N,N,N,N,N,N,N,N,N,N,N,N,N,N,N,N,N,N,N,N,N,N,N,N,N,N,N,N,N,N
ACADS;ACAD3;SCAD,N,N,N,A,N,N,N,A,N,N,N,N,N,N,N,N,A,N,A,N,N,N,N,N,N,N,N,N,A,N,N,N
SSDH;ALDH5A1;SSADH,A,N,A,N,A,N,A,A,A,N,A,A,A,A,N,N,N,A,A,N,N,N,A,N,N,A,N,A,A,A,A,N
MACS1;BUCS1;ACSM1,D,D,D,N,D,D,N,N,D,N,D,D,N,D,N,D,N,N,D,D,N,N,D,D,D,D,D,D,N,N,D,D
ACSM2A;ACSM2;A-923A4.1,N,D,D,N,D,D,N,N,D,N,D,D,N,D,N,N,D,D,N,D,N,N,D,D,D,D,D,D,N,N,N,D
bA310E22.3;ACSM6;C10orf129,N,D,D,N,D,D,N,N,D,N,D,D,N,N,N,N,N,N,N,D,N,N,D,N,D,D,N,N,N,N,N,D
ACSM4,D,D,D,N,D,D,N,N,D,N,D,D,N,D,N,D,D,D,D,D,N,N,D,D,D,D,D,D,N,N,D,D
ACSM2B;HXMA;HYST1046;ACSM2,D,D,D,N,D,D,N,N,D,N,D,D,N,D,N,D,D,D,D,D,N,N,D,D,D,D,D,D,N,N,D,D
ACSM5,D,D,D,N,D,D,N,N,D,N,D,D,N,D,N,D,N,N,D,D,N,N,D,D,D,D,D,D,N,N,D,D
SAH;SA;ACSM3,D,D,D,N,D,D,N,N,D,N,D,D,N,D,N,D,N,N,D,D,N,N,D,D,D,D,D,D,N,N,D,D
L2HGDH;L2HGA;C14orf160,N,A,N,N,N,N,N,A,N,N,A,N,A,N,N,N,A,A,N,N,N,N,N,N,N,A,N,N,N,N,N,N
