oxaA,N,N,N,N,N,N,N,N,N,N,N,N,N,N,N,N,N,N,N,N,N,N,N,N,N,N,N,N,N,N,N,N
srp14-1,N,N,N,N,N,N,N,N,N,N,N,N,N,N,N,N,N,N,N,N,N,N,N,N,N,N,N,N,N,N,N,N
srp14-2,N,N,N,N,N,N,N,N,N,N,N,N,N,N,N,N,N,N,N,N,N,N,N,N,N,N,N,N,N,N,N,N
srp72,N,N,N,N,A,N,N,A,N,N,A,A,N,N,A,A,A,N,N,N,N,N,N,N,N,A,N,N,N,N,A,N
srp68,N,A,N,N,A,N,N,A,N,N,A,N,N,N,N,A,N,N,N,A,N,N,N,N,N,A,N,A,N,N,A,N
srp54,N,N,N,N,N,N,N,N,N,N,N,N,N,N,N,N,N,N,N,N,N,N,N,N,N,N,N,N,N,N,N,N
srp19,C,N,N,N,N,N,N,N,C,N,N,N,N,N,N,N,N,C,N,N,N,N,N,C,N,N,N,N,N,N,N,N
srpR,N,N,N,N,N,N,N,N,N,N,N,N,N,N,N,N,N,N,N,N,N,N,N,N,N,N,N,N,N,N,N,N
srp9,A,N,N,N,N,N,N,A,A,N,A,N,A,N,N,N,N,N,A,A,N,N,N,A,N,N,N,N,N,N,A,N
10,A,A,A,A,A,A,A,A,A,N,A,A,A,A,A,A,A,A,A,A,A,A,A,A,A,A,A,A,N,A,A,A
spc1,N,N,N,N,N,N,N,N,A,N,A,N,N,N,A,N,N,N,N,N,N,N,N,N,N,N,N,N,N,N,A,N
spc2,N,N,N,N,N,N,N,N,N,N,N,N,N,N,N,N,N,N,N,N,N,N,N,N,N,N,N,N,N,N,N,N
sec61a,N,N,N,N,N,N,N,N,A,N,A,N,A,N,N,N,A,A,N,N,N,N,N,N,N,N,N,A,N,N,N,N
spc3,A,A,N,N,N,N,N,N,A,N,N,N,A,N,N,N,A,A,N,A,N,N,N,N,A,N,N,N,N,A,N,N
sec11,N,N,N,N,D,N,D,N,N,N,N,N,N,N,N,D,N,N,N,N,D,N,N,N,N,N,N,N,N,N,D,N
srpRB,N,N,N,N,N,N,N,N,N,N,N,N,N,N,N,N,N,N,N,N,N,N,N,N,N,N,N,N,N,N,N,N
sec61b,A,A,N,N,A,N,N,N,A,N,A,A,N,N,N,A,N,N,A,N,A,N,N,A,A,N,N,N,N,N,N,N
sec61g,N,N,N,N,N,N,N,N,N,N,N,N,N,N,N,N,N,N,N,N,N,N,N,N,N,N,N,N,N,N,N,N
19,B,B,B,B,B,N,N,B,B,N,B,N,N,B,B,B,B,B,N,B,B,B,B,N,N,B,B,N,N,B,B,B
