UAL1;UBA2,A,A,A,N,N,A,N,A,N,N,A,N,N,N,N,N,A,N,A,A,N,A,N,A,N,N,N,A,N,A,A,A
RHC31;AOS1,A,A,A,N,N,A,N,A,N,N,A,N,N,N,N,N,A,N,A,A,N,A,N,A,N,N,N,A,N,A,A,A
ELC1,A,A,A,N,N,N,N,A,A,N,N,A,N,A,N,N,A,N,N,A,N,A,A,N,A,A,N,N,A,N,N,N
RBX1;HRT2;HRT1;ROC1,A,A,A,A,A,N,A,N,A,N,A,A,A,N,A,A,A,A,A,A,A,A,A,A,A,A,N,A,N,A,A,A
CDC4,A,A,A,A,A,A,A,A,A,A,A,A,A,A,A,A,A,A,A,A,A,A,A,A,A,A,A,A,A,A,A,A
ZRG11;MET30,A,A,A,A,A,A,A,A,A,A,A,A,A,A,A,A,A,A,A,A,A,A,A,A,A,A,A,A,A,A,A,A
GRR1;CAT80;SDC1;COT2;SSU2,A,A,A,A,A,A,A,A,A,N,A,A,A,A,A,N,A,A,A,A,A,A,A,A,A,A,A,A,A,A,A,A
RAD28,A,N,N,N,N,N,N,N,N,N,A,N,N,A,N,A,N,N,N,N,N,A,N,N,A,N,A,N,N,N,A,N
UBA3,A,A,A,N,N,A,N,A,N,N,A,N,N,N,N,N,A,N,A,A,N,A,N,A,N,N,N,A,N,A,A,A
SCD26;HIT3;CDC26,N,N,N,N,N,N,N,N,N,N,N,N,N,N,N,N,N,N,N,N,N,N,N,N,N,N,N,N,N,N,N,N
DOC1;APC10,N,N,A,N,N,N,N,N,N,N,A,N,N,A,A,N,N,A,A,N,N,N,A,N,N,N,N,N,N,N,A,N
APC9,N,N,N,N,N,N,N,N,N,N,N,N,N,N,N,N,N,N,N,N,N,N,N,N,N,N,N,N,N,N,N,N
CDC23,N,N,N,N,N,N,N,N,N,N,N,N,N,N,N,N,N,N,N,N,N,N,N,N,N,N,N,N,N,N,N,N
CDC16,N,A,N,N,N,N,N,A,N,N,A,N,N,N,N,N,N,N,N,A,N,A,N,N,A,N,N,N,N,A,N,N
APC5;RMC1,N,N,N,N,N,N,N,N,N,N,N,N,N,N,N,N,N,N,N,N,N,N,N,N,N,N,N,N,N,N,N,N
APC4,N,N,N,N,N,N,N,N,N,N,N,N,N,N,N,N,N,N,N,N,N,N,N,N,N,N,N,N,N,N,N,N
CDC27;SNB1;APC3,N,N,N,N,N,N,N,N,N,N,N,N,N,N,N,N,N,N,N,N,N,N,N,N,N,N,N,N,N,N,N,N
APC1,N,N,A,N,N,N,N,A,N,N,N,N,A,N,N,N,A,N,N,N,N,N,A,N,N,N,N,N,N,N,N,N
CDH1;HCT1,A,A,A,A,A,A,A,A,A,N,A,A,A,A,A,A,A,A,A,A,A,A,A,A,A,A,A,A,N,A,A,A
CDC20;PAC5,A,A,A,N,A,A,A,A,A,N,A,A,A,A,A,A,A,A,A,A,A,A,A,A,A,A,N,A,N,N,A,A
RSI1;APC2;TID2,N,A,N,N,A,A,N,A,A,N,A,N,N,A,A,N,N,A,N,A,A,N,A,A,N,A,N,A,N,N,A,N
APC11,A,A,A,A,A,N,A,N,A,N,A,A,N,N,A,A,A,A,A,A,A,A,A,A,A,A,N,A,N,A,A,A
CUL3,A,A,A,N,A,A,A,A,A,N,A,A,A,A,A,A,A,A,A,A,A,N,A,A,N,A,N,A,N,N,A,A
SKP1;MGO1,A,A,A,N,A,N,N,A,A,N,A,A,N,A,N,N,A,A,N,A,N,A,A,N,A,A,N,N,A,A,N,N
CDC53,A,A,A,N,A,A,A,A,A,N,A,A,A,A,A,A,A,A,A,A,A,N,A,A,N,A,N,A,N,N,A,A
DER3;HRD1,A,A,A,A,A,A,A,A,A,N,A,A,N,A,A,A,A,A,A,A,A,A,A,A,A,A,A,A,A,A,A,A
SIZ1;ULL1,N,A,A,A,A,N,A,N,A,N,A,A,N,N,A,N,A,A,A,N,A,A,N,A,A,A,A,N,A,N,A,N
PSO4;PRP19,A,A,A,N,A,A,A,A,A,N,A,A,A,N,A,N,N,N,N,A,A,N,A,A,A,A,N,N,N,A,A,A
UBC4,A,A,A,A,A,A,A,A,A,A,A,A,A,A,A,A,A,A,A,A,A,A,A,A,A,A,A,A,A,A,A,A
UBC5,A,A,A,A,A,A,A,A,A,A,A,A,A,A,A,A,A,A,A,A,A,A,A,A,A,A,A,A,A,A,A,A
UBC13,A,A,A,A,A,A,A,A,A,A,A,A,A,A,A,A,A,A,A,A,A,A,A,A,A,A,A,A,A,A,A,A
HUL5,A,A,A,A,A,A,A,A,A,N,A,A,A,A,A,A,N,A,N,A,A,A,A,A,N,A,N,A,A,A,A,A
UBC11,A,A,A,A,A,A,A,A,A,A,A,A,A,A,A,A,A,A,A,A,A,A,A,A,A,A,A,A,A,A,A,A
UBC2;RAD6;PSO8,A,A,A,A,A,A,A,A,A,A,A,A,A,A,A,A,A,A,A,A,A,A,A,A,A,A,A,A,A,A,A,A
UBC1,A,A,A,A,A,A,A,A,A,A,A,A,A,A,A,A,A,A,A,A,A,A,A,A,A,A,A,A,A,A,A,A
UBC6;DOA2,A,A,A,A,A,A,A,A,A,A,A,A,A,A,A,A,A,A,A,A,A,A,A,A,A,A,A,A,A,A,A,A
UBC7;DER2;QRI8,A,A,A,A,A,A,A,A,A,A,A,A,A,A,A,A,A,A,A,A,A,A,A,A,A,A,A,A,A,A,A,A
UBA1,A,A,A,N,N,A,N,A,N,N,A,N,N,N,N,N,A,N,A,A,N,A,N,A,N,N,N,A,N,A,A,A
DNA6;UBC3;CDC34,A,A,A,A,A,A,A,A,A,A,A,A,A,A,A,A,A,A,A,A,A,A,A,A,A,A,A,A,A,A,A,A
UFD2,A,A,A,N,A,A,N,A,A,N,A,A,A,A,A,N,N,A,A,A,A,A,A,A,A,A,A,N,A,A,A,A
UFD4,A,A,A,A,A,A,A,A,A,N,A,A,A,A,A,A,A,A,A,A,A,A,A,A,A,A,N,A,A,A,A,A
TOM1,A,A,A,A,A,A,A,A,A,N,A,A,A,A,A,A,N,A,N,A,A,A,A,A,N,A,N,A,A,A,A,A
RSP5;SMM1;NPI1;MDP1;UBY1;MUT2,A,A,A,A,A,A,A,A,A,N,A,A,A,A,A,A,N,A,N,A,A,A,A,A,A,A,N,A,A,A,A,A
UBC12,A,A,A,A,A,A,A,A,A,A,A,A,A,A,A,A,A,A,A,A,A,A,A,A,A,A,A,A,A,A,A,A
UBC9,A,A,A,A,A,A,A,A,A,A,A,A,A,A,A,A,A,A,A,A,A,A,A,A,A,A,A,A,A,A,A,A
UBC8;GID3,A,A,A,A,A,A,A,A,A,A,A,A,A,A,A,A,A,A,A,A,A,A,A,A,A,A,A,A,A,A,A,A
APC13;SWM1,N,N,N,N,N,N,N,N,N,N,N,N,N,N,N,N,N,N,N,N,N,N,N,N,N,N,N,N,N,N,N,N
