TFB2,A,N,N,A,A,N,A,N,N,A,N,N,A,N,A,N,N,N,N,N,N,N,N,A,A,A,N,A,A,A,N,A
TFB4,N,A,A,N,N,N,A,N,A,N,A,N,N,A,N,N,A,N,N,N,N,N,N,A,A,N,N,A,A,N,A,N
SSL1,A,A,A,N,A,A,A,N,A,N,N,N,N,N,N,A,A,A,N,N,N,N,A,N,N,N,N,A,A,A,A,A
TFB1,N,A,A,N,N,A,N,N,N,N,A,A,N,N,N,N,N,N,N,N,A,N,N,A,N,N,N,N,N,N,N,N
RAD3;REM1,C,N,C,N,C,C,N,N,C,N,C,C,N,N,C,C,N,C,C,N,C,N,C,N,N,C,C,N,N,N,C,C
TFB5,A,A,A,N,N,A,N,N,A,N,N,A,A,N,N,A,N,N,A,N,A,N,N,A,A,A,N,A,N,N,A,A
LOM3;SSL2;RAD25,N,N,N,N,A,N,N,N,N,N,A,N,N,N,N,N,N,N,N,A,N,N,N,N,N,N,N,N,N,N,N,A
CCL1,N,A,N,N,N,N,N,N,A,N,A,A,N,A,N,N,N,N,N,N,A,N,N,N,A,N,N,A,N,N,A,A
TFB3;RIG2,B,B,B,N,N,B,B,B,B,N,B,N,B,N,N,N,N,N,B,N,N,N,B,N,B,B,N,N,N,N,N,N
KIN28,D,D,D,D,D,D,D,D,D,D,D,D,D,D,D,D,D,D,D,D,D,D,D,D,D,D,D,D,D,D,D,D
RBX1;HRT2;HRT1;ROC1,A,A,A,A,A,N,A,N,A,N,A,A,A,N,A,A,A,A,A,A,A,A,A,A,A,A,N,A,N,A,A,A
CDC9;MMS8,N,N,N,N,N,N,N,N,A,N,A,N,A,N,N,N,N,N,N,N,N,A,N,N,N,A,N,N,N,N,N,A
RFC5,N,N,N,N,N,N,N,N,N,N,N,N,N,N,N,N,N,N,N,N,N,N,N,N,N,N,N,N,N,N,N,N
RFC2,N,A,N,A,N,N,N,N,N,N,A,N,A,N,A,A,A,A,N,N,N,N,N,N,N,N,A,A,N,N,N,N
RFC3,N,A,A,A,N,N,N,N,N,N,A,A,A,N,A,A,A,A,A,N,A,N,N,N,N,N,A,A,N,A,A,N
RFC4,N,A,N,A,N,N,N,N,N,N,A,N,A,N,A,A,A,A,N,N,N,N,N,N,N,N,A,A,N,N,N,N
CDC44;RFC1,N,A,A,A,N,N,N,N,N,N,A,A,A,N,A,A,A,A,A,N,A,N,N,N,N,N,A,A,N,A,A,N
POL30,C,C,N,N,N,N,N,C,C,N,N,C,N,N,N,N,N,N,N,N,N,N,C,N,N,N,N,C,C,N,N,N
SRS2;HPR5,N,N,N,N,N,N,N,N,N,N,N,N,N,N,N,N,N,N,N,N,N,N,N,N,N,N,N,N,N,N,N,N
DPB3,A,N,N,A,N,A,N,A,N,N,N,N,N,N,N,N,N,A,N,N,N,N,N,N,A,N,A,N,N,N,A,N
DPB4,N,N,N,N,N,N,N,N,N,N,N,N,N,N,N,N,N,N,N,N,N,N,N,N,N,N,N,N,N,N,N,N
DLS1,A,N,N,A,N,A,N,A,N,N,N,N,N,N,N,N,N,A,N,N,N,N,N,N,A,N,A,N,N,N,A,N
DUN2;POL2,N,N,N,N,N,N,N,N,N,N,N,N,N,N,N,N,N,N,N,N,N,N,N,N,N,N,N,N,N,N,N,N
DPB2,A,A,A,N,A,N,A,A,N,N,A,A,A,A,A,A,A,N,N,N,A,A,N,A,A,A,A,N,A,A,N,A
RAD12;LPB9;RAD1,N,N,N,N,N,N,N,N,N,N,N,N,N,N,N,N,N,N,N,N,N,N,N,N,N,N,N,N,N,N,N,N
RAD2,N,N,C,C,C,N,N,C,C,N,C,C,C,C,N,N,C,N,C,C,N,N,C,N,C,C,N,C,N,N,C,N
HPR6;TEX1;POL3;CDC2,N,A,N,A,N,N,A,N,A,N,A,A,A,N,N,N,N,N,N,A,N,N,N,N,N,N,N,N,N,N,A,A
POL31;SDP5;HYS2;HUS2,N,N,N,N,A,N,N,A,N,N,A,N,N,A,N,A,N,A,A,N,N,N,A,N,N,A,A,A,N,A,A,N
REV5;POL32,N,N,N,N,N,N,N,N,N,N,N,N,N,N,N,N,N,N,N,N,N,N,N,N,N,N,N,N,N,N,N,N
RPA1;RPA70;FUN3;BUF2;RFA1,N,N,D,N,N,N,D,D,D,N,D,N,D,D,N,N,N,N,N,N,N,N,D,D,N,N,N,N,D,D,D,D
RFA2;RPA32;BUF1;RPA2,A,N,N,N,N,N,N,N,N,N,A,A,A,A,N,N,A,N,A,N,N,N,A,A,N,A,N,N,A,N,A,N
RAD10,A,N,N,N,N,A,N,N,N,N,A,N,N,N,N,N,N,N,N,N,N,N,N,N,N,N,N,N,N,N,A,N
RAD14,N,N,N,N,N,N,N,N,N,N,N,N,N,N,N,N,N,N,N,N,N,N,N,N,N,N,N,N,N,N,N,N
RAD23,D,D,N,N,D,D,N,D,D,N,D,N,N,D,N,N,N,N,D,D,D,N,D,D,N,D,N,N,D,N,D,N
RAD28,A,N,N,N,N,N,N,N,N,N,A,N,N,A,N,A,N,N,N,N,N,A,N,N,A,N,A,N,N,N,A,N
RAD26,D,D,D,D,D,D,D,D,D,N,D,D,D,D,D,D,D,D,D,D,D,D,D,D,D,D,D,D,D,D,D,D
RAD4,N,N,N,N,A,N,N,N,N,N,A,A,N,N,N,N,N,N,N,N,N,N,N,N,N,N,N,N,N,A,N,N
