EPHX2;CEH;SEH,N,N,N,N,N,N,N,A,N,N,A,N,N,N,N,A,N,N,N,N,N,N,N,N,N,N,N,A,N,N,N,N
CYP2B7P;CYP2B6;CYPIIB6;EFVM;CYP2B7;P450;IIB1;CPB6;CYP2B,C,C,C,N,C,N,C,C,C,N,C,N,C,C,C,N,C,C,C,C,C,C,C,C,N,C,N,C,C,N,C,C
CYPIIJ2;CPJ2;CYP2J2,C,C,C,N,C,N,C,C,C,N,C,N,C,C,C,C,C,C,C,C,C,C,C,C,N,C,N,C,C,N,C,C
P450IIC9;CYPIIC9;CPC9;CYP2C9;CYP2C;CYP2C10,C,C,C,N,C,N,C,C,C,N,C,N,C,C,C,C,C,C,C,C,C,C,C,C,N,C,N,C,C,N,C,C
CYPIIC8;MP-12/MP-20;CPC8;CYP2C8,C,C,C,N,C,N,C,C,C,N,C,N,C,C,C,C,C,C,C,C,C,C,C,C,N,C,N,C,C,N,C,C
ALOX15B;15-LOX-2,A,A,N,N,N,N,N,A,A,N,A,A,N,A,N,N,A,N,N,N,A,A,A,N,N,A,N,N,N,N,A,A
12R-LOX;ARCI2;ALOX12B,A,A,N,N,N,N,N,A,A,N,A,A,N,A,N,N,A,N,N,N,A,A,A,N,N,A,N,N,N,N,A,A
P450TEC;SPG49;CYP2U1;SPG56,C,C,C,N,C,N,C,C,C,N,C,N,C,C,C,C,C,C,C,C,C,C,C,C,N,C,N,C,C,N,C,C
GPXP3;GPx-6;GPX6;dJ1186N24;GSHPx-6;dJ1186N24.1;GPX5p,A,N,A,N,A,N,N,A,N,N,A,A,A,A,A,N,N,N,N,N,N,A,A,N,N,A,N,N,N,N,A,A
GPXD;GPX1;GSHPX1,A,N,A,N,A,N,N,A,N,N,A,A,A,A,A,N,N,N,N,N,N,A,A,N,N,A,N,N,N,N,A,A
GI-GPx;GPx-GI;GSHPX-GI;GSHPx-2;GPRP;GPx-2;GPX2;GPRP-2,A,N,A,N,A,N,N,A,N,N,A,A,A,A,A,N,N,N,N,N,N,A,A,N,N,A,N,N,N,N,A,A
GSHPx-3;GSHPx-P;GPx-P;GPX3,A,N,A,N,A,N,N,A,N,N,A,A,A,A,A,N,N,N,N,N,N,A,A,N,N,A,N,N,N,N,A,A
HEL-S-75p;GPX5,A,N,A,N,A,N,N,A,N,N,A,A,A,A,A,N,N,N,N,N,N,A,A,N,N,A,N,N,N,N,A,A
GPX6;GPx-7;CL683;GPX7;GSHPx-7;NPGPx,A,N,A,N,A,N,N,A,N,N,A,A,A,A,A,N,N,N,N,N,N,A,A,N,N,A,N,N,N,N,A,A
GSHPx-8;GPX8;EPLA847;GPx-8;UNQ847,A,N,A,N,A,N,N,A,N,N,A,A,A,A,A,N,N,N,N,N,N,A,A,N,N,A,N,N,N,N,A,A
CYP4F;CYP4F3;LTB4H;CPF3,C,C,C,N,C,N,C,C,C,N,C,N,C,C,C,C,C,C,C,C,C,C,C,C,N,C,N,C,C,N,C,C
CYP4F2;CPF2,C,C,C,N,C,N,C,C,C,N,C,N,C,C,C,C,C,C,C,C,C,C,C,C,N,C,N,C,C,N,C,C
CYP4A11;CYP4AII;CP4Y;CYP4A2,C,C,C,N,C,N,C,C,C,N,C,N,C,C,C,C,C,C,C,C,C,C,C,C,N,C,N,C,C,N,C,C
12S-LOX;12-LOX;ALOX12;LOG12,A,A,N,N,N,N,N,A,A,N,A,A,N,A,N,N,A,N,N,N,A,A,A,N,N,A,N,N,N,N,A,A
LOG15;12-LOX;15-LOX;ALOX15;15-LOX-1,A,A,N,N,N,N,N,A,A,N,A,A,N,A,N,N,A,N,N,N,A,A,A,N,N,A,N,N,N,N,A,A
PHS1;PGG/HS;COX3;PGHS1;PCOX1;PGHS-1;PTGS1;COX1;PTGHS;PES-1,N,N,N,N,N,N,N,A,N,N,A,N,N,N,N,N,N,A,N,N,N,N,N,N,N,A,N,N,N,N,N,N
PHS-2;PGHS-2;PGG/HS;COX2;hCox-2;COX-2;GRIPGHS;PTGS2,N,N,N,N,N,N,N,A,N,N,A,N,N,N,N,N,N,A,N,N,N,N,N,N,N,A,N,N,N,N,N,N
PLA2G4B;HsT16992;cPLA2-beta,A,A,A,N,A,A,A,A,A,N,A,N,A,A,A,A,A,A,A,A,A,A,A,A,A,A,A,A,A,A,A,A
AdPLA;H-REV107;H-REV107-1;HRSL3;HREV107-1;HRASLS3;HREV107;HREV107-3;PLA2G16,A,N,N,N,N,N,A,N,A,N,N,A,N,N,N,N,N,N,N,N,A,N,N,N,N,N,N,N,N,N,A,N
PLA2G4E,A,A,A,N,A,N,N,A,A,N,A,N,A,A,A,A,A,A,A,N,A,A,A,A,A,N,A,A,N,A,A,A
PLB/LIP;PLB1;PLB,N,N,N,N,N,N,N,N,N,N,N,N,N,N,N,N,N,N,N,N,N,N,N,N,N,N,N,N,N,N,N,N
PLA2G4F;PLA2G4FZ,A,A,A,N,A,A,A,A,A,N,A,N,A,A,A,A,A,A,A,A,A,A,A,A,A,N,A,A,A,A,A,A
PLA2G2D;sPLA2S;PLA2IID;sPLA2-IID;SPLASH,N,N,N,N,N,N,N,N,N,N,N,N,N,N,N,N,N,N,N,N,N,N,N,N,N,N,N,N,N,N,N,N
PLA2G4D;cPLA2delta,A,A,A,N,A,A,N,A,A,N,A,N,A,A,A,A,A,A,A,A,A,A,A,A,A,A,A,A,A,A,A,A
PLA2G2E;GIIE_sPLA2;sPLA2-IIE,N,N,N,N,N,N,N,N,N,N,N,N,N,N,N,N,N,N,N,N,N,N,N,N,N,N,N,N,N,N,N,N
PLA2G2C,N,N,N,N,N,N,N,N,N,N,N,N,N,N,N,N,N,N,N,N,N,N,N,N,N,N,N,N,N,N,N,N
SPLA2III;GIII-SPLA2;PLA2G3;sPLA2-III,N,N,N,N,N,N,N,N,N,N,N,N,N,N,N,N,N,N,N,N,N,N,N,N,N,N,N,N,N,N,N,N
PLA2;PLA2G1B;PLA2A;PPLA2,N,N,N,N,N,N,N,N,N,N,N,N,N,N,N,N,N,N,N,N,N,N,N,N,N,N,N,N,N,N,N,N
PLA2L;PLA2S;MOM1;PLA2;PLA2G2A;sPLA2;PLA2B;PLAS1,N,N,N,N,N,N,N,N,N,N,N,N,N,N,N,N,N,N,N,N,N,N,N,N,N,N,N,N,N,N,N,N
cPLA2;cPLA2-alpha;PLA2G4A;PLA2G4,A,A,A,N,A,A,N,A,A,N,A,N,A,A,A,A,A,A,A,A,A,A,A,A,A,N,A,A,A,A,A,A
hVPLA(2);PLA2G5;FRFB;GV-PLA2;PLA2-10,N,N,N,N,N,N,N,N,N,N,N,N,N,N,N,N,N,N,N,N,N,N,N,N,N,N,N,N,N,N,N,N
PLA2G2F,N,N,N,N,N,N,N,N,N,N,N,N,N,N,N,N,N,N,N,N,N,N,N,N,N,N,N,N,N,N,N,N
PLA2G12;PLA2G12A;GXII;ROSSY,A,N,N,N,N,N,N,N,A,N,N,A,N,N,N,N,N,N,N,N,A,N,N,N,A,N,N,N,N,N,A,A
PLA2G6;PLA2;INAD1;iPLA2;CaI-PLA2;iPLA2beta;NBIA2B;GVI;PNPLA9;NBIA2A;NBIA2;PARK14;IPLA2-VIA,A,A,A,A,A,A,N,A,A,N,A,A,A,A,N,A,A,A,A,A,A,A,A,A,N,A,A,A,A,N,A,A
SPLA2;GXPLA2;sPLA2-X;GXSPLA2;PLA2G10,N,N,N,N,N,N,N,N,N,N,N,N,N,N,N,N,N,N,N,N,N,N,N,N,N,N,N,N,N,N,N,N
GXIIB;sPLA2-GXIIB;PLA2G13;FKSG71;PLA2G12B;GXIIIsPLA2,A,N,N,N,N,N,N,N,A,N,N,A,N,N,N,N,N,N,N,N,A,N,N,N,A,N,N,N,N,N,A,A
CPLA2-gamma;PLA2G4C,N,N,N,N,N,N,N,N,N,N,N,N,N,N,N,N,N,N,N,N,N,N,N,N,N,N,N,N,N,N,N,N
HsT16992;cPLA2-beta;JMJD7-PLA2G4B,A,A,A,N,A,A,A,A,A,N,A,N,A,A,A,A,A,A,A,A,A,A,A,A,A,A,A,A,A,A,A,A
ALOX5;5-LOX;5-LO;LOG5;5LPG,A,A,N,N,N,N,N,A,A,N,A,A,N,A,N,N,A,N,N,N,A,A,A,N,N,A,N,N,N,N,A,A
LTA4H,N,A,N,N,A,N,N,A,A,N,A,N,N,N,A,A,N,A,N,N,N,N,A,A,N,N,A,N,N,N,A,N
LTC4S,A,N,N,N,N,A,N,N,N,N,N,N,N,N,A,N,N,N,N,N,N,N,N,N,N,N,N,A,N,N,A,A
GGT_1;GTG;D22S672;D22S732;GGT1;CD224;GGT,N,N,N,N,N,B,N,N,N,N,B,B,N,N,N,N,N,N,N,N,N,N,N,B,N,N,N,B,N,N,B,N
GGTLA1;GGT5;GGT_5;GGT-REL;GGL,N,N,N,N,N,B,N,N,N,N,B,B,N,N,N,N,N,N,N,N,N,N,N,B,N,N,N,B,N,N,B,N
PTGI;CYP8A1;CYP8;PTGIS;PGIS,C,C,N,N,C,N,C,C,C,N,N,N,C,C,C,N,C,C,C,C,C,C,C,C,N,C,N,C,N,N,C,C
P23;cPGES;PTGES3;TEBP,N,A,A,A,A,A,N,A,A,N,A,A,A,A,N,N,A,A,N,A,A,A,A,N,N,A,A,N,A,A,A,A
GBF1;GBF-1;PGES2;PTGES2;mPGES-2;C9orf15,N,N,N,N,N,N,N,N,N,N,N,N,N,N,N,N,N,N,N,N,N,N,N,N,N,N,N,N,N,N,N,N
PIG12;TP53I12;PTGES;MGST1L1;PGES;PP1294;MGST1-L1;PP102;mPGES-1;MGST-IV;MPGES,N,N,N,N,N,N,N,N,N,N,N,N,N,N,N,N,N,N,N,N,N,N,N,N,N,N,N,N,N,N,N,N
TS;CYP5A1;TXS;CYP5;TXAS;GHOSAL;BDPLT14;TBXAS1;THAS,C,C,C,N,C,N,C,C,C,N,C,N,C,C,C,C,C,C,C,C,C,C,C,C,N,C,N,C,C,N,C,C
HAKRe;hluPGFS;PGFS;DDX;AKR1C3;HA1753;DD3;HSD17B5;HAKRB,N,N,N,N,N,N,N,N,N,N,N,N,N,N,N,N,N,N,N,N,N,N,N,N,N,N,N,N,N,N,N,N
GSTS;PGDS;GSTS1;GSTS1-1;HPGDS;PGD2,A,N,A,N,N,N,A,N,N,N,A,A,A,A,A,N,N,A,A,N,A,N,N,N,N,A,N,N,N,N,A,A
LPGDS;L-PGDS;PTGDS;PGDS;PDS;PGDS2;PGD2,N,N,N,N,N,N,N,N,N,N,N,N,N,N,N,N,N,N,N,N,N,N,N,N,N,N,N,N,N,N,N,N
hCBR1;CBR;SDR21C1;CBR1,N,N,B,N,N,N,N,N,N,N,N,N,B,B,N,N,N,N,N,N,N,N,N,N,N,N,N,N,N,N,B,B
HEL-S-25;CBR3;hCBR3;SDR21C2,N,N,B,N,N,N,N,N,N,N,N,N,B,B,N,N,N,N,N,N,N,N,N,N,N,N,N,N,N,N,B,B
FAM213B;C1orf93,N,N,N,N,N,N,N,N,N,N,N,N,N,N,N,N,N,N,N,N,N,N,N,N,N,N,N,N,N,N,N,N
CYPIIC19;CPCJ;P450IIC19;CYPIIC17;CYP2C19;P450C2C;CYP2C,C,C,C,N,C,N,C,C,C,N,C,N,C,C,C,N,C,C,C,C,C,C,C,C,N,C,N,C,C,N,C,C
CYP4F8;CPF8;CYPIVF8,C,C,C,N,C,N,C,C,C,N,C,N,C,C,C,C,C,C,C,C,C,C,C,C,N,C,N,C,C,N,C,C
CYP2E;P450C2E;CPE1;CYP2E1;P450-J,C,C,C,N,C,N,C,C,C,N,C,N,C,C,C,N,C,C,C,C,C,C,C,C,N,C,N,C,C,N,C,C
