fdoI,N,N,N,N,N,N,N,N,N,N,N,N,N,N,N,N,N,N,N,N,N,N,N,N,N,N,N,N,N,N,N,N
fdoH,N,N,N,N,N,N,N,N,N,N,N,N,N,N,N,N,N,N,N,N,N,N,N,N,N,N,N,N,N,N,N,N
fdoG,N,N,N,N,N,N,N,N,N,N,N,N,N,N,N,N,N,N,N,N,N,N,N,N,N,N,N,N,N,N,N,N
frmB,N,N,N,N,N,N,N,N,N,N,N,N,N,N,N,N,N,N,N,N,N,N,N,N,N,N,N,N,N,N,N,N
yeiG,N,N,N,N,N,N,N,N,N,N,N,N,N,N,N,N,N,N,N,N,N,N,N,N,N,N,N,N,N,N,N,N
frmA,A,N,N,N,A,N,N,N,N,N,A,N,N,N,N,N,N,A,N,N,N,N,N,N,N,N,N,N,N,A,N,N
glyA,D,D,D,N,D,D,D,D,D,N,D,D,D,D,D,D,D,D,D,D,D,D,D,D,D,D,D,D,D,D,D,D
ppsA,N,N,N,N,N,N,N,N,N,N,N,N,N,N,N,N,N,N,N,N,N,N,N,N,N,N,N,N,N,N,N,N
eno,D,D,N,N,D,N,D,N,D,N,D,D,D,N,N,D,D,D,D,D,D,N,N,D,N,D,D,D,D,D,D,D
gpmA,N,N,N,N,N,N,N,N,N,N,N,N,N,N,N,N,N,N,N,N,N,N,N,N,N,N,N,N,N,N,N,N
serA,N,N,N,N,N,N,N,N,N,N,N,N,N,N,N,N,N,N,N,N,N,N,N,N,N,N,N,N,N,N,N,N
serC,N,N,N,N,N,N,N,N,N,N,N,N,N,N,N,N,N,N,N,N,N,N,N,N,N,N,N,N,N,N,N,N
serB,N,N,D,N,N,N,N,N,N,N,D,N,N,D,N,N,N,N,N,N,N,N,N,D,N,D,N,N,N,N,N,N
ppc,N,N,N,N,N,N,N,N,N,N,N,N,N,N,N,N,N,N,N,N,N,N,N,N,N,N,N,N,N,N,N,N
mdh,A,A,N,N,N,N,N,N,A,N,A,N,N,N,N,A,A,N,N,N,A,N,A,N,N,N,N,N,N,N,N,N
glpX,N,N,N,N,N,N,N,N,N,N,N,N,N,N,N,N,N,N,N,N,N,N,N,N,N,N,N,N,N,N,N,N
fbp,N,A,N,N,A,N,A,A,N,N,A,N,A,A,A,N,A,N,N,N,N,N,A,A,N,N,N,N,N,N,N,N
pfkB,N,N,N,N,N,N,N,N,N,N,N,N,N,N,N,N,N,N,N,N,N,N,N,N,N,N,N,N,N,N,N,N
pfkA,A,A,A,A,N,N,A,N,N,N,A,N,N,N,N,N,N,A,N,A,A,N,N,A,A,N,N,N,A,N,A,N
fbaB,N,N,N,N,N,N,N,N,N,N,N,N,N,N,N,N,N,N,N,N,N,N,N,N,N,N,N,N,N,N,N,N
fbaA,N,N,N,N,N,N,N,N,N,N,N,N,N,N,N,N,N,N,N,N,N,N,N,N,N,N,N,N,N,N,N,N
ackA,N,N,N,N,N,N,N,N,N,N,N,N,N,N,N,N,N,N,N,N,N,N,N,N,N,N,N,N,N,N,N,N
pta,N,N,N,N,N,N,N,N,N,N,N,N,N,N,N,N,N,N,N,N,N,N,N,N,N,N,N,N,N,N,N,N
acs,D,D,D,N,D,D,N,N,D,N,D,D,N,D,D,N,N,D,N,D,D,N,D,D,D,D,D,D,N,N,N,D
gpmM,N,N,N,N,N,N,N,N,N,N,N,N,N,N,N,N,N,N,N,N,N,N,N,N,N,N,N,N,N,N,N,N
ytjC,N,N,N,A,N,A,N,N,A,N,N,N,N,A,N,N,N,N,N,N,A,N,N,N,N,N,N,N,N,N,N,N
