ALDHIII;ALDH3;ALDH3A1,A,N,A,N,A,N,A,A,A,N,A,A,A,A,N,N,N,A,A,N,N,N,A,N,N,A,N,A,A,A,A,N
ALDH6;MCOP8;ALDH1A3;RALDH3;ALDH1A6,A,N,A,N,A,N,A,A,A,N,A,A,A,A,N,N,N,A,A,N,N,N,A,N,N,A,N,A,A,A,A,N
ALDH3B1;ALDH4;ALDH7,A,N,A,N,A,N,A,A,A,N,A,A,A,A,N,N,N,A,A,N,N,N,A,N,N,A,N,A,A,A,A,N
ALDH3B2;ALDH8,A,N,A,N,A,N,A,A,A,N,A,A,A,A,N,N,N,A,A,N,N,N,A,N,N,A,N,A,A,A,A,N
GAT;ACGNAT;CAT;GLYAT,N,N,N,N,N,N,N,N,N,N,N,N,N,N,N,N,N,N,N,N,N,N,N,N,N,N,N,N,N,N,N,N
AADC;DDC,N,N,N,N,N,N,N,N,N,N,N,N,N,N,N,N,N,N,N,N,N,N,N,N,N,N,N,N,N,N,N,N
AOC2;RAO;DAO2;SSAO,N,N,N,N,N,N,N,N,N,N,N,N,N,N,N,N,N,N,N,N,N,N,N,N,N,N,N,N,N,N,N,N
VAP-1;SSAO;AOC3;HPAO;VAP1,N,N,N,N,N,N,N,N,N,N,N,N,N,N,N,N,N,N,N,N,N,N,N,N,N,N,N,N,N,N,N,N
MAO-A;MAOA;BRNRS,A,N,N,N,N,N,N,N,N,N,A,N,N,A,N,N,N,N,N,N,A,N,N,N,N,N,N,N,N,N,A,N
MAOB,A,A,N,N,N,N,N,A,N,N,A,N,A,A,N,N,N,N,N,N,A,N,N,N,N,N,N,N,N,N,A,N
4-HPPD;4HPPD;HPD;HPPDASE;PPD;GLOD3,N,N,N,N,N,N,N,N,N,N,N,N,N,N,N,N,N,N,N,N,N,N,N,N,N,N,N,N,N,N,N,N
TAT,D,N,D,D,D,N,N,D,D,N,D,D,D,D,D,D,D,D,D,D,D,D,D,D,N,N,N,D,D,N,D,D
AST1;ASTQTL1;cCAT;cAspAT;GOT1;GIG18,N,N,D,D,N,N,D,D,N,N,D,N,D,N,N,D,D,N,N,D,D,N,N,N,D,D,N,N,N,N,D,N
KATIV;GOT2;KAT4;KYAT4;mitAAT,N,N,D,D,N,N,D,D,N,N,D,N,D,N,N,D,D,N,N,D,D,N,N,N,D,D,N,N,N,N,D,N
MIF;GLIF;GIF;MMIF,N,N,N,A,N,N,N,N,A,N,N,N,N,A,N,N,N,N,N,N,N,N,N,N,N,A,A,N,N,N,N,A
LAO;LAAO;FIG1;IL4I1,A,N,N,N,N,N,N,N,N,N,A,N,N,A,N,N,N,N,N,N,A,N,N,N,N,N,N,N,N,N,A,N
PAH;PKU;PH;PKU1,N,N,N,N,N,N,N,N,N,N,N,N,N,N,N,N,N,N,N,N,N,N,N,N,N,N,N,N,N,N,N,N
