enoB,D,D,N,N,D,N,D,N,D,N,D,D,D,N,N,D,D,D,D,D,D,N,N,D,N,D,D,D,D,D,D,D
enoA,D,D,N,N,D,N,D,N,D,N,D,D,D,N,N,D,D,D,D,D,D,N,N,D,N,D,D,D,D,D,D,D
3,N,N,N,N,N,N,N,N,N,N,N,N,N,N,N,N,N,N,N,N,N,N,N,N,N,N,N,N,N,N,N,N
4,N,C,N,N,C,N,C,N,C,N,C,C,N,N,N,N,C,C,C,C,N,C,N,C,N,N,N,C,C,N,C,C
5,N,A,N,A,N,N,N,N,N,N,N,N,N,N,N,N,A,A,N,N,N,N,N,N,A,N,N,N,N,N,N,N
6,N,N,N,N,N,D,N,N,N,N,D,N,N,D,N,N,N,N,N,N,N,N,N,N,D,N,N,N,N,N,N,N
DG1091,A,A,N,N,N,A,N,A,N,N,N,N,N,N,N,N,N,A,N,N,A,A,N,N,N,N,N,N,A,N,A,N
wdr61,A,A,A,A,A,A,A,A,A,N,A,A,A,A,A,A,A,A,A,A,A,A,A,A,A,A,A,A,A,A,A,A
9,N,C,N,N,N,N,C,N,N,N,N,N,N,N,N,N,C,N,N,N,N,N,N,C,N,N,N,N,N,N,N,N
10,D,D,D,D,D,D,D,D,D,D,D,D,D,D,D,D,D,D,D,D,D,D,D,D,D,D,D,D,D,D,D,D
11,N,C,N,N,C,N,C,N,C,N,C,C,N,N,N,N,C,C,C,C,N,C,N,C,N,N,N,C,C,N,C,C
12,N,N,N,N,N,N,N,N,N,N,N,N,N,N,N,N,N,N,N,N,N,N,N,N,N,N,N,N,N,N,N,N
13,N,C,N,N,C,N,C,N,C,N,C,C,N,N,N,N,C,C,C,C,N,C,N,C,N,N,N,C,C,N,C,C
14,N,N,N,N,N,N,N,N,N,N,N,N,N,N,N,N,N,N,N,N,N,N,N,N,N,N,N,N,N,N,N,N
15,N,N,N,N,N,D,N,N,N,N,D,N,N,D,N,N,N,N,N,N,N,N,N,N,D,N,N,N,N,N,N,N
exosc10,A,A,A,A,A,N,N,A,N,N,A,A,A,N,A,N,A,A,A,N,A,A,A,N,A,A,A,A,A,N,A,N
17,D,D,D,D,D,D,D,D,D,D,D,D,D,D,D,D,D,D,D,D,D,D,D,D,D,D,D,D,D,D,D,D
DG1040,A,N,N,N,A,N,N,N,A,N,N,A,A,A,A,A,A,A,N,A,A,N,A,A,N,N,A,A,N,A,A,A
19,N,A,N,N,A,N,A,N,A,N,A,A,A,N,A,A,N,A,A,N,A,N,A,A,N,A,A,A,A,N,A,N
20,N,A,N,N,A,N,A,N,A,N,A,A,A,N,A,A,N,A,A,N,A,N,A,A,N,A,A,A,A,N,A,N
21,A,N,A,A,A,A,A,A,A,N,A,A,A,N,A,N,N,A,A,A,A,A,A,A,A,A,A,A,A,A,A,A
22,N,A,A,N,N,A,N,A,A,A,N,A,A,A,A,N,A,A,A,A,N,N,N,A,A,A,A,N,N,N,A,A
23,N,A,A,N,N,A,N,A,A,A,N,A,A,A,A,N,A,A,A,A,N,N,N,A,A,A,A,N,N,N,A,A
24,N,A,A,N,A,A,A,A,A,N,A,A,A,A,A,A,A,A,N,A,A,A,N,N,N,A,N,A,A,A,A,A
25,N,A,N,N,A,N,A,N,A,N,A,A,N,N,N,N,N,A,A,A,A,A,A,N,N,N,N,N,N,N,A,A
26,N,N,N,N,N,N,N,N,N,N,N,N,N,N,N,N,N,N,N,N,N,N,N,N,N,N,N,N,N,N,N,N
dcp2,N,N,N,N,A,N,A,N,N,N,N,N,N,N,N,A,N,N,N,N,N,N,N,N,N,N,N,N,A,N,A,N
lsm1,C,C,N,N,C,C,C,C,C,C,C,N,N,C,N,N,C,C,C,C,C,C,C,C,C,C,C,C,N,C,C,C
lsm2,A,A,A,A,N,A,A,N,A,N,A,N,N,A,A,A,A,A,N,A,A,N,N,A,N,A,N,N,A,N,A,A
lsm3,N,N,A,N,N,N,A,N,N,N,N,N,N,N,A,N,N,N,N,N,N,N,N,N,N,N,N,N,N,N,N,A
lsm4,A,A,A,A,N,A,A,N,A,A,A,A,N,A,A,A,A,A,N,A,A,N,N,A,N,A,N,A,A,N,A,A
lsm5,N,N,N,N,N,N,N,N,N,N,N,N,N,N,N,N,N,N,N,N,N,N,N,N,N,N,N,N,N,N,N,N
lsm6,N,C,C,C,N,C,C,N,C,C,C,C,N,C,N,C,C,C,N,C,C,N,N,C,N,C,N,C,C,N,C,C
lsm7,N,C,N,N,N,C,C,C,C,C,C,N,N,N,N,N,C,C,C,N,C,N,N,C,C,C,C,N,C,C,N,C
lsm8,C,C,N,N,C,C,C,C,C,C,C,N,N,C,N,N,C,C,C,C,C,C,C,C,C,C,C,C,N,C,C,C
xrn1,A,A,A,A,A,A,A,N,A,A,A,A,A,A,A,A,A,A,A,A,A,A,A,A,A,N,N,A,N,A,A,A
xrn2,A,A,A,A,A,A,A,N,A,A,A,A,A,A,A,A,A,A,A,A,A,A,A,A,A,N,N,A,N,A,A,A
38,A,A,A,A,A,A,A,N,A,A,A,A,A,A,A,A,A,A,A,A,A,A,A,A,A,N,N,A,N,A,A,A
ddx6,D,D,D,D,D,D,D,D,D,D,D,D,D,D,D,D,D,D,D,D,D,D,D,D,D,D,D,D,D,D,D,D
mhsp70,B,B,B,B,B,N,N,B,B,N,B,N,N,B,B,B,B,B,N,B,B,B,B,N,N,B,B,N,N,B,B,B
hspA,D,D,D,D,D,D,D,D,D,D,D,D,D,D,D,D,D,D,D,D,D,D,D,D,D,D,D,D,D,D,D,D
ppk1,N,N,N,N,N,N,N,N,N,N,N,N,N,N,N,N,N,N,N,N,N,N,N,N,N,N,N,N,N,N,N,N
btg,N,N,N,N,N,N,N,N,N,N,N,N,N,N,N,N,N,N,N,N,N,N,N,N,N,N,N,N,N,N,N,N
pabpc1B,A,A,N,N,A,A,A,A,A,N,A,N,A,A,A,A,A,N,A,N,A,A,A,A,A,A,A,A,A,N,A,A
pabpc1A,A,A,A,N,A,A,A,A,A,N,A,A,A,A,A,A,A,A,A,N,A,A,A,A,A,A,A,A,A,N,A,A
pan2,A,A,N,N,A,A,N,A,A,N,A,A,N,N,N,N,N,A,A,A,N,A,A,A,A,A,N,A,A,A,A,N
47,N,C,N,N,N,N,C,N,C,N,N,C,N,C,N,N,C,N,N,N,N,N,N,C,N,N,N,C,N,N,N,N
pfkA,A,A,A,A,N,N,A,N,N,N,A,N,N,N,N,N,N,A,N,A,A,N,N,A,A,N,N,N,A,N,A,N
