IBR3,N,N,N,N,N,N,N,N,N,N,N,N,N,N,N,N,N,N,N,N,N,N,N,N,N,N,N,N,N,N,N,N
2,B,N,B,N,N,N,B,N,B,N,B,N,N,N,B,N,B,B,B,N,B,N,B,N,N,B,N,B,B,N,B,B
3,B,N,B,N,N,N,B,N,B,N,B,N,N,N,B,N,B,B,B,N,B,N,B,N,N,B,N,B,B,N,B,B
4,B,N,B,N,B,B,B,B,B,N,B,B,B,N,B,N,B,B,B,N,B,N,B,N,N,B,N,B,B,N,B,B
5,B,N,B,N,B,B,B,B,B,N,B,B,B,N,B,N,B,B,B,N,B,N,B,N,N,B,N,B,B,N,B,B
6,B,N,B,N,N,N,B,N,B,N,B,N,N,N,B,N,B,B,B,N,B,N,B,N,N,B,N,B,B,N,B,B
CHY1,B,N,B,N,N,N,B,N,B,N,B,N,N,N,B,N,B,B,B,N,B,N,B,N,N,B,N,B,B,N,B,B
8,N,N,N,N,N,N,N,N,N,N,N,N,N,N,N,N,N,N,N,N,N,N,N,N,N,N,N,N,N,N,N,N
ALDH6B2,A,N,A,N,A,N,A,N,A,N,N,N,N,A,N,N,N,A,A,N,N,N,A,N,N,A,N,N,N,N,A,N
PANC,N,N,N,N,N,N,N,N,N,N,N,N,N,N,N,N,N,N,N,N,N,N,N,N,N,N,N,N,N,N,N,N
GAD2,N,N,N,N,N,N,N,N,N,N,N,N,N,N,N,N,N,N,N,N,N,N,N,N,N,N,N,N,N,N,N,N
GAD3,N,N,N,N,N,N,N,N,N,N,N,N,N,N,N,N,N,N,N,N,N,N,N,N,N,N,N,N,N,N,N,N
GAD4,N,N,N,N,N,N,N,N,N,N,N,N,N,N,N,N,N,N,N,N,N,N,N,N,N,N,N,N,N,N,N,N
GAD5,N,N,N,N,N,N,N,N,N,N,N,N,N,N,N,N,N,N,N,N,N,N,N,N,N,N,N,N,N,N,N,N
GAD,N,N,N,N,N,N,N,N,N,N,N,N,N,N,N,N,N,N,N,N,N,N,N,N,N,N,N,N,N,N,N,N
SPDS1,N,N,N,N,N,N,N,N,N,N,N,N,N,N,N,N,N,N,N,N,N,N,N,N,N,N,N,N,N,N,N,N
SPDS2,N,N,N,N,N,N,N,N,N,N,N,N,N,N,N,N,N,N,N,N,N,N,N,N,N,N,N,N,N,N,N,N
SPDS3,N,N,N,N,N,N,N,N,N,N,N,N,N,N,N,N,N,N,N,N,N,N,N,N,N,N,N,N,N,N,N,N
19,N,N,N,N,N,N,N,N,N,N,N,N,N,N,N,N,N,N,N,N,N,N,N,N,N,N,N,N,N,N,N,N
20,N,N,N,N,N,N,N,N,N,N,N,N,N,N,N,N,N,N,N,N,N,N,N,N,N,N,N,N,N,N,N,N
21,N,N,N,N,N,N,N,N,N,N,N,N,N,N,N,N,N,N,N,N,N,N,N,N,N,N,N,N,N,N,N,N
CuAO1,N,N,N,N,N,N,N,N,N,N,N,N,N,N,N,N,N,N,N,N,N,N,N,N,N,N,N,N,N,N,N,N
23,N,N,N,N,N,N,N,N,N,N,N,N,N,N,N,N,N,N,N,N,N,N,N,N,N,N,N,N,N,N,N,N
24,N,N,N,N,N,N,N,N,N,N,N,N,N,N,N,N,N,N,N,N,N,N,N,N,N,N,N,N,N,N,N,N
25,N,N,N,N,N,N,N,N,N,N,N,N,N,N,N,N,N,N,N,N,N,N,N,N,N,N,N,N,N,N,N,N
AO1,N,N,N,N,N,N,N,N,N,N,N,N,N,N,N,N,N,N,N,N,N,N,N,N,N,N,N,N,N,N,N,N
ALDH2B7,A,N,A,N,A,N,A,A,A,N,A,A,A,A,N,N,N,A,A,N,N,N,A,N,N,A,N,A,A,A,A,N
ALDH3H1,A,N,A,N,A,N,A,A,A,N,A,A,A,A,N,N,N,A,A,N,N,N,A,N,N,A,N,A,A,A,A,N
ALDH7B4,A,N,A,N,A,N,A,A,A,N,A,A,A,A,N,N,N,A,A,N,N,N,A,N,N,A,N,A,A,A,A,N
ALDH2B4,A,N,A,N,A,N,A,A,A,N,A,A,A,A,N,N,N,A,A,N,N,N,A,N,N,A,N,A,A,A,A,N
ALDH3I1,A,N,A,N,A,N,A,A,A,N,A,A,A,A,N,N,N,A,A,N,N,N,A,N,N,A,N,A,A,A,A,N
ALDH3F1,A,N,A,N,A,N,A,A,A,N,A,A,A,A,N,N,N,A,A,N,N,N,A,N,N,A,N,A,A,A,A,N
BETA-UP,N,N,N,N,N,N,N,N,N,N,N,N,N,N,N,N,N,N,N,N,N,N,N,N,N,N,N,N,N,N,N,N
PYD2,N,N,N,N,N,N,N,N,N,N,N,N,N,N,N,N,N,N,N,N,N,N,N,N,N,N,N,N,N,N,N,N
PYD1,N,N,N,N,N,N,N,N,N,N,N,N,N,N,N,N,N,N,N,N,N,N,N,N,N,N,N,N,N,N,N,N
PAO4,A,A,N,N,N,N,N,A,N,N,A,N,A,A,N,N,N,N,N,N,A,N,N,N,N,N,N,N,N,N,A,N
PAO2,A,A,N,N,N,N,N,A,N,N,A,N,A,A,N,N,N,N,N,N,A,N,N,N,N,N,N,N,N,N,A,N
PAO3,A,A,N,N,N,N,N,A,N,N,A,N,A,A,N,N,N,N,N,N,A,N,N,N,N,N,N,N,N,N,A,N
PAO1,A,A,N,N,N,N,N,A,N,N,A,N,A,A,N,N,N,N,N,N,A,N,N,N,N,N,N,N,N,N,A,N
PAO5,A,N,N,N,N,N,N,N,N,N,A,N,N,A,N,N,N,N,N,N,A,N,N,N,N,N,N,N,N,N,A,N
