CST17;CNR1;GSP1,C,C,C,C,C,C,C,C,C,C,C,C,C,C,C,C,C,C,C,C,C,C,C,C,C,C,C,C,C,C,C,C
GSP2;CNR2,C,C,C,C,C,C,C,C,C,C,C,C,C,C,C,C,C,C,C,C,C,C,C,C,C,C,C,C,C,C,C,C
KAP124;XPO1;CRM1,N,N,A,N,A,A,N,A,A,N,A,A,A,N,N,N,N,A,N,N,A,N,A,N,N,N,N,A,N,A,A,N
SRC5;NMD3,N,N,N,A,A,A,N,A,N,N,A,N,N,N,N,N,A,N,N,N,N,N,A,A,N,N,A,A,N,N,A,N
5,N,N,N,N,N,N,N,N,N,N,N,N,N,N,N,N,N,N,N,N,N,N,N,N,N,N,N,N,N,N,N,N
6,N,N,N,N,N,N,N,N,N,N,N,N,N,N,N,N,N,N,N,N,N,N,N,N,N,N,N,N,N,N,N,N
15S_RRNA,N,N,N,N,N,N,N,N,N,N,N,N,N,N,N,N,N,N,N,N,N,N,N,N,N,N,N,N,N,N,N,N
8,N,N,N,N,N,N,N,N,N,N,N,N,N,N,N,N,N,N,N,N,N,N,N,N,N,N,N,N,N,N,N,N
9,N,N,N,N,N,N,N,N,N,N,N,N,N,N,N,N,N,N,N,N,N,N,N,N,N,N,N,N,N,N,N,N
10,N,N,N,N,N,N,N,N,N,N,N,N,N,N,N,N,N,N,N,N,N,N,N,N,N,N,N,N,N,N,N,N
11,N,N,N,N,N,N,N,N,N,N,N,N,N,N,N,N,N,N,N,N,N,N,N,N,N,N,N,N,N,N,N,N
12,N,N,N,N,N,N,N,N,N,N,N,N,N,N,N,N,N,N,N,N,N,N,N,N,N,N,N,N,N,N,N,N
21S_RRNA,N,N,N,N,N,N,N,N,N,N,N,N,N,N,N,N,N,N,N,N,N,N,N,N,N,N,N,N,N,N,N,N
14,N,N,N,N,N,N,N,N,N,N,N,N,N,N,N,N,N,N,N,N,N,N,N,N,N,N,N,N,N,N,N,N
15,N,N,N,N,N,N,N,N,N,N,N,N,N,N,N,N,N,N,N,N,N,N,N,N,N,N,N,N,N,N,N,N
16,N,N,N,N,N,N,N,N,N,N,N,N,N,N,N,N,N,N,N,N,N,N,N,N,N,N,N,N,N,N,N,N
17,N,N,N,N,N,N,N,N,N,N,N,N,N,N,N,N,N,N,N,N,N,N,N,N,N,N,N,N,N,N,N,N
18,N,N,N,N,N,N,N,N,N,N,N,N,N,N,N,N,N,N,N,N,N,N,N,N,N,N,N,N,N,N,N,N
19,N,N,N,N,N,N,N,N,N,N,N,N,N,N,N,N,N,N,N,N,N,N,N,N,N,N,N,N,N,N,N,N
20,N,N,N,N,N,N,N,N,N,N,N,N,N,N,N,N,N,N,N,N,N,N,N,N,N,N,N,N,N,N,N,N
21,N,N,N,N,N,N,N,N,N,N,N,N,N,N,N,N,N,N,N,N,N,N,N,N,N,N,N,N,N,N,N,N
SNU13,C,C,C,C,C,N,C,N,C,C,C,C,C,C,C,C,N,C,C,C,C,C,C,C,C,C,C,C,C,C,C,C
NOP58;NOP5,C,C,C,C,C,C,C,C,C,C,C,C,C,C,C,C,C,C,C,C,C,C,C,C,C,C,C,C,C,C,C,C
SIK1;NOP56,C,C,C,C,C,C,C,C,C,C,C,C,C,C,C,C,C,C,C,C,C,C,C,C,C,C,C,C,C,C,C,C
LOT3;NOP1,D,N,D,D,D,D,D,D,D,D,D,N,D,D,D,D,D,D,D,N,D,D,D,D,N,N,D,D,N,D,D,D
NOP10,N,N,N,N,N,N,N,N,N,N,N,N,N,N,N,N,N,N,N,N,N,N,N,N,N,N,N,N,N,N,N,N
NHP2,C,C,C,C,C,N,C,N,C,C,C,C,C,C,C,C,N,C,C,C,C,C,C,C,C,C,C,C,C,C,C,C
GAR1,C,C,C,C,C,N,N,N,C,N,C,C,C,C,C,C,C,C,C,N,C,C,N,C,C,N,C,N,C,C,C,C
CBF5,A,A,N,N,N,N,A,N,N,N,N,N,N,A,N,N,N,A,A,N,A,N,A,N,A,N,N,N,N,A,N,A
UTP24;FCF1,C,C,C,C,C,N,C,N,C,N,N,C,C,N,N,N,C,N,C,N,N,N,N,C,C,N,C,N,N,C,N,C
RNT1,N,B,B,N,N,N,N,N,B,N,N,N,N,N,N,B,N,N,N,N,N,N,N,N,B,N,N,N,N,N,B,B
KRE33;RRA1,A,A,A,A,N,N,N,N,N,A,N,A,N,N,A,N,A,N,A,A,A,N,N,A,N,A,N,N,A,A,A,N
UTP14,A,N,A,N,A,A,A,N,A,N,N,N,N,A,N,A,A,A,N,A,A,N,N,A,N,A,A,A,N,A,A,N
BMS1,A,A,A,A,A,A,A,A,A,N,A,A,A,A,A,A,A,A,A,N,A,A,A,A,A,A,N,A,A,A,A,N
RCL1,N,N,N,N,N,N,N,N,N,N,N,N,N,N,N,N,N,N,N,N,N,N,N,N,N,N,N,N,N,N,N,N
HRR25;KTI14,B,B,B,B,B,B,B,B,B,B,B,B,B,B,B,B,B,B,B,B,B,B,B,B,B,B,B,B,B,B,B,B
FUN53;POP5,N,N,N,N,N,N,N,N,N,N,N,N,N,N,N,N,N,N,N,N,N,N,N,N,N,N,N,N,N,N,N,N
POP8,N,N,N,N,N,N,N,N,N,N,N,N,N,N,N,N,N,N,N,N,N,N,N,N,N,N,N,N,N,N,N,N
RPP2;POP7,N,N,N,N,N,N,N,N,N,N,N,N,N,N,N,N,N,N,N,N,N,N,N,N,N,N,N,N,N,N,N,N
POP4,A,N,N,N,N,N,N,A,A,N,A,A,N,A,A,N,N,N,N,N,N,N,A,A,A,A,N,N,N,N,A,A
SNM1,N,N,N,N,N,N,N,N,N,N,N,N,N,N,N,N,N,N,N,N,N,N,N,N,N,N,N,N,N,N,N,N
POP6,N,N,N,N,N,N,N,N,N,N,N,N,N,N,N,N,N,N,N,N,N,N,N,N,N,N,N,N,N,N,N,N
RPP1,A,A,A,N,A,N,A,N,A,N,A,A,N,A,A,N,N,N,N,A,N,N,A,N,A,A,N,A,A,N,A,N
RMP1,N,N,N,N,N,N,N,N,N,N,N,N,N,N,N,N,N,N,N,N,N,N,N,N,N,N,N,N,N,N,N,N
POP1,N,N,N,N,N,N,N,N,N,N,N,N,N,N,N,N,N,N,N,N,N,N,N,N,N,N,N,N,N,N,N,N
POP3,N,N,N,N,N,N,N,N,N,N,N,N,N,N,N,N,N,N,N,N,N,N,N,N,N,N,N,N,N,N,N,N
KEM1;SKI1;SEP1;XRN1;RAR5;DST2,A,A,A,A,A,A,A,N,A,A,A,A,A,A,A,A,A,A,A,A,A,A,A,A,A,N,N,A,N,A,A,A
XRN2;HKE1;TAP1;RAT1,A,A,A,A,A,A,A,N,A,A,A,A,A,A,A,A,A,A,A,A,A,A,A,A,A,N,N,A,N,A,A,A
NOG1,N,N,N,N,N,N,N,N,N,N,N,N,N,N,N,N,N,N,N,N,N,N,N,N,N,N,N,N,N,N,N,N
NUG1,N,C,C,N,C,C,C,C,C,C,C,C,C,C,N,C,N,C,C,C,N,C,C,C,C,N,C,C,C,C,C,C
NOG2;NUG2,N,C,C,N,C,C,C,C,C,C,C,C,C,C,N,C,N,C,C,C,N,C,C,C,C,N,C,C,C,C,C,C
REA1;MDN1,N,A,A,A,N,N,A,N,A,N,N,N,A,N,N,A,N,N,N,N,A,N,A,A,A,A,N,A,N,N,N,N
RIX7,D,D,D,D,D,D,D,D,D,D,D,D,D,D,D,D,D,D,D,D,D,D,D,D,D,D,D,D,D,D,D,D
RNA82;RNH70;REX1,A,A,N,N,A,A,N,A,A,N,A,A,N,N,N,N,N,A,A,A,N,A,A,A,A,A,N,A,A,A,A,N
YNT20;REX2,A,N,N,N,N,N,N,N,N,N,A,N,N,N,N,N,A,N,N,N,N,N,A,A,N,A,N,N,N,N,A,N
MEX67,N,N,N,N,A,N,N,N,N,N,A,N,N,N,A,N,N,N,N,N,N,N,N,N,N,A,N,N,A,N,A,A
MTR2,N,N,N,N,N,N,N,N,N,N,N,N,N,N,N,N,N,N,N,N,N,N,N,N,N,N,N,N,N,N,N,N
MPP10,A,N,N,A,N,N,N,A,N,N,A,N,N,N,N,N,A,A,N,A,N,N,N,N,A,A,N,N,N,N,N,A
IMP4,A,A,N,N,A,N,N,A,A,A,A,A,N,A,A,N,N,N,N,A,N,A,N,A,A,A,N,A,N,N,A,A
IMP3,A,N,N,A,N,N,N,A,A,N,N,N,N,N,N,N,N,N,N,N,A,N,N,N,N,N,A,N,N,N,N,N
UTP9,N,N,N,N,N,N,N,N,N,N,N,N,N,N,N,N,N,N,N,N,N,N,N,N,N,N,N,N,N,N,N,N
UTP17;NAN1,N,A,A,N,A,N,N,A,N,N,A,N,N,A,N,N,N,N,N,N,A,N,N,N,N,N,N,N,A,N,N,N
UTP15,A,A,A,A,A,A,A,A,A,N,A,A,A,A,A,A,A,A,A,A,A,A,A,A,A,A,N,A,N,A,A,A
UTP4,A,N,N,N,N,N,A,N,N,N,A,N,N,A,N,A,N,N,N,N,N,N,A,A,N,A,N,A,N,N,N,A
UTP10,N,N,A,N,N,N,N,N,A,N,N,N,N,N,N,N,N,A,N,A,A,N,A,A,N,N,A,N,A,N,N,N
UTP8,N,N,N,N,N,N,N,N,N,N,N,N,N,N,N,N,N,N,N,N,N,N,N,N,N,N,N,N,N,N,N,N
UTP5,N,N,N,N,N,N,N,N,N,N,N,N,N,N,N,N,N,N,N,N,N,N,N,N,N,N,N,N,N,N,N,N
UTP18,A,N,N,N,N,N,A,A,N,N,A,N,N,A,N,N,N,N,N,A,N,N,A,A,A,N,N,A,N,N,N,N
UTP13,A,A,A,A,A,A,A,A,A,A,A,A,A,A,A,A,A,A,A,A,A,A,A,A,A,A,A,A,A,A,A,A
UTP6,A,N,A,N,A,N,N,A,A,N,A,A,A,A,A,A,A,A,A,A,A,N,A,A,N,A,N,N,A,N,N,A
PWP2;UTP1;YCR055C;YCR058C,A,A,A,A,A,A,A,A,A,A,A,A,A,A,A,A,A,A,A,A,A,A,A,A,A,A,A,A,A,A,A,A
UTP21,A,A,A,N,A,A,A,A,A,A,A,A,A,A,A,A,A,A,A,A,A,A,A,A,A,A,N,A,A,A,A,A
UTP12;DIP2,A,A,A,A,A,A,A,A,A,A,A,A,A,A,A,A,A,A,A,A,A,A,A,A,A,A,A,A,A,A,A,A
CKA1,D,D,D,D,D,D,D,D,D,D,D,D,D,D,D,D,D,D,D,D,D,D,D,D,D,D,D,D,D,D,D,D
CKA2;YOR29-12,D,D,D,D,D,D,D,D,D,D,D,D,D,D,D,D,D,D,D,D,D,D,D,D,D,D,D,D,D,D,D,D
CKB1,A,A,A,N,N,A,N,A,A,N,A,A,A,A,N,A,A,A,N,A,A,N,A,N,A,A,A,A,A,N,N,A
CKB2,A,A,A,N,N,A,N,A,A,N,A,A,A,A,N,A,A,A,N,A,A,N,A,N,A,A,A,A,A,N,N,A
UTP22,N,N,N,N,A,N,N,A,N,N,N,N,N,N,N,N,A,N,N,N,N,N,N,A,A,N,N,N,N,N,N,N
LSG1;KRE35,N,C,C,N,C,C,C,C,C,C,C,C,C,C,N,C,N,C,C,C,N,C,C,C,C,N,C,C,C,C,C,C
EFL1;RIA1,N,B,N,N,B,B,N,N,B,N,B,B,B,N,N,B,B,N,N,B,B,N,B,B,N,B,B,B,N,B,B,N
RRP7,N,N,N,N,N,N,N,N,N,N,N,N,N,N,N,N,N,N,N,N,N,N,N,N,N,N,N,N,N,N,N,N
RRP10;RIO1,N,N,N,N,N,N,N,N,N,N,N,N,N,N,N,N,N,N,N,N,N,N,N,N,N,N,N,N,N,N,N,N
AFG2;DRG1,D,D,D,D,D,D,D,D,D,D,D,D,D,D,D,D,D,D,D,D,D,D,D,D,D,D,D,D,D,D,D,D
RIO2,N,N,N,N,N,N,N,N,N,N,N,N,N,N,N,N,N,N,N,N,N,N,N,N,N,N,N,N,N,N,N,N
FAP7,N,N,N,N,N,N,N,N,N,N,N,N,N,N,N,N,N,N,N,N,N,N,N,N,N,N,N,N,N,N,N,N
86,N,N,N,N,N,N,N,N,N,N,N,N,N,N,N,N,N,N,N,N,N,N,N,N,N,N,N,N,N,N,N,N
TIF6;CDC95,N,C,C,N,N,C,C,N,C,C,C,N,C,C,N,C,C,C,C,C,C,C,N,N,C,C,C,C,N,C,C,C
NEP1;EMG1,C,N,C,C,N,N,N,N,C,N,C,N,C,N,N,N,N,C,C,C,C,N,N,N,N,N,C,N,N,C,C,N
SDO1,D,N,N,D,N,N,D,N,N,N,N,N,D,D,N,N,N,D,N,N,N,N,N,N,N,D,N,N,N,N,N,N
NOP77;NOP4,A,A,A,A,A,N,A,A,A,A,A,A,A,A,A,A,A,A,N,N,A,A,A,N,N,A,A,N,N,A,A,A
YOR29-07;NOB1,N,N,N,N,N,N,N,N,N,N,N,N,N,N,N,N,N,N,N,N,N,N,N,N,N,N,N,N,N,N,N,N
