rbm8A,A,A,A,A,A,A,A,A,A,N,A,A,A,A,A,A,A,A,N,A,A,A,A,A,N,A,A,A,A,A,A,A
magoh,A,A,N,N,A,N,N,A,A,N,A,A,A,A,A,A,A,A,A,A,A,A,A,A,N,A,N,N,A,A,A,A
tifA,D,D,D,D,D,D,D,D,D,D,D,D,D,D,D,D,D,D,D,D,D,D,D,D,D,D,D,D,D,D,D,D
4,A,A,N,N,N,N,N,A,A,N,A,N,N,A,N,N,N,N,A,N,N,N,N,N,N,N,N,N,A,N,A,N
srrm1,N,N,N,N,N,N,N,N,A,N,A,A,N,N,N,N,N,N,N,N,A,N,N,A,N,N,N,N,N,N,A,N
6,N,N,N,N,A,N,N,N,N,N,A,N,N,N,A,N,N,N,N,N,N,N,N,N,N,A,N,N,A,N,A,A
7,D,D,D,D,D,N,D,D,N,D,D,D,D,N,N,D,D,D,D,N,N,D,D,D,D,D,D,D,D,D,D,D
8,A,N,N,N,A,N,N,A,N,N,N,N,A,N,N,N,N,N,N,A,A,A,N,N,N,N,N,N,N,N,A,N
ncbp1,N,N,N,N,N,N,N,N,N,N,N,N,N,N,N,N,N,N,N,N,N,N,N,N,N,N,N,N,N,N,N,N
uap56,D,D,D,D,D,D,D,D,D,D,D,D,D,D,D,D,D,D,D,D,D,D,D,D,D,D,D,D,D,D,D,D
upf1,A,N,A,A,A,N,A,A,A,N,A,A,A,A,N,A,A,N,A,N,A,N,A,N,A,A,N,A,N,A,A,N
12,N,A,N,N,N,N,A,N,N,N,N,N,N,N,N,N,A,N,N,N,A,N,N,N,N,A,N,N,N,N,N,N
smg1,A,A,A,A,A,A,N,A,A,A,A,A,A,A,A,A,A,A,A,A,A,A,A,A,A,A,A,A,A,A,A,A
erf1,C,N,N,C,N,N,C,N,N,C,C,C,N,C,N,C,C,N,N,C,C,C,C,N,N,N,N,C,C,C,N,C
eRF3,D,D,D,N,D,D,D,N,N,D,D,D,N,N,D,D,D,N,D,N,D,N,D,D,N,N,D,N,D,N,D,N
16,A,N,A,A,A,N,A,N,A,N,A,N,N,A,A,A,N,N,A,A,A,N,N,N,N,A,N,N,A,N,A,N
17,A,N,A,A,A,N,A,N,A,N,A,N,N,A,A,A,N,N,A,A,A,N,N,N,N,A,N,N,A,N,A,N
18,A,A,N,N,N,N,A,A,A,A,N,N,N,A,N,N,N,N,A,N,A,N,A,N,N,A,N,N,N,N,A,N
papA,A,A,A,N,A,N,N,A,A,N,N,A,A,A,N,N,A,A,A,A,A,N,A,N,A,A,A,A,N,N,A,N
clp1,N,N,N,N,A,N,A,N,N,N,N,N,N,N,N,N,A,N,N,N,N,N,A,N,N,N,N,N,N,N,N,N
fip1l1,N,A,N,N,N,N,A,N,A,N,A,N,N,N,N,N,N,N,A,N,N,N,A,N,A,A,N,N,N,A,N,A
cpsf3,N,N,N,N,N,N,N,N,N,N,N,N,N,N,N,N,N,N,N,N,N,N,N,N,N,N,N,N,N,N,N,N
cpsf2,N,N,N,N,N,N,N,N,B,N,B,N,N,B,N,N,N,N,N,N,B,N,N,N,B,N,N,N,N,N,B,N
cpsf1,A,A,A,N,A,A,N,A,A,A,A,A,N,A,A,A,A,A,A,A,N,N,A,A,N,N,A,A,A,N,A,N
cpsf4,A,N,N,N,N,N,A,N,A,N,A,N,N,A,N,N,N,N,A,A,N,A,A,N,N,A,A,N,A,N,A,N
cstf1,A,A,A,A,A,A,A,A,A,A,A,A,A,A,A,A,A,A,A,A,A,A,A,A,A,A,N,A,A,A,A,A
cstf2,N,A,A,N,A,N,A,A,A,N,A,A,A,A,N,A,A,A,N,N,A,A,A,N,N,A,A,N,N,N,A,A
cstf3,A,A,A,N,A,A,A,A,A,N,A,A,N,A,N,A,A,A,A,A,A,A,A,A,A,A,A,A,A,A,A,A
sympk,N,A,N,N,N,N,N,N,A,N,N,N,N,A,N,A,N,N,N,N,N,N,N,N,N,N,N,N,N,N,A,N
ncbp2,A,A,A,N,A,A,A,N,A,N,N,A,A,A,N,A,A,A,N,N,N,N,A,A,A,N,N,N,A,N,A,N
pabpn1,N,N,N,N,N,N,N,N,A,N,A,N,A,N,N,N,N,N,N,N,N,N,A,N,N,A,N,N,N,N,N,A
pabpc1B,A,A,N,N,A,A,A,A,A,N,A,N,A,A,A,A,A,N,A,N,A,A,A,A,A,A,A,A,A,N,A,A
pabpc1A,A,A,A,N,A,A,A,A,A,N,A,A,A,A,A,A,A,A,A,N,A,A,A,A,A,A,A,A,A,N,A,A
34,A,N,N,N,A,A,N,N,A,N,A,A,N,N,N,A,N,N,N,N,N,N,N,N,N,A,A,N,N,A,A,N
psrA,N,A,A,N,N,N,N,A,A,N,A,A,N,N,N,N,A,A,N,A,N,N,A,N,N,A,N,N,N,N,A,A
pppA,N,N,A,A,A,A,A,N,A,N,A,N,A,N,N,N,A,N,N,A,A,A,N,N,N,A,A,A,N,N,A,N
phr2AB,N,A,N,A,A,A,N,N,N,N,N,N,N,A,N,N,N,N,N,A,N,N,A,N,N,A,N,N,N,N,A,N
pho2A,D,D,D,D,D,D,D,D,D,N,D,D,D,D,D,D,D,D,D,D,D,D,D,D,D,D,D,D,D,D,D,D
39,N,A,N,A,A,A,N,N,N,N,N,N,N,A,N,N,N,N,N,A,N,N,A,N,N,A,N,N,N,N,A,N
HBS1,D,D,D,N,D,D,D,N,N,D,D,D,N,N,D,D,D,N,D,N,D,N,D,D,N,N,D,N,D,N,D,N
pelo,C,N,N,N,N,N,N,N,N,N,C,C,N,C,N,N,C,N,N,N,C,C,C,N,N,N,N,C,N,N,N,C
42,A,A,A,N,A,A,A,A,A,N,A,N,A,A,A,A,A,N,A,N,A,A,A,A,A,A,A,A,A,N,A,A
43,A,A,A,A,A,A,A,A,A,A,A,A,A,A,A,A,A,A,A,A,A,A,A,A,A,A,A,A,A,A,A,A
44,A,A,A,A,A,A,A,A,A,N,A,A,A,A,A,A,A,A,A,A,A,A,A,A,A,A,A,A,A,A,A,A
pppB,D,D,D,D,D,D,D,D,D,N,D,D,D,D,D,D,D,D,D,D,D,D,D,D,D,D,D,D,D,D,D,D
46,B,B,B,N,N,B,B,B,B,N,B,B,N,B,N,N,N,B,B,B,N,N,N,B,N,N,B,B,N,N,B,N
