S30;FAU;RPS30;asr1;Fub1;MNSFbeta;FAU1;Fubi,D,D,D,N,D,N,D,N,D,N,D,N,D,N,D,D,D,D,N,N,N,N,N,N,D,N,N,N,N,D,D,N
BBC1;D16S444E;D16S44E;RPL13;L13,A,N,N,N,N,N,N,N,A,N,N,A,N,N,N,N,N,N,N,N,N,N,N,N,N,N,N,N,N,N,A,N
L28;RPL28,N,N,N,N,N,N,A,A,N,N,A,A,A,N,N,N,N,N,N,N,A,N,N,N,N,A,N,N,N,N,N,N
EMTB;RPS14;S14,N,N,N,N,N,N,N,N,N,N,N,N,N,N,N,N,N,N,N,N,N,N,N,N,N,N,N,N,N,N,N,N
BTDD;PAMAS;MABAS;S23;MCINS;RPS23,N,C,N,N,N,N,N,N,N,C,N,N,N,N,N,C,N,N,N,N,N,N,N,N,N,C,N,N,N,N,N,N
HKE3;KE-3;S18;KE3;RPS18;D6S218E,N,N,N,N,N,N,N,N,N,N,N,N,N,N,N,N,N,N,N,N,N,N,N,N,N,N,N,N,N,N,N,N
RPS29;S29;DBA13,B,N,N,N,N,N,N,B,N,N,N,N,N,B,N,N,B,N,B,N,B,N,N,B,B,N,N,N,B,B,N,N
S13;RPS13,D,D,D,N,N,D,D,D,D,D,N,N,D,D,D,D,D,D,D,D,D,D,N,D,D,D,D,D,D,D,D,D
RPS11;S11,N,N,N,N,N,N,N,N,N,N,N,N,N,N,N,N,N,N,N,N,N,N,N,N,N,N,N,N,N,N,N,N
RIG;S15;RPS15,N,N,N,N,N,N,N,N,N,N,N,N,N,N,N,N,N,N,N,N,N,N,N,N,N,N,N,N,N,N,N,N
S6;RPS6,N,N,N,N,N,N,N,N,N,N,N,N,N,N,N,N,N,N,N,N,N,N,N,N,N,N,N,N,N,N,N,N
RPS8;S8,C,C,N,C,N,C,C,N,N,N,N,N,N,N,N,N,N,C,N,C,N,N,N,C,N,C,N,C,N,N,C,N
RPS17L;RPS17L2;RPS17;DBA4;RPS17L1;S17,N,N,N,N,C,N,C,C,N,N,N,N,N,N,N,N,N,C,N,N,C,C,N,N,N,N,N,C,N,N,N,N
DBA;DBA1;S19;RPS19,N,D,D,D,N,D,D,N,N,N,D,N,N,N,N,N,N,D,N,N,N,N,D,N,D,N,N,N,N,N,N,N
RPS24;S24;DBA3,N,N,N,N,N,N,N,N,C,C,N,C,N,N,N,N,N,N,C,N,N,N,N,N,C,N,N,N,N,C,N,N
RPS27L,D,D,N,N,N,D,D,D,D,D,D,D,D,D,N,D,D,N,N,N,D,N,N,N,D,D,N,D,D,D,D,D
MPS-1;RPS27;S27;MPS1;DBA17,D,D,N,N,N,D,D,D,D,D,D,D,D,D,N,D,D,N,N,N,D,N,N,N,D,D,N,D,D,D,D,D
UBCEP80;UBA80;S27A;HEL112;RPS27A;CEP80;UBC;UBCEP1,D,D,D,N,N,N,D,D,D,N,D,N,D,D,D,D,D,D,D,N,D,D,D,D,N,D,D,N,D,D,D,D
DBA8;S7;RPS7,A,A,A,A,A,A,N,N,A,N,A,A,A,A,A,A,A,N,A,A,A,A,A,N,A,A,A,A,A,A,A,A
RPS10-NUDT3,N,A,N,A,A,A,A,A,A,A,A,A,A,A,N,A,A,A,A,A,A,A,A,A,A,A,N,A,A,A,A,A
DBA9;S10;RPS10,N,A,N,A,A,A,A,A,A,A,A,A,A,A,N,A,A,A,A,A,A,A,A,A,A,A,N,A,A,A,A,A
S12;RPS12,N,N,N,N,N,N,N,N,C,N,C,N,N,C,N,N,N,N,C,N,C,N,N,N,N,C,C,N,C,N,C,N
HLDF;S21;RPS21,A,N,N,N,N,N,N,A,N,N,N,N,A,A,N,N,N,A,N,N,N,N,N,N,N,N,N,N,A,A,A,N
RPS25;S25,N,D,N,D,N,D,N,D,D,N,D,D,D,N,D,D,N,D,D,N,N,D,N,D,D,N,N,D,D,N,D,N
25,D,D,D,D,N,D,N,D,D,D,D,D,D,N,D,D,D,D,D,D,D,D,D,D,D,N,D,D,D,D,N,D
RPS26;S26;DBA10,D,D,D,D,N,D,N,D,D,D,D,D,D,N,D,D,D,D,D,D,D,D,D,D,D,N,D,D,D,D,N,D
DBA15;RPS28;S28,N,C,N,N,N,N,C,C,C,N,N,N,N,N,N,C,C,N,N,N,N,C,N,N,N,N,N,C,N,N,N,N
RPS4Y2P;RPS4Y2,D,D,D,D,D,D,D,D,D,D,N,D,D,D,D,D,D,D,D,D,D,D,D,D,D,D,D,D,D,D,D,D
RPS4X;CCG2;RPS4;S4;SCR10;SCAR;DXS306,D,D,D,D,D,D,D,D,D,D,N,D,D,D,D,D,D,D,D,D,D,D,D,D,D,D,D,D,D,D,D,D
RPS4Y1;S4;RPS4Y,D,D,D,D,D,D,D,D,D,D,N,D,D,D,D,D,D,D,D,D,D,D,D,D,D,D,D,D,D,D,D,D
FTE1;S3A;RPS3A;MFTL,D,D,D,N,N,N,N,D,D,N,D,D,D,N,D,D,D,N,D,D,D,D,D,D,D,N,D,N,D,N,D,N
MT-RNR2;MTRNR2;RNR2,N,N,N,N,N,N,N,N,N,N,N,N,N,N,N,N,N,N,N,N,N,N,N,N,N,N,N,N,N,N,N,N
RN5S1;RNA5S1,N,N,N,N,N,N,N,N,N,N,N,N,N,N,N,N,N,N,N,N,N,N,N,N,N,N,N,N,N,N,N,N
RNA5S2;RN5S2,N,N,N,N,N,N,N,N,N,N,N,N,N,N,N,N,N,N,N,N,N,N,N,N,N,N,N,N,N,N,N,N
RNA5S3;RN5S3,N,N,N,N,N,N,N,N,N,N,N,N,N,N,N,N,N,N,N,N,N,N,N,N,N,N,N,N,N,N,N,N
RNA5S4;RN5S4,N,N,N,N,N,N,N,N,N,N,N,N,N,N,N,N,N,N,N,N,N,N,N,N,N,N,N,N,N,N,N,N
RNA5S5;RN5S5,N,N,N,N,N,N,N,N,N,N,N,N,N,N,N,N,N,N,N,N,N,N,N,N,N,N,N,N,N,N,N,N
RNA5S6;RN5S6,N,N,N,N,N,N,N,N,N,N,N,N,N,N,N,N,N,N,N,N,N,N,N,N,N,N,N,N,N,N,N,N
RN5S7;RNA5S7,N,N,N,N,N,N,N,N,N,N,N,N,N,N,N,N,N,N,N,N,N,N,N,N,N,N,N,N,N,N,N,N
RNA5S8;RN5S8,N,N,N,N,N,N,N,N,N,N,N,N,N,N,N,N,N,N,N,N,N,N,N,N,N,N,N,N,N,N,N,N
RNA5S9;RN5S9,N,N,N,N,N,N,N,N,N,N,N,N,N,N,N,N,N,N,N,N,N,N,N,N,N,N,N,N,N,N,N,N
RNA5S10;RN5S10,N,N,N,N,N,N,N,N,N,N,N,N,N,N,N,N,N,N,N,N,N,N,N,N,N,N,N,N,N,N,N,N
RN5S11;RNA5S11,N,N,N,N,N,N,N,N,N,N,N,N,N,N,N,N,N,N,N,N,N,N,N,N,N,N,N,N,N,N,N,N
RN5S12;RNA5S12,N,N,N,N,N,N,N,N,N,N,N,N,N,N,N,N,N,N,N,N,N,N,N,N,N,N,N,N,N,N,N,N
RNA5S13;RN5S13,N,N,N,N,N,N,N,N,N,N,N,N,N,N,N,N,N,N,N,N,N,N,N,N,N,N,N,N,N,N,N,N
RNA5S14;RN5S14,N,N,N,N,N,N,N,N,N,N,N,N,N,N,N,N,N,N,N,N,N,N,N,N,N,N,N,N,N,N,N,N
RN5S15;RNA5S15,N,N,N,N,N,N,N,N,N,N,N,N,N,N,N,N,N,N,N,N,N,N,N,N,N,N,N,N,N,N,N,N
RNA5S16;RN5S16,N,N,N,N,N,N,N,N,N,N,N,N,N,N,N,N,N,N,N,N,N,N,N,N,N,N,N,N,N,N,N,N
RNA5S17;RN5S17,N,N,N,N,N,N,N,N,N,N,N,N,N,N,N,N,N,N,N,N,N,N,N,N,N,N,N,N,N,N,N,N
MRP-L10;MRP-L8;MRPL10;RPML8;L10MT;MRPL8,N,N,N,N,N,N,N,N,N,N,N,N,N,N,N,N,N,N,N,N,N,N,N,N,N,N,N,N,N,N,N,N
MRP-L11;L11MT;CGI-113;MRPL11,N,N,N,N,N,N,N,N,N,N,N,N,N,N,N,N,N,N,N,N,N,N,N,N,N,N,N,N,N,N,N,N
L3;TARBP-B;ASC-1;RPL3,N,N,A,N,A,N,N,N,N,N,N,N,N,N,N,N,A,N,N,N,N,A,N,N,N,A,N,N,N,N,A,N
RPL3L,N,N,A,N,A,N,N,N,N,N,N,N,N,N,N,N,A,N,N,N,N,A,N,N,N,A,N,N,N,N,A,N
GIG34;L11;DBA7;RPL11,N,N,N,N,N,N,N,N,N,N,N,N,N,N,N,N,N,N,N,N,N,N,N,N,N,N,N,N,N,N,N,N
RPL9;L9;NPC-A-16,N,N,N,N,N,N,N,N,N,N,N,N,N,N,N,N,N,N,N,N,N,N,N,N,N,N,N,N,N,N,N,N
PRLP0;L10E;LP0;P0;RPLP0;RPP0,N,D,N,D,D,D,N,D,N,N,D,D,N,N,N,N,D,D,N,N,D,N,D,N,N,N,N,N,N,N,D,D
RPL12;L12,N,N,N,N,N,N,N,N,N,N,N,N,N,N,N,N,N,N,N,N,N,N,N,N,N,N,N,N,N,N,N,N
L13A;TSTA1;RPL13A,N,N,N,N,N,N,N,N,N,N,N,N,N,N,N,N,N,N,N,N,N,N,N,N,N,N,N,N,N,N,N,N
MRPL13;RPML13;RPL13;L13mt;L13;L13A,N,N,N,N,B,B,N,N,B,N,B,N,N,N,N,N,N,N,N,N,N,N,N,B,N,N,B,N,N,N,B,N
MRP-L14;RPML14;CGI-22;MRPL2,N,N,N,N,N,N,N,N,N,N,N,N,N,N,N,N,N,N,N,N,N,N,N,N,N,N,N,N,N,N,N,N
MRPL3;MRL3;COXPD9;RPML3,N,N,N,N,N,N,N,N,N,N,N,N,N,N,N,N,N,N,N,N,N,N,N,N,N,N,N,N,N,N,N,N
NEDD6;Csa-19;RPL10A;CSA19;L10A,N,N,N,N,N,D,N,N,D,N,D,N,D,D,N,N,N,N,N,N,N,N,N,D,N,D,D,D,N,N,D,N
L8;RPL8,N,N,N,N,N,N,N,N,N,N,N,N,N,N,N,N,N,N,N,N,N,N,N,N,N,N,N,N,N,N,N,N
MRP-L14;RPML32;MRP-L32;L14mt;L32mt;MRPL32;RMPL32;MRPL14,N,N,N,N,N,N,N,N,N,N,N,N,N,N,N,N,N,N,N,N,N,N,N,N,N,N,N,N,N,N,N,N
RPL23;L23;rpL17,N,N,D,D,D,D,N,N,D,N,N,N,N,N,D,N,N,N,N,N,N,N,N,N,D,D,N,D,N,D,N,D
RPL27A;L27A,N,N,N,N,N,N,N,N,D,D,N,N,N,N,N,N,N,D,N,N,N,N,N,N,N,N,N,N,N,D,N,N
MRP-L15;MRPL15;HSPC145;L15mt;MRP-L7;RPML7,N,N,N,N,N,N,N,N,N,N,N,N,N,N,N,N,N,N,N,N,N,N,N,N,N,N,N,N,N,N,N,N
RPL5;L5;PPP1R135;MSTP030,N,N,N,C,N,N,C,N,N,N,N,C,N,N,C,N,N,N,N,C,N,N,N,C,N,C,C,N,C,N,N,N
L18mt;HSPC071;MRPL18;MRP-L18,N,N,N,N,N,N,N,N,N,N,N,N,N,N,N,N,N,N,N,N,N,N,N,N,N,N,N,N,N,N,N,N
RPL17-C18orf32,D,D,N,N,N,N,N,N,D,N,N,N,N,N,D,D,N,N,N,N,D,D,N,N,N,N,D,D,N,N,N,N
PD-1;RPL17;RPL23;L17,D,D,N,N,N,N,N,N,D,N,N,N,N,N,D,D,N,N,N,N,D,D,N,N,N,N,D,D,N,N,N,N
L22mt;MRP-L25;HSPC158;RPML25;MRP-L22;MRPL22,B,B,N,N,N,N,N,B,B,N,N,N,N,B,N,B,N,N,N,N,B,N,B,B,N,N,B,N,N,N,N,N
L23A;RPL23A;MDA20,N,N,N,N,N,N,N,N,N,N,N,N,N,N,N,N,N,N,N,N,N,N,N,N,N,N,N,N,N,N,N,N
RPL23;RPL23L;MRPL23;L23MRP,N,N,N,N,N,N,N,N,N,N,N,N,N,N,N,N,N,N,N,N,N,N,N,N,N,N,N,N,N,N,N,N
RPL26P1;RPL26L1,N,D,N,N,N,N,D,D,D,D,D,N,N,D,N,D,D,N,D,D,D,N,D,D,N,D,D,D,D,D,D,D
L26;DBA11;RPL26,N,D,N,N,N,N,D,D,D,D,D,N,N,D,N,D,D,N,D,D,D,N,D,D,N,D,D,D,D,D,D,D
MRP-L24;L24mt;MRPL24;MRP-L18,N,N,N,N,N,N,N,N,N,N,N,N,N,N,N,N,N,N,N,N,N,N,N,N,N,N,N,N,N,N,N,N
RPL35;L35,N,D,N,D,N,N,N,N,D,N,N,N,N,N,D,N,N,N,N,N,N,N,N,N,N,D,D,N,N,N,N,N
MRPL28;MRP-L30;RPML28;MRPL28M;MRP-L28;L28MT;MRPL30;L30MT,N,N,N,N,N,N,N,N,N,N,N,N,N,N,N,N,N,N,N,N,N,N,N,N,N,N,N,N,N,N,N,N
L7;humL7-1;RPL7,N,D,N,N,D,N,N,N,D,N,N,N,N,D,N,D,D,N,N,N,N,N,N,N,D,N,D,D,N,N,D,N
RPL15;DBA12;RPLY10;RPYL10;L15;EC45;RPL10,D,D,D,D,D,D,D,D,D,D,N,D,D,D,D,D,D,D,D,D,D,N,D,D,D,D,D,D,D,D,D,D
RPL18;L18,N,N,N,C,C,N,N,N,C,C,N,N,C,N,N,N,C,N,N,N,N,N,N,C,N,N,N,N,N,N,C,N
RPL19;L19,N,D,N,N,D,N,N,N,D,N,N,N,D,N,N,N,N,N,N,D,N,N,N,N,N,N,N,D,N,D,N,N
RPL21;HYPT12;L21,N,C,N,N,N,N,C,N,N,N,N,N,C,N,N,N,N,N,N,N,N,N,N,N,N,N,N,C,N,N,N,N
RPL24L;RLP24;RPL24;TVAS3;RSL24D1;L30;HRP-L30-iso;C15orf15,D,D,D,N,D,D,N,N,D,N,N,D,D,D,N,D,N,D,N,N,N,N,N,N,N,N,D,N,D,N,N,N
HEL-S-310;L24;RPL24,D,D,D,N,D,D,N,N,D,N,N,D,D,D,N,D,N,D,N,N,N,N,N,N,N,N,D,N,D,N,N,N
L30;RPL30,D,D,D,N,D,N,D,D,D,D,N,N,N,N,D,D,D,D,N,N,N,N,N,N,D,D,N,N,D,N,D,N
L39;RPL39_23_1806;RPL39;RPL39P42,N,D,D,N,N,N,D,D,D,N,N,N,D,D,D,N,D,N,D,N,D,D,N,N,N,D,N,N,N,N,D,N
CEP52;HUBCEP52;RPL40;L40;UBA52,D,D,D,N,N,N,D,D,D,N,D,N,D,D,D,D,D,D,D,N,D,D,D,D,N,D,D,N,D,D,D,D
L41;RPL41,N,N,N,N,N,N,N,N,N,N,N,N,N,N,N,N,N,N,N,N,N,N,N,N,N,N,N,N,N,N,N,N
RPL36A-HNRNPH2,N,N,N,N,N,N,N,N,N,N,N,N,N,N,N,N,N,N,N,N,N,N,N,N,N,N,N,N,N,N,N,N
RPL36A;RPL36AL,N,N,N,N,N,N,N,N,N,N,N,N,N,N,N,N,N,N,N,N,N,N,N,N,N,N,N,N,N,N,N,N
L44L;RPL36A;RPL44;MIG6;L36A,N,N,N,N,N,N,N,N,N,N,N,N,N,N,N,N,N,N,N,N,N,N,N,N,N,N,N,N,N,N,N,N
RPL31;L31,C,C,N,C,N,C,N,C,C,C,C,N,C,C,N,N,N,C,C,N,N,N,N,N,N,C,N,N,N,N,C,C
L32;PP9932;RPL32,N,N,N,N,N,C,N,N,C,N,C,N,N,C,N,N,N,N,N,N,C,N,N,N,N,N,C,C,C,N,N,N
RPL34;L34,N,C,N,N,N,C,N,N,N,N,N,N,N,N,C,C,N,N,N,N,N,N,N,C,N,N,N,N,N,N,N,N
L35A;DBA5;RPL35A,N,N,N,N,N,N,C,N,N,C,N,N,N,N,N,C,N,C,N,N,N,N,N,N,N,N,C,N,N,C,C,N
L37;RPL37,N,D,D,N,N,D,N,N,N,N,N,D,N,N,N,N,N,N,N,N,N,N,N,N,D,N,N,D,N,N,N,N
RPL37A;L37A,D,D,N,D,D,D,D,D,D,D,D,N,N,D,N,D,D,N,D,D,D,N,N,D,D,N,D,D,N,N,N,D
TXREB1;SHUJUN-2;RPL6;TAXREB107;L6,A,A,N,N,A,A,N,N,N,A,N,A,N,A,N,A,N,N,N,A,N,N,N,N,A,N,A,N,N,N,A,N
RPL18A;L18A,N,A,A,A,A,A,A,A,A,A,N,A,A,A,A,A,A,A,A,A,A,N,A,A,A,A,A,A,A,A,A,A
RPL22L1,A,N,N,A,N,N,A,A,A,N,A,A,A,N,N,A,A,N,N,A,N,A,A,A,N,N,N,N,N,N,A,N
EAP;HBP15;L22;HBP15/L22;RPL22,A,N,N,A,N,N,A,A,A,N,A,A,A,N,N,A,A,N,N,A,N,A,A,A,N,N,N,N,N,N,A,N
RPL27;L27;DBA16,A,A,N,A,A,A,A,A,A,A,A,A,N,A,N,N,N,N,N,A,A,N,N,A,A,A,A,A,A,A,A,A
RPL29P10;RPL29;HUMRPL29;HIP;RPL29_3_370;L29,A,A,N,A,A,A,N,A,A,N,A,A,N,A,N,N,N,A,A,A,A,N,A,A,A,A,A,N,A,N,A,A
RPL36;L36,A,A,A,A,A,N,A,N,A,A,A,A,A,A,A,A,A,A,A,N,A,N,A,A,A,N,N,N,A,N,A,A
RPL38;L38,N,N,N,N,N,N,N,N,N,N,N,N,N,N,N,N,N,N,N,N,N,N,N,N,N,N,N,N,N,N,N,N
L4;RPL4,D,D,D,N,D,D,N,D,D,N,D,D,D,D,D,D,D,N,D,D,N,D,D,D,D,D,N,D,D,N,D,D
L7A;RPL7A;TRUP;SURF3,C,C,C,C,C,N,C,N,C,C,C,C,C,C,C,C,N,C,C,C,C,C,C,C,C,C,C,C,C,C,C,C
RPL10_5_1358;RPL10L,D,D,D,N,D,D,N,D,D,D,D,D,D,D,D,D,D,D,D,D,D,D,D,D,D,D,D,D,N,D,D,D
AUTSX5;NOV;MRXS35;DXS648E;L10;DXS648;QM;RPL10,D,D,D,N,D,D,N,D,D,D,D,D,D,D,D,D,D,D,D,D,D,D,D,D,D,D,D,D,N,D,D,D
L14;hRL14;RPL14;CAG-ISL-7;CTG-B33;RL14,N,N,N,N,N,N,N,N,N,N,N,N,N,N,N,N,N,N,N,N,N,N,N,N,N,N,N,N,N,N,N,N
L4mt;MRPL4;CGI-28,D,D,N,N,N,N,N,N,N,N,D,N,N,D,D,N,N,N,N,N,N,N,N,D,N,D,N,D,N,N,D,N
MRPL9;L9mt,N,N,N,N,N,N,N,N,N,N,N,N,N,N,N,N,N,N,N,N,N,N,N,N,N,N,N,N,N,N,N,N
MRPL12;5c5-2;MRP-L31/34;MRPL7/L12;MRPL7;L12mt;RPML12,N,N,N,N,N,N,N,N,N,N,N,N,N,N,N,N,N,N,N,N,N,N,N,N,N,N,N,N,N,N,N,N
RPLP1;RPP1;P1;LP1,N,N,A,N,A,N,N,N,A,N,A,N,N,A,A,N,N,N,N,A,N,A,A,N,A,N,N,A,A,N,N,N
RPLP2;LP2;D11S2243E;RPP2;P2,N,A,A,A,N,N,N,N,A,N,N,N,N,N,N,N,A,N,N,A,A,A,N,A,A,N,A,N,N,N,N,A
MRPL16;L16mt;PNAS-111;MRP-L16,N,N,N,N,N,N,N,N,N,N,N,N,N,N,N,N,N,N,N,N,N,N,N,N,N,N,N,N,N,N,N,N
MRPL17;L17mt;MRP-L26;LIP2;MRP-L17;RPL17L;RPML26,N,N,N,N,N,N,N,N,N,N,N,N,N,N,N,N,N,N,N,N,N,N,N,N,N,N,N,N,N,N,N,N
MRP-L15;MRPL15;MRPL19;RLX1;RPML15;L19mt;MRP-L19,N,N,N,N,N,N,N,N,N,N,N,N,N,N,N,N,N,N,N,N,N,N,N,N,N,N,N,N,N,N,N,N
L20mt;MRPL20;MRP-L20,N,N,N,N,N,N,N,N,N,N,N,N,N,N,N,N,N,N,N,N,N,N,N,N,N,N,N,N,N,N,N,N
MRP-L21;MRPL21;L21mt,N,N,N,N,N,N,N,N,N,N,N,N,N,N,N,N,N,N,N,N,N,N,N,N,N,N,N,N,N,N,N,N
MRPL27;L27mt,N,N,N,N,N,N,N,N,N,N,N,N,N,N,N,N,N,N,N,N,N,N,N,N,N,N,N,N,N,N,N,N
MRPL28;MAAT1;p15,N,N,N,N,N,N,N,N,N,N,N,N,N,N,N,N,N,N,N,N,N,N,N,N,N,N,N,N,N,N,N,N
MRP-L32;HSPC283;L32mt;MRPL32;bMRP-59b,N,N,N,N,N,N,N,N,N,N,N,N,N,N,N,N,N,N,N,N,N,N,N,N,N,N,N,N,N,N,N,N
C2orf1;MRPL33;RPL33L;MRP-L33;L33mt,N,N,N,N,N,N,N,N,N,N,N,N,N,N,N,N,N,N,N,N,N,N,N,N,N,N,N,N,N,N,N,N
L34mt;MRPL34,N,N,N,N,N,N,N,N,N,N,N,N,N,N,N,N,N,N,N,N,N,N,N,N,N,N,N,N,N,N,N,N
MRPL35;L35mt;MRP-L35,N,N,N,N,N,N,N,N,N,N,N,N,N,N,N,N,N,N,N,N,N,N,N,N,N,N,N,N,N,N,N,N
BRIP1;MRPL36;MRP-L36;RPMJ;L36mt;PRPL36,N,N,N,N,N,N,N,N,N,N,N,N,N,N,N,N,N,N,N,N,N,N,N,N,N,N,N,N,N,N,N,N
MT-RNR1;MTRNR1;RNR1,N,N,N,N,N,N,N,N,N,N,N,N,N,N,N,N,N,N,N,N,N,N,N,N,N,N,N,N,N,N,N,N
MRPS5;S5mt;MRP-S5,N,N,N,N,N,N,N,B,B,B,N,N,N,N,N,N,N,B,N,N,N,N,N,N,N,N,N,B,B,N,N,N
MRPS7;MRP-S7;bMRP27a;RP-S7;S7mt;MRP-S;RPMS7,N,N,N,N,N,N,N,N,N,N,N,N,N,N,N,N,N,N,N,N,N,N,N,N,N,N,N,N,N,N,N,N
RPMS9;S9mt;MRP-S9;MRPS9,N,N,N,N,N,N,N,N,N,N,N,N,N,N,N,N,N,N,N,N,N,N,N,N,N,N,N,N,N,N,N,N
MRPS10;MRP-S10;PNAS-122,N,N,N,N,N,N,N,N,N,N,N,N,N,N,N,N,N,N,N,N,N,N,N,N,N,N,N,N,N,N,N,N
S2;RPS2;LLREP3,N,N,N,N,N,N,N,B,B,B,N,N,N,N,N,N,N,B,N,N,N,N,N,N,N,N,N,B,B,N,N,N
RPS5;S5,N,N,N,N,N,N,N,N,N,N,N,N,N,N,N,N,N,N,N,N,N,N,N,N,N,N,N,N,N,N,N,N
S15a;RPS15A,N,N,N,N,N,N,N,N,N,N,N,N,N,N,N,N,N,N,N,N,N,N,N,N,N,N,N,N,N,N,N,N
RPS16;S16,N,N,N,N,N,N,N,N,N,N,N,N,N,N,N,N,N,N,N,N,N,N,N,N,N,N,N,N,N,N,N,N
S20;RPS20,B,N,N,N,N,B,N,N,N,N,B,B,N,N,N,N,N,N,B,N,N,N,N,B,N,B,N,N,N,N,B,N
LBP;RPSA;37LRP;LAMR1;67LR;SA;LRP/LR;NEM/1CHD4;LAMBR;lamR;LBP/p40;ICAS;p40;LRP,N,N,N,N,N,N,N,N,N,N,N,N,N,N,N,N,N,N,N,N,N,N,N,N,N,N,N,N,N,N,N,N
S3;RPS3,N,N,N,N,N,N,N,N,N,N,N,N,N,N,N,N,N,N,N,N,N,N,N,N,N,N,N,N,N,N,N,N
HCC-2;S11mt;MRPS11;MRP-S11,N,N,N,N,N,N,N,N,N,N,N,N,N,N,N,N,N,N,N,N,N,N,N,N,N,N,N,N,N,N,N,N
MRPS12;MPR-S12;MT-RPS12;RPSM12;RPMS12;RPS12,N,C,N,N,N,N,N,N,N,C,N,N,N,N,N,C,N,N,N,N,N,N,N,N,N,C,N,N,N,N,N,N
HSMRPS14;S14mt;MRPS14;DJ262D12.2;MRP-S14,N,N,N,N,N,N,N,N,N,N,N,N,N,N,N,N,N,N,N,N,N,N,N,N,N,N,N,N,N,N,N,N
MPR-S15;RPMS15;MRPS15;DC37;S15mt,N,N,N,N,N,N,N,N,N,N,N,N,N,N,N,N,N,N,N,N,N,N,N,N,N,N,N,N,N,N,N,N
S17mt;MRPS17;HSPC011;MRP-S17;RPMS17,N,N,N,N,N,N,N,N,N,N,N,N,N,N,N,N,N,N,N,N,N,N,N,N,N,N,N,N,N,N,N,N
MRP-S6;S6mt;RPMS6;C21orf101;MRPS6,N,N,N,N,N,N,N,N,N,N,N,N,N,N,N,N,N,N,N,N,N,N,N,N,N,N,N,N,N,N,N,N
COXPD2;MRPS16;MRP-S16;RPMS16;CGI-132,N,N,N,N,N,N,N,N,N,N,N,N,N,N,N,N,N,N,N,N,N,N,N,N,N,N,N,N,N,N,N,N
CGI-134;mrps18-c;S18mt-c;MRPS18C;MRP-S18-1;MRPS18-1;MRP-S18-c,N,N,N,N,N,N,N,N,N,N,N,N,N,N,N,N,N,N,N,N,N,N,N,N,N,N,N,N,N,N,N,N
MRP-S18-3;S18bmt;MRPS18A;HumanS18b;MRPS18-3,N,N,N,N,N,N,N,N,N,N,N,N,N,N,N,N,N,N,N,N,N,N,N,N,N,N,N,N,N,N,N,N
MRP-S21;MDS016;RPMS21;MRPS21,N,N,N,N,N,N,N,N,N,N,N,N,N,N,N,N,N,N,N,N,N,N,N,N,N,N,N,N,N,N,N,N
S9;RPS9,A,N,N,A,N,N,N,A,A,N,N,N,N,N,N,N,N,N,N,N,A,N,N,N,N,N,A,N,N,N,N,N
MRP-S2;CGI-91;MRPS2;S2mt,N,N,N,N,N,N,N,N,N,N,N,N,N,N,N,N,N,N,N,N,N,N,N,N,N,N,N,N,N,N,N,N
MRPL1;L1MT;BM022;MRP-L1,N,N,N,N,N,D,N,N,D,N,D,N,D,D,N,N,N,N,N,N,N,N,N,D,N,D,D,D,N,N,D,N
