rps30-1,D,D,D,N,D,N,D,N,D,N,D,N,D,N,D,D,D,D,N,N,N,N,N,N,D,N,N,N,N,D,D,N
rps30-2,D,D,D,N,D,N,D,N,D,N,D,N,D,N,D,D,D,D,N,N,N,N,N,N,D,N,N,N,N,D,D,N
rpl13,A,N,N,N,N,N,N,N,A,N,N,A,N,N,N,N,N,N,N,N,N,N,N,N,N,N,N,N,N,N,A,N
rpl28,N,N,N,N,N,N,A,A,N,N,A,A,A,N,N,N,N,N,N,N,A,N,N,N,N,A,N,N,N,N,N,N
rps14,N,N,N,N,N,N,N,N,N,N,N,N,N,N,N,N,N,N,N,N,N,N,N,N,N,N,N,N,N,N,N,N
rps23,N,C,N,N,N,N,N,N,N,C,N,N,N,N,N,C,N,N,N,N,N,N,N,N,N,C,N,N,N,N,N,N
rps18,N,N,N,N,N,N,N,N,N,N,N,N,N,N,N,N,N,N,N,N,N,N,N,N,N,N,N,N,N,N,N,N
rps29,B,N,N,N,N,N,N,B,N,N,N,N,N,B,N,N,B,N,B,N,B,N,N,B,B,N,N,N,B,B,N,N
rps13,D,D,D,N,N,D,D,D,D,D,N,N,D,D,D,D,D,D,D,D,D,D,N,D,D,D,D,D,D,D,D,D
rps11,N,N,N,N,N,N,N,N,N,N,N,N,N,N,N,N,N,N,N,N,N,N,N,N,N,N,N,N,N,N,N,N
rps15,N,N,N,N,N,N,N,N,N,N,N,N,N,N,N,N,N,N,N,N,N,N,N,N,N,N,N,N,N,N,N,N
rps6,N,N,N,N,N,N,N,N,N,N,N,N,N,N,N,N,N,N,N,N,N,N,N,N,N,N,N,N,N,N,N,N
rps8,C,C,N,C,N,C,C,N,N,N,N,N,N,N,N,N,N,C,N,C,N,N,N,C,N,C,N,C,N,N,C,N
rps17,N,N,N,N,C,N,C,C,N,N,N,N,N,N,N,N,N,C,N,N,C,C,N,N,N,N,N,C,N,N,N,N
rps19,N,D,D,D,N,D,D,N,N,N,D,N,N,N,N,N,N,D,N,N,N,N,D,N,D,N,N,N,N,N,N,N
rps24,N,N,N,N,N,N,N,N,C,C,N,C,N,N,N,N,N,N,C,N,N,N,N,N,C,N,N,N,N,C,N,N
rps27,D,D,N,N,N,D,D,D,D,D,D,D,D,D,N,D,D,N,N,N,D,N,N,N,D,D,N,D,D,D,D,D
ubqC,D,D,D,N,N,N,D,D,D,N,D,N,D,D,D,D,D,D,D,N,D,D,D,D,N,D,D,N,D,D,D,D
rps7,A,A,A,A,A,A,N,N,A,N,A,A,A,A,A,A,A,N,A,A,A,A,A,N,A,A,A,A,A,A,A,A
rps10,N,A,N,A,A,A,A,A,A,A,A,A,A,A,N,A,A,A,A,A,A,A,A,A,A,A,N,A,A,A,A,A
rps12,N,N,N,N,N,N,N,N,C,N,C,N,N,C,N,N,N,N,C,N,C,N,N,N,N,C,C,N,C,N,C,N
rps21,A,N,N,N,N,N,N,A,N,N,N,N,A,A,N,N,N,A,N,N,N,N,N,N,N,N,N,N,A,A,A,N
rps25,N,D,N,D,N,D,N,D,D,N,D,D,D,N,D,D,N,D,D,N,N,D,N,D,D,N,N,D,D,N,D,N
rps26,D,D,D,D,N,D,N,D,D,D,D,D,D,N,D,D,D,D,D,D,D,D,D,D,D,N,D,D,D,D,N,D
rps28,N,C,N,N,N,N,C,C,C,N,N,N,N,N,N,C,C,N,N,N,N,C,N,N,N,N,N,C,N,N,N,N
rps4,D,D,D,D,D,D,D,D,D,D,N,D,D,D,D,D,D,D,D,D,D,D,D,D,D,D,D,D,D,D,D,D
rps3a,D,D,D,N,N,N,N,D,D,N,D,D,D,N,D,D,D,N,D,D,D,D,D,D,D,N,D,N,D,N,D,N
rnlA,N,N,N,N,N,N,N,N,N,N,N,N,N,N,N,N,N,N,N,N,N,N,N,N,N,N,N,N,N,N,N,N
rpl11,N,N,N,N,N,N,N,N,N,N,N,N,N,N,N,N,N,N,N,N,N,N,N,N,N,N,N,N,N,N,N,N
rpl3,N,N,A,N,A,N,N,N,N,N,N,N,N,N,N,N,A,N,N,N,N,A,N,N,N,A,N,N,N,N,A,N
rpl9,N,N,N,N,N,N,N,N,N,N,N,N,N,N,N,N,N,N,N,N,N,N,N,N,N,N,N,N,N,N,N,N
rplP0,N,D,N,D,D,D,N,D,N,N,D,D,N,N,N,N,D,D,N,N,D,N,D,N,N,N,N,N,N,N,D,D
rpl12,N,N,N,N,N,N,N,N,N,N,N,N,N,N,N,N,N,N,N,N,N,N,N,N,N,N,N,N,N,N,N,N
rpl13a,N,N,N,N,N,N,N,N,N,N,N,N,N,N,N,N,N,N,N,N,N,N,N,N,N,N,N,N,N,N,N,N
36,N,N,N,N,B,B,N,N,B,N,B,N,N,N,N,N,N,N,N,N,N,N,N,B,N,N,B,N,N,N,B,N
mrpl3,N,N,N,N,N,N,N,N,N,N,N,N,N,N,N,N,N,N,N,N,N,N,N,N,N,N,N,N,N,N,N,N
rpl10a,N,N,N,N,N,D,N,N,D,N,D,N,D,D,N,N,N,N,N,N,N,N,N,D,N,D,D,D,N,N,D,N
rpl8,N,N,N,N,N,N,N,N,N,N,N,N,N,N,N,N,N,N,N,N,N,N,N,N,N,N,N,N,N,N,N,N
rpl23,N,N,D,D,D,D,N,N,D,N,N,N,N,N,D,N,N,N,N,N,N,N,N,N,D,D,N,D,N,D,N,D
rpl27a,N,N,N,N,N,N,N,N,D,D,N,N,N,N,N,N,N,D,N,N,N,N,N,N,N,N,N,N,N,D,N,N
mrpl15,N,N,N,N,N,N,N,N,D,D,N,N,N,N,N,N,N,D,N,N,N,N,N,N,N,N,N,N,N,D,N,N
rpl5,N,N,N,C,N,N,C,N,N,N,N,C,N,N,C,N,N,N,N,C,N,N,N,C,N,C,C,N,C,N,N,N
rpl17,D,D,N,N,N,N,N,N,D,N,N,N,N,N,D,D,N,N,N,N,D,D,N,N,N,N,D,D,N,N,N,N
rpl23a,N,N,N,N,N,N,N,N,N,N,N,N,N,N,N,N,N,N,N,N,N,N,N,N,N,N,N,N,N,N,N,N
46,N,N,N,N,N,N,N,N,N,N,N,N,N,N,N,N,N,N,N,N,N,N,N,N,N,N,N,N,N,N,N,N
rpl26,N,D,N,N,N,N,D,D,D,D,D,N,N,D,N,D,D,N,D,D,D,N,D,D,N,D,D,D,D,D,D,D
48,N,N,N,N,N,N,N,N,N,N,N,N,N,N,N,N,N,N,N,N,N,N,N,N,N,N,N,N,N,N,N,N
rpl35,N,D,N,D,N,N,N,N,D,N,N,N,N,N,D,N,N,N,N,N,N,N,N,N,N,D,D,N,N,N,N,N
rpl7,N,D,N,N,D,N,N,N,D,N,N,N,N,D,N,D,D,N,N,N,N,N,N,N,D,N,D,D,N,N,D,N
rpl15-1,D,D,D,D,D,D,D,D,D,D,N,D,D,D,D,D,D,D,D,D,D,N,D,D,D,D,D,D,D,D,D,D
rpl15-2,D,D,D,D,D,D,D,D,D,D,N,D,D,D,D,D,D,D,D,D,D,N,D,D,D,D,D,D,D,D,D,D
rpl18,N,N,N,C,C,N,N,N,C,C,N,N,C,N,N,N,C,N,N,N,N,N,N,C,N,N,N,N,N,N,C,N
rpl19,N,D,N,N,D,N,N,N,D,N,N,N,D,N,N,N,N,N,N,D,N,N,N,N,N,N,N,D,N,D,N,N
rpl21,N,C,N,N,N,N,C,N,N,N,N,N,C,N,N,N,N,N,N,N,N,N,N,N,N,N,N,C,N,N,N,N
rlp24,D,D,D,N,D,D,N,N,D,N,N,D,D,D,N,D,N,D,N,N,N,N,N,N,N,N,D,N,D,N,N,N
rpl24,D,D,D,N,D,D,N,N,D,N,N,D,D,D,N,D,N,D,N,N,N,N,N,N,N,N,D,N,D,N,N,N
rpl30,D,D,D,N,D,N,D,D,D,D,N,N,N,N,D,D,D,D,N,N,N,N,N,N,D,D,N,N,D,N,D,N
rpl39,N,D,D,N,N,N,D,D,D,N,N,N,D,D,D,N,D,N,D,N,D,D,N,N,N,D,N,N,N,N,D,N
ubqB,D,D,D,N,N,N,D,D,D,N,D,N,D,D,D,D,D,D,D,N,D,D,D,D,N,D,D,N,D,D,D,D
rpl36a,N,N,N,N,N,N,N,N,N,N,N,N,N,N,N,N,N,N,N,N,N,N,N,N,N,N,N,N,N,N,N,N
rpl31,C,C,N,C,N,C,N,C,C,C,C,N,C,C,N,N,N,C,C,N,N,N,N,N,N,C,N,N,N,N,C,C
rpl32,N,N,N,N,N,C,N,N,C,N,C,N,N,C,N,N,N,N,N,N,C,N,N,N,N,N,C,C,C,N,N,N
rpl34,N,C,N,N,N,C,N,N,N,N,N,N,N,N,C,C,N,N,N,N,N,N,N,C,N,N,N,N,N,N,N,N
rpl35a,N,N,N,N,N,N,C,N,N,C,N,N,N,N,N,C,N,C,N,N,N,N,N,N,N,N,C,N,N,C,C,N
rpl37,N,D,D,N,N,D,N,N,N,N,N,D,N,N,N,N,N,N,N,N,N,N,N,N,D,N,N,D,N,N,N,N
rpl37A,D,D,N,D,D,D,D,D,D,D,D,N,N,D,N,D,D,N,D,D,D,N,N,D,D,N,D,D,N,N,N,D
rpl6,A,A,N,N,A,A,N,N,N,A,N,A,N,A,N,A,N,N,N,A,N,N,N,N,A,N,A,N,N,N,A,N
rpl18a,N,A,A,A,A,A,A,A,A,A,N,A,A,A,A,A,A,A,A,A,A,N,A,A,A,A,A,A,A,A,A,A
rpl22,A,N,N,A,N,N,A,A,A,N,A,A,A,N,N,A,A,N,N,A,N,A,A,A,N,N,N,N,N,N,A,N
rpl22a,A,N,N,A,N,N,A,A,A,N,A,A,A,N,N,A,A,N,N,A,N,A,A,A,N,N,N,N,N,N,A,N
rpl27,A,A,N,A,A,A,A,A,A,A,A,A,N,A,N,N,N,N,N,A,A,N,N,A,A,A,A,A,A,A,A,A
rpl29,A,A,N,A,A,A,N,A,A,N,A,A,N,A,N,N,N,A,A,A,A,N,A,A,A,A,A,N,A,N,A,A
rpl36,A,A,A,A,A,N,A,N,A,A,A,A,A,A,A,A,A,A,A,N,A,N,A,A,A,N,N,N,A,N,A,A
rpl38,N,N,N,N,N,N,N,N,N,N,N,N,N,N,N,N,N,N,N,N,N,N,N,N,N,N,N,N,N,N,N,N
rpl4,D,D,D,N,D,D,N,D,D,N,D,D,D,D,D,D,D,N,D,D,N,D,D,D,D,D,N,D,D,N,D,D
rpl7a,C,C,C,C,C,N,C,N,C,C,C,C,C,C,C,C,N,C,C,C,C,C,C,C,C,C,C,C,C,C,C,C
rpl10,D,D,D,N,D,D,N,D,D,D,D,D,D,D,D,D,D,D,D,D,D,D,D,D,D,D,D,D,N,D,D,D
rpl14,N,N,N,N,N,N,N,N,N,N,N,N,N,N,N,N,N,N,N,N,N,N,N,N,N,N,N,N,N,N,N,N
80,N,N,N,N,N,N,N,N,N,N,N,N,N,N,N,N,N,N,N,N,N,N,N,N,N,N,N,N,N,N,N,N
81,N,N,N,N,N,N,N,N,N,N,N,N,N,N,N,N,N,N,N,N,N,N,N,N,N,N,N,N,N,N,N,N
rplP1,N,N,A,N,A,N,N,N,A,N,A,N,N,A,A,N,N,N,N,A,N,A,A,N,A,N,N,A,A,N,N,N
rplP2,N,A,A,A,N,N,N,N,A,N,N,N,N,N,N,N,A,N,N,A,A,A,N,A,A,N,A,N,N,N,N,A
rplp1B,N,N,A,N,A,N,N,N,A,N,A,N,N,A,A,N,N,N,N,A,N,A,A,N,A,N,N,A,A,N,N,N
mrpl17,N,N,N,N,N,N,N,N,N,N,N,N,N,N,N,N,N,N,N,N,N,N,N,N,N,N,N,N,N,N,N,N
86,N,N,N,N,N,N,N,N,N,N,N,N,N,N,N,N,N,N,N,N,N,N,N,N,N,N,N,N,N,N,N,N
87,N,N,N,N,N,N,N,N,N,N,N,N,N,N,N,N,N,N,N,N,N,N,N,N,N,N,N,N,N,N,N,N
mrpl21,N,N,N,N,N,N,N,N,N,N,N,N,N,N,N,N,N,N,N,N,N,N,N,N,N,N,N,N,N,N,N,N
mrpl27,N,N,N,N,N,N,N,N,N,N,N,N,N,N,N,N,N,N,N,N,N,N,N,N,N,N,N,N,N,N,N,N
90,N,N,N,N,N,N,N,N,N,N,N,N,N,N,N,N,N,N,N,N,N,N,N,N,N,N,N,N,N,N,N,N
mrpl34,N,N,N,N,N,N,N,N,N,N,N,N,N,N,N,N,N,N,N,N,N,N,N,N,N,N,N,N,N,N,N,N
92,N,N,N,N,N,N,N,N,N,N,N,N,N,N,N,N,N,N,N,N,N,N,N,N,N,N,N,N,N,N,N,N
rnsA,N,N,N,N,N,N,N,N,N,N,N,N,N,N,N,N,N,N,N,N,N,N,N,N,N,N,N,N,N,N,N,N
rps4,N,N,N,N,N,N,N,N,N,N,N,N,N,N,N,N,N,N,N,N,N,N,N,N,N,N,N,N,N,N,N,N
95,N,N,N,N,N,N,N,N,N,N,N,N,N,N,N,N,N,N,N,N,N,N,N,N,N,N,N,N,N,N,N,N
mrps10,B,N,N,N,N,B,N,N,N,N,B,B,N,N,N,N,N,N,B,N,N,N,N,B,N,B,N,N,N,N,B,N
rps2,N,N,N,N,N,N,N,B,B,B,N,N,N,N,N,N,N,B,N,N,N,N,N,N,N,N,N,B,B,N,N,N
rps5,N,N,N,N,N,N,N,N,N,N,N,N,N,N,N,N,N,N,N,N,N,N,N,N,N,N,N,N,N,N,N,N
rps15a,N,N,N,N,N,N,N,N,N,N,N,N,N,N,N,N,N,N,N,N,N,N,N,N,N,N,N,N,N,N,N,N
rps16,N,N,N,N,N,N,N,N,N,N,N,N,N,N,N,N,N,N,N,N,N,N,N,N,N,N,N,N,N,N,N,N
rps20,B,N,N,N,N,B,N,N,N,N,B,B,N,N,N,N,N,N,B,N,N,N,N,B,N,B,N,N,N,N,B,N
rpsA,N,N,N,N,N,N,N,N,N,N,N,N,N,N,N,N,N,N,N,N,N,N,N,N,N,N,N,N,N,N,N,N
rps3,N,N,N,N,N,N,N,N,N,N,N,N,N,N,N,N,N,N,N,N,N,N,N,N,N,N,N,N,N,N,N,N
rps9,A,N,N,A,N,N,N,A,A,N,N,N,N,N,N,N,N,N,N,N,A,N,N,N,N,N,A,N,N,N,N,N
