SJL1;INP51,A,A,A,A,A,N,A,A,A,N,A,A,A,A,A,A,A,A,A,A,A,A,A,A,A,A,A,A,A,A,A,A
INP52;SJL2,A,A,A,A,A,N,A,A,A,N,A,A,A,A,A,A,A,A,A,A,A,A,A,A,A,A,A,A,A,A,A,A
SOP2;SJL3;INP53,A,A,A,A,A,N,A,A,A,N,A,A,A,A,A,A,A,A,A,A,A,A,A,A,A,A,A,A,A,A,A,A
ARG82;ARGR3;IPK2,A,N,N,N,A,N,A,N,A,N,A,N,N,N,N,N,A,N,A,N,N,N,N,N,N,A,N,A,N,N,A,N
INP54,A,A,A,A,A,N,A,A,A,N,A,A,A,A,A,A,A,A,A,A,A,A,A,A,A,A,A,N,A,N,A,A
APR1;INO1,N,N,N,N,N,N,N,N,N,N,N,N,N,N,N,N,N,N,N,N,N,N,N,N,N,N,N,N,N,N,N,N
INM2,N,N,N,N,N,N,N,N,N,N,N,N,N,N,N,N,N,N,N,N,N,N,N,N,N,N,N,N,N,N,N,N
INM1,N,N,N,N,N,N,N,N,N,N,N,N,N,N,N,N,N,N,N,N,N,N,N,N,N,N,N,N,N,N,N,N
LSB6,N,N,N,N,A,N,N,N,N,N,A,A,N,N,N,N,N,N,N,N,A,N,N,N,N,N,N,N,N,N,N,N
STT4,A,A,A,A,A,A,A,A,A,A,A,A,A,A,A,A,A,A,A,A,A,A,A,A,A,A,A,A,A,A,A,A
PIK41;PIK120;PIK1,A,A,A,A,A,A,A,A,A,A,A,A,A,A,A,A,A,A,A,A,A,A,A,A,A,A,A,A,A,A,A,A
MSS4,C,C,C,C,C,N,C,N,N,N,C,C,C,C,N,N,N,N,C,C,C,C,C,C,N,C,C,N,N,N,C,C
VPT29;VPS7;VPS34;PEP15;END12;VPL7;STT8,A,A,A,A,A,A,A,A,A,A,A,A,A,A,A,A,A,A,A,A,A,A,A,A,A,A,A,A,A,A,A,A
YMR1,A,A,A,A,A,A,N,A,A,N,A,A,A,A,A,A,A,A,A,A,A,A,A,A,A,A,A,A,A,A,A,A
PLC1,A,A,A,N,A,N,A,N,A,N,A,N,A,A,A,N,N,A,N,N,N,A,A,N,A,A,N,A,N,N,A,N
IPK1;GSL1,N,N,N,N,N,N,N,N,N,N,N,N,N,N,N,N,N,N,N,N,N,N,N,N,N,N,N,N,N,N,N,N
TPI1,N,N,N,D,N,N,N,N,D,N,N,D,N,N,N,N,D,N,N,N,N,N,N,N,N,N,N,D,N,D,N,N
SVL7;FAB1,D,D,D,D,D,D,D,D,D,D,D,D,D,D,D,D,D,D,D,D,D,D,D,D,D,D,D,D,D,D,D,D
PIS1,N,N,N,N,N,N,N,N,N,N,N,N,N,N,N,N,N,N,N,N,N,N,N,N,N,N,N,N,N,N,N,N
RSD1;SAC1,A,A,A,A,A,N,A,A,A,N,A,A,A,A,A,N,A,A,A,A,A,A,A,A,A,A,N,A,A,A,A,N
