EMB2719,N,N,A,N,A,A,N,A,A,N,A,N,N,A,A,N,N,N,N,N,A,N,A,A,A,A,A,N,A,A,A,A
2,N,N,A,N,A,A,N,A,A,N,A,N,N,A,A,N,N,N,N,N,A,N,A,A,A,A,A,N,A,A,A,A
EMB2107,A,A,A,A,A,A,A,A,A,N,A,A,A,A,A,A,A,A,A,A,A,A,A,A,A,A,A,A,A,A,A,A
RPN5B,A,A,A,A,A,A,A,A,A,N,A,A,A,A,A,A,A,A,A,A,A,A,A,A,A,A,A,A,A,A,A,A
ATS9,A,A,A,N,A,A,A,A,A,N,A,A,N,N,A,A,A,A,A,N,N,A,A,A,N,A,N,N,A,N,A,N
6,A,A,A,N,A,A,N,A,A,N,A,A,A,A,A,A,N,A,A,A,A,A,A,N,N,A,N,N,A,A,A,A
MEE34,C,C,C,C,C,N,C,C,C,N,C,C,N,C,C,C,C,C,C,C,C,C,C,C,C,C,N,C,N,C,C,C
RPN8A,C,C,C,C,C,N,C,C,C,N,C,C,N,C,C,C,C,C,C,C,C,C,C,C,C,C,N,C,N,C,C,C
9,A,A,A,N,N,N,A,N,A,N,A,A,A,N,A,A,A,A,N,A,A,N,A,A,N,A,N,A,N,A,A,N
10,A,A,A,N,N,N,A,N,A,N,A,A,A,N,A,A,A,A,N,A,A,N,A,A,N,A,N,A,N,A,A,N
11,C,C,C,N,N,C,C,C,C,N,N,C,N,C,C,C,C,C,C,C,C,C,C,C,C,C,N,C,N,C,C,C
RPN12a,N,N,N,N,A,N,N,N,N,N,A,N,N,N,N,N,N,N,A,N,N,N,N,N,N,N,A,A,N,N,A,A
RPN12b,N,N,N,N,A,N,N,N,N,N,A,N,N,N,N,N,N,N,A,N,N,N,N,N,N,N,A,A,N,N,A,A
DSS1(I),N,A,N,N,N,N,N,N,A,N,N,N,N,N,N,N,N,N,N,A,N,N,N,N,N,N,A,N,N,N,A,N
DSS1(V),N,A,N,N,N,N,N,N,A,N,N,N,N,N,N,N,N,N,N,A,N,N,N,N,N,N,A,N,N,N,A,N
RPN10,A,N,N,N,A,A,A,A,N,N,N,A,N,A,A,A,A,A,N,A,N,N,A,N,A,A,A,N,N,A,A,N
RPN1A,N,N,N,A,A,N,A,A,N,A,A,N,A,A,A,N,N,N,N,A,N,A,A,A,N,A,A,A,N,N,A,N
RPN1B,N,N,N,A,A,N,A,A,N,A,A,N,A,A,A,N,N,N,N,A,N,A,A,A,N,A,A,A,N,N,A,N
19,N,N,N,A,A,N,A,A,N,A,A,N,A,A,A,N,N,N,N,A,N,A,A,A,N,A,A,A,N,N,A,N
20,N,N,N,A,A,N,A,A,N,A,A,N,A,A,A,N,N,N,N,A,N,A,A,A,N,A,A,A,N,N,A,N
RPN13,N,N,N,N,A,A,N,N,A,N,A,N,N,A,N,A,N,N,N,A,A,A,A,A,A,N,N,A,N,N,N,A
RPT1A,D,D,D,D,D,D,D,D,D,D,D,D,D,D,D,D,D,D,D,D,D,D,D,D,D,D,D,D,D,D,D,D
23,D,D,D,D,D,D,D,D,D,D,D,D,D,D,D,D,D,D,D,D,D,D,D,D,D,D,D,D,D,D,D,D
RPT2b,D,D,D,D,D,D,D,D,D,D,D,D,D,D,D,D,D,D,D,D,D,D,D,D,D,D,D,D,D,D,D,D
RPT2a,D,D,D,D,D,D,D,D,D,D,D,D,D,D,D,D,D,D,D,D,D,D,D,D,D,D,D,D,D,D,D,D
RPT3,D,D,D,D,D,D,D,D,D,D,D,D,D,D,D,D,D,D,D,D,D,D,D,D,D,D,D,D,D,D,D,D
27,D,D,D,D,D,D,D,D,D,D,D,D,D,D,D,D,D,D,D,D,D,D,D,D,D,D,D,D,D,D,D,D
RPT4A,D,D,D,D,D,D,D,D,D,D,D,D,D,D,D,D,D,D,D,D,D,D,D,D,D,D,D,D,D,D,D,D
RPT5B,D,D,D,D,D,D,D,D,D,D,D,D,D,D,D,D,D,D,D,D,D,D,D,D,D,D,D,D,D,D,D,D
RPT5A,D,D,D,D,D,D,D,D,D,D,D,D,D,D,D,D,D,D,D,D,D,D,D,D,D,D,D,D,D,D,D,D
RPT6A,D,D,D,D,D,D,D,D,D,D,D,D,D,D,D,D,D,D,D,D,D,D,D,D,D,D,D,D,D,D,D,D
32,D,D,D,D,D,D,D,D,D,D,D,D,D,D,D,D,D,D,D,D,D,D,D,D,D,D,D,D,D,D,D,D
PA200,A,A,N,N,N,A,A,N,N,N,N,N,N,A,A,A,N,N,N,N,A,N,N,N,N,A,N,A,N,N,N,N
PAA2,D,D,D,D,D,D,D,N,D,D,D,D,D,D,D,N,N,D,N,D,D,D,D,D,D,N,D,N,D,N,D,N
PAA1,D,D,D,D,D,D,D,N,D,D,D,D,D,D,D,N,N,D,N,D,D,D,D,D,D,N,D,N,D,N,D,N
PAB1,D,D,D,D,D,D,D,N,D,D,D,D,D,D,D,N,N,D,N,D,D,D,D,D,D,N,D,N,D,N,D,N
37,D,D,D,D,D,D,D,N,D,D,D,D,D,D,D,N,N,D,N,D,D,D,D,D,D,N,D,N,D,N,D,N
PAC1,D,D,D,D,D,D,D,N,D,D,D,D,D,D,D,N,N,D,N,D,D,D,D,D,D,N,D,N,D,N,D,N
PAD1,D,D,D,D,D,D,D,N,D,D,D,D,D,D,D,N,N,D,N,D,D,D,D,D,D,N,D,N,D,N,D,N
PAD2,D,D,D,D,D,D,D,N,D,D,D,D,D,D,D,N,N,D,N,D,D,D,D,D,D,N,D,N,D,N,D,N
PAE1,D,D,D,D,D,D,D,N,D,D,D,D,D,D,D,N,N,D,N,D,D,D,D,D,D,N,D,N,D,N,D,N
PAE2,D,D,D,D,D,D,D,N,D,D,D,D,D,D,D,N,N,D,N,D,D,D,D,D,D,N,D,N,D,N,D,N
PAF2,D,D,D,D,D,D,D,N,D,D,D,D,D,D,D,N,N,D,N,D,D,D,D,D,D,N,D,N,D,N,D,N
PAF1,D,D,D,D,D,D,D,N,D,D,D,D,D,D,D,N,N,D,N,D,D,D,D,D,D,N,D,N,D,N,D,N
PAG1,D,D,D,D,D,D,D,N,D,D,D,D,D,D,D,N,N,D,N,D,D,D,D,D,D,N,D,N,D,N,D,N
PBA1,N,N,D,N,D,D,D,N,D,D,D,D,N,D,D,N,N,D,N,D,N,D,D,D,D,N,D,N,D,N,D,N
PBB1,N,N,D,N,D,D,D,N,D,D,D,D,N,D,D,N,N,D,N,D,N,D,D,D,D,N,D,N,D,N,D,N
PBB2,N,N,D,N,D,D,D,N,D,D,D,D,N,D,D,N,N,D,N,D,N,D,D,D,D,N,D,N,D,N,D,N
PBC1,N,N,D,N,D,D,D,N,N,N,N,N,N,N,D,N,N,N,N,D,N,N,D,N,D,N,D,N,N,N,N,N
PBC2,N,N,D,N,D,D,D,N,N,N,N,N,N,N,D,N,N,N,N,D,N,N,D,N,D,N,D,N,N,N,N,N
PBD1,N,N,N,N,D,D,D,N,D,D,D,D,N,D,D,N,N,D,N,D,N,D,D,D,D,N,N,N,D,N,D,N
PBD2,N,N,N,N,D,D,D,N,N,D,D,D,N,D,D,N,N,D,N,N,N,D,D,D,D,N,N,N,N,N,D,N
PBE1,N,N,D,N,D,D,D,N,D,D,D,D,N,D,D,N,N,D,N,D,N,D,D,D,D,N,D,N,D,N,D,N
54,N,N,D,N,D,D,D,N,D,D,D,D,N,D,D,N,N,D,N,D,N,D,D,D,D,N,D,N,D,N,D,N
PBF1,N,N,D,N,D,D,D,N,D,D,D,D,N,D,D,N,N,D,N,D,N,D,D,D,D,N,D,N,D,N,D,N
PBG1,N,N,N,N,D,N,D,N,N,N,N,N,N,N,D,N,N,N,N,N,N,N,D,N,D,N,N,N,N,N,N,N
57,N,N,N,N,N,N,N,N,N,N,N,N,N,N,N,N,N,N,N,N,N,N,N,N,N,N,N,N,N,N,N,N
58,N,N,N,N,N,N,N,N,N,N,N,N,N,N,N,N,N,N,N,N,N,N,N,N,N,N,N,N,N,N,N,N
59,N,N,N,N,N,N,N,N,N,N,N,N,N,N,N,N,N,N,N,N,N,N,N,N,N,N,N,N,N,N,N,N
