helB1,D,D,D,D,D,D,D,D,D,D,D,D,D,D,D,D,D,D,D,D,D,D,D,D,D,D,D,D,D,D,D,D
uap56,D,D,D,D,D,D,D,D,D,D,D,D,D,D,D,D,D,D,D,D,D,D,D,D,D,D,D,D,D,D,D,D
snrp70,A,A,N,N,A,N,N,N,N,N,A,N,N,N,A,N,N,A,N,N,N,N,N,N,N,N,N,N,N,N,A,N
snrpC,N,N,N,N,N,N,A,N,N,A,A,N,N,N,A,N,N,N,N,N,N,N,N,N,N,N,N,N,A,N,N,N
dhx16,A,A,A,A,A,A,A,A,A,N,A,A,A,A,A,A,A,A,A,A,A,A,A,A,N,A,A,A,A,A,A,A
helD,A,A,A,A,A,A,A,A,A,N,A,A,A,A,A,A,A,A,A,A,A,A,A,A,N,A,A,A,A,A,A,A
cdc40,A,A,A,A,A,A,A,A,A,A,A,A,A,A,A,A,A,A,A,A,A,A,A,A,A,A,A,A,A,A,A,A
prp40,N,A,A,N,A,N,A,A,A,N,A,A,A,A,N,N,A,A,N,N,A,N,A,N,N,A,N,N,N,N,A,A
dhx33,A,A,A,A,A,A,A,A,A,N,A,A,A,A,A,A,A,A,A,A,A,A,A,A,N,A,A,A,A,A,A,A
dhx8,A,A,A,A,A,A,A,A,A,N,A,A,A,A,A,A,A,A,A,A,A,A,A,A,N,A,A,A,A,A,A,A
dhx15,A,A,A,A,A,A,A,A,A,N,A,A,A,A,A,A,A,A,A,A,A,A,A,A,N,A,A,A,A,A,A,A
snrpb,A,A,N,N,A,A,N,A,A,N,A,N,N,A,N,A,A,A,A,A,A,A,A,A,A,N,A,A,A,N,A,A
snrpD3,A,A,A,A,N,A,A,N,A,A,A,A,N,A,A,A,A,A,N,A,A,N,N,A,N,A,N,A,A,N,A,A
snrpD1,N,A,A,N,N,A,N,N,A,N,A,N,N,A,N,N,A,N,N,N,A,N,N,N,N,N,N,N,A,N,A,N
snrpF,N,C,C,C,N,C,C,N,C,C,C,C,N,C,N,C,C,C,N,C,C,N,N,C,N,C,N,C,C,N,C,C
snrpG,N,C,N,N,N,C,C,C,C,C,C,N,N,N,N,N,C,C,C,N,C,N,N,C,C,C,C,N,C,C,N,C
snrpD2,N,A,A,N,N,N,A,N,A,N,A,N,N,N,A,N,N,A,N,N,N,N,N,N,N,N,N,N,A,N,N,A
snrpE,N,N,N,N,N,C,C,C,C,C,C,N,N,N,N,N,C,C,N,N,N,N,N,C,C,C,N,N,N,C,N,N
19,D,D,D,D,D,D,D,D,D,D,D,D,D,D,D,D,D,D,D,D,D,D,D,D,D,D,D,D,D,D,D,D
ddx5,D,D,D,D,D,D,D,D,D,D,D,D,D,D,D,D,D,D,D,D,D,D,D,D,D,D,D,D,D,D,D,D
21,D,D,D,D,D,D,D,D,D,D,D,D,D,D,D,D,D,D,D,D,D,D,D,D,D,D,D,D,D,D,D,D
ddx17,D,D,D,D,D,D,D,D,D,D,D,D,D,D,D,D,D,D,D,D,D,D,D,D,D,D,D,D,D,D,D,D
snrpA1,B,N,B,B,B,N,N,B,B,N,B,B,B,B,B,B,B,B,B,N,B,B,B,N,B,N,N,N,N,B,B,N
snrpB2,A,A,A,A,A,N,N,A,A,N,A,A,A,N,N,N,A,A,A,A,A,A,A,A,N,A,A,N,A,A,A,N
sf3a3,N,N,N,N,A,A,N,N,N,N,N,A,N,N,A,A,A,A,A,N,N,N,A,N,A,N,A,N,N,N,N,A
sf3a1,A,A,A,N,A,N,A,N,A,N,A,N,N,A,A,A,N,N,A,N,A,A,A,N,N,N,A,A,A,A,A,N
sf3a2,A,A,N,N,N,N,A,A,A,N,A,N,N,A,A,A,A,A,A,A,A,N,N,A,N,A,A,A,A,A,N,A
sf3b4,A,A,A,N,A,A,A,A,A,N,A,A,A,A,N,N,A,A,A,N,A,A,A,A,A,A,A,A,A,N,A,A
sf3b5,A,A,N,N,A,N,A,A,A,N,A,A,A,A,N,A,A,A,A,A,A,N,N,A,N,N,N,N,A,A,A,A
sf3b1,A,A,A,A,N,N,A,N,A,N,A,N,A,N,N,N,A,N,N,A,A,N,N,N,A,A,N,N,N,N,N,N
sf3b3,A,A,A,N,N,A,N,N,A,A,A,A,N,A,A,A,A,A,A,A,N,N,A,A,N,N,A,A,A,N,A,N
phf5a,A,A,N,N,N,A,A,A,A,N,A,N,N,A,A,A,A,A,A,A,A,A,N,A,A,A,A,A,N,A,A,A
sf3b2,N,N,A,N,A,A,N,A,A,N,A,A,A,A,N,A,A,A,A,A,N,N,N,A,A,A,A,A,N,A,A,A
34,A,A,N,A,A,N,N,A,A,N,A,N,A,N,N,N,A,A,A,A,A,N,A,N,N,N,A,N,A,A,A,N
ddx42,D,D,D,D,D,D,D,D,D,D,D,D,D,D,D,D,D,D,D,D,D,D,D,D,D,D,D,D,D,D,D,D
u2af1,A,A,A,A,N,N,N,A,A,N,A,A,A,A,A,A,A,A,A,N,A,A,A,N,A,A,A,A,A,N,A,N
u2af2,A,A,A,N,A,A,A,A,A,N,A,A,A,A,A,A,A,A,N,N,A,A,A,A,A,A,A,A,A,A,A,A
38,A,A,A,N,A,A,N,A,A,N,A,A,N,A,N,N,A,N,A,A,A,A,A,A,N,N,N,A,A,A,A,A
ncbp1,N,N,N,N,N,N,N,N,N,N,N,N,N,N,N,N,N,N,N,N,N,N,N,N,N,N,N,N,N,N,N,N
ncbp2,A,A,A,N,A,A,A,N,A,N,N,A,A,A,N,A,A,A,N,N,N,N,A,A,A,N,N,N,A,N,A,N
tra2,A,N,N,N,N,A,A,A,A,N,A,A,A,A,A,A,A,N,N,N,A,N,N,A,A,A,A,A,N,N,A,A
prp19,A,A,A,A,A,A,A,A,A,N,A,A,A,A,A,A,A,A,N,A,A,A,A,A,A,A,N,A,A,A,A,A
cdc5l,A,A,A,A,A,A,A,A,A,A,A,A,A,A,A,A,A,A,A,A,A,A,A,A,A,A,A,A,A,A,A,A
spf27,N,N,N,N,N,N,N,N,N,N,N,N,N,N,N,N,N,N,N,N,N,N,N,N,N,N,N,N,N,N,N,N
plrg1,A,A,A,A,A,A,A,A,A,A,A,A,A,A,A,A,A,A,A,A,A,A,A,A,A,A,A,A,A,A,A,A
cwc15-1,A,A,A,N,N,N,A,A,N,N,N,A,N,A,A,A,A,N,A,A,A,A,N,A,N,A,N,A,N,N,N,A
cwc15-2,A,A,A,N,N,N,A,A,N,N,N,A,N,A,A,A,A,N,A,A,A,A,N,A,N,A,N,A,N,N,N,A
ctnnbl1,N,N,N,N,N,N,N,N,N,N,N,N,N,N,N,N,N,N,N,N,N,N,N,N,N,N,N,N,N,N,N,N
hspB,B,B,B,B,B,N,N,B,B,N,B,N,N,B,B,B,B,B,N,B,B,B,B,N,N,B,B,N,N,B,B,B
hspE-1,B,B,B,B,B,N,N,B,B,N,B,N,N,B,B,B,B,B,N,B,B,B,B,N,N,B,B,N,N,B,B,B
hspE-2,B,B,B,B,B,N,N,B,B,N,B,N,N,B,B,B,B,B,N,B,B,B,B,N,N,B,B,N,N,B,B,B
52,B,B,B,B,B,N,N,B,B,N,B,N,N,B,B,B,B,B,N,B,B,B,B,N,N,B,B,N,N,B,B,B
53,B,B,B,B,B,N,N,B,B,N,B,N,N,B,B,B,B,B,N,B,B,B,B,N,N,B,B,N,N,B,B,B
54,B,B,B,B,B,N,N,B,B,N,B,N,N,B,B,B,B,B,N,B,B,B,B,N,N,B,B,N,N,B,B,B
xab2,A,A,A,N,A,A,A,A,A,N,A,A,A,A,N,A,A,A,A,A,A,A,A,A,A,A,A,A,A,A,A,A
56,A,A,A,N,A,A,A,A,A,N,A,A,A,A,A,A,A,A,A,A,A,A,A,A,A,A,A,A,A,A,A,A
syf2,A,A,A,N,N,N,N,A,A,N,A,N,N,A,N,A,A,N,N,N,A,A,N,A,N,A,N,A,N,A,A,N
snwA,A,N,A,N,N,N,A,A,A,N,A,A,A,A,N,A,A,A,A,A,A,A,N,A,A,A,A,A,A,A,A,A
isy1,A,A,N,N,A,N,N,N,A,N,A,A,A,A,A,A,A,A,A,A,A,A,A,A,A,A,A,A,A,A,A,A
cypE,D,D,D,D,D,D,D,D,D,N,D,D,D,D,D,D,D,D,D,D,D,D,D,D,D,D,D,D,D,D,D,D
61,A,A,A,A,A,A,A,A,A,N,A,A,A,A,A,A,A,A,A,N,A,A,A,A,A,A,A,A,A,A,A,A
62,A,A,A,N,N,N,A,N,A,N,A,A,N,N,N,A,A,A,N,A,A,N,N,A,A,N,A,A,A,A,A,A
aqr,A,N,A,A,A,N,A,A,A,N,A,A,A,A,N,A,A,N,A,N,A,N,A,N,A,A,N,A,N,A,A,N
lsm5,N,N,N,N,N,N,N,N,N,N,N,N,N,N,N,N,N,N,N,N,N,N,N,N,N,N,N,N,N,N,N,N
lsm6,N,C,C,C,N,C,C,N,C,C,C,C,N,C,N,C,C,C,N,C,C,N,N,C,N,C,N,C,C,N,C,C
lsm3,N,N,A,N,N,N,A,N,N,N,N,N,N,N,A,N,N,N,N,N,N,N,N,N,N,N,N,N,N,N,N,A
lsm2,A,A,A,A,N,A,A,N,A,N,A,N,N,A,A,A,A,A,N,A,A,N,N,A,N,A,N,N,A,N,A,A
lsm4,A,A,A,A,N,A,A,N,A,A,A,A,N,A,A,A,A,A,N,A,A,N,N,A,N,A,N,A,A,N,A,A
lsm8,C,C,N,N,C,C,C,C,C,C,C,N,N,C,N,N,C,C,C,C,C,C,C,C,C,C,C,C,N,C,C,C
lsm7,N,C,N,N,N,C,C,C,C,C,C,N,N,N,N,N,C,C,C,N,C,N,N,C,C,C,C,N,C,C,N,C
prpf31,C,C,C,C,C,C,C,C,C,C,C,C,C,C,C,C,C,C,C,C,C,C,C,C,C,C,C,C,C,C,C,C
ppiH,D,D,D,D,D,D,D,D,D,N,D,D,D,D,D,D,D,D,D,D,D,D,D,D,D,D,D,D,D,D,D,D
prpf4,A,A,A,A,A,A,A,A,A,A,A,A,A,A,A,A,A,A,A,A,A,A,A,A,A,A,A,A,A,A,A,A
prpf3,D,N,D,N,N,D,D,D,D,N,D,D,N,D,D,D,D,D,D,N,D,N,D,D,N,D,N,N,N,D,D,D
nhp2l1,C,C,C,C,C,N,C,N,C,C,C,C,C,C,C,C,N,C,C,C,C,C,C,C,C,C,C,C,C,C,C,C
eftud2,N,B,N,N,B,B,N,N,B,N,B,B,B,N,N,B,B,N,N,B,B,N,B,B,N,B,B,B,N,B,B,N
ascc3l,D,D,D,D,D,D,D,D,D,D,D,D,D,D,D,D,D,D,D,D,D,D,D,D,D,D,D,D,D,D,D,D
prpf6,A,A,A,N,A,A,A,A,A,N,A,A,A,A,A,A,A,A,A,A,A,A,A,A,A,A,A,A,A,A,A,A
prpf8,A,A,A,A,N,N,A,A,A,A,N,A,A,A,A,A,A,A,A,A,A,A,A,A,A,A,A,A,N,N,A,A
wdr57,A,A,A,A,A,A,A,A,A,A,A,A,A,A,A,A,A,A,A,A,A,A,A,A,A,A,A,A,A,A,A,A
helB2,D,D,D,D,D,D,D,D,D,D,D,D,D,D,D,D,D,D,D,D,D,D,D,D,D,D,D,D,D,D,D,D
txnl4a,N,N,A,N,N,N,N,A,A,A,A,A,N,A,A,A,A,A,A,A,A,N,N,A,A,N,A,A,N,N,A,A
usp39,B,B,B,B,B,N,N,B,B,N,B,B,B,B,B,B,B,B,B,B,B,B,B,B,B,B,B,B,B,B,B,B
84,N,A,N,N,N,N,A,N,A,N,A,N,N,A,A,N,N,N,N,N,N,A,A,A,N,A,N,A,N,N,A,N
tifA,D,D,D,D,D,D,D,D,D,D,D,D,D,D,D,D,D,D,D,D,D,D,D,D,D,D,D,D,D,D,D,D
rbm8A,A,A,A,A,A,A,A,A,A,N,A,A,A,A,A,A,A,A,N,A,A,A,A,A,N,A,A,A,A,A,A,A
magoh,A,A,N,N,A,N,N,A,A,N,A,A,A,A,A,A,A,A,A,A,A,A,A,A,N,A,N,N,A,A,A,A
thoc1,A,A,N,N,N,N,A,N,A,N,A,A,A,N,N,N,N,N,A,A,A,N,A,N,N,N,N,A,A,N,A,N
89,A,A,A,A,A,A,A,A,A,A,A,A,A,A,A,A,A,A,A,A,A,A,A,A,A,A,A,A,A,A,A,A
90,D,D,D,D,D,N,D,D,N,D,D,D,D,N,N,D,D,D,D,N,N,D,D,D,D,D,D,D,D,D,D,D
thoc2,N,A,A,N,N,N,A,A,A,N,A,N,A,A,A,N,A,A,N,N,A,A,A,N,N,A,N,A,N,A,A,A
slu7,N,A,A,N,N,N,N,N,A,N,A,N,N,A,A,N,A,N,N,N,A,N,A,A,A,N,N,A,N,A,N,N
93,N,A,N,N,N,N,N,A,A,N,A,A,N,N,A,A,A,A,N,A,N,A,A,A,N,N,N,A,N,N,N,N
prpf38a,N,N,A,N,N,N,N,N,N,N,A,N,A,A,N,N,N,N,N,N,A,N,N,N,N,N,N,N,A,N,N,N
prpf38b,N,A,A,N,N,N,A,N,A,N,A,N,A,A,A,N,N,N,N,N,A,A,A,N,N,N,N,N,A,N,A,N
prp18,A,A,N,N,A,N,N,N,A,N,A,N,A,N,A,N,N,N,N,A,A,N,N,A,N,N,A,N,N,A,A,N
bud31,N,A,A,N,N,A,A,N,A,N,N,N,N,N,N,A,A,A,N,A,N,A,N,A,N,A,N,N,A,N,A,A
