C1orf17;GLT25D2;COLGALT2,A,A,A,N,N,N,A,A,A,N,A,N,A,A,N,N,A,N,A,N,A,N,N,N,N,N,N,N,N,N,A,A
GLT25D1;COLGALT1,A,A,A,N,N,N,A,A,A,N,A,N,A,A,N,N,A,N,A,N,A,N,N,N,N,N,N,N,N,N,A,A
LH3;PLOD3,A,A,A,N,N,N,A,A,A,N,A,N,A,A,N,N,A,N,A,N,A,N,N,N,N,N,N,N,N,N,A,A
Gal-T;B3Glc-T;B3GTL;B3GALTL;beta3Glc-T;B3GLCT,N,N,N,N,N,N,N,N,N,N,N,N,N,N,N,N,N,N,N,N,N,N,N,N,N,N,N,N,N,N,N,N
ST6GalI;ST6GAL1;ST6N;SIAT1,N,N,N,N,N,N,N,N,N,N,N,N,N,N,N,N,N,N,N,N,N,N,N,N,N,N,N,N,N,N,N,N
MRT12;EIEE15;SIAT6;ST3GAL3;ST3GALII;ST3Gal_III;ST3GalIII;ST3N,N,N,N,N,N,N,N,N,N,N,N,N,N,N,N,N,N,N,N,N,N,N,N,N,N,N,N,N,N,N,N,N
SIAT2;ST6GAL2;ST6GalII,N,N,N,N,N,N,N,N,N,N,N,N,N,N,N,N,N,N,N,N,N,N,N,N,N,N,N,N,N,N,N,N
SCDO3;LFNG,N,N,N,N,N,N,N,N,N,N,N,N,N,N,N,N,N,N,N,N,N,N,N,N,N,N,N,N,N,N,N,N
MFNG,N,N,N,N,N,N,N,N,N,N,N,N,N,N,N,N,N,N,N,N,N,N,N,N,N,N,N,N,N,N,N,N
RFNG,N,N,N,N,N,N,N,N,N,N,N,N,N,N,N,N,N,N,N,N,N,N,N,N,N,N,N,N,N,N,N,N
GTB;beta4Gal-T1;B4GAL-T1;GT1;CDG2D;GGTB2;B4GALT1,N,N,N,N,N,N,N,N,N,N,N,N,N,N,N,N,N,N,N,N,N,N,N,N,N,N,N,N,N,N,N,N
beta4Gal-T3;B4GALT3,N,N,N,N,N,N,N,N,N,N,N,N,N,N,N,N,N,N,N,N,N,N,N,N,N,N,N,N,N,N,N,N
B4Gal-T3;beta4Gal-T2;B4GALT2;B4Gal-T2,N,N,N,N,N,N,N,N,N,N,N,N,N,N,N,N,N,N,N,N,N,N,N,N,N,N,N,N,N,N,N,N
C21orf80;POFUT2;FUT13,N,N,N,N,N,N,N,N,N,N,N,N,N,N,N,N,N,N,N,N,N,N,N,N,N,N,N,N,N,N,N,N
O-FUT;OFUCT1;DDD2;O-FucT-1;POFUT1;FUT12;O-Fuc-T,N,N,N,N,N,N,N,N,N,N,N,N,N,N,N,N,N,N,N,N,N,N,N,N,N,N,N,N,N,N,N,N
Rumi;KDELCL1;CLP46;MDS010;hCLP46;KTELC1;LGMD2Z;MDSRP;POGLUT1;C3orf9,N,N,N,N,N,A,N,A,A,N,A,A,A,N,A,A,A,A,N,A,A,N,A,A,N,N,A,N,A,N,A,A
GXYLT1;GLT8D3,N,N,N,N,N,N,N,N,N,N,N,N,N,N,N,N,N,N,N,N,N,N,N,N,N,N,N,N,N,N,N,N
GLT8D4;GXYLT2,N,N,N,N,N,N,N,N,N,N,N,N,N,N,N,N,N,N,N,N,N,N,N,N,N,N,N,N,N,N,N,N
EOGT;EOGT1;AER61;C3orf64;AOS4,A,N,N,N,N,A,A,A,A,N,A,N,N,N,N,N,A,A,A,A,A,A,N,N,N,N,A,N,N,N,A,N
OGT1;HRNT1;OGT;MRX106;O-GLCNAC;HINCUT-1,N,A,N,N,A,A,A,A,A,N,A,A,A,A,N,A,A,A,A,A,A,A,A,A,A,A,A,A,A,A,A,A
RT;MDDGC1;MDDGA1;LGMD2K;MDDGB1;POMT1,A,A,N,N,N,A,N,A,A,N,N,N,N,A,N,A,N,N,N,N,N,A,N,A,A,A,N,A,N,N,A,N
MDDGC2;POMT2;MDDGA2;LGMD2N;MDDGB2,A,A,N,N,N,A,N,A,A,N,N,N,N,A,N,A,N,N,N,N,N,A,N,A,A,A,N,A,N,N,A,N
