STE1,A,A,A,N,N,A,N,N,A,N,A,N,N,A,A,N,A,A,N,N,A,A,A,N,N,N,N,N,N,N,A,N
2,A,A,A,N,A,A,N,N,A,N,A,N,N,A,A,N,A,A,N,A,A,A,A,N,N,A,N,A,N,N,A,N
HYD1,A,N,A,N,N,A,N,N,A,N,A,N,N,N,A,N,N,N,N,A,A,N,N,N,N,N,N,N,N,N,A,A
DWF5,A,A,A,N,A,A,A,A,A,N,A,N,A,A,A,N,A,N,N,N,A,A,A,A,N,N,A,A,N,A,A,N
DWF1,N,N,N,N,N,N,N,N,N,N,N,N,N,N,N,N,N,N,N,N,N,N,N,N,N,N,N,N,N,N,N,N
CAS1,A,A,N,N,A,N,N,N,A,N,N,N,N,N,N,N,N,N,N,N,N,N,N,N,N,N,N,N,N,N,N,A
CPI1,A,A,N,N,N,N,A,N,A,N,A,N,A,A,N,N,N,A,N,A,A,N,N,N,N,N,N,N,N,N,N,N
CYP51G1,C,C,C,N,C,N,C,C,C,N,C,N,C,C,C,C,C,C,C,C,C,C,C,C,C,C,N,C,C,N,C,C
SMT2,N,N,N,N,A,N,N,N,A,N,A,N,N,A,N,N,N,N,N,N,N,N,N,N,N,N,N,N,N,N,N,N
SMT3,N,N,N,N,N,N,N,N,N,N,N,N,N,N,N,N,N,N,N,N,N,N,N,N,N,N,N,N,N,N,N,N
FK,A,A,A,N,A,A,A,A,A,N,A,N,A,A,A,N,A,N,N,N,A,A,A,A,N,N,A,A,N,A,A,N
SMT1,N,N,N,N,A,N,N,N,A,N,A,N,N,A,N,N,N,N,N,N,N,N,N,N,N,N,N,N,N,N,N,N
LAS1,A,A,N,N,A,N,N,N,A,N,N,N,N,N,N,N,N,N,N,N,N,N,N,N,N,N,N,N,N,N,N,A
3BETAHSD/D1,N,N,N,N,N,N,N,N,N,N,N,N,N,N,N,N,N,N,N,N,N,N,N,N,N,N,N,N,N,N,N,N
3BETAHSD/D2,N,N,N,N,N,N,N,N,N,N,N,N,N,N,N,N,N,N,N,N,N,N,N,N,N,N,N,N,N,N,N,N
16,N,N,N,N,N,N,N,N,N,N,N,N,N,N,N,N,N,N,N,N,N,N,N,N,N,N,N,N,N,N,N,N
CYP710A3,C,C,C,N,C,N,C,C,C,N,C,N,C,C,C,N,C,C,C,C,C,C,C,C,N,C,N,C,C,N,C,C
CYP710A4,C,C,C,N,C,N,C,C,C,N,C,N,C,C,C,N,C,C,C,C,C,C,C,C,N,C,N,C,C,N,C,C
CYP710A2,C,C,C,N,C,N,C,C,C,N,C,N,C,C,C,N,C,C,C,C,C,C,C,C,N,C,N,C,C,N,C,C
CYP710A1,C,C,C,N,C,N,C,C,C,N,C,N,C,C,C,N,C,C,C,C,C,C,C,C,N,C,N,C,C,N,C,C
SDP1-LIKE,N,N,A,N,N,N,N,N,N,N,A,N,N,N,A,N,A,A,N,N,N,N,A,A,N,N,N,N,N,N,N,N
SDP1,N,N,A,N,N,N,N,N,N,N,A,N,N,N,A,N,A,A,N,N,N,N,A,A,N,N,N,N,N,N,N,N
SMO2-1,A,A,A,N,A,A,N,N,A,N,A,N,N,A,A,N,A,A,N,A,A,A,A,N,N,A,N,A,N,N,A,N
SMO2-2,A,A,A,N,A,A,N,N,A,N,A,N,N,A,A,N,A,A,N,A,A,A,A,N,N,A,N,A,N,N,A,N
SMO1-1,A,A,A,N,A,A,N,N,A,N,A,N,N,A,A,N,A,A,N,A,A,A,A,N,N,A,N,A,N,N,A,N
SMO1-2,A,A,A,N,A,A,N,N,A,N,A,N,N,A,A,N,A,A,N,A,A,A,A,N,N,A,N,A,N,N,A,N
SQS1,N,N,N,N,N,N,N,N,N,N,N,N,N,N,N,N,N,N,N,N,N,N,N,N,N,N,N,N,N,N,N,N
SQS2,N,N,N,N,N,N,N,N,N,N,N,N,N,N,N,N,N,N,N,N,N,N,N,N,N,N,N,N,N,N,N,N
XF1,N,A,N,N,N,N,N,N,N,N,A,N,N,N,N,N,N,N,A,N,A,N,N,N,N,N,N,N,N,N,A,N
SQE2,N,A,N,N,N,N,N,N,N,N,A,N,N,N,N,N,N,N,A,N,A,N,N,N,N,N,N,N,N,N,A,N
SQE3,N,A,N,N,N,N,N,N,N,N,A,N,N,N,N,N,N,N,A,N,A,N,N,N,N,N,N,N,N,N,A,N
SQP2,N,A,N,N,N,N,N,N,N,N,A,N,N,N,N,N,N,N,A,N,A,N,N,N,N,N,N,N,N,N,A,N
SQP1,N,A,N,N,N,N,N,N,N,N,A,N,N,N,N,N,N,N,A,N,A,N,N,N,N,N,N,N,N,N,A,N
SQE6,N,A,N,N,N,N,N,N,N,N,A,N,N,N,N,N,N,N,A,N,A,N,N,N,N,N,N,N,N,N,A,N
