TNF-alpha;TNFA;DIF;TNLG1F;TNF;TNFSF2,N,N,N,N,N,N,N,N,N,N,N,N,N,N,N,N,N,N,N,N,N,N,N,N,N,N,N,N,N,N,N,N
p55-R;FPF;TNF-R-I;TNFR55;TNF-R;TBP1;p60;TNF-R55;TNFR60;TNFRSF1A;CD120a;TNFR1;TNFAR;p55,N,N,N,N,N,N,N,N,N,N,N,N,N,N,N,N,N,N,N,N,N,N,N,N,N,N,N,N,N,N,N,N
Hs.89862;TRADD,N,N,N,N,N,N,N,N,N,N,N,N,N,N,N,N,N,N,N,N,N,N,N,N,N,N,N,N,N,N,N,N
TRAP;MGC:45012;TRAP3;TRAF2,A,N,A,N,N,N,A,N,N,N,A,N,N,A,N,N,A,N,N,N,A,N,N,N,N,N,N,N,N,N,A,N
TRAF5;MGC:39780;RNF84,A,A,A,A,N,A,A,A,N,N,A,A,N,A,A,A,A,N,A,A,A,N,A,N,A,A,N,N,N,A,A,A
hMLKL;MLKL,B,B,B,B,B,B,B,B,B,N,B,B,B,B,B,B,B,B,B,B,B,B,B,B,B,B,B,B,B,B,B,B
TLR-4;TLR4;ARMD10;CD284;TOLL,N,A,N,A,A,N,N,A,A,N,A,N,N,N,N,N,N,A,N,N,A,A,A,A,N,N,N,A,N,N,N,N
IFRC;IFNAR1;AVP;IFN-alpha-REC;IFNBR;IFNAR,N,N,N,N,N,N,N,N,N,N,N,N,N,N,N,N,N,N,N,N,N,N,N,N,N,N,N,N,N,N,N,N
IFNARB;IMD45;IFN-R;IFN-alpha-REC;IFNAR2;IFNABR,N,N,N,N,N,N,N,N,N,N,N,N,N,N,N,N,N,N,N,N,N,N,N,N,N,N,N,N,N,N,N,N
IFNGR1;IMD27A;CD119;IMD27B;IFNGR,N,N,N,N,N,N,N,N,N,N,N,N,N,N,N,N,N,N,N,N,N,N,N,N,N,N,N,N,N,N,N,N
IMD28;AF-1;IFNGR2;IFGR2;IFNGT1,N,N,N,N,N,N,N,N,N,N,N,N,N,N,N,N,N,N,N,N,N,N,N,N,N,N,N,N,N,N,N,N
IFNA13;IFNA@;IFN-alphaD;IFN;IFNA1;IFL;IFN-ALPHA,N,N,N,N,N,N,N,N,N,N,N,N,N,N,N,N,N,N,N,N,N,N,N,N,N,N,N,N,N,N,N,N
IFNA2B;IFNA;INFA2;IFN-alphaA;IFNA2,N,N,N,N,N,N,N,N,N,N,N,N,N,N,N,N,N,N,N,N,N,N,N,N,N,N,N,N,N,N,N,N
IFN-alpha4a;IFNA4;INFA4,N,N,N,N,N,N,N,N,N,N,N,N,N,N,N,N,N,N,N,N,N,N,N,N,N,N,N,N,N,N,N,N
IFN-alpha-5;INFA5;leIF_G;IFNA5;IFN-alphaG;INA5,N,N,N,N,N,N,N,N,N,N,N,N,N,N,N,N,N,N,N,N,N,N,N,N,N,N,N,N,N,N,N,N
IFNA6;IFN-alphaK,N,N,N,N,N,N,N,N,N,N,N,N,N,N,N,N,N,N,N,N,N,N,N,N,N,N,N,N,N,N,N,N
IFN-alphaJ;IFNA7;IFNA-J,N,N,N,N,N,N,N,N,N,N,N,N,N,N,N,N,N,N,N,N,N,N,N,N,N,N,N,N,N,N,N,N
IFNA8;IFN-alphaB,N,N,N,N,N,N,N,N,N,N,N,N,N,N,N,N,N,N,N,N,N,N,N,N,N,N,N,N,N,N,N,N
IFN-alphaC;IFNA10,N,N,N,N,N,N,N,N,N,N,N,N,N,N,N,N,N,N,N,N,N,N,N,N,N,N,N,N,N,N,N,N
IFNA13,N,N,N,N,N,N,N,N,N,N,N,N,N,N,N,N,N,N,N,N,N,N,N,N,N,N,N,N,N,N,N,N
LEIF2H;IFN-alphaH;IFNA14,N,N,N,N,N,N,N,N,N,N,N,N,N,N,N,N,N,N,N,N,N,N,N,N,N,N,N,N,N,N,N,N
IFNA16;IFN-alphaO;IFN-alpha-16,N,N,N,N,N,N,N,N,N,N,N,N,N,N,N,N,N,N,N,N,N,N,N,N,N,N,N,N,N,N,N,N
IFNA;IFN-alphaI;LEIF2C1;INFA;IFNA17,N,N,N,N,N,N,N,N,N,N,N,N,N,N,N,N,N,N,N,N,N,N,N,N,N,N,N,N,N,N,N,N
leIF-F;LeIF_F;IFN-alphaI;IFNA21,N,N,N,N,N,N,N,N,N,N,N,N,N,N,N,N,N,N,N,N,N,N,N,N,N,N,N,N,N,N,N,N
IFNB1;IFN-beta;IFF;IFB;IFNB,N,N,N,N,N,N,N,N,N,N,N,N,N,N,N,N,N,N,N,N,N,N,N,N,N,N,N,N,N,N,N,N
IFI;IFNG;IFG,N,N,N,N,N,N,N,N,N,N,N,N,N,N,N,N,N,N,N,N,N,N,N,N,N,N,N,N,N,N,N,N
JAK1A;JTK3;JAK1;JAK1B,B,B,B,B,B,B,B,B,B,N,B,B,B,B,B,B,B,B,B,B,B,B,B,B,B,B,B,B,B,B,B,B
JTK10;JAK2;THCYT3,B,B,B,B,B,B,B,B,B,N,B,B,B,B,B,B,B,B,B,B,B,B,B,B,B,B,B,B,B,B,B,B
L-JAK;JAK3_HUMAN;JAK-3;LJAK;JAK3;JAKL,B,B,B,B,B,B,B,B,B,B,B,B,B,B,B,B,B,B,B,B,B,B,B,B,B,B,B,B,B,B,B,B
TYK2;IMD35;JTK1,B,B,B,B,B,B,B,B,B,B,B,B,B,B,B,B,B,B,B,B,B,B,B,B,B,B,B,B,B,B,B,B
TRAILR4;DCR2;TRAIL-R4;CD264;TRUNDD;TNFRSF10D,N,N,N,N,N,N,N,N,N,N,N,N,N,N,N,N,N,N,N,N,N,N,N,N,N,N,N,N,N,N,N,N
CD263;TRAIL-R3;DCR1-TNFR;TRAILR3;DCR1;TRID;LIT;TNFRSF10C,N,N,N,N,N,N,N,N,N,N,N,N,N,N,N,N,N,N,N,N,N,N,N,N,N,N,N,N,N,N,N,N
DR5;TRAILR2;KILLER/DR5;TRICK2;ZTNFR9;TNFRSF10B;TRICK2A;KILLER;CD262;TRICKB;TRICK2B;TRAIL-R2,N,N,N,N,N,N,N,N,N,N,N,N,N,N,N,N,N,N,N,N,N,N,N,N,N,N,N,N,N,N,N,N
TRAILR-1;TNFRSF10A;APO2;DR4;TRAILR1;CD261,N,N,N,N,N,N,N,N,N,N,N,N,N,N,N,N,N,N,N,N,N,N,N,N,N,N,N,N,N,N,N,N
TL2;Apo-2L;APO2L;TNFSF10;CD253;TRAIL;TNLG6A,N,N,N,N,N,N,N,N,N,N,N,N,N,N,N,N,N,N,N,N,N,N,N,N,N,N,N,N,N,N,N,N
FAS1;FAS;APO-1;CD95;ALPS1A;FASTM;TNFRSF6;APT1,N,N,N,N,N,N,N,N,N,N,N,N,N,N,N,N,N,N,N,N,N,N,N,N,N,N,N,N,N,N,N,N
CD95-L;APT1LG1;ALPS1B;APTL;TNFSF6;TNLG1A;CD95L;CD178;FASL;FASLG,N,N,N,N,N,N,N,N,N,N,N,N,N,N,N,N,N,N,N,N,N,N,N,N,N,N,N,N,N,N,N,N
BIRC2;API1;c-IAP1;RNF48;cIAP1;Hiap-2;HIAP2;MIHB,A,A,A,A,A,N,A,A,A,N,A,A,A,A,A,A,A,A,A,A,A,A,A,A,N,A,N,N,N,A,A,A
HAIP1;BIRC3;API2;MALT2;MIHC;CIAP2;c-IAP2;RNF49;HIAP1;AIP1,A,A,A,A,A,N,A,A,A,N,A,A,A,A,A,A,A,A,A,A,A,A,A,A,N,A,N,A,N,A,A,A
BIRC4;XIAP;hIAP-3;XLP2;API3;IAP-3;ILP1;hIAP3;MIHA,A,A,A,A,A,N,A,A,A,N,A,A,A,N,A,A,A,A,A,A,A,A,A,A,N,A,A,N,N,A,A,A
ALPS2B;MACH;CASP8;FLICE;CAP4;Casp-8;MCH5,N,N,N,N,N,N,N,N,N,N,N,N,N,N,N,N,N,N,N,N,N,N,N,N,N,N,N,N,N,N,N,N
CASP8AP1;FLIP;c-FLIPL;c-FLIPS;c-FLIP;I-FLICE;FLAME-1;CFLAR;c-FLIPR;MRIT;FLAME1;FLAME;CASH;CLARP;Casper,N,N,N,N,N,N,N,N,N,N,N,N,N,N,N,N,N,N,N,N,N,N,N,N,N,N,N,N,N,N,N,N
BRSS;TEM;CYLD;EAC;USPL2;CYLD1;CDMT;SBS;MFT;CYLDI;MFT1,A,A,A,A,A,A,A,A,A,N,A,A,A,A,A,N,A,A,A,A,A,A,A,A,A,A,A,A,A,A,A,A
CHAK1;LTRPC7;TRPM7;LTrpC-7;ALSPDC;CHAK;TRP-PLIK,N,A,A,A,N,N,N,A,A,N,A,A,A,A,N,N,A,A,N,A,A,A,A,N,N,A,N,N,N,N,A,A
TLR3;CD283;IIAE2,N,A,N,A,A,N,N,A,A,N,A,N,N,N,N,N,N,A,N,N,A,A,A,A,N,N,N,A,N,N,N,N
RIPK1;RIP;RIP1;RIP-1,D,D,D,D,D,D,D,D,D,D,D,D,D,D,D,D,D,D,D,D,D,D,D,D,D,D,D,D,D,D,D,D
GIG3;MORT1;FADD,N,N,N,N,N,N,N,N,N,N,N,N,N,N,N,N,N,N,N,N,N,N,N,N,N,N,N,N,N,N,N,N
TNFAIP3;AISBL;TNFA1P2;OTUD7C;A20,N,A,A,N,N,N,N,A,N,N,A,N,N,A,A,A,N,N,A,A,N,N,N,N,N,N,N,N,A,N,A,A
UBXN3A;HFAF1s;hFAF1;FAF1;CGI-03;UBXD12,A,A,N,N,N,A,A,A,A,N,A,A,N,A,A,N,A,A,N,N,N,N,A,N,A,A,N,N,A,N,A,A
EIF2AK1;PRKR;PKR;EIF2AK2;PPP1R83,B,B,B,B,B,B,B,B,B,N,B,B,B,B,B,B,B,B,B,B,B,B,B,B,B,B,B,B,B,B,B,B
RIP3;RIPK3,B,B,B,B,B,B,B,B,B,N,B,B,B,B,B,B,B,B,B,B,B,B,B,B,B,B,B,B,B,B,B,B
IIAE6;TICAM-1;TRIF;PRVTIRB;TICAM1;MyD88-3,N,A,N,N,N,A,N,N,N,N,N,N,N,N,A,N,N,N,N,N,N,N,N,N,N,N,N,N,N,N,A,N
HOIL1;RNF54;UBCE7IP3;HOIL-1;RBCK2;RBCK1;PBMEI;XAP4;C20orf18;ZRANB4;XAP3;PGBM1,A,A,A,N,A,N,A,N,A,N,A,N,N,A,A,A,A,A,A,A,A,N,A,A,A,N,N,A,N,A,A,A
RNF31;Paul;HOIP;ZIBRA,A,N,A,N,A,N,A,A,A,N,A,N,N,A,A,N,N,A,A,A,A,N,A,A,N,N,N,N,N,A,A,A
SIPL1;SHARPIN,N,N,N,N,N,N,N,N,N,N,N,N,N,N,N,N,N,N,N,N,N,N,N,N,N,N,N,N,N,N,N,N
TRAM;TIRAP3;TICAM-2;TICAM2;TIRP;MyD88-4,N,A,N,N,N,A,N,N,N,N,N,N,N,N,A,N,N,N,N,N,N,N,N,N,N,N,N,N,N,N,A,N
IRF-9;ISGF3;IRF9;ISGF3G;p48,N,N,N,N,N,N,N,N,N,N,N,N,N,N,N,N,N,N,N,N,N,N,N,N,N,N,N,N,N,N,N,N
IMD31B;STAT91;IMD31A;CANDF7;IMD31C;STAT1;ISGF-3,N,N,N,N,N,N,N,N,N,N,N,N,N,N,N,N,N,N,N,N,N,N,N,N,N,N,N,N,N,N,N,N
STAT113;STAT2;IMD44;ISGF-3;P113,N,N,N,N,N,N,N,N,N,N,N,N,N,N,N,N,N,N,N,N,N,N,N,N,N,N,N,N,N,N,N,N
HIES;STAT3;APRF;ADMIO;ADMIO1,N,N,N,N,N,N,N,N,N,N,N,N,N,N,N,N,N,N,N,N,N,N,N,N,N,N,N,N,N,N,N,N
SLEB11;STAT4,N,N,N,N,N,N,N,N,N,N,N,N,N,N,N,N,N,N,N,N,N,N,N,N,N,N,N,N,N,N,N,N
STAT5;MGF;STAT5A,N,N,N,N,N,N,N,N,N,N,N,N,N,N,N,N,N,N,N,N,N,N,N,N,N,N,N,N,N,N,N,N
STAT5;STAT5B,N,N,N,N,N,N,N,N,N,N,N,N,N,N,N,N,N,N,N,N,N,N,N,N,N,N,N,N,N,N,N,N
D12S1644;IL-4-STAT;STAT6;STAT6B;STAT6C,N,N,N,N,N,N,N,N,N,N,N,N,N,N,N,N,N,N,N,N,N,N,N,N,N,N,N,N,N,N,N,N
DVS27;IL33;NF-HEV;NFEHEV;C9orf26;IL1F11,N,N,N,N,N,N,N,N,N,N,N,N,N,N,N,N,N,N,N,N,N,N,N,N,N,N,N,N,N,N,N,N
IL1;IL1-ALPHA;IL1A;IL-1A;IL1F1,N,N,N,N,N,N,N,N,N,N,N,N,N,N,N,N,N,N,N,N,N,N,N,N,N,N,N,N,N,N,N,N
HMG3;HMGB1;SBP-1;HMG-1;HMG1,A,A,A,A,A,A,A,A,A,N,A,A,A,A,A,A,A,A,A,A,A,A,A,A,A,A,A,A,A,A,A,A
HEL-S-65p;HSPCAL1;HSP89A;HSP90A;Hsp103;Hsp90;HSP90AA1;HSPCAL4;LAP-2;HSP90N;LAP2;HSPC1;Hsp89;HSPCA;EL52;HSPN;HSP86,B,N,B,B,B,B,B,N,B,N,B,N,B,B,N,N,N,N,B,B,N,N,B,B,N,B,N,N,N,B,B,B
HSP90B;HSPCB;D6S182;HSP90AB1;HSP84;HSPC2,B,N,B,B,B,B,B,N,B,N,B,N,B,B,N,N,N,N,B,B,N,N,B,B,N,B,N,N,N,B,B,B
DLM1;DLM-1;C20orf183;DAI;ZBP1,N,N,N,N,N,N,N,N,N,N,N,N,N,N,N,N,N,N,N,N,N,N,N,N,N,N,N,N,N,N,N,N
C16orf76;tamo;SPATA2L,N,N,N,N,N,N,N,N,N,N,N,N,N,N,N,N,N,N,N,N,N,N,N,N,N,N,N,N,N,N,N,N
PPP1R145;PD1;tamo;SPATA2,N,N,N,N,N,N,N,N,N,N,N,N,N,N,N,N,N,N,N,N,N,N,N,N,N,N,N,N,N,N,N,N
USP16;USP23;USP21,B,B,B,B,B,B,B,B,B,N,B,B,B,B,B,B,B,B,B,B,B,B,B,B,B,B,B,B,B,B,B,B
PYGB;GPBB,N,N,N,N,N,N,N,N,N,N,N,N,N,N,N,N,N,N,N,N,N,N,N,N,N,N,N,N,N,N,N,N
GSD6;PYGL,N,N,N,N,N,N,N,N,N,N,N,N,N,N,N,N,N,N,N,N,N,N,N,N,N,N,N,N,N,N,N,N
PYGM,N,N,N,N,N,N,N,N,N,N,N,N,N,N,N,N,N,N,N,N,N,N,N,N,N,N,N,N,N,N,N,N
PIG59;PIG43;GLNS;GS;GLUL,N,N,N,N,N,N,N,N,N,N,N,N,N,N,N,N,N,N,N,N,N,N,N,N,N,N,N,N,N,N,N,N
GDH1;GLUD;GDH;GLUD1,N,N,N,N,N,N,N,N,N,N,N,N,N,N,N,N,N,N,N,N,N,N,N,N,N,N,N,N,N,N,N,N
GLUDP1;GDH2;GLUD2,N,N,N,N,N,N,N,N,N,N,N,N,N,N,N,N,N,N,N,N,N,N,N,N,N,N,N,N,N,N,N,N
ANT1;ANT_1;ANT;AAC1;SLC25A4;MTDPS12A;PEO3;T1;PEO2;PEOA2;MTDPS12,A,A,A,N,A,A,A,A,A,N,A,A,A,A,A,A,A,A,A,A,A,A,A,A,A,A,A,A,A,A,A,A
T2;2F1;SLC25A5;T3;ANT2;AAC2,A,A,A,N,A,A,A,A,A,N,A,A,A,A,A,A,A,A,A,A,A,A,A,A,A,A,A,A,A,A,A,A
ANT3;ANT3Y;ANT;ANT_2;ANT_3;SLC25A6;AAC3,A,A,A,N,A,A,A,A,A,N,A,A,A,A,A,A,A,A,A,A,A,A,A,A,A,A,A,A,A,A,A,A
SFEC35kDa;SLC25A31;AAC4;ANT_4;ANT4,A,A,A,N,A,A,A,A,A,N,A,A,A,A,A,A,A,A,A,A,A,A,A,A,A,A,A,A,A,A,A,A
ASM;NPD;SMPD1;ASMASE,N,N,N,N,N,N,N,N,N,N,N,N,N,N,N,N,N,N,N,N,N,N,N,N,N,N,N,N,N,N,N,N
PGAM5;BXLBV68,N,N,N,N,N,N,N,N,N,N,N,N,N,N,N,N,N,N,N,N,N,N,N,N,N,N,N,N,N,N,N,N
DLP1;DRP1;DNM1L;DYMPLE;OPA5;EMPF;HDYNIV;DVLP;EMPF1,A,A,A,A,A,A,A,A,A,N,A,N,A,A,A,N,A,A,A,A,A,A,A,A,A,A,A,A,N,N,A,N
PYPAF1;FCAS;FCAS1;NLRP3;MWS;AVP;AII;C1orf7;CIAS1;CLR1.1;FCU;AGTAVPRL;NALP3,A,A,A,N,A,N,N,N,A,N,N,A,N,N,A,A,N,N,A,N,N,N,A,A,N,N,N,N,N,N,N,N
IL1-BETA;IL1B;IL1F2;IL-1,N,N,N,N,N,N,N,N,N,N,N,N,N,N,N,N,N,N,N,N,N,N,N,N,N,N,N,N,N,N,N,N
TMS1;TMS-1;PYCARD;TMS;ASC;CARD5,N,N,N,N,N,N,N,N,N,N,N,N,N,N,N,N,N,N,N,N,N,N,N,N,N,N,N,N,N,N,N,N
CASP1;IL1BC;ICE;P45,N,N,N,N,N,N,N,N,N,N,N,N,N,N,N,N,N,N,N,N,N,N,N,N,N,N,N,N,N,N,N,N
JNK21B1/2;JNK;SAPK1c;PRKM8;JNK1A2;MAPK8;SAPK1;JNK1;JNK-46,D,D,D,D,D,D,D,D,D,D,D,D,D,D,D,D,D,D,D,D,D,D,D,D,D,D,D,D,D,D,D,D
JNK2BETA;SAPK;JNK2A;JNK2;JNK2B;p54a;MAPK9;JNK-55;SAPK1a;p54aSAPK;PRKM9;JNK2ALPHA,D,D,D,D,D,D,D,D,D,D,D,D,D,D,D,D,D,D,D,D,D,D,D,D,D,D,D,D,D,D,D,D
SAPK1b;PRKM10;JNK3A;p493F12;p54bSAPK;MAPK10;JNK3,D,D,D,D,D,D,D,D,D,D,D,D,D,D,D,D,D,D,D,D,D,D,D,D,D,D,D,D,D,D,D,D
PIG15;PLIF;FTH1;HFE5;FHC;FTHL6;FTH,N,N,N,N,N,N,N,N,N,N,N,N,N,N,N,N,N,N,N,N,N,N,N,N,N,N,N,N,N,N,N,N
NBIA3;FTL;LFTD,N,N,N,N,N,N,N,N,N,N,N,N,N,N,N,N,N,N,N,N,N,N,N,N,N,N,N,N,N,N,N,N
CANP1;muCANP;CANPL1;SPG76;muCL;CAPN1;CANP,N,A,A,N,A,N,N,A,A,N,A,A,A,A,A,A,A,N,A,A,A,A,A,A,N,A,N,N,A,N,A,A
mCANP;CANPml;CANP2;CANPL2;CAPN2,N,A,A,N,A,N,N,A,A,N,A,A,A,A,A,A,A,N,A,A,A,A,A,A,N,A,N,N,A,N,A,A
BID;FP497,N,N,N,N,N,N,N,N,N,N,N,N,N,N,N,N,N,N,N,N,N,N,N,N,N,N,N,N,N,N,N,N
TH2A;HIST1H2AA;bA317E16.2;H2AFR;H2AA,A,A,A,A,A,A,A,A,A,A,A,A,A,A,A,A,A,A,A,A,A,A,A,A,A,A,A,A,A,A,A,A
H2A.2;H2A/a;H2A.1;H2AFA;HIST1H2AE,A,A,A,A,A,A,A,A,A,A,A,A,A,A,A,A,A,A,A,A,A,A,A,A,A,A,A,A,A,A,A,A
HIST1H2AD;H2AFG;H2A/g;H2A.3,A,A,A,A,A,A,A,A,A,A,A,A,A,A,A,A,A,A,A,A,A,A,A,A,A,A,A,A,A,A,A,A
H2AX;H2AFX;H2A.X;H2A/X,A,A,A,A,A,A,A,A,A,A,A,A,A,A,A,A,A,A,A,A,A,A,A,A,A,A,A,A,A,A,A,A
H2A/z;H2A.Z-1;H2AZ;H2AFZ;H2A.z,A,A,A,A,A,A,A,A,A,A,A,A,A,A,A,A,A,A,A,A,A,A,A,A,A,A,A,A,A,A,A,A
HIST2H2AB;H2AB,A,A,A,A,A,A,A,A,A,A,A,A,A,A,A,A,A,A,A,A,A,A,A,A,A,A,A,A,A,A,A,A
H2AFB2;H2A.Bbd,A,A,A,A,A,A,A,A,A,A,A,A,A,A,A,A,A,A,A,A,A,A,A,A,A,A,A,A,A,A,A,A
H2AFB1;H2A.B;H2A.Bbd,A,A,A,A,A,A,A,A,A,A,A,A,A,A,A,A,A,A,A,A,A,A,A,A,A,A,A,A,A,A,A,A
H2AFY2;macroH2A2,A,A,A,A,A,A,A,A,A,A,A,A,A,A,A,A,A,A,A,A,A,A,A,A,A,A,A,A,A,A,A,A
H2AFJ;H2AJ,A,A,A,A,A,A,A,A,A,A,A,A,A,A,A,A,A,A,A,A,A,A,A,A,A,A,A,A,A,A,A,A
H2A/R;HIST2H2AA4,A,A,A,A,A,A,A,A,A,A,A,A,A,A,A,A,A,A,A,A,A,A,A,A,A,A,A,A,A,A,A,A
H2A/c;H2AFC;HIST1H2AI,A,A,A,A,A,A,A,A,A,A,A,A,A,A,A,A,A,A,A,A,A,A,A,A,A,A,A,A,A,A,A,A
H2A/d;HIST1H2AK;H2AFD,A,A,A,A,A,A,A,A,A,A,A,A,A,A,A,A,A,A,A,A,A,A,A,A,A,A,A,A,A,A,A,A
dJ160A22.4;H2AFE;H2A/E;HIST1H2AJ,A,A,A,A,A,A,A,A,A,A,A,A,A,A,A,A,A,A,A,A,A,A,A,A,A,A,A,A,A,A,A,A
H2AFI;H2A.i;dJ193B12.9;HIST1H2AL;H2A/i,A,A,A,A,A,A,A,A,A,A,A,A,A,A,A,A,A,A,A,A,A,A,A,A,A,A,A,A,A,A,A,A
H2A/l;HIST1H2AC;H2AFL;dJ221C16.4,A,A,A,A,A,A,A,A,A,A,A,A,A,A,A,A,A,A,A,A,A,A,A,A,A,A,A,A,A,A,A,A
HIST1H2AB;H2AFM;H2A/m,A,A,A,A,A,A,A,A,A,A,A,A,A,A,A,A,A,A,A,A,A,A,A,A,A,A,A,A,A,A,A,A
HIST1H2AM;H2A/n;H2AFN;H2A.1;dJ193B12.1,A,A,A,A,A,A,A,A,A,A,A,A,A,A,A,A,A,A,A,A,A,A,A,A,A,A,A,A,A,A,A,A
HIST2H2AA3;HIST2H2AA;H2AFO;H2A.2;H2A/q;H2a-615;H2A;H2A/O,A,A,A,A,A,A,A,A,A,A,A,A,A,A,A,A,A,A,A,A,A,A,A,A,A,A,A,A,A,A,A,A
HIST2H2AC;H2A/q;H2A;H2A-GL101;H2AFQ,A,A,A,A,A,A,A,A,A,A,A,A,A,A,A,A,A,A,A,A,A,A,A,A,A,A,A,A,A,A,A,A
H2ABBD;H2AFB;H2AFB3,A,A,A,A,A,A,A,A,A,A,A,A,A,A,A,A,A,A,A,A,A,A,A,A,A,A,A,A,A,A,A,A
H2AH;H2A/S;H2AFALii;HIST1H2AH;dJ86C11.1,A,A,A,A,A,A,A,A,A,A,A,A,A,A,A,A,A,A,A,A,A,A,A,A,A,A,A,A,A,A,A,A
H2A.1b;pH2A/f;H2A/p;H2AFP;H2AG;HIST1H2AG,A,A,A,A,A,A,A,A,A,A,A,A,A,A,A,A,A,A,A,A,A,A,A,A,A,A,A,A,A,A,A,A
HIST3H2A,A,A,A,A,A,A,A,A,A,A,A,A,A,A,A,A,A,A,A,A,A,A,A,A,A,A,A,A,A,A,A,A
H2AFV;H2A.Z-2;H2AV,A,A,A,A,A,A,A,A,A,A,A,A,A,A,A,A,A,A,A,A,A,A,A,A,A,A,A,A,A,A,A,A
MACROH2A1.1;H2A/y;H2A.y;H2AF12M;H2AFY;mH2A1;macroH2A1.2,D,D,D,D,D,D,D,D,D,D,D,D,D,D,D,D,D,D,D,D,D,D,D,D,D,D,D,D,D,D,D,D
AIF;PDCD8;DFNX5;NADMR;CMTX4;AIFM1;NAMSD;COWCK;CMT2D;COXPD6,N,N,N,N,N,N,N,N,N,N,N,N,N,N,N,N,N,N,N,N,N,N,N,N,N,N,N,N,N,N,N,N
BAX;BCL2L4,N,N,N,N,N,N,N,N,N,N,N,N,N,N,N,N,N,N,N,N,N,N,N,N,N,N,N,N,N,N,N,N
ADPRTL2;PARP-2;PARP2;pADPRT-2;ARTD2;ADPRT2;ADPRTL3,A,A,A,N,N,N,N,A,A,N,A,N,A,N,N,N,N,N,N,N,A,A,N,N,N,A,A,N,N,N,A,A
ADPRTL2;PARP3;IRT1;PADPRT-3;ARTD3;ADPRT3;ADPRTL3,A,A,A,N,N,N,N,A,A,N,A,N,A,N,N,N,N,N,N,N,A,A,N,N,N,A,A,N,N,N,A,A
PARP1;PARP-1;ADPRT;PPOL;PARP;ARTD1;ADPRT_1;pADPRT-1;ADPRT1,A,A,A,N,N,N,N,A,A,N,A,N,A,N,N,N,N,N,N,N,A,A,N,N,N,A,A,N,N,N,A,A
PARPL;PARP4;VPARP;ARTD4;ADPRTL1;VAULT3;PARP-4;p193;VWA5C;PH5P,A,A,A,N,N,N,N,A,A,N,A,N,A,A,N,N,N,A,N,N,A,N,N,N,N,A,A,A,N,N,A,A
Bcl-2;PPP1R50;BCL2,N,N,N,N,N,N,N,N,N,N,N,N,N,N,N,N,N,N,N,N,N,N,N,N,N,N,N,N,N,N,N,N
PPIA;CYPA;CYPH;HEL-S-69p,D,D,D,D,D,D,D,D,D,N,D,D,D,D,D,D,D,D,D,D,D,D,D,D,D,D,D,D,D,D,D,D
PLA2G4B;HsT16992;cPLA2-beta,A,A,A,N,A,A,A,A,A,N,A,N,A,A,A,A,A,A,A,A,A,A,A,A,A,A,A,A,A,A,A,A
PLA2G4E,A,A,A,N,A,N,N,A,A,N,A,N,A,A,A,A,A,A,A,N,A,A,A,A,A,N,A,A,N,A,A,A
PLA2G4F;PLA2G4FZ,A,A,A,N,A,A,A,A,A,N,A,N,A,A,A,A,A,A,A,A,A,A,A,A,A,N,A,A,A,A,A,A
PLA2G4D;cPLA2delta,A,A,A,N,A,A,N,A,A,N,A,N,A,A,A,A,A,A,A,A,A,A,A,A,A,A,A,A,A,A,A,A
cPLA2;cPLA2-alpha;PLA2G4A;PLA2G4,A,A,A,N,A,A,N,A,A,N,A,N,A,A,A,A,A,A,A,A,A,A,A,A,A,N,A,A,A,A,A,A
CPLA2-gamma;PLA2G4C,N,N,N,N,N,N,N,N,N,N,N,N,N,N,N,N,N,N,N,N,N,N,N,N,N,N,N,N,N,N,N,N
HsT16992;cPLA2-beta;JMJD7-PLA2G4B,A,A,A,N,A,A,A,A,A,N,A,N,A,A,A,A,A,A,A,A,A,A,A,A,A,A,A,A,A,A,A,A
CAMK2A;CAMKA,B,B,B,B,B,B,B,B,B,B,B,B,B,B,B,B,B,B,B,B,B,B,B,B,B,B,B,B,B,B,B,B
CAM2;CAMK2;CAMKB;CAMK2B,B,B,B,B,B,B,B,B,B,B,B,B,B,B,B,B,B,B,B,B,B,B,B,B,B,B,B,B,B,B,B,B
CAMKD;CAMK2D,B,B,B,B,B,B,B,B,B,B,B,B,B,B,B,B,B,B,B,B,B,B,B,B,B,B,B,B,B,B,B,B
CAMK;CAMKG;CAMK-II;CAMK2G,B,B,B,B,B,B,B,B,B,B,B,B,B,B,B,B,B,B,B,B,B,B,B,B,B,B,B,B,B,B,B,B
NOX2;CYBB;GP91PHOX;AMCBX2;GP91-PHOX;CGD;p91-PHOX;IMD34;GP91-1,A,A,N,N,N,A,A,A,A,N,A,A,N,A,N,N,A,N,A,N,A,N,A,A,N,N,N,A,N,N,A,N
RNF103-VPS24;RNF103-CHMP3,A,A,A,N,A,A,A,A,A,N,A,A,A,A,A,A,A,A,A,A,A,A,A,A,A,N,A,A,A,A,A,A
CTRCT31;C20orf178;Shax1;dJ553F4.4;CTPP3;CHMP4B;CHMP4A;SNF7-2;SNF7;VPS32B;Vps32-2,A,A,N,N,N,A,N,A,A,N,N,A,N,N,N,N,A,N,A,A,N,N,A,A,N,N,N,A,A,N,N,A
CHMP2.5;ALS17;VPS2B;VPS2-2;CHMP2B;DMT1,A,A,N,N,A,A,N,A,A,N,A,N,A,A,A,N,A,N,N,A,A,A,N,N,A,N,N,A,N,A,A,A
VPS4A;SKD1A;VPS4-1;SKD2;SKD1;VPS4,D,D,D,D,D,D,D,D,D,D,D,D,D,D,D,D,D,D,D,D,D,D,D,D,D,D,D,D,D,D,D,D
VPS2A;CHMP2;CHMP2A;BC2;BC-2;VPS2,A,A,N,N,A,A,N,A,A,N,A,N,A,A,A,N,A,N,N,A,A,A,N,N,A,N,N,A,N,A,A,A
VPS32A;C14orf123;SHAX2;HSPC134;SNF7-1;CHMP4B;CHMP4A;CHMP4;SNF7;VPS32-1,A,A,N,N,N,A,N,A,A,N,N,A,N,N,N,N,A,N,A,A,N,N,A,A,N,N,N,A,A,N,N,A
PRSM1;CHMP1A;VPS46-1;PCOLN3;VPS46A;PCH8;CHMP1,A,A,N,N,A,A,N,N,A,N,A,N,A,A,A,N,N,N,N,A,A,A,N,N,A,N,N,A,N,A,A,A
CGI-34;SNF7DC2;PNAS-2;C9orf83;Vps60;HSPC177;CHMP5,A,A,N,N,N,A,N,A,A,N,N,A,N,N,N,N,A,N,A,A,N,N,A,A,N,N,N,A,A,N,N,A
NEDF;CGI-149;VPS24;CHMP3,A,A,N,N,A,A,N,A,A,N,A,N,A,A,A,N,A,N,N,A,A,A,N,N,A,N,N,A,N,A,A,A
C10orf2;CHMP1B;C18orf2;Vps46B;Vps46-2;hVps46-2;CHMP1.5;C18-ORF2,A,A,N,N,A,A,N,A,A,N,A,N,A,A,A,N,A,N,N,A,A,A,N,N,A,N,N,A,N,A,A,A
CHMP6;VPS20,A,A,N,N,N,A,N,A,A,N,N,A,N,N,N,N,A,N,A,A,N,N,A,A,N,N,N,A,A,N,N,A
CHMP7,A,A,N,N,N,A,N,A,A,N,N,A,N,N,N,N,A,N,A,A,N,N,A,A,N,N,N,A,A,N,N,A
VPS32C;SNF7-3;CHMP4C;Shax3,A,A,N,N,N,A,N,A,A,N,N,A,N,N,N,N,A,N,A,A,N,N,A,A,N,N,N,A,A,N,N,A
VPS4B;VPS4-2;MIG1;SKD1;SKD1B,D,D,D,D,D,D,D,D,D,D,D,D,D,D,D,D,D,D,D,D,D,D,D,D,D,D,D,D,D,D,D,D
ZIP3;FTDALS3;A170;DMRV;OSIL;SQSTM1;p62;p60;p62B;PDB3;NADGP,A,N,N,N,N,N,N,N,N,N,A,N,N,N,N,N,N,N,N,A,N,N,A,N,N,N,N,N,N,N,A,N
LOG15;12-LOX;15-LOX;ALOX15;15-LOX-1,A,A,N,N,N,N,N,A,A,N,A,A,N,A,N,N,A,N,N,N,A,A,A,N,N,A,N,N,N,N,A,A
VDAC1;PORIN;VDAC-1,N,A,N,N,N,N,N,N,A,N,N,A,N,N,N,N,N,N,N,N,N,N,N,N,N,N,N,N,N,N,A,N
POR;VDAC2,N,A,N,N,N,N,N,N,A,N,N,A,N,N,N,N,N,N,N,N,N,N,N,N,N,N,N,N,N,N,A,N
HD-VDAC3;VDAC3;VDAC-3,N,A,N,N,N,N,N,N,A,N,N,A,N,N,N,N,N,N,N,N,N,N,N,N,N,N,N,N,N,N,A,N
PPID;CYPD;CYP-40,D,D,D,D,D,D,D,D,D,N,D,D,D,D,D,D,D,D,D,D,D,D,D,D,D,D,D,D,D,D,D,D
