PSS2;PTDSS2,A,N,A,N,A,N,N,N,A,N,N,A,N,N,A,N,A,N,N,N,A,N,N,N,N,A,N,N,N,N,A,N
PTDSS1;PSS1;PSSA;LMHD,A,N,A,N,A,N,N,N,A,N,N,A,N,N,A,N,A,N,N,N,A,N,N,N,N,A,N,N,N,N,A,N
DAPAT;DAP-AT;GNPAT;RCDP2;DHAPAT,N,N,N,N,N,N,N,N,N,N,N,N,N,N,N,N,N,N,N,N,N,N,N,N,N,N,N,N,N,N,N,N
LPCAT;LPCAT3;nessy;LPLAT_5;OACT5;MBOAT5;C3F;LPSAT,A,N,N,N,N,N,N,N,A,N,A,N,N,N,N,N,A,N,A,N,N,N,N,N,N,A,N,N,A,A,A,N
LPCAT4;AGPAT7;LPEAT2;AYTL3;LPAAT-eta,N,A,A,A,N,A,N,A,A,N,A,N,N,N,N,N,A,N,A,N,A,N,A,N,N,N,N,N,N,A,A,A
AGPAT11;LPCAT2;AYTL1;LysoPAFAT,B,B,B,B,B,B,N,B,B,N,B,B,B,B,B,B,B,B,B,B,B,B,B,B,N,B,B,N,B,B,B,B
LPCAT-1;AYTL2;PFAAP3;AGPAT9;AGPAT10;lysoPAFAT;lpcat;LPCAT1,N,A,A,A,N,A,N,A,A,N,A,N,N,N,N,N,A,N,A,N,A,N,A,N,N,N,N,N,N,A,A,A
CEPT1,A,A,A,N,A,A,N,N,A,N,A,N,A,N,A,N,A,A,N,A,A,N,A,A,A,A,A,N,A,A,A,N
CHPT1;CPT;CPT1,A,A,A,N,A,A,N,N,A,N,A,N,A,N,A,N,A,A,N,A,A,N,A,A,A,A,A,N,A,A,A,N
SMDCRD;CT;CCTA;PCYT1;CTPCT;PCYT1A;CTA,B,N,N,N,B,N,B,B,B,N,N,N,B,N,N,N,B,N,N,N,B,N,N,B,N,B,B,N,B,B,B,N
CTB;PCYT1B;CCTB,B,N,N,N,B,N,B,B,B,N,N,N,B,N,N,N,B,N,N,N,B,N,N,B,N,B,B,N,B,B,B,N
CHKA;CKI;EK;CK;CHK,N,A,N,A,N,N,N,N,A,N,A,A,N,A,N,N,N,N,A,N,N,N,N,A,N,A,N,N,N,N,A,N
MDCMC;CHKB;CKEKB;CHKL;EKB;EK;CHETK;CKB;CK,N,A,N,A,N,N,N,N,A,N,A,A,N,A,N,N,N,N,A,N,N,N,N,A,N,A,N,N,N,N,A,N
YT;ACEE;N-ACHE;ACHE;ARACHE,A,A,N,N,N,N,N,A,A,N,A,N,A,A,N,N,A,N,N,A,N,A,A,N,N,A,N,N,A,A,A,A
CHAT;CMS6;CHOACTASE;CMS1A;CMS1A2,N,N,A,N,A,N,N,N,N,N,A,A,N,N,N,N,N,A,N,N,N,N,N,N,A,A,N,N,A,N,A,N
PCYT2;ET,B,N,N,N,B,N,B,B,B,N,N,N,B,N,N,N,B,N,N,N,B,N,N,B,N,B,B,N,B,B,B,N
EKI2;HMFT1716;ETNK2,N,A,N,A,N,N,N,N,A,N,A,A,N,A,N,N,N,N,A,N,N,N,N,A,N,A,N,N,N,N,A,N
EKI;ETNK1;EKI_1;Nbla10396;EKI1,N,A,N,A,N,N,N,N,A,N,A,A,N,A,N,N,N,N,A,N,N,N,N,A,N,A,N,N,N,N,A,N
AdPLA;H-REV107;H-REV107-1;HRSL3;HREV107-1;HRASLS3;HREV107;HREV107-3;PLA2G16,A,N,N,N,N,N,A,N,A,N,N,A,N,N,N,N,N,N,N,N,A,N,N,N,N,N,N,N,N,N,A,N
PLA2G4B;HsT16992;cPLA2-beta,A,A,A,N,A,A,A,A,A,N,A,N,A,A,A,A,A,A,A,A,A,A,A,A,A,A,A,A,A,A,A,A
PLA2G4E,A,A,A,N,A,N,N,A,A,N,A,N,A,A,A,A,A,A,A,N,A,A,A,A,A,N,A,A,N,A,A,A
PLB/LIP;PLB1;PLB,N,N,N,N,N,N,N,N,N,N,N,N,N,N,N,N,N,N,N,N,N,N,N,N,N,N,N,N,N,N,N,N
PLA2G4F;PLA2G4FZ,A,A,A,N,A,A,A,A,A,N,A,N,A,A,A,A,A,A,A,A,A,A,A,A,A,N,A,A,A,A,A,A
PLA2G2D;sPLA2S;PLA2IID;sPLA2-IID;SPLASH,N,N,N,N,N,N,N,N,N,N,N,N,N,N,N,N,N,N,N,N,N,N,N,N,N,N,N,N,N,N,N,N
PLA2G4D;cPLA2delta,A,A,A,N,A,A,N,A,A,N,A,N,A,A,A,A,A,A,A,A,A,A,A,A,A,A,A,A,A,A,A,A
PLA2G2E;GIIE_sPLA2;sPLA2-IIE,N,N,N,N,N,N,N,N,N,N,N,N,N,N,N,N,N,N,N,N,N,N,N,N,N,N,N,N,N,N,N,N
PLA2G2C,N,N,N,N,N,N,N,N,N,N,N,N,N,N,N,N,N,N,N,N,N,N,N,N,N,N,N,N,N,N,N,N
SPLA2III;GIII-SPLA2;PLA2G3;sPLA2-III,N,N,N,N,N,N,N,N,N,N,N,N,N,N,N,N,N,N,N,N,N,N,N,N,N,N,N,N,N,N,N,N
PLA2;PLA2G1B;PLA2A;PPLA2,N,N,N,N,N,N,N,N,N,N,N,N,N,N,N,N,N,N,N,N,N,N,N,N,N,N,N,N,N,N,N,N
PLA2L;PLA2S;MOM1;PLA2;PLA2G2A;sPLA2;PLA2B;PLAS1,N,N,N,N,N,N,N,N,N,N,N,N,N,N,N,N,N,N,N,N,N,N,N,N,N,N,N,N,N,N,N,N
cPLA2;cPLA2-alpha;PLA2G4A;PLA2G4,A,A,A,N,A,A,N,A,A,N,A,N,A,A,A,A,A,A,A,A,A,A,A,A,A,N,A,A,A,A,A,A
hVPLA(2);PLA2G5;FRFB;GV-PLA2;PLA2-10,N,N,N,N,N,N,N,N,N,N,N,N,N,N,N,N,N,N,N,N,N,N,N,N,N,N,N,N,N,N,N,N
PLA2G2F,N,N,N,N,N,N,N,N,N,N,N,N,N,N,N,N,N,N,N,N,N,N,N,N,N,N,N,N,N,N,N,N
PLA2G12;PLA2G12A;GXII;ROSSY,A,N,N,N,N,N,N,N,A,N,N,A,N,N,N,N,N,N,N,N,A,N,N,N,A,N,N,N,N,N,A,A
PLA2G6;PLA2;INAD1;iPLA2;CaI-PLA2;iPLA2beta;NBIA2B;GVI;PNPLA9;NBIA2A;NBIA2;PARK14;IPLA2-VIA,A,A,A,A,A,A,N,A,A,N,A,A,A,A,N,A,A,A,A,A,A,A,A,A,N,A,A,A,A,N,A,A
SPLA2;GXPLA2;sPLA2-X;GXSPLA2;PLA2G10,N,N,N,N,N,N,N,N,N,N,N,N,N,N,N,N,N,N,N,N,N,N,N,N,N,N,N,N,N,N,N,N
GXIIB;sPLA2-GXIIB;PLA2G13;FKSG71;PLA2G12B;GXIIIsPLA2,A,N,N,N,N,N,N,N,A,N,N,A,N,N,N,N,N,N,N,N,A,N,N,N,A,N,N,N,N,N,A,A
CPLA2-gamma;PLA2G4C,N,N,N,N,N,N,N,N,N,N,N,N,N,N,N,N,N,N,N,N,N,N,N,N,N,N,N,N,N,N,N,N
HsT16992;cPLA2-beta;JMJD7-PLA2G4B,A,A,A,N,A,A,A,A,A,N,A,N,A,A,A,A,A,A,A,A,A,A,A,A,A,A,A,A,A,A,A,A
DGKK,A,A,N,N,N,A,A,A,A,N,A,N,N,N,N,A,A,N,N,A,A,A,A,N,N,N,A,A,N,A,A,N
DAGK1;DGK-alpha;DAGK;DGKA,A,N,N,N,N,A,N,A,A,N,A,N,N,N,N,A,A,N,N,A,A,A,A,N,N,N,N,N,N,N,A,N
DAGK2;DGK;DGK-BETA;DGKB,A,N,N,N,N,A,N,A,A,N,A,N,N,N,N,A,A,N,N,A,A,A,A,N,N,N,N,N,N,N,A,N
DAGK3;DGK-GAMMA;DGKG,A,N,N,N,N,A,N,A,A,N,A,N,N,N,N,A,A,N,N,A,A,A,A,N,N,N,N,N,N,N,A,N
DGKH;DGKeta,A,A,A,A,N,A,N,A,A,N,A,A,N,A,N,A,A,N,A,A,A,A,A,N,N,A,N,N,N,N,A,N
DGKQ;DAGK4;DAGK7;DAGK,A,N,N,N,N,A,N,A,A,N,A,N,N,N,N,A,A,N,N,A,A,A,A,N,N,N,N,N,N,N,A,N
DAGK5;DGKZ;DAGK6;hDGKzeta;DGK-ZETA,A,N,N,N,N,A,N,A,A,N,A,N,N,N,N,A,A,N,N,A,A,A,A,N,N,N,N,N,N,N,A,N
NPHS7;DGKE;DAGK5;DAGK6;DGK;AHUS7,A,N,N,N,N,A,N,A,A,N,A,N,N,N,N,A,A,N,N,A,A,A,A,N,N,N,N,N,N,N,A,N
dgkd-2;DGKD;DGKdelta,A,A,A,A,N,A,N,A,A,N,A,A,N,A,N,A,A,N,A,A,A,A,A,A,N,A,N,N,N,N,A,N
DGK-IOTA;DGKI,A,N,N,N,N,A,N,A,A,N,A,N,N,N,N,A,A,N,N,A,A,A,A,N,N,N,N,N,N,N,A,N
PLPP4;DPPL2;PPAPDC1;PPAPDC1A,B,B,N,N,B,B,N,N,N,N,B,B,N,N,N,N,N,B,B,N,N,N,N,B,N,B,N,N,N,N,B,N
LPIN1;PAP1,N,A,A,N,A,A,A,A,A,N,A,N,N,N,A,A,N,A,N,N,A,A,A,A,A,A,A,N,N,N,A,A
LIPN3L;LPIN3;SMP2,N,A,A,N,A,A,A,A,A,N,A,N,N,N,A,A,N,A,N,N,A,A,A,A,A,A,A,N,N,N,A,A
PPAPDC1B;DPPL1;HTPAP;PLPP5,B,B,N,N,B,B,N,N,N,N,B,B,N,N,N,N,N,B,B,N,N,N,N,B,N,B,N,N,N,N,B,N
PPAP2A;LPP1;PLPP1;PAP-2a;LLP1a;PAP2,B,B,N,N,B,B,N,N,N,N,B,B,N,N,N,N,N,B,B,N,N,N,N,B,N,B,N,N,N,N,B,N
PPAP2C;LPP2;PAP-2c;PLPP2;PAP2-g,B,B,N,N,B,B,N,N,N,N,B,B,N,N,N,N,N,B,B,N,N,N,N,B,N,B,N,N,N,N,B,N
PPAP2B;VCIP;Dri42;PLPP3;PAP2B;LPP3,B,B,N,N,B,B,N,N,N,N,B,B,N,N,N,N,N,B,B,N,N,N,N,B,N,B,N,N,N,N,B,N
LPIN2,N,A,A,N,A,A,A,A,A,N,A,N,N,N,A,A,N,A,N,N,A,A,A,A,A,A,A,N,N,N,A,A
PLD4;C14orf175,N,N,N,N,N,N,N,N,N,N,N,N,N,N,N,N,N,N,N,N,N,N,N,N,N,N,N,N,N,N,N,N
HUK4;AD19;HU-K4;PLD3,N,N,N,N,N,N,N,N,N,N,N,N,N,N,N,N,N,N,N,N,N,N,N,N,N,N,N,N,N,N,N,N
PLD1;CVDD,B,N,N,N,N,N,B,N,B,N,B,B,B,B,N,N,B,N,N,B,B,B,B,N,N,B,N,N,N,N,B,N
PLD1C;PLD2,B,N,N,N,N,N,B,N,B,N,B,B,B,B,N,N,B,N,N,B,B,B,B,N,N,B,N,N,N,N,B,N
1-AGPAT1;G15;AGPAT1;LPAAT-alpha;LPAATA,N,N,N,N,N,N,A,N,A,N,A,N,N,A,N,N,N,N,N,A,N,N,N,N,N,A,N,N,N,N,A,N
BSCL1;AGPAT2;BSCL;LPAAT-beta;1-AGPAT2;LPAAB,N,N,N,N,N,N,A,N,A,N,A,N,N,A,N,N,N,N,N,A,N,N,N,N,N,A,N,N,N,N,A,N
MBOAT2;LPCAT4;OACT2;LPAAT;LPEAT;LPLAT_2,A,N,N,N,N,N,N,N,A,N,A,N,N,N,N,N,A,N,A,N,N,N,N,N,N,A,N,N,A,A,A,N
dJ434O11.1;LPLAT;LPLAT_1;MBOAT1;OACT1;LPEAT1;LPSAT,A,N,N,N,N,N,N,N,A,N,A,N,N,N,N,N,A,N,A,N,N,N,N,N,N,A,N,N,A,A,A,N
HSRG1849;UNQ1849;LCLAT1;1AGPAT8;ALCAT1;AGPAT8;LYCAT,N,A,A,N,N,N,A,N,A,N,A,A,N,A,N,N,N,N,N,A,N,N,N,A,N,A,N,N,N,N,A,N
1AGPAT5;LPAATE;AGPAT5,N,A,A,N,N,N,A,N,A,N,A,A,N,A,N,N,N,N,N,A,N,N,N,A,N,A,N,N,N,N,A,N
LPAAT3;AGPAT3;LPAAT-GAMMA1,N,A,A,N,N,N,A,N,A,N,A,A,N,A,N,N,N,N,N,A,N,N,N,A,N,A,N,N,N,N,A,N
LPAAT-delta;dJ473J16.2;AGPAT4;1-AGPAT4,N,A,A,N,N,N,A,N,A,N,A,A,N,A,N,N,N,N,N,A,N,N,N,A,N,A,N,N,N,N,A,N
PIS;PIS1;CDIPT,N,N,N,N,N,N,N,N,N,N,N,N,N,N,N,N,N,N,N,N,N,N,N,N,N,N,N,N,N,N,N,N
PHOSPHO1,N,N,N,N,N,N,N,N,N,N,N,N,N,N,N,N,N,N,N,N,N,N,N,N,N,N,N,N,N,N,N,N
AGPAT6;GPAT4;1-AGPAT_6;LPAAT-zeta;LPAATZ;TSARG7,N,A,A,A,N,A,N,A,A,N,A,N,N,N,N,N,A,N,A,N,A,N,A,N,N,N,N,N,N,A,A,A
GPAT2;CT123,N,N,N,N,N,N,N,N,N,N,N,N,N,N,N,N,N,N,N,N,N,N,N,N,N,N,N,N,N,N,N,N
GPAM;GPAT;GPAT1,N,N,N,N,N,N,N,N,N,N,N,N,N,N,N,N,N,N,N,N,N,N,N,N,N,N,N,N,N,N,N,N
AGPAT_10;HMFN0839;AGPAT9;AGPAT10;MAG1;AGPAT8;GPAT3;LPAAT-theta,N,A,A,A,N,A,N,A,A,N,A,N,N,N,N,N,A,N,A,N,A,N,A,N,N,N,N,N,N,A,A,A
GPD1-L;GPD1L,N,N,N,N,N,N,N,N,N,N,N,N,N,N,N,N,N,N,N,N,N,N,N,N,N,N,N,N,N,N,N,N
HTGTI;GPDH-C;GPD-C;GPD1,N,N,N,N,N,N,N,N,N,N,N,N,N,N,N,N,N,N,N,N,N,N,N,N,N,N,N,N,N,N,N,N
GPDM;mGPDH;GDH2;GPD2,N,A,A,A,N,N,N,A,N,N,A,N,N,A,A,A,N,A,A,A,N,N,N,N,N,N,N,N,A,N,A,A
LCAT,A,N,A,A,N,N,N,N,A,N,A,N,N,A,A,N,N,N,N,N,N,N,N,N,A,A,N,N,N,N,A,N
EDI3;GPCPD1;GDPD6;GDE5;PREI4,N,N,A,N,A,A,N,N,A,N,N,N,N,N,N,N,A,N,N,N,N,N,N,N,N,N,N,N,N,N,A,N
EPT1;SELENOI;SELI;SEPI,A,A,A,N,A,A,N,N,A,N,A,N,A,N,A,N,A,A,N,A,A,N,A,A,A,A,A,N,A,A,A,N
LPL1;APT-1;hAPT1;LPL-I;APT1;LYPLA1,N,N,N,N,N,N,N,N,N,N,N,N,N,N,N,N,N,N,N,N,N,N,N,N,N,N,N,N,N,N,N,N
iPLA2delta;LNMS;SPG39;sws;OMCS;NTE;PNPLA6;BNHS;NTEMND,N,N,N,N,A,N,N,N,N,N,A,A,A,N,A,A,A,A,N,N,N,N,A,N,N,N,N,N,N,N,A,N
NTE-R1;PNPLA7;C9orf111;NTEL1,N,N,N,N,A,N,N,N,N,N,A,A,A,N,A,A,A,A,N,N,N,N,A,N,N,N,N,N,N,N,A,N
APT2;APT-2;LYPLA2;DJ886K2.4,N,N,N,N,N,N,N,N,N,N,N,N,N,N,N,N,N,N,N,N,N,N,N,N,N,N,N,N,N,N,N,N
CDS1;CDS,N,N,N,N,N,N,N,N,N,N,N,N,N,N,N,N,N,N,N,N,N,N,N,N,N,N,N,N,N,N,N,N
CDS2,N,N,N,N,N,N,N,N,N,N,N,N,N,N,N,N,N,N,N,N,N,N,N,N,N,N,N,N,N,N,N,N
ADPRM;NBLA03831;C17orf48;MDS006,N,N,N,N,N,N,N,N,A,N,A,A,N,N,N,N,A,N,N,N,N,N,A,N,N,N,N,N,N,N,N,N
PISD;DJ858B16;PSD;dJ858B16.2;PSDC;PSSC,A,A,A,A,A,A,N,A,A,N,A,N,A,A,N,N,A,A,A,A,A,A,A,A,N,N,A,A,A,A,A,A
PLA2G15;LPLA2;ACS;LLPL;GXVPLA2;LYPLA3,A,N,A,A,N,N,N,N,A,N,A,N,N,A,A,N,N,N,N,N,N,N,N,N,A,A,N,N,N,N,A,N
PEAMT;PLMT;PEMPT;PNMT;PEMT2;PEMT,N,D,N,N,D,D,D,N,D,N,D,N,N,D,N,N,N,D,D,N,N,D,N,N,N,N,N,D,N,D,D,N
PGS1,A,N,N,N,N,N,N,N,N,N,A,N,N,N,N,N,N,N,A,N,N,N,A,N,N,A,N,A,N,A,A,N
C20orf155;CLS1;dJ967N21.6;GCD10;CRLS1;CLS,N,N,N,N,N,N,N,N,N,N,N,N,N,N,N,N,N,N,N,N,N,N,N,N,N,N,N,N,N,N,N,N
MRT57;LENG4;MBOAT7;hMBOA-7;LPIAT;MBOA7;LRC4;OACT7;BB1,A,N,N,N,N,N,N,N,A,N,A,N,N,N,N,N,A,N,A,N,N,N,N,N,N,A,N,N,A,A,A,N
TAZ;CMD3A;EFE2;LVNCX;EFE;Taz1;BTHS;G4.5,N,N,A,N,N,N,N,N,A,N,N,N,N,N,N,N,N,A,A,A,A,N,N,N,N,A,A,N,N,N,A,N
FAM34A1;FAM34A;LPGAT1;NET8,N,A,A,N,N,N,A,N,A,N,A,A,N,A,N,N,N,N,N,A,N,N,N,A,N,A,N,N,N,N,A,N
ETNPPL;AGXT2L1,N,N,N,N,N,N,N,N,N,N,N,N,N,N,N,N,N,N,N,N,N,N,N,N,N,N,N,N,N,N,N,N
