CA-VB;CA5B,N,N,A,N,N,N,A,N,A,N,A,N,N,N,A,A,N,N,A,A,N,N,N,N,N,A,N,N,N,N,A,N
CAXiV;CA14,N,N,A,N,N,N,A,N,A,N,A,N,N,N,A,A,N,N,A,A,N,N,N,N,N,A,N,N,N,N,A,N
CAXIII;CA13,N,N,A,N,N,N,A,N,A,N,A,N,N,N,A,A,N,N,A,A,N,N,N,N,N,A,N,N,N,N,A,N
CA1;HEL-S-11;CA-I;Car1;CAB,N,N,A,N,N,N,A,N,A,N,A,N,N,N,A,A,N,N,A,A,N,N,N,N,N,A,N,N,N,N,A,N
CAII;CAC;Car2;HEL-S-282;CA2;HEL-76;CA-II,N,N,A,N,N,N,A,N,A,N,A,N,N,N,A,A,N,N,A,A,N,N,N,N,N,A,N,N,N,N,A,N
Car3;CAIII;CA3,N,N,A,N,N,N,A,N,A,N,A,N,N,N,A,A,N,N,A,A,N,N,N,N,N,A,N,N,N,N,A,N
Car4;RP17;CA4;CAIV,N,N,A,N,N,N,A,N,A,N,A,N,N,N,A,A,N,N,A,A,N,N,N,N,N,A,N,N,N,N,A,N
GS1-21A4.1;CA5A;CAV;CAVA;CA5;CA5AD,N,N,A,N,N,N,A,N,A,N,A,N,N,N,A,A,N,N,A,A,N,N,N,N,N,A,N,N,N,N,A,N
GUSTIN;CA-VI;CA6,N,N,A,N,N,N,A,N,A,N,A,N,N,N,A,A,N,N,A,A,N,N,N,N,N,A,N,N,N,N,A,N
CA7;CAVII,N,N,A,N,N,N,A,N,A,N,A,N,N,N,A,A,N,N,A,A,N,N,N,N,N,A,N,N,N,N,A,N
CA8;CA-VIII;CALS;CA-RP;CAMRQ3;CARP,N,N,A,N,N,N,A,N,A,N,A,N,N,N,A,A,N,N,A,A,N,N,N,N,N,A,N,N,N,N,A,N
CAIX;MN;CA9,N,N,A,N,N,N,A,N,A,N,A,N,N,N,A,A,N,N,A,A,N,N,N,N,N,A,N,N,N,N,A,N
CAXII;HsT18816;T18816;CA12;CA-XII,N,N,A,N,N,N,A,N,A,N,A,N,N,N,A,A,N,N,A,A,N,N,N,N,N,A,N,N,N,N,A,N
CPSASE1;CPS1;PHN,N,N,N,N,N,N,N,N,N,N,N,N,N,N,N,N,N,N,N,N,N,N,N,N,N,N,N,N,N,N,N,N
PIG59;PIG43;GLNS;GS;GLUL,N,N,N,N,N,N,N,N,N,N,N,N,N,N,N,N,N,N,N,N,N,N,N,N,N,N,N,N,N,N,N,N
GDH1;GLUD;GDH;GLUD1,N,N,N,N,N,N,N,N,N,N,N,N,N,N,N,N,N,N,N,N,N,N,N,N,N,N,N,N,N,N,N,N
GLUDP1;GDH2;GLUD2,N,N,N,N,N,N,N,N,N,N,N,N,N,N,N,N,N,N,N,N,N,N,N,N,N,N,N,N,N,N,N,N
