GAD2,N,N,N,N,N,N,N,N,N,N,N,N,N,N,N,N,N,N,N,N,N,N,N,N,N,N,N,N,N,N,N,N
GAD3,N,N,N,N,N,N,N,N,N,N,N,N,N,N,N,N,N,N,N,N,N,N,N,N,N,N,N,N,N,N,N,N
GAD4,N,N,N,N,N,N,N,N,N,N,N,N,N,N,N,N,N,N,N,N,N,N,N,N,N,N,N,N,N,N,N,N
GAD5,N,N,N,N,N,N,N,N,N,N,N,N,N,N,N,N,N,N,N,N,N,N,N,N,N,N,N,N,N,N,N,N
GAD,N,N,N,N,N,N,N,N,N,N,N,N,N,N,N,N,N,N,N,N,N,N,N,N,N,N,N,N,N,N,N,N
6,N,A,N,N,A,N,N,N,A,N,A,N,N,A,A,N,N,N,A,N,A,N,A,N,N,A,N,N,N,N,N,A
7,N,A,N,N,A,N,N,N,A,N,A,N,N,A,A,N,N,N,A,N,A,N,A,N,N,A,N,N,N,N,N,A
8,N,A,N,N,A,N,N,N,A,N,A,N,N,A,A,N,N,N,A,N,A,N,A,N,N,A,N,N,N,N,N,A
9,N,A,N,N,A,N,N,N,A,N,A,N,N,A,A,N,N,N,A,N,A,N,A,N,N,A,N,N,N,N,N,A
10,N,A,N,N,A,N,N,N,A,N,A,N,N,A,A,N,N,N,A,N,A,N,A,N,N,A,N,N,N,N,N,A
GGT3,N,N,N,N,N,B,N,N,N,N,B,B,N,N,N,N,N,N,N,N,N,N,N,B,N,N,N,B,N,N,B,N
GGT4,N,N,N,N,N,B,N,N,N,N,B,B,N,N,N,N,N,N,N,N,N,N,N,B,N,N,N,B,N,N,B,N
GGT1,N,N,N,N,N,B,N,N,N,N,B,B,N,N,N,N,N,N,N,N,N,N,N,B,N,N,N,B,N,N,B,N
GGT2,N,N,N,N,N,B,N,N,N,N,B,B,N,N,N,N,N,N,N,N,N,N,N,B,N,N,N,B,N,N,B,N
