pssA,A,N,A,N,A,N,N,N,A,N,N,A,N,N,A,N,A,N,N,N,A,N,N,N,N,A,N,N,N,N,A,N
2,N,N,N,N,N,N,N,N,N,N,N,N,N,N,N,N,N,N,N,N,N,N,N,N,N,N,N,N,N,N,N,N
3,A,N,N,N,N,N,N,N,A,N,A,N,N,N,N,N,A,N,A,N,N,N,N,N,N,A,N,N,A,A,A,N
4,B,N,N,N,B,N,B,B,B,N,N,N,B,N,N,N,B,N,N,N,B,N,N,B,N,B,B,N,B,B,B,N
pctA,B,N,N,N,B,N,B,B,B,N,N,N,B,N,N,N,B,N,N,N,B,N,N,B,N,B,B,N,B,B,B,N
etnkA,N,A,N,A,N,N,N,N,A,N,A,A,N,A,N,N,N,N,A,N,N,N,N,A,N,A,N,N,N,N,A,N
etnkB,N,A,N,A,N,N,N,N,A,N,A,A,N,A,N,N,N,N,A,N,N,N,N,A,N,A,N,N,N,N,A,N
dgkA,A,A,A,A,A,A,N,A,A,N,A,A,N,A,N,A,A,N,A,A,A,A,A,A,N,A,A,A,A,A,A,A
9,N,A,A,N,A,A,A,A,A,N,A,N,N,N,A,A,N,A,N,N,A,A,A,A,A,A,A,N,N,N,A,A
10,B,B,N,N,B,B,N,N,N,N,B,B,N,N,N,N,N,B,B,N,N,N,N,B,N,B,N,N,N,N,B,N
pldC,B,N,N,N,N,N,B,N,B,N,B,B,B,B,N,N,B,N,N,B,B,B,B,N,N,B,N,N,N,N,B,N
pldB,B,N,N,N,N,N,B,N,B,N,B,B,B,B,N,N,B,N,N,B,B,B,B,N,N,B,N,N,N,N,B,N
pldA,B,N,N,N,N,N,B,N,B,N,B,B,B,B,N,N,B,N,N,B,B,B,B,N,N,B,N,N,N,N,B,N
pldZ,N,N,N,N,N,N,N,N,N,N,N,N,N,N,N,N,N,N,N,N,N,N,N,N,N,N,N,N,N,N,N,N
pldY,N,N,N,N,N,N,N,N,N,N,N,N,N,N,N,N,N,N,N,N,N,N,N,N,N,N,N,N,N,N,N,N
16,N,N,N,N,N,N,N,N,N,N,N,N,N,N,N,N,N,N,N,N,N,N,N,N,N,N,N,N,N,N,N,N
17,A,A,A,N,A,A,N,A,A,N,A,A,A,A,A,A,A,A,A,A,A,A,A,A,A,A,A,A,A,A,A,A
18,N,A,A,N,N,N,A,N,A,N,A,A,N,A,N,N,N,N,N,A,N,N,N,A,N,A,N,N,N,N,A,N
19,N,A,A,N,N,N,A,N,A,N,A,A,N,A,N,N,N,N,N,A,N,N,N,A,N,A,N,N,N,N,A,N
20,N,N,N,N,N,N,N,N,N,N,N,N,N,N,N,N,N,N,N,N,N,N,N,N,N,N,N,N,N,N,N,N
21,N,A,A,A,N,A,N,A,A,N,A,N,N,N,N,N,A,N,A,N,A,N,A,N,N,N,N,N,N,A,A,A
22,N,A,A,A,N,N,N,A,N,N,A,N,N,A,A,A,N,A,A,A,N,N,N,N,N,N,N,N,A,N,A,A
23,N,N,N,N,N,N,N,N,N,N,N,N,N,N,N,N,N,N,N,N,N,N,N,N,N,N,N,N,N,N,N,N
captA,A,A,A,N,A,A,N,N,A,N,A,N,A,N,A,N,A,A,N,A,A,N,A,A,A,A,A,N,A,A,A,N
captC,A,A,A,N,A,A,N,N,A,N,A,N,A,N,A,N,A,A,N,A,A,N,A,A,A,A,A,N,A,A,A,N
captB,A,A,A,N,A,A,N,N,A,N,A,N,A,N,A,N,A,A,N,A,A,N,A,A,A,A,A,N,A,A,A,N
27,N,N,N,N,N,N,N,N,N,N,N,N,N,N,N,N,N,N,N,N,N,N,N,N,N,N,N,N,N,N,N,N
cdsA,N,N,N,N,N,N,N,N,N,N,N,N,N,N,N,N,N,N,N,N,N,N,N,N,N,N,N,N,N,N,N,N
29,A,A,A,A,A,A,N,A,A,N,A,N,A,A,N,N,A,A,A,A,A,A,A,A,N,N,A,A,A,A,A,A
30,A,A,A,A,A,A,N,A,A,N,A,N,A,A,A,A,A,A,A,A,A,A,A,A,A,A,A,A,A,A,A,A
31,A,A,A,A,A,A,N,A,A,N,A,N,A,A,N,N,A,A,A,A,A,A,A,A,N,N,A,A,A,A,A,A
32,A,A,A,N,A,A,A,N,N,N,N,N,N,N,N,N,N,N,A,N,N,N,N,A,A,N,N,A,N,A,N,N
pgs1,A,N,N,N,N,N,N,N,N,N,A,N,N,N,N,N,N,N,A,N,N,N,A,N,N,A,N,A,N,A,A,N
taz,N,N,A,N,N,N,N,N,A,N,N,N,N,N,N,N,N,A,A,A,A,N,N,N,N,A,A,N,N,N,A,N
pemtA,N,D,N,N,D,D,D,N,D,N,D,N,N,D,N,N,N,D,D,N,N,D,N,N,N,N,N,D,N,D,D,N
pemtB,N,D,N,N,D,D,D,N,D,N,D,N,N,D,N,N,N,D,D,N,N,D,N,N,N,N,N,D,N,D,D,N
37,B,N,N,N,N,N,N,N,B,N,N,B,N,N,N,N,N,N,N,N,B,N,B,N,N,N,N,N,N,N,B,N
