SIAH1;SIAH1A,N,A,N,N,N,N,N,N,A,N,A,N,A,N,N,N,N,N,A,N,A,N,N,N,N,N,N,N,N,N,A,N
BP-53;IBP3;IGFBP3,N,N,N,N,N,N,N,N,N,N,N,N,N,N,N,N,N,N,N,N,N,N,N,N,N,N,N,N,N,N,N,N
CR6;GRP17;DDIT2;GADD45gamma;GADD45G,N,N,N,N,N,N,N,N,N,N,N,N,N,N,N,N,N,N,N,N,N,N,N,N,N,N,N,N,N,N,N,N
GADD45A;DDIT1;GADD45,N,N,N,N,N,N,N,N,N,N,N,N,N,N,N,N,N,N,N,N,N,N,N,N,N,N,N,N,N,N,N,N
GADD45BETA;MYD118;GADD45B,N,N,N,N,N,N,N,N,N,N,N,N,N,N,N,N,N,N,N,N,N,N,N,N,N,N,N,N,N,N,N,N
MRP1;MDMX;HDMX;MDM4,A,A,A,N,N,N,N,N,A,N,A,N,N,A,A,A,N,N,N,N,N,N,N,N,N,N,N,N,N,N,A,N
CHEK1;CHK1,B,B,B,B,B,B,B,B,B,B,B,B,B,B,B,B,B,B,B,B,B,B,B,B,B,B,B,B,B,B,B,B
MEC1;FRP1;FCTCS;ATR;SCKL1;SCKL,A,A,A,A,A,A,A,A,A,A,A,A,A,A,A,A,A,A,A,A,A,A,A,A,A,A,A,A,A,A,A,A
CHK2;hCds1;RAD53;CDS1;PP1425;HuCds1;LFS2;CHEK2,B,B,B,B,B,B,B,B,B,B,B,B,B,B,B,B,B,B,B,B,B,B,B,B,B,B,B,B,B,B,B,B
ATD;TEL1;TELO1;AT1;ATA;ATM;ATE;ATDC;ATC,A,A,A,A,A,A,N,A,A,A,A,A,A,A,A,A,A,A,A,A,A,A,A,A,A,A,A,A,A,A,A,A
RPRM;REPRIMO,N,N,N,N,N,N,N,N,N,N,N,N,N,N,N,N,N,N,N,N,N,N,N,N,N,N,N,N,N,N,N,N
SFN;YWHAS,A,A,A,A,A,N,A,A,A,N,A,N,A,A,A,A,A,N,A,N,A,A,A,A,A,A,A,A,N,N,A,A
p33(CDK2);CDKN2;CDK2,D,D,D,D,D,D,D,D,D,D,D,D,D,D,D,D,D,D,D,D,D,D,D,D,D,D,D,D,D,D,D,D
pCCNE1;CCNE;CCNE1,A,A,A,A,A,A,A,A,A,N,A,A,A,A,A,A,A,A,N,A,A,A,A,A,A,A,A,A,A,A,A,A
CYCE2;CCNE2,A,A,A,A,A,A,A,A,A,N,A,A,A,A,A,A,A,A,N,A,A,A,A,A,A,A,A,A,A,A,A,A
PPP1R160;LAM;TSC4;TSC2,A,A,A,A,A,N,N,A,A,N,A,A,A,A,A,A,A,A,A,A,A,A,A,A,A,A,A,A,A,A,A,A
PPM1D;IDDGIP;WIP1;PP2C-DELTA,A,A,A,A,A,N,A,A,A,N,A,N,A,A,A,A,A,A,N,A,A,N,A,A,A,N,N,A,N,N,A,N
P73;TP73,N,N,N,N,N,N,N,N,N,N,N,N,N,N,N,N,N,N,N,N,N,N,N,N,N,N,N,N,N,N,N,N
CCNG;CCNG1,A,N,N,A,A,A,N,A,A,N,A,A,A,A,A,N,N,A,N,N,A,A,N,N,A,A,A,N,N,A,A,A
CCNG2,A,N,A,A,A,A,N,A,A,N,A,A,A,A,A,A,A,A,N,A,A,N,A,A,A,A,A,A,A,N,A,A
RFWD2;COP1;RNF200,A,A,A,A,A,A,A,A,A,N,A,A,A,A,A,A,A,A,A,A,A,A,A,A,A,A,A,A,A,A,A,A
MTDPS8B;P53R2;MTDPS8A;RRM2B,N,N,A,N,N,A,N,N,N,N,N,N,N,N,N,N,A,N,N,A,A,N,N,N,A,N,N,A,N,N,A,N
RRM2;RR2;RR2M;R2,N,N,A,N,N,A,N,N,N,N,N,N,N,N,N,N,A,N,N,A,A,N,N,N,A,N,N,A,N,N,A,N
UV-DDB2;DDB2;XPE;DDBB,A,N,N,N,N,N,A,N,N,N,A,N,N,A,N,A,N,N,N,N,N,N,A,A,N,A,N,A,N,N,N,A
pHyde;STMP3;dudulin-2;AHMIO2;STEAP3;dudlin-2;TSAP6,N,N,N,N,N,N,N,N,N,N,N,N,N,N,N,N,N,N,N,N,N,N,N,N,N,N,N,N,N,N,N,N
GLM2;DEC;BZS;PTENbeta;CWS1;PTEN1;10q23del;PTEN;TEP1;MMAC1;MHAM,D,D,D,N,D,N,N,D,D,N,D,D,N,D,D,N,N,N,D,N,D,D,D,D,D,D,D,D,D,D,D,D
PI5;maspin;SERPINB5,N,N,A,A,N,N,N,N,A,N,N,N,N,N,N,N,N,N,N,N,N,N,A,N,N,N,N,N,N,N,A,N
4F9;TSPAN27;CD82;C33;GR15;SAR2;ST6;IA4;R2;KAI1,N,N,N,N,N,N,N,N,N,N,N,N,N,N,N,N,N,N,N,N,N,N,N,N,N,N,N,N,N,N,N,N
THBS;TSP-1;THBS1;TSP1;TSP;THBS-1,N,A,A,N,N,N,N,N,N,N,A,N,N,A,N,A,N,N,N,N,A,A,N,N,N,A,N,N,N,N,A,A
IGF1;IGF-I;IGFI;MGF,N,N,N,N,N,N,N,N,N,N,N,N,N,N,N,N,N,N,N,N,N,N,N,N,N,N,N,N,N,N,N,N
PAI;SERPINE1;PAI1;PAI-1;PLANH1,N,N,A,A,N,N,N,N,A,N,N,N,N,N,N,N,N,N,N,N,N,N,A,N,N,N,N,N,N,N,A,N
BAI1;ADGRB1;GDAIF,N,A,A,N,A,N,N,A,N,N,A,A,N,A,N,A,A,N,A,N,A,A,A,N,N,A,N,N,N,N,A,A
CDK4I;CMM2;MTS1;P19ARF;P16;P14ARF;P16-INK4A;P16INK4A;CDKN2;P19;P14;INK4A;CDKN2A;INK4;P16INK4;ARF;TP16;MTS-1;MLM,N,N,N,N,N,N,N,N,N,N,N,N,N,N,N,N,N,N,N,N,N,N,N,N,N,N,N,N,N,N,N,N
CDKN1;SDI1;CAP20;CIP1;WAF1;MDA-6;CDKN1A;P21;p21CIP1,N,N,N,N,N,N,N,N,N,N,N,N,N,N,N,N,N,N,N,N,N,N,N,N,N,N,N,N,N,N,N,N
PAG608;WIG1;ZMAT3;WIG-1,N,N,N,N,N,N,N,N,N,N,N,N,N,N,N,N,N,N,N,N,N,N,N,N,N,N,N,N,N,N,N,N
BID;FP497,N,N,N,N,N,N,N,N,N,N,N,N,N,N,N,N,N,N,N,N,N,N,N,N,N,N,N,N,N,N,N,N
PIG8;EI24;EPG4;TP53I8,N,A,N,N,N,N,N,A,A,N,N,A,N,N,N,A,A,N,A,N,A,N,N,A,N,A,N,N,N,N,A,N
PIG3;TP53I3,N,N,N,N,N,N,N,N,N,N,N,N,N,N,N,N,N,N,N,N,N,N,N,N,N,N,N,N,N,N,N,N
FAS1;FAS;APO-1;CD95;ALPS1A;FASTM;TNFRSF6;APT1,N,N,N,N,N,N,N,N,N,N,N,N,N,N,N,N,N,N,N,N,N,N,N,N,N,N,N,N,N,N,N,N
B99;GTSE1,N,N,N,N,N,N,N,N,N,N,N,N,N,N,N,N,N,N,N,N,N,N,N,N,N,N,N,N,N,N,N,N
BAX;BCL2L4,N,N,N,N,N,N,N,N,N,N,N,N,N,N,N,N,N,N,N,N,N,N,N,N,N,N,N,N,N,N,N,N
LRDD;PIDD1;PIDD,A,A,A,A,A,N,N,A,A,N,A,A,A,A,A,A,A,A,A,A,A,A,A,A,A,A,A,A,A,N,A,A
DR5;TRAILR2;KILLER/DR5;TRICK2;ZTNFR9;TNFRSF10B;TRICK2A;KILLER;CD262;TRICKB;TRICK2B;TRAIL-R2,N,N,N,N,N,N,N,N,N,N,N,N,N,N,N,N,N,N,N,N,N,N,N,N,N,N,N,N,N,N,N,N
ALPS2B;MACH;CASP8;FLICE;CAP4;Casp-8;MCH5,N,N,N,N,N,N,N,N,N,N,N,N,N,N,N,N,N,N,N,N,N,N,N,N,N,N,N,N,N,N,N,N
CDK1;P34CDC2;CDC28A;CDC2,D,D,D,D,D,D,D,D,D,D,D,D,D,D,D,D,D,D,D,D,D,D,D,D,D,D,D,D,D,D,D,D
APAF-1;CED4;APAF1,A,A,A,A,A,A,A,A,A,A,A,A,A,A,A,A,A,A,A,A,A,A,A,A,A,A,A,A,A,A,A,A
THC4;CYCS;HCS;CYC,N,B,B,N,N,B,N,N,B,N,B,N,N,B,N,B,N,N,B,N,B,N,N,B,B,B,N,B,B,N,B,B
MCH6;PPP1R56;APAF-3;CASP9;ICE-LAP6;APAF3,N,N,N,N,N,N,N,N,N,N,N,N,N,N,N,N,N,N,N,N,N,N,N,N,N,N,N,N,N,N,N,N
hdm2;ACTFS;MDM2;HDMX,A,A,A,N,N,N,N,N,A,N,A,N,N,A,A,A,N,N,N,N,N,N,N,N,N,N,N,N,N,N,A,N
BCC7;TP53;TRP53;P53;LFS1,N,N,N,N,N,N,N,N,N,N,N,N,N,N,N,N,N,N,N,N,N,N,N,N,N,N,N,N,N,N,N,N
PRO1996;CHIMP;RNF199;ZCHY;ARNIP;ZNF363;PIRH2;RCHY1,A,A,A,A,A,A,A,N,A,N,A,A,N,A,A,N,A,A,A,A,A,A,A,A,A,A,N,A,N,A,A,A
CMM3;PSK-J3;CDK4,D,D,D,D,D,D,D,D,D,D,D,D,D,D,D,D,D,D,D,D,D,D,D,D,D,D,D,D,D,D,D,D
PLSTIRE;CDK6;MCPH12,D,D,D,D,D,D,D,D,D,D,D,D,D,D,D,D,D,D,D,D,D,D,D,D,D,D,D,D,D,D,D,D
U21B31;D11S287E;PRAD1;CCND1;BCL1,A,A,A,A,A,A,N,A,A,N,A,A,A,A,A,A,A,A,N,A,A,A,A,A,A,A,A,A,A,A,A,A
MPPH3;CCND2;KIAK0002,A,A,A,A,A,A,N,A,A,N,A,A,A,A,A,A,A,A,N,A,A,A,A,A,A,A,A,A,A,A,A,A
CCND3,A,A,A,A,A,A,N,A,A,N,A,A,A,A,A,A,A,A,N,A,A,A,A,A,A,A,A,A,A,A,A,A
KCP1;PERP;dJ496H19.1;PIGPC1;KRTCAP1;THW,N,N,N,N,N,N,N,N,N,N,N,N,N,N,N,N,N,N,N,N,N,N,N,N,N,N,N,N,N,N,N,N
SHISA5;SCOTIN,N,N,N,N,N,N,N,N,N,N,N,N,N,N,N,N,N,N,N,N,N,N,N,N,N,N,N,N,N,N,N,N
SEST3;SESN3,N,N,N,N,N,N,N,N,N,N,N,N,N,N,N,N,N,N,N,N,N,N,N,N,N,N,N,N,N,N,N,N
SESN1;PA26;SEST1,N,N,N,N,N,N,N,N,N,N,N,N,N,N,N,N,N,N,N,N,N,N,N,N,N,N,N,N,N,N,N,N
HI95;SEST2;SESN2;SES2,N,N,N,N,N,N,N,N,N,N,N,N,N,N,N,N,N,N,N,N,N,N,N,N,N,N,N,N,N,N,N,N
CCNB1;CCNB,A,A,A,A,A,A,A,A,A,N,A,A,A,A,A,A,A,A,N,A,A,A,A,A,A,A,A,A,A,A,A,A
HsT17299;CCNB2,A,A,A,A,A,A,A,A,A,N,A,A,A,A,A,A,A,A,N,A,A,A,A,A,A,A,A,A,A,A,A,A
SCA-1;CPP32B;CASP3;CPP32,N,N,N,N,N,N,N,N,N,N,N,N,N,N,N,N,N,N,N,N,N,N,N,N,N,N,N,N,N,N,N,N
TP53AIP1;P53AIP1,N,N,N,N,N,N,N,N,N,N,N,N,N,N,N,N,N,N,N,N,N,N,N,N,N,N,N,N,N,N,N,N
BBC3;PUMA;JFY1;JFY-1,N,N,N,N,N,N,N,N,N,N,N,N,N,N,N,N,N,N,N,N,N,N,N,N,N,N,N,N,N,N,N,N
APR;NOXA;PMAIP1,N,N,N,N,N,N,N,N,N,N,N,N,N,N,N,N,N,N,N,N,N,N,N,N,N,N,N,N,N,N,N,N
SCYL1BP1;GO;GORAB;NTKLBP1,N,N,N,N,N,N,N,N,N,N,N,N,N,N,N,N,N,N,N,N,N,N,N,N,N,N,N,N,N,N,N,N
