psmD3,N,N,A,N,A,A,N,A,A,N,A,N,N,A,A,N,N,N,N,N,A,N,A,A,A,A,A,N,A,A,A,A
psmD12,A,A,A,A,A,A,A,A,A,N,A,A,A,A,A,A,A,A,A,A,A,A,A,A,A,A,A,A,A,A,A,A
psmD11,A,A,A,N,A,A,A,A,A,N,A,A,N,N,A,A,A,A,A,N,N,A,A,A,N,A,N,N,A,N,A,N
psmD6,A,A,A,N,A,A,N,A,A,N,A,A,A,A,A,A,N,A,A,A,A,A,A,N,N,A,N,N,A,A,A,A
psmD7,C,C,C,C,C,N,C,C,C,N,C,C,N,C,C,C,C,C,C,C,C,C,C,C,C,C,N,C,N,C,C,C
psmD13,A,A,A,N,N,N,A,N,A,N,A,A,A,N,A,A,A,A,N,A,A,N,A,A,N,A,N,A,N,A,A,N
psmD14,C,C,C,C,N,C,C,C,C,N,C,C,N,C,C,C,C,C,C,C,C,C,C,C,C,C,N,C,N,C,C,C
psmD8-1,N,N,N,N,A,N,N,N,N,N,A,N,N,N,N,N,N,N,A,N,N,N,N,N,N,N,A,A,N,N,A,A
psmD8-2,N,N,N,N,A,N,N,N,N,N,A,N,N,N,N,N,N,N,A,N,N,N,N,N,N,N,A,A,N,N,A,A
10,N,A,N,N,N,N,N,N,A,N,N,N,N,N,N,N,N,N,N,A,N,N,N,N,N,N,A,N,N,N,A,N
psmD4,A,N,N,N,A,A,A,A,N,N,N,A,N,A,A,A,A,A,N,A,N,N,A,N,A,A,A,N,N,A,A,N
psmD2,N,N,N,A,A,N,A,A,N,A,A,N,A,A,A,N,N,N,N,A,N,A,A,A,N,A,A,A,N,N,A,N
psmD1,N,N,N,A,A,N,A,A,N,A,A,N,A,A,A,N,N,N,N,A,N,A,A,A,N,A,A,A,N,N,A,N
adrm1-1,N,N,N,N,A,A,N,N,A,N,A,N,N,A,N,A,N,N,N,A,A,A,A,A,A,N,N,A,N,N,N,A
psmC2,D,D,D,D,D,D,D,D,D,D,D,D,D,D,D,D,D,D,D,D,D,D,D,D,D,D,D,D,D,D,D,D
psmC1,D,D,D,D,D,D,D,D,D,D,D,D,D,D,D,D,D,D,D,D,D,D,D,D,D,D,D,D,D,D,D,D
psmC4,D,D,D,D,D,D,D,D,D,D,D,D,D,D,D,D,D,D,D,D,D,D,D,D,D,D,D,D,D,D,D,D
psmC6,D,D,D,D,D,D,D,D,D,D,D,D,D,D,D,D,D,D,D,D,D,D,D,D,D,D,D,D,D,D,D,D
psmC3,D,D,D,D,D,D,D,D,D,D,D,D,D,D,D,D,D,D,D,D,D,D,D,D,D,D,D,D,D,D,D,D
psmC5,D,D,D,D,D,D,D,D,D,D,D,D,D,D,D,D,D,D,D,D,D,D,D,D,D,D,D,D,D,D,D,D
psmE3,N,N,N,N,N,N,N,N,N,N,N,N,N,N,N,N,N,N,N,N,N,N,N,N,N,N,N,N,N,N,N,N
psmE4,A,A,N,N,N,A,A,N,N,N,N,N,N,A,A,A,N,N,N,N,A,N,N,N,N,A,N,A,N,N,N,N
psmA6,D,D,D,D,D,D,D,N,D,D,D,D,D,D,D,N,N,D,N,D,D,D,D,D,D,N,D,N,D,N,D,N
psmA2,D,D,D,D,D,D,D,N,D,D,D,D,D,D,D,N,N,D,N,D,D,D,D,D,D,N,D,N,D,N,D,N
psmA4,D,D,D,D,D,D,D,N,D,D,D,D,D,D,D,N,N,D,N,D,D,D,D,D,D,N,D,N,D,N,D,N
psmA7,D,D,D,D,D,D,D,N,D,D,D,D,D,D,D,N,N,D,N,D,D,D,D,D,D,N,D,N,D,N,D,N
psmA5,D,D,D,D,D,D,D,N,D,D,D,D,D,D,D,N,N,D,N,D,D,D,D,D,D,N,D,N,D,N,D,N
psmA1,D,D,D,D,D,D,D,N,D,D,D,D,D,D,D,N,N,D,N,D,D,D,D,D,D,N,D,N,D,N,D,N
psmA3,D,D,D,D,D,D,D,N,D,D,D,D,D,D,D,N,N,D,N,D,D,D,D,D,D,N,D,N,D,N,D,N
psmB6,N,N,D,N,D,D,D,N,D,D,D,D,N,D,D,N,N,D,N,D,N,D,D,D,D,N,D,N,D,N,D,N
psmB7,N,N,D,N,D,D,D,N,D,D,D,D,N,D,D,N,N,D,N,D,N,D,D,D,D,N,D,N,D,N,D,N
psmB3,N,N,D,N,D,D,D,N,N,N,N,N,N,N,D,N,N,N,N,D,N,N,D,N,D,N,D,N,N,N,N,N
psmB2,N,N,N,N,N,A,N,N,N,A,A,A,N,A,N,N,N,A,N,N,N,A,N,A,N,N,N,N,N,N,A,N
psmB5,N,N,D,N,D,D,D,N,D,D,D,D,N,D,D,N,N,D,N,D,N,D,D,D,D,N,D,N,D,N,D,N
psmB1,N,N,D,N,D,D,D,N,N,N,N,N,N,N,D,N,N,N,N,D,N,N,D,N,D,N,D,N,N,N,N,N
psmB4-1,N,N,N,N,D,N,D,N,N,N,N,N,N,N,D,N,N,N,N,N,N,N,D,N,D,N,N,N,N,N,N,N
psmB4-2,N,N,N,N,D,N,D,N,N,N,N,N,N,N,D,N,N,N,N,N,N,N,D,N,D,N,N,N,N,N,N,N
psmF1,N,N,N,N,N,N,N,N,N,N,N,N,N,N,N,N,N,N,N,N,N,N,N,N,N,N,N,N,N,N,N,N
39,N,N,N,N,N,N,N,N,N,N,N,N,N,N,N,N,N,N,N,N,N,N,N,N,N,N,N,N,N,N,N,N
