STAM2A;Hbp;STAM2;STAM2B,A,A,A,A,A,N,N,N,A,N,A,A,A,A,A,A,A,A,A,A,A,A,A,A,A,A,A,A,A,A,A,A
STAM-1;STAM1;STAM,A,A,A,A,A,N,N,N,A,N,A,A,A,A,A,A,A,A,A,A,A,A,A,A,A,A,A,A,A,A,A,A
HGS;HRS,C,C,C,C,C,C,C,C,C,N,C,C,C,C,C,C,C,C,C,C,C,C,C,C,C,C,C,C,C,C,C,C
AMSH;MICCAP;STAMBP,C,C,C,N,N,N,C,C,C,N,N,C,N,C,C,C,C,N,C,N,C,C,C,C,C,C,N,C,N,C,C,C
UBPY;HumORF8;SPG59;USP8,B,B,B,B,B,B,B,B,B,N,B,B,B,B,B,B,B,B,B,B,B,B,B,B,B,B,B,B,B,B,B,B
EIEE31;DNM1;DNM,A,A,A,A,A,A,A,A,A,N,A,N,A,A,A,N,A,A,A,A,A,A,A,A,A,A,A,A,N,N,A,N
DYNII;CMTDIB;DYN2;CMT2M;DNM2;DI-CMTB;LCCS5;CMTDI1,A,A,A,A,A,A,A,A,A,N,A,N,A,A,A,N,A,A,A,A,A,A,A,A,A,A,A,A,N,N,A,N
Dyna_III;DNM3,A,A,A,A,A,A,A,A,A,N,A,N,A,A,A,N,A,A,A,A,A,A,A,A,A,A,A,A,N,N,A,N
FLRF;RNF41;SBBI03;NRDP1,A,A,A,A,N,N,N,N,A,N,A,A,N,A,N,A,A,N,A,A,A,N,N,A,N,A,N,N,A,N,A,N
WWP1;AIP5;hSDRP1;Tiul1,A,A,A,A,A,A,A,A,A,N,A,A,A,A,A,A,A,A,N,A,A,A,A,A,N,A,N,A,A,A,A,A
RSP5;NEDD4.2;NEDD4-2;PVNH7;hNEDD4-2;NEDD4L,A,A,A,A,A,A,A,A,A,N,A,A,A,A,A,A,A,A,A,A,A,A,A,A,A,A,A,A,A,A,A,A
CBL-3;RNF57;CBLC;CBL-SL,A,A,A,A,N,A,N,A,A,N,A,A,A,A,A,A,A,A,A,A,A,A,A,A,A,A,N,N,A,A,A,A
hdm2;ACTFS;MDM2;HDMX,A,A,A,N,N,N,N,N,A,N,A,N,N,A,A,A,N,N,N,N,N,N,N,N,N,N,N,N,N,N,A,N
RPF1;NEDD4-1;NEDD4,A,A,A,A,A,A,A,A,A,N,A,A,A,A,A,A,A,A,N,A,A,A,A,A,N,A,N,A,A,A,A,A
SMURF1,A,A,A,A,A,A,A,A,A,N,A,A,A,A,A,A,N,A,N,A,A,A,A,A,N,A,N,A,A,A,A,A
SMURF2,A,A,A,A,A,A,A,A,A,N,A,A,A,A,A,A,N,A,N,A,A,A,A,A,N,A,N,A,A,A,A,A
RNF85;TRAF6;MGC:3310,A,A,A,A,N,A,A,A,N,N,A,A,N,A,A,A,A,N,A,A,A,N,A,N,A,A,N,N,N,A,A,A
AIF4;ADMFD;NAPP1;AIP4;ITCH,A,A,A,A,A,A,A,A,A,N,A,A,A,A,A,A,A,A,N,A,A,A,A,A,A,A,N,A,A,A,A,A
FRA11B;C-CBL;RNF55;CBL2;NSLL;CBL,A,A,A,A,N,A,N,A,A,N,A,A,A,A,A,A,A,A,A,A,A,A,A,A,A,A,N,N,A,A,A,A
RNF56;CBLB;Cbl-b;Nbla00127,A,A,A,A,N,A,N,A,A,N,A,A,A,A,A,A,A,A,A,A,A,A,A,A,A,A,N,N,A,A,A,A
LDLCQ2;FH;FHC;LDLR,N,A,A,N,N,N,N,A,N,N,A,A,N,A,N,A,A,N,N,N,A,A,A,N,N,A,N,N,A,N,A,A
LCA;CLTA,N,N,N,N,N,N,N,N,N,N,N,N,N,N,N,N,N,N,N,N,N,N,N,N,N,N,N,N,N,N,N,N
LCB;CLTB,N,N,A,N,N,N,N,N,A,N,N,A,N,N,N,N,N,N,N,N,A,A,N,N,N,N,N,N,N,N,A,N
CLTCL2;CLTC;Hc;CHC;CHC17;CLH-17,A,N,A,A,A,N,A,A,N,N,A,A,N,N,N,N,N,A,N,A,A,N,A,N,N,A,N,N,N,N,A,A
CLTCL1;CLTD;CLH22;CHC22;CLTCL,A,N,A,A,A,N,A,A,N,N,A,A,N,N,N,N,N,A,N,A,A,N,A,N,N,A,N,N,N,N,A,A
AP50;AP2M1;mu2;CLAPM1,A,A,A,A,A,A,N,A,A,N,A,A,A,A,A,A,A,A,N,A,A,A,A,A,A,A,A,A,A,A,A,A
FBHOk;CLAPS2;FBH3;HHC3;AP2S1;AP17,A,A,A,A,A,A,N,A,A,N,A,A,A,A,A,A,A,A,A,A,A,A,A,A,A,A,A,A,N,A,A,A
ADTAA;AP2A1;CLAPA1;AP2-ALPHA,A,A,A,A,A,A,A,N,A,N,A,A,A,A,A,A,A,N,A,A,A,A,A,A,A,A,A,A,A,A,A,N
ADTAB;CLAPA2;AP2A2;HYPJ;HIP-9;HIP9,A,A,A,A,A,A,A,N,A,N,A,A,A,A,A,A,A,N,A,A,A,A,A,A,A,A,A,A,A,A,A,N
AP2-BETA;AP105B;CLAPB1;ADTB2;AP2B1,A,A,A,A,A,A,A,A,A,N,A,A,A,A,A,A,A,A,A,A,A,A,A,A,N,N,A,A,A,A,A,N
C9orf28;MVB12B;FAM125B,N,N,N,N,N,N,N,N,N,N,N,N,N,N,N,N,N,N,N,N,N,N,N,N,N,N,N,N,N,N,N,N
MVB12A;FAM125A;CFBP,N,N,N,N,N,N,N,N,N,N,N,N,N,N,N,N,N,N,N,N,N,N,N,N,N,N,N,N,N,N,N,N
SPG53;HCRP1;PQBP2;VPS37A,N,N,N,N,N,N,N,N,N,N,N,N,N,N,N,N,N,N,N,N,N,N,N,N,N,N,N,N,N,N,N,N
WBSCR24;VPS37D,N,N,N,N,N,N,N,N,N,N,N,N,N,N,N,N,N,N,N,N,N,N,N,N,N,N,N,N,N,N,N,N
VPS37C,N,N,N,N,N,N,N,N,N,N,N,N,N,N,N,N,N,N,N,N,N,N,N,N,N,N,N,N,N,N,N,N
VPS37B,N,N,N,N,N,N,N,N,N,N,N,N,N,N,N,N,N,N,N,N,N,N,N,N,N,N,N,N,N,N,N,N
VPS28,N,A,N,N,A,N,A,A,A,N,N,A,A,A,N,N,N,A,A,A,N,A,N,A,A,A,N,A,A,A,A,N
HSPA1A;HSP70.1;HEL-S-103;HSP70I;HSP70-1;HSP72;HSP70-1A;HSPA1,B,B,B,B,B,N,N,B,B,N,B,N,N,B,B,B,B,B,N,B,B,B,B,N,N,B,B,N,N,B,B,B
HSP70-2;HSPA1B;HSP70-1B;HSP70.2,B,B,B,B,B,N,N,B,B,N,B,N,N,B,B,B,B,B,N,B,B,B,B,N,N,B,B,N,N,B,B,B
hum70t;HSP70-HOM;HSPA1L;HSP70T;HSP70-1L,B,B,B,B,B,N,N,B,B,N,B,N,N,B,B,B,B,B,N,B,B,B,B,N,N,B,B,N,N,B,B,B
HSP70-2;HSP70-3;HSPA2,B,B,B,B,B,N,N,B,B,N,B,N,N,B,B,B,B,B,N,B,B,B,B,N,N,B,B,N,N,B,B,B
HSP70B';HSPA6,B,B,B,B,B,N,N,B,B,N,B,N,N,B,B,B,B,B,N,B,B,B,B,N,N,B,B,N,N,B,B,B
HSP71;HSC54;HSP73;HEL-S-72p;HSC71;HSPA10;LAP-1;HSPA8;LAP1;HSC70;HEL-33;NIP71,B,B,B,B,B,N,N,B,B,N,B,N,N,B,B,B,B,B,N,B,B,B,B,N,N,B,B,N,N,B,B,B
DJC6;DNAJC6;PARK19,D,D,D,D,D,N,D,D,D,N,D,D,N,D,D,D,N,D,D,N,D,D,D,D,D,D,D,D,D,D,D,D
EAP45;CGI-145;VPS36;C13orf9,A,N,N,N,A,N,N,N,N,N,N,N,N,A,N,N,A,N,A,N,N,N,A,A,N,N,N,N,N,N,N,N
VPS23;TSG101;TSG10,N,A,N,A,A,A,A,N,A,N,N,A,N,N,N,N,N,N,N,N,A,N,N,N,N,N,N,N,N,N,A,A
FAP20;DERP9;VPS25;EAP20,N,A,N,N,N,N,N,N,A,N,N,N,N,N,N,N,A,N,N,N,N,N,A,N,N,N,N,N,N,N,A,N
EAP30;SNF8;Dot3;VPS22,N,C,N,C,N,N,N,C,C,N,N,N,N,C,N,N,N,N,C,C,N,N,C,N,N,C,N,N,C,N,C,N
CHMP6;VPS20,A,A,N,N,N,A,N,A,A,N,N,A,N,N,N,N,A,N,A,A,N,N,A,A,N,N,N,A,A,N,N,A
RNF103-VPS24;RNF103-CHMP3,A,A,A,N,A,A,A,A,A,N,A,A,A,A,A,A,A,A,A,A,A,A,A,A,A,N,A,A,A,A,A,A
NEDF;CGI-149;VPS24;CHMP3,A,A,N,N,A,A,N,A,A,N,A,N,A,A,A,N,A,N,N,A,A,A,N,N,A,N,N,A,N,A,A,A
CTRCT31;C20orf178;Shax1;dJ553F4.4;CTPP3;CHMP4B;CHMP4A;SNF7-2;SNF7;VPS32B;Vps32-2,A,A,N,N,N,A,N,A,A,N,N,A,N,N,N,N,A,N,A,A,N,N,A,A,N,N,N,A,A,N,N,A
VPS32A;C14orf123;SHAX2;HSPC134;SNF7-1;CHMP4B;CHMP4A;CHMP4;SNF7;VPS32-1,A,A,N,N,N,A,N,A,A,N,N,A,N,N,N,N,A,N,A,A,N,N,A,A,N,N,N,A,A,N,N,A
VPS32C;SNF7-3;CHMP4C;Shax3,A,A,N,N,N,A,N,A,A,N,N,A,N,N,N,N,A,N,A,A,N,N,A,A,N,N,N,A,A,N,N,A
PRSM1;CHMP1A;VPS46-1;PCOLN3;VPS46A;PCH8;CHMP1,A,A,N,N,A,A,N,N,A,N,A,N,A,A,A,N,N,N,N,A,A,A,N,N,A,N,N,A,N,A,A,A
C10orf2;CHMP1B;C18orf2;Vps46B;Vps46-2;hVps46-2;CHMP1.5;C18-ORF2,A,A,N,N,A,A,N,A,A,N,A,N,A,A,A,N,A,N,N,A,A,A,N,N,A,N,N,A,N,A,A,A
CHMP2.5;ALS17;VPS2B;VPS2-2;CHMP2B;DMT1,A,A,N,N,A,A,N,A,A,N,A,N,A,A,A,N,A,N,N,A,A,A,N,N,A,N,N,A,N,A,A,A
VPS2A;CHMP2;CHMP2A;BC2;BC-2;VPS2,A,A,N,N,A,A,N,A,A,N,A,N,A,A,A,N,A,N,N,A,A,A,N,N,A,N,N,A,N,A,A,A
PDCD6IP;ALIX;DRIP4;HP95;AIP1,A,N,N,N,A,N,N,N,N,N,A,N,N,A,N,N,N,N,N,N,N,A,N,N,N,N,N,N,A,N,N,A
VPS4A;SKD1A;VPS4-1;SKD2;SKD1;VPS4,D,D,D,D,D,D,D,D,D,D,D,D,D,D,D,D,D,D,D,D,D,D,D,D,D,D,D,D,D,D,D,D
VPS4B;VPS4-2;MIG1;SKD1;SKD1B,D,D,D,D,D,D,D,D,D,D,D,D,D,D,D,D,D,D,D,D,D,D,D,D,D,D,D,D,D,D,D,D
VTA1;LIP5;SBP1;DRG-1;C6orf55;DRG1;HSPC228;My012,N,N,N,N,A,N,N,A,A,N,A,A,N,A,N,N,N,A,N,N,A,A,A,A,N,A,N,N,A,N,A,N
CGI-34;SNF7DC2;PNAS-2;C9orf83;Vps60;HSPC177;CHMP5,A,A,N,N,N,A,N,A,A,N,N,A,N,N,N,N,A,N,A,A,N,N,A,A,N,N,N,A,A,N,N,A
TKS;CDC42;G25K;CDC42Hs,C,C,C,C,C,C,C,C,C,C,C,C,C,C,C,C,C,C,C,C,C,C,C,C,C,C,C,C,C,C,C,C
PRKCI;DXS1179E;PKCI;nPKC-iota,B,B,B,B,B,B,B,B,B,B,B,B,B,B,B,B,B,B,B,B,B,B,B,B,B,B,B,B,B,B,B,B
PRKCZ;PKC-ZETA;PKC2,B,B,B,B,B,B,B,B,B,B,B,B,B,B,B,B,B,B,B,B,B,B,B,B,B,B,B,B,B,B,B,B
PAR6C;TAX40;PARD6A;PAR6;TIP-40;PAR-6A;PAR6alpha,N,N,N,A,A,N,A,A,A,N,N,N,N,A,A,N,N,N,N,A,A,A,A,N,A,N,N,N,N,N,A,N
PAR-6G;PAR6gamma;PARD6G,N,N,N,A,A,N,A,A,A,N,N,N,N,A,A,N,N,N,N,A,A,A,A,N,A,N,N,N,N,N,A,N
PARD6B;PAR6B,N,N,N,A,A,N,A,A,A,N,N,N,N,A,A,N,N,N,N,A,A,A,A,N,A,N,N,N,N,N,A,N
PARD3;PARD3A;Baz;SE2-5T2;SE2-5L16;PARD-3;PPP1R118;SE2-5LT1;ASIP;PAR3;PAR3alpha,N,N,N,N,N,N,N,N,N,N,N,N,N,N,N,N,N,N,N,N,N,N,N,N,N,N,N,N,N,N,N,N
ARF6,C,C,C,C,C,C,C,C,C,C,C,C,C,C,C,C,C,C,C,C,C,C,C,C,C,C,C,C,C,C,C,C
RASH1;CTLO;HAMSV;HRAS;p21ras;C-HA-RAS1;HRAS1;C-BAS/HAS;H-RASIDX;C-H-RAS,C,C,C,C,C,C,C,C,C,C,C,C,C,C,C,C,C,C,C,C,C,C,C,C,C,C,C,C,C,C,C,C
SRC1;THC6;c-SRC;ASV;p60-Src;SRC,B,B,B,B,B,B,B,B,B,B,B,B,B,B,B,B,B,B,B,B,B,B,B,B,B,B,B,B,B,B,B,B
YL8;RAB11A,C,C,C,C,C,C,C,C,C,C,C,C,C,C,C,C,C,C,C,C,C,C,C,C,C,C,C,C,C,C,C,C
H-YPT3;RAB11B,C,C,C,C,C,C,C,C,C,C,C,C,C,C,C,C,C,C,C,C,C,C,C,C,C,C,C,C,C,C,C,C
TFR;TRFR;TFRC;TFR1;p90;TR;T9;CD71;IMD46,N,N,N,N,N,N,N,N,N,N,N,N,N,N,N,N,N,N,N,N,N,N,N,N,N,N,N,N,N,N,N,N
EPN2;EHB21,N,N,N,N,N,N,N,N,A,N,A,N,N,N,N,A,N,N,N,N,N,N,N,A,N,N,N,A,N,A,A,A
EPN1,N,N,N,N,N,N,N,N,A,N,A,N,N,N,N,A,N,N,N,N,N,N,N,A,N,N,N,A,N,A,A,A
EPN3,N,N,N,N,N,N,N,N,A,N,A,N,N,N,N,A,N,N,N,N,N,N,N,A,N,N,N,A,N,A,A,A
MLLT5;AF1P;EPS15;AF-1P,A,A,A,N,A,N,N,N,A,N,A,N,A,A,N,N,A,A,A,A,A,A,A,A,A,A,A,A,A,A,A,N
EPS15R;EPS15L1,A,A,A,N,A,N,N,N,A,N,A,N,A,A,N,N,A,A,A,A,A,A,A,A,A,A,A,A,A,A,A,N
RAB5;RAB5A,C,C,C,C,C,C,C,C,C,C,C,C,C,C,C,C,C,C,C,C,C,C,C,C,C,C,C,C,C,C,C,C
RAB5B,C,C,C,C,C,C,C,C,C,C,C,C,C,C,C,C,C,C,C,C,C,C,C,C,C,C,C,C,C,C,C,C
RAB5L;RAB5C;L1880;RAB5CL;RABL,C,C,C,C,C,C,C,C,C,C,C,C,C,C,C,C,C,C,C,C,C,C,C,C,C,C,C,C,C,C,C,C
ARH1;LDLRAP1;FHCB2;ARH;ARH2;FHCB1,N,N,N,N,N,N,N,N,N,N,N,N,N,N,N,N,N,N,N,N,N,N,N,N,N,N,N,N,N,N,N,N
DOC-2;DAB2;DOC2,N,N,N,N,N,N,N,N,N,N,N,N,N,N,N,N,N,N,N,N,N,N,N,N,N,N,N,N,N,N,N,N
CC-CKR-5;IDDM22;CCR5;CCR-5;CMKBR5;CKR-5;CD195;CKR5;CCCKR5,N,N,N,N,N,N,N,N,N,N,N,N,N,N,N,N,N,N,N,N,N,N,N,N,N,N,N,N,N,N,N,N
CD128;CKR-1;IL8R1;C-C-CKR-1;IL8RBA;CDw128a;CMKAR1;CXCR1;C-C;CD181;IL8RA,N,N,N,N,N,N,N,N,N,N,N,N,N,N,N,N,N,N,N,N,N,N,N,N,N,N,N,N,N,N,N,N
CXCR2;CD182;IL8RB;IL8R2;CMKAR2;IL8RA;CDw128b,N,N,N,N,N,N,N,N,N,N,N,N,N,N,N,N,N,N,N,N,N,N,N,N,N,N,N,N,N,N,N,N
LAP3;NPYY3R;D2S201E;NPYR;CD184;FB22;HM89;NPYRL;LAP-3;WHIM;LESTR;CXCR4;LCR1;NPY3R;WHIMS;HSY3RR,N,N,N,N,N,N,N,N,N,N,N,N,N,N,N,N,N,N,N,N,N,N,N,N,N,N,N,N,N,N,N,N
NISBD2;HER1;ERBB;PIG61;EGFR;ERBB1;mENA,B,B,B,B,B,B,B,B,B,B,B,B,B,B,B,B,B,B,B,B,B,B,B,B,B,B,B,B,B,B,B,B
FGFR3;CEK2;CD333;JTK4;HSFGFR3EX;ACH,B,B,B,B,B,B,B,B,B,N,B,B,B,B,B,B,B,B,B,B,B,B,B,B,B,B,B,B,B,B,B,B
FGFR2;CEK3;K-SAM;CD332;BFR-1;BBDS;ECT1;JWS;KGFR;TK14;TK25;BEK;CFD1,B,B,B,B,B,B,B,B,B,N,B,B,B,B,B,B,B,B,B,B,B,B,B,B,B,B,B,B,B,B,B,B
TKF;CD334;FGFR4;JTK2,B,B,B,B,B,B,B,B,B,N,B,B,B,B,B,B,B,B,B,B,B,B,B,B,B,B,B,B,B,B,B,B
JTK13;CD221;IGFIR;IGFR;IGF1R,B,B,B,B,B,B,B,B,B,N,B,B,B,B,B,B,B,B,B,B,B,B,B,B,B,B,B,B,B,B,B,B
PDGFR2;CD140A;PDGFRA;PDGFR-2,B,B,B,B,B,B,B,B,B,N,B,B,B,B,B,B,B,B,B,B,B,B,B,B,B,B,B,B,B,B,B,B
MIG18;HSB-1;CIN85;SH3KBP1;GIG10;HSB1;CD2BP3,A,A,A,N,A,N,N,N,A,N,A,N,A,A,A,N,A,N,A,A,A,A,A,A,A,A,A,A,A,A,A,A
SH3GLB1;PPP1R70;CGI-61;dJ612B15.2;Bif-1,A,A,A,N,N,N,N,N,A,N,A,N,A,A,A,N,N,N,A,A,A,A,A,A,A,A,A,A,A,A,A,A
PP6569;PP9455;SH3GLB2;RRIG1,A,A,A,N,N,N,N,N,A,N,A,N,A,A,A,N,N,N,A,A,A,A,A,A,A,A,A,A,A,A,A,A
SH3GL1;CNSA1;EEN;SH3D2B;SH3P8,A,A,A,N,A,N,N,N,A,N,A,N,A,A,A,N,A,N,A,A,A,A,A,A,A,A,A,A,A,A,A,A
CNSA2;SH3GL2;EEN-B1;SH3D2A;SH3P4,A,A,A,N,A,N,N,N,A,N,A,N,A,A,A,N,A,N,A,A,A,A,A,A,A,A,A,A,A,A,A,A
CNSA3;SH3P13;EEN-B2;HsT19371;SH3D2C;SH3GL3,A,A,A,N,A,N,N,N,A,N,A,N,A,A,A,N,A,N,A,A,A,A,A,A,A,A,A,A,A,A,A,A
GRK7;GPRK7,B,B,B,B,B,B,B,B,B,B,B,B,B,B,B,B,B,B,B,B,B,B,B,B,B,B,B,B,B,B,B,B
GRK2;BETA-ARK1;BARK1;ADRBK1,B,B,B,B,B,B,B,B,B,B,B,B,B,B,B,B,B,B,B,B,B,B,B,B,B,B,B,B,B,B,B,B
BARK2;GRK3;ADRBK2,B,B,B,B,B,B,B,B,B,B,B,B,B,B,B,B,B,B,B,B,B,B,B,B,B,B,B,B,B,B,B,B
GRK4a;GRK4;IT11;GPRK2L;GPRK4,B,B,B,B,B,B,B,B,B,B,B,B,B,B,B,B,B,B,B,B,B,B,B,B,B,B,B,B,B,B,B,B
GPRK5;GRK5,B,B,B,B,B,B,B,B,B,B,B,B,B,B,B,B,B,B,B,B,B,B,B,B,B,B,B,B,B,B,B,B
GRK6;GPRK6,B,B,B,B,B,B,B,B,B,B,B,B,B,B,B,B,B,B,B,B,B,B,B,B,B,B,B,B,B,B,B,B
GPRK1;GRK1;RHOK;RK,B,B,B,B,B,B,B,B,B,B,B,B,B,B,B,B,B,B,B,B,B,B,B,B,B,B,B,B,B,B,B,B
ARR1;ARRB1;ARB1,N,N,N,N,N,N,N,N,N,N,N,N,N,N,N,N,N,N,N,N,N,N,N,N,N,N,N,N,N,N,N,N
ARB2;ARRB2;BARR2;ARR2,N,N,N,N,N,N,N,N,N,N,N,N,N,N,N,N,N,N,N,N,N,N,N,N,N,N,N,N,N,N,N,N
Rab11-FIP2;RAB11FIP2;nRip11,A,A,A,N,A,N,N,A,A,N,A,N,A,A,A,A,A,A,A,N,A,A,A,A,A,A,A,A,A,A,A,A
GAF1;pp75;RIP11;RAB11FIP5,N,N,A,N,N,N,N,N,A,N,N,N,N,A,A,N,N,N,A,N,N,N,N,N,N,N,N,N,N,N,A,N
NOEL1A;RAB11FIP1;rab11-FIP1;RCP,A,A,A,N,A,N,N,A,A,N,A,N,A,A,A,A,A,A,A,N,A,A,A,A,A,N,A,A,N,A,A,A
PLD1;CVDD,B,N,N,N,N,N,B,N,B,N,B,B,B,B,N,N,B,N,N,B,B,B,B,N,N,B,N,N,N,N,B,N
PLD1C;PLD2,B,N,N,N,N,N,B,N,B,N,B,B,B,B,N,N,B,N,N,B,B,B,B,N,N,B,N,N,N,N,B,N
bA203J24.5;PIP5KL1;PIPKH,C,C,C,C,C,N,C,N,N,N,C,C,C,C,N,N,N,N,C,C,C,C,C,C,N,C,C,N,N,N,C,C
PIP5K1C;PIP5K-GAMMA;PIP5K1-gamma;PIP5Kgamma;LCCS3,C,C,C,C,C,N,C,N,N,N,C,C,C,C,N,N,N,N,C,C,C,C,C,C,N,C,C,N,N,N,C,C
PIP5K1A,C,C,C,C,C,N,C,N,N,N,C,C,C,C,N,N,N,N,C,C,C,C,C,C,N,C,C,N,N,N,C,C
STM7;MSS4;PIP5K1B,C,C,C,C,C,N,C,N,N,N,C,C,C,C,N,N,N,N,C,C,C,C,C,C,N,C,C,N,N,N,C,C
MST105;ZFYVE2;EEA1;MSTP105,C,C,C,C,C,C,C,C,C,N,C,C,C,C,N,C,C,C,C,C,C,C,C,C,C,C,C,C,C,C,C,C
RABPT5;RABEP1;RAB5EP,N,N,N,N,N,N,N,N,N,N,N,N,N,N,N,N,N,N,N,N,N,N,N,N,N,N,N,N,N,N,N,N
ARFGEF2;PVNH2;dJ1164I10.1;BIG2,A,N,A,N,A,A,A,A,A,N,A,A,A,A,A,A,A,A,N,N,A,A,A,A,A,A,N,N,A,A,A,A
ARFGEF1;P200;ARFGEP1;BIG1,A,N,A,N,A,A,A,A,A,N,A,A,A,A,A,A,A,A,N,N,A,A,A,A,A,A,N,N,A,A,A,A
MRX18;IQSEC2;MRX1;BRAG1;MRX78,A,N,A,N,A,A,A,A,A,N,A,A,A,A,A,A,A,A,N,N,A,A,A,A,A,A,N,N,A,A,A,A
EFA6D;PSD3;HCA67;EFA6R,A,N,A,N,A,A,A,A,A,N,A,A,A,A,A,A,A,A,N,N,A,A,A,A,A,A,N,N,A,A,A,A
PSD4;TIC;EFA6B,A,N,A,N,A,A,A,A,A,N,A,A,A,A,A,A,A,A,N,N,A,A,A,A,A,A,N,N,A,A,A,A
PSCD4;CYTH4;CYT4;DJ63G5.1;cytohesin-4,A,N,A,N,A,A,A,A,A,N,A,A,A,A,A,A,A,A,A,N,A,A,A,A,A,A,N,N,A,A,A,A
IQSEC3,A,N,A,N,A,A,A,A,A,N,A,A,A,A,A,A,A,A,N,N,A,A,A,A,A,A,N,N,A,A,A,A
TYL;PSD;PSD1;EFA6;EFA6A,A,N,A,N,A,A,A,A,A,N,A,A,A,A,A,A,A,A,N,N,A,A,A,A,A,A,N,N,A,A,A,A
EFA6C;PSD2,A,N,A,A,A,A,A,A,A,N,A,A,A,A,A,A,A,A,A,A,A,A,A,A,A,A,A,A,A,A,A,A
GBF1;ARF1GEF,A,N,A,N,A,A,A,A,A,N,A,A,A,A,A,A,A,A,N,N,A,A,A,A,A,A,N,N,A,A,A,A
cytohesin-3;CYTH3;ARNO3;GRP1;PSCD3,A,N,A,N,A,A,A,A,A,N,A,A,A,A,A,A,A,A,N,N,A,A,A,A,A,A,N,N,A,A,A,A
CTS18.1;PSCD2L;ARNO;cytohesin-2;PSCD2;SEC7L;Sec7p-L;CTS18;CYTH2;Sec7p-like,A,A,A,A,A,A,A,A,A,N,A,A,A,A,A,A,A,A,A,N,A,A,A,A,A,A,A,A,A,A,A,A
B2-1;CYTH1;CYTOHESIN-1;PSCD1;D17S811E;SEC7,A,N,A,N,A,A,A,A,A,N,A,A,A,A,A,A,A,A,N,N,A,A,A,A,A,A,N,N,A,A,A,A
GEP100;IQSEC1;ARF-GEP100;BRAG2;ARFGEP100,A,N,A,N,A,A,A,A,A,N,A,A,A,A,A,A,A,A,N,N,A,A,A,A,A,A,N,N,A,A,A,A
CENTB5;ACAP3,A,A,A,A,A,A,A,A,A,N,A,A,A,A,A,A,A,A,A,A,A,A,A,A,A,A,A,A,A,A,A,A
PARX;CENTD1;ARAP2,A,A,A,A,A,A,A,A,A,N,A,A,A,A,A,A,A,A,A,A,A,A,A,A,A,A,A,A,A,A,A,A
CENTD2;ARAP1,A,A,A,A,A,A,A,A,A,N,A,A,A,A,A,A,A,A,A,A,A,A,A,A,A,A,A,A,A,A,A,A
PIKE;GGAP2;AGAP2;CENTG1,A,A,A,A,A,A,A,A,A,N,A,A,A,A,A,A,A,A,A,A,A,A,A,A,A,A,A,A,A,A,A,A
CENTG2;AGAP-1;cnt-g2;GGAP1;AGAP1,A,A,A,A,A,A,A,A,A,N,A,A,A,A,A,A,A,A,A,A,A,A,A,A,A,A,A,A,A,A,A,A
MRIP-1;CRAG;AGAP-3;AGAP3;CENTG3;cnt-g3,C,C,C,C,C,C,C,C,C,N,C,C,C,C,C,C,C,C,C,C,C,C,C,C,C,C,C,C,C,C,C,C
CNT-B2;CENTB2;ACAP2,A,A,A,A,A,A,A,A,A,N,A,A,A,A,A,A,A,A,A,A,A,A,A,A,A,A,A,A,A,A,A,A
ARFGAP3;ARFGAP1,A,A,A,A,A,A,A,A,A,N,A,A,A,A,A,A,A,A,A,A,A,A,A,A,A,A,A,A,A,A,A,A
GIT1,A,A,A,A,A,A,A,A,A,N,A,A,A,A,A,A,A,A,A,A,A,A,A,A,A,A,A,A,A,A,A,A
AMAP1;ZG14P;ASAP1;CENTB4;PAP;PAG2;DDEF1,A,A,A,A,A,A,A,A,A,N,A,A,A,A,A,A,A,A,A,A,A,A,A,A,A,A,A,A,A,A,A,A
CENTB6;DDEFL1;ASAP3;UPLC1;ACAP4,A,A,A,A,A,A,A,A,A,N,A,A,A,A,A,A,A,A,A,A,A,A,A,A,A,A,A,A,A,A,A,A
ARF1GAP;HRIHFB2281;ARFGAP1,A,A,A,A,A,A,A,A,A,N,A,A,A,A,A,A,A,A,A,A,A,A,A,A,A,A,A,A,A,A,A,A
SMAP-1;SMAP1,A,A,A,A,A,A,A,A,A,N,A,A,A,A,A,A,A,A,A,A,A,A,A,A,A,A,A,A,A,A,A,A
ARAP3;DRAG1;CENTD3,A,A,A,A,A,A,A,A,A,N,A,A,A,A,A,A,A,A,A,A,A,A,A,A,A,A,A,A,A,A,A,A
SMAP1L;SMAP2,A,A,A,A,A,A,A,A,A,N,A,A,A,A,A,A,A,A,A,A,A,A,A,A,A,A,A,A,A,A,A,A
ARFGAP2;ZFP289;ZNF289;NBLA10535;IRZ,A,A,A,A,A,A,A,A,A,N,A,A,A,A,A,A,A,A,A,A,A,A,A,A,A,A,A,A,A,A,A,A
Pap-alpha;CENTB3;ASAP2;PAP;SHAG1;PAG3;AMAP2;DDEF2,A,A,A,A,A,A,A,A,A,N,A,A,A,A,A,A,A,A,A,A,A,A,A,A,A,A,A,A,A,A,A,A
CENTB1;ACAP1,A,A,A,A,A,A,A,A,A,N,A,A,A,A,A,A,A,A,A,A,A,A,A,A,A,A,A,A,A,A,A,A
CAT2;CAT-2;GIT2;PKL,A,A,A,A,A,A,A,A,A,N,A,A,A,A,A,A,A,A,A,A,A,A,A,A,A,A,A,A,A,A,A,A
EHD3;PAST3,A,A,A,N,A,N,N,N,A,N,A,N,A,A,N,N,A,A,A,A,A,A,A,A,A,A,A,A,A,A,A,N
EHD1;PAST;PAST1;H-PAST;HPAST1,A,A,A,N,A,N,N,N,A,N,A,N,A,A,N,N,A,A,A,A,A,A,A,A,A,A,A,A,A,A,A,N
HRES1;HRES-1;RAB4;HRES-1/RAB4;RAB4A,C,C,C,C,C,C,C,C,C,C,C,C,C,C,C,C,C,C,C,C,C,C,C,C,C,C,C,C,C,C,C,C
EHD4;PAST4,A,A,A,N,A,N,N,N,A,N,A,N,A,A,N,N,A,A,A,A,A,A,A,A,A,A,A,A,A,A,A,N
EHD2;PAST2,A,A,A,N,A,N,N,N,A,N,A,N,A,A,N,N,A,A,A,A,A,A,A,A,A,A,A,A,A,A,A,N
RBSN;ZFYVE20;Rabenosyn-5,A,A,A,A,A,N,N,N,A,N,A,A,A,A,N,A,A,A,A,A,A,A,A,A,A,A,A,A,A,A,A,A
RUFY1;RABIP4;ZFYVE12,C,C,C,C,C,C,C,C,C,N,C,C,C,C,N,C,C,C,C,C,C,C,C,C,C,C,C,C,C,C,C,C
H1VPS45;VPS45A;SCN5;VPS45;VSP45A;H1;VPS54A;VSP45;VPS45B,A,N,A,A,A,A,A,N,A,N,A,A,N,A,A,A,A,N,A,A,N,N,A,A,A,N,A,N,N,A,A,A
HLA-A;HLAA,N,N,N,N,N,N,N,N,N,N,N,N,N,N,N,N,N,N,N,N,N,N,N,N,N,N,N,N,N,N,N,N
AS;HLA-B;B-4901;HLAB,N,N,N,N,N,N,N,N,N,N,N,N,N,N,N,N,N,N,N,N,N,N,N,N,N,N,N,N,N,N,N,N
PSORS1;HLAC;HLC-C;D6S204;HLA-C;HLA-JY3;MHC,N,N,N,N,N,N,N,N,N,N,N,N,N,N,N,N,N,N,N,N,N,N,N,N,N,N,N,N,N,N,N,N
QA1;HLA-E;HLA-6.2,N,N,N,N,N,N,N,N,N,N,N,N,N,N,N,N,N,N,N,N,N,N,N,N,N,N,N,N,N,N,N,N
CDA12;HLA-F;HLA-CDA12;HLA-5.4;HLAF,N,N,N,N,N,N,N,N,N,N,N,N,N,N,N,N,N,N,N,N,N,N,N,N,N,N,N,N,N,N,N,N
HLA-G;MHC-G,N,N,N,N,N,N,N,N,N,N,N,N,N,N,N,N,N,N,N,N,N,N,N,N,N,N,N,N,N,N,N,N
PRO2706;RAB7;RAB7A,C,C,C,C,C,C,C,C,C,C,C,C,C,C,C,C,C,C,C,C,C,C,C,C,C,C,C,C,C,C,C,C
AAT5;ACVRLK4;LDS1;MSSE;LDS1A;SKR4;LDS2A;ESS1;tbetaR-I;ALK-5;TGFR-1;TGFBR1;ALK5,B,B,B,B,B,B,B,B,B,B,B,B,B,B,B,B,B,B,B,B,B,B,B,B,B,B,B,B,B,B,B,B
MFS2;TGFR-2;TGFbeta-RII;RIIC;LDS2B;FAA3;TAAD2;TGFBR2;AAT3;LDS2;LDS1B,B,B,B,B,B,B,B,B,B,N,B,B,B,B,B,B,B,B,B,B,B,B,B,B,B,B,B,B,B,B,B,B
NSP;ZFYVE9;PPP1R173;SMADIP;MADHIP;SARA,C,C,C,C,C,C,C,C,C,N,C,C,C,C,N,C,C,C,C,C,C,C,C,C,C,C,C,C,C,C,C,C
ZFYVE16;PPP1R69,C,C,C,C,C,C,C,C,C,N,C,C,C,C,N,C,C,C,C,C,C,C,C,C,C,C,C,C,C,C,C,C
JV18-1;JV18;hSMAD2;SMAD2;MADR2;MADH2;hMAD-2,N,N,N,N,N,N,N,N,N,N,N,N,N,N,N,N,N,N,N,N,N,N,N,N,N,N,N,N,N,N,N,N
LDS3;LDS1C;JV15-2;MADH3;SMAD3;HSPC193;HsT17436,N,N,N,N,N,N,N,N,N,N,N,N,N,N,N,N,N,N,N,N,N,N,N,N,N,N,N,N,N,N,N,N
PML;RNF71;PP8675;TRIM19;MYL,A,A,A,A,A,A,A,A,A,N,A,A,A,A,A,A,A,A,A,A,A,A,A,A,A,A,A,A,A,A,A,A
MSTP085;LCCNS;CGL3;BSCL3;CAV;CAV1;PPH3;VIP21,N,N,N,N,N,N,N,N,N,N,N,N,N,N,N,N,N,N,N,N,N,N,N,N,N,N,N,N,N,N,N,N
CAV2;CAV,N,N,N,N,N,N,N,N,N,N,N,N,N,N,N,N,N,N,N,N,N,N,N,N,N,N,N,N,N,N,N,N
LQT9;VIP-21;LGMD1C;VIP21;CAV3,N,N,N,N,N,N,N,N,N,N,N,N,N,N,N,N,N,N,N,N,N,N,N,N,N,N,N,N,N,N,N,N
TCGFR;IL2R;p55;IL2RA;IDDM10;CD25;IMD41,N,N,N,N,N,N,N,N,N,N,N,N,N,N,N,N,N,N,N,N,N,N,N,N,N,N,N,N,N,N,N,N
CD122;IL15RB;P70-75;IL2RB,N,N,N,N,N,N,N,N,N,N,N,N,N,N,N,N,N,N,N,N,N,N,N,N,N,N,N,N,N,N,N,N
P64;IMD4;SCIDX1;SCIDX;CD132;IL2RG;CIDX;IL-2RG,N,N,N,N,N,N,N,N,N,N,N,N,N,N,N,N,N,N,N,N,N,N,N,N,N,N,N,N,N,N,N,N
RHO12;RHOA;ARH12;ARHA;RHOH12,C,C,C,C,C,C,C,C,C,C,C,C,C,C,C,C,C,C,C,C,C,C,C,C,C,C,C,C,C,C,C,C
FBP;FOLR;FOLR1,N,N,N,N,N,N,N,N,N,N,N,N,N,N,N,N,N,N,N,N,N,N,N,N,N,N,N,N,N,N,N,N
FR-BETA;FOLR2;FBP/PL-1;FR-P3;BETA-HFR;FBP,N,N,N,N,N,N,N,N,N,N,N,N,N,N,N,N,N,N,N,N,N,N,N,N,N,N,N,N,N,N,N,N
gamma-hFR;FR-gamma;FR-G;FOLR3,N,N,N,N,N,N,N,N,N,N,N,N,N,N,N,N,N,N,N,N,N,N,N,N,N,N,N,N,N,N,N,N
FOLR4;JUNO;Folbp3;IZUMO1R,N,N,N,N,N,N,N,N,N,N,N,N,N,N,N,N,N,N,N,N,N,N,N,N,N,N,N,N,N,N,N,N
CHMP7,A,A,N,N,N,A,N,A,A,N,N,A,N,N,N,N,A,N,A,A,N,N,A,A,N,N,N,A,A,N,N,A
ARF1,C,C,C,C,C,C,C,C,C,N,C,C,C,C,C,C,C,C,C,C,C,C,C,C,C,C,C,C,C,C,C,C
ARF3,C,C,C,C,C,C,C,C,C,N,C,C,C,C,C,C,C,C,C,C,C,C,C,C,C,C,C,C,C,C,C,C
ARF5,C,C,C,C,C,C,C,C,C,N,C,C,C,C,C,C,C,C,C,C,C,C,C,C,C,C,C,C,C,C,C,C
SPG33;PROTRUDIN;ZFYVE27,C,C,C,C,C,N,N,N,C,N,C,C,C,C,N,C,C,C,C,C,C,C,C,C,C,C,C,C,C,C,C,C
SPG10;MY050;D12S1889;KIF5A;NKHC;NEIMY,A,A,A,A,A,A,A,A,A,A,A,A,A,A,A,A,A,A,A,A,A,A,A,A,A,A,A,A,A,A,A,A
HEL-S-61;KIF5B;KINH;KNS;UKHC;KNS1,A,A,A,A,A,A,A,A,A,A,A,A,A,A,A,A,A,A,A,A,A,A,A,A,A,A,A,A,A,A,A,A
NKHC2;KIF5C;CDCBM2;NKHC;KINN;NKHC-2,A,A,A,A,A,A,A,A,A,A,A,A,A,A,A,A,A,A,A,A,A,A,A,A,A,A,A,A,A,A,A,A
WASH1;WASHC1;FAM39E;WASH,N,N,N,N,N,N,N,N,N,N,N,N,N,N,N,N,N,N,N,N,N,N,N,N,N,N,N,N,N,N,N,N
WASHC2C;FAM21C;VPEF;FAM21A,N,N,A,N,A,N,N,N,A,N,N,N,N,N,N,N,N,N,N,N,N,A,N,N,N,N,N,N,N,N,A,N
FAM21B;WASHC2A;bA56A21.1;FAM21A;bA98I6.1,N,N,A,N,A,N,N,N,A,N,N,N,N,N,N,N,N,N,N,N,N,A,N,N,N,N,N,N,N,N,A,N
WASHC3;CCDC53;CGI-116,A,A,N,N,A,N,N,N,N,N,N,A,A,N,N,N,N,A,N,N,A,N,A,N,N,N,N,N,N,N,A,N
SWIP;KIAA1033;WASHC4;MRT43,B,B,N,N,B,N,N,N,B,N,B,B,N,B,B,N,N,N,N,N,B,N,N,B,N,B,N,N,N,N,B,N
RTSC;WASHC5;KIAA0196;SPG8;RTSC1,N,N,A,N,A,N,N,N,N,N,N,N,N,A,N,N,N,N,N,N,A,N,A,N,N,A,N,N,N,A,A,N
CAZ1;CAPZ;CAPZA1;CAPPA1,A,A,A,N,N,N,N,N,A,N,N,A,A,N,N,N,N,N,N,N,A,A,N,N,N,A,A,A,N,A,A,A
CAPPA2;CAPZA2;CAPZ,A,A,A,N,N,N,N,N,A,N,N,A,A,N,N,N,N,N,N,N,A,A,N,N,N,A,A,A,N,A,A,A
CAPPA3;CAPZA3;Gsg3;HEL-S-86,A,A,A,N,N,N,N,N,A,N,N,A,A,N,N,N,N,N,N,N,A,A,N,N,N,A,A,A,N,A,A,A
SPG20;TAHCCP1;SPART,N,N,A,N,N,N,N,A,A,N,A,N,N,A,N,N,N,N,N,N,N,N,A,A,N,N,N,N,N,N,N,N
CAPPB;CAPB;CAPZ;CAPZB,N,N,A,N,N,N,N,N,A,N,A,A,A,A,N,N,A,N,A,N,N,N,N,A,A,N,N,N,A,N,A,N
RAB35;H-ray;RAY;RAB1C,C,C,C,C,C,C,C,C,C,C,C,C,C,C,C,C,C,C,C,C,C,C,C,C,C,C,C,C,C,C,C,C
RAB10,C,C,C,C,C,C,C,C,C,C,C,C,C,C,C,C,C,C,C,C,C,C,C,C,C,C,C,C,C,C,C,C
SNX4;ATG24B,A,A,A,N,A,N,N,N,A,N,A,N,A,A,A,N,A,A,N,N,A,A,A,A,N,N,N,A,N,A,A,A
VPS26B;Pep8b,A,A,A,A,A,N,N,N,A,N,A,N,A,A,A,N,A,N,N,N,N,N,A,A,A,N,A,N,A,A,A,N
PEP8A;VPS26;VPS26A;HB58;Hbeta58,A,A,A,A,A,N,N,N,A,N,A,N,A,A,A,N,A,N,N,N,N,N,A,A,A,N,A,N,A,A,A,N
Rab22B;RAB31,C,C,C,C,C,C,C,C,C,C,C,C,C,C,C,C,C,C,C,C,C,C,C,C,C,C,C,C,C,C,C,C
RAB22A,C,C,C,C,C,C,C,C,C,C,C,C,C,C,C,C,C,C,C,C,C,C,C,C,C,C,C,C,C,C,C,C
DC15;DC7;VPS29;PEP11,N,N,N,N,N,N,N,N,N,N,N,N,N,N,N,N,N,N,N,N,N,N,N,N,N,N,N,N,N,N,N,N
VPS35;MEM3;PARK17,A,A,N,A,A,A,N,A,A,N,A,N,A,A,A,N,A,A,A,N,N,N,A,A,N,N,A,A,N,A,N,A
MEL;RAB8;RAB8A,C,C,C,C,C,C,C,C,C,C,C,C,C,C,C,C,C,C,C,C,C,C,C,C,C,C,C,C,C,C,C,C
RAB11-FIP4;RAB11FIP4;FIP4-Rab11,N,N,N,N,N,N,N,N,N,N,N,N,N,N,N,N,N,N,N,N,N,N,N,N,N,N,N,N,N,N,N,N
Rab11-FIP3;RAB11FIP3;CART1,N,N,N,N,N,N,N,N,N,N,N,N,N,N,N,N,N,N,N,N,N,N,N,N,N,N,N,N,N,N,N,N
AMPH;AMPH1,A,N,A,N,A,N,N,N,A,N,N,N,A,A,N,N,N,N,N,N,A,A,A,A,N,A,A,A,A,N,A,N
AMPHL;BIN1;AMPH2;SH3P9,N,N,N,N,N,N,N,N,N,N,N,N,N,N,N,N,N,N,N,N,N,N,N,N,N,N,N,N,N,N,N,N
GL010;SPG21;MAST;ACP33;BM-019,N,N,N,N,N,N,N,N,N,N,N,N,N,N,N,N,N,N,N,N,N,N,N,N,N,N,N,N,N,N,N,N
dJ127C7.3;p16-Arc;ARC16;ARPC5,A,N,A,N,N,N,N,N,A,N,A,N,N,N,A,N,N,N,A,N,N,N,A,N,N,A,N,A,N,A,A,A
P20-ARC;ARPC4;ARC20,N,A,A,N,A,N,N,N,A,N,A,A,A,A,N,N,N,N,A,N,A,A,A,A,A,A,N,A,N,A,A,N
p21-Arc;ARC21;ARPC3,A,A,A,N,N,N,N,N,A,N,A,A,A,A,A,N,N,N,A,N,A,A,A,A,A,A,A,N,A,A,A,A
p41-ARC;p40-ARC;ARPC1B;ARC41,A,A,N,N,A,N,A,A,A,N,A,N,N,A,A,A,N,N,A,N,A,A,A,A,N,N,N,A,N,N,A,A
ARC34;ARPC2;PRO2446;p34-Arc;PNAS-139,N,N,N,N,N,N,N,N,A,N,A,N,A,N,N,N,N,N,N,N,A,N,A,N,N,N,N,N,N,N,N,A
SOP2L;SOP2Hs;ARPC1A;Arc40;HEL-68;HEL-S-307,A,A,N,N,A,N,A,A,A,N,A,N,N,A,A,A,N,N,A,N,A,A,A,A,N,N,N,A,N,N,A,A
ARPC5L;ARC16-2,A,N,A,N,N,N,N,N,A,N,A,N,N,N,A,N,N,N,A,N,N,N,A,N,N,A,N,A,N,A,A,A
SNX12,A,A,A,N,A,N,N,N,A,N,A,N,A,A,A,N,A,A,N,N,A,A,A,A,N,N,N,A,N,A,A,A
Grd19;SDP3;SNX3;MCOPS8,A,A,A,N,A,N,N,N,A,N,A,N,A,A,A,N,A,A,N,N,A,A,A,A,N,N,N,A,N,A,A,A
HsT17379;VPS5;SNX1,A,A,A,N,A,N,N,N,A,N,A,N,A,A,A,N,A,A,N,N,A,A,A,A,N,N,N,A,N,A,A,A
TRG-9;SNX2,A,A,A,N,A,N,N,N,A,N,A,N,A,A,A,N,A,A,N,N,A,A,A,A,N,N,N,A,N,A,A,A
SNX6B;SNX32,A,N,A,N,N,N,N,N,A,N,A,N,A,A,A,N,N,A,N,N,A,A,A,N,N,N,N,A,N,A,A,A
SNX5,A,N,A,N,N,N,N,N,A,N,A,N,A,A,A,N,N,A,N,N,A,A,A,N,N,N,N,A,N,A,A,A
MSTP010;TFAF2;SNX6,A,N,A,N,N,N,N,N,A,N,A,N,A,A,A,N,N,A,N,N,A,A,A,N,N,N,N,A,N,A,A,A
MPRI;CI-M6PR;CIMPR;CD222;M6P/IGF2R;MPR300;IGF2R;M6P-R;MPR1;MPR_300,N,N,N,N,N,N,N,N,N,N,N,N,N,N,N,N,N,N,N,N,N,N,N,N,N,N,N,N,N,N,N,N
WASP;THC1;WAS;SCNX;THC;WASPA;IMD2,N,A,A,N,N,N,N,A,A,N,A,N,A,A,N,N,N,N,N,A,A,A,N,N,N,N,N,N,N,N,A,N
NWASP;N-WASP;WASPB;WASL,N,B,B,N,N,N,N,B,B,N,B,B,B,B,B,N,N,N,N,B,B,B,N,B,N,N,N,N,N,N,B,N
WIRE;WIPF2;WICH,N,N,N,N,N,N,N,N,N,N,N,N,N,N,N,N,N,N,N,N,N,N,N,N,N,N,N,N,N,N,N,N
WIPF3;CR16,N,N,N,N,N,N,N,N,N,N,N,N,N,N,N,N,N,N,N,N,N,N,N,N,N,N,N,N,N,N,N,N
PRPL-2;WIPF1;WIP;WAS2;WASPIP,N,N,N,N,N,N,N,N,N,N,N,N,N,N,N,N,N,N,N,N,N,N,N,N,N,N,N,N,N,N,N,N
IST1;OLC1;KIAA0174,A,A,A,N,A,A,N,N,A,N,A,A,A,N,N,N,A,N,A,N,N,N,A,N,A,A,A,N,A,N,A,A
HEL-S-50;UBB,D,D,D,N,N,N,D,D,D,N,D,N,D,D,D,D,D,D,D,N,D,D,D,D,N,D,D,N,D,D,D,D
