ASPS;CSNK1D;CKIdelta;HCKID;FASPS2,B,B,B,B,B,B,B,B,B,B,B,B,B,B,B,B,B,B,B,B,B,B,B,B,B,B,B,B,B,B,B,B
PRKACA;PRKCA;PKC-alpha;AAG6;PKCA,B,B,B,B,B,B,B,B,B,B,B,B,B,B,B,B,B,B,B,B,B,B,B,B,B,B,B,B,B,B,B,B
PKC-beta;PKCB;PRKCB2;PRKCB;PRKCB1,B,B,B,B,B,B,B,B,B,B,B,B,B,B,B,B,B,B,B,B,B,B,B,B,B,B,B,B,B,B,B,B
PKCC;PKCG;PKC-gamma;SCA14;PRKCG,B,B,B,B,B,B,B,B,B,B,B,B,B,B,B,B,B,B,B,B,B,B,B,B,B,B,B,B,B,B,B,B
GNAI1;Gi,N,N,A,N,N,N,N,A,A,N,A,A,N,A,N,A,N,N,N,A,A,A,N,A,N,A,N,A,A,N,N,A
GIP;GNAI2B;GNAI2;H_LUCA16.1;H_LUCA15.1,N,N,N,N,N,N,N,N,N,N,N,N,N,N,N,N,N,N,N,N,N,N,N,N,N,N,N,N,N,N,N,N
GNAI3;ARCND1;87U6,N,N,A,N,N,N,N,A,A,N,A,A,N,A,N,A,N,N,N,A,A,A,N,A,N,A,N,A,A,N,N,A
CMDR;EKVP;AVSD3;HLHS1;PPKCA;GJA1;GJAL;HSS;ODDD;EKVP3;CX43,N,N,N,N,N,N,N,N,N,N,N,N,N,N,N,N,N,N,N,N,N,N,N,N,N,N,N,N,N,N,N,N
CX36;GJD2;GJA9,N,N,N,N,N,N,N,N,N,N,N,N,N,N,N,N,N,N,N,N,N,N,N,N,N,N,N,N,N,N,N,N
PRKM7;BMK1;ERK5;ERK4;MAPK7,D,D,D,D,D,D,D,D,D,D,D,D,D,D,D,D,D,D,D,D,D,D,D,D,D,D,D,D,D,D,D,D
MEKK2;MAP3K2;MEKK2B,B,B,B,B,B,B,B,B,B,B,B,B,B,B,B,B,B,B,B,B,B,B,B,B,B,B,B,B,B,B,B,B
MEK5;PRKMK5;MAPKK5;HsT17454;MAP2K5,D,D,D,D,D,D,D,D,D,N,D,D,D,D,D,D,D,D,D,D,D,D,D,D,D,D,D,D,D,D,D,D
cGK;cGK1;PRKG1;PKG;cGKI-BETA;AAT8;cGKI;cGK_1;PRKGR1B;cGKI-alpha;PRKG1B,B,B,B,B,B,B,B,B,B,B,B,B,B,B,B,B,B,B,B,B,B,B,B,B,B,B,B,B,B,B,B,B
PRKGR2;cGK2;PRKG2;cGKII,B,B,B,B,B,B,B,B,B,B,B,B,B,B,B,B,B,B,B,B,B,B,B,B,B,B,B,B,B,B,B,B
HTR2;5-HT2A;HTR2A,N,N,N,N,N,N,N,N,N,N,N,N,N,N,N,N,N,N,N,N,N,N,N,N,N,N,N,N,N,N,N,N
5-HT2B;5-HT-2B;HTR2B;5-HT(2B),N,N,N,N,N,N,N,N,N,N,N,N,N,N,N,N,N,N,N,N,N,N,N,N,N,N,N,N,N,N,N,N
5-HTR2C;5-HT2C;5HTR2C;HTR2C;5-HT1C;HTR1C,N,N,N,N,N,N,N,N,N,N,N,N,N,N,N,N,N,N,N,N,N,N,N,N,N,N,N,N,N,N,N,N
CDK1;P34CDC2;CDC28A;CDC2,D,D,D,D,D,D,D,D,D,D,D,D,D,D,D,D,D,D,D,D,D,D,D,D,D,D,D,D,D,D,D,D
GPR26;VZG1;Mrec1.3;Gpcr26;rec.1.3;EDG2;edg-2;LPA1;vzg-1;LPAR1,N,N,N,N,N,N,N,N,N,N,N,N,N,N,N,N,N,N,N,N,N,N,N,N,N,N,N,N,N,N,N,N
PRKACA;PKACA;PPNAD4,B,B,B,B,B,B,B,B,B,B,B,B,B,B,B,B,B,B,B,B,B,B,B,B,B,B,B,B,B,B,B,B
PKACB;PRKACB;PKA_C-beta,B,B,B,B,B,B,B,B,B,B,B,B,B,B,B,B,B,B,B,B,B,B,B,B,B,B,B,B,B,B,B,B
BDPLT19;PKACg;PRKACG;KAPG,B,B,B,B,B,B,B,B,B,B,B,B,B,B,B,B,B,B,B,B,B,B,B,B,B,B,B,B,B,B,B,B
ZO-1;TJP1,N,A,A,N,N,N,N,N,N,N,A,N,N,A,N,A,N,N,N,N,A,A,N,N,N,A,N,N,N,N,A,A
TUBB3;FEOM3;CDCBM;CFEOM3;beta-4;CDCBM1;TUBB4;CFEOM3A,C,C,C,C,C,C,C,C,C,C,C,C,C,C,C,C,C,C,C,C,C,C,C,C,C,C,C,C,C,C,C,C
TUBB4A;TUBB4;DYT4;beta-5,C,C,C,C,C,C,C,C,C,C,C,C,C,C,C,C,C,C,C,C,C,C,C,C,C,C,C,C,C,C,C,C
TUBB2C;Beta2;TUBB2;TUBB4B,C,C,C,C,C,C,C,C,C,C,C,C,C,C,C,C,C,C,C,C,C,C,C,C,C,C,C,C,C,C,C,C
CSCSC1;M40;CDCBM6;TUBB;TUBB5;TUBB1;OK/SW-cl.56,C,C,C,C,C,C,C,C,C,C,C,C,C,C,C,C,C,C,C,C,C,C,C,C,C,C,C,C,C,C,C,C
OOMD2;OOMD;bA631M21.2;TUBB8,C,C,C,C,C,C,C,C,C,C,C,C,C,C,C,C,C,C,C,C,C,C,C,C,C,C,C,C,C,C,C,C
CDCBM7;bA506K6.1;TUBB2B;PMGYSA,C,C,C,C,C,C,C,C,C,C,C,C,C,C,C,C,C,C,C,C,C,C,C,C,C,C,C,C,C,C,C,C
CDCBM5;TUBB2A;TUBB2;TUBB,C,C,C,C,C,C,C,C,C,C,C,C,C,C,C,C,C,C,C,C,C,C,C,C,C,C,C,C,C,C,C,C
TUBB1,C,C,C,C,C,C,C,C,C,C,C,C,C,C,C,C,C,C,C,C,C,C,C,C,C,C,C,C,C,C,C,C
HsT1601;TUBB-5;TUBB6,C,C,C,C,C,C,C,C,C,C,C,C,C,C,C,C,C,C,C,C,C,C,C,C,C,C,C,C,C,C,C,C
DFNB44;AC1;ADCY1,B,B,B,B,B,B,N,B,B,N,B,B,B,B,B,N,B,B,B,B,B,B,B,B,N,B,B,N,B,B,B,B
ADCY2;HBAC2;AC2,B,B,B,B,B,B,N,B,B,N,B,B,B,B,B,N,B,B,B,B,B,B,B,B,N,B,B,N,B,B,B,B
AC3;ADCY3;AC-III,B,B,B,B,B,B,N,B,B,N,B,B,B,B,B,N,B,B,B,B,B,B,B,B,N,B,B,N,B,B,B,B
FDFM;AC5;ADCY5,B,B,B,B,B,B,N,B,B,N,B,B,B,B,B,N,B,B,B,B,B,B,B,B,N,B,B,N,B,B,B,B
LCCS8;ADCY6;AC6,B,B,B,B,B,B,N,B,B,N,B,B,B,B,B,N,B,B,B,B,B,B,B,B,N,B,B,N,B,B,B,B
AC7;ADCY7,B,B,B,B,B,B,N,B,B,N,B,B,B,B,B,N,B,B,B,B,B,B,B,B,N,B,B,N,B,B,B,B
HBAC1;AC8;ADCY3;ADCY8,B,B,B,B,B,B,N,B,B,N,B,B,B,B,B,N,B,B,B,B,B,B,B,B,N,B,B,N,B,B,B,B
ACIX;ADCY9;AC9,B,B,B,B,B,B,N,B,B,N,B,B,B,B,B,N,B,B,B,B,B,B,B,B,N,B,B,N,B,B,B,B
ADCY4;AC4,B,B,B,B,B,B,N,B,B,N,B,B,B,B,B,N,B,B,B,B,B,B,B,B,N,B,B,N,B,B,B,B
SRC1;THC6;c-SRC;ASV;p60-Src;SRC,B,B,B,B,B,B,B,B,B,B,B,B,B,B,B,B,B,B,B,B,B,B,B,B,B,B,B,B,B,B,B,B
K-ALPHA-1;TUBA1B,C,C,C,C,C,C,C,C,C,C,C,C,C,C,C,C,C,C,C,C,C,C,C,C,C,C,C,C,C,C,C,C
TUBA3E,C,C,C,C,C,C,C,C,C,C,C,C,C,C,C,C,C,C,C,C,C,C,C,C,C,C,C,C,C,C,C,C
H2-ALPHA;TUBA3D,C,C,C,C,C,C,C,C,C,C,C,C,C,C,C,C,C,C,C,C,C,C,C,C,C,C,C,C,C,C,C,C
TUBA8;TUBAL2;CDCBM8,C,C,C,C,C,C,C,C,C,C,C,C,C,C,C,C,C,C,C,C,C,C,C,C,C,C,C,C,C,C,C,C
TUBA4A;ALS22;TUBA1;H2-ALPHA,C,C,C,C,C,C,C,C,C,C,C,C,C,C,C,C,C,C,C,C,C,C,C,C,C,C,C,C,C,C,C,C
TUBA3C;TUBA2;bA408E5.3,C,C,C,C,C,C,C,C,C,C,C,C,C,C,C,C,C,C,C,C,C,C,C,C,C,C,C,C,C,C,C,C
B-ALPHA-1;TUBA1A;LIS3;TUBA3,C,C,C,C,C,C,C,C,C,C,C,C,C,C,C,C,C,C,C,C,C,C,C,C,C,C,C,C,C,C,C,C
TUBAL3,C,C,C,C,C,C,C,C,C,C,C,C,C,C,C,C,C,C,C,C,C,C,C,C,C,C,C,C,C,C,C,C
TUBA1C;bcm948;TUBA6,C,C,C,C,C,C,C,C,C,C,C,C,C,C,C,C,C,C,C,C,C,C,C,C,C,C,C,C,C,C,C,C
GUC1A2;GC-SA2;GUCY1A2,B,B,B,B,B,B,N,B,B,N,B,B,B,B,B,N,B,B,B,B,B,B,B,B,N,B,B,N,B,B,B,B
GUCY1A3;GC-SA3;MYMY6;GUCSA3;GUCA3;GUC1A3;GUCY1A1,B,B,B,B,B,B,N,B,B,N,B,B,B,B,B,N,B,B,B,B,B,B,B,B,N,B,B,N,B,B,B,B
GUCY1B3;GUC1B3;GUCSB3;GC-SB3;GUCY1B1;GC-S-beta-1;GUCB3,B,B,B,B,B,B,N,B,B,N,B,B,B,B,B,N,B,B,B,B,B,B,B,B,N,B,B,N,B,B,B,B
p41;PRKM1;MAPK1;ERT1;P42MAPK;ERK-2;ERK2;MAPK2;p38;p41mapk;PRKM2;ERK;p42-MAPK;p40,D,D,D,D,D,D,D,D,D,D,D,D,D,D,D,D,D,D,D,D,D,D,D,D,D,D,D,D,D,D,D,D
ERT2;ERK1;p44-MAPK;HUMKER1A;P44ERK1;MAPK3;ERK-1;PRKM3;P44MAPK;p44-ERK1;HS44KDAP,D,D,D,D,D,D,D,D,D,D,D,D,D,D,D,D,D,D,D,D,D,D,D,D,D,D,D,D,D,D,D,D
MAPKK1;MAP2K1;PRKMK1;MKK1;CFC3;MEK1,D,D,D,D,D,D,D,D,D,N,D,D,D,D,D,D,D,D,D,D,D,D,D,D,D,D,D,D,D,D,D,D
PRKMK2;MKK2;CFC4;MEK2;MAP2K2;MAPKK2,D,D,D,D,D,D,D,D,D,N,D,D,D,D,D,D,D,D,D,D,D,D,D,D,D,D,D,D,D,D,D,D
NS5;CRAF;Raf-1;CMD1NN;c-Raf;RAF1,B,B,B,B,B,B,B,B,B,N,B,B,B,B,B,B,B,B,B,B,B,B,B,B,B,B,B,B,B,B,B,B
RASH1;CTLO;HAMSV;HRAS;p21ras;C-HA-RAS1;HRAS1;C-BAS/HAS;H-RASIDX;C-H-RAS,C,C,C,C,C,C,C,C,C,C,C,C,C,C,C,C,C,C,C,C,C,C,C,C,C,C,C,C,C,C,C,C
K-RAS4A;K-RAS2B;KI-RAS;KRAS;KRAS1;K-RAS4B;c-Ki-ras2;NS3;KRAS2;NS;K-Ras;RALD;K-RAS2A;CFC2;C-K-RAS;RASK2,C,C,C,C,C,C,C,C,C,C,C,C,C,C,C,C,C,C,C,C,C,C,C,C,C,C,C,C,C,C,C,C
CMNS;NCMS;NS6;ALPS4;NRAS1;N-ras;NRAS,C,C,C,C,C,C,C,C,C,C,C,C,C,C,C,C,C,C,C,C,C,C,C,C,C,C,C,C,C,C,C,C
SOS1;GGF1;HGF;NS4;GINGF;GF1,A,A,A,A,A,A,A,A,A,N,A,A,A,A,A,A,A,A,A,A,A,A,A,A,A,A,A,A,A,A,A,A
SOS2;SOS-2;NS9,A,A,A,A,A,A,A,A,A,N,A,A,A,A,A,A,A,A,A,A,A,A,A,A,A,A,A,A,A,A,A,A
EGFRBP-GRB2;MST084;GRB2;ASH;Grb3-3;MSTP084;NCKAP2,A,A,A,N,A,N,N,N,A,N,A,N,A,A,A,N,A,N,A,A,A,A,A,A,A,A,A,A,A,A,A,A
NISBD2;HER1;ERBB;PIG61;EGFR;ERBB1;mENA,B,B,B,B,B,B,B,B,B,B,B,B,B,B,B,B,B,B,B,B,B,B,B,B,B,B,B,B,B,B,B,B
PDGFR2;CD140A;PDGFRA;PDGFR-2,B,B,B,B,B,B,B,B,B,N,B,B,B,B,B,B,B,B,B,B,B,B,B,B,B,B,B,B,B,B,B,B
PDGFR;PENTT;JTK12;PDGFR-1;PDGFR1;CD140B;IBGC4;PDGFRB;IMF1;KOGS,B,B,B,B,B,B,B,B,B,N,B,B,B,B,B,B,B,B,B,B,B,B,B,B,B,B,B,B,B,B,B,B
EGF;HOMG4;URG,N,A,A,A,N,N,N,A,A,N,A,A,N,A,N,A,A,A,N,A,A,A,A,A,N,A,A,N,A,N,A,A
PDGF1;PDGF-A;PDGFA,N,N,N,N,N,N,N,N,N,N,N,N,N,N,N,N,N,N,N,N,N,N,N,N,N,N,N,N,N,N,N,N
IBGC5;PDGF-2;SIS;SSV;PDGFB;c-sis;PDGF2,N,N,N,N,N,N,N,N,N,N,N,N,N,N,N,N,N,N,N,N,N,N,N,N,N,N,N,N,N,N,N,N
PDGFC;FALLOTEIN;SCDGF,N,N,N,N,N,N,N,N,N,N,N,N,N,N,N,N,N,N,N,N,N,N,N,N,N,N,N,N,N,N,N,N
IEGF;SCDGF-B;PDGFD;SCDGFB;MSTP036,N,N,N,N,N,N,N,N,N,N,N,N,N,N,N,N,N,N,N,N,N,N,N,N,N,N,N,N,N,N,N,N
ADRB1;B1AR;RHR;BETA1AR;ADRB1R,N,N,N,N,N,N,N,N,N,N,N,N,N,N,N,N,N,N,N,N,N,N,N,N,N,N,N,N,N,N,N,N
GSP;AHO;GNAS;SgVI;GPSA;GSA;NESP;SCG6;C20orf45;POH;GNAS1,N,N,N,N,N,N,N,N,N,N,N,N,N,N,N,N,N,N,N,N,N,N,N,N,N,N,N,N,N,N,N,N
GNA-11;HHC2;GNA11;FBH;FHH2;FBH2;HYPOC2,A,N,N,N,N,N,N,N,A,N,A,N,A,N,N,N,N,N,N,N,N,N,A,N,N,N,N,N,N,N,N,N
CMC1;G-ALPHA-q;GAQ;SWS;GNAQ,A,N,N,N,N,N,N,N,A,N,A,N,A,N,N,N,N,N,N,N,N,N,A,N,N,N,N,N,N,N,N,N
GPRC1A;MGLUR1;SCAR13;MGLU1;PPP1R85;GRM1,A,A,A,N,N,N,N,N,A,N,A,N,N,A,A,N,N,N,A,A,A,N,A,N,A,N,A,N,N,A,A,N
GRM5;mGlu5;PPP1R86;GPRC1E;MGLUR5,D,D,D,N,N,D,N,N,D,N,D,N,N,D,D,N,N,N,D,D,D,N,D,D,D,N,D,N,N,D,D,N
DRD2;D2DR;D2R,N,N,N,N,N,N,N,N,N,N,N,N,N,N,N,N,N,N,N,N,N,N,N,N,N,N,N,N,N,N,N,N
EIEE12;PLC-beta-1;PLCB1B;PLC-154;PLCB1;PLCB1A;PI-PLC;PLC154;PLC-I,A,A,A,N,A,N,A,N,A,N,A,N,A,A,A,N,N,A,N,N,N,A,A,N,A,A,N,A,N,N,A,N
PLCB2;PLC-beta-2,A,A,A,N,A,N,A,N,A,N,A,N,A,A,A,N,N,A,N,N,N,A,A,N,A,A,N,A,N,N,A,N
PLCB3,A,A,A,N,A,N,A,N,A,N,A,N,A,A,A,N,N,A,N,N,N,A,A,N,A,A,N,A,N,N,A,N
PI-PLC;ARCND2;PLCB4,A,A,A,N,A,N,A,N,A,N,A,N,A,A,A,N,N,A,N,N,N,A,A,N,A,A,N,A,N,N,A,N
DADR;DRD1;DRD1A,N,N,N,N,N,N,N,N,N,N,N,N,N,N,N,N,N,N,N,N,N,N,N,N,N,N,N,N,N,N,N,N
ACV;CLA4;PPP1R94;ITPR1;SCA16;INSP3R1;IP3R1;SCA29;SCA15;IP3R,A,N,N,A,N,N,N,N,N,N,A,N,A,A,A,N,N,N,N,A,N,N,N,N,N,N,N,N,N,N,A,N
INSP3R2;ITPR2;ANHD;CFAP48;IP3R2,A,N,N,A,N,N,N,N,N,N,A,N,A,A,A,N,N,N,N,A,N,N,N,N,N,N,N,N,N,N,A,N
IP3R;IP3R3;ITPR3,A,N,N,A,N,N,N,N,N,N,A,N,A,A,A,N,N,N,N,A,N,N,N,N,N,N,N,N,N,N,A,N
