ATAG1874;NCSTN,N,N,A,N,N,N,N,N,A,N,N,A,N,A,N,N,N,N,N,N,N,N,N,A,N,N,N,N,A,N,A,N
APH-1A;CGI-78;6530402N02Rik;APH-1;APH1A,N,A,A,N,N,N,N,N,A,N,N,A,N,N,N,N,N,N,A,N,N,N,N,A,N,A,N,N,N,N,A,A
APH-1B;PRO1328;APH1B;PSFL;TAAV688,N,A,A,N,N,N,N,N,A,N,N,A,N,N,N,N,N,N,A,N,N,N,N,A,N,A,N,N,N,N,A,A
FAD;PS-1;AD3;S182;PS1;PSEN1,A,A,N,N,A,N,A,N,A,N,N,A,A,N,N,N,N,N,N,A,N,N,N,A,N,A,N,N,N,A,A,N
PS2;STM2;PSEN2;AD3L;CMD1V;AD4,A,A,N,N,A,N,A,N,A,N,N,A,A,N,N,N,N,N,N,A,N,N,N,A,N,A,N,N,N,A,A,N
GON-10;HD1;HDAC1;RPD3L1;RPD3,B,B,B,N,B,N,B,B,B,N,B,B,B,B,B,N,B,B,B,B,B,B,N,N,N,B,N,B,B,B,B,N
HDAC2;HD2;YAF1;RPD3,B,B,B,N,B,N,B,B,B,N,B,B,B,B,B,N,B,B,B,B,B,B,N,N,N,B,N,B,B,B,B,N
CIR;CIR1,N,N,N,N,N,N,N,N,N,N,N,N,N,N,N,N,N,N,N,N,N,N,N,N,N,N,N,N,N,N,N,N
BARS;CTBP1,N,N,N,N,N,N,N,N,N,N,N,N,N,N,N,N,N,N,N,N,N,N,N,N,N,N,N,N,N,N,N,N
CTBP2,N,N,N,N,N,N,N,N,N,N,N,N,N,N,N,N,N,N,N,N,N,N,N,N,N,N,N,N,N,N,N,N
SMRTE-tau;TNRC14;TRAC;SMAP270;TRAC1;SMRTE;SMRT;NCOR2;TRAC-1;CTG26;N-CoR2,N,N,A,N,N,N,N,N,A,N,N,N,N,N,A,N,N,N,N,N,N,N,N,N,N,N,N,N,A,N,N,N
PT-ALPHA;PTCRA;PTA,N,N,N,N,N,N,N,N,N,N,N,N,N,N,N,N,N,N,N,N,N,N,N,N,N,N,N,N,N,N,N,N
HES1;HES-1;HRY;bHLHb39;HHL,N,N,N,N,N,N,N,N,N,N,N,N,N,N,N,N,N,N,N,N,N,N,N,N,N,N,N,N,N,N,N,N
HES5;bHLHb38,N,N,N,N,N,N,N,N,N,N,N,N,N,N,N,N,N,N,N,N,N,N,N,N,N,N,N,N,N,N,N,N
RBPSUHL;RBPL;SUHL;RBPJL,N,N,N,N,N,N,N,N,N,N,N,N,N,N,N,N,N,N,N,N,N,N,N,N,N,N,N,N,N,N,N,N
RBP-J;RBPJK;AOS3;RBPJ;CBF1;csl;IGKJRB;KBF2;SUH;IGKJRB1;RBPSUH,N,N,N,N,N,N,N,N,N,N,N,N,N,N,N,N,N,N,N,N,N,N,N,N,N,N,N,N,N,N,N,N
PRPF45;Bx42;FUN20;Prp45;SNW1;SKIP;SKIIP;SKIP1;NCOA-62,A,N,A,N,N,N,A,A,A,N,A,A,A,A,N,A,A,A,A,A,A,A,N,A,A,A,A,A,A,A,A,A
CBP;CREBBP;RSTS1;KAT3A;RSTS,A,A,A,A,A,A,A,A,A,N,A,A,A,A,A,A,A,A,A,A,A,A,A,A,A,A,A,A,A,A,A,A
p300;EP300;KAT3B;RSTS2,A,A,A,A,A,A,A,A,A,N,A,A,A,A,A,A,A,A,A,A,A,A,A,A,A,A,A,A,A,A,A,A
KAT2A;GCN5;GCN5L2;PCAF-b;hGCN5,A,A,A,A,A,A,A,A,A,N,A,A,A,A,A,A,A,A,A,A,A,A,A,A,A,A,A,A,A,A,A,A
KAT2B;CAF;PCAF;P/CAF,A,A,A,A,A,A,A,A,A,N,A,A,A,A,A,A,A,A,A,A,A,A,A,A,A,A,A,A,A,A,A,A
ERDA3;MAM2;CAGH3;GDN;TNRC3;MAM-2;MAML3,N,N,N,N,N,N,N,N,N,N,N,N,N,N,N,N,N,N,N,N,N,N,N,N,N,N,N,N,N,N,N,N
MAM3;MLL-MAML2;MAM2;MAML2;MAM-3,N,N,N,N,N,N,N,N,N,N,N,N,N,N,N,N,N,N,N,N,N,N,N,N,N,N,N,N,N,N,N,N
Mam-1;MAML1;Mam1,N,N,N,N,N,N,N,N,N,N,N,N,N,N,N,N,N,N,N,N,N,N,N,N,N,N,N,N,N,N,N,N
CSVP;TACE;ADAM17;ADAM18;CD156B;NISBD;NISBD1,N,N,N,N,N,N,N,N,N,N,N,N,N,N,N,N,N,N,N,N,N,N,N,N,N,N,N,N,N,N,N,N
PEN2;PSENEN;MDS033;PEN-2;MSTP064,N,N,N,N,N,N,N,N,N,N,N,N,N,N,N,N,N,N,N,N,N,N,N,N,N,N,N,N,N,N,N,N
RNF58;DTX2,N,N,N,N,N,N,N,N,N,N,N,N,N,N,N,N,N,N,N,N,N,N,N,N,N,N,N,N,N,N,N,N
DTX3L;BBAP,N,N,N,N,N,N,N,N,N,N,N,N,N,N,N,N,N,N,N,N,N,N,N,N,N,N,N,N,N,N,N,N
DTX1;hDx-1,N,N,N,N,N,N,N,N,N,N,N,N,N,N,N,N,N,N,N,N,N,N,N,N,N,N,N,N,N,N,N,N
deltex3;DTX3;RNF154,A,N,N,N,A,N,N,N,A,N,N,N,N,A,N,N,A,N,N,N,A,N,N,N,N,A,N,N,N,N,N,N
DTX4;RNF155,N,N,N,N,N,N,N,N,N,N,N,N,N,N,N,N,N,N,N,N,N,N,N,N,N,N,N,N,N,N,N,N
c14_5527;S171;C14orf41;NUMB,N,N,N,N,N,N,N,N,N,N,N,N,N,N,N,N,N,N,N,N,N,N,N,N,N,N,N,N,N,N,N,N
CAG3A;NBL;CTG3a;NUMBR;NUMBLIKE;NUMBL;TNRC23;NUMB-R,N,N,N,N,N,N,N,N,N,N,N,N,N,N,N,N,N,N,N,N,N,N,N,N,N,N,N,N,N,N,N,N
AGS1;JAGL1;HJ1;CD339;AWS;JAG1;AHD;AGS,N,A,A,A,N,A,A,A,A,N,A,A,A,A,N,A,A,A,N,N,A,A,A,A,N,A,N,N,N,N,A,A
JAG2;HJ2;SER2,N,A,A,A,N,A,A,A,A,N,A,A,A,A,N,A,A,A,N,N,A,A,A,A,N,A,N,N,N,N,A,A
AOVD1;NOTCH1;AOS5;TAN1;hN1,A,A,A,A,A,A,A,A,A,A,A,A,A,A,A,A,A,A,A,A,A,A,A,A,A,A,A,A,A,A,A,A
NOTCH2;HJCYS;AGS2;hN2,A,A,A,A,A,A,A,A,A,A,A,A,A,A,A,A,A,A,A,A,A,A,A,A,A,A,A,A,A,A,A,A
NOTCH3;IMF2;CADASIL;CADASIL1;LMNS;CASIL,A,A,A,A,A,A,A,A,A,A,A,A,A,A,A,A,A,A,A,A,A,A,A,A,A,A,A,A,A,A,A,A
INT3;NOTCH4,A,A,A,A,A,A,A,A,A,A,A,A,A,A,A,A,A,A,A,A,A,A,A,A,A,A,A,A,A,A,A,A
DRS2;DVL;DVL1P1;DVL1L1;DVL1,A,A,A,N,N,N,N,A,N,N,N,N,N,N,N,A,A,N,N,N,A,N,N,N,N,N,N,N,N,N,A,N
DVL2,A,A,A,N,N,N,N,A,N,N,A,N,A,A,A,A,A,N,N,N,A,A,A,N,N,N,N,N,N,N,A,A
DRS3;DVL3,A,A,A,N,N,N,N,A,N,N,A,N,A,A,A,A,A,N,N,N,A,A,A,N,N,N,N,N,N,N,A,A
SCDO3;LFNG,N,N,N,N,N,N,N,N,N,N,N,N,N,N,N,N,N,N,N,N,N,N,N,N,N,N,N,N,N,N,N,N
MFNG,N,N,N,N,N,N,N,N,N,N,N,N,N,N,N,N,N,N,N,N,N,N,N,N,N,N,N,N,N,N,N,N
RFNG,N,N,N,N,N,N,N,N,N,N,N,N,N,N,N,N,N,N,N,N,N,N,N,N,N,N,N,N,N,N,N,N
SCDO1;DLL3,N,A,A,A,N,A,A,A,A,N,A,A,A,A,N,A,A,A,N,N,A,A,A,A,N,A,N,N,N,N,A,A
DELTA1;DLL1;Delta;DL1,N,A,A,A,N,A,A,A,A,N,A,A,A,A,N,A,A,A,N,N,A,A,A,A,N,A,N,N,N,N,A,A
DLL4;AOS6;hdelta2,N,A,A,A,N,A,A,A,A,N,A,A,A,A,N,A,A,A,N,N,A,A,A,A,N,A,N,N,N,N,A,A
