MOCS3;UBA4,A,A,A,N,N,A,N,A,N,N,A,N,N,N,N,N,A,N,A,A,N,A,N,A,N,N,N,A,N,A,A,A
C9orf74;URM1,A,A,A,A,A,A,N,A,A,N,N,N,N,N,N,A,N,N,A,N,A,A,N,A,A,A,A,N,N,A,A,N
IscS;NIFS;HUSSY-08;NFS1,N,N,N,N,N,N,N,N,N,N,N,N,N,N,N,N,N,N,N,N,N,N,N,N,N,N,N,N,N,N,N,N
CTU2;UPF0432;NCS2;C16orf84,N,N,N,N,A,N,N,A,N,N,N,N,N,N,A,N,N,N,N,N,N,N,N,N,N,N,N,N,A,N,A,N
ATPBD3;CTU1;NCS6,N,N,N,N,N,N,N,N,N,N,N,N,N,N,N,N,N,N,N,N,N,N,N,N,N,N,N,N,N,N,N,N
TST2;MST;TUM1;MPST,N,N,N,N,N,N,N,N,N,N,N,N,N,N,N,N,N,N,N,N,N,N,N,N,N,N,N,N,N,N,N,N
TST;RDS,N,N,N,N,N,N,N,N,N,N,N,N,N,N,N,N,N,N,N,N,N,N,N,N,N,N,N,N,N,N,N,N
MCBPE;MOCO1;MOCODB;MPTS;MOCS2,N,N,N,N,N,N,N,N,N,N,N,N,N,N,N,N,N,N,N,N,N,N,N,N,N,N,N,N,N,N,N,N
