xpot,N,N,A,N,A,A,N,A,A,N,A,A,A,N,N,N,N,A,N,N,A,N,A,N,N,N,N,A,N,A,A,N
ranA,C,C,C,C,C,C,C,C,C,C,C,C,C,C,C,C,C,C,C,C,C,C,C,C,C,C,C,C,C,C,C,C
3,N,N,N,N,N,N,N,N,N,N,N,N,N,N,N,N,N,N,N,N,N,N,N,N,N,N,N,N,N,N,N,N
xpo1,N,N,A,N,A,A,N,A,A,N,A,A,A,N,N,N,N,A,N,N,A,N,A,N,N,N,N,A,N,A,A,N
ncbp1,N,N,N,N,N,N,N,N,N,N,N,N,N,N,N,N,N,N,N,N,N,N,N,N,N,N,N,N,N,N,N,N
ncbp2,A,A,A,N,A,A,A,N,A,N,N,A,A,A,N,A,A,A,N,N,N,N,A,A,A,N,N,N,A,N,A,N
7,N,N,N,N,N,N,N,N,N,N,N,N,N,N,N,N,N,N,N,N,N,N,N,N,N,N,N,N,N,N,N,N
gemin2,A,N,N,N,N,N,N,N,A,N,N,A,N,A,N,N,A,N,N,N,N,N,N,N,N,A,N,N,N,N,A,A
ddx20,D,D,D,D,D,D,D,D,D,D,D,D,D,D,D,D,D,D,D,D,D,D,D,D,D,D,D,D,D,D,D,D
gemin5,A,A,A,N,A,A,N,A,N,N,A,A,N,N,A,N,A,A,N,A,N,N,A,A,N,A,N,A,N,N,A,N
strap,A,A,A,A,A,A,A,A,A,N,A,A,A,A,A,A,A,A,A,A,A,A,A,A,A,A,A,A,A,A,A,A
12,N,N,N,N,N,N,N,N,N,N,N,N,N,N,N,N,N,N,N,N,N,N,N,N,N,N,N,N,N,N,N,N
13,A,A,N,N,N,N,N,N,A,N,A,A,A,N,A,N,N,N,A,N,N,N,N,N,N,N,N,A,N,N,A,N
rbm8A,A,A,A,A,A,A,A,A,A,N,A,A,A,A,A,A,A,A,N,A,A,A,A,A,N,A,A,A,A,A,A,A
magoh,A,A,N,N,A,N,N,A,A,N,A,A,A,A,A,A,A,A,A,A,A,A,A,A,N,A,N,N,A,A,A,A
tifA,D,D,D,D,D,D,D,D,D,D,D,D,D,D,D,D,D,D,D,D,D,D,D,D,D,D,D,D,D,D,D,D
17,A,A,N,N,N,N,N,A,A,N,A,N,N,A,N,N,N,N,A,N,N,N,N,N,N,N,N,N,A,N,A,N
srrm1,N,N,N,N,N,N,N,N,A,N,A,A,N,N,N,N,N,N,N,N,A,N,N,A,N,N,N,N,N,N,A,N
19,N,N,N,N,A,N,N,N,N,N,A,N,N,N,A,N,N,N,N,N,N,N,N,N,N,A,N,N,A,N,A,A
20,D,D,D,D,D,N,D,D,N,D,D,D,D,N,N,D,D,D,D,N,N,D,D,D,D,D,D,D,D,D,D,D
21,A,N,N,N,A,N,N,A,N,N,N,N,A,N,N,N,N,N,N,A,A,A,N,N,N,N,N,N,N,N,A,N
22,N,A,N,N,N,N,N,A,N,N,A,N,N,A,N,A,N,A,A,A,N,A,N,N,A,N,N,A,N,A,A,N
23,N,N,N,N,N,N,N,N,N,N,N,N,N,N,N,N,N,N,N,N,N,N,N,N,N,N,N,N,N,N,N,N
24,N,N,N,N,N,N,N,N,N,N,N,N,N,N,N,N,N,N,N,N,N,N,N,N,N,N,N,N,N,N,N,N
nup62,A,A,A,A,A,A,N,A,N,N,A,A,A,A,N,A,A,A,A,A,N,A,N,A,A,A,A,A,A,A,A,A
26,N,A,N,N,N,N,N,A,N,N,A,N,N,A,N,A,N,A,A,A,N,A,N,N,A,N,N,A,N,A,A,N
nup93,A,N,N,N,N,N,N,A,N,N,A,N,N,N,N,N,N,N,N,N,N,N,N,N,N,N,N,A,N,N,A,N
nup54,A,A,A,A,N,N,N,A,A,N,A,A,A,A,N,A,A,A,A,A,A,A,N,A,A,A,A,A,A,A,A,A
nup155,N,A,N,N,A,A,A,A,N,N,A,N,N,N,A,N,A,A,N,N,A,N,A,N,A,N,N,N,N,N,N,N
nup98,A,A,A,A,N,N,N,A,N,N,A,A,A,A,N,A,A,A,A,A,N,A,N,A,A,A,A,A,A,A,A,A
sec13,A,A,A,A,A,A,A,A,A,A,A,A,A,A,A,A,A,A,A,A,A,A,A,A,A,A,A,A,A,A,A,A
32,N,N,A,N,N,N,N,N,A,N,N,N,N,A,N,N,N,N,A,N,N,A,N,N,N,N,N,N,N,N,A,A
nup107,N,A,A,N,N,N,A,N,N,N,N,A,N,N,N,N,N,N,N,N,N,N,N,N,N,N,N,N,A,N,A,N
nup85,N,N,N,N,N,N,N,N,N,N,N,N,N,N,N,N,N,N,N,N,N,N,N,N,N,N,N,N,N,N,N,N
35,A,A,A,N,N,A,A,A,A,A,A,N,N,A,A,A,A,A,A,N,A,N,A,A,A,A,N,A,N,N,A,A
rae1,A,A,A,N,A,N,A,A,A,N,A,A,A,A,A,A,A,A,A,N,A,A,A,A,A,A,A,A,N,A,A,A
nup43,N,N,N,N,N,N,N,N,N,N,N,N,N,N,N,N,N,N,N,N,N,N,N,N,N,N,N,N,N,N,N,N
nup133,N,N,N,N,N,N,N,N,N,N,N,N,N,N,N,N,N,N,N,N,N,N,N,N,N,N,N,N,N,N,N,N
nup210,N,N,A,N,N,N,A,N,N,N,A,N,N,N,N,N,N,N,A,N,A,N,A,N,N,N,N,N,N,N,N,N
40,A,A,A,A,A,A,A,A,A,A,A,A,A,A,A,A,A,A,A,A,A,A,A,A,A,A,A,A,A,A,A,A
ubc9,A,A,A,A,A,A,A,A,A,A,A,A,A,A,A,A,A,A,A,A,A,A,A,A,A,A,A,A,A,A,A,A
sumo,A,A,N,A,N,A,N,A,N,N,A,A,N,N,N,N,A,N,N,N,N,N,A,A,N,A,N,N,N,A,A,A
43,N,N,N,N,N,A,N,N,A,A,N,N,N,N,N,N,N,A,A,N,A,N,N,N,N,N,N,N,N,N,N,N
prmt5,N,N,N,N,A,N,N,N,N,N,A,N,N,A,N,N,N,N,N,N,N,N,N,N,N,N,N,N,N,N,A,N
xpo5,N,N,A,N,A,A,N,A,A,N,A,A,A,N,N,N,N,A,N,N,A,N,A,N,N,N,N,A,N,A,A,N
efaAI,D,D,D,N,D,D,D,N,D,D,D,D,D,N,D,D,D,N,D,N,D,N,D,D,N,N,D,N,D,N,D,N
efaAII,D,D,D,N,D,D,D,N,D,D,D,D,D,N,D,D,D,N,D,N,D,N,D,D,N,N,D,N,D,N,D,N
nmd3,N,N,N,A,A,A,N,A,N,N,A,N,N,N,N,N,A,N,N,N,N,N,A,A,N,N,A,A,N,N,A,N
upf1,A,N,A,A,A,N,A,A,A,N,A,A,A,A,N,A,A,N,A,N,A,N,A,N,A,A,N,A,N,A,A,N
uap56,D,D,D,D,D,D,D,D,D,D,D,D,D,D,D,D,D,D,D,D,D,D,D,D,D,D,D,D,D,D,D,D
eIF1,N,A,N,A,N,N,N,N,A,N,A,A,A,N,N,N,A,N,A,N,N,N,N,A,N,N,N,N,N,N,A,N
eIF1a,N,C,N,N,N,N,C,N,N,N,N,C,C,N,N,N,N,C,N,N,C,C,N,N,C,N,N,C,N,N,C,C
eIF3s10,N,A,A,N,N,A,N,N,N,N,A,N,N,N,N,N,N,N,N,N,N,N,N,N,N,N,N,N,A,N,N,N
eif3d,A,A,A,N,A,N,N,A,A,N,A,A,A,A,N,A,A,N,A,N,A,N,A,A,A,N,A,N,A,N,A,N
eIF3s8,N,N,A,N,A,N,N,N,A,N,N,N,N,N,N,N,N,N,N,N,N,A,N,N,N,N,N,N,N,N,A,N
eIF3s4,N,A,N,A,A,N,A,N,A,N,A,N,A,A,N,N,A,N,A,A,A,A,N,A,N,A,A,N,A,A,A,A
eIF3s3,C,C,C,N,N,C,C,C,C,N,C,C,N,C,C,C,C,C,C,C,C,C,C,C,C,C,N,C,N,C,C,C
eIF3s9,N,A,N,N,N,A,N,A,N,N,N,A,A,N,N,A,A,N,N,N,N,A,N,N,A,A,N,N,N,N,N,N
eIF3s2,A,A,A,N,A,A,A,A,A,N,A,A,A,A,A,A,N,N,A,N,A,N,A,A,A,A,N,A,N,A,A,A
eIF3s1,N,N,N,N,N,N,N,N,A,N,A,A,N,N,N,N,A,N,N,N,N,N,N,N,N,N,A,N,N,N,N,N
eIF3s6,N,A,N,N,A,A,N,A,A,N,N,A,N,N,N,N,N,A,N,N,N,N,A,A,N,A,N,N,N,N,N,N
eIF3s5,C,C,C,C,C,N,C,C,C,N,C,C,N,C,C,C,C,C,C,C,C,C,C,C,C,C,N,C,N,C,C,C
drpp30,A,A,A,N,A,N,A,N,A,N,A,A,N,A,A,N,N,N,N,A,N,N,A,N,A,A,N,A,A,N,A,N
drpp40,N,N,N,N,N,N,N,N,N,N,N,N,N,N,N,N,N,N,N,N,N,N,N,N,N,N,N,N,N,N,N,N
pop4,A,N,N,N,N,N,N,A,A,N,A,A,N,A,A,N,N,N,N,N,N,N,A,A,A,A,N,N,N,N,A,A
drpp20,N,N,N,N,N,N,N,N,N,N,N,N,N,N,N,N,N,N,N,N,N,N,N,N,N,N,N,N,N,N,N,N
drpp21,N,N,N,N,N,N,N,N,N,N,N,N,N,N,N,N,N,N,N,N,N,N,N,N,N,N,N,N,N,N,N,N
pop1,N,N,N,N,N,N,N,N,N,N,N,N,N,N,N,N,N,N,N,N,N,N,N,N,N,N,N,N,N,N,N,N
pop5,N,N,N,N,N,N,N,N,N,N,N,N,N,N,N,N,N,N,N,N,N,N,N,N,N,N,N,N,N,N,N,N
70,N,N,N,N,N,N,N,N,N,N,N,N,N,N,N,N,N,N,N,N,N,N,N,N,N,N,N,N,N,N,N,N
71,N,N,N,N,N,N,N,N,N,N,N,N,N,N,N,N,N,N,N,N,N,N,N,N,N,N,N,N,N,N,N,N
72,N,N,N,N,N,N,N,N,N,N,N,N,N,N,N,N,N,N,N,N,N,N,N,N,N,N,N,N,N,N,N,N
73,N,N,N,N,N,N,N,N,N,N,N,N,N,N,N,N,N,N,N,N,N,N,N,N,N,N,N,N,N,N,N,N
thoc1,A,A,N,N,N,N,A,N,A,N,A,A,A,N,N,N,N,N,A,A,A,N,A,N,N,N,N,A,A,N,A,N
thoc2,N,A,A,N,N,N,A,A,A,N,A,N,A,A,A,N,A,A,N,N,A,A,A,N,N,A,N,A,N,A,A,A
76,A,A,A,A,A,A,A,A,A,A,A,A,A,A,A,A,A,A,A,A,A,A,A,A,A,A,A,A,A,A,A,A
77,N,A,A,N,N,N,A,N,A,N,A,N,N,N,A,N,A,N,N,N,A,A,A,N,N,A,N,A,N,A,A,A
thoc7,N,N,N,N,N,N,N,A,N,N,A,A,N,N,N,N,N,N,N,A,N,A,N,N,N,N,N,A,N,N,N,N
pabpc1B,A,A,N,N,A,A,A,A,A,N,A,N,A,A,A,A,A,N,A,N,A,A,A,A,A,A,A,A,A,N,A,A
pabpc1A,A,A,A,N,A,A,A,A,A,N,A,A,A,A,A,A,A,A,A,N,A,A,A,A,A,A,A,A,A,N,A,A
eIF2s1,N,N,N,N,N,N,N,N,N,N,N,N,N,N,N,N,N,N,N,N,N,N,N,N,N,N,N,N,N,N,N,N
eif2G,D,N,D,N,D,N,D,N,N,N,N,D,N,N,D,D,D,N,N,N,D,N,D,D,N,N,D,N,N,N,D,N
eIF2s2,D,D,D,N,N,N,D,N,D,N,D,D,N,D,N,N,D,N,N,D,N,D,D,D,N,N,D,D,D,D,D,D
ifdA,D,D,D,D,D,D,D,D,D,D,D,D,D,D,D,D,D,D,D,D,D,D,D,D,D,D,D,D,D,D,D,D
eIF4e,A,A,A,N,A,A,A,A,A,A,A,A,N,A,A,N,A,A,A,A,N,A,A,A,A,A,A,A,N,N,A,A
86,A,A,A,N,A,A,A,A,A,A,A,A,N,A,A,N,A,A,A,A,N,A,A,A,A,A,A,A,N,N,A,A
87,A,A,A,N,A,A,A,A,A,A,A,A,N,A,A,N,A,A,A,A,N,A,A,A,A,A,A,A,N,N,A,A
eIF4g,A,N,A,N,A,N,N,N,A,N,A,A,A,N,N,N,A,A,A,N,A,N,N,A,N,A,A,N,N,N,A,A
89,A,A,A,N,A,N,N,A,A,N,A,A,A,A,A,N,A,A,A,A,A,A,A,A,N,A,A,A,N,N,A,A
eIF5,D,D,D,N,N,N,D,N,D,N,D,D,N,D,N,N,D,N,N,D,N,D,D,D,N,N,D,D,D,D,D,D
91,N,A,N,N,N,N,A,N,N,N,N,N,N,N,N,N,A,N,N,N,A,N,N,N,N,A,N,N,N,N,N,N
febA,N,N,N,N,N,N,N,N,N,N,N,N,N,N,N,N,N,N,N,N,N,N,N,N,N,N,N,N,N,N,N,N
eIF5b,N,N,N,N,B,B,N,N,N,N,B,N,N,N,N,N,B,N,N,B,B,N,N,N,N,N,N,N,N,N,N,N
eIF2b5,A,A,N,N,N,N,A,N,A,N,A,N,N,N,N,N,A,N,N,N,N,A,N,A,N,A,A,A,A,N,A,A
eIF2b1,N,N,N,N,N,N,N,N,N,N,N,N,N,N,N,N,N,N,N,N,N,N,N,N,N,N,N,N,N,N,N,N
eIF2b3,A,A,N,N,N,N,N,N,A,N,A,N,N,N,N,N,N,N,N,N,N,A,N,A,N,A,N,A,N,N,N,N
eIF2b4,N,N,N,N,N,N,N,N,N,N,N,N,N,N,N,N,N,N,N,N,N,N,N,N,N,N,N,N,N,N,N,N
eIF2b2,N,N,N,N,N,N,N,N,N,N,N,N,N,N,N,N,N,N,N,N,N,N,N,N,N,N,N,N,N,N,N,N
pirA,N,N,N,N,N,N,N,N,N,N,N,N,N,N,N,N,N,N,N,N,N,N,N,N,N,N,N,N,N,N,N,N
