CCBR1;xCT;SLC7A11,N,N,N,N,N,N,N,N,N,N,N,N,N,N,N,N,N,N,N,N,N,N,N,N,N,N,N,N,N,N,N,N
BCC7;TP53;TRP53;P53;LFS1,N,N,N,N,N,N,N,N,N,N,N,N,N,N,N,N,N,N,N,N,N,N,N,N,N,N,N,N,N,N,N,N
snGPx;GPX4;MCSP;snPHGPx;GPx-4;SMDS;GSHPx-4;PHGPx,A,N,A,N,A,N,N,A,N,N,A,A,A,A,A,N,N,N,N,N,N,A,A,N,N,A,N,N,N,N,A,A
POR;VDAC2,N,A,N,N,N,N,N,N,A,N,N,A,N,N,N,N,N,N,N,N,N,N,N,N,N,N,N,N,N,N,A,N
HD-VDAC3;VDAC3;VDAC-3,N,A,N,N,N,N,N,N,A,N,N,A,N,N,N,N,N,N,N,N,N,N,N,N,N,N,N,N,N,N,A,N
GLCLC;GLCL;GCL;GCS;GCLC,A,A,N,N,N,A,A,N,N,N,A,A,A,A,A,A,A,A,N,A,A,N,N,N,A,A,A,N,A,N,A,N
GLCLR;GCLM,A,N,A,N,N,N,N,A,N,N,N,A,N,N,N,N,N,N,N,N,N,N,A,N,N,A,N,N,N,A,A,N
MDU1;NACAE;4T2HC;4F2;CD98;4F2HC;SLC3A2;CD98HC,N,N,N,N,N,N,N,N,N,N,N,N,N,N,N,N,N,N,N,N,N,N,N,N,N,N,N,N,N,N,N,N
TFR;TRFR;TFRC;TFR1;p90;TR;T9;CD71;IMD46,N,N,N,N,N,N,N,N,N,N,N,N,N,N,N,N,N,N,N,N,N,N,N,N,N,N,N,N,N,N,N,N
PRO1557;PRO2086;HEL-S-71p;TF;TFQTL1,N,N,N,N,N,N,N,N,N,N,N,N,N,N,N,N,N,N,N,N,N,N,N,N,N,N,N,N,N,N,N,N
CP-2;CP,N,N,N,N,N,N,N,N,N,N,N,N,N,N,N,N,N,N,N,N,N,N,N,N,N,N,N,N,N,N,N,N
pHyde;STMP3;dudulin-2;AHMIO2;STEAP3;dudlin-2;TSAP6,N,N,N,N,N,N,N,N,N,N,N,N,N,N,N,N,N,N,N,N,N,N,N,N,N,N,N,N,N,N,N,N
HEL-S-64p;GSS;HEL-S-88n;GSHS,N,N,N,N,N,A,N,N,N,N,A,N,N,A,N,N,N,A,N,N,A,N,N,A,N,N,N,N,N,N,N,N
HEL-S-85;PCBP1;hnRNP-E1;HNRPE1;hnRNP-X;HNRPX,N,N,A,N,N,N,A,A,A,N,A,N,A,A,A,A,A,A,A,A,A,A,A,A,A,A,N,A,N,A,A,A
hnRNP-E2;HNRNPE2;HNRPE2;PCBP2,N,N,A,N,N,N,A,A,A,N,A,N,A,A,N,A,A,A,A,A,A,A,A,A,A,A,N,A,N,A,A,A
MTP1;SLC11A3;IREG1;MSTP079;HFE4;SLC40A1;FPN1;MST079,A,A,N,N,N,N,N,A,A,N,A,N,A,A,N,N,A,A,N,A,A,N,N,A,N,A,N,N,N,N,A,N
PIG15;PLIF;FTH1;HFE5;FHC;FTHL6;FTH,N,N,N,N,N,N,N,N,N,N,N,N,N,N,N,N,N,N,N,N,N,N,N,N,N,N,N,N,N,N,N,N
NBIA3;FTL;LFTD,N,N,N,N,N,N,N,N,N,N,N,N,N,N,N,N,N,N,N,N,N,N,N,N,N,N,N,N,N,N,N,N
APG7L;ATG7;APG7-LIKE;GSA7,N,N,N,N,N,N,N,N,N,N,N,N,N,N,N,N,N,N,N,N,N,N,N,N,N,N,N,N,N,N,N,N
APG5L;APG5-LIKE;ASP;APG5;SCAR25;hAPG5;ATG5,N,N,N,N,N,N,N,N,N,N,N,N,N,N,N,N,N,N,N,N,N,N,N,N,N,N,N,N,N,N,N,N
LZT-Hs4;cig19;HMNDYT2;SLC39A14;ZIP14;NET34,A,A,A,N,N,N,N,A,A,N,A,A,N,A,A,A,A,N,N,N,A,N,A,A,A,A,N,A,N,N,A,A
PP3105;LZT-Hs6;BIGM103;SLC39A8;ZIP8;CDG2N,A,A,A,N,N,N,N,A,A,N,A,A,N,A,A,A,A,N,N,N,A,N,A,A,A,A,N,A,N,N,A,A
AHMIO1;SLC11A2;NRAMP2;DCT1;DMT1,N,N,N,N,N,N,N,N,N,N,N,N,N,N,N,N,N,N,N,N,N,N,N,N,N,N,N,N,N,N,N,N
MAP1LC3C;ATG8J;LC3C,N,A,N,N,A,N,N,N,A,N,A,N,A,N,A,N,N,A,N,A,A,N,A,A,A,N,N,A,A,A,A,N
MAP1LC3B-a;MAP1A/1BLC3;MAP1LC3B;ATG8F;LC3B,N,A,N,N,A,N,N,N,A,N,A,N,A,N,A,N,N,A,N,A,A,N,A,A,A,N,N,A,A,A,A,N
MAP1BLC3;MAP1ALC3;MAP1LC3A;ATG8E;LC3A;LC3,N,A,N,N,A,N,N,N,A,N,A,N,A,N,A,N,N,A,N,A,A,N,A,A,A,N,N,A,A,A,A,N
ARA70;RFG;PTC3;NCOA4;ELE1,N,N,N,N,N,N,N,N,N,N,N,N,N,N,N,N,N,N,N,N,N,N,N,N,N,N,N,N,N,N,N,N
SSAT2;SAT2,N,N,N,N,N,N,N,N,N,N,N,N,N,N,N,N,N,N,N,N,N,N,N,N,N,N,N,N,N,N,N,N
SAT;DC21;SSAT-1;KFSDX;KFSD;SSAT;SAT1,N,N,N,N,N,N,N,N,N,N,N,N,N,N,N,N,N,N,N,N,N,N,N,N,N,N,N,N,N,N,N,N
CJD;PrP;PrP33-35C;PRIP;p27-30;CD230;PRNP;KURU;PrP27-30;ASCR;PrPc;GSS;AltPrP,N,N,N,N,N,N,N,N,N,N,N,N,N,N,N,N,N,N,N,N,N,N,N,N,N,N,N,N,N,N,N,N
HMOX1;HMOX1D;HSP32;HO-1;bK286B10,N,N,N,N,N,N,N,N,N,N,N,N,N,N,N,N,N,N,N,N,N,N,N,N,N,N,N,N,N,N,N,N
NOX2;CYBB;GP91PHOX;AMCBX2;GP91-PHOX;CGD;p91-PHOX;IMD34;GP91-1,A,A,N,N,N,A,A,A,A,N,A,A,N,A,N,N,A,N,A,N,A,N,A,A,N,N,N,A,N,N,A,N
LACS2;FACL2;LACS1;ACS1;ACSL1;LACS;FACL1,D,D,D,N,D,D,N,N,D,N,D,D,N,D,D,D,D,D,D,D,D,N,D,D,D,D,D,D,N,N,D,D
PRO2194;LACS_3;LACS3;ACS3;ACSL3;FACL3,D,D,D,N,D,D,N,N,D,N,D,D,N,D,D,D,D,D,D,D,D,N,D,D,D,D,D,D,N,N,D,D
FACL4;ACSL4;MRX68;ACS4;MRX63;LACS4,D,D,D,N,D,D,N,N,D,N,D,D,N,D,D,D,D,D,D,D,D,N,D,D,D,D,D,D,N,N,D,D
LACS_6;ACSL6;LACS2;ACS2;FACL6;LACS5,D,D,D,N,D,D,N,N,D,N,D,D,N,D,D,D,D,D,D,D,D,N,D,D,D,D,D,D,N,N,D,D
ACS5;ACS2;FACL5;ACSL5,D,D,D,N,D,D,N,N,D,N,D,D,N,D,D,D,D,D,D,D,D,N,D,D,D,D,D,D,N,N,D,D
LPCAT;LPCAT3;nessy;LPLAT_5;OACT5;MBOAT5;C3F;LPSAT,A,N,N,N,N,N,N,N,A,N,A,N,N,N,N,N,A,N,A,N,N,N,N,N,N,A,N,N,A,A,A,N
LOG15;12-LOX;15-LOX;ALOX15;15-LOX-1,A,A,N,N,N,N,N,A,A,N,A,A,N,A,N,N,A,N,N,N,A,A,A,N,N,A,N,N,N,N,A,A
MTF;FTMT,N,N,N,N,N,N,N,N,N,N,N,N,N,N,N,N,N,N,N,N,N,N,N,N,N,N,N,N,N,N,N,N
