MSH2;LCFS2;FCC1;COCA1;HNPCC;HNPCC1,N,N,B,N,N,N,N,B,B,N,B,N,N,B,N,N,N,N,N,B,B,N,B,N,N,N,N,N,N,N,N,N
HNPCC7;MLH3,N,B,N,N,N,N,N,B,B,N,B,B,N,N,B,N,B,N,N,B,N,B,B,B,N,B,N,B,N,N,B,N
hMLH1;FCC2;MLH1;HNPCC2;COCA2;HNPCC,N,N,N,N,N,N,N,B,B,N,B,B,N,N,B,N,B,N,N,B,N,B,B,B,N,B,N,B,N,N,B,N
LIG1,N,N,N,N,N,N,N,N,A,N,A,N,A,N,N,N,N,N,N,N,N,A,N,N,N,A,N,N,N,N,N,A
ATLD2;PCNA,C,C,N,N,N,N,N,C,C,N,N,C,N,N,N,N,N,N,N,N,N,N,C,N,N,N,N,C,C,N,N,N
POLD3;P68;P66;PPP1R128,A,N,N,N,N,N,N,N,A,N,N,N,N,A,N,N,N,N,N,N,N,N,N,N,N,N,N,N,N,N,A,N
MDPL;POLD;POLD1;CRCS10;CDC2,N,A,N,A,N,N,A,N,A,N,A,A,A,N,N,N,N,N,N,A,N,N,N,N,N,N,N,N,N,N,A,A
POLD2,N,N,N,N,A,N,N,A,N,N,A,N,N,A,N,A,N,A,A,N,N,N,A,N,N,A,A,A,N,A,A,N
POLD4;POLDS;p12,N,N,A,N,N,A,N,A,A,N,A,N,N,A,N,A,A,N,A,N,A,A,N,A,N,N,N,N,N,N,A,N
RPA4;HSU24186,A,N,N,N,N,N,N,N,N,N,A,A,A,A,N,N,A,N,A,N,N,N,A,A,N,A,N,N,A,N,A,N
RPA1;RPA70;RF-A;REPA1;RP-A;MST075;HSSB,N,N,D,N,N,N,D,D,D,N,D,N,D,D,N,N,N,N,N,N,N,N,D,D,N,N,N,N,D,D,D,D
RP-A_p32;RPA32;RP-A_p34;RPA2;REPA2,A,N,N,N,N,N,N,N,N,N,A,A,A,A,N,N,A,N,A,N,N,N,A,A,N,A,N,N,A,N,A,N
REPA3;RPA3;RP-A_p14,N,N,N,N,N,N,N,N,N,N,N,N,N,N,N,N,N,N,N,N,N,N,N,N,N,N,N,N,N,N,N,N
HNPCC5;GTBP;p160;HSAP;MSH6;GTMBP,N,N,B,N,N,N,N,B,B,N,B,N,N,B,N,N,N,N,N,B,B,N,B,N,N,N,N,N,N,N,N,N
hExoI;EXO1;HEX1,N,N,C,C,C,N,N,C,C,N,C,C,C,C,N,N,C,N,C,C,N,N,C,N,C,C,N,C,N,N,C,N
FAP4;MRP1;DUP;MSH3,N,N,B,N,N,N,N,B,B,N,B,N,N,B,N,N,N,N,N,B,B,N,B,N,N,N,N,N,N,N,N,N
PMS2;MLH4;HNPCC4;PMS2CL;PMSL2,N,B,N,N,N,N,N,B,B,N,B,B,N,N,B,N,B,N,N,B,N,B,B,B,N,B,N,B,N,N,B,N
RFC140;RFC1;MHCBFB;RECC1;RFC;PO-GA;A1,N,A,A,A,N,N,N,N,N,N,A,A,A,N,A,A,A,A,A,N,A,N,N,N,N,N,A,A,N,A,A,N
RFC40;RFC2,N,A,N,A,N,N,N,N,N,N,A,N,A,N,A,A,A,A,N,N,N,N,N,N,N,N,A,A,N,N,N,N
RFC3;RFC38,N,N,N,N,N,N,N,N,N,N,N,N,N,N,N,N,N,N,N,N,N,N,N,N,N,N,N,N,N,N,N,N
RFC37;RFC4;A1,N,A,A,A,N,N,N,N,N,N,A,A,A,N,A,A,A,A,A,N,A,N,N,N,N,N,A,A,N,A,A,N
RFC36;RFC5,N,A,A,A,N,N,N,N,N,N,A,A,A,N,A,A,A,A,A,N,A,N,N,N,N,N,A,A,N,A,A,N
SSBP;SOSS-B1;Mt-SSB;mtSSB;SSBP1,N,N,N,N,N,N,N,N,N,N,N,N,N,N,N,N,N,N,N,N,N,N,N,N,N,N,N,N,N,N,N,N
