rnrB-1,N,N,A,N,N,A,N,N,N,N,N,N,N,N,N,N,A,N,N,A,A,N,N,N,A,N,N,A,N,N,A,N
rnrB-2,N,N,A,N,N,A,N,N,N,N,N,N,N,N,N,N,A,N,N,A,A,N,N,N,A,N,N,A,N,N,A,N
rnrA,N,N,D,N,N,N,N,N,D,N,D,N,D,N,N,N,D,N,D,D,D,N,N,D,N,N,N,D,N,N,D,N
4,N,N,A,N,N,A,N,N,N,N,N,N,N,N,N,N,A,N,N,A,A,N,N,N,A,N,N,A,N,N,A,N
xdh,N,N,N,N,N,N,N,N,N,N,N,N,N,N,N,N,N,N,N,N,N,N,N,N,N,N,N,N,N,N,N,N
prsB,N,N,N,N,N,N,N,N,N,N,N,N,N,N,N,N,N,N,N,N,N,N,N,N,N,N,N,N,N,N,N,N
prsC,N,N,N,N,N,N,N,N,N,N,N,N,N,N,N,N,N,N,N,N,N,N,N,N,N,N,N,N,N,N,N,N
prsA,N,N,N,N,N,N,N,N,N,N,N,N,N,N,N,N,N,N,N,N,N,N,N,N,N,N,N,N,N,N,N,N
purF,N,N,N,N,N,N,N,N,N,N,N,N,N,N,N,N,N,N,N,N,N,N,N,N,N,N,N,N,N,N,N,N
purD,N,N,N,N,N,N,N,N,N,N,N,N,N,N,N,N,N,N,N,N,N,N,N,N,N,N,N,N,N,N,N,N
purN,N,N,N,N,N,N,N,N,N,N,N,N,N,N,N,N,N,N,N,N,N,N,N,N,N,N,N,N,N,N,N,N
purH,N,N,N,N,N,N,N,N,N,N,N,N,N,N,N,N,N,N,N,N,N,N,N,N,N,N,N,N,N,N,N,N
purB,N,N,N,N,N,N,N,N,N,N,N,N,N,N,N,N,N,N,N,N,N,N,N,N,N,N,N,N,N,N,N,N
pdsA,N,N,N,N,N,N,N,N,N,N,N,N,N,N,N,N,N,N,N,N,N,N,N,N,N,N,N,N,N,N,N,N
rpc3,A,N,A,N,A,N,N,A,N,A,A,A,N,N,A,N,N,A,N,N,N,A,N,A,N,N,N,N,A,A,A,N
rpa43,A,N,N,N,N,N,N,N,N,N,A,A,N,N,A,N,N,N,A,N,N,A,N,A,A,N,N,N,N,N,N,N
rpb9,N,N,N,N,N,N,N,N,N,N,N,N,N,N,N,N,N,N,N,N,N,N,N,N,N,N,N,N,N,N,N,N
rpc5,N,A,A,A,N,N,N,A,N,N,N,N,N,N,N,N,N,N,N,N,N,N,N,N,A,N,N,N,N,N,N,N
rpc34,A,A,A,N,A,A,A,N,A,N,A,A,N,A,N,A,A,A,A,A,A,A,A,N,N,A,A,A,A,A,A,N
rpb10,N,N,N,N,N,N,N,N,N,N,N,N,N,N,N,N,N,N,N,N,N,N,N,N,N,N,N,N,N,N,N,N
rpc25-1,N,D,N,N,N,N,N,D,N,N,N,N,N,N,N,N,N,D,N,N,N,N,N,N,N,N,N,D,N,N,D,N
rpc25-2,N,D,N,N,N,N,N,D,N,N,N,N,N,N,N,N,N,D,N,N,N,N,N,N,N,N,N,D,N,N,D,N
rpa1,D,D,D,N,N,N,N,N,D,D,D,N,D,D,N,N,D,D,N,N,N,D,D,D,D,D,N,N,D,N,D,N
rpc1,D,D,D,N,N,N,N,N,D,D,D,N,D,D,N,N,D,D,N,N,N,D,D,D,D,D,N,N,D,N,D,N
rpb11,D,N,N,D,D,N,D,D,D,D,D,D,D,D,D,D,N,D,N,D,D,D,N,N,N,N,N,D,N,D,D,N
rpb8,A,A,N,A,A,A,N,A,A,N,N,N,N,A,A,A,A,A,A,A,A,N,A,A,N,A,A,N,N,A,N,N
rpb1,D,D,D,N,N,N,N,D,D,D,D,N,D,D,N,N,D,D,N,D,D,D,D,D,D,D,N,N,D,N,D,N
rpa5,N,N,D,N,D,N,N,N,D,D,D,D,D,D,N,D,D,D,D,D,N,N,N,N,N,D,D,D,N,N,D,D
rpb4,N,A,A,N,N,N,A,N,N,N,N,N,N,N,N,N,A,N,N,N,N,N,N,N,N,N,N,N,N,N,A,N
rpb12,N,N,N,N,N,N,N,N,N,N,N,N,N,N,N,N,N,N,N,N,N,N,N,N,N,N,N,N,N,N,N,N
rpb7,N,D,N,N,N,N,N,D,N,N,N,N,N,N,N,N,N,D,N,N,N,N,N,N,N,N,N,D,N,N,D,N
rpc11,N,N,N,N,N,N,N,N,N,N,N,N,N,N,N,N,N,N,N,N,N,N,N,N,N,N,N,N,N,N,N,N
rpb2,N,N,N,N,N,D,N,N,D,N,D,N,N,N,D,D,N,N,N,D,D,N,D,N,N,D,D,D,D,D,D,N
rpc2,N,N,N,N,N,D,N,N,D,N,D,N,N,N,D,D,N,N,N,D,D,N,D,N,N,D,D,D,D,D,D,N
rpa49,N,N,N,N,N,N,N,N,N,N,N,N,N,N,N,N,N,N,N,N,N,N,N,N,N,N,N,N,N,N,N,N
rpb6,N,D,N,N,D,D,N,D,N,D,N,D,D,N,N,D,D,N,N,D,N,N,D,N,N,N,N,N,N,N,N,N
rpc19,D,N,N,D,D,N,D,D,D,D,D,D,D,D,D,D,N,D,N,D,D,D,N,N,N,N,N,D,N,D,D,N
rpb5,D,D,D,N,N,N,N,D,D,N,N,N,N,N,N,D,D,D,D,D,N,D,N,D,N,N,N,N,D,D,D,N
rpb3,N,N,D,N,D,N,N,N,D,D,D,D,D,D,N,D,D,D,D,D,N,N,N,N,N,D,D,D,N,N,D,D
rpa2,N,N,N,N,N,D,N,N,D,N,D,N,N,N,D,D,N,N,N,D,D,N,D,N,N,D,D,D,D,D,D,N
polA,N,N,N,N,N,N,N,N,N,N,N,N,N,N,N,N,N,N,N,N,N,N,N,N,N,N,N,N,N,N,N,N
polA3,N,N,A,N,N,N,N,A,A,N,N,N,N,N,A,N,N,A,N,A,N,A,A,N,N,A,N,N,N,N,N,N
ybl1,A,A,A,N,N,A,N,N,A,N,A,A,A,N,A,N,N,A,N,N,A,N,A,N,A,A,A,A,N,N,A,A
44,A,A,A,A,A,A,A,A,A,N,A,N,A,A,A,A,A,A,A,A,A,N,A,A,A,A,A,A,A,A,A,A
45,A,A,A,N,A,N,A,A,N,N,A,A,A,A,A,A,A,N,N,N,A,A,N,A,A,A,A,N,A,A,N,A
polD2,N,N,N,N,A,N,N,A,N,N,A,N,N,A,N,A,N,A,A,N,N,N,A,N,N,A,A,A,N,A,A,N
polA1,N,N,N,A,N,N,A,N,N,N,A,N,A,N,N,N,N,N,N,N,N,N,N,N,N,N,N,N,N,N,N,N
polA2,A,A,N,N,N,A,N,N,N,N,A,N,N,N,N,N,A,N,A,N,N,N,N,N,A,A,N,N,N,N,N,N
49,N,N,N,N,N,N,N,N,N,N,N,N,N,N,N,N,N,N,N,N,N,N,N,N,N,N,N,N,N,N,N,N
polD1,N,A,N,A,N,N,A,N,A,N,A,A,A,N,N,N,N,N,N,A,N,N,N,N,N,N,N,N,N,N,A,A
51,N,C,N,N,N,N,N,C,N,N,N,N,N,N,N,N,N,N,C,N,N,N,C,N,N,N,N,N,N,N,N,N
52,A,N,N,N,N,N,N,N,A,N,N,N,N,A,N,N,N,N,N,N,N,N,N,N,N,N,N,N,N,N,A,N
ndkC-1,N,N,N,D,D,N,D,N,N,N,D,D,N,D,D,N,N,N,N,N,D,D,D,N,D,N,N,N,N,N,D,N
ndkC-2,N,N,N,D,D,N,D,N,N,N,D,D,N,D,D,N,N,N,N,N,D,D,D,N,D,N,N,N,N,N,D,N
ndkM,N,N,N,D,D,N,D,N,N,N,D,D,N,D,D,N,N,N,N,N,D,D,D,N,D,N,N,N,N,N,D,N
56,N,N,N,D,D,N,D,N,N,N,D,D,N,D,D,N,N,N,N,N,D,D,D,N,D,N,N,N,N,N,D,N
57,N,N,N,N,N,N,N,N,N,N,N,N,N,N,N,N,N,N,N,N,N,N,N,N,N,N,N,N,N,N,N,N
adkA,A,N,N,N,N,A,N,A,N,N,A,A,N,A,A,N,A,N,N,N,N,N,A,A,A,N,N,A,N,N,N,A
adkB,A,N,N,N,N,A,N,A,N,N,A,A,N,A,A,N,A,N,N,N,N,N,A,A,A,N,N,A,N,N,N,A
purA,C,C,N,N,N,N,N,C,N,N,N,C,N,C,N,N,C,C,C,N,C,N,N,C,N,C,N,N,N,N,C,C
amdA,N,N,N,N,N,N,N,N,N,N,N,N,N,N,N,N,N,N,N,N,N,N,N,N,N,N,N,N,N,N,N,N
62,A,N,A,A,N,N,N,A,A,N,A,A,N,A,A,N,N,A,N,A,A,N,A,N,N,N,N,A,N,N,A,N
adk,N,N,N,N,N,N,N,N,N,N,N,N,N,N,N,N,N,N,N,N,N,N,N,N,N,N,N,N,N,N,N,N
aprt,N,A,N,A,N,N,N,N,A,N,N,N,N,N,N,N,N,N,N,N,A,N,A,N,N,N,N,N,N,N,A,N
ada,N,N,N,N,N,N,N,N,B,N,B,B,N,B,N,N,B,B,N,N,N,N,N,N,N,N,N,N,N,B,B,N
66,N,N,N,N,N,N,N,N,B,N,B,B,N,B,N,N,B,B,N,N,N,N,N,N,N,N,N,N,N,B,B,N
guaB,N,N,N,N,N,N,N,N,N,N,N,N,N,N,N,N,N,N,N,N,N,N,N,N,N,N,N,N,N,N,N,N
guaA,N,N,N,N,N,N,N,N,N,N,N,N,N,N,N,N,N,N,N,N,N,N,N,N,N,N,N,N,N,N,N,N
hprT,N,N,N,N,N,N,N,N,N,N,N,N,N,N,N,N,N,N,N,N,N,N,N,N,N,N,N,N,N,N,N,N
gmkA,N,A,A,N,N,N,N,A,A,N,N,A,A,N,A,N,A,N,A,N,A,N,N,A,N,N,A,N,A,N,A,A
guaD,N,N,N,N,N,N,N,N,N,N,N,N,N,N,N,N,N,N,N,N,N,N,N,N,N,N,N,N,N,N,N,N
allC,A,A,N,N,N,N,N,N,N,N,A,N,N,A,N,N,N,N,N,A,N,N,N,N,N,N,N,A,N,N,N,N
allB2,N,N,N,N,N,N,N,N,N,N,N,N,N,N,N,N,N,N,N,N,N,N,N,N,N,N,N,N,N,N,N,N
allB1,N,N,N,N,N,N,N,N,N,N,N,N,N,N,N,N,N,N,N,N,N,N,N,N,N,N,N,N,N,N,N,N
uox,N,N,N,N,N,N,N,N,N,N,N,N,N,N,N,N,N,N,N,N,N,N,N,N,N,N,N,N,N,N,N,N
76,N,N,A,N,N,A,N,N,N,N,N,N,N,N,N,N,N,N,N,A,N,A,N,A,N,N,N,N,N,N,N,N
spoT,N,N,N,N,N,N,N,N,N,N,N,N,N,N,N,N,N,N,N,N,N,N,N,N,N,N,N,N,N,N,N,N
78,N,A,A,N,N,N,N,N,A,N,N,N,N,N,A,N,N,N,N,N,N,N,N,N,N,N,N,N,A,N,A,N
purL,N,N,N,N,N,N,N,N,N,N,N,N,N,N,N,N,N,N,N,N,N,N,N,N,N,N,N,N,N,N,N,N
itpa,N,A,N,A,N,N,N,A,N,N,N,N,N,A,N,N,N,N,N,N,N,N,N,N,N,N,N,N,N,N,N,N
81,N,N,N,N,N,N,N,N,N,N,N,N,N,N,N,N,N,N,N,N,N,N,N,N,N,N,N,N,N,N,N,N
82,N,N,N,N,N,N,N,N,N,N,N,N,N,N,N,N,N,N,N,N,N,N,N,N,N,N,N,N,N,N,N,N
dak,N,N,N,N,N,N,N,N,N,N,N,N,N,N,N,N,N,N,N,N,N,N,N,N,N,N,N,N,N,N,N,N
84,N,N,N,N,N,N,N,N,N,N,N,N,N,N,N,N,N,N,N,N,N,N,N,N,N,N,N,N,N,N,N,N
pyk,A,N,N,N,N,N,N,N,A,N,N,N,N,A,A,N,N,N,N,N,N,N,N,A,A,N,N,N,A,N,N,N
regA,A,A,A,N,A,N,N,A,N,N,A,A,A,A,A,A,A,A,A,N,A,A,A,A,A,A,N,A,A,N,A,A
pde4,A,A,A,N,A,N,N,A,N,N,A,A,A,A,A,A,A,A,A,N,A,A,A,A,A,A,N,A,A,N,A,A
pgmB,N,N,N,N,N,N,N,N,N,N,N,N,N,N,N,N,N,N,N,N,N,N,N,N,N,N,N,N,N,N,N,N
pgmA,N,N,N,N,N,N,N,N,N,N,N,N,N,N,N,N,N,N,N,N,N,N,N,N,N,N,N,N,N,N,N,N
