LRBP;MK;MVK;MVLK;POROK3,N,A,N,N,N,N,A,N,N,N,N,A,N,A,A,A,A,N,N,N,A,N,N,A,N,N,A,N,N,N,A,N
T2;ACAT;ACAT1;MAT;THIL,N,N,N,N,N,N,N,N,N,N,N,N,N,N,N,N,N,N,N,N,N,N,N,N,N,N,N,N,N,N,N,N
ACAT2,N,N,N,N,N,N,N,N,N,N,N,N,N,N,N,N,N,N,N,N,N,N,N,N,N,N,N,N,N,N,N,N
HMGCS;HMGCS1,D,N,N,N,N,N,N,N,D,N,N,N,N,N,D,N,N,N,N,N,N,D,N,N,N,D,N,D,N,N,N,N
HMGCS2,D,N,N,N,N,N,N,N,D,N,N,N,N,N,D,N,N,N,N,N,N,D,N,N,N,D,N,D,N,N,N,N
LDLCQ3;HMGCR,N,N,A,N,N,N,A,N,N,N,A,N,A,A,N,N,N,N,N,N,N,N,N,N,N,A,N,N,N,N,A,N
IPPI1;IDI1;IPP1,N,N,N,N,N,N,N,A,N,N,A,N,N,N,N,N,N,A,N,A,N,N,N,A,N,N,N,A,N,N,A,N
IDI2;IPPI2,N,N,N,N,N,N,N,A,N,N,A,N,N,N,N,N,N,A,N,A,N,N,N,A,N,N,N,A,N,N,A,N
MVD;FP17780;POROK7;MPD;MDDase,N,N,N,N,N,N,N,N,N,N,N,N,N,N,N,N,N,N,N,N,N,N,N,N,N,N,N,N,N,N,N,N
PMKASE;PMVK;PMKA;PMK;POROK1;HUMPMKI,N,N,N,N,N,N,N,N,N,N,N,N,N,N,N,N,N,N,N,N,N,N,N,N,N,N,N,N,N,N,N,N
FPS;POROK9;FPPS;FDPS,N,N,N,N,N,N,N,N,N,N,N,N,N,N,N,N,N,N,N,N,N,N,N,N,N,N,N,N,N,N,N,N
GGPPS;GGPS1;GGPPS1,N,A,N,N,A,N,N,N,A,N,N,N,N,N,N,N,N,N,N,N,N,N,N,N,N,N,N,N,N,N,A,N
CDG1AA;NUS1;MGC:7199;C6orf68;NgBR;TANGO14,N,N,N,N,N,N,N,N,N,N,N,N,N,N,N,N,N,N,N,N,N,N,N,N,N,N,N,N,N,N,N,N
DS;RP59;HDS;CIT;DHDDS;CPT,N,N,N,N,N,N,N,N,N,N,N,N,N,N,N,N,N,N,N,N,N,N,N,N,N,N,N,N,N,N,N,N
COQ1;TPT;PDSS1;DPS;COQ10D2;TPT_1;TPRT;hDPS1;SPS,N,A,N,N,A,N,N,N,A,N,N,N,N,N,N,N,N,N,N,N,N,N,N,N,N,N,N,N,N,N,A,N
PDSS2;DLP1;COQ10D3;bA59I9.3;hDLP1;C6orf210,N,A,N,N,A,N,N,N,A,N,N,N,N,N,N,N,N,N,N,N,N,N,N,N,N,N,N,N,N,N,A,N
PTAR2;PGGT1A;FNTA;FPTA,A,A,A,N,N,N,N,N,A,N,A,N,N,N,N,A,N,N,N,N,A,A,N,A,N,N,N,N,N,A,A,N
FNTB;FPTB,A,N,A,A,A,A,A,N,A,A,A,A,A,A,A,N,A,A,A,N,A,N,A,A,A,A,A,A,A,A,A,A
FACE2;RCE1;RCE1B;RCE1A,A,A,A,N,A,A,N,A,A,N,A,A,A,A,N,N,A,N,N,N,A,N,A,A,A,N,A,N,A,N,A,N
PCCMT;MST098;PCMT;MSTP098;ICMT;PPMT;HSTE14,N,N,N,N,N,N,N,N,N,N,N,N,N,N,N,N,N,N,N,N,N,N,N,N,N,N,N,N,N,N,N,N
PCL1;PCYOX1,N,N,N,N,N,N,N,N,N,N,N,N,N,N,N,N,N,N,N,N,N,N,N,N,N,N,N,N,N,N,N,N
HGPS;FACE-1;STE24;Ste24p;FACE1;ZMPSTE24;PRO1,N,N,A,N,N,N,N,N,N,N,A,N,N,N,N,N,A,N,N,N,A,N,N,N,A,N,A,N,N,N,N,A
