HOR3;GLK1,N,N,N,N,A,N,N,N,A,N,N,N,N,N,N,N,A,N,N,N,N,N,N,N,A,A,N,N,N,N,A,A
EMI2,N,N,N,N,A,N,N,N,A,N,N,N,N,N,N,N,A,N,N,N,N,N,N,N,A,A,N,N,N,N,A,A
HXK1,N,N,N,N,A,N,N,N,A,N,N,N,N,N,N,N,A,N,N,N,N,N,N,N,A,A,N,N,N,N,A,A
HKB;HXK2;SCI2;HEX1,N,N,N,N,A,N,N,N,A,N,N,N,N,N,N,N,A,N,N,N,N,N,N,N,A,A,N,N,N,N,A,A
5,N,N,N,N,A,N,N,N,A,N,N,N,N,N,N,N,A,N,N,N,N,N,N,N,A,A,N,N,N,N,A,A
SUC2,A,N,N,N,N,N,N,N,A,N,N,A,N,A,N,N,N,N,N,N,N,N,A,N,N,N,N,N,N,N,N,N
FKS2;GSC2,N,N,N,A,A,N,N,A,A,N,A,A,A,A,A,A,N,A,N,N,A,A,A,A,A,A,N,A,A,A,A,N
CND1;FKS1;PBR1;GSC1;CWH53;ETG1,N,N,N,A,A,N,N,A,A,N,A,A,A,A,A,A,N,A,N,N,A,A,A,A,A,A,N,A,A,A,A,N
FKS3,N,N,N,A,A,N,N,A,A,N,A,A,A,A,A,A,N,A,N,N,A,A,A,A,A,A,N,A,A,A,A,N
10,A,N,A,N,A,N,A,A,A,N,A,N,A,N,N,A,N,A,N,N,A,N,N,A,N,N,N,A,N,A,A,N
UGP1,A,N,A,N,A,N,A,A,A,N,A,N,A,N,N,A,N,A,N,N,A,N,N,A,N,N,N,A,N,A,A,N
BYP1;GLC6;TPS1;FDP1;CIF1;TSS1;GGS1,N,B,N,N,N,N,N,B,B,N,B,N,B,B,B,N,B,B,N,B,N,N,N,B,N,N,B,B,B,N,N,N
HOG2;TPS2;PFK3,N,B,N,N,N,N,N,B,B,N,B,N,B,B,B,N,B,B,N,B,N,N,N,B,N,N,B,B,B,N,N,N
TSL1,N,B,N,N,N,N,N,B,B,N,B,N,B,B,B,N,B,B,N,B,N,N,N,B,N,N,B,B,B,N,N,N
TPS3,N,B,N,N,N,N,N,B,B,N,B,N,B,B,B,N,B,B,N,B,N,N,N,B,N,N,B,B,B,N,N,N
GSY1,N,N,N,N,N,N,N,N,N,N,N,N,N,N,N,N,N,N,N,N,N,N,N,N,N,N,N,N,N,N,N,N
GLG2,A,N,N,N,N,N,N,N,A,N,A,N,N,A,N,N,N,A,N,A,N,N,A,N,N,A,N,N,N,N,A,N
GLG1,A,N,N,N,N,N,N,N,A,N,A,N,N,A,N,N,N,A,N,A,N,N,A,N,N,A,N,N,N,N,A,N
GSY2,N,N,N,N,N,N,N,N,N,N,N,N,N,N,N,N,N,N,N,N,N,N,N,N,N,N,N,N,N,N,N,N
PGM1,N,N,N,N,N,N,N,N,N,N,N,N,N,N,N,N,N,N,N,N,N,N,N,N,N,N,N,N,N,N,N,N
GAL5;PGM2,N,N,N,N,N,N,N,N,N,N,N,N,N,N,N,N,N,N,N,N,N,N,N,N,N,N,N,N,N,N,N,N
PGM3;PRM15,N,N,N,N,N,N,N,N,N,N,N,N,N,N,N,N,N,N,N,N,N,N,N,N,N,N,N,N,N,N,N,N
PGI1;CDC30,N,N,N,N,N,N,N,N,N,N,N,N,N,N,N,N,N,N,N,N,N,N,N,N,N,N,N,N,N,N,N,N
GHA1;GLC3,N,N,N,N,N,N,N,N,N,N,N,N,N,N,N,N,N,N,N,N,N,N,N,N,N,N,N,N,N,N,N,N
NTH2,N,N,N,N,N,N,N,N,N,N,N,N,N,N,N,N,N,N,N,N,N,N,N,N,N,N,N,N,N,N,N,N
NTH1,N,N,N,N,N,N,N,N,N,N,N,N,N,N,N,N,N,N,N,N,N,N,N,N,N,N,N,N,N,N,N,N
ATH1,N,N,N,N,N,N,N,N,N,N,N,N,N,N,N,N,N,N,N,N,N,N,N,N,N,N,N,N,N,N,N,N
SGA1,N,N,N,N,N,A,N,N,N,N,A,N,N,N,A,N,N,N,N,N,N,A,N,N,N,N,N,N,N,N,A,N
GPH1,N,N,N,N,N,N,N,N,N,N,N,N,N,N,N,N,N,N,N,N,N,N,N,N,N,N,N,N,N,N,N,N
GDB1,N,N,D,N,N,N,D,N,N,N,N,N,N,N,N,D,N,N,N,N,N,N,N,N,N,N,D,N,N,N,N,N
EXG2,N,N,N,N,N,N,N,N,N,N,N,N,N,N,N,N,N,N,N,N,N,N,N,N,N,N,N,N,N,N,N,N
SCW9;BGL2,N,N,N,N,N,N,N,N,A,N,A,A,N,N,N,N,N,N,A,A,N,N,N,N,N,N,N,A,N,N,N,N
EXG1;BGL1;SCW6,N,N,N,N,N,N,N,N,N,N,N,N,N,N,N,N,N,N,N,N,N,N,N,N,N,N,N,N,N,N,N,N
SPR1;SSG1,N,N,N,N,N,N,N,N,N,N,N,N,N,N,N,N,N,N,N,N,N,N,N,N,N,N,N,N,N,N,N,N
MAL32,N,N,N,N,N,N,N,N,N,N,N,N,N,N,N,N,N,N,N,N,N,N,N,N,N,N,N,N,N,N,N,N
IMA1,N,N,N,N,N,N,N,N,N,N,N,N,N,N,N,N,N,N,N,N,N,N,N,N,N,N,N,N,N,N,N,N
MAL12,N,N,N,N,N,N,N,N,N,N,N,N,N,N,N,N,N,N,N,N,N,N,N,N,N,N,N,N,N,N,N,N
IMA3,N,N,N,N,N,N,N,N,N,N,N,N,N,N,N,N,N,N,N,N,N,N,N,N,N,N,N,N,N,N,N,N
IMA5,N,N,N,N,N,N,N,N,N,N,N,N,N,N,N,N,N,N,N,N,N,N,N,N,N,N,N,N,N,N,N,N
FSP2;IMA4,N,N,N,N,N,N,N,N,N,N,N,N,N,N,N,N,N,N,N,N,N,N,N,N,N,N,N,N,N,N,N,N
IMA2,N,N,N,N,N,N,N,N,N,N,N,N,N,N,N,N,N,N,N,N,N,N,N,N,N,N,N,N,N,N,N,N
