ppt1,N,N,A,A,N,N,N,N,A,N,A,N,N,A,A,N,N,N,N,N,A,N,N,N,N,N,N,N,N,N,A,A
ppt2,N,N,A,A,N,N,N,N,A,N,A,N,N,A,A,N,N,N,N,N,A,N,N,N,N,N,N,N,N,N,A,A
ppt3,N,N,A,A,N,N,N,N,A,N,A,N,N,A,A,N,N,N,N,N,A,N,N,N,N,N,N,N,N,N,A,A
mecr,N,N,N,N,N,N,N,N,N,N,N,N,N,N,N,N,N,N,N,N,N,N,N,N,N,N,N,N,N,N,N,N
echs1,B,N,B,N,B,B,B,B,B,N,B,B,B,N,B,N,B,B,B,N,B,N,B,N,N,B,N,B,B,N,B,B
6,B,N,B,N,B,B,B,B,B,N,B,B,B,N,B,N,B,B,B,N,B,N,B,N,N,B,N,B,B,N,B,B
7,B,N,B,N,N,N,B,N,B,N,B,B,B,B,N,N,B,N,B,B,N,N,B,N,B,B,N,N,N,N,B,B
gpsn2,A,N,A,A,A,N,N,N,A,N,A,N,N,A,N,A,A,N,A,N,A,N,N,A,N,A,A,A,N,N,N,A
9,A,A,A,A,A,A,A,A,A,N,A,A,A,A,N,A,A,A,A,N,A,A,A,A,N,A,A,N,N,A,A,A
10,A,A,A,A,A,A,A,A,A,N,A,A,A,A,N,A,A,A,A,N,A,A,A,A,N,A,A,N,N,A,A,A
11,A,A,A,N,A,A,A,N,N,N,A,A,A,A,N,A,A,A,A,A,N,A,A,A,A,A,A,A,N,A,A,N
12,A,A,A,N,A,A,A,N,N,N,A,A,A,A,N,A,A,A,A,A,N,A,A,A,A,A,A,A,N,A,A,N
cutA,N,N,N,N,N,N,N,N,N,N,N,N,N,N,N,N,N,N,N,N,N,N,N,N,N,N,N,N,N,N,N,N
