IFI;IFNG;IFG,N,N,N,N,N,N,N,N,N,N,N,N,N,N,N,N,N,N,N,N,N,N,N,N,N,N,N,N,N,N,N,N
P58;RPN3;TSTA2;PSMD3;S3,N,N,A,N,A,A,N,A,A,N,A,N,N,A,A,N,N,N,N,N,A,N,A,A,A,A,A,N,A,A,A,A
PSMD12;STISS;Rpn5;p55,A,A,A,A,A,A,A,A,A,N,A,A,A,A,A,A,A,A,A,A,A,A,A,A,A,A,A,A,A,A,A,A
PSMD11;Rpn6;S9;p44.5,A,A,A,N,A,A,A,A,A,N,A,A,N,N,A,A,A,A,A,N,N,A,A,A,N,A,N,N,A,N,A,N
p42A;p44S10;S10;SGA-113M;PSMD6;Rpn7,A,A,A,N,A,A,N,A,A,N,A,A,A,A,A,A,N,A,A,A,A,A,A,N,N,A,N,N,A,A,A,A
PSMD7;Rpn8;S12;P40;MOV34,C,C,C,C,C,N,C,C,C,N,C,C,N,C,C,C,C,C,C,C,C,C,C,C,C,C,N,C,N,C,C,C
S11;p40.5;PSMD13;Rpn9;HSPC027,A,A,A,N,N,N,A,N,A,N,A,A,A,N,A,A,A,A,N,A,A,N,A,A,N,A,N,A,N,A,A,N
POH1;PSMD14;RPN11;PAD1,C,C,C,N,N,C,C,C,C,N,N,C,N,C,C,C,C,C,C,C,C,C,C,C,C,C,N,C,N,C,C,C
Nin1p;HEL-S-91n;PSMD8;HIP6;HYPF;Rpn12;p31;S14,N,N,N,N,A,N,N,N,N,N,A,N,N,N,N,N,N,N,A,N,N,N,N,N,N,N,A,A,N,N,A,A
ECD;Shfdg1;C7orf76;SHFM1;SEM1;DSS1;SHFD1;SHSF1,N,N,N,N,N,N,N,N,N,N,N,N,N,N,N,N,N,N,N,N,N,N,N,N,N,N,N,N,N,N,N,N
ASF;MCB1;AF-1;PSMD4;AF;Rpn10;S5A;pUB-R5,A,N,N,N,A,A,A,A,N,N,N,A,N,A,A,A,A,A,N,A,N,N,A,N,A,A,A,N,N,A,A,N
S2;TRAP2;P97;PSMD2;RPN1,N,N,N,A,A,N,A,A,N,A,A,N,A,A,A,N,N,N,N,A,N,A,A,A,N,A,A,A,N,N,A,N
PSMD1;S1;Rpn2;P112,N,N,N,A,A,N,A,A,N,A,A,N,A,A,A,N,N,N,N,A,N,A,A,A,N,A,A,A,N,N,A,N
GP110;ARM1;ARM-1;ADRM1,N,N,N,N,A,A,N,N,A,N,A,N,N,A,N,A,N,N,N,A,A,A,A,A,A,N,N,A,N,N,N,A
PSMC2;MSS1;Nbla10058;S7,D,D,D,D,D,D,D,D,D,D,D,D,D,D,D,D,D,D,D,D,D,D,D,D,D,D,D,D,D,D,D,D
S4;p56;P26S4;PSMC1,D,D,D,D,D,D,D,D,D,D,D,D,D,D,D,D,D,D,D,D,D,D,D,D,D,D,D,D,D,D,D,D
RPT3;TBP-7;TBP7;MIP224;PSMC4;S6,D,D,D,D,D,D,D,D,D,D,D,D,D,D,D,D,D,D,D,D,D,D,D,D,D,D,D,D,D,D,D,D
HEL-S-73;PSMC6;SUG2;CADP44;P44;p42,D,D,D,D,D,D,D,D,D,D,D,D,D,D,D,D,D,D,D,D,D,D,D,D,D,D,D,D,D,D,D,D
TBP1;PSMC3,D,D,D,D,D,D,D,D,D,D,D,D,D,D,D,D,D,D,D,D,D,D,D,D,D,D,D,D,D,D,D,D
S8;SUG1;PSMC5;TRIP1;SUG-1;p45/SUG;p45;TBP10,D,D,D,D,D,D,D,D,D,D,D,D,D,D,D,D,D,D,D,D,D,D,D,D,D,D,D,D,D,D,D,D
PA28alpha;HEL-S-129m;PA28A;PSME1;REGalpha;IFI5111,N,N,N,N,N,N,N,N,N,N,N,N,N,N,N,N,N,N,N,N,N,N,N,N,N,N,N,N,N,N,N,N
REGbeta;PSME2;PA28B;PA28beta,N,N,N,N,N,N,N,N,N,N,N,N,N,N,N,N,N,N,N,N,N,N,N,N,N,N,N,N,N,N,N,N
HEL-S-283;PA28gamma;PSME3;Ki;PA28G;PA28-gamma;REG-GAMMA,N,N,N,N,N,N,N,N,N,N,N,N,N,N,N,N,N,N,N,N,N,N,N,N,N,N,N,N,N,N,N,N
PA200;PSME4,A,A,N,N,N,A,A,N,N,N,N,N,N,A,A,A,N,N,N,N,A,N,N,N,N,A,N,A,N,N,N,N
p27K;IOTA;PROS27;PSMA6,D,D,D,D,D,D,D,N,D,D,D,D,D,D,D,N,N,D,N,D,D,D,D,D,D,N,D,N,D,N,D,N
PSC2;PSMA2;PMSA2;MU;HC3,D,D,D,D,D,D,D,N,D,D,D,D,D,D,D,N,N,D,N,D,D,D,D,D,D,N,D,N,D,N,D,N
HsT17706;PSC9;PSMA4;HC9,D,D,D,D,D,D,D,N,D,D,D,D,D,D,D,N,N,D,N,D,D,D,D,D,D,N,D,N,D,N,D,N
PSMA7L;PSMA8,D,D,D,D,D,D,D,N,D,D,D,D,D,D,D,N,N,D,N,D,D,D,D,D,D,N,D,N,D,N,D,N
PSMA7;C6;HEL-S-276;HSPC;RC6-1;XAPC7,D,D,D,D,D,D,D,N,D,D,D,D,D,D,D,N,N,D,N,D,D,D,D,D,D,N,D,N,D,N,D,N
ZETA;PSMA5;PSC5,D,D,D,D,D,D,D,N,D,D,D,D,D,D,D,N,N,D,N,D,D,D,D,D,D,N,D,N,D,N,D,N
NU;PROS30;PSMA1;HC2;HEL-S-275,D,D,D,D,D,D,D,N,D,D,D,D,D,D,D,N,N,D,N,D,D,D,D,D,D,N,D,N,D,N,D,N
PSC3;PSMA3;HC8,D,D,D,D,D,D,D,N,D,D,D,D,D,D,D,N,N,D,N,D,D,D,D,D,D,N,D,N,D,N,D,N
LMPY;PSMB6;Y;DELTA,N,N,D,N,D,D,D,N,D,D,D,D,N,D,D,N,N,D,N,D,N,D,D,D,D,N,D,N,D,N,D,N
PSMB7;Z,N,N,D,N,D,D,D,N,D,D,D,D,N,D,D,N,N,D,N,D,N,D,D,D,D,N,D,N,D,N,D,N
HC10-II;PSMB3,N,N,D,N,D,D,D,N,N,D,D,D,N,D,D,N,N,D,N,D,N,D,D,D,D,N,D,N,N,N,D,N
PSMB2;HC7-I,N,N,D,N,D,D,D,N,N,D,D,D,N,D,D,N,N,D,N,D,N,D,D,D,D,N,D,N,N,N,D,N
MB1;PSMB5;LMPX;X,N,N,D,N,D,D,D,N,D,D,D,D,N,D,D,N,N,D,N,D,N,D,D,D,D,N,D,N,D,N,D,N
HC5;PSC5;PMSB1;PSMB1,N,N,D,N,D,D,D,N,D,N,D,N,N,N,D,N,N,N,N,D,N,N,D,N,D,N,D,N,D,N,D,N
PROS-26;PROS26;PSMB4;HN3;HsN3,N,N,N,N,D,N,D,N,N,N,N,N,N,N,D,N,N,N,N,N,N,N,D,N,D,N,N,N,N,N,N,N
PSMB9;PSMB6i;beta1i;RING12;LMP2,N,N,D,N,D,D,D,N,D,D,D,D,N,D,D,N,N,D,N,D,N,D,D,D,D,N,D,N,D,N,D,N
MECL1;PSMB10;beta2i;LMP10,N,N,D,N,D,D,D,N,D,D,D,D,N,D,D,N,N,D,N,D,N,D,D,D,D,N,D,N,D,N,D,N
ALDD;PSMB5i;PSMB8;D6S216;NKJO;RING10;D6S216E;JMP;LMP7,N,N,D,N,D,D,D,N,D,D,D,D,N,D,D,N,N,D,N,D,N,D,D,D,D,N,D,N,D,N,D,N
BETA5T;PSMB11,N,N,D,N,D,D,D,N,D,D,D,D,N,D,D,N,N,D,N,D,N,D,D,D,D,N,D,N,D,N,D,N
PI31;PSMF1,N,N,N,N,N,N,N,N,N,N,N,N,N,N,N,N,N,N,N,N,N,N,N,N,N,N,N,N,N,N,N,N
HSPC014;C13orf12;PNAS-110;POMP;UMP1,N,N,N,N,N,N,N,N,N,N,N,N,N,N,N,N,N,N,N,N,N,N,N,N,N,N,N,N,N,N,N,N
