1,N,N,N,N,N,N,N,N,N,N,N,N,N,N,N,N,N,N,N,N,N,N,N,N,N,N,N,N,N,N,N,N
EIF2_ALPHA,N,N,N,N,N,N,N,N,N,N,N,N,N,N,N,N,N,N,N,N,N,N,N,N,N,N,N,N,N,N,N,N
3,A,A,A,N,A,N,A,A,A,N,A,A,A,A,N,A,A,A,A,A,A,A,A,A,A,A,A,A,A,A,A,A
CNX1,A,A,A,N,A,N,A,A,A,N,A,A,A,A,N,A,A,A,A,A,A,A,A,A,A,A,A,A,A,A,A,A
CRT3,A,A,A,N,A,N,A,A,A,N,A,A,A,A,N,A,A,A,A,A,A,A,A,A,A,A,A,A,A,A,A,A
CRT1b,A,A,A,N,A,N,A,A,A,N,A,A,A,A,N,A,A,A,A,A,A,A,A,A,A,A,A,A,A,A,A,A
CRT1a,A,A,A,N,A,N,A,A,A,N,A,A,A,A,N,A,A,A,A,A,A,A,A,A,A,A,A,A,A,A,A,A
8,N,N,N,N,N,N,N,N,A,N,A,N,A,N,N,N,A,A,N,N,N,N,N,N,N,N,N,A,N,N,N,N
9,N,N,N,N,N,N,N,N,A,N,A,N,A,N,N,N,A,A,N,N,N,N,N,N,N,N,N,A,N,N,N,N
SCY1,N,N,N,N,N,N,N,N,N,N,N,N,N,N,N,N,N,N,N,N,N,N,N,N,N,N,N,N,N,N,N,N
11,N,N,N,N,N,N,N,N,A,N,A,N,A,N,N,N,A,A,N,N,N,N,N,N,N,N,N,A,N,N,N,N
SEC61_BETA,A,A,N,N,A,N,N,N,A,N,A,A,N,N,N,A,N,N,A,N,A,N,N,A,A,N,N,N,N,N,N,N
13,N,N,N,N,N,N,N,N,N,N,N,N,N,N,N,N,N,N,N,N,N,N,N,N,N,N,N,N,N,N,N,N
14,A,A,N,N,A,N,N,N,A,N,A,A,N,N,N,A,N,N,A,N,A,N,N,A,A,N,N,N,N,N,N,N
15,N,N,N,N,N,N,N,N,N,N,N,N,N,N,N,N,N,N,N,N,N,N,N,N,N,N,N,N,N,N,N,N
16,N,N,N,N,N,N,N,N,N,N,N,N,N,N,N,N,N,N,N,N,N,N,N,N,N,N,N,N,N,N,N,N
17,A,A,N,N,A,N,N,N,A,N,A,A,N,N,N,A,N,N,A,N,A,N,N,A,A,N,N,N,N,N,N,N
CDC48,D,D,D,D,D,D,D,D,D,D,D,D,D,D,D,D,D,D,D,D,D,D,D,D,D,D,D,D,D,D,D,D
AtCDC48B,D,D,D,D,D,D,D,D,D,D,D,D,D,D,D,D,D,D,D,D,D,D,D,D,D,D,D,D,D,D,D,D
AtCDC48C,D,D,D,D,D,D,D,D,D,D,D,D,D,D,D,D,D,D,D,D,D,D,D,D,D,D,D,D,D,D,D,D
21,N,N,N,N,N,N,N,N,N,N,N,N,N,N,N,N,N,N,N,N,N,N,N,N,N,N,N,N,N,N,N,N
ATDAD1,A,A,A,N,N,N,A,A,A,N,N,N,N,N,N,A,A,N,N,A,A,N,N,N,N,A,A,A,N,N,A,A
STT3B,N,N,N,N,N,N,N,N,N,N,N,N,N,N,N,N,N,N,N,N,N,N,N,N,N,N,N,N,N,N,N,N
24,N,N,N,N,N,N,N,N,N,N,N,N,N,N,N,N,N,N,N,N,N,N,N,N,N,N,N,N,N,N,N,N
25,A,A,A,N,N,A,A,A,A,N,A,A,N,N,A,A,N,A,A,A,A,N,N,A,A,N,A,A,N,N,A,A
26,A,A,A,N,N,A,A,A,A,N,A,A,N,N,A,A,N,A,A,A,A,N,N,A,A,N,A,A,N,N,A,A
DAD2,A,A,A,N,N,N,A,A,A,N,N,N,N,N,N,A,A,N,N,A,A,N,N,N,N,A,A,A,N,N,A,A
HAP6,N,N,N,N,N,N,N,N,N,N,N,N,N,N,N,N,N,N,N,N,N,N,N,N,N,N,N,N,N,N,N,N
STT3A,N,N,N,N,N,N,N,N,N,N,N,N,N,N,N,N,N,N,N,N,N,N,N,N,N,N,N,N,N,N,N,N
DGL1,N,A,A,N,N,N,N,A,A,N,N,N,N,A,N,N,N,N,N,A,A,N,A,N,N,A,N,A,N,N,A,A
31,N,A,A,N,N,A,N,N,A,N,A,N,N,A,N,N,N,A,A,N,N,A,A,A,N,A,A,N,N,N,A,N
32,N,A,A,N,N,A,N,N,A,N,A,N,N,A,N,N,N,A,A,N,N,A,A,A,N,A,A,N,N,N,A,N
33,A,N,A,N,A,N,A,N,A,N,A,N,N,A,N,N,A,N,N,A,N,N,A,N,N,N,A,N,N,N,A,N
34,A,N,A,N,A,N,A,N,A,N,A,N,N,A,N,N,A,N,N,A,N,N,A,N,N,N,A,N,N,N,A,N
ERMO2,B,N,B,B,B,B,B,B,B,N,B,N,N,B,N,N,B,B,N,B,B,N,B,N,N,B,B,B,N,B,B,N
36,A,N,A,N,A,N,A,N,A,N,A,N,N,A,N,N,A,N,N,A,N,N,A,N,N,N,A,N,N,N,A,N
CEF,B,N,B,B,B,B,B,B,B,N,B,N,N,B,N,N,B,B,N,B,B,N,B,N,N,B,B,B,N,B,B,N
38,A,N,A,N,A,N,A,N,A,N,A,N,N,A,N,N,A,N,N,A,N,N,A,N,N,N,A,N,N,N,A,N
39,B,N,B,B,B,B,B,B,B,N,B,N,N,B,N,N,B,B,N,B,B,N,B,N,N,B,B,B,N,B,B,N
40,A,N,A,N,A,N,A,N,A,N,A,N,N,A,N,N,A,N,N,A,N,N,A,N,N,N,A,N,N,N,A,N
UFD1,A,A,N,A,N,A,N,A,A,N,A,A,A,N,A,A,N,A,A,N,N,A,A,A,N,A,N,N,N,N,A,A
42,N,A,N,N,N,A,N,A,A,N,A,A,A,N,A,A,N,A,A,N,N,A,A,A,N,A,N,N,N,N,A,A
43,A,A,N,A,N,A,N,A,A,N,A,A,A,N,A,A,N,A,A,N,N,A,A,A,N,A,N,N,N,N,A,A
44,A,N,A,N,A,N,N,A,A,N,A,N,N,N,N,N,N,N,N,N,N,N,A,N,N,N,N,N,N,N,N,A
NPL41,A,N,A,N,A,N,N,A,A,N,A,N,N,N,N,N,N,N,N,N,N,N,A,N,N,N,N,N,N,N,N,A
ERO1,N,N,A,N,N,N,N,A,A,N,A,N,N,A,A,N,N,N,N,N,N,N,N,N,A,N,N,N,N,N,A,A
ERO2,N,N,A,N,N,N,N,A,A,N,A,N,N,A,A,N,N,N,N,N,N,N,N,N,A,N,N,N,N,N,A,A
MNS3,N,A,A,N,N,A,N,N,A,N,A,N,N,A,N,N,N,A,A,N,N,A,A,A,N,A,A,N,N,N,A,N
MNS1,N,A,A,N,N,A,N,N,A,N,A,N,N,A,N,N,N,A,A,N,N,A,A,A,N,A,A,N,N,N,A,N
MNS2,N,A,A,N,N,A,N,N,A,N,A,N,N,A,N,N,N,A,A,N,N,A,A,A,N,A,A,N,N,N,A,N
PSL4,A,N,A,N,A,A,A,A,A,N,A,A,A,A,N,N,A,A,A,A,A,A,N,N,A,N,A,A,A,N,A,N
RSW3,N,N,N,N,N,A,N,N,N,N,A,N,N,N,A,N,N,N,N,N,N,A,N,N,N,N,N,N,N,N,A,N
53,N,N,N,N,N,N,N,N,N,N,N,N,N,N,N,N,N,N,N,N,N,N,N,N,N,N,N,N,N,N,N,N
GCS1,N,N,N,N,N,N,N,N,N,N,N,N,N,N,N,N,N,N,N,N,N,N,N,N,N,N,N,N,N,N,N,N
EBS1,N,A,N,N,N,N,N,N,A,N,A,N,N,N,N,N,A,N,N,N,A,A,A,A,A,N,N,N,N,N,A,A
56,A,A,A,N,A,N,A,A,A,N,A,A,A,N,A,N,A,A,A,A,N,A,N,A,A,A,N,A,A,N,A,N
CER9,A,A,A,N,A,N,A,A,A,N,A,A,A,N,A,N,A,A,A,A,N,A,N,A,A,A,N,A,A,N,A,N
Hrd1B,A,A,A,A,A,A,A,A,A,N,A,A,N,A,A,A,A,A,A,A,A,A,A,A,A,A,A,A,A,A,A,A
Hrd1A,A,A,A,A,A,A,A,A,A,N,A,A,N,A,A,A,A,A,A,A,A,A,A,A,A,A,A,A,A,A,A,A
UBC13,A,A,A,A,A,A,A,A,A,A,A,A,A,A,A,A,A,A,A,A,A,A,A,A,A,A,A,A,A,A,A,A
UBC14,A,A,A,A,A,A,A,A,A,A,A,A,A,A,A,A,A,A,A,A,A,A,A,A,A,A,A,A,A,A,A,A
UBC7,A,A,A,A,A,A,A,A,A,A,A,A,A,A,A,A,A,A,A,A,A,A,A,A,A,A,A,A,A,A,A,A
BIP3,B,B,B,B,B,N,N,B,B,N,B,N,N,B,B,B,B,B,N,B,B,B,B,N,N,B,B,N,N,B,B,B
BIP1,B,B,B,B,B,N,N,B,B,N,B,N,N,B,B,B,B,B,N,B,B,B,B,N,N,B,B,N,N,B,B,B
BIP2,B,B,B,B,B,N,N,B,B,N,B,N,N,B,B,B,B,B,N,B,B,B,B,N,N,B,B,N,N,B,B,B
ATERDJ2A,A,A,A,A,A,A,A,A,A,N,A,A,A,A,A,A,A,A,A,A,A,A,A,A,A,A,A,A,N,A,A,A
67,N,N,N,N,N,N,N,N,N,N,N,N,N,N,N,N,N,N,N,N,N,N,N,N,N,N,N,N,N,N,N,N
ATERDJ2B,A,A,A,A,A,A,A,A,A,N,A,A,A,A,A,A,A,A,A,A,A,A,A,A,A,A,A,A,N,A,A,A
IRE1A,D,D,D,D,D,D,D,D,D,D,D,D,D,D,D,D,D,D,D,D,D,D,D,D,D,D,D,D,D,D,D,D
GCN2,D,D,D,D,D,D,D,D,D,N,D,D,D,D,D,D,D,D,D,D,D,D,D,D,D,D,D,D,D,D,D,D
S1P,N,A,N,N,N,N,N,N,A,N,A,N,N,N,A,N,N,N,N,N,N,N,N,A,N,N,N,N,N,N,N,N
72,N,N,N,N,N,N,N,N,N,N,N,N,N,N,N,N,N,N,N,N,N,N,N,N,N,N,N,N,N,N,N,N
RAD23A,D,D,N,N,D,D,N,D,D,N,D,N,N,D,N,N,N,N,D,D,D,N,D,D,N,D,N,N,D,N,D,N
RAD23B,D,D,N,N,D,D,N,D,D,N,D,N,N,D,N,N,N,N,D,D,D,N,D,D,N,D,N,N,D,N,D,N
RAD23C,D,D,N,N,D,D,N,D,D,N,D,N,N,D,N,N,N,N,D,D,D,N,D,D,N,D,N,N,D,N,D,N
76,D,D,N,N,N,N,N,D,D,N,D,N,N,N,N,N,N,N,D,D,D,N,D,D,N,D,N,N,D,N,D,N
RAD23D,D,D,N,N,D,D,N,D,D,N,D,N,N,D,N,N,N,N,D,D,D,N,D,D,N,D,N,N,D,N,D,N
78,D,D,N,N,N,N,N,N,D,N,D,N,N,N,N,N,N,N,D,N,D,N,D,D,N,D,N,N,D,N,D,N
DSK2,D,D,N,N,N,N,N,N,D,N,D,N,N,N,N,N,N,N,D,N,D,N,D,D,N,D,N,N,D,N,D,N
PNG1,N,N,N,N,N,N,N,N,N,N,N,N,N,N,N,N,N,N,N,N,N,N,N,N,N,N,N,N,N,N,N,N
UBC34,A,A,A,A,A,A,A,A,A,A,A,A,A,A,A,A,A,A,A,A,A,A,A,A,A,A,A,A,A,A,A,A
UBC32,A,A,A,A,A,A,A,A,A,A,A,A,A,A,A,A,A,A,A,A,A,A,A,A,A,A,A,A,A,A,A,A
UBC33,A,A,A,A,A,A,A,A,A,A,A,A,A,A,A,A,A,A,A,A,A,A,A,A,A,A,A,A,A,A,A,A
84,A,A,A,N,A,A,N,A,A,N,A,A,A,A,A,N,N,A,A,A,A,A,A,A,A,A,A,N,A,A,A,A
85,A,A,A,N,A,A,N,A,A,N,A,A,A,A,A,A,N,A,A,N,A,A,A,A,N,A,N,N,A,N,A,N
86,A,N,A,N,A,A,A,N,N,N,A,N,N,A,N,A,A,N,A,A,A,N,A,N,N,A,N,N,N,N,A,A
87,A,A,A,A,A,A,A,A,A,A,A,A,A,A,A,A,A,A,A,A,A,A,A,A,A,A,A,A,A,A,A,A
Hsp70b,B,B,B,B,B,N,N,B,B,N,B,N,N,B,B,B,B,B,N,B,B,B,B,N,N,B,B,N,N,B,B,B
ERD2,B,B,B,B,B,N,N,B,B,N,B,N,N,B,B,B,B,B,N,B,B,B,B,N,N,B,B,N,N,B,B,B
90,B,B,B,B,B,N,N,B,B,N,B,N,N,B,B,B,B,B,N,B,B,B,B,N,N,B,B,N,N,B,B,B
HSP70,B,B,B,B,B,N,N,B,B,N,B,N,N,B,B,B,B,B,N,B,B,B,B,N,N,B,B,N,N,B,B,B
cpHsc70-1,B,B,B,B,B,N,N,B,B,N,B,N,N,B,B,B,B,B,N,B,B,B,B,N,N,B,B,N,N,B,B,B
Hsp70-2,B,B,B,B,B,N,N,B,B,N,B,N,N,B,B,B,B,B,N,B,B,B,B,N,N,B,B,N,N,B,B,B
HSC70-1,B,B,B,B,B,N,N,B,B,N,B,N,N,B,B,B,B,B,N,B,B,B,B,N,N,B,B,N,N,B,B,B
cpHsc70-2,B,B,B,B,B,N,N,B,B,N,B,N,N,B,B,B,B,B,N,B,B,B,B,N,N,B,B,N,N,B,B,B
EBS5,A,A,A,N,A,N,N,A,A,N,A,A,N,A,A,N,N,A,A,A,A,A,A,A,N,N,N,N,N,N,A,N
DER2.2,A,N,N,A,A,N,N,A,N,A,A,N,A,N,A,A,N,N,N,N,A,N,N,A,N,N,N,N,N,N,A,N
DER2.1,A,N,N,A,A,N,N,A,N,A,A,N,A,N,A,A,N,N,N,N,A,N,N,A,N,N,N,N,N,N,A,N
DER1,A,N,N,A,A,N,N,A,N,A,A,N,A,N,A,A,N,N,N,N,A,N,N,A,N,N,N,N,N,N,A,N
OS9,N,N,N,N,N,N,N,N,N,N,N,N,N,N,N,N,N,N,N,N,N,N,N,N,N,N,N,N,N,N,N,N
101,A,A,A,A,A,N,A,N,A,N,A,A,A,N,A,A,A,A,A,A,A,A,A,A,A,A,N,A,N,A,A,A
RBX1,A,A,A,A,A,N,A,N,A,N,A,A,A,N,A,A,A,A,A,A,A,A,A,A,A,A,N,A,N,A,A,A
UBC28,A,A,A,A,A,A,A,A,A,A,A,A,A,A,A,A,A,A,A,A,A,A,A,A,A,A,A,A,A,A,A,A
UBC29,A,A,A,A,A,A,A,A,A,A,A,A,A,A,A,A,A,A,A,A,A,A,A,A,A,A,A,A,A,A,A,A
UBC11,A,A,A,A,A,A,A,A,A,A,A,A,A,A,A,A,A,A,A,A,A,A,A,A,A,A,A,A,A,A,A,A
UBC30,A,A,A,A,A,A,A,A,A,A,A,A,A,A,A,A,A,A,A,A,A,A,A,A,A,A,A,A,A,A,A,A
J3,A,A,A,A,A,A,A,A,A,N,A,A,A,A,A,A,A,A,A,A,A,A,A,A,A,A,A,A,N,A,A,A
108,A,A,A,A,A,A,A,A,A,N,A,A,A,A,A,A,A,A,A,A,A,A,A,A,A,A,A,A,N,A,A,A
109,A,A,A,A,A,A,A,A,A,N,A,A,A,A,A,A,A,A,A,A,A,A,A,A,A,A,A,A,N,A,A,A
J2,A,A,A,A,A,A,A,A,A,N,A,A,A,A,A,A,A,A,A,A,A,A,A,A,A,A,A,A,N,A,A,A
111,A,A,A,A,A,A,A,A,A,N,A,A,A,A,A,A,A,A,A,A,A,A,A,A,A,A,A,A,N,A,A,A
CHIP,B,B,B,N,B,N,N,B,B,N,B,B,B,B,B,N,B,B,B,B,B,B,B,B,N,B,B,B,N,B,B,B
PDIL2-2,A,N,A,N,A,N,A,A,A,N,A,A,A,A,A,A,A,A,A,A,A,A,A,A,A,A,A,N,A,N,A,N
PDIL1-1,A,N,A,N,A,N,A,A,A,N,A,A,A,A,A,A,A,A,A,A,A,A,A,A,A,A,A,N,A,N,A,N
PDIL5-2,A,N,A,N,A,N,A,A,A,N,A,A,A,A,A,A,A,A,A,A,A,A,A,A,A,A,A,N,A,N,A,N
PDIL1-5,A,N,A,N,N,N,A,A,A,N,A,A,A,A,A,A,A,A,N,A,A,A,A,A,A,A,A,N,A,N,A,N
PDIL1-2,A,N,A,N,A,N,A,A,A,N,A,A,A,A,A,A,A,A,A,A,A,A,A,A,A,A,A,N,A,N,A,N
PDIL2-3,A,N,A,N,A,N,A,A,A,N,A,A,A,A,A,A,A,A,A,A,A,A,A,A,A,A,A,N,A,N,A,N
UNE5,A,N,A,N,A,N,A,A,A,N,A,A,A,A,A,A,A,A,A,A,A,A,A,A,A,A,A,N,A,N,A,N
PDIL1-6,A,N,A,N,N,N,A,A,A,N,A,A,A,A,A,A,A,A,N,A,A,A,A,A,A,A,A,N,A,N,A,N
PDIL1-3,A,N,A,N,A,N,A,A,A,N,A,A,A,A,A,A,A,A,N,A,A,A,A,A,A,A,A,N,A,N,A,N
PDIL1-4,A,A,A,N,A,N,A,A,A,N,A,A,A,A,A,A,A,A,A,A,A,A,A,A,A,A,A,N,A,N,A,N
ATERDJ3B,A,A,A,A,A,A,A,A,A,N,A,A,A,A,A,A,A,A,A,A,A,A,A,A,A,A,A,A,N,A,A,A
P58IPK,A,A,A,A,A,A,A,A,A,N,A,A,A,A,A,A,A,A,A,A,A,A,A,A,A,A,A,A,N,A,A,A
PUX2,N,N,N,N,N,N,N,N,N,N,N,N,N,N,N,N,N,N,N,N,N,N,N,N,N,N,N,N,N,N,N,N
126,A,N,A,N,N,N,A,N,A,N,A,N,A,A,N,N,A,N,N,N,A,N,A,N,N,A,N,A,N,N,A,N
PUX4,A,N,A,N,N,N,A,N,A,N,A,N,A,A,N,N,A,N,N,N,A,N,A,N,N,A,N,A,N,N,A,N
PUX5,A,N,A,N,N,N,A,N,A,N,A,N,A,A,N,N,A,N,N,N,A,N,A,N,N,A,N,A,N,N,A,N
PUX3,A,N,A,N,N,N,A,N,A,N,A,N,A,A,N,N,A,N,N,N,A,N,A,N,N,A,N,A,N,N,A,N
SK18,A,A,A,N,A,N,N,A,A,N,A,A,N,A,N,N,A,A,N,A,N,A,A,N,A,A,N,N,A,A,N,N
SK4,A,A,A,N,A,N,N,A,A,N,A,A,N,A,N,N,A,A,N,A,N,A,A,N,A,A,N,N,A,A,N,N
SKP1,A,A,A,N,A,N,N,A,A,N,A,A,N,A,N,N,A,A,N,A,N,A,A,N,A,A,N,N,A,A,N,N
SK19,A,A,A,N,A,N,N,A,A,N,A,A,N,A,N,N,A,A,N,A,N,A,A,N,A,A,N,N,A,A,N,N
SK14,A,A,A,N,A,N,N,A,A,N,A,A,N,A,N,N,A,A,N,A,N,A,A,N,A,A,N,N,A,A,N,N
SK16,A,A,A,N,A,N,N,A,A,N,A,A,N,A,N,N,A,A,N,A,N,A,A,N,A,A,N,N,A,A,N,N
MEO,A,A,A,N,A,N,N,A,A,N,A,A,N,A,N,N,A,A,N,A,N,A,A,N,A,A,N,N,A,A,N,N
SK3,A,A,A,N,A,N,N,A,A,N,A,A,N,A,N,N,A,A,N,A,N,A,A,N,A,A,N,N,A,A,N,N
SK8,A,A,A,N,A,N,N,A,A,N,A,A,N,A,N,N,A,A,N,A,N,A,A,N,A,A,N,N,A,A,N,N
SK7,A,A,A,N,A,N,N,A,A,N,A,A,N,A,N,N,A,A,N,A,N,A,A,N,A,A,N,N,A,A,N,N
SK9,A,A,A,N,A,N,N,A,A,N,A,A,N,A,N,N,A,A,N,A,N,A,A,N,A,A,N,N,A,A,N,N
SK10,A,A,A,N,A,N,N,A,A,N,A,A,N,A,N,N,A,A,N,A,N,A,A,N,A,A,N,N,A,A,N,N
SK15,A,A,A,N,A,N,N,A,A,N,A,A,N,A,N,N,A,A,N,A,N,A,A,N,A,A,N,N,A,A,N,N
SK6,A,A,A,N,A,N,N,A,A,N,A,A,N,A,N,N,A,A,N,A,N,A,A,N,A,A,N,N,A,A,N,N
SK13,A,A,A,N,A,N,N,A,A,N,A,A,N,A,N,N,A,A,N,A,N,A,A,N,A,A,N,N,A,A,N,N
SK5,A,A,A,N,A,N,N,A,A,N,A,A,N,A,N,N,A,A,N,A,N,A,A,N,A,A,N,N,A,A,N,N
SK11,A,A,A,N,A,N,N,A,A,N,A,A,N,A,N,N,A,A,N,A,N,A,A,N,A,A,N,N,A,A,N,N
SK12,A,A,A,N,A,N,N,A,A,N,A,A,N,A,N,N,A,A,N,A,N,A,A,N,A,A,N,N,A,A,N,N
148,A,A,A,N,A,N,N,A,A,N,A,A,N,A,N,N,A,A,N,A,N,A,A,N,A,A,N,N,A,A,N,N
CUL2,A,A,A,N,A,A,A,A,A,N,A,A,A,A,A,A,A,A,A,A,A,N,A,A,N,A,N,A,N,N,A,A
150,A,A,A,N,A,A,A,A,A,N,A,A,A,A,A,A,A,A,A,A,A,N,A,A,N,A,N,A,N,N,A,A
151,A,A,A,N,A,A,A,A,A,N,A,A,A,A,A,A,A,A,A,A,A,N,A,A,N,A,N,A,N,N,A,A
152,A,A,A,N,A,A,A,A,A,N,A,N,A,A,A,A,A,A,A,A,A,N,A,A,N,A,N,A,N,N,A,A
CUL1,A,A,A,N,A,A,A,A,A,N,A,A,A,A,A,A,A,A,A,A,A,N,A,A,N,A,N,A,N,N,A,A
154,B,B,B,B,B,B,B,B,B,N,B,B,N,B,B,B,B,B,B,B,B,B,B,B,B,B,N,B,B,B,B,B
155,B,B,B,B,B,B,B,B,B,N,B,B,N,B,B,B,B,B,B,B,B,B,B,B,B,B,N,B,B,B,B,B
156,A,A,A,A,A,A,N,A,A,N,A,A,N,A,A,A,A,A,A,A,A,A,A,A,A,A,N,A,A,A,A,A
RMA1,B,B,B,B,B,B,B,B,B,N,B,B,N,B,B,B,B,B,B,B,B,B,B,B,B,B,N,B,B,B,B,B
RMA3,A,A,A,A,A,A,N,A,A,N,A,A,N,A,A,A,A,A,A,A,A,A,A,A,A,A,N,A,A,A,A,A
RMA2,B,B,B,B,B,B,B,B,B,N,B,B,N,B,B,B,B,B,B,B,B,B,B,B,B,B,N,B,B,B,B,B
HSP90.1,B,N,B,B,B,B,B,N,B,N,B,N,B,B,N,N,N,N,B,B,N,N,B,B,N,B,N,N,N,B,B,B
Hsp81.4,B,N,B,B,B,B,B,N,B,N,B,N,B,B,N,N,N,N,B,B,N,N,B,B,N,B,N,N,N,B,B,B
HSP81-3,B,N,B,B,B,B,B,N,B,N,B,N,B,B,N,N,N,N,B,B,N,N,B,B,N,B,N,N,N,B,B,B
HSP81-2,B,N,B,B,B,B,B,N,B,N,B,N,B,B,N,N,N,N,B,B,N,N,B,B,N,B,N,N,N,B,B,B
164,N,A,N,A,A,A,N,N,A,N,A,A,A,A,N,N,A,N,A,A,N,A,A,A,N,N,N,A,A,N,A,N
165,A,A,A,A,A,A,A,A,A,A,A,A,A,A,A,A,A,A,A,A,A,A,A,A,A,A,A,A,A,A,A,A
166,A,A,A,A,A,A,A,A,A,A,A,A,A,A,A,A,A,A,A,A,A,A,A,A,A,A,A,A,A,A,A,A
167,N,A,N,A,A,A,N,N,A,N,A,N,A,A,A,N,A,A,A,A,N,A,A,A,A,A,N,A,A,A,A,N
168,C,C,C,C,C,C,C,C,C,N,C,C,C,C,C,C,C,C,C,C,C,C,C,C,C,C,N,C,C,C,C,C
SARA1A,C,C,C,C,C,C,C,C,C,N,C,C,C,C,C,C,C,C,C,C,C,C,C,C,C,C,N,C,C,C,C,C
SAR1B,C,C,C,C,C,C,C,C,C,N,C,C,C,C,C,C,C,C,C,C,C,C,C,C,C,C,N,C,C,C,C,C
171,C,C,C,C,C,C,C,C,C,N,C,C,C,C,C,C,C,C,C,C,C,C,C,C,C,C,N,C,C,C,C,C
SAR2,C,C,C,C,C,C,C,C,C,N,C,C,C,C,C,C,C,C,C,C,C,C,C,C,C,C,N,C,C,C,C,C
STL2P,A,N,N,N,N,N,A,N,N,N,A,N,N,A,N,A,N,N,N,N,N,N,A,A,N,A,N,A,N,N,N,A
PHF1,A,A,A,N,A,A,N,A,A,N,A,A,N,A,A,N,N,A,A,A,A,A,A,A,N,A,N,A,N,N,A,N
175,A,N,N,N,N,N,A,N,N,N,A,N,N,A,N,A,N,N,N,N,N,N,A,A,N,A,N,A,N,N,N,A
176,A,N,N,N,N,N,A,N,N,N,A,N,N,A,N,A,N,N,N,N,N,N,A,A,N,A,N,A,N,N,N,A
CR88,B,N,B,B,B,B,B,N,B,N,B,N,B,B,N,N,N,N,B,B,N,N,B,B,N,B,N,N,N,B,B,B
Hsp89.1,B,N,B,B,B,B,B,N,B,N,B,N,B,B,N,N,N,N,B,B,N,N,B,B,N,B,N,N,N,B,B,B
SHD,B,N,B,B,B,B,B,N,B,N,B,N,B,B,N,N,N,N,B,B,N,N,B,B,N,B,N,N,N,B,B,B
Fes1A,N,N,A,N,N,N,N,N,A,N,N,A,N,A,A,N,A,A,N,N,N,N,N,N,N,N,A,N,N,N,A,A
Fes1B,N,N,A,N,N,N,N,N,A,N,N,A,N,A,A,N,A,A,N,N,N,N,N,N,N,N,A,N,N,N,A,A
Fes1C,N,N,A,N,N,N,N,N,A,N,N,A,N,A,A,N,A,A,N,N,N,N,N,N,N,N,A,N,N,N,A,A
183,N,N,N,N,N,N,N,N,N,N,N,N,N,N,N,N,N,N,N,N,N,N,N,N,N,N,N,N,N,N,N,N
184,N,N,N,N,N,N,N,N,N,N,N,N,N,N,N,N,N,N,N,N,N,N,N,N,N,N,N,N,N,N,N,N
185,N,N,N,N,N,N,N,N,N,N,N,N,N,N,N,N,N,N,N,N,N,N,N,N,N,N,N,N,N,N,N,N
186,N,N,N,N,N,N,N,N,N,N,N,N,N,N,N,N,N,N,N,N,N,N,N,N,N,N,N,N,N,N,N,N
187,N,N,N,N,N,N,N,N,N,N,N,N,N,N,N,N,N,N,N,N,N,N,N,N,N,N,N,N,N,N,N,N
188,N,N,N,N,N,N,N,N,N,N,N,N,N,N,N,N,N,N,N,N,N,N,N,N,N,N,N,N,N,N,N,N
HSP17.4,N,N,N,N,N,N,N,N,N,N,N,N,N,N,N,N,N,N,N,N,N,N,N,N,N,N,N,N,N,N,N,N
ATHSP22.0,N,N,N,N,N,N,N,N,N,N,N,N,N,N,N,N,N,N,N,N,N,N,N,N,N,N,N,N,N,N,N,N
191,N,N,N,N,N,N,N,N,N,N,N,N,N,N,N,N,N,N,N,N,N,N,N,N,N,N,N,N,N,N,N,N
HSP23.6-MITO,N,N,N,N,N,N,N,N,N,N,N,N,N,N,N,N,N,N,N,N,N,N,N,N,N,N,N,N,N,N,N,N
HSP21,N,N,N,N,N,N,N,N,N,N,N,N,N,N,N,N,N,N,N,N,N,N,N,N,N,N,N,N,N,N,N,N
HSP17.6II,N,N,N,N,N,N,N,N,N,N,N,N,N,N,N,N,N,N,N,N,N,N,N,N,N,N,N,N,N,N,N,N
HSP17.6A,N,N,N,N,N,N,N,N,N,N,N,N,N,N,N,N,N,N,N,N,N,N,N,N,N,N,N,N,N,N,N,N
196,N,N,N,N,N,N,N,N,N,N,N,N,N,N,N,N,N,N,N,N,N,N,N,N,N,N,N,N,N,N,N,N
197,N,N,N,N,N,N,N,N,N,N,N,N,N,N,N,N,N,N,N,N,N,N,N,N,N,N,N,N,N,N,N,N
198,N,N,N,N,N,N,N,N,N,N,N,N,N,N,N,N,N,N,N,N,N,N,N,N,N,N,N,N,N,N,N,N
HSP18.2,N,N,N,N,N,N,N,N,N,N,N,N,N,N,N,N,N,N,N,N,N,N,N,N,N,N,N,N,N,N,N,N
200,N,N,A,N,N,N,N,N,A,N,N,A,N,A,A,N,A,A,N,N,N,N,N,N,N,N,A,N,N,N,A,A
201,B,B,B,B,B,N,N,B,B,N,B,N,N,B,B,B,B,B,N,B,B,B,B,N,N,B,B,N,N,B,B,B
202,N,N,N,N,N,N,N,N,N,N,N,N,N,N,N,N,N,N,N,N,N,N,N,N,N,N,N,N,N,N,N,N
203,N,N,N,N,N,N,N,N,N,N,N,N,N,N,N,N,N,N,N,N,N,N,N,N,N,N,N,N,N,N,N,N
204,N,N,N,N,N,N,N,N,N,N,N,N,N,N,N,N,N,N,N,N,N,N,N,N,N,N,N,N,N,N,N,N
205,N,N,N,N,N,N,N,N,N,N,N,N,N,N,N,N,N,N,N,N,N,N,N,N,N,N,N,N,N,N,N,N
206,N,N,N,N,N,N,N,N,N,N,N,N,N,N,N,N,N,N,N,N,N,N,N,N,N,N,N,N,N,N,N,N
207,N,N,N,N,N,N,N,N,N,N,N,N,N,N,N,N,N,N,N,N,N,N,N,N,N,N,N,N,N,N,N,N
208,N,N,N,N,N,N,N,N,N,N,N,N,N,N,N,N,N,N,N,N,N,N,N,N,N,N,N,N,N,N,N,N
209,N,N,A,N,N,N,N,N,N,N,A,N,N,A,N,N,N,N,N,N,N,N,N,N,N,A,A,N,N,N,A,A
RIN2,A,A,A,A,A,A,A,A,A,N,A,A,N,A,A,A,A,A,A,A,A,N,A,A,A,A,A,A,A,A,A,A
RIN3,A,A,A,A,A,A,A,A,A,N,A,A,N,A,A,A,A,A,A,A,A,N,A,A,A,A,A,A,A,A,A,A
