JTK13;CD221;IGFIR;IGFR;IGF1R,B,B,B,B,B,B,B,B,B,N,B,B,B,B,B,B,B,B,B,B,B,B,B,B,B,B,B,B,B,B,B,B
IDDM;MODY10;ILPR;INS;IDDM1;IRDN;IDDM2,N,N,N,N,N,N,N,N,N,N,N,N,N,N,N,N,N,N,N,N,N,N,N,N,N,N,N,N,N,N,N,N
HIRS-1;IRS1,N,N,N,N,N,N,N,N,N,N,N,N,N,N,N,N,N,N,N,N,N,N,N,N,N,N,N,N,N,N,N,N
IRS4;PY160;IRS-4,N,N,N,N,N,N,N,N,N,N,N,N,N,N,N,N,N,N,N,N,N,N,N,N,N,N,N,N,N,N,N,N
IRS2;IRS-2,N,N,N,N,N,N,N,N,N,N,N,N,N,N,N,N,N,N,N,N,N,N,N,N,N,N,N,N,N,N,N,N
MCM;PI3K-alpha;PI3K;MCMTC;CLOVE;PIK3CA;CWS5;p110-alpha;MCAP,A,A,A,A,A,A,A,A,A,N,A,A,A,A,A,A,A,A,A,A,A,A,A,A,A,A,A,A,A,A,A,A
PI3K;PIK3C1;PIK3CB;PI3KBETA;P110BETA,A,A,A,A,A,A,A,A,A,A,A,A,A,A,A,A,A,A,A,A,A,A,A,A,A,A,A,A,A,A,A,A
PI3K;IMD14;p110D;P110DELTA;APDS;PIK3CD,A,A,A,A,A,A,A,A,A,N,A,A,A,A,A,A,A,A,A,A,A,A,A,A,A,A,A,A,A,A,A,A
PIK3R1;GRB1;AGM7;p85-ALPHA;p85;IMD36,A,A,A,N,N,N,N,A,A,N,A,A,A,A,A,A,N,N,A,A,A,A,A,A,A,A,A,A,A,A,A,A
PIK3R2;MPPH;P85B;p85-BETA;MPPH1;p85,N,N,N,N,N,N,N,N,N,N,N,N,N,N,N,N,N,N,N,N,N,N,N,N,N,N,N,N,N,N,N,N
PIK3R3;p55;p55PIK;p55-GAMMA,N,N,N,N,N,N,N,N,N,N,N,N,N,N,N,N,N,N,N,N,N,N,N,N,N,N,N,N,N,N,N,N
GLM2;DEC;BZS;PTENbeta;CWS1;PTEN1;10q23del;PTEN;TEP1;MMAC1;MHAM,D,D,D,N,D,N,N,D,D,N,D,D,N,D,D,N,N,N,D,N,D,D,D,D,D,D,D,D,D,D,D,D
PDPK1;PDPK2;PRO0461;PDPK2P;PDK1,B,B,B,B,B,B,B,B,B,B,B,B,B,B,B,B,B,B,B,B,B,B,B,B,B,B,B,B,B,B,B,B
PKB-GAMMA;MPPH;RAC-gamma;AKT3;RAC-PK-gamma;STK-2;PKBG;PRKBG;MPPH2,B,B,B,B,B,B,B,B,B,B,B,B,B,B,B,B,B,B,B,B,B,B,B,B,B,B,B,B,B,B,B,B
AKT1;PKB;PRKBA;RAC-ALPHA;AKT;CWS6;RAC;PKB-ALPHA,B,B,B,B,B,B,B,B,B,B,B,B,B,B,B,B,B,B,B,B,B,B,B,B,B,B,B,B,B,B,B,B
PKBB;PKBBETA;HIHGHH;AKT2;RAC-BETA;PRKBB,B,B,B,B,B,B,B,B,B,B,B,B,B,B,B,B,B,B,B,B,B,B,B,B,B,B,B,B,B,B,B,B
RRAS2;TC21,C,C,C,C,C,C,C,C,C,C,C,C,C,C,C,C,C,C,C,C,C,C,C,C,C,C,C,C,C,C,C,C
M-RAs;RRAS3;MRAS;R-RAS3,C,C,C,C,C,C,C,C,C,C,C,C,C,C,C,C,C,C,C,C,C,C,C,C,C,C,C,C,C,C,C,C
RASH1;CTLO;HAMSV;HRAS;p21ras;C-HA-RAS1;HRAS1;C-BAS/HAS;H-RASIDX;C-H-RAS,C,C,C,C,C,C,C,C,C,C,C,C,C,C,C,C,C,C,C,C,C,C,C,C,C,C,C,C,C,C,C,C
K-RAS4A;K-RAS2B;KI-RAS;KRAS;KRAS1;K-RAS4B;c-Ki-ras2;NS3;KRAS2;NS;K-Ras;RALD;K-RAS2A;CFC2;C-K-RAS;RASK2,C,C,C,C,C,C,C,C,C,C,C,C,C,C,C,C,C,C,C,C,C,C,C,C,C,C,C,C,C,C,C,C
CMNS;NCMS;NS6;ALPS4;NRAS1;N-ras;NRAS,C,C,C,C,C,C,C,C,C,C,C,C,C,C,C,C,C,C,C,C,C,C,C,C,C,C,C,C,C,C,C,C
R-Ras;RRAS,C,C,C,C,C,C,C,C,C,C,C,C,C,C,C,C,C,C,C,C,C,C,C,C,C,C,C,C,C,C,C,C
NS5;CRAF;Raf-1;CMD1NN;c-Raf;RAF1,B,B,B,B,B,B,B,B,B,N,B,B,B,B,B,B,B,B,B,B,B,B,B,B,B,B,B,B,B,B,B,B
MAPKK1;MAP2K1;PRKMK1;MKK1;CFC3;MEK1,D,D,D,D,D,D,D,D,D,N,D,D,D,D,D,D,D,D,D,D,D,D,D,D,D,D,D,D,D,D,D,D
PRKMK2;MKK2;CFC4;MEK2;MAP2K2;MAPKK2,D,D,D,D,D,D,D,D,D,N,D,D,D,D,D,D,D,D,D,D,D,D,D,D,D,D,D,D,D,D,D,D
p41;PRKM1;MAPK1;ERT1;P42MAPK;ERK-2;ERK2;MAPK2;p38;p41mapk;PRKM2;ERK;p42-MAPK;p40,D,D,D,D,D,D,D,D,D,D,D,D,D,D,D,D,D,D,D,D,D,D,D,D,D,D,D,D,D,D,D,D
ERT2;ERK1;p44-MAPK;HUMKER1A;P44ERK1;MAPK3;ERK-1;PRKM3;P44MAPK;p44-ERK1;HS44KDAP,D,D,D,D,D,D,D,D,D,D,D,D,D,D,D,D,D,D,D,D,D,D,D,D,D,D,D,D,D,D,D,D
HIF-1A;bHLHe78;MOP1;HIF1A;HIF-1alpha;HIF1-ALPHA;HIF1;PASD8;HIF-1-alpha,N,N,N,N,N,N,N,N,N,N,N,N,N,N,N,N,N,N,N,N,N,N,N,N,N,N,N,N,N,N,N,N
REDD1;DDIT4;REDD-1;Dig2,N,N,N,N,N,N,N,N,N,N,N,N,N,N,N,N,N,N,N,N,N,N,N,N,N,N,N,N,N,N,N,N
NIP3;BNIP3,N,N,N,N,N,N,N,N,N,N,N,N,N,N,N,N,N,N,N,N,N,N,N,N,N,N,N,N,N,N,N,N
MAY1;PRKCD;PKCD;nPKC-delta;ALPS3;CVID9,B,B,B,B,B,B,B,B,B,B,B,B,B,B,B,B,B,B,B,B,B,B,B,B,B,B,B,B,B,B,B,B
PPP1R160;LAM;TSC4;TSC2,A,A,A,A,A,N,N,A,A,N,A,A,A,A,A,A,A,A,A,A,A,A,A,A,A,A,A,A,A,A,A,A
TSC;LAM;TSC1,N,N,N,N,N,N,N,N,N,N,N,N,N,N,N,N,N,N,N,N,N,N,N,N,N,N,N,N,N,N,N,N
RHEB;RHEB2,C,C,C,C,C,C,C,C,C,C,C,C,C,C,C,C,C,C,C,C,C,C,C,C,C,C,C,C,C,C,C,C
Mip1;RPTOR;KOG1,N,A,A,N,A,A,A,A,A,N,A,N,A,A,A,A,A,N,A,N,N,N,A,N,A,A,A,N,N,A,A,A
DEPDC6;DEP.6;DEPTOR,A,N,A,N,A,N,A,A,N,N,A,A,A,A,A,N,N,N,N,N,N,A,A,A,N,A,N,N,N,N,A,A
SKS;FRAP1;MTOR;FRAP;RAFT1;RAPT1;FRAP2,A,A,A,A,A,A,A,A,A,A,A,A,A,A,A,A,A,A,A,A,A,A,A,A,A,A,A,A,A,A,A,A
AKT1S1;Lobe;PRAS40,N,N,N,N,N,N,N,N,N,N,N,N,N,N,N,N,N,N,N,N,N,N,N,N,N,N,N,N,N,N,N,N
LST8;POP3;GbetaL;MLST8;WAT1;GBL,A,A,A,A,A,A,A,A,A,N,A,A,A,A,A,A,A,A,A,A,A,A,A,A,A,A,N,A,A,A,A,A
RPS6KB1;PS6K;p70-alpha;p70(S6K)-alpha;S6K1;p70_S6KA;STK14A;S6K-beta-1;S6K;p70-S6K,B,B,B,B,B,B,B,B,B,B,B,B,B,B,B,B,B,B,B,B,B,B,B,B,B,B,B,B,B,B,B,B
S6K2;p70S6Kb;p70(S6K)-beta;KLS;S6K-beta2;STK14B;P70-beta-1;RPS6KB2;P70-beta-2;P70-beta;SRK,B,B,B,B,B,B,B,B,B,B,B,B,B,B,B,B,B,B,B,B,B,B,B,B,B,B,B,B,B,B,B,B
PPP2CA;PP2Calpha;PP2CA;PP2Ac;RP-C,D,D,D,D,D,D,D,D,D,N,D,D,D,D,D,D,D,D,D,D,D,D,D,D,D,D,D,D,D,D,D,D
PPP2CB;PP2Abeta;PP2CB,D,D,D,D,D,D,D,D,D,N,D,D,D,D,D,D,D,D,D,D,D,D,D,D,D,D,D,D,D,D,D,D
IBP1;ALPHA-4;IGBP1,N,N,N,N,N,N,N,N,N,N,N,N,N,N,N,N,N,N,N,N,N,N,N,N,N,N,N,N,N,N,N,N
Unc51.1;ATG1;ATG1A;hATG1;UNC51;ULK1,B,B,B,B,B,B,B,B,B,B,B,B,B,B,B,B,B,B,B,B,B,B,B,B,B,B,B,B,B,B,B,B
Unc51.2;ATG1B;ULK2,B,B,B,B,B,B,B,B,B,B,B,B,B,B,B,B,B,B,B,B,B,B,B,B,B,B,B,B,B,B,B,B
KIAA0652;ATG13;PARATARG8,N,N,N,N,N,N,N,N,N,N,A,N,N,N,N,N,N,N,N,A,N,N,N,N,N,A,N,N,N,N,A,A
FIP200;RB1CC1;CC1;ATG17;PPP1R131,N,N,N,N,N,N,N,N,N,N,N,N,N,N,N,N,N,N,N,N,N,N,N,N,N,N,N,N,N,N,N,N
ATG101;C12orf44,A,A,N,N,N,N,N,A,A,N,A,A,N,N,N,N,N,A,A,N,A,N,N,N,N,A,N,N,N,N,A,A
ATG2A,N,N,A,N,N,N,N,N,A,N,A,A,N,N,A,N,A,N,A,N,A,A,A,N,N,A,A,N,N,N,A,N
C14orf103;ATG2B,N,N,A,N,N,N,N,N,A,N,A,A,N,N,A,N,A,N,A,N,A,A,A,N,N,A,A,N,N,N,A,N
Atg21;ATG18B;WIPI2;CGI-50;WIPI-2,N,A,A,A,A,N,N,N,A,N,A,A,N,N,N,A,A,A,A,N,A,N,A,A,A,N,N,N,A,A,A,A
ATG18;ATG18A;WIPI49;WIPI1,N,A,A,A,A,N,N,N,A,N,A,A,N,N,N,A,A,A,A,N,A,N,A,A,A,N,N,N,A,A,A,A
RAGB;RRAGB;bA465E19.1,A,A,N,N,A,N,N,N,N,A,A,A,A,N,N,N,A,N,A,A,A,N,N,A,N,N,N,N,N,A,N,N
FIP-1;RAGA;RRAGA;FIP1,A,A,N,N,A,N,N,N,N,A,A,A,A,N,N,N,A,N,A,A,A,N,N,A,N,N,N,N,N,A,N,N
RRAGD;bA11D8.2.1;RAGD,A,A,N,N,A,N,N,N,N,A,A,A,A,N,N,N,A,N,A,A,A,N,N,A,N,N,N,N,N,A,N,N
GTR2;TIB929;RRAGC;RAGC,A,A,N,N,A,N,N,N,N,A,A,A,A,N,N,N,A,N,A,A,A,N,N,A,N,N,N,N,N,A,N,N
STK11;PJS;LKB1;hLKB1,B,B,B,B,B,B,B,B,B,B,B,B,B,B,B,B,B,B,B,B,B,B,B,B,B,B,B,B,B,B,B,B
AMPKa1;AMPK;PRKAA1,B,B,B,B,B,B,B,B,B,B,B,B,B,B,B,B,B,B,B,B,B,B,B,B,B,B,B,B,B,B,B,B
PRKAA;AMPKa2;AMPK;AMPK2;PRKAA2,B,B,B,B,B,B,B,B,B,B,B,B,B,B,B,B,B,B,B,B,B,B,B,B,B,B,B,B,B,B,B,B
CAMKK;CAMKK2;CAMKKB,B,B,B,B,B,B,B,B,B,B,B,B,B,B,B,B,B,B,B,B,B,B,B,B,B,B,B,B,B,B,B,B
TAK1;FMD2;MAP3K7;TGF1a;MEKK7;CSCF,B,B,B,B,B,B,B,B,B,B,B,B,B,B,B,B,B,B,B,B,B,B,B,B,B,B,B,B,B,B,B,B
hIRE1p;ERN1;IRE1a;IRE1;IRE1P,B,B,B,B,B,B,B,B,B,B,B,B,B,B,B,B,B,B,B,B,B,B,B,B,B,B,B,B,B,B,B,B
JNK21B1/2;JNK;SAPK1c;PRKM8;JNK1A2;MAPK8;SAPK1;JNK1;JNK-46,D,D,D,D,D,D,D,D,D,D,D,D,D,D,D,D,D,D,D,D,D,D,D,D,D,D,D,D,D,D,D,D
JNK2BETA;SAPK;JNK2A;JNK2;JNK2B;p54a;MAPK9;JNK-55;SAPK1a;p54aSAPK;PRKM9;JNK2ALPHA,D,D,D,D,D,D,D,D,D,D,D,D,D,D,D,D,D,D,D,D,D,D,D,D,D,D,D,D,D,D,D,D
SAPK1b;PRKM10;JNK3A;p493F12;p54bSAPK;MAPK10;JNK3,D,D,D,D,D,D,D,D,D,D,D,D,D,D,D,D,D,D,D,D,D,D,D,D,D,D,D,D,D,D,D,D
PRKACA;PKACA;PPNAD4,B,B,B,B,B,B,B,B,B,B,B,B,B,B,B,B,B,B,B,B,B,B,B,B,B,B,B,B,B,B,B,B
PKACB;PRKACB;PKA_C-beta,B,B,B,B,B,B,B,B,B,B,B,B,B,B,B,B,B,B,B,B,B,B,B,B,B,B,B,B,B,B,B,B
BDPLT19;PKACg;PRKACG;KAPG,B,B,B,B,B,B,B,B,B,B,B,B,B,B,B,B,B,B,B,B,B,B,B,B,B,B,B,B,B,B,B,B
PIGU;DOR;TP53INP2;PINH;PIG-U;dJ1181N3.1;C20orf110,N,N,N,N,N,N,N,N,N,N,N,N,N,N,N,N,N,N,N,N,N,N,N,N,N,N,N,N,N,N,N,N
RNF85;TRAF6;MGC:3310,A,A,A,A,N,A,A,A,N,N,A,A,N,A,A,A,A,N,A,A,A,N,A,N,A,A,N,N,N,A,A,A
WDR94;AMBRA1;DCAF3,A,A,A,N,N,A,N,A,A,N,A,A,A,A,A,A,A,A,A,N,A,A,A,A,N,A,N,A,A,A,A,A
ACV;CLA4;PPP1R94;ITPR1;SCA16;INSP3R1;IP3R1;SCA29;SCA15;IP3R,A,N,N,A,N,N,N,N,N,N,A,N,A,A,A,N,N,N,N,A,N,N,N,N,N,N,N,N,N,N,A,N
Bcl-2;PPP1R50;BCL2,N,N,N,N,N,N,N,N,N,N,N,N,N,N,N,N,N,N,N,N,N,N,N,N,N,N,N,N,N,N,N,N
BCL2L;BCLX;BCL2L1;Bcl-X;BCL-XL/S;PPP1R52,N,N,N,N,N,N,N,N,N,N,N,N,N,N,N,N,N,N,N,N,N,N,N,N,N,N,N,N,N,N,N,N
SONE;NOS3AS;ATG9B;APG9L2,A,A,A,N,N,N,N,N,A,N,A,N,N,A,N,A,N,A,N,N,N,A,A,N,A,N,N,A,N,A,A,A
APG9L1;MGD3208;mATG9;ATG9A,A,A,A,N,N,N,N,N,A,N,A,N,N,A,N,A,N,A,N,N,N,A,A,N,A,N,N,A,N,A,A,A
SPT20;C13orf19;FP757;P38IP;FAM48A;SUPT20H;C13,N,N,N,N,N,N,N,N,N,N,N,N,N,N,N,N,N,N,N,N,N,N,N,N,N,N,N,N,N,N,N,N
STX17,N,A,A,N,N,N,A,N,A,N,N,A,A,N,A,N,N,N,A,N,A,N,N,A,N,N,N,A,N,A,N,A
BECN1P1;BECN1L1;BECN2,N,A,A,N,N,N,N,A,A,N,A,N,A,N,N,N,N,A,A,N,N,N,A,A,N,N,N,A,N,N,A,N
BECN1;ATG6;beclin1;VPS30,N,A,A,N,N,N,N,A,A,N,A,N,A,N,N,N,N,A,A,N,N,N,A,A,N,N,N,A,N,N,A,N
PIK3R4;p150;VPS15,B,B,B,B,B,B,B,B,B,N,B,B,B,B,B,B,B,B,B,B,B,B,B,B,B,B,B,B,B,B,B,B
COPR1;COPR2;NRBF2;NRBF-2;COPR,N,N,N,N,N,N,N,N,N,N,N,N,N,N,N,N,N,N,N,N,N,N,N,N,N,N,N,N,N,N,N,N
PIK3C3;VPS34;hVps34,A,A,A,A,A,A,A,A,A,A,A,A,A,A,A,A,A,A,A,A,A,A,A,A,A,A,A,A,A,A,A,A
KIAA0831;BARKOR;ATG14;ATG14L,N,N,N,N,N,N,N,N,N,N,N,N,N,N,N,N,N,N,N,N,N,N,N,N,N,N,N,N,N,N,N,N
VPS38;DHTX;p63;UVRAG,N,N,N,N,N,N,N,N,N,N,N,N,N,N,N,N,N,N,N,N,N,N,N,N,N,N,N,N,N,N,N,N
SH3GLB1;PPP1R70;CGI-61;dJ612B15.2;Bif-1,A,A,A,N,N,N,N,N,A,N,A,N,A,A,A,N,N,N,A,A,A,A,A,A,A,A,A,A,A,A,A,A
SCAR15;RUBCN;RUBICON;KIAA0226,N,N,N,N,N,N,N,N,N,N,N,N,N,N,N,N,N,N,N,N,N,N,N,N,N,N,N,N,N,N,N,N
SR3;PPP1R172;DFCP1;TAFF1;ZNFN2A1;ZFYVE1,A,A,A,A,A,A,A,A,A,N,A,A,A,A,N,A,A,A,A,A,A,A,A,A,A,A,A,A,A,A,A,A
MTMR3;ZFYVE10;FYVE-DSP1,C,C,C,C,C,C,C,C,C,N,C,C,C,C,C,C,C,C,C,C,C,C,C,C,C,C,C,C,C,C,C,C
FYVE-DSP2;ZFYVE11;MTMR4,C,C,C,C,C,C,C,C,C,N,C,C,C,C,C,C,C,C,C,C,C,C,C,C,C,C,C,C,C,C,C,C
MTMR14;C3orf29,A,N,A,N,N,N,N,A,A,N,A,A,A,A,N,A,A,N,N,A,A,N,A,A,A,N,A,A,N,N,A,N
BCL2L8;BAD;BBC2,N,N,N,N,N,N,N,N,N,N,N,N,N,N,N,N,N,N,N,N,N,N,N,N,N,N,N,N,N,N,N,N
HMG3;HMGB1;SBP-1;HMG-1;HMG1,A,A,A,A,A,A,A,A,A,N,A,A,A,A,A,A,A,A,A,A,A,A,A,A,A,A,A,A,A,A,A,A
PRO1195;PRAP1;UPA,N,N,N,N,N,N,N,N,N,N,N,N,N,N,N,N,N,N,N,N,N,N,N,N,N,N,N,N,N,N,N,N
PEK;PERK;EIF2AK3;WRS,B,B,B,B,B,B,B,B,B,B,B,B,B,B,B,B,B,B,B,B,B,B,B,B,B,B,B,B,B,B,B,B
GCN2;PVOD2;EIF2AK4,B,B,B,B,B,B,B,B,B,B,B,B,B,B,B,B,B,B,B,B,B,B,B,B,B,B,B,B,B,B,B,B
DAPK1;ROCO3;DAPK,B,B,B,B,B,B,B,B,B,B,B,B,B,B,B,B,B,B,B,B,B,B,B,B,B,B,B,B,B,B,B,B
DAPK3;DLK;ZIPK;ZIP,B,B,B,B,B,B,B,B,B,B,B,B,B,B,B,B,B,B,B,B,B,B,B,B,B,B,B,B,B,B,B,B
DAPK2;DRP1;DRP-1,B,B,B,B,B,B,B,B,B,B,B,B,B,B,B,B,B,B,B,B,B,B,B,B,B,B,B,B,B,B,B,B
EIF2;EIF2A;EIF2S1;EIF-2;EIF-2A;EIF-2alpha,N,N,N,N,N,N,N,N,N,N,N,N,N,N,N,N,N,N,N,N,N,N,N,N,N,N,N,N,N,N,N,N
ATG12;FBR93;APG12L;HAPG12;APG12,A,N,N,N,N,N,N,N,A,N,A,N,A,N,N,N,N,A,A,N,A,N,A,A,N,A,N,N,A,N,A,A
APG5L;APG5-LIKE;ASP;APG5;SCAR25;hAPG5;ATG5,N,N,N,N,N,N,N,N,N,N,N,N,N,N,N,N,N,N,N,N,N,N,N,N,N,N,N,N,N,N,N,N
RAB33B;SMC2,C,C,C,C,C,C,C,C,C,C,C,C,C,C,C,C,C,C,C,C,C,C,C,C,C,C,C,C,C,C,C,C
APG7L;ATG7;APG7-LIKE;GSA7,N,N,N,N,N,N,N,N,N,N,N,N,N,N,N,N,N,N,N,N,N,N,N,N,N,N,N,N,N,N,N,N
APG10L;ATG10;pp12616;APG10,A,N,A,N,A,N,N,A,N,N,A,A,A,A,A,A,A,A,A,N,N,N,N,N,N,A,N,A,N,A,A,N
ATG16L1;IBD10;WDR30;ATG16A;APG16L;ATG16L,A,A,A,A,A,A,A,A,A,A,A,A,A,A,A,A,A,A,A,A,A,A,A,A,A,A,A,A,A,A,A,A
ATG16L2;WDR80;ATG16B,A,A,A,A,A,A,A,A,A,A,A,A,A,A,A,A,A,A,A,A,A,A,A,A,A,A,A,A,A,A,A,A
CASP8AP1;FLIP;c-FLIPL;c-FLIPS;c-FLIP;I-FLICE;FLAME-1;CFLAR;c-FLIPR;MRIT;FLAME1;FLAME;CASH;CLARP;Casper,N,N,N,N,N,N,N,N,N,N,N,N,N,N,N,N,N,N,N,N,N,N,N,N,N,N,N,N,N,N,N,N
PC3-96;APG3;APG3L;ATG3;APG3-LIKE,A,N,A,N,A,N,N,A,N,N,A,A,A,A,A,A,A,A,A,N,N,N,N,N,N,A,N,A,N,A,A,N
PRKCT;nPKC-theta;PRKCQ,B,B,B,B,B,B,B,B,B,B,B,B,B,B,B,B,B,B,B,B,B,B,B,B,B,B,B,B,B,B,B,B
ATG8A;GABARAP-a;GABARAP;MM46,N,A,N,N,A,N,N,N,A,N,A,N,A,N,A,N,N,A,N,A,A,N,A,A,A,N,N,A,A,A,A,N
GATE16;GATE-16;ATG8;GEF2;ATG8C;GABARAPL2;GEF-2,N,A,N,N,A,N,N,N,A,N,A,N,A,N,A,N,N,A,N,A,A,N,A,A,A,N,N,A,A,A,A,N
ATG8;APG8L;APG8-LIKE;ATG8L;GEC1;ATG8B;GABARAPL1,N,A,N,N,A,N,N,N,A,N,A,N,A,N,A,N,N,A,N,A,A,N,A,A,A,N,N,A,A,A,A,N
APG4A;AUTL2;ATG4A,A,N,A,N,N,N,N,N,A,N,A,N,A,N,A,N,N,N,A,A,N,A,N,A,N,N,N,A,N,A,A,N
APG4B;ATG4B;AUTL1,A,N,A,N,N,N,N,N,A,N,A,N,A,N,A,N,N,N,A,A,N,A,N,A,N,N,N,A,N,A,A,N
APG4-C;ATG4C;AUTL3;AUTL1;APG4C,A,N,A,N,N,N,N,N,A,N,A,N,A,N,A,N,N,N,A,A,N,A,N,A,N,N,N,A,N,A,A,N
AUTL4;APG4-D;APG4D;ATG4D,A,N,A,N,N,N,N,N,A,N,A,N,A,N,A,N,N,N,A,A,N,A,N,A,N,N,N,A,N,A,A,N
LAMP1;LAMPA;LGP120;CD107a,N,N,N,N,N,N,N,N,N,N,N,N,N,N,N,N,N,N,N,N,N,N,N,N,N,N,N,N,N,N,N,N
LGP-96;LAMP-2;LAMP2;LAMPB;CD107b;LGP110,N,N,N,N,N,N,N,N,N,N,N,N,N,N,N,N,N,N,N,N,N,N,N,N,N,N,N,N,N,N,N,N
RAB7B;RAB7,C,C,C,C,C,C,C,C,C,C,C,C,C,C,C,C,C,C,C,C,C,C,C,C,C,C,C,C,C,C,C,C
PRO2706;RAB7;RAB7A,C,C,C,C,C,C,C,C,C,C,C,C,C,C,C,C,C,C,C,C,C,C,C,C,C,C,C,C,C,C,C,C
EDB;VAMP8;VAMP-8,A,A,A,N,N,N,A,A,A,N,A,A,A,A,A,N,N,A,A,A,A,A,A,N,N,A,A,A,N,A,A,A
CEDNIK;SNAP29;SNAP-29,A,N,N,N,N,N,N,A,N,N,N,N,N,N,A,N,A,N,N,N,A,N,N,N,N,A,N,N,N,N,A,N
CTSD;CPSD;CLN10;HEL-S-130P,N,N,A,N,N,N,N,N,A,N,A,A,N,N,A,N,N,N,N,A,N,N,N,N,N,A,N,N,N,N,A,N
CATL;MEP;CTSL1;CTSL,A,A,A,A,A,N,N,A,A,N,A,N,A,A,A,N,A,N,A,A,A,A,N,N,N,A,A,N,N,N,A,A
CPSB;CTSB;APPS,A,A,A,A,A,N,N,A,A,N,A,N,A,A,A,N,A,N,A,N,A,A,N,N,N,A,A,N,N,N,A,A
VMP1;TANGO5;EPG3;TMEM49,N,N,N,N,N,N,N,A,N,N,A,N,N,A,N,A,N,N,N,A,N,N,N,N,N,N,N,N,N,N,A,N
