PGY4;BSEP;PFIC2;ABC16;SPGP;PFIC-2;BRIC2;ABCB11,D,D,D,D,D,D,D,D,D,N,D,D,D,D,D,D,D,D,D,D,D,D,D,D,N,D,D,D,D,D,D,D
GBD4;STSL;ABCG8,D,D,D,D,D,D,D,D,D,N,D,D,D,D,D,D,D,D,D,D,D,D,D,D,D,D,D,D,D,D,D,N
STSL;ABCG5,D,D,D,D,D,D,D,D,D,N,D,D,D,D,D,D,D,D,D,D,D,D,D,D,N,D,D,D,D,D,D,N
CDw338;MRX;ABCG2;BCRP;EST157481;GOUT1;BMDP;UAQTL1;ABC15;MXR-1;MXR1;CD338;ABCP;BCRP1;MXR,D,D,D,D,D,D,D,D,D,N,D,D,D,D,D,D,D,D,D,D,D,D,D,D,D,D,D,D,D,D,D,N
WHITE2;ABCG4,D,D,D,D,D,D,D,D,D,N,D,D,D,D,D,D,D,D,D,D,D,D,D,D,D,D,D,D,D,D,D,N
ABC8;ABCG1;WHITE1,D,D,D,D,D,D,D,D,D,N,D,D,D,D,D,D,D,D,D,D,D,D,D,D,D,D,D,D,D,D,D,N
MAHCJ;P70R;ABCD4;PXMP1L;PMP69;EST352188;P79R;ABC41,D,D,D,D,D,D,N,N,D,N,D,N,D,D,D,N,D,D,N,N,N,N,D,D,N,N,D,N,D,N,D,N
CBAS5;PMP70;PXMP1;ABCD3;ZWS2;ABC43,D,D,D,D,D,D,D,N,D,N,D,N,D,N,D,N,D,D,N,N,N,N,D,D,N,N,N,N,D,N,D,N
ALDR;ABC39;ALDL1;ALDRP;hALDR;ABCD2,N,D,D,D,N,D,N,N,D,N,D,N,D,N,D,N,D,D,N,N,N,N,D,D,N,N,N,N,D,N,D,N
ABCD1;ABC42;ALD;ALDP;AMN,N,D,D,D,N,D,N,N,D,N,D,N,D,N,D,N,D,D,N,N,N,N,D,D,N,N,N,N,D,N,D,N
ABCC10;SIMRP7;EST182763;MRP7,D,D,D,D,D,D,D,D,D,N,D,D,D,D,D,D,D,D,D,D,D,N,D,D,N,D,D,D,D,D,D,D
CFTR/MRP;MRP7;TNR-CFTR;dJ760C5.1;ABCC7;CFTR;ABC35;CF,D,D,D,D,D,D,D,D,D,N,D,D,D,D,D,D,D,D,D,D,D,D,D,D,N,D,D,D,D,D,D,D
MOAT-B;MOATB;MRP4;ABCC4,D,D,D,D,D,D,D,D,D,N,D,D,D,D,D,D,D,D,D,D,D,D,D,D,N,D,D,D,D,D,D,D
MRP9;ABCC12,D,D,D,D,D,D,D,D,D,N,D,D,D,D,D,D,D,D,D,D,D,D,D,D,N,D,D,D,D,D,D,D
WW;MRP8;EWWD;ABCC11,D,D,D,D,D,D,D,D,D,N,D,D,D,D,D,D,D,D,D,D,D,D,D,D,N,D,D,N,D,N,D,D
CANTU;SUR2;ATFB12;ABC37;CMD1O;ABCC9,D,D,D,D,D,D,D,D,D,N,D,D,D,D,D,D,D,D,D,D,D,D,D,D,N,D,D,D,D,D,D,D
TNDM2;SUR1;ABCC8;HI;MRP8;PHHI;ABC36;HRINS;SUR;SUR1delta2;HHF1,D,D,D,D,D,D,D,D,D,N,D,D,D,D,D,N,D,D,D,D,D,D,D,D,N,D,D,N,D,N,D,D
18,D,D,D,D,D,D,D,D,D,N,D,D,D,D,D,D,D,D,D,D,D,N,D,D,N,D,D,N,D,N,D,D
ABC34;ARA;EST349056;MOATE;PXE;PXE1;URG7;MOAT-E;MLP1;ABCC6;MRP6;GACI2,D,D,D,D,D,D,D,D,D,N,D,D,D,D,D,D,D,D,D,D,D,N,D,D,N,D,D,N,D,N,D,D
EST277145;pABC11;MRP5;MOATC;SMRP;ABC33;MOAT-C;ABCC5,D,D,D,D,D,D,D,D,D,N,D,D,D,D,D,D,D,D,D,D,D,D,D,D,N,D,D,D,D,N,D,D
cMOAT2;MLP2;EST90757;ABC31;ABCC3;MRP3;MOAT-D,D,D,D,D,D,D,D,D,D,N,D,D,D,D,D,D,D,D,D,D,D,D,D,D,N,D,D,D,D,D,D,D
DJS;ABC30;cMRP;MRP2;CMOAT;ABCC2,D,D,D,D,D,D,D,D,D,N,D,D,D,D,D,D,D,D,D,D,D,N,D,D,N,D,D,D,D,D,D,D
ABC29;GS-X;MRP;MRP1;ABCC1;ABCC,D,D,D,D,D,D,D,D,D,N,D,D,D,D,D,D,D,D,D,D,D,D,D,D,N,D,D,D,D,N,D,D
EST140535;Atm1p;ASAT;ABC7;ABCB7,D,D,D,D,D,D,D,D,D,N,D,D,D,D,D,D,D,D,D,D,D,D,D,D,N,D,D,D,D,D,D,D
LAN;ABC;ABCB6;umat;PRP;MTABC3,D,D,D,D,D,D,D,D,D,N,D,D,D,D,D,D,D,D,D,D,D,D,D,D,N,D,D,D,D,D,D,D
ABCB5;ABCB5beta;EST422562;ABCB5alpha,D,D,D,D,D,D,D,D,D,N,D,D,D,D,D,D,D,D,D,D,D,D,D,D,N,D,D,D,D,D,D,D
PFIC-3;MDR2;GBD1;ABC21;ABCB4;PGY3;ICP3;MDR3;MDR2/3,D,D,D,D,D,D,D,D,D,N,D,D,D,D,D,D,D,D,D,D,D,D,D,D,N,D,D,D,D,D,D,D
CD243;P-GP;PGY1;GP170;CLCS;MDR1;ABCB1;ABC20,D,D,D,D,D,D,D,D,D,N,D,D,D,D,D,D,D,D,D,D,D,D,D,D,N,D,D,D,D,D,D,D
ABCB10;M-ABC2;EST20237;MTABC2,D,D,D,D,D,D,D,D,D,N,D,D,D,D,D,D,D,D,D,D,D,D,D,D,N,D,D,D,D,D,D,D
EST122234;ABCB9;TAPL,D,D,D,D,D,D,D,D,D,N,D,D,D,D,D,D,D,D,D,D,D,D,D,D,N,D,D,D,D,D,D,D
ABCB8;M-ABC1;MABC1;EST328128,D,D,D,D,D,D,D,D,D,N,D,D,D,D,D,D,D,D,D,D,D,D,D,D,N,D,D,D,D,D,D,D
PSF-2;TAP2;PSF2;RING11;APT2;D6S217E;ABC18;ABCB3,D,D,D,D,D,D,D,D,D,N,D,D,D,D,D,D,D,D,D,D,D,D,D,D,N,D,D,D,D,D,D,D
TAP1N;D6S114E;TAP1*0102N;ABCB2;PSF-1;ABC17;RING4;APT1;TAP1;PSF1,D,D,D,D,D,D,D,D,D,N,D,D,D,D,D,D,D,D,D,D,D,D,D,D,N,D,D,D,D,D,D,D
ABCA10;EST698739,D,D,D,D,D,D,D,D,D,N,D,D,D,D,D,D,D,D,D,D,D,D,D,D,N,D,D,D,D,D,D,N
ABCA9;EST640918,D,D,D,D,D,D,D,D,D,N,D,D,D,D,D,D,D,D,D,D,D,D,D,D,N,D,D,D,D,D,D,N
ABCA8,D,D,D,D,D,D,D,D,D,N,D,D,D,D,D,D,D,D,D,D,D,D,D,D,N,D,D,D,D,D,D,N
ABCA6;EST155051,D,D,D,D,D,D,D,D,D,N,D,D,D,D,D,D,D,D,D,D,D,D,D,D,N,D,D,D,D,D,D,N
ABCA5;EST90625;ABC13,D,D,D,D,D,D,D,D,D,N,D,D,D,D,D,D,D,D,D,D,D,D,D,D,N,D,D,D,D,D,D,N
ABCA13,D,D,D,D,D,D,D,D,D,N,D,D,D,D,D,D,D,D,D,D,D,D,D,D,N,D,D,D,D,D,D,N
ICR2B;ARCI4A;ARCI4B;ABCA12;LI2,D,D,D,D,D,D,D,D,D,N,D,D,D,D,D,D,D,D,D,D,D,D,D,D,N,D,D,D,D,D,D,N
ABCX;ABCA-SSN;ABCA7;AD9,D,D,D,D,D,D,D,D,D,N,D,D,D,D,D,D,D,D,D,D,D,D,D,D,N,D,D,D,D,D,D,N
STGD1;ABCR;ABC10;FFM;RP19;ARMD2;ABCA4;RMP;CORD3;STGD,D,D,D,D,D,D,D,D,D,N,D,D,D,D,D,D,D,D,D,D,D,D,D,D,N,D,D,D,D,D,D,N
ABC-C;EST111653;LBM180;SMDP3;ABC3;ABCA3,D,D,D,D,D,D,D,D,D,N,D,D,D,D,D,D,D,D,D,D,D,D,D,D,N,D,D,D,D,D,D,N
ABC2;ABCA2,D,D,D,D,D,D,D,D,D,N,D,D,D,D,D,D,D,D,D,D,D,D,D,D,N,D,D,D,D,D,D,N
ABCA1;HDLDT1;TGD;CERP;ABC-1;ABC1,D,D,D,D,D,D,D,D,D,N,D,D,D,D,D,D,D,D,D,D,D,D,D,D,N,D,D,D,D,D,D,N
