HSP48;ENO1,D,D,N,N,D,N,D,N,D,N,D,D,D,N,N,D,D,D,D,D,D,N,N,D,N,D,D,D,D,D,D,D
ENO2,D,D,N,N,D,N,D,N,D,N,D,D,D,N,N,D,D,D,D,D,D,N,N,D,N,D,D,D,D,D,D,D
ERR3,D,D,N,N,D,N,D,N,D,N,D,D,D,N,N,D,D,D,D,D,D,N,N,D,N,D,D,D,D,D,D,D
ERR1,D,D,N,N,D,N,D,N,D,N,D,D,D,N,N,D,D,D,D,D,D,N,N,D,N,D,D,D,D,D,D,D
ERR2,D,D,N,N,D,N,D,N,D,N,D,D,D,N,N,D,D,D,D,D,D,N,N,D,N,D,D,D,D,D,D,D
ECM20;SKI6;RRP41,N,N,N,N,N,N,N,N,N,N,N,N,N,N,N,N,N,N,N,N,N,N,N,N,N,N,N,N,N,N,N,N
RRP42,N,N,N,N,N,N,N,N,A,N,A,N,N,N,N,N,N,A,N,N,N,A,N,N,N,N,N,A,N,N,A,N
CSL4;SKI4,N,A,N,A,N,N,N,N,N,N,N,N,N,N,N,N,A,A,N,N,N,N,N,N,A,N,N,N,N,N,N,N
RRP4,N,N,N,N,N,D,N,N,N,N,D,N,N,D,N,N,N,N,N,N,N,N,N,N,D,N,N,N,N,N,N,N
SKI3;SKI5,A,A,N,N,N,A,N,A,N,N,N,N,N,N,N,N,N,A,N,N,A,A,N,N,N,N,N,N,A,N,A,N
REC103;SKI8,A,N,N,N,N,A,N,N,N,N,N,A,N,N,N,N,N,N,N,N,N,N,N,N,N,N,N,N,N,N,A,N
RRP44;MTR17;DIS3,N,C,N,N,N,N,C,N,N,N,N,N,N,N,N,N,C,N,N,N,N,N,N,C,N,N,N,N,N,N,N,N
SKI2,D,D,D,D,D,D,D,D,D,D,D,D,D,D,D,D,D,D,D,D,D,D,D,D,D,D,D,D,D,D,D,D
RRP45,N,C,N,N,C,N,C,N,C,N,C,C,N,N,N,N,C,C,C,C,N,C,N,C,N,N,N,C,C,N,C,C
MTR3,N,N,N,N,N,N,N,N,N,N,N,N,N,N,N,N,N,N,N,N,N,N,N,N,N,N,N,N,N,N,N,N
RRP43,N,N,N,N,N,N,N,N,N,N,N,N,N,N,N,N,N,N,N,N,N,N,N,N,N,N,N,N,N,N,N,N
RRP46,N,N,N,N,N,N,N,N,N,N,N,N,N,N,N,N,N,N,N,N,N,N,N,N,N,N,N,N,N,N,N,N
RRP40;MTR14,N,N,N,N,N,D,N,N,N,N,D,N,N,D,N,N,N,N,N,N,N,N,N,N,D,N,N,N,N,N,N,N
RRP47;LRP1,N,N,N,N,N,N,N,N,N,N,N,N,N,N,N,N,N,N,N,N,N,N,N,N,N,N,N,N,N,N,N,N
RRP6,A,A,A,A,A,N,N,A,N,N,A,A,A,N,A,N,A,A,A,N,A,A,A,N,A,A,A,A,A,N,A,N
MPP6,N,N,N,N,N,N,N,N,N,N,N,N,N,N,N,N,N,N,N,N,N,N,N,N,N,N,N,N,N,N,N,N
SKI7,D,N,D,N,D,N,D,N,N,N,N,D,N,N,D,D,D,N,N,N,D,N,D,D,N,N,D,N,N,N,D,N
TRF5,A,A,A,A,A,N,N,A,A,N,A,A,N,A,A,N,A,A,A,N,N,N,A,A,A,A,A,A,N,N,A,A
PAP2;TRF4,A,A,A,A,A,N,N,A,A,N,A,A,N,A,A,N,A,A,A,N,N,N,A,A,A,A,A,A,N,N,A,A
AIR2,A,N,A,N,A,N,N,N,A,N,N,N,A,A,A,N,A,N,A,N,A,A,A,A,A,A,A,A,A,N,A,A
AIR1,A,N,A,N,A,N,N,N,A,N,N,N,A,A,A,N,A,N,A,N,A,A,A,A,A,A,A,A,A,N,A,A
DOB1;MTR4,D,D,D,D,D,D,D,D,D,D,D,D,D,D,D,D,D,D,D,D,D,D,D,D,D,D,D,D,D,D,D,D
NOT1;CDC39;ROS1;SMD6,A,N,N,N,A,N,N,N,A,N,N,A,A,A,A,A,A,A,N,A,A,N,A,A,N,N,A,A,N,A,A,A
DNA19;NOT2;CDC36,N,A,N,N,A,N,A,N,A,N,A,A,A,N,A,A,N,A,A,N,A,N,A,A,N,A,A,A,A,N,A,N
NOT3,N,A,N,N,A,N,A,N,A,N,A,A,A,N,A,A,N,A,A,N,A,N,A,A,N,A,A,A,A,N,A,N
NOT5,N,A,N,N,A,N,A,N,A,N,A,A,A,N,A,A,N,A,A,N,A,N,A,A,N,A,A,A,A,N,A,N
NOT4;MOT2;SIG1,A,N,A,A,A,A,A,A,A,N,A,A,A,N,A,N,N,A,A,A,A,A,A,A,A,A,A,A,A,A,A,A
CCR4;NUT21;FUN27,A,A,A,A,A,A,N,A,A,N,A,A,N,A,A,A,A,A,A,N,A,A,A,A,A,N,N,A,N,N,A,A
CAF1;POP2,N,A,A,N,N,A,N,A,A,A,N,A,A,A,A,N,A,A,A,A,N,N,N,A,A,A,A,N,N,N,A,A
CAF16,D,D,D,D,D,N,D,D,D,N,D,N,D,D,D,D,D,N,N,D,D,D,D,D,N,N,N,D,D,N,D,N
CAF40,N,A,A,N,A,A,A,A,A,N,A,A,A,A,A,A,A,A,N,A,A,A,N,N,N,A,N,A,A,A,A,A
SKG3,N,N,N,N,N,N,N,N,N,N,N,N,N,N,N,N,N,N,N,N,N,N,N,N,N,N,N,N,N,N,N,N
CAF120,N,N,N,N,N,N,N,N,N,N,N,N,N,N,N,N,N,N,N,N,N,N,N,N,N,N,N,N,N,N,N,N
DCS1,A,A,A,A,N,N,N,A,N,N,N,A,A,N,A,N,A,N,A,N,A,A,N,N,A,A,A,A,A,N,A,N
DCP1;MRT2,N,N,N,N,N,N,N,N,N,N,N,N,N,N,N,N,N,N,N,N,N,N,N,N,N,N,N,N,N,N,N,N
DCP2;PSU1,N,N,N,N,A,N,A,N,N,N,N,N,N,N,N,A,N,N,N,N,N,N,N,N,N,N,N,N,A,N,A,N
LSM1;SPB8,C,C,N,N,C,C,C,C,C,C,C,N,N,C,N,N,C,C,C,C,C,C,C,C,C,C,C,C,N,C,C,C
SNP3;SMX5;LSM2,A,A,A,A,N,A,A,N,A,N,A,N,N,A,A,A,A,A,N,N,A,N,N,N,N,A,N,N,A,N,A,N
LSM3;SMX4;USS2,N,C,C,N,N,C,C,C,C,C,C,N,N,N,C,N,C,C,C,N,C,C,N,C,C,C,C,N,N,N,C,C
LSM4;SDB23;USS1,A,A,A,A,N,A,A,N,A,A,A,A,N,A,A,A,A,A,N,A,A,N,N,A,N,A,N,A,A,N,A,A
LSM5,N,N,N,N,N,C,N,N,C,C,C,N,N,N,N,N,C,C,N,N,N,N,N,C,N,C,N,N,N,N,N,N
LSM6,N,A,A,N,N,A,N,N,A,A,A,A,N,A,N,A,A,A,N,A,A,N,N,A,N,N,N,A,A,N,A,A
LSM7,N,C,N,N,N,C,C,C,C,C,C,N,N,N,N,N,C,C,C,N,C,N,N,C,C,C,C,N,C,C,N,C
LSM8,A,A,N,N,A,A,N,A,N,N,A,N,N,A,N,N,A,N,N,A,A,A,A,A,A,N,N,A,N,N,A,A
KEM1;SKI1;SEP1;XRN1;RAR5;DST2,A,A,A,A,A,A,A,N,A,A,A,A,A,A,A,A,A,A,A,A,A,A,A,A,A,N,N,A,N,A,A,A
XRN2;HKE1;TAP1;RAT1,A,A,A,A,A,A,A,N,A,A,A,A,A,A,A,A,A,A,A,A,A,A,A,A,A,N,N,A,N,A,A,A
DHH1,D,D,D,D,D,D,D,D,D,D,D,D,D,D,D,D,D,D,D,D,D,D,D,D,D,D,D,D,D,D,D,D
DCP3;EDC3;LSM16,N,N,N,N,N,N,N,N,N,N,N,N,N,N,N,N,N,N,N,N,N,N,N,N,N,N,N,N,N,N,N,N
PAT1;MRT1,N,A,N,N,N,N,N,N,A,N,N,N,N,N,N,N,N,A,A,N,A,N,A,A,N,N,N,A,N,N,A,N
ENS1;SSC1,B,B,B,B,B,N,N,B,B,N,B,N,N,B,B,B,B,B,N,B,B,B,B,N,N,B,B,N,N,B,B,B
SSQ1;SSC2;SSH1,B,B,B,B,B,N,N,B,B,N,B,N,N,B,B,B,B,B,N,B,B,B,B,N,N,B,B,N,N,B,B,B
HSP60;MIF4;MNA2;CPN60,D,D,D,D,D,D,D,D,D,D,D,D,D,D,D,D,D,D,D,D,D,D,D,D,D,D,D,D,D,D,D,D
PAB1,D,D,D,D,D,D,D,D,D,D,D,D,D,D,D,D,D,D,D,D,D,D,D,D,D,D,D,D,D,D,D,D
PAN2,A,A,N,N,A,A,N,A,A,N,A,A,N,N,N,N,N,A,A,A,N,A,A,A,A,A,N,A,A,A,A,N
ECM35;PAN3,A,A,A,N,A,A,N,A,A,N,A,N,A,A,A,A,A,A,A,N,A,A,A,A,A,A,A,A,N,A,A,A
PFK1,A,A,A,A,N,N,A,N,N,N,A,N,N,N,N,N,N,A,N,A,A,N,N,A,A,N,N,N,A,N,A,N
PFK2,A,A,A,A,N,N,A,N,N,N,A,N,N,N,N,N,N,A,N,A,A,N,N,A,A,N,N,N,A,N,A,N
