HSA242910;GNK;NAGK,A,A,N,N,N,N,N,N,N,N,A,N,N,N,N,N,N,N,N,A,N,N,A,N,N,A,N,N,N,N,A,N
PAGM;AGM1;IMD23;PGM_3;PGM3,N,N,N,N,N,N,N,N,N,N,N,N,N,N,N,N,N,N,N,N,N,N,N,N,N,N,N,N,N,N,N,N
SPAG2;AGX;UAP1;AGX1;AGX2,A,N,A,N,A,N,A,A,A,N,A,N,A,N,N,A,N,A,N,N,A,N,N,A,N,N,N,A,N,A,A,N
UAP1L1,A,N,A,N,A,N,A,A,A,N,A,N,A,N,N,A,N,A,N,N,A,N,N,A,N,N,N,A,N,A,N,N
GLCNE;DMRV;NM;IBM2;GNE;Uae1,N,N,N,N,N,N,N,N,N,N,N,N,N,N,N,N,N,N,N,N,N,N,N,N,N,N,N,N,N,N,N,N
SEMDG;HEL-S-100;SAS;SEMDCG;NANS,N,N,N,N,N,N,N,N,N,N,N,N,N,N,N,N,N,N,N,N,N,N,N,N,N,N,N,N,N,N,N,N
dJ694B14.3;NANP;HDHD4;C20orf147,N,N,N,N,N,N,N,N,N,N,N,N,N,N,N,N,N,N,N,N,N,N,N,N,N,N,N,N,N,N,N,N
HLN;GNPDA;GPI;GNP1;GNPI;GNPDA1,N,N,N,N,N,N,N,N,N,N,N,N,N,N,N,N,N,N,N,N,N,N,N,N,N,N,N,N,N,N,N,N
GNP2;GNPDA2;SB52,N,N,N,N,N,N,N,N,N,N,N,N,N,N,N,N,N,N,N,N,N,N,N,N,N,N,N,N,N,N,N,N
CGI-14;AMDHD2,N,N,N,N,N,N,N,N,N,N,N,N,N,N,N,N,N,N,N,N,N,N,N,N,N,N,N,N,N,N,N,N
GFPT1;GFPT1L;GFAT;MSLG;GFPT;GFA;CMSTA1;GFAT_1;GFAT1;CMS12;GFAT1m,N,N,N,N,N,N,N,N,N,N,N,N,N,N,N,N,N,N,N,N,N,N,N,N,N,N,N,N,N,N,N,N
GFPT2;GFAT2;GFAT;GFAT_2,N,N,N,N,N,N,N,N,N,N,N,N,N,N,N,N,N,N,N,N,N,N,N,N,N,N,N,N,N,N,N,N
GNPNAT;GNPNAT1;GNA1;Gpnat1,N,N,N,N,N,N,N,N,N,N,N,N,N,N,N,N,N,N,N,N,N,N,N,N,N,N,N,N,N,N,N,N
RENBP;RNBP;RBP,N,N,N,N,N,N,N,N,N,N,N,N,N,N,N,N,N,N,N,N,N,N,N,N,N,N,N,N,N,N,N,N
TSD;HEXA,A,N,N,A,N,N,N,N,N,N,N,N,N,A,N,N,N,N,N,N,A,A,N,N,N,N,N,N,N,N,N,A
HEL-S-111;ENC-1AS;HEL-248;HEXB,A,N,N,A,N,N,N,N,N,N,N,N,N,A,N,N,N,N,N,N,A,A,N,N,N,N,N,N,N,N,N,A
CHIT1;CHITD;CHIT;CHI3,N,N,N,N,N,N,N,N,N,N,N,N,N,N,N,N,N,N,N,N,N,N,N,N,N,N,N,N,N,N,N,N
CHIT2;AMCASE;CHIA;TSA1902,N,N,N,N,N,N,N,N,N,N,N,N,N,N,N,N,N,N,N,N,N,N,N,N,N,N,N,N,N,N,N,N
NAL;NPL;C1orf13;C112;NPL1,D,N,N,N,D,D,N,D,N,N,D,N,D,N,N,D,N,N,N,N,N,N,N,N,N,N,N,N,N,N,D,D
hexokinase;HK;HKD;HXK1;HMSNR;HK1;HKI;HK1-ta;HK1-tb;HK1-tc;RP79,N,N,N,N,A,N,N,N,A,N,N,N,N,N,N,N,A,N,N,N,N,N,N,N,A,A,N,N,N,N,A,A
HXK2;HKII;HK2,N,N,N,N,A,N,N,N,A,N,N,N,N,N,N,N,A,N,N,N,N,N,N,N,A,A,N,N,N,N,A,A
HXK3;HK3;HKIII,N,N,N,N,A,N,N,N,A,N,N,N,N,N,N,N,A,N,N,N,N,N,N,N,A,A,N,N,N,N,A,A
HKDC1,N,N,N,N,A,N,N,N,A,N,N,N,N,N,N,N,A,N,N,N,N,N,N,N,A,A,N,N,N,N,A,A
CSS;CMAS,N,N,N,N,N,N,N,N,N,N,N,N,N,N,N,N,N,N,N,N,N,N,N,N,N,N,N,N,N,N,N,N
CYB5R3;DIA1;B5R,N,N,N,N,N,N,N,N,N,N,N,N,N,N,N,N,N,N,N,N,N,N,N,N,N,N,N,N,N,N,N,N
cb5/cb5R;dJ676J13.1;NCB5OR;CYB5R4,A,N,A,A,N,N,N,N,A,N,A,A,N,N,A,N,N,N,N,N,N,N,N,N,N,N,N,N,N,N,A,N
CYB5R2;B5R.2,N,N,N,N,N,N,N,N,N,N,N,N,N,N,N,N,N,N,N,N,N,N,N,N,N,N,N,N,N,N,N,N
CYB5R1;NQO3A2;B5R1;B5R.1;humb5R2;B5R2,N,N,N,N,N,N,N,N,N,N,N,N,N,N,N,N,N,N,N,N,N,N,N,N,N,N,N,N,N,N,N,N
CYB5RL,N,N,N,N,A,N,N,A,N,N,N,N,A,N,A,N,N,N,N,N,N,N,N,N,N,N,N,N,A,N,A,N
GALT,N,N,N,N,N,N,N,N,N,N,N,N,N,N,N,N,N,N,N,N,N,N,N,N,N,N,N,N,N,N,N,N
GALE;SDR1E1,N,N,N,N,A,N,N,N,N,N,A,N,N,N,N,N,N,N,N,A,N,N,N,N,N,A,N,N,N,N,N,N
GDH;UGDH;UDP-GlcDH;UDPGDH;UGD,N,N,D,N,N,N,N,D,D,N,D,N,D,N,N,N,N,N,N,N,N,D,N,N,N,N,N,D,N,N,N,N
SDR6E1;UGD;UXS1,N,N,N,N,A,N,N,N,N,N,A,N,N,N,N,N,N,N,N,A,N,N,N,N,N,A,N,N,N,N,N,N
MPI;PMI;CDG1B;PMI1,N,A,N,N,N,A,N,N,N,N,A,N,A,A,A,N,A,N,A,N,N,A,A,N,N,N,A,A,N,N,A,N
Sec53;PMM1,N,N,N,N,N,N,N,N,N,N,N,N,N,N,N,N,N,N,N,N,N,N,N,N,N,N,N,N,N,N,N,N
CDG1a;PMI;PMM2;CDG1;PMI1;PMM_2;CDGS,N,N,N,N,N,N,N,N,N,N,N,N,N,N,N,N,N,N,N,N,N,N,N,N,N,N,N,N,N,N,N,N
GSD14;CDG1T;PGM1,N,N,N,N,N,N,N,N,N,N,N,N,N,N,N,N,N,N,N,N,N,N,N,N,N,N,N,N,N,N,N,N
MSTP006;PGM2,N,N,N,N,N,N,N,N,N,N,N,N,N,N,N,N,N,N,N,N,N,N,N,N,N,N,N,N,N,N,N,N
GALK1;GALK;HEL-S-19;GK1,N,N,N,N,N,N,N,N,N,N,N,N,N,N,N,N,N,N,N,N,N,N,N,N,N,N,N,N,N,N,N,N
MDDGC14;GMPPB;MDDGA14;MDDGB14,N,N,N,N,N,N,N,N,N,N,N,N,N,N,N,N,N,N,N,N,N,N,N,N,N,N,N,N,N,N,N,N
GMPPA;AAMR,A,A,N,N,N,N,N,N,A,N,A,N,N,N,N,N,N,N,N,N,N,A,N,A,N,A,N,A,N,N,N,N
FPGT;GFPP,N,N,N,N,N,N,N,N,N,N,N,N,N,N,N,N,N,N,N,N,N,N,N,N,N,N,N,N,N,N,N,N
1110046B12Rik;FUK,N,N,N,N,N,N,N,N,N,N,N,N,N,N,N,N,N,N,N,N,N,N,N,N,N,N,N,N,N,N,N,N
GMDS;SDR3E1;GMD,N,N,N,N,N,N,N,A,N,N,A,A,N,A,A,N,A,N,A,N,A,N,A,A,N,N,N,N,N,N,A,N
SDR4E1;FX;P35B;TSTA3,N,N,N,N,N,N,N,N,N,N,N,N,N,N,N,N,N,N,N,N,N,N,N,N,N,N,N,N,N,N,N,N
PGI;AMF;PHI;GPI;GNPI;SA36;SA-36;NLK,N,N,N,N,N,N,N,N,N,N,N,N,N,N,N,N,N,N,N,N,N,N,N,N,N,N,N,N,N,N,N,N
UGP1;UDPGP2;pHC379;UGP2;UGPP2;UGPP1;UDPGP;UDPG,A,N,A,N,A,N,A,A,A,N,A,N,A,N,N,A,N,A,N,N,A,N,N,A,N,N,N,A,N,A,A,N
GK;HK4;HKIV;HHF3;HXKP;LGLK;FGQTL3;MODY2;GCK;GLK,N,N,N,N,A,N,N,N,A,N,N,N,N,N,N,N,A,N,N,N,N,N,N,N,A,A,N,N,N,N,A,A
