PDB1,N,N,N,N,N,N,N,N,N,N,N,N,N,N,N,N,N,N,N,N,N,N,N,N,N,N,N,N,N,N,N,N
PDA1,N,N,N,N,N,N,N,N,N,N,N,N,N,N,N,N,N,N,N,N,N,N,N,N,N,N,N,N,N,N,N,N
JPM2;PPC1;PCK1,N,N,N,N,N,N,N,N,N,N,N,N,N,N,N,N,N,N,N,N,N,N,N,N,N,N,N,N,N,N,N,N
PYK1;CDC19,A,N,N,N,N,N,N,N,A,N,N,N,N,A,A,N,N,N,N,N,N,N,N,A,A,N,N,N,A,N,N,N
PYK2,A,N,N,N,N,N,N,N,A,N,N,N,N,A,A,N,N,N,N,N,N,N,N,A,A,N,N,N,A,N,N,N
GRE2,N,N,N,N,N,N,N,N,N,N,N,N,N,N,N,N,N,N,N,N,N,N,N,N,N,N,N,N,N,N,N,N
GLO1,N,N,N,N,N,N,N,N,N,N,N,N,N,N,N,N,N,N,N,N,N,N,N,N,N,N,N,N,N,N,N,N
DLD1,A,N,A,N,A,N,N,N,A,N,A,N,N,N,N,N,N,N,N,N,N,N,N,N,N,N,N,N,N,N,N,N
GLO2,N,N,N,N,N,N,N,N,N,N,N,N,N,N,N,N,N,N,N,N,N,N,N,N,N,N,N,N,N,N,N,N
GLO4,N,N,N,N,N,N,N,N,N,N,N,N,N,N,N,N,N,N,N,N,N,N,N,N,N,N,N,N,N,N,N,N
PYC2,N,N,N,N,N,N,N,N,N,N,N,N,N,N,N,N,N,N,N,N,N,N,N,N,N,N,N,N,N,N,N,N
PYC1,N,N,N,N,N,N,N,N,N,N,N,N,N,N,N,N,N,N,N,N,N,N,N,N,N,N,N,N,N,N,N,N
MAE1,C,N,C,N,N,N,N,N,C,N,N,N,N,C,C,N,C,N,N,N,C,N,N,N,N,N,C,C,N,N,C,C
MDH3,A,A,N,N,N,N,N,N,A,N,A,N,N,N,N,A,A,N,N,N,A,N,A,N,N,N,N,N,N,N,N,N
MDH1,A,A,N,N,N,N,N,N,A,N,A,N,N,N,N,A,A,N,N,N,A,N,A,N,N,N,N,N,N,N,N,N
MDH2,A,A,N,N,N,N,N,N,A,N,A,N,N,N,N,A,A,N,N,N,A,N,A,N,N,N,N,N,N,N,N,N
DAL7;MLS2;MSL2,B,B,N,N,N,N,N,B,N,N,B,B,N,B,B,N,N,N,N,B,N,N,N,B,N,N,N,B,B,N,N,N
MLS1,B,B,N,N,N,N,N,B,N,N,B,B,N,B,B,N,N,N,N,B,N,N,N,B,N,N,N,B,B,N,N,N
CYB2;FCB2,A,N,A,A,N,N,N,N,A,N,A,A,N,N,A,N,N,N,N,N,N,N,N,N,N,N,N,N,N,N,A,N
FUN44;ACS1,N,D,D,N,D,D,N,N,D,N,D,D,N,D,N,N,N,N,N,D,N,N,D,D,D,D,D,D,N,N,N,D
ACS2,N,D,D,N,D,D,N,N,D,N,D,D,N,D,N,N,N,N,N,D,N,N,D,D,D,D,D,D,N,N,N,D
ACH1,N,N,N,N,N,N,N,N,N,N,N,N,N,N,N,N,N,N,N,N,N,N,N,N,N,N,N,N,N,N,N,N
ALD5,A,N,A,N,A,N,A,A,A,N,A,A,A,A,N,N,N,A,A,N,N,N,A,N,N,A,N,A,A,A,A,N
HFD1,A,N,A,N,A,N,A,A,A,N,A,A,A,A,N,N,N,A,A,N,N,N,A,N,N,A,N,A,A,A,A,N
ALD4;ALD7,A,N,A,N,A,N,A,A,A,N,A,A,A,A,N,N,N,A,A,N,N,N,A,N,N,A,N,A,A,A,A,N
ALD6;ALD1,A,N,A,N,A,N,A,A,A,N,A,A,A,A,N,N,N,A,A,N,N,N,A,N,N,A,N,A,A,A,A,N
ERG10;LPB3;TSM0115,N,N,N,N,N,N,N,N,N,N,N,N,N,N,N,N,N,N,N,N,N,N,N,N,N,N,N,N,N,N,N,N
LEU4,N,N,N,N,N,N,N,N,N,N,N,N,N,N,N,N,N,N,N,N,N,N,N,N,N,N,N,N,N,N,N,N
LEU9,N,N,N,N,N,N,N,N,N,N,N,N,N,N,N,N,N,N,N,N,N,N,N,N,N,N,N,N,N,N,N,N
LYS21,N,N,N,N,N,N,N,N,N,N,N,N,N,N,N,N,N,N,N,N,N,N,N,N,N,N,N,N,N,N,N,N
LYS20,N,N,N,N,N,N,N,N,N,N,N,N,N,N,N,N,N,N,N,N,N,N,N,N,N,N,N,N,N,N,N,N
HFA1,N,N,N,N,N,N,N,N,N,N,N,N,N,N,N,N,N,N,N,N,N,N,N,N,N,N,N,N,N,N,N,N
MTR7;ACC1;FAS3;ABP2,N,N,N,N,N,N,N,N,N,N,N,N,N,N,N,N,N,N,N,N,N,N,N,N,N,N,N,N,N,N,N,N
LAT1;PDA2;ODP2,N,N,A,N,N,N,N,N,N,N,A,N,N,A,N,N,N,N,N,N,N,N,N,N,N,N,N,A,N,N,A,N
LPD1;HPD1,N,N,N,N,N,N,N,N,N,N,N,N,N,N,N,N,N,N,N,N,N,N,N,N,N,N,N,N,N,N,N,N
IRC15,N,N,N,N,N,N,N,N,N,N,N,N,N,N,N,N,N,N,N,N,N,N,N,N,N,N,N,N,N,N,N,N
HSP31,N,N,N,N,N,N,N,N,N,N,N,N,N,N,N,N,N,N,N,N,N,N,N,N,N,N,N,N,N,N,N,N
SNO4;HSP34,N,N,N,N,N,N,N,N,N,N,N,N,N,N,N,N,N,N,N,N,N,N,N,N,N,N,N,N,N,N,N,N
HSP33,N,N,N,N,N,N,N,N,N,N,N,N,N,N,N,N,N,N,N,N,N,N,N,N,N,N,N,N,N,N,N,N
HSP32,N,N,N,N,N,N,N,N,N,N,N,N,N,N,N,N,N,N,N,N,N,N,N,N,N,N,N,N,N,N,N,N
FUM1,N,N,N,N,N,N,N,N,N,N,N,N,N,N,N,N,N,N,N,N,N,N,N,N,N,N,N,N,N,N,N,N
DLD2;AIP2,B,N,B,N,B,N,N,N,B,N,B,N,N,N,N,N,N,N,B,N,N,N,N,N,N,N,N,N,N,N,N,N
DLD3,A,N,A,N,A,N,N,N,A,N,A,N,N,N,N,N,N,N,N,N,N,N,N,N,N,N,N,N,N,N,N,N
