DG1039,C,C,C,N,N,C,C,C,C,N,N,C,N,C,C,C,C,C,C,N,C,C,C,C,C,C,N,C,N,C,C,C
chcA,A,N,A,A,A,N,A,A,N,N,A,A,N,N,N,N,N,A,N,A,A,N,A,N,N,A,N,N,N,N,A,A
ap2a1-1,A,A,A,A,A,A,A,N,A,N,A,A,A,A,A,A,A,N,A,A,A,A,A,A,A,A,A,A,A,A,A,N
ap2a1-2,A,A,A,A,A,A,A,N,A,N,A,A,A,A,A,A,A,N,A,A,A,A,A,A,A,A,A,A,A,A,A,N
apm2,A,A,A,A,A,A,N,A,A,N,A,A,A,A,A,A,A,A,N,A,A,A,A,A,A,A,A,A,A,A,A,A
ap2s1,A,A,A,A,A,A,N,A,A,N,A,A,A,A,A,A,A,A,A,A,A,A,A,A,A,A,A,A,N,A,A,A
vps37,N,N,N,N,N,N,N,N,N,N,N,N,N,N,N,N,N,N,N,N,N,N,N,N,N,N,N,N,N,N,N,N
vps28,N,A,N,N,A,N,A,A,A,N,N,A,A,A,N,N,N,A,A,A,N,A,N,A,A,A,N,A,A,A,A,N
hspB,B,B,B,B,B,N,N,B,B,N,B,N,N,B,B,B,B,B,N,B,B,B,B,N,N,B,B,N,N,B,B,B
hspE-1,B,B,B,B,B,N,N,B,B,N,B,N,N,B,B,B,B,B,N,B,B,B,B,N,N,B,B,N,N,B,B,B
hspE-2,B,B,B,B,B,N,N,B,B,N,B,N,N,B,B,B,B,B,N,B,B,B,B,N,N,B,B,N,N,B,B,B
12,B,B,B,B,B,N,N,B,B,N,B,N,N,B,B,B,B,B,N,B,B,B,B,N,N,B,B,N,N,B,B,B
13,B,B,B,B,B,N,N,B,B,N,B,N,N,B,B,B,B,B,N,B,B,B,B,N,N,B,B,N,N,B,B,B
14,B,B,B,B,B,N,N,B,B,N,B,N,N,B,B,B,B,B,N,B,B,B,B,N,N,B,B,N,N,B,B,B
vps36,A,N,N,N,A,N,N,N,N,N,N,N,N,A,N,N,A,N,A,N,N,N,A,A,N,N,N,N,N,N,N,N
tsg101,N,A,N,A,A,A,A,N,A,N,N,A,N,N,N,N,N,N,N,N,A,N,N,N,N,N,N,N,N,N,A,A
vps25,N,A,N,N,N,N,N,N,A,N,N,N,N,N,N,N,A,N,N,N,N,N,A,N,N,N,N,N,N,N,A,N
vps22,N,C,N,C,N,N,N,C,C,N,N,N,N,C,N,N,N,N,C,C,N,N,C,N,N,C,N,N,C,N,C,N
vps20,A,A,N,N,N,A,N,A,A,N,N,A,N,N,N,N,A,N,A,A,N,N,A,A,N,N,N,A,A,N,N,A
vps24,A,A,N,N,A,A,N,A,A,N,A,N,A,A,A,N,A,N,N,A,A,A,N,N,A,N,N,A,N,A,A,A
vps32,A,A,N,N,N,A,N,A,A,N,N,A,N,N,N,N,A,N,A,A,N,N,A,A,N,N,N,A,A,N,N,A
vps46,A,A,N,N,A,A,N,A,A,N,A,N,A,A,A,N,A,N,N,A,A,A,N,N,A,N,N,A,N,A,A,A
vps2A,A,A,N,N,A,A,N,A,A,N,A,N,A,A,A,N,A,N,N,A,A,A,N,N,A,N,N,A,N,A,A,A
vps2B,A,A,N,N,A,A,N,A,A,N,A,N,A,A,A,N,A,N,N,A,A,A,N,N,A,N,N,A,N,A,A,A
alxA,A,N,N,N,A,N,N,N,N,N,A,N,N,A,N,N,N,N,N,N,N,A,N,N,N,N,N,N,A,N,N,A
vps4,D,D,D,D,D,D,D,D,D,D,D,D,D,D,D,D,D,D,D,D,D,D,D,D,D,D,D,D,D,D,D,D
vps60,A,A,N,N,N,A,N,A,A,N,N,A,N,N,N,N,A,N,A,A,N,N,A,A,N,N,N,A,A,N,N,A
rab11A,C,C,C,C,C,C,C,C,C,C,C,C,C,C,C,C,C,C,C,C,C,C,C,C,C,C,C,C,C,C,C,C
rab11C,C,C,C,C,C,C,C,C,C,C,C,C,C,C,C,C,C,C,C,C,C,C,C,C,C,C,C,C,C,C,C,C
rab11B,C,C,C,C,C,C,C,C,C,C,C,C,C,C,C,C,C,C,C,C,C,C,C,C,C,C,C,C,C,C,C,C
31,A,A,A,N,A,N,N,N,A,N,A,N,A,A,N,N,A,A,A,A,A,A,A,A,A,A,A,A,A,A,A,N
rab5A,C,C,C,C,C,C,C,C,C,C,C,C,C,C,C,C,C,C,C,C,C,C,C,C,C,C,C,C,C,C,C,C
pldC,B,N,N,N,N,N,B,N,B,N,B,B,B,B,N,N,B,N,N,B,B,B,B,N,N,B,N,N,N,N,B,N
pldB,B,N,N,N,N,N,B,N,B,N,B,B,B,B,N,N,B,N,N,B,B,B,B,N,N,B,N,N,N,N,B,N
pldA,B,N,N,N,N,N,B,N,B,N,B,B,B,B,N,N,B,N,N,B,B,B,B,N,N,B,N,N,N,N,B,N
36,C,C,C,C,C,N,C,N,N,N,C,C,C,C,N,N,N,N,C,C,C,C,C,C,N,C,C,N,N,N,C,C
PIPkinA,C,C,C,C,C,N,C,C,C,N,C,C,C,C,C,C,C,C,C,C,C,C,C,C,C,C,C,C,C,C,C,C
38,C,C,C,C,C,N,C,N,N,N,C,C,C,C,N,N,N,N,C,C,C,C,C,C,N,C,C,N,N,N,C,C
secG,B,B,B,B,B,B,B,B,B,B,B,B,B,B,B,B,B,B,B,B,B,B,B,B,B,B,B,B,B,B,B,B
40,A,N,A,N,A,A,A,A,A,N,A,A,A,A,A,A,A,A,N,N,A,A,A,A,A,A,N,N,A,A,A,A
41,A,N,A,N,A,A,A,A,A,N,A,A,A,A,A,A,A,A,N,N,A,A,A,A,A,A,N,N,A,A,A,A
42,A,A,A,A,A,A,A,A,A,N,A,A,A,A,A,A,A,A,A,A,A,A,A,A,A,A,A,A,A,A,A,A
43,A,A,A,A,A,A,A,A,A,N,A,A,A,A,A,A,A,A,A,A,A,A,A,A,A,A,A,A,A,A,A,A
44,A,A,A,A,A,A,A,A,A,N,A,A,A,A,A,A,A,A,A,A,A,A,A,A,A,A,A,A,A,A,A,A
45,A,A,A,A,A,A,A,A,A,N,A,A,A,A,A,A,A,A,A,A,A,A,A,A,A,A,A,A,A,A,A,A
46,A,A,A,A,A,A,A,A,A,N,A,A,A,A,A,A,A,A,A,A,A,A,A,A,A,A,A,A,A,A,A,A
47,A,A,A,N,A,N,N,N,A,N,A,N,A,A,N,N,A,A,A,A,A,A,A,A,A,A,A,A,A,A,A,N
vps45,A,N,A,A,A,A,A,N,A,N,A,A,N,A,A,A,A,N,A,A,N,N,A,A,A,N,A,N,N,A,A,A
rab7A,C,C,C,C,C,C,C,C,C,C,C,C,C,C,C,C,C,C,C,C,C,C,C,C,C,C,C,C,C,C,C,C
rab7B,C,C,C,C,C,C,C,C,C,C,C,C,C,C,C,C,C,C,C,C,C,C,C,C,C,C,C,C,C,C,C,C
rabO,C,C,C,C,C,C,C,C,C,C,C,C,C,C,C,C,C,C,C,C,C,C,C,C,C,C,C,C,C,C,C,C
52,A,A,N,N,N,A,N,A,A,N,N,A,N,N,N,N,A,N,A,A,N,N,A,A,N,N,N,A,A,N,N,A
arrJ,C,C,C,C,C,C,C,C,C,C,C,C,C,C,C,C,C,C,C,C,C,C,C,C,C,C,C,C,C,C,C,C
arfA,C,C,C,C,C,C,C,C,C,N,C,C,C,C,C,C,C,C,C,C,C,C,C,C,C,C,C,C,C,C,C,C
kif3,A,A,A,A,A,A,A,A,A,A,A,A,A,A,A,A,A,A,A,A,A,A,A,A,A,A,A,A,A,A,A,A
56,N,N,N,N,N,N,N,N,N,N,N,N,N,N,N,N,N,N,N,N,N,N,N,N,N,N,N,N,N,N,N,N
57,N,N,A,N,A,N,N,N,A,N,N,N,N,N,N,N,N,N,N,N,N,A,N,N,N,N,N,N,N,N,A,N
58,B,B,N,N,B,N,N,N,B,N,B,B,N,B,B,N,N,N,N,N,B,N,N,B,N,B,N,N,N,N,B,N
59,N,N,A,N,A,N,N,N,N,N,N,N,N,A,N,N,N,N,N,N,A,N,A,N,N,A,N,N,N,A,A,N
acpB,A,A,A,N,N,N,N,N,A,N,N,A,A,N,N,N,N,N,N,N,A,A,N,N,N,A,A,A,N,A,A,A
acpA,N,N,A,N,N,N,N,N,A,N,A,A,A,A,N,N,A,N,A,N,N,N,N,A,A,N,N,N,A,N,A,N
vps26,A,A,A,A,A,N,N,N,A,N,A,N,A,A,A,N,A,N,N,N,N,N,A,A,A,N,A,N,A,A,A,N
vps29,N,N,N,N,N,N,N,N,N,N,N,N,N,N,N,N,N,N,N,N,N,N,N,N,N,N,N,N,N,N,N,N
vps35,A,A,N,A,A,A,N,A,A,N,A,N,A,A,A,N,A,A,A,N,N,N,A,A,N,N,A,A,N,A,N,A
rab8B,C,C,C,C,C,C,C,C,C,C,C,C,C,C,C,C,C,C,C,C,C,C,C,C,C,C,C,C,C,C,C,C
rab8A,C,C,C,C,C,C,C,C,C,C,C,C,C,C,C,C,C,C,C,C,C,C,C,C,C,C,C,C,C,C,C,C
67,A,A,A,N,A,N,N,N,A,N,A,N,A,A,A,N,N,N,A,A,A,A,A,A,A,A,A,A,A,A,A,A
68,A,A,A,N,A,N,N,N,A,N,A,N,A,A,A,N,N,N,A,A,A,A,A,A,A,A,A,A,A,A,A,A
69,N,N,N,N,N,N,N,N,N,N,N,N,N,N,N,N,N,N,N,N,N,N,N,N,N,N,N,N,N,N,N,N
arcD,N,A,A,N,A,N,N,N,A,N,A,A,A,A,N,N,N,N,A,N,A,A,A,A,A,A,N,A,N,A,A,N
arcA,A,A,N,N,A,N,A,A,A,N,A,N,N,A,A,A,N,N,A,N,A,A,A,A,N,N,N,A,N,N,A,A
arcB,N,N,N,N,N,N,N,N,A,N,A,N,A,N,N,N,N,N,N,N,A,N,A,N,N,N,N,N,N,N,N,A
arcE,A,N,A,N,N,N,N,N,A,N,A,N,N,N,A,N,N,N,A,N,N,N,A,N,N,A,N,A,N,A,A,A
arcC,A,A,A,N,N,N,N,N,A,N,A,A,A,A,A,N,N,N,A,N,A,A,A,A,A,A,A,N,A,A,A,A
vps5,A,A,A,N,A,N,N,N,A,N,A,N,A,A,A,N,A,A,N,N,A,A,A,A,N,N,N,A,N,A,A,A
wasA,N,B,B,N,N,N,N,B,B,N,B,B,B,B,B,N,N,N,N,B,B,B,N,B,N,N,N,N,N,N,B,N
77,A,A,A,N,A,A,N,N,A,N,A,A,A,N,N,N,A,N,A,N,N,N,A,N,A,A,A,N,A,N,A,A
