TOP3;TOP3A;ZGRF7,A,N,A,N,A,A,N,N,A,N,N,N,A,N,A,N,A,N,A,N,A,N,A,A,A,A,A,A,A,N,A,A
TOP3B1;TOP3B,N,N,A,N,A,A,N,N,A,N,N,N,N,N,A,N,A,N,A,N,N,N,N,N,N,N,N,N,N,N,A,N
RECQ2;RECQL3;RECQL2;BLM;BS,D,D,D,D,D,D,D,D,D,D,D,D,D,D,D,D,D,D,D,D,D,D,D,D,D,D,D,D,D,D,D,D
ECD;Shfdg1;C7orf76;SHFM1;SEM1;DSS1;SHFD1;SHSF1,N,N,N,N,N,N,N,N,N,N,N,N,N,N,N,N,N,N,N,N,N,N,N,N,N,N,N,N,N,N,N,N
RAD52,N,A,N,A,N,N,N,N,N,N,A,A,N,A,N,N,N,N,A,N,N,A,N,A,A,N,N,N,A,N,A,N
MRE11A;MRE11;HNGS1;ATLD;MRE11B,N,N,N,N,N,N,N,N,N,N,N,N,N,N,N,N,N,N,N,N,N,N,N,N,N,N,N,N,N,N,N,N
RAD50;hRad50;NBSLD;RAD502,N,N,D,D,N,N,N,N,N,N,N,N,N,N,N,N,D,N,D,N,N,N,N,N,N,N,N,N,N,N,D,N
CMM6;XRCC3,A,N,N,N,N,N,N,N,A,N,N,N,N,N,N,N,N,A,N,N,N,N,N,N,A,N,N,N,N,N,A,N
RAD51C;BROVCA3;FANCO;R51H3;RAD51L2,A,N,N,N,N,N,N,N,A,N,N,N,N,N,N,N,N,A,N,N,N,N,N,N,A,N,N,N,N,N,A,N
XRCC2;FANCU,N,N,A,N,N,N,N,N,A,N,N,N,N,A,N,N,N,N,N,N,N,N,A,N,N,N,N,N,N,N,N,N
TRAD;RAD51D;RAD51L3;R51H3;BROVCA4,A,A,N,N,N,N,N,N,A,N,A,N,N,N,N,N,N,A,N,N,N,N,N,N,A,A,N,N,N,N,A,N
REC2;RAD51B;R51H2;RAD51L1,A,N,N,N,N,N,N,N,A,N,N,N,N,N,N,N,N,A,N,N,N,N,N,N,A,N,N,N,N,N,A,N
MUS81;SLX3,A,A,N,N,A,N,A,N,A,N,A,N,N,A,A,N,A,N,N,N,A,N,N,N,N,N,N,N,A,N,A,N
NBN;ATV;NBS;AT-V2;AT-V1;NBS1;P95,N,N,N,N,A,N,A,N,N,N,N,A,N,N,N,N,N,N,N,N,N,N,N,N,N,N,N,A,N,N,A,A
RPA4;HSU24186,A,N,N,N,N,N,N,N,N,N,A,A,A,A,N,N,A,N,A,N,N,N,A,A,N,A,N,N,A,N,A,N
RPA1;RPA70;RF-A;REPA1;RP-A;MST075;HSSB,N,N,D,N,N,N,D,D,D,N,D,N,D,D,N,N,N,N,N,N,N,N,D,D,N,N,N,N,D,D,D,D
RP-A_p32;RPA32;RP-A_p34;RPA2;REPA2,A,N,N,N,N,N,N,N,N,N,A,A,A,A,N,N,A,N,A,N,N,N,A,A,N,A,N,N,A,N,A,N
REPA3;RPA3;RP-A_p14,N,N,N,N,N,N,N,N,N,N,N,N,N,N,N,N,N,N,N,N,N,N,N,N,N,N,N,N,N,N,N,N
RAD51;HsT16930;RECA;FANCR;BRCC5;RAD51A;HsRad51;MRMV2;HRAD51,A,N,N,N,N,N,N,N,A,N,N,N,N,N,N,N,N,A,N,N,N,N,N,N,A,N,N,N,N,N,A,N
EME1;MMS4L;SLX2A,A,A,N,N,A,N,N,N,A,N,N,N,N,A,A,N,A,N,N,N,A,N,N,N,N,N,N,N,A,N,A,N
PNCA2;FAD;GLM3;BROVCA2;FACD;FAD1;BRCA2;BRCC2;FANCD1;XRCC11;FANCD,N,A,A,N,A,N,N,A,A,N,N,N,N,A,N,N,N,A,A,N,N,N,N,N,N,N,A,A,A,N,A,A
RAD54B;RDH54,D,D,D,D,D,D,D,D,D,N,D,D,D,D,D,D,D,D,D,D,D,D,D,D,D,D,D,D,D,D,D,D
HR54;hHR54;RAD54L;hRAD54;RAD54A,D,D,D,D,D,D,D,D,D,N,D,D,D,D,D,D,D,D,D,D,D,D,D,D,D,D,D,D,D,D,D,D
POLD3;P68;P66;PPP1R128,A,N,N,N,N,N,N,N,A,N,N,N,N,A,N,N,N,N,N,N,N,N,N,N,N,N,N,N,N,N,A,N
MDPL;POLD;POLD1;CRCS10;CDC2,N,A,N,A,N,N,A,N,A,N,A,A,A,N,N,N,N,N,N,A,N,N,N,N,N,N,N,N,N,N,A,A
POLD2,N,N,N,N,A,N,N,A,N,N,A,N,N,A,N,A,N,A,A,N,N,N,A,N,N,A,A,A,N,A,A,N
POLD4;POLDS;p12,N,N,A,N,N,A,N,A,A,N,A,N,N,A,N,A,A,N,A,N,A,A,N,A,N,N,N,N,N,N,A,N
SSBP;SOSS-B1;Mt-SSB;mtSSB;SSBP1,N,N,N,N,N,N,N,N,N,N,N,N,N,N,N,N,N,N,N,N,N,N,N,N,N,N,N,N,N,N,N,N
RPRGL4;SPGF4;COR1;SCP3;SYCP3,N,N,N,N,N,N,N,N,N,N,N,N,N,N,N,N,N,N,N,N,N,N,N,N,N,N,N,N,N,N,N,N
BRCAI;PSCP;BROVCA1;BRCA1;PNCA4;IRIS;FANCS;PPP1R53;RNF53;BRCC1,B,B,B,B,B,B,B,B,B,N,B,B,N,B,B,B,B,B,B,B,B,B,B,B,B,B,B,B,B,B,B,B
CTIP;JWDS;RIM;COM1;RBBP8;SCKL2;SAE2,N,N,N,N,N,N,N,N,N,N,N,N,N,N,N,N,N,N,N,N,N,N,N,N,N,N,N,N,N,N,N,N
PNCA3;PALB2;FANCN,N,N,N,N,N,N,N,N,N,N,N,N,N,N,N,N,N,N,N,N,N,N,N,N,N,N,N,N,N,N,N,N
X2HRIP110;UIMC1;RAP80,N,N,N,N,N,N,N,N,N,N,N,N,N,N,N,N,N,N,N,N,N,N,N,N,N,N,N,N,N,N,N,N
FAM175A;ABRA1;ABRAXAS1;CCDC98,A,N,N,N,N,N,N,N,A,N,N,N,N,N,N,N,N,N,N,A,N,N,N,N,N,N,N,N,N,N,A,N
BRIP1;BACH1;OF;FANCJ,C,N,C,N,C,C,N,N,C,N,C,C,N,N,C,C,N,C,C,N,C,N,C,N,N,C,C,N,N,N,C,C
BARD1,C,C,C,C,C,C,N,C,C,N,C,C,C,C,C,C,C,C,C,C,C,C,C,C,C,C,C,C,C,C,C,C
TOP2BP1;TOPBP1,N,A,A,N,A,N,A,A,A,N,A,A,N,A,A,N,N,A,N,N,A,A,A,A,N,N,N,A,A,N,A,A
ATD;TEL1;TELO1;AT1;ATA;ATM;ATE;ATDC;ATC,A,A,A,A,A,A,N,A,A,A,A,A,A,A,A,A,A,A,A,A,A,A,A,A,A,A,A,A,A,A,A,A
BRCC45;BRE;BABAM2;BRCC4,N,N,N,N,N,N,N,N,N,N,N,N,N,N,N,N,N,N,N,N,N,N,N,N,N,N,N,N,N,N,N,N
BABAM1;MERIT40;NBA1;C19orf62;HSPC142,N,N,N,N,N,N,N,N,N,N,N,N,N,N,N,N,N,N,N,N,N,N,N,N,N,N,N,N,N,N,N,N
C6.1A;CXorf53;BRCC36;BRCC3,C,C,C,N,N,C,C,C,C,N,N,C,N,C,C,C,C,C,C,N,C,C,C,C,C,C,N,C,N,C,C,C
