COX_IV-1;COX4I1;COXIV-1;COXIV;COX4;COX4-1,N,N,N,N,N,N,N,N,N,N,N,N,N,N,N,N,N,N,N,N,N,N,N,N,N,N,N,N,N,N,N,N
COXIV-2;COX4;COX4-2;dJ857M17.2;COX4I2;COX4L2;COX4B,N,N,N,N,N,N,N,N,N,N,N,N,N,N,N,N,N,N,N,N,N,N,N,N,N,N,N,N,N,N,N,N
NDUFC2-KCTD14,N,N,N,N,N,N,N,N,N,N,N,N,N,N,N,N,N,N,N,N,N,N,N,N,N,N,N,N,N,N,N,N
CI-B14.5b;NADHDH2;HLC-1;NDUFC2;B14.5b,N,N,N,N,N,N,N,N,N,N,N,N,N,N,N,N,N,N,N,N,N,N,N,N,N,N,N,N,N,N,N,N
NDUFC1;KFYI,N,N,N,N,N,N,N,N,N,N,N,N,N,N,N,N,N,N,N,N,N,N,N,N,N,N,N,N,N,N,N,N
PDSW;NDUFB10,N,N,N,N,N,N,N,N,N,N,N,N,N,N,N,N,N,N,N,N,N,N,N,N,N,N,N,N,N,N,N,N
UQOR22;B22;CI-B22;LYRM3;NDUFB9,N,A,N,N,N,A,N,A,N,N,A,A,A,A,N,N,N,N,N,A,N,A,N,N,N,N,N,A,N,A,A,N
CI-ASHI;ASHI;NDUFB8,N,N,N,N,N,N,N,N,N,N,N,N,N,N,N,N,N,N,N,N,N,N,N,N,N,N,N,N,N,N,N,N
CI-B18;B18;NDUFB7,A,A,A,N,N,N,A,A,A,N,A,N,A,N,N,N,N,A,A,A,N,N,N,N,N,A,A,A,N,N,N,A
B17;NDUFB6;CI,N,N,N,N,N,N,N,N,N,N,N,N,N,N,N,N,N,N,N,N,N,N,N,N,N,N,N,N,N,N,N,N
NDUFB5;CISGDH;SGDH,N,N,N,N,N,N,N,N,N,N,N,N,N,N,N,N,N,N,N,N,N,N,N,N,N,N,N,N,N,N,N,N
NDUFB4;CI-B15;B15,N,N,N,N,N,N,N,N,N,N,N,N,N,N,N,N,N,N,N,N,N,N,N,N,N,N,N,N,N,N,N,N
CI-B12;NDUFB3;B12,N,N,N,N,N,N,N,N,N,N,N,N,N,N,N,N,N,N,N,N,N,N,N,N,N,N,N,N,N,N,N,N
NDUFB2;CI-AGGG;AGGG,N,N,N,N,N,N,N,N,N,N,N,N,N,N,N,N,N,N,N,N,N,N,N,N,N,N,N,N,N,N,N,N
NDUFB1;CI-SGDH;MNLL;CI-MNLL,N,N,N,N,N,N,N,N,N,N,N,N,N,N,N,N,N,N,N,N,N,N,N,N,N,N,N,N,N,N,N,N
CI-B14.7;NDUFA11;B14.7,N,N,A,N,N,N,N,N,N,N,A,N,N,N,N,N,N,A,N,N,N,N,N,A,N,N,N,N,N,N,A,N
ACP1;FASN2A;NDUFAB1;ACP;SDAP,N,N,N,N,N,N,N,N,N,N,N,N,N,N,N,N,N,N,N,N,N,N,N,N,N,N,N,N,N,N,N,N
CI-42KD;CI-42k;NDUFA10,N,N,N,N,N,N,N,N,N,N,N,N,N,N,N,N,N,N,N,N,N,N,N,N,N,N,N,N,N,N,N,N
CC6;SDR22E1;NDUFS2L;CI-39k;CI39k;NDUFA9,N,N,N,N,N,N,N,N,N,N,N,N,N,N,N,N,N,N,N,N,N,N,N,N,N,N,N,N,N,N,N,N
CI-PGIV;PGIV;CI-19KD;NDUFA8,A,A,N,N,N,N,N,N,A,N,A,A,N,N,N,N,N,N,N,A,N,N,N,A,N,N,N,A,N,N,N,N
CI-B14.5a;B14.5a;NDUFA7,N,N,N,N,N,N,N,N,N,N,N,N,N,N,N,N,N,N,N,N,N,N,N,N,N,N,N,N,N,N,N,N
CI-B14;NADHB14;LYRM6;NDUFA6;B14,N,N,N,N,N,N,N,N,N,N,N,N,N,N,N,N,N,N,N,N,N,N,N,N,N,N,N,N,N,N,N,N
B13;UQOR13;NUFM;CI-13KD-B;NDUFA5;CI-13kB,N,N,A,N,N,N,A,A,A,N,A,A,N,N,N,N,N,N,N,N,N,N,A,N,N,N,A,A,N,N,A,N
CI-9k;MLRQ;CI-MLRQ;NDUFA4,N,N,N,N,N,N,N,N,N,N,N,N,N,N,N,N,N,N,N,N,N,N,N,N,N,N,N,N,N,N,N,N
NDUFA4L2;NUOMS,N,N,N,N,N,N,N,N,N,N,N,N,N,N,N,N,N,N,N,N,N,N,N,N,N,N,N,N,N,N,N,N
CI-B9;B9;NDUFA3,N,N,N,N,N,N,N,N,N,N,N,N,N,N,N,N,N,N,N,N,N,N,N,N,N,N,N,N,N,N,N,N
CIB8;B8;NDUFA2;CD14,A,A,A,N,A,A,N,A,A,N,A,A,A,A,A,A,N,A,A,N,A,A,N,N,N,A,A,N,N,A,A,A
ZNF183;MWFE;NDUFA1;CI-MWFE,N,N,N,N,N,N,N,N,N,N,N,N,N,N,N,N,N,N,N,N,N,N,N,N,N,N,N,N,N,N,N,N
CI-9KD;NDUFV3;CI-10k,N,N,N,N,N,N,N,N,N,N,N,N,N,N,N,N,N,N,N,N,N,N,N,N,N,N,N,N,N,N,N,N
NDUFV2;CI-24k,B,B,N,N,B,N,N,B,B,N,B,N,B,B,B,N,N,N,B,B,N,N,B,N,N,N,N,B,N,N,N,N
UQOR1;CI51KD;NDUFV1;CI-51K,B,N,N,N,N,N,N,N,N,N,B,N,B,N,N,N,N,N,N,B,N,N,N,N,N,N,N,B,N,N,N,N
NDUFS8;TYKY;CI-23k;CI23KD,N,N,N,N,N,N,N,N,N,N,N,N,N,N,N,N,N,N,N,N,N,N,N,N,N,N,N,N,N,N,N,N
PSST;NDUFS7;MY017;CI-20KD;CI-20,N,N,N,N,N,N,N,N,N,N,N,N,N,N,N,N,N,N,N,N,N,N,N,N,N,N,N,N,N,N,N,N
CI-13kD-A;CI13KDA;NDUFS6;CI-13kA,A,N,A,N,N,A,A,N,N,N,A,N,N,N,A,N,N,N,N,A,N,N,N,N,N,N,N,N,N,N,A,N
NDUFS5;CI15K;CI-15k,N,N,A,N,N,N,N,N,A,N,N,A,N,N,N,N,N,N,N,N,A,N,N,A,N,A,N,N,N,N,A,N
CI-18_kDa;NDUFS4;AQDQ;CI-AQDQ;CI-18,A,A,N,N,N,A,N,N,A,N,N,N,A,N,A,N,N,N,A,N,N,A,N,N,N,A,N,A,N,N,A,A
NDUFS3;CI-30,N,N,N,N,N,N,N,N,N,N,N,N,N,N,N,N,N,N,N,N,N,N,N,N,N,N,N,N,N,N,N,N
NDUFS2;CI-49,N,N,N,N,N,N,N,N,N,N,N,N,N,N,N,N,N,N,N,N,N,N,N,N,N,N,N,N,N,N,N,N
CI-75k;CI-75Kd;NDUFS1;PRO1304,N,N,N,N,N,N,N,N,N,N,N,N,N,N,N,N,N,N,N,N,N,N,N,N,N,N,N,N,N,N,N,N
MTND6;ND6;MT-ND6,N,N,N,N,N,N,N,N,N,N,N,N,N,N,N,N,N,N,N,N,N,N,N,N,N,N,N,N,N,N,N,N
ND5;MT-ND5;MTND5,N,N,N,N,N,N,N,N,N,N,N,N,N,N,N,N,N,N,N,N,N,N,N,N,N,N,N,N,N,N,N,N
ND4L;MTND4L;MT-ND4L,N,N,N,N,N,N,N,N,N,N,N,N,N,N,N,N,N,N,N,N,N,N,N,N,N,N,N,N,N,N,N,N
MT-ND4;MTND4;ND4;LHON,N,N,N,N,N,N,N,N,N,N,N,N,N,N,N,N,N,N,N,N,N,N,N,N,N,N,N,N,N,N,N,N
MTND3;ND3;MT-ND3,N,N,N,N,N,N,N,N,N,N,N,N,N,N,N,N,N,N,N,N,N,N,N,N,N,N,N,N,N,N,N,N
MT-ND2;MTND2;ND2,N,N,N,N,N,N,N,N,N,N,N,N,N,N,N,N,N,N,N,N,N,N,N,N,N,N,N,N,N,N,N,N
MTND1;MT-ND1;ND1,N,N,N,N,N,N,N,N,N,N,N,N,N,N,N,N,N,N,N,N,N,N,N,N,N,N,N,N,N,N,N,N
COX17,A,A,A,N,A,N,N,A,A,N,A,N,N,A,N,A,A,A,N,A,A,N,N,A,N,A,N,N,A,A,A,N
COX15;CEMCOX2,B,B,B,N,B,B,B,B,N,N,B,B,N,N,B,B,B,B,B,B,B,B,N,B,B,N,B,B,B,N,B,N
COX11P;COX11,A,A,A,N,N,A,A,A,A,N,A,A,A,A,A,A,A,A,A,A,A,A,A,A,A,A,N,A,N,A,A,A
GRIM19;CDA016;B16.6;CGI-39;GRIM-19;NDUFA13,N,A,N,N,N,N,A,N,A,N,A,N,N,N,N,N,N,A,N,N,A,N,N,A,N,N,N,A,N,A,N,N
ESSS;NP17.3;Np15;NDUFB11;CI-ESSS;P17.3,N,N,N,N,N,N,N,N,N,N,N,N,N,N,N,N,N,N,N,N,N,N,N,N,N,N,N,N,N,N,N,N
NDUFA12;B17.2;DAP13,A,A,N,N,N,A,A,N,A,N,A,N,N,N,N,N,N,N,N,N,N,A,N,N,N,A,N,N,N,A,N,A
VIII-L;COX8L;COX8-2;VIII;COX8;COX8A;COX,N,N,N,N,N,N,N,N,N,N,N,N,N,N,N,N,N,N,N,N,N,N,N,N,N,N,N,N,N,N,N,N
COX8C;COX8-3,N,N,N,N,N,N,N,N,N,N,N,N,N,N,N,N,N,N,N,N,N,N,N,N,N,N,N,N,N,N,N,N
COX7C,N,N,N,N,N,N,N,N,N,N,N,N,N,N,N,N,N,N,N,N,N,N,N,N,N,N,N,N,N,N,N,N
LSDMCA2;COX7B;APLCC,N,N,N,N,N,N,N,N,N,N,N,N,N,N,N,N,N,N,N,N,N,N,N,N,N,N,N,N,N,N,N,N
COX7B2,N,N,N,N,N,N,N,N,N,N,N,N,N,N,N,N,N,N,N,N,N,N,N,N,N,N,N,N,N,N,N,N
COX7A1;COX7A;COX7AM;COX7AH,N,N,N,N,N,N,N,N,N,N,N,N,N,N,N,N,N,N,N,N,N,N,N,N,N,N,N,N,N,N,N,N
COX7A2;COX7AL1;COXVIIa-L;COXVIIAL;COX7AL;VIIAL,N,N,N,N,N,N,N,N,N,N,N,N,N,N,N,N,N,N,N,N,N,N,N,N,N,N,N,N,N,N,N,N
COX7AR;COX7A2L;EB1;SIG81;COX7RP,N,N,N,N,N,N,N,N,N,N,N,N,N,N,N,N,N,N,N,N,N,N,N,N,N,N,N,N,N,N,N,N
COX6C,N,N,N,N,N,N,N,N,N,N,N,N,N,N,N,N,N,N,N,N,N,N,N,N,N,N,N,N,N,N,N,N
0710008D09Rik;QCR10;UQCR11;UQCR,N,N,N,N,N,N,N,N,N,N,N,N,N,N,N,N,N,N,N,N,N,N,N,N,N,N,N,N,N,N,N,N
UQCR4;MC3DN6;CYC1,N,N,N,N,N,N,N,N,N,N,N,N,N,N,N,N,N,N,N,N,N,N,N,N,N,N,N,N,N,N,N,N
UQCRQ;QPC;UQCR7;QP-C;MC3DN4;QCR8,N,N,N,N,N,N,N,N,N,N,N,N,N,N,N,N,N,N,N,N,N,N,N,N,N,N,N,N,N,N,N,N
QCR9;HSPC119;HSPC151;UCRC;UCCR7.2;UQCR10;HSPC051,N,A,N,N,N,N,A,N,A,N,N,N,N,A,N,N,N,N,A,A,N,N,N,N,A,A,N,A,N,N,A,N
UQCRHL,N,N,N,N,N,N,N,N,A,N,A,N,N,A,A,A,A,N,N,N,N,A,N,N,N,N,N,N,N,N,N,A
CYTB;MTCYB;MT-CYB,N,N,N,N,N,N,N,N,N,N,N,N,N,N,N,N,N,N,N,N,N,N,N,N,N,N,N,N,N,N,N,N
UQCR6;QPC;UQCRB;UQBC;QP-C;UQBP;UQPC;QCR7;MC3DN3,A,N,N,N,N,N,N,N,A,N,N,A,N,A,N,N,N,N,N,N,N,N,N,N,N,N,N,A,A,A,A,A
D3S3191;UQCR1;UQCRC1;QCR1,N,N,N,N,N,N,N,N,N,N,N,N,N,N,N,N,N,N,N,N,N,N,N,N,N,N,N,N,N,N,N,N
UQCR2;UQCRC2;QCR2;MC3DN5,N,N,N,N,N,N,N,N,N,N,N,N,N,N,N,N,N,N,N,N,N,N,N,N,N,N,N,N,N,N,N,N
UQCR5;RIS1;RIP1;UQCRFS1;RISP,N,N,N,N,N,N,B,B,B,N,B,N,B,B,N,N,B,B,B,N,B,B,N,B,N,B,N,N,N,B,B,B
UQCR8;QCR6;UQCRH,N,N,N,N,N,N,N,N,A,N,A,N,N,A,A,A,A,N,N,N,N,A,N,N,N,N,N,N,N,N,N,A
COX6B2;CT59;COXVIB2,A,A,N,N,A,A,N,N,A,N,N,N,N,N,N,N,N,A,A,N,N,A,N,N,N,N,N,N,N,A,A,A
COXVB;COX5B,A,N,A,N,N,A,N,A,A,N,A,A,N,N,N,N,A,N,A,N,A,N,N,A,N,A,N,N,N,N,A,A
COX6AL;COX6A;COX6A1;CMTRID,N,N,A,N,N,A,A,N,A,N,A,N,N,A,N,N,N,N,N,N,N,N,N,A,N,N,N,N,N,N,N,N
COX6AH;COX6A2;COXVIAH,N,N,A,N,N,A,A,N,A,N,A,N,N,A,N,N,N,N,N,N,N,N,N,A,N,N,N,N,N,N,N,N
COXVIb1;COX6B1;COX6B;COXG,A,A,N,N,A,A,N,N,A,N,N,N,N,N,N,N,N,A,A,N,N,A,N,N,N,N,N,N,N,A,A,A
MT-CO1;MTCO1;COX1;COI,N,N,N,N,N,N,N,N,N,N,N,N,N,N,N,N,N,N,N,N,N,N,N,N,N,N,N,N,N,N,N,N
MT-CO2;COX2;MTCO2;COII,N,N,N,N,N,N,N,N,N,N,N,N,N,N,N,N,N,N,N,N,N,N,N,N,N,N,N,N,N,N,N,N
MT-CO3;MTCO3;COX3;COIII,N,N,N,N,N,N,N,N,N,N,N,N,N,N,N,N,N,N,N,N,N,N,N,N,N,N,N,N,N,N,N,N
VA;COX-VA;COX5A;COX,N,N,N,N,N,N,N,N,N,N,N,N,N,N,N,N,N,N,N,N,N,N,N,N,N,N,N,N,N,N,N,N
ATP6V0A3;ATP6N1C;a3;OC116;TCIRG1;Stv1;OPTB1;Vph1;TIRC7;Atp6i;OC-116kDa,N,D,D,D,D,D,D,D,D,N,D,D,D,D,D,N,D,N,D,D,D,N,D,N,D,D,N,N,N,D,D,D
ATP5H;ATPQ,N,N,N,N,N,N,N,N,N,N,N,N,N,N,N,N,N,N,N,N,N,N,N,N,N,N,N,N,N,N,N,N
ATP5JG;ATP5L,N,N,N,N,N,N,N,N,N,N,N,N,N,N,N,N,N,N,N,N,N,N,N,N,N,N,N,N,N,N,N,N
Vma10;ATP6V1G3;ATP6G3,A,A,N,A,N,N,N,A,A,N,A,A,N,N,A,A,A,N,A,N,N,A,A,N,N,A,N,N,N,N,A,N
ATP6V0E2L;C7orf32;ATP6V0E2,N,N,N,N,A,A,N,N,A,N,N,N,N,N,N,N,A,N,N,N,N,N,N,N,N,N,N,A,N,N,A,A
VPH1;TJ6M;STV1;RTF;TJ6;A2;WSS;ATP6A2;ATP6N1D;ATP6V0A2;TJ6S;ARCL;ARCL2A;J6B7,N,D,D,D,D,D,D,D,D,N,D,D,D,D,D,N,D,N,D,D,D,N,D,N,D,D,N,N,N,D,D,D
ATP6V0D2;ATP6D2;VMA6,A,A,A,N,N,N,N,A,A,N,N,A,N,N,A,N,A,N,N,N,A,N,A,A,N,A,A,N,N,A,A,A
ATP6C2;ATP6V1C2;VMA5,A,A,A,N,A,N,N,N,A,N,A,A,A,A,A,A,A,A,A,N,N,A,N,A,N,A,N,A,N,A,A,A
ATP6;RP;ATPase6;MT-ATP6;MTATP6,N,N,N,N,N,N,N,N,N,N,N,N,N,N,N,N,N,N,N,N,N,N,N,N,N,N,N,N,N,N,N,N
MTATP8;ATP8;ATPase8;MT-ATP8,N,N,N,N,N,N,N,N,N,N,N,N,N,N,N,N,N,N,N,N,N,N,N,N,N,N,N,N,N,N,N,N
ATP5A1;MC5DN4;hATP1;ATP5A;HEL-S-123m;OMR;COXPD22;ATP5AL2;ATPM;ORM;MOM2,N,N,N,N,N,N,N,N,N,N,N,N,N,N,N,N,N,N,N,N,N,N,N,N,N,N,N,N,N,N,N,N
ATPSB;ATP5B;HEL-S-271;ATPMB,N,N,N,N,N,N,N,N,N,N,N,N,N,N,N,N,N,N,N,N,N,N,N,N,N,N,N,N,N,N,N,N
VPH1;VPP2;ATP6N2;STV1;RDRTA2;ATP6V0A4;A4;RTA1C;ATP6N1B;RTADR,N,D,D,D,D,D,D,D,D,N,D,D,D,D,D,N,D,N,D,D,D,N,D,N,D,D,N,N,N,D,D,D
ATP5C;ATP5C1;ATP5CL1,N,N,N,N,N,N,N,N,N,N,N,N,N,N,N,N,N,N,N,N,N,N,N,N,N,N,N,N,N,N,N,N
ATP5D,N,N,N,N,N,N,N,N,N,N,N,N,N,N,N,N,N,N,N,N,N,N,N,N,N,N,N,N,N,N,N,N
ATP6V1D;ATP6M;VMA8;VATD,N,N,N,N,N,N,N,N,N,N,N,N,N,N,N,N,N,N,N,N,N,N,N,N,N,N,N,N,N,N,N,N
ATP5E;MC5DN3;ATPE,N,N,N,N,N,N,N,N,N,N,N,N,N,N,N,N,N,N,N,N,N,N,N,N,N,N,N,N,N,N,N,N
ATP5F1;PIG47,N,N,N,N,N,N,N,N,N,N,N,N,N,N,N,N,N,N,N,N,N,N,N,N,N,N,N,N,N,N,N,N
ATP5A;ATP5G1;ATP5G,N,N,N,N,N,N,N,N,N,N,N,N,N,N,N,N,N,N,N,N,N,N,N,N,N,N,N,N,N,N,N,N
ATP6V1H;MSTP042;VMA13;SFDalpha;SFD;SFDbeta;NBP1;CGI-11,A,A,A,A,A,A,A,N,N,N,A,N,A,A,A,A,A,A,N,N,A,A,A,N,A,A,N,A,A,A,A,A
ATP5A;ATP5G2,N,N,N,N,N,N,N,N,N,N,N,N,N,N,N,N,N,N,N,N,N,N,N,N,N,N,N,N,N,N,N,N
ATP5G3;P3,N,N,N,N,N,N,N,N,N,N,N,N,N,N,N,N,N,N,N,N,N,N,N,N,N,N,N,N,N,N,N,N
ATP5K;ATP5I,N,N,N,N,N,N,N,N,N,N,N,N,N,N,N,N,N,N,N,N,N,N,N,N,N,N,N,N,N,N,N,N
ATP5J;F6;ATP5A;CF6;ATPM;ATP5,N,N,N,N,N,N,N,N,N,N,N,N,N,N,N,N,N,N,N,N,N,N,N,N,N,N,N,N,N,N,N,N
Vma1;HO68;ATP6V1A;VA68;ATP6A1;ARCL2D;ATP6V1A1;VPP2,N,N,N,N,N,N,N,N,N,N,N,N,N,N,N,N,N,N,N,N,N,N,N,N,N,N,N,N,N,N,N,N
ATP6V1B1;VPP3;ATP6B1;VMA2;VATB;RTA1B,N,N,N,N,N,N,N,N,N,N,N,N,N,N,N,N,N,N,N,N,N,N,N,N,N,N,N,N,N,N,N,N
ZLS2;VPP3;DOOD;ATP6B1B2;ATP6V1B2;HO57;VATB;Vma2;ATP6B2,N,N,N,N,N,N,N,N,N,N,N,N,N,N,N,N,N,N,N,N,N,N,N,N,N,N,N,N,N,N,N,N
ATP6L;ATP6V0C;ATPL;VPPC;VATL;Vma3;ATP6C,D,D,N,D,D,D,D,D,D,N,D,D,D,D,D,D,D,D,D,N,D,D,N,N,D,N,D,D,N,N,D,D
ATP6D;VATC;Vma5;ATP6V1C1;ATP6C,A,A,A,N,A,N,N,N,A,N,A,A,A,A,A,A,A,A,A,N,N,A,N,A,N,A,N,A,N,A,A,A
ATP6E;Vma4;P31;ARCL2C;ATP6V1E;ATP6V1E1;ATP6E2,N,D,N,N,N,D,D,N,D,N,N,N,N,N,N,N,D,N,N,N,D,N,N,D,N,N,N,N,N,N,N,N
ATP6F;HATPL;VMA16;ATP6V0B,D,D,N,D,D,D,D,D,D,N,D,D,D,D,D,D,D,D,D,N,D,D,N,N,D,N,D,D,N,N,D,D
ATP6G;ATP6V1G2;ATP6G2;VMA10;NG38,A,A,N,A,N,N,N,A,A,N,A,A,N,N,A,A,A,N,A,N,N,A,A,N,N,A,N,N,N,N,A,N
VPP1;Stv1;Vph1;ATP6N1A;a1;ATP6V0A1;ATP6N1,N,D,D,D,D,D,D,D,D,N,D,D,D,D,D,N,D,N,D,D,D,N,D,N,D,D,N,N,N,D,D,D
ATP6S1;VATPS1;ATP6IP1;XAP-3;Ac45;CF2;ATP6AP1;16A;XAP3,N,N,N,N,N,N,N,N,N,N,N,N,N,N,N,N,N,N,N,N,N,N,N,N,N,N,N,N,N,N,N,N
ATPO;OSCP;HMC08D05;ATP5O,N,N,N,N,N,N,N,N,N,N,N,N,N,N,N,N,N,N,N,N,N,N,N,N,N,N,N,N,N,N,N,N
Vma21;ATP6H;Vma21p;M9.2;ATP6V0E;ATP6V0E1,N,N,N,N,A,A,N,N,A,N,N,N,N,N,N,N,A,N,N,N,N,N,N,N,N,N,N,A,N,N,A,A
ATP6E1;VMA4;ATP6V1EL2;ATP6V1E2;ATP6EL2,N,D,N,N,N,D,D,N,D,N,N,N,N,N,N,N,D,N,N,N,D,N,N,D,N,N,N,N,N,N,N,N
ATP6DV;VMA6;ATP6D;ATP6V0D1;P39;VPATPD;VATX,A,A,A,N,N,N,N,A,A,N,N,A,N,N,A,N,A,N,N,N,A,N,A,A,N,A,A,N,N,A,A,A
VATF;ATP6V1F;ATP6S14;Vma7,N,C,N,C,N,N,N,C,C,N,C,N,N,N,C,N,C,N,C,N,C,C,C,C,N,C,C,C,N,C,C,C
Vma10;ATP6G;ATP6J;ATP6V1G1;ATP6G1;ATP6GL,A,A,N,A,N,N,N,A,A,N,A,A,N,N,A,A,A,N,A,N,N,A,A,N,N,A,N,N,N,N,A,N
ATP5J2;ATP5JL,N,N,N,N,N,N,N,N,N,N,N,N,N,N,N,N,N,N,N,N,N,N,N,N,N,N,N,N,N,N,N,N
ATP1AL1;ATP12A;HK,N,N,B,B,B,B,B,B,B,N,B,B,N,B,B,B,B,B,B,B,B,N,N,B,N,B,N,B,B,N,B,B
ATP4A;ATP6A,N,N,B,B,B,B,B,B,B,N,B,B,N,B,B,B,B,B,B,B,B,N,B,B,N,B,N,B,B,N,B,B
ATP6B;ATP4B,N,N,N,N,N,N,N,N,N,N,N,N,N,N,N,N,N,N,N,N,N,N,N,N,N,N,N,N,N,N,N,N
SID6-306;PPA2;SCFI;HSPC124;SCFAI,N,N,N,N,N,N,N,N,N,N,N,N,N,N,N,N,N,N,N,N,N,N,N,N,N,N,N,N,N,N,N,N
IOPPP;PP;PP1;PPA1;SID6-8061;HEL-S-66p,N,N,N,N,N,N,N,N,N,N,N,N,N,N,N,N,N,N,N,N,N,N,N,N,N,N,N,N,N,N,N,N
HDHD2B;LHPP,A,A,A,A,A,A,A,A,A,N,A,A,A,A,A,N,A,A,A,A,A,A,A,A,A,A,A,A,A,A,A,A
SDHC;CYB560;QPS1;CYBL;PGL3;SDH3,N,N,N,N,N,N,N,N,N,N,N,N,N,N,N,N,N,N,N,N,N,N,N,N,N,N,N,N,N,N,N,N
QPs3;CWS3;SDH4;cybS;PGL;PGL1;SDHD;CBT1;CII-4,N,N,N,N,N,N,N,N,N,N,N,N,N,N,N,N,N,N,N,N,N,N,N,N,N,N,N,N,N,N,N,N
SDH1;SDH2;CMD1GG;PGL5;FP;SDHF;SDHA,N,N,N,N,N,B,N,N,N,N,B,N,N,N,N,N,B,N,N,N,N,N,N,N,N,N,N,N,B,N,N,N
SDHIP;SDH1;SDH2;SDHB;CWS2;SDH;IP;PGL4,N,N,N,N,N,N,N,N,N,N,N,N,N,N,N,N,N,N,N,N,N,N,N,N,N,N,N,N,N,N,N,N
COX10,N,C,N,N,C,C,N,C,N,N,N,N,N,N,N,N,N,N,N,N,N,N,N,C,N,C,N,C,C,N,N,N
