msh2,N,N,B,N,N,N,N,B,B,N,B,N,N,B,N,N,N,N,N,B,B,N,B,N,N,N,N,N,N,N,N,N
mlh3,N,N,N,N,N,N,N,B,B,N,B,B,N,N,B,N,B,N,N,B,N,B,B,B,N,B,N,B,N,N,B,N
mlh1,N,N,N,N,N,N,N,B,B,N,B,B,N,N,B,N,B,N,N,B,N,B,B,B,N,B,N,B,N,N,B,N
lig1,N,N,N,N,N,N,N,N,A,N,A,N,A,N,N,N,N,N,N,N,N,A,N,N,N,A,N,N,N,N,N,A
pcna,C,C,N,N,N,N,N,C,C,N,N,C,N,N,N,N,N,N,N,N,N,N,C,N,N,N,N,C,C,N,N,N
polD2,N,N,N,N,A,N,N,A,N,N,A,N,N,A,N,A,N,A,A,N,N,N,A,N,N,A,A,A,N,A,A,N
polD1,N,A,N,A,N,N,A,N,A,N,A,A,A,N,N,N,N,N,N,A,N,N,N,N,N,N,N,N,N,N,A,A
8,A,N,N,N,N,N,N,N,A,N,N,N,N,A,N,N,N,N,N,N,N,N,N,N,N,N,N,N,N,N,A,N
9,N,N,N,N,N,N,N,N,N,N,N,N,N,N,N,N,N,N,N,N,N,N,N,N,N,N,N,N,N,N,N,N
rfa1,N,N,D,N,N,N,D,D,D,N,D,N,D,D,N,N,N,N,N,N,N,N,D,D,N,N,N,N,D,D,D,D
msh6,N,N,B,N,N,N,N,B,B,N,B,N,N,B,N,N,N,N,N,B,B,N,B,N,N,N,N,N,N,N,N,N
exo1,N,N,C,C,C,N,N,C,C,N,C,C,C,C,N,N,C,N,C,C,N,N,C,N,N,C,N,C,N,N,C,N
msh3,N,N,B,N,N,N,N,B,B,N,B,N,N,B,N,N,N,N,N,B,B,N,B,N,N,N,N,N,N,N,N,N
pms1,N,N,N,N,N,N,N,B,B,N,B,B,N,N,B,N,B,N,N,B,N,B,B,B,N,B,N,B,N,N,B,N
rfc5,N,A,A,A,N,N,N,N,N,N,A,A,A,N,A,A,A,A,A,N,A,N,N,N,N,N,A,A,N,A,A,N
rfc1,N,A,A,A,N,N,N,N,N,N,A,A,A,N,A,A,A,A,A,N,A,N,N,N,N,N,A,A,N,A,A,N
rfc4,N,A,N,A,N,N,N,N,N,N,A,N,A,N,A,A,A,A,N,N,N,N,N,N,N,N,A,A,N,N,N,N
rfc2,N,A,A,A,N,N,N,N,N,N,A,A,N,N,A,A,A,N,A,N,A,N,N,N,N,N,A,N,N,A,A,N
rfc3,N,N,N,N,N,N,N,N,N,N,N,N,N,N,N,N,N,N,N,N,N,N,N,N,N,N,N,N,N,N,N,N
