HBEBP3;MEMRYQTL;HBEBP36;KIBRA;WWC1;PPP1R168,N,A,A,A,A,A,N,N,N,N,A,A,A,N,N,N,N,A,N,A,N,A,N,A,N,A,N,N,N,N,A,A
SCH;BANF;ACN;NF2,A,N,N,N,N,N,N,N,A,N,N,N,N,N,N,A,N,N,N,N,N,N,A,N,N,N,N,N,N,N,A,N
FRMD6;c14_5320;C14orf31;Willin;EX1,N,N,N,N,N,N,N,N,N,N,N,N,N,N,N,N,N,N,N,N,N,N,N,N,N,N,N,N,N,N,N,N
bA164L23.1;FRMD1,N,N,N,N,N,N,N,N,N,N,N,N,N,N,N,N,N,N,N,N,N,N,N,N,N,N,N,N,N,N,N,N
SAV;WWP4;WW45;SAV1,N,A,A,N,A,A,N,N,N,N,A,N,A,N,N,N,N,A,N,A,N,A,N,A,N,A,N,N,N,N,A,A
MST2;STK3;KRS1,D,D,D,D,D,D,D,D,D,N,D,D,D,D,D,D,D,D,D,D,D,D,D,D,D,D,D,D,D,D,D,D
COB1;YKI;YAP1;YAP2;YAP65;YAP,N,A,A,A,A,A,N,N,N,N,A,A,A,N,N,N,N,A,N,A,N,A,N,A,N,A,N,N,N,N,A,A
WWTR1;TAZ,N,N,A,N,A,N,N,N,N,N,A,N,N,N,N,N,N,A,N,A,N,A,N,A,N,A,N,N,N,N,A,A
KPM;LATS2,B,B,B,B,B,B,B,B,B,B,B,B,B,B,B,B,B,B,B,B,B,B,B,B,B,B,B,B,B,B,B,B
LATS1;WARTS;wts,B,B,B,B,B,B,B,B,B,B,B,B,B,B,B,B,B,B,B,B,B,B,B,B,B,B,B,B,B,B,B,B
LCA8;CRB1;RP12,N,A,N,A,N,A,N,A,A,N,A,A,A,A,N,A,A,A,N,N,A,A,A,A,N,A,N,N,N,N,A,A
FSGS9;VMCKD;CRB2,N,A,N,A,N,A,N,A,A,N,A,A,A,A,N,A,A,A,N,N,A,A,A,A,N,A,N,N,N,N,A,A
CTNNA1;MDPT2;CAP102,N,N,N,N,N,N,N,N,N,N,N,N,N,N,N,N,N,N,N,N,N,N,N,N,N,N,N,N,N,N,N,N
CAPR;CT114;CTNNA2;CAP-R;CTNR,N,N,N,N,N,N,N,N,N,N,N,N,N,N,N,N,N,N,N,N,N,N,N,N,N,N,N,N,N,N,N,N
CTNNA3;VR22;ARVD13,N,N,N,N,N,N,N,N,N,N,N,N,N,N,N,N,N,N,N,N,N,N,N,N,N,N,N,N,N,N,N,N
RASSF1A;RASSF1;123F2;NORE2A;RDA32;REH3P21,N,N,N,N,N,N,N,N,N,N,N,N,N,N,N,N,N,N,N,N,N,N,N,N,N,N,N,N,N,N,N,N
CCN2;IGFBP8;HCS24;NOV2;CTGF,N,N,N,N,N,N,N,N,N,N,N,N,N,N,N,N,N,N,N,N,N,N,N,N,N,N,N,N,N,N,N,N
BIRC5;EPR-1;API4,N,N,N,N,N,N,N,N,N,N,N,N,N,N,N,N,N,N,N,N,N,N,N,N,N,N,N,N,N,N,N,N
AREG;AREGB;SDGF;CRDGF;AR,N,N,N,N,N,N,N,N,N,N,N,N,N,N,N,N,N,N,N,N,N,N,N,N,N,N,N,N,N,N,N,N
PPP1A;PP-1A;PP1A;PPP1CA;PP1alpha,D,D,D,D,D,D,D,D,D,N,D,D,D,D,D,D,D,D,D,D,D,D,D,D,D,D,D,D,D,D,D,D
PP-1B;PPP1CB;PPP1CD;HEL-S-80p;PP1beta;PP1B;NSLH2,D,D,D,D,D,D,D,D,D,N,D,D,D,D,D,D,D,D,D,D,D,D,D,D,D,D,D,D,D,D,D,D
PP1C;PP-1G;PPP1CC;PPP1G,D,D,D,D,D,D,D,D,D,N,D,D,D,D,D,D,D,D,D,D,D,D,D,D,D,D,D,D,D,D,D,D
P53BP2;TP53BP2;BBP;53BP2;PPP1R13A;ASPP2,N,N,N,N,A,N,N,A,A,N,A,A,N,A,N,A,N,N,N,A,N,N,A,N,N,A,A,A,N,N,A,N
1C5;HS1;YWHAQ;14-3-3,A,A,A,A,A,N,A,A,A,N,A,N,A,A,A,A,A,N,A,N,A,A,A,A,A,A,A,A,N,N,A,A
YWHAB;YWHAA;GW128;KCIP-1;HEL-S-1;HS1,A,A,A,A,A,N,A,A,A,N,A,N,A,A,A,A,A,N,A,N,A,A,A,A,A,A,A,A,N,N,A,A
HEL2;14-3-3E;KCIP-1;YWHAE;MDS;MDCR,A,A,A,A,A,N,A,A,A,N,A,N,A,A,A,A,A,N,A,N,A,A,A,A,A,A,A,A,N,N,A,A
PPP1R170;YWHAG;14-3-3GAMMA,A,A,A,A,A,N,A,A,A,N,A,N,A,A,A,A,A,N,A,N,A,A,A,A,A,A,A,A,N,N,A,A
YWHAH;YWHA1,A,A,A,A,A,N,A,A,A,N,A,N,A,A,A,A,A,N,A,N,A,A,A,A,A,A,A,A,N,N,A,A
HEL-S-93;YWHAZ;14-3-3-zeta;KCIP-1;YWHAD;HEL4;HEL-S-3,A,A,A,A,A,N,A,A,A,N,A,N,A,A,A,A,A,N,A,N,A,A,A,A,A,A,A,A,N,N,A,A
MATS1;MOB1;C2orf6;Mob4B;MOBKL1B;MOB1A;MOBK1B,A,A,A,A,A,N,N,N,A,N,A,A,N,A,N,N,A,N,A,N,A,A,N,A,N,A,A,A,A,A,A,N
MOB4A;MATS2;MOBKL1A;MOB1B,A,A,A,A,A,N,N,N,A,N,A,A,N,A,N,N,A,N,A,N,A,A,N,A,N,A,A,A,A,A,A,N
AMOT,N,N,N,N,N,N,N,N,N,N,N,N,N,N,N,N,N,N,N,N,N,N,N,N,N,N,N,N,N,N,N,N
MPP5;PALS1,N,N,A,A,A,N,A,A,A,N,N,A,A,A,A,N,A,N,A,A,A,A,A,A,A,N,N,N,A,N,A,N
hINADL;Cipp;InaD-like;PATJ;INADL,N,N,N,N,N,N,N,N,N,N,N,N,N,N,N,N,N,N,N,N,N,N,N,N,N,N,N,N,N,N,N,N
CDH1;Arc-1;UVO;ECAD;CD324;LCAM;CDHE,A,A,A,A,N,N,N,A,N,N,N,A,A,N,A,N,A,N,A,N,A,A,N,N,A,A,A,A,A,N,A,N
LLGL2;LGL2;Hugl-2;HGL,N,N,N,N,N,N,N,N,N,N,N,N,N,N,N,N,N,N,N,N,N,N,N,N,N,N,N,N,N,N,N,N
Mgl1;HUGL1;LLGL1;LLGL;Lgl1;HUGL-1;DLG4;HUGL,N,N,N,N,N,N,N,N,N,N,N,N,N,N,N,N,N,N,N,N,N,N,N,N,N,N,N,N,N,N,N,N
SCRIB;SCRIB1;SCRB1;CRIB1;Vartul,B,B,B,B,B,B,N,B,B,N,B,B,B,B,B,N,N,B,B,N,B,B,B,B,B,B,N,B,N,B,B,B
hdlg;dJ1061C18.1.1;DLGH1;DLG1;SAP97;SAP-97,N,N,A,N,N,N,N,N,N,N,N,A,A,N,A,N,A,N,A,N,A,N,N,A,N,N,N,N,A,N,A,N
PPP1R58;PSD93;chapsyn-110;DLG2;PSD-93,N,N,A,N,N,N,N,N,N,N,N,A,A,N,A,N,A,N,A,N,A,N,N,A,N,N,N,N,A,N,A,N
PPP1R82;MRX;NEDLG;DLG3;MRX90;SAP102;XLMR,N,N,A,N,N,N,N,N,N,N,N,A,A,N,A,N,A,N,A,N,A,N,N,A,N,N,N,N,A,N,A,N
SAP90;DLG4;SAP-90;PSD95,N,N,A,N,N,N,N,N,N,N,N,A,A,N,A,N,A,N,A,N,A,N,N,A,N,N,N,N,A,N,A,N
TCF-13;NTEF-1;TEAD-1;TEF-1;AA;TEAD1;REF1;TCF13,N,N,N,N,N,N,N,N,N,N,N,N,N,N,N,N,N,N,N,N,N,N,N,N,N,N,N,N,N,N,N,N
TEAD4;TEF3;TEF-3;RTEF1;EFTR-2;hRTEF-1B;TEFR-1;TCF13L1,N,N,N,N,N,N,N,N,N,N,N,N,N,N,N,N,N,N,N,N,N,N,N,N,N,N,N,N,N,N,N,N
ETFR-1;TEF-5;TEAD5;TEF5;TEAD3;DTEF-1;TEAD-3,N,N,N,N,N,N,N,N,N,N,N,N,N,N,N,N,N,N,N,N,N,N,N,N,N,N,N,N,N,N,N,N
ETF;TEAD-2;TEAD2;TEF-4;TEF4,N,N,N,N,N,N,N,N,N,N,N,N,N,N,N,N,N,N,N,N,N,N,N,N,N,N,N,N,N,N,N,N
WTIP,A,A,A,N,N,N,N,N,A,N,A,A,N,A,A,N,N,N,A,N,A,A,A,A,A,A,A,A,A,A,A,A
AJUBA;JUB,A,A,A,N,N,N,N,N,A,N,A,A,N,A,A,N,N,N,A,N,A,A,A,A,A,A,A,A,A,A,A,A
LIMD1,A,A,A,N,N,N,N,N,A,N,A,A,N,A,A,N,N,N,A,N,A,A,A,A,A,A,A,A,A,A,A,A
PS1TP5BP1;BRWS1;ACTB,D,D,D,D,D,D,D,D,D,N,D,D,D,D,D,D,D,D,D,D,D,D,D,D,N,D,D,D,D,D,D,D
ACT;ACTG;DFNA20;ACTG1;DFNA26;HEL-176,D,D,D,D,D,D,D,D,D,N,D,D,D,D,D,D,D,D,D,D,D,D,D,D,N,D,D,D,D,D,D,D
PARD3;PARD3A;Baz;SE2-5T2;SE2-5L16;PARD-3;PPP1R118;SE2-5LT1;ASIP;PAR3;PAR3alpha,N,N,N,N,N,N,N,N,N,N,N,N,N,N,N,N,N,N,N,N,N,N,N,N,N,N,N,N,N,N,N,N
PAR6C;TAX40;PARD6A;PAR6;TIP-40;PAR-6A;PAR6alpha,N,N,N,A,A,N,A,A,A,N,N,N,N,A,A,N,N,N,N,A,A,A,A,N,A,N,N,N,N,N,A,N
PAR-6G;PAR6gamma;PARD6G,N,N,N,A,A,N,A,A,A,N,N,N,N,A,A,N,N,N,N,A,A,A,A,N,A,N,N,N,N,N,A,N
PARD6B;PAR6B,N,N,N,A,A,N,A,A,A,N,N,N,N,A,A,N,N,N,N,A,A,A,A,N,A,N,N,N,N,N,A,N
PRKCI;DXS1179E;PKCI;nPKC-iota,B,B,B,B,B,B,B,B,B,B,B,B,B,B,B,B,B,B,B,B,B,B,B,B,B,B,B,B,B,B,B,B
PRKCZ;PKC-ZETA;PKC2,B,B,B,B,B,B,B,B,B,B,B,B,B,B,B,B,B,B,B,B,B,B,B,B,B,B,B,B,B,B,B,B
P73;TP73,N,N,N,N,N,N,N,N,N,N,N,N,N,N,N,N,N,N,N,N,N,N,N,N,N,N,N,N,N,N,N,N
JV18-1;JV18;hSMAD2;SMAD2;MADR2;MADH2;hMAD-2,N,N,N,N,N,N,N,N,N,N,N,N,N,N,N,N,N,N,N,N,N,N,N,N,N,N,N,N,N,N,N,N
LDS3;LDS1C;JV15-2;MADH3;SMAD3;HSPC193;HsT17436,N,N,N,N,N,N,N,N,N,N,N,N,N,N,N,N,N,N,N,N,N,N,N,N,N,N,N,N,N,N,N,N
61,B,B,B,B,B,B,B,B,B,B,B,B,B,B,B,B,B,B,B,B,B,B,B,B,B,B,B,B,B,B,B,B
ASPS;CSNK1D;CKIdelta;HCKID;FASPS2,B,B,B,B,B,B,B,B,B,B,B,B,B,B,B,B,B,B,B,B,B,B,B,B,B,B,B,B,B,B,B,B
CSNK1E;HCKIE;CKIepsilon,B,B,B,B,B,B,B,B,B,B,B,B,B,B,B,B,B,B,B,B,B,B,B,B,B,B,B,B,B,B,B,B
FBXW11;Fbw11;BTRCP2;FBW1B;Hos;FBXW1B;BTRC2,A,A,A,A,A,A,A,A,A,A,A,A,A,A,A,A,A,A,A,A,A,A,A,A,A,A,A,A,A,A,A,A
betaTrCP;FBW1A;FWD1;FBXW1A;bTrCP1;FBXW1;BTRC;BETA-TRCP;bTrCP,A,A,A,A,A,A,A,A,A,A,A,A,A,A,A,A,A,A,A,A,A,A,A,A,A,A,A,A,A,A,A,A
LCAMB;LAD;LFA-1;CD18;MF17;MFI7;MAC-1;ITGB2,A,A,N,A,N,A,N,N,A,N,A,A,A,A,N,N,N,N,N,N,A,A,N,N,N,A,N,N,N,A,A,A
TGFB1;TGFbeta;DPD1;CED;LAP;TGFB,N,N,N,N,N,N,N,N,N,N,N,N,N,N,N,N,N,N,N,N,N,N,N,N,N,N,N,N,N,N,N,N
G-TSF;TGFB2;LDS4;TGF-beta2,N,N,N,N,N,N,N,N,N,N,N,N,N,N,N,N,N,N,N,N,N,N,N,N,N,N,N,N,N,N,N,N
RNHF;ARVD1;TGF-beta3;TGFB3;ARVD;LDS5,N,N,N,N,N,N,N,N,N,N,N,N,N,N,N,N,N,N,N,N,N,N,N,N,N,N,N,N,N,N,N,N
AAT5;ACVRLK4;LDS1;MSSE;LDS1A;SKR4;LDS2A;ESS1;tbetaR-I;ALK-5;TGFR-1;TGFBR1;ALK5,B,B,B,B,B,B,B,B,B,B,B,B,B,B,B,B,B,B,B,B,B,B,B,B,B,B,B,B,B,B,B,B
MFS2;TGFR-2;TGFbeta-RII;RIIC;LDS2B;FAA3;TAAD2;TGFBR2;AAT3;LDS2;LDS1B,B,B,B,B,B,B,B,B,B,N,B,B,B,B,B,B,B,B,B,B,B,B,B,B,B,B,B,B,B,B,B,B
SMAD4;MADH4;MYHRS;DPC4;JIP,N,N,N,N,N,N,N,N,N,N,N,N,N,N,N,N,N,N,N,N,N,N,N,N,N,N,N,N,N,N,N,N
MADH8;MADH7;SMAD7;CRCS3,N,N,N,N,N,N,N,N,N,N,N,N,N,N,N,N,N,N,N,N,N,N,N,N,N,N,N,N,N,N,N,N
PAI;SERPINE1;PAI1;PAI-1;PLANH1,N,N,A,A,N,N,N,N,A,N,N,N,N,N,N,N,N,N,N,N,N,N,A,N,N,N,N,N,N,N,A,N
WNT16,N,N,N,N,N,N,N,N,N,N,N,N,N,N,N,N,N,N,N,N,N,N,N,N,N,N,N,N,N,N,N,N
WNT-4;WNT4;SERKAL,N,N,N,N,N,N,N,N,N,N,N,N,N,N,N,N,N,N,N,N,N,N,N,N,N,N,N,N,N,N,N,N
INT1;OI15;WNT1;BMND16,N,N,N,N,N,N,N,N,N,N,N,N,N,N,N,N,N,N,N,N,N,N,N,N,N,N,N,N,N,N,N,N
INT1L1;IRP;WNT2,N,N,N,N,N,N,N,N,N,N,N,N,N,N,N,N,N,N,N,N,N,N,N,N,N,N,N,N,N,N,N,N
TETAMS;WNT3;INT4,N,N,N,N,N,N,N,N,N,N,N,N,N,N,N,N,N,N,N,N,N,N,N,N,N,N,N,N,N,N,N,N
WNT5A;hWNT5A,N,N,N,N,N,N,N,N,N,N,N,N,N,N,N,N,N,N,N,N,N,N,N,N,N,N,N,N,N,N,N,N
WNT6,N,N,N,N,N,N,N,N,N,N,N,N,N,N,N,N,N,N,N,N,N,N,N,N,N,N,N,N,N,N,N,N
WNT7A,N,N,N,N,N,N,N,N,N,N,N,N,N,N,N,N,N,N,N,N,N,N,N,N,N,N,N,N,N,N,N,N
WNT7B,N,N,N,N,N,N,N,N,N,N,N,N,N,N,N,N,N,N,N,N,N,N,N,N,N,N,N,N,N,N,N,N
WNT8A;WNT8D,N,N,N,N,N,N,N,N,N,N,N,N,N,N,N,N,N,N,N,N,N,N,N,N,N,N,N,N,N,N,N,N
WNT8B,N,N,N,N,N,N,N,N,N,N,N,N,N,N,N,N,N,N,N,N,N,N,N,N,N,N,N,N,N,N,N,N
WNT-12;STHAG8;SHFM6;WNT10B,N,N,N,N,N,N,N,N,N,N,N,N,N,N,N,N,N,N,N,N,N,N,N,N,N,N,N,N,N,N,N,N
WNT11;HWNT11,N,N,N,N,N,N,N,N,N,N,N,N,N,N,N,N,N,N,N,N,N,N,N,N,N,N,N,N,N,N,N,N
WNT2B;WNT13,N,N,N,N,N,N,N,N,N,N,N,N,N,N,N,N,N,N,N,N,N,N,N,N,N,N,N,N,N,N,N,N
WNT14;WNT9A,N,N,N,N,N,N,N,N,N,N,N,N,N,N,N,N,N,N,N,N,N,N,N,N,N,N,N,N,N,N,N,N
WNT9B;WNT15;WNT14B,N,N,N,N,N,N,N,N,N,N,N,N,N,N,N,N,N,N,N,N,N,N,N,N,N,N,N,N,N,N,N,N
WNT10A;STHAG4;SSPS;OODD,N,N,N,N,N,N,N,N,N,N,N,N,N,N,N,N,N,N,N,N,N,N,N,N,N,N,N,N,N,N,N,N
WNT5B,N,N,N,N,N,N,N,N,N,N,N,N,N,N,N,N,N,N,N,N,N,N,N,N,N,N,N,N,N,N,N,N
WNT3A,N,N,N,N,N,N,N,N,N,N,N,N,N,N,N,N,N,N,N,N,N,N,N,N,N,N,N,N,N,N,N,N
FzE7;FZD10;Fz10;FZ-10;CD350;hFz10,N,N,N,N,N,N,N,N,N,N,N,N,N,N,N,N,N,N,N,N,N,N,N,N,N,N,N,N,N,N,N,N
Fz2;fzE2;fz-2;FZD2;hFz2,N,N,N,N,N,N,N,N,N,N,N,N,N,N,N,N,N,N,N,N,N,N,N,N,N,N,N,N,N,N,N,N
FZD5;HFZ5;C2orf31,N,N,N,N,N,N,N,N,N,N,N,N,N,N,N,N,N,N,N,N,N,N,N,N,N,N,N,N,N,N,N,N
FZD3;Fz-3,N,N,N,N,N,N,N,N,N,N,N,N,N,N,N,N,N,N,N,N,N,N,N,N,N,N,N,N,N,N,N,N
FZD1,N,N,N,N,N,N,N,N,N,N,N,N,N,N,N,N,N,N,N,N,N,N,N,N,N,N,N,N,N,N,N,N
GPCR;FZD4S;FEVR;FZD4;FzE4;Fz-4;hFz4;EVR1;Fz4;CD344,N,N,N,N,N,N,N,N,N,N,N,N,N,N,N,N,N,N,N,N,N,N,N,N,N,N,N,N,N,N,N,N
NDNC10;FZ-6;FZ6;FZD6;HFZ6,N,N,N,N,N,N,N,N,N,N,N,N,N,N,N,N,N,N,N,N,N,N,N,N,N,N,N,N,N,N,N,N
FzE3;FZD7,N,N,N,N,N,N,N,N,N,N,N,N,N,N,N,N,N,N,N,N,N,N,N,N,N,N,N,N,N,N,N,N
FZ-8;FZD8;hFZ8,N,N,N,N,N,N,N,N,N,N,N,N,N,N,N,N,N,N,N,N,N,N,N,N,N,N,N,N,N,N,N,N
FZD3;FZD9;CD349,N,N,N,N,N,N,N,N,N,N,N,N,N,N,N,N,N,N,N,N,N,N,N,N,N,N,N,N,N,N,N,N
DRS2;DVL;DVL1P1;DVL1L1;DVL1,A,A,A,N,N,N,N,A,N,N,N,N,N,N,N,A,A,N,N,N,A,N,N,N,N,N,N,N,N,N,A,N
DVL2,A,A,A,N,N,N,N,A,N,N,A,N,A,A,A,A,A,N,N,N,A,A,A,N,N,N,N,N,N,N,A,A
DRS3;DVL3,A,A,A,N,N,N,N,A,N,N,A,N,A,A,A,A,A,N,N,N,A,A,A,N,N,N,N,N,N,N,A,A
GSK3B,D,D,D,D,D,D,D,D,D,D,D,D,D,D,D,D,D,D,D,D,D,D,D,D,D,D,D,D,D,D,D,D
EVR7;armadillo;CTNNB;CTNNB1;MRD19,A,A,A,A,A,A,A,A,A,N,A,A,A,A,A,A,A,A,A,A,A,A,A,A,A,A,A,A,A,A,A,A
APCL;APC2,A,N,A,N,N,N,N,A,A,N,A,N,A,N,N,N,N,N,N,N,A,A,N,A,N,N,A,N,N,A,A,A
PPP1R46;APC;GS;DP3;BTPS2;DP2.5;DP2,A,A,A,N,A,A,N,A,A,N,A,A,A,A,A,A,A,A,A,A,A,A,A,A,A,A,A,A,A,A,A,A
AXIN;AXIN1;PPP1R49,N,N,N,N,N,N,N,N,N,N,N,N,N,N,N,N,N,N,N,N,N,N,N,N,N,N,N,N,N,N,N,N
AXIL;AXIN2;ODCRCS,N,N,N,N,N,N,N,N,N,N,N,N,N,N,N,N,N,N,N,N,N,N,N,N,N,N,N,N,N,N,N,N
LEF-1;TCF1ALPHA;TCF10;LEF1;TCF7L3,A,A,A,N,N,N,N,A,A,N,A,A,A,A,A,A,A,A,A,A,A,A,A,A,A,A,A,A,A,A,A,A
TCF7;TCF-1,A,A,A,N,N,N,N,A,A,N,A,A,A,A,A,A,A,A,A,A,A,A,A,A,A,A,A,A,A,A,A,A
TCF-4;TCF7L2;TCF4,A,A,A,N,N,N,N,A,A,N,A,A,A,A,A,A,A,A,A,A,A,A,A,A,A,A,A,A,A,A,A,A
TCF-3;TCF7L1;TCF3,A,A,A,N,N,N,N,A,A,N,A,A,A,A,A,A,A,A,A,A,A,A,A,A,A,A,A,A,A,A,A,A
Naked1;NKD1,N,N,N,N,N,N,N,N,N,N,N,N,N,N,N,N,N,N,N,N,N,N,N,N,N,N,N,N,N,N,N,N
MYC;MYCC;bHLHe39;MRTL;c-Myc,N,N,N,N,N,N,N,N,N,N,N,N,N,N,N,N,N,N,N,N,N,N,N,N,N,N,N,N,N,N,N,N
U21B31;D11S287E;PRAD1;CCND1;BCL1,A,A,A,A,A,A,N,A,A,N,A,A,A,A,A,A,A,A,N,A,A,A,A,A,A,A,A,A,A,A,A,A
MPPH3;CCND2;KIAK0002,A,A,A,A,A,A,N,A,A,N,A,A,A,A,A,A,A,A,N,A,A,A,A,A,A,A,A,A,A,A,A,A
CCND3,A,A,A,A,A,A,N,A,A,N,A,A,A,A,A,A,A,A,N,A,A,A,A,A,A,A,A,A,A,A,A,A
ANOP3;MCOPS3;SOX2,A,A,A,N,N,N,N,A,A,N,A,A,A,A,A,A,A,A,A,A,A,A,A,A,A,A,A,A,A,A,A,A
SLUG;SLUGH;WS2D;SNAI2;SNAIL2;SLUGH1,N,N,N,N,N,N,N,N,N,N,N,N,N,N,N,N,N,N,N,N,N,N,N,N,N,N,N,N,N,N,N,N
BIRC2;API1;c-IAP1;RNF48;cIAP1;Hiap-2;HIAP2;MIHB,A,A,A,A,A,N,A,A,A,N,A,A,A,A,A,A,A,A,A,A,A,A,A,A,N,A,N,N,N,A,A,A
BMP12;GDF7,N,N,N,N,N,N,N,N,N,N,N,N,N,N,N,N,N,N,N,N,N,N,N,N,N,N,N,N,N,N,N,N
MIF;AMH;MIS,N,N,N,N,N,N,N,N,N,N,N,N,N,N,N,N,N,N,N,N,N,N,N,N,N,N,N,N,N,N,N,N
BMP8A,N,N,N,N,N,N,N,N,N,N,N,N,N,N,N,N,N,N,N,N,N,N,N,N,N,N,N,N,N,N,N,N
GDF6;KFS1;CDMP2;KFM;KFSL;KFS;BMP13;SGM1;BMP-13,N,N,N,N,N,N,N,N,N,N,N,N,N,N,N,N,N,N,N,N,N,N,N,N,N,N,N,N,N,N,N,N
BMP2A;BMP2;BDA2,N,N,N,N,N,N,N,N,N,N,N,N,N,N,N,N,N,N,N,N,N,N,N,N,N,N,N,N,N,N,N,N
ZYME;BMP2B1;BMP4;MCOPS6;BMP2B;OFC11,N,N,N,N,N,N,N,N,N,N,N,N,N,N,N,N,N,N,N,N,N,N,N,N,N,N,N,N,N,N,N,N
BMP5,N,N,N,N,N,N,N,N,N,N,N,N,N,N,N,N,N,N,N,N,N,N,N,N,N,N,N,N,N,N,N,N
BMP6;VGR1;VGR,N,N,N,N,N,N,N,N,N,N,N,N,N,N,N,N,N,N,N,N,N,N,N,N,N,N,N,N,N,N,N,N
OP-1;BMP7,N,N,N,N,N,N,N,N,N,N,N,N,N,N,N,N,N,N,N,N,N,N,N,N,N,N,N,N,N,N,N,N
OP2;BMP8B;BMP8,N,N,N,N,N,N,N,N,N,N,N,N,N,N,N,N,N,N,N,N,N,N,N,N,N,N,N,N,N,N,N,N
OS5;BDA1C;GDF5;BMP-14;CDMP1;LAP-4;SYM1B;SYNS2;BMP14;LAP4,N,N,N,N,N,N,N,N,N,N,N,N,N,N,N,N,N,N,N,N,N,N,N,N,N,N,N,N,N,N,N,N
CD292;SKR5;ALK3;BMPR1A;ACVRLK3;10q23del,B,B,B,B,B,B,B,B,B,B,B,B,B,B,B,B,B,B,B,B,B,B,B,B,B,B,B,B,B,B,B,B
BDA1D;ALK-6;CDw293;AMDD;ALK6;BDA2;BMPR1B,D,D,D,D,D,D,D,D,D,D,D,D,D,D,D,D,D,D,D,D,D,D,D,D,D,D,D,D,D,D,D,D
BMPR2;PPH1;BMPR3;T-ALK;BRK-3;POVD1;BMR2;BMPR-II,B,B,B,B,B,B,B,B,B,B,B,B,B,B,B,B,B,B,B,B,B,B,B,B,B,B,B,B,B,B,B,B
MADR1;BSP-1;BSP1;SMAD1;MADH1;JV4-1;JV41,N,N,N,N,N,N,N,N,N,N,N,N,N,N,N,N,N,N,N,N,N,N,N,N,N,N,N,N,N,N,N,N
bHLHb24;ID1;ID,N,N,N,N,N,N,N,N,N,N,N,N,N,N,N,N,N,N,N,N,N,N,N,N,N,N,N,N,N,N,N,N
GIG8;ID2;ID2H;bHLHb26;ID2A,N,N,N,N,N,N,N,N,N,N,N,N,N,N,N,N,N,N,N,N,N,N,N,N,N,N,N,N,N,N,N,N
BBC3;PUMA;JFY1;JFY-1,N,N,N,N,N,N,N,N,N,N,N,N,N,N,N,N,N,N,N,N,N,N,N,N,N,N,N,N,N,N,N,N
PPP2CA;PP2Calpha;PP2CA;PP2Ac;RP-C,D,D,D,D,D,D,D,D,D,N,D,D,D,D,D,D,D,D,D,D,D,D,D,D,D,D,D,D,D,D,D,D
PPP2CB;PP2Abeta;PP2CB,D,D,D,D,D,D,D,D,D,N,D,D,D,D,D,D,D,D,D,D,D,D,D,D,D,D,D,D,D,D,D,D
PP2AAALPHA;PR65A;PPP2R1A;PP2AA;MRD36;PP2A-Aalpha,N,N,A,A,A,A,A,N,A,N,A,N,A,N,N,N,A,N,N,A,A,A,N,N,N,A,A,A,N,N,A,N
PR65B;PP2A-Abeta;PPP2R1B,N,N,A,A,A,A,A,N,A,N,A,N,A,N,N,N,A,N,N,A,A,A,N,N,N,A,A,A,N,N,A,N
PR55alpha;B55A;PR52A;PR55A;PPP2R2A;B55ALPHA,N,A,N,A,A,A,N,N,N,N,N,N,N,A,N,N,N,N,N,A,N,N,A,N,N,A,N,N,N,N,A,N
PR2AB55BETA;PP2APR55B;PR2APR55BETA;PR55BETA;PR2ABBETA;PP2APR55BETA;PP2ABBETA;PP2AB55BETA;PR55-BETA;SCA12;B55BETA;PR52B;PPP2R2B,N,A,N,A,A,A,N,N,N,N,N,N,N,A,N,N,N,N,N,A,N,N,A,N,N,A,N,N,N,N,A,N
B55gamma;PR52;IMYPNO1;IMYPNO;PR55G;B55-GAMMA;PPP2R2C,N,A,N,A,A,A,N,N,N,N,N,N,N,A,N,N,N,N,N,A,N,N,A,N,N,A,N,N,N,N,A,N
MDS026;PPP2R2D;B55delta;B55D,N,A,N,A,A,A,N,N,N,N,N,N,N,A,N,N,N,N,N,A,N,N,A,N,N,A,N,N,N,N,A,N
RASSF6,N,N,N,N,N,N,N,N,N,N,N,N,N,N,N,N,N,N,N,N,N,N,N,N,N,N,N,N,N,N,N,N
GLI2;HPE9;PHS2;CJS;THP2;THP1,N,N,N,N,N,N,N,N,N,N,N,N,N,N,N,N,N,N,N,N,N,N,N,N,N,N,N,N,N,N,N,N
FETA;HPAFP;AFP;AFPD,N,N,N,N,N,N,N,N,N,N,N,N,N,N,N,N,N,N,N,N,N,N,N,N,N,N,N,N,N,N,N,N
GLIO703;FGFA;HBGF1;ECGFB;FGF-1;FGF1;FGF-alpha;ECGFA;ECGF;HBGF-1;ECGF-beta;AFGF,N,N,N,N,N,N,N,N,N,N,N,N,N,N,N,N,N,N,N,N,N,N,N,N,N,N,N,N,N,N,N,N
