HRIHFB2115;ARX;SAE2;UBA2,A,A,A,N,N,A,N,A,N,N,A,N,N,N,N,N,A,N,A,A,N,A,N,A,N,N,N,A,N,A,A,A
SAE1;HSPC140;UBLE1A;SUA1;AOS1,A,A,A,N,N,A,N,A,N,N,A,N,N,N,N,N,A,N,A,A,N,A,N,A,N,N,N,A,N,A,A,A
SIII;TCEB1;ELOC,A,A,A,N,N,N,N,A,A,N,N,A,N,A,N,N,A,N,N,A,N,A,A,N,A,A,N,N,A,N,N,N
ELOB;SIII;TCEB2,N,N,N,N,N,N,N,N,N,N,N,N,N,N,N,N,N,N,N,N,N,N,N,N,N,N,N,N,N,N,N,N
RNF75;RBX1;BA554C12.1;ROC1,A,A,A,A,A,N,A,N,A,N,A,A,A,N,A,A,A,A,A,A,A,A,A,A,A,A,N,A,N,A,A,A
FBXW11;Fbw11;BTRCP2;FBW1B;Hos;FBXW1B;BTRC2,A,A,A,A,A,A,A,A,A,A,A,A,A,A,A,A,A,A,A,A,A,A,A,A,A,A,A,A,A,A,A,A
NFB42;OCP1;FBX2;FBG1;Fbs1;FBXO2,A,A,N,N,N,N,A,N,N,N,A,N,N,A,N,N,N,A,N,N,A,N,A,N,N,N,N,N,N,N,N,N
FBX4;FBXO4,N,N,N,N,N,N,N,N,N,N,N,N,N,N,N,N,N,N,N,N,N,N,N,N,N,N,N,N,N,N,N,N
FBW7;FBXO30;AGO;SEL-10;hAgo;FBXW7;hCdc4;FBX30;FBW6;SEL10;CDC4;FBXW6,A,A,A,A,A,A,A,A,A,A,A,A,A,A,A,A,A,A,A,A,A,A,A,A,A,A,A,A,A,A,A,A
p45;FBL1;FLB1;FBXL1;SKP2,A,N,A,N,N,N,N,N,A,N,A,N,N,N,A,N,A,N,N,A,A,A,N,A,N,N,N,A,N,N,N,N
betaTrCP;FBW1A;FWD1;FBXW1A;bTrCP1;FBXW1;BTRC;BETA-TRCP;bTrCP,A,A,A,A,A,A,A,A,A,A,A,A,A,A,A,A,A,A,A,A,A,A,A,A,A,A,A,A,A,A,A,A
DBC2;RHOBTB2,C,C,C,C,C,C,C,C,C,N,C,C,C,C,C,C,C,C,C,C,C,C,C,C,C,C,C,C,C,C,C,C
KLHL9,A,A,A,A,A,N,A,A,A,N,A,N,A,A,A,A,A,A,A,A,A,A,A,A,N,A,N,A,A,N,A,A
KIAA1309;KLHL13;BKLHD2,A,A,A,A,A,N,A,A,A,N,A,N,A,A,A,A,A,A,A,N,A,A,A,A,N,A,N,A,A,N,A,N
KEAP1;INrf2;KLHL19,A,A,A,N,N,A,A,A,A,N,A,A,N,A,N,N,A,A,A,A,A,N,A,A,N,A,N,N,N,N,A,N
RHOBTB1,C,C,C,C,C,C,C,C,C,N,C,C,C,C,C,C,C,C,C,C,C,C,C,C,C,C,C,C,C,C,C,C
CKN1;ERCC8;CSA;UVSS2,A,A,A,A,A,A,A,A,A,A,A,A,A,A,A,A,A,A,A,A,A,A,A,A,A,A,A,A,A,A,A,A
UV-DDB2;DDB2;XPE;DDBB,A,N,N,N,N,N,A,N,N,N,A,N,N,A,N,A,N,N,N,N,N,N,A,A,N,A,N,A,N,N,N,A
DET1,N,N,N,N,N,N,N,N,N,N,N,N,N,N,N,N,N,N,N,N,N,N,N,N,N,N,N,N,N,N,N,N
RFWD2;COP1;RNF200,A,A,A,A,A,A,A,A,A,N,A,A,A,A,A,A,A,A,A,A,A,A,A,A,A,A,A,A,A,A,A,A
TIP3;CIS1;SSI-1;TIP-3;JAB;SOCS1;CISH1;SSI1;SOCS-1,N,N,N,N,N,N,N,N,N,N,N,N,N,N,N,N,N,N,N,N,N,N,N,N,N,N,N,N,N,N,N,N
SSI-3;CIS3;ATOD4;SOCS3;Cish3;SOCS-3;SSI3,N,N,N,N,N,N,N,N,N,N,N,N,N,N,N,N,N,N,N,N,N,N,N,N,N,N,N,N,N,N,N,N
HRCA1;VHL1;pVHL;RCA1;VHL,N,N,N,N,N,N,N,N,N,N,N,N,N,N,N,N,N,N,N,N,N,N,N,N,N,N,N,N,N,N,N,N
HERC4,A,A,A,A,A,A,A,A,A,N,A,A,A,A,A,A,A,A,A,A,A,A,A,A,N,A,A,A,A,A,A,A
HERC3,A,A,A,A,A,A,A,A,A,N,A,A,A,A,A,A,A,A,A,A,A,A,A,A,N,A,N,A,A,A,A,A
UBC-16;UBC16;UBE2W,A,A,A,A,A,A,A,A,A,A,A,A,A,A,A,A,A,A,A,A,A,A,A,A,A,A,A,A,A,A,A,A
NCE2;UBE2F,A,A,A,A,A,A,A,A,A,A,A,A,A,A,A,A,A,A,A,A,A,A,A,A,A,A,A,A,A,A,A,A
hUBA3;UBA3;UBE1C;NAE2,A,A,A,N,N,A,N,A,N,N,A,N,N,N,N,N,A,N,A,A,N,A,N,A,N,N,N,A,N,A,A,A
APC12;ANAPC12;CDC26;C9orf17,N,N,N,N,N,N,N,N,N,N,N,N,N,N,N,N,N,N,N,N,N,N,N,N,N,N,N,N,N,N,N,N
DOC1;ANAPC10;APC10,N,N,A,N,N,N,N,N,N,N,A,N,N,A,A,N,N,A,A,N,N,N,A,N,N,N,N,N,N,N,A,N
APC8;CUT23;CDC23;ANAPC8,N,A,N,N,N,N,N,A,N,N,A,N,N,N,N,N,N,N,N,A,N,A,N,N,A,N,N,N,N,A,N,N
ANAPC6;CUT9;CDC16Hs;CDC16;APC6,N,A,N,N,N,N,N,A,N,N,A,N,N,N,N,N,N,N,N,A,N,A,N,N,A,N,N,N,N,A,N,N
ANAPC7;APC7,N,N,N,N,N,N,N,N,N,N,N,N,N,N,N,N,N,N,N,N,N,N,N,N,N,N,N,N,N,N,N,N
APC5;ANAPC5,N,N,A,N,N,N,A,N,A,N,N,N,N,A,A,N,N,A,N,A,N,N,A,N,N,A,N,N,N,N,A,N
ANAPC4;APC4,N,N,N,N,N,N,N,N,N,N,N,N,N,N,N,N,N,N,N,N,N,N,N,N,N,N,N,N,N,N,N,N
CDC27;H-NUC;HNUC;D17S978E;NUC2;CDC27Hs;ANAPC3;D0S1430E;APC3,N,A,N,N,N,N,N,A,N,N,A,N,N,N,N,N,N,N,N,A,N,A,N,N,A,N,N,N,N,A,N,N
ANAPC1;APC1;TSG24;MCPR,N,N,A,N,N,N,N,A,N,N,N,N,A,N,N,N,A,N,N,N,N,N,A,N,N,N,N,N,N,N,N,N
CDH1;FZR1;HCDH1;CDC20C;FZR;FZR2;HCDH,A,A,A,A,A,A,A,A,A,N,A,A,A,A,A,A,A,A,A,A,A,A,A,A,A,A,A,A,A,A,A,A
bA276H19.3;p55CDC;CDC20A;CDC20,A,A,A,A,A,A,A,A,A,A,A,A,A,A,A,A,A,A,A,A,A,A,A,A,A,A,N,A,A,A,A,A
ANAPC2;APC2,A,A,N,N,A,A,N,A,A,N,A,A,N,A,A,N,A,A,A,A,A,N,A,A,N,A,N,A,N,N,A,A
HSPC214;APC11;Apc11p;ANAPC11,A,A,A,A,A,N,A,N,A,N,A,A,A,N,A,A,A,A,A,A,A,A,A,A,A,A,N,A,N,A,A,A
FBXW8;FBW8;FBXO29;FBW6;FBX29;FBXW6,A,A,A,N,N,N,N,N,A,N,A,A,A,N,N,N,N,N,N,N,A,N,A,A,A,A,N,N,N,N,A,N
PHA2E;CUL-3;CUL3,A,A,A,N,A,A,A,A,A,N,A,A,A,A,A,A,A,A,A,A,A,N,A,A,N,A,N,A,N,N,A,A
CUL2,A,A,A,N,A,A,A,A,A,N,A,A,A,A,A,A,A,A,A,A,A,N,A,A,N,A,N,A,N,N,A,A
OCP-II;TCEB1L;EMC19;OCP2;SKP1A;SKP1;p19A,A,A,A,N,A,N,N,A,A,N,A,A,N,A,N,N,A,A,N,A,N,A,A,N,A,A,N,N,A,A,N,N
CUL1,A,A,A,N,A,A,A,A,A,N,A,A,A,A,A,A,A,A,A,A,A,N,A,A,N,A,N,A,N,N,A,A
CUL7;3M1;CUL-7;dJ20C7.5;KIAA0076,N,A,A,N,N,N,N,N,A,N,A,A,N,A,A,N,N,A,A,N,A,N,A,N,N,N,N,N,N,N,A,N
CUL5;VACM-1;VACM1;CUL-5,A,A,A,N,A,A,A,A,A,N,A,A,A,A,A,A,A,A,A,A,A,N,A,A,N,A,N,A,N,N,A,A
ROC2;RNF7;CKBBP1;SAG,A,A,A,A,A,N,A,N,A,N,A,A,A,N,A,A,A,A,A,A,A,A,A,A,A,A,N,A,N,A,A,A
DDB1;XPCE;UV-DDB1;XPE;XPE-BF;XAP1;DDBA,A,A,A,N,N,A,N,N,A,A,A,A,N,A,A,A,A,A,A,A,N,N,A,A,N,A,A,A,A,N,A,N
MRXSC;SFM2;MRXS15;CUL4B;CUL-4B;MRXHF2,A,A,A,N,A,A,A,A,A,N,A,A,A,A,A,A,A,A,A,A,A,N,A,A,N,A,N,A,N,N,A,A
CUL4A,A,A,A,N,A,A,A,A,A,N,A,A,A,A,A,A,A,A,A,A,A,N,A,A,N,A,N,A,N,N,A,A
TEF3;POB1;TRIM37;MUL,A,A,A,A,A,A,N,A,A,N,A,A,N,A,A,A,A,A,A,A,A,A,A,A,A,A,N,A,A,A,A,A
TRIM32;LGMD2H;BBS11;TATIP;HT2A,A,A,N,A,N,A,N,A,N,N,A,A,N,A,A,A,A,N,A,A,A,N,A,N,A,A,N,N,N,A,A,A
TRIM18;OSX;OS;XPRF;ZNFXY;FXY;BBBG1;MIDIN;RNF59;OGS1;GBBB1;MID1,A,A,A,A,A,A,N,A,A,N,A,A,N,A,A,A,A,A,A,A,A,A,A,A,A,A,N,A,A,A,A,A
POG;FANCL;FAAP43;PHF9,N,A,N,N,N,N,A,N,A,N,N,A,N,N,N,N,N,N,N,A,N,A,A,A,N,N,N,A,N,N,A,N
BRCAI;PSCP;BROVCA1;BRCA1;PNCA4;IRIS;FANCS;PPP1R53;RNF53;BRCC1,B,B,B,B,B,B,B,B,B,N,B,B,N,B,B,B,B,B,B,B,B,B,B,B,B,B,B,B,B,B,B,B
RNF156;MGRN1,A,A,A,A,A,N,N,A,A,N,A,A,A,A,A,A,A,A,A,N,A,A,A,A,N,A,A,N,N,A,A,N
APSI;APS1;AIRE1;PGA1;AIRE;APECED,A,A,A,A,A,A,A,A,A,N,A,A,A,A,A,A,A,A,A,A,A,A,A,A,A,A,A,A,A,A,A,A
MALIN;EPM2B;NHLRC1;EPM2A;bA204B7.2,N,N,N,N,N,N,N,N,N,N,N,N,N,N,N,N,N,N,N,N,N,N,N,N,N,N,N,N,N,N,N,N
DER3;SYVN1;HRD1,A,A,A,A,A,A,A,A,A,N,A,A,N,A,A,A,A,A,A,A,A,A,A,A,A,A,A,A,A,A,A,A
PIAS3;ZMIZ5,N,A,A,A,A,N,A,N,A,N,A,A,N,N,A,N,A,A,A,N,A,A,N,A,A,A,A,N,A,N,A,N
ZMIZ6;PIAS-gamma;Piasg;PIASY;PIAS4,N,A,A,A,A,N,A,N,A,N,A,A,N,N,A,N,A,A,A,N,A,A,N,A,A,A,A,N,A,N,A,N
GU/RH-II;PIAS1;GBP;ZMIZ3;DDXBP1,N,A,A,A,A,N,A,N,A,N,A,A,N,N,A,N,A,A,A,N,A,A,N,A,A,A,A,N,A,N,A,N
SIZ2;ZMIZ4;PIAS2;ARIP3;PIASX;MIZ1;DIP,N,A,A,A,A,N,A,N,A,N,A,A,N,N,A,N,A,A,A,N,A,A,N,A,A,A,A,N,A,N,A,N
ILP-2;hILP2;BIRC8;ILP2,A,A,A,A,A,N,A,A,A,N,A,A,A,A,A,A,A,A,A,A,A,A,A,A,N,A,A,N,N,A,A,A
BIRC2;API1;c-IAP1;RNF48;cIAP1;Hiap-2;HIAP2;MIHB,A,A,A,A,A,N,A,A,A,N,A,A,A,A,A,A,A,A,A,A,A,A,A,A,N,A,N,N,N,A,A,A
HAIP1;BIRC3;API2;MALT2;MIHC;CIAP2;c-IAP2;RNF49;HIAP1;AIP1,A,A,A,A,A,N,A,A,A,N,A,A,A,A,A,A,A,A,A,A,A,A,A,A,N,A,N,A,N,A,A,A
BIRC4;XIAP;hIAP-3;XLP2;API3;IAP-3;ILP1;hIAP3;MIHA,A,A,A,A,A,N,A,A,A,N,A,A,A,N,A,A,A,A,A,A,A,A,A,A,N,A,A,N,N,A,A,A
BIRC7;KIAP;MLIAP;LIVIN;RNF50;ML-IAP,A,N,A,A,A,N,N,A,A,N,A,A,A,N,A,A,A,A,N,A,A,A,A,N,N,A,N,N,N,N,A,A
PRO1996;CHIMP;RNF199;ZCHY;ARNIP;ZNF363;PIRH2;RCHY1,A,A,A,A,A,A,A,N,A,N,A,A,N,A,A,N,A,A,A,A,A,A,A,A,A,A,N,A,N,A,A,A
SRXY6;MAPKKK1;MEKK;MEKK1;MAP3K1;MEKK_1,D,D,D,D,D,D,D,D,D,N,D,D,D,D,D,D,D,D,D,D,D,D,D,D,D,D,D,D,D,D,D,D
RNF85;TRAF6;MGC:3310,A,A,A,A,N,A,A,A,N,N,A,A,N,A,A,A,A,N,A,A,A,N,A,N,A,A,N,N,N,A,A,A
PML;RNF71;PP8675;TRIM19;MYL,A,A,A,A,A,A,A,A,A,N,A,A,A,A,A,A,A,A,A,A,A,A,A,A,A,A,A,A,A,A,A,A
SIAH1;SIAH1A,N,A,N,N,N,N,N,N,A,N,A,N,A,N,N,N,N,N,A,N,A,N,N,N,N,N,N,N,N,N,A,N
LPRS2;AR-JP;PARK2;PRKN;PDJ,D,D,D,N,N,N,D,N,D,N,D,D,D,D,D,D,N,D,D,D,D,N,D,D,N,D,N,N,D,N,D,D
CBL-3;RNF57;CBLC;CBL-SL,A,A,A,A,N,A,N,A,A,N,A,A,A,A,A,A,A,A,A,A,A,A,A,A,A,A,N,N,A,A,A,A
FRA11B;C-CBL;RNF55;CBL2;NSLL;CBL,A,A,A,A,N,A,N,A,A,N,A,A,A,A,A,A,A,A,A,A,A,A,A,A,A,A,N,N,A,A,A,A
RNF56;CBLB;Cbl-b;Nbla00127,A,A,A,A,N,A,N,A,A,N,A,A,A,A,A,A,A,A,A,A,A,A,A,A,A,A,N,N,A,A,A,A
hdm2;ACTFS;MDM2;HDMX,A,A,A,N,N,N,N,N,A,N,A,N,N,A,A,A,N,N,N,N,N,N,N,N,N,N,N,N,N,N,A,N
UBCE7IP5;RNF37;UBOX5;hUIP5;UIP5,A,N,N,N,N,N,N,A,N,N,A,N,A,N,N,N,N,N,N,N,N,N,N,N,N,N,N,N,N,N,A,A
PSO4;PRPF19;NMP200;SNEV;UBOX4;hPSO4;PRP19,A,A,A,A,A,A,A,A,A,A,A,A,A,A,A,A,A,A,A,A,A,A,A,A,A,A,A,A,A,A,A,A
AS;ANCR;UBE3A;HPVE6A;E6-AP;EPVE6AP,A,A,A,A,A,A,A,A,A,N,A,A,A,A,A,A,N,A,N,A,A,A,A,A,N,A,N,A,A,A,A,A
UBE2U,A,A,A,A,A,A,A,A,A,A,A,A,A,A,A,A,A,A,A,A,A,A,A,A,A,A,A,A,A,A,A,A
UBE2D4;HBUCE1,A,A,A,A,A,A,A,A,A,A,A,A,A,A,A,A,A,A,A,A,A,A,A,A,A,A,A,A,A,A,A,A
UBCH5;UBE2D1;SFT;E2(17)KB1;UBCH5A;UBC4/5,A,A,A,A,A,A,A,A,A,A,A,A,A,A,A,A,A,A,A,A,A,A,A,A,A,A,A,A,A,A,A,A
UBCH5B;PUBC1;UBCH4;UBE2D2;E2(17)KB2;UBC4;UBC4/5,A,A,A,A,A,A,A,A,A,A,A,A,A,A,A,A,A,A,A,A,A,A,A,A,A,A,A,A,A,A,A,A
UBCH5C;E2(17)KB3;UBC4/5;UBE2D3,A,A,A,A,A,A,A,A,A,A,A,A,A,A,A,A,A,A,A,A,A,A,A,A,A,A,A,A,A,A,A,A
Li174;UBE2NL,A,A,A,A,A,A,A,A,A,A,A,A,A,A,A,A,A,A,A,A,A,A,A,A,A,A,A,A,A,A,A,A
UbcH-ben;UBC13;UbcH13;HEL-S-71;UBE2N;UBCHBEN;_UBC13,A,A,A,A,A,A,A,A,A,A,A,A,A,A,A,A,A,A,A,A,A,A,A,A,A,A,A,A,A,A,A,A
WWP1;AIP5;hSDRP1;Tiul1,A,A,A,A,A,A,A,A,A,N,A,A,A,A,A,A,A,A,N,A,A,A,A,A,N,A,N,A,A,A,A,A
SMURF1,A,A,A,A,A,A,A,A,A,N,A,A,A,A,A,A,N,A,N,A,A,A,A,A,N,A,N,A,A,A,A,A
SMURF2,A,A,A,A,A,A,A,A,A,N,A,A,A,A,A,A,N,A,N,A,A,A,A,A,N,A,N,A,A,A,A,A
HECTH2;UBE3C,A,A,A,A,A,A,A,A,A,N,A,A,A,A,A,A,N,A,N,A,A,A,A,A,N,A,N,A,A,A,A,A
UBC6;UBC6E;HSU93243;CGI-76;NCUBE-1;HSPC153;UBE2J1;HSPC205;NCUBE1;Ubc6p,A,A,A,A,A,A,A,A,A,A,A,A,A,A,A,A,A,A,A,A,A,A,A,A,A,A,A,A,A,A,A,A
KOS;BPIDS;UBE3B,A,A,A,A,A,A,A,A,A,N,A,A,A,A,A,A,N,A,N,A,A,A,A,A,N,A,N,A,A,A,A,A
UBE2S;E2-EPF;E2EPF;EPF5,A,A,A,A,A,A,A,A,A,A,A,A,A,A,A,A,A,A,A,A,A,A,A,A,A,A,A,A,A,A,A,A
UBE2C;dJ447F3.2;UBCH10,A,A,A,A,A,A,A,A,A,A,A,A,A,A,A,A,A,A,A,A,A,A,A,A,A,A,A,A,A,A,A,A
HHR6A;MRXSN;RAD6A;UBE2A;UBC2;MRXS30,A,A,A,A,A,A,A,A,A,A,A,A,A,A,A,A,A,A,A,A,A,A,A,A,A,A,A,A,A,A,A,A
AIF4;ADMFD;NAPP1;AIP4;ITCH,A,A,A,A,A,A,A,A,A,N,A,A,A,A,A,A,A,A,N,A,A,A,A,A,A,A,N,A,A,A,A,A
LIG;UBE2K;HIP2;E2-25K;HYPG;UBC1,A,A,A,A,A,A,A,A,A,A,A,A,A,A,A,A,A,A,A,A,A,A,A,A,A,A,A,A,A,A,A,A
NCUBE2;UBE2J2;PRO2121;NCUBE-2,A,A,A,A,A,A,A,A,A,A,A,A,A,A,A,A,A,A,A,A,A,A,A,A,A,A,A,A,A,A,A,A
UBE2L6;RIG-B;UBCH8,A,A,A,A,A,A,A,A,A,A,A,A,A,A,A,A,A,A,A,A,A,A,A,A,A,A,A,A,A,A,A,A
UBE2L3;UBCH7;L-UBC;E2-F1;UbcM4,A,A,A,A,A,A,A,A,A,A,A,A,A,A,A,A,A,A,A,A,A,A,A,A,A,A,A,A,A,A,A,A
UBC7;UBE2G2,A,A,A,A,A,A,A,A,A,A,A,A,A,A,A,A,A,A,A,A,A,A,A,A,A,A,A,A,A,A,A,A
UBC7;E217K;UBE2G;UBE2G1,A,A,A,A,A,A,A,A,A,A,A,A,A,A,A,A,A,A,A,A,A,A,A,A,A,A,A,A,A,A,A,A
UBA6;E1-L2;UBE1L2;MOP-4,A,A,A,N,N,A,N,A,N,N,A,N,N,N,N,N,A,N,A,A,N,A,N,A,N,N,N,A,N,A,A,A
UBE1;UBA1;A1S9;UBA1A;POC20;A1S9T;SMAX2;AMCX1;GXP1;CFAP124;A1ST;UBE1X,A,A,A,N,N,A,N,A,N,N,A,N,N,N,N,N,A,N,A,A,N,A,N,A,N,N,N,A,N,A,A,A
UBE1L;UBA7;UBE2;UBA1B;D8,A,A,A,N,N,A,N,A,N,N,A,N,N,N,N,N,A,N,A,A,N,A,N,A,N,N,N,A,N,A,A,A
PPIL2;CYP60;CYC4;UBOX7;hCyP-60;Cyp-60,D,D,D,D,D,D,D,D,D,N,D,D,D,D,D,D,D,D,D,D,D,D,D,D,D,D,D,D,D,D,D,D
p528;MRT38;HERC2;jdf2;D15F37S1;SHEP1,A,A,A,A,A,A,A,A,A,N,A,A,A,A,A,A,A,A,A,A,A,A,A,A,N,A,N,A,A,A,A,A
E2-CDC34B;UBC3B;UBE2R2;CDC34B,A,A,A,A,A,A,A,A,A,A,A,A,A,A,A,A,A,A,A,A,A,A,A,A,A,A,A,A,A,A,A,A
E2-CDC34;UBCH3;CDC34;UBE2R1;UBC3,A,A,A,A,A,A,A,A,A,A,A,A,A,A,A,A,A,A,A,A,A,A,A,A,A,A,A,A,A,A,A,A
CHIP;UBOX1;NY-CO-7;HSPABP2;SDCCAG7;STUB1;SCAR16,B,B,B,B,B,B,N,B,B,N,B,B,B,B,B,N,B,B,B,B,B,B,B,B,B,B,B,B,B,N,B,B
HERC1;MDFPMR;p619;p532,A,A,A,A,A,A,A,A,A,N,A,A,A,A,A,A,A,A,A,A,A,A,A,A,N,A,N,A,A,A,A,A
WWp2-like;WWP2;AIP2,A,A,A,A,A,A,A,A,A,N,A,A,A,A,A,A,A,A,N,A,A,A,A,A,N,A,N,A,A,A,A,A
HDNB1;E4;UFD2;UBE4B;UFD2A;UBOX3,A,A,A,N,A,A,N,A,A,N,A,A,A,A,A,N,N,A,A,A,A,A,A,A,A,A,A,N,A,A,A,A
UBR5;HYD;EDD1;EDD;DD5,A,A,A,A,A,A,A,A,A,N,A,A,A,A,A,A,N,A,N,A,A,A,A,A,N,A,N,A,A,A,A,A
ULF;MRD49;TRIP12;TRIP-12,A,A,A,A,A,A,A,A,A,N,A,A,A,A,A,A,A,A,A,A,A,A,A,A,A,A,N,A,A,A,A,A
UBE4A;UBOX2;E4;UFD2,A,A,A,N,A,A,N,A,A,N,A,A,A,A,A,N,N,A,A,A,A,A,A,A,A,A,A,N,A,A,A,A
Ib772;HUWE1;URE-B1;LASU1;UREB1;ARF-BP1;MULE;HSPC272;HECTH9,A,A,A,A,A,A,A,A,A,N,A,A,A,A,A,A,N,A,N,A,A,A,A,A,N,A,N,A,A,A,A,A
UBE2Z;HOYS7;USE1,A,A,A,A,A,A,A,A,A,A,A,A,A,A,A,A,A,A,A,A,A,A,A,A,A,A,A,A,A,A,A,A
BRUCE;BIRC6;APOLLON,A,A,A,A,A,A,A,A,A,N,A,A,A,A,A,A,A,A,A,A,A,A,A,A,A,A,A,A,A,A,A,A
RSP5;NEDD4.2;NEDD4-2;PVNH7;hNEDD4-2;NEDD4L,A,A,A,A,A,A,A,A,A,N,A,A,A,A,A,A,A,A,A,A,A,A,A,A,A,A,A,A,A,A,A,A
RPF1;NEDD4-1;NEDD4,A,A,A,A,A,A,A,A,A,N,A,A,A,A,A,A,A,A,N,A,A,A,A,A,N,A,N,A,A,A,A,A
UBE2QL1,A,A,A,N,A,A,A,A,A,N,A,A,N,A,A,N,N,A,A,A,A,A,N,A,N,A,N,A,N,N,A,A
GTAP;NICE-5;UBE2Q;PRO3094;UBE2Q1;NICE5,A,A,A,N,A,A,A,A,A,N,A,A,N,A,A,N,N,A,A,A,A,A,N,A,N,A,N,A,N,N,A,A
UBE2Q2,A,A,A,N,A,A,A,A,A,N,A,A,N,A,A,N,N,A,A,A,A,A,N,A,N,A,N,A,N,N,A,A
E2-230K;UBE2O,A,A,A,A,A,A,A,A,A,A,A,A,A,A,A,A,A,A,A,A,A,A,A,A,A,A,A,A,A,A,A,A
UBC12;hUbc12;UBC-RS2;UBE2M,A,A,A,A,A,A,A,A,A,A,A,A,A,A,A,A,A,A,A,A,A,A,A,A,A,A,A,A,A,A,A,A
C358B7.1;UBC9;UBE2I;P18,A,A,A,A,A,A,A,A,A,A,A,A,A,A,A,A,A,A,A,A,A,A,A,A,A,A,A,A,A,A,A,A
GID3;UBCH2;UBE2H;UBCH;UBC8;E2-20K,A,A,A,A,A,A,A,A,A,A,A,A,A,A,A,A,A,A,A,A,A,A,A,A,A,A,A,A,A,A,A,A
E2-17kDa;HR6B;RAD6B;HHR6B;UBE2B;UBC2,A,A,A,A,A,A,A,A,A,A,A,A,A,A,A,A,A,A,A,A,A,A,A,A,A,A,A,A,A,A,A,A
APC13;SWM1;ANAPC13,N,N,N,N,N,N,N,N,N,N,N,N,N,N,N,N,N,N,N,N,N,N,N,N,N,N,N,N,N,N,N,N
UbcM2;UBCH9;UBE2E3,A,A,A,A,A,A,A,A,A,A,A,A,A,A,A,A,A,A,A,A,A,A,A,A,A,A,A,A,A,A,A,A
UBE2E1;UBCH6,A,A,A,A,A,A,A,A,A,A,A,A,A,A,A,A,A,A,A,A,A,A,A,A,A,A,A,A,A,A,A,A
UBCH8;UBE2E2,A,A,A,A,A,A,A,A,A,A,A,A,A,A,A,A,A,A,A,A,A,A,A,A,A,A,A,A,A,A,A,A
