ENO1;HEL-S-17;ENO1L1;PPH;NNE;MPB1,D,D,N,N,D,N,D,N,D,N,D,D,D,N,N,D,D,D,D,D,D,N,N,D,N,D,D,D,D,D,D,D
HEL-S-279;NSE;ENO2,D,D,N,N,D,N,D,N,D,N,D,D,D,N,N,D,D,D,D,D,D,N,N,D,N,D,D,D,D,D,D,D
GSD13;ENO3;MSE,D,D,N,N,D,N,D,N,D,N,D,D,D,N,N,D,D,D,D,D,D,N,N,D,N,D,D,D,D,D,D,D
ENO4;C10orf134,D,D,N,N,D,N,D,N,D,N,D,D,D,N,N,D,D,D,D,D,D,N,N,D,N,D,D,D,D,D,D,D
PNPT1;OLD35;old-35;DFNB70;COXPD13;PNPASE,N,N,N,N,N,N,N,N,N,N,N,N,N,N,N,N,N,N,N,N,N,N,N,N,N,N,N,N,N,N,N,N
Rrp41p;RRP41;SKI6;p12A;Ski6p;EXOSC4;RRP41A;hRrp41p,N,N,N,N,N,N,N,N,N,N,N,N,N,N,N,N,N,N,N,N,N,N,N,N,N,N,N,N,N,N,N,N
RRP42;EAP1;Rrp42p;p8;EXOSC7;hRrp42p,N,C,N,N,C,N,C,N,C,N,C,C,N,N,N,N,C,C,C,C,N,C,N,C,N,N,N,C,C,N,C,C
CSL4;p13;SKI4;EXOSC1;CGI-108;Ski4p;Csl4p,N,A,N,A,N,N,N,N,N,N,N,N,N,N,N,N,A,A,N,N,N,N,N,N,A,N,N,N,N,N,N,N
EXOSC2;p7;RRP4;hRrp4p;Rrp4p,N,N,N,N,N,D,N,N,N,N,D,N,N,D,N,N,N,N,N,N,N,N,N,N,D,N,N,N,N,N,N,N
THES;KIAA0372;Ski3;TTC37,A,A,N,N,N,A,N,A,N,N,N,N,N,N,N,N,N,A,N,N,A,A,N,N,N,N,N,N,A,N,A,N
WDR61;REC14;SKI8,A,A,A,A,A,A,A,A,A,A,A,A,A,A,A,A,A,A,A,A,A,A,A,A,A,A,A,A,A,A,A,A
dis3p;DIS3;2810028N01Rik;RRP44;KIAA1008;EXOSC11,N,C,N,N,N,N,C,N,N,N,N,N,N,N,N,N,C,N,N,N,N,N,N,C,N,N,N,N,N,N,N,N
DDX13;SKI2W;SKI2;THES2;SKIV2L;SKIV2L1;170A;SKIV2;HLP,D,D,D,D,D,D,D,D,D,D,D,D,D,D,D,D,D,D,D,D,D,D,D,D,D,D,D,D,D,D,D,D
RRP45;p5;Rrp45p;PMSCL1;p6;EXOSC9;PM/Scl-75,N,C,N,N,C,N,C,N,C,N,C,C,N,N,N,N,C,C,C,C,N,C,N,C,N,N,N,C,C,N,C,C
hMtr3p;EAP4;p11;MTR3;Mtr3p;EXOSC6,N,N,N,N,N,N,N,N,N,N,N,N,N,N,N,N,N,N,N,N,N,N,N,N,N,N,N,N,N,N,N,N
Rrp43p;p9;PCH1C;OIP2;EXOSC8;EAP2;CIP3;RRP43;bA421P11.3,N,C,N,N,C,N,C,N,C,N,C,C,N,N,N,N,C,C,C,C,N,C,N,C,N,N,N,C,C,N,C,C
hRrp46p;p12B;RRP46;Rrp46p;RRP41B;EXOSC5,N,N,N,N,N,N,N,N,N,N,N,N,N,N,N,N,N,N,N,N,N,N,N,N,N,N,N,N,N,N,N,N
bA3J10.7;hRrp-40;Rrp40p;EXOSC3;PCH1B;CGI-102;RRP40;p10,N,N,N,N,N,D,N,N,N,N,D,N,N,D,N,N,N,N,N,N,N,N,N,N,D,N,N,N,N,N,N,N
LRP1;C1D;SUN-CoR;SUNCOR;hC1D;Rrp47,A,N,N,N,N,N,N,A,A,N,A,A,N,A,A,N,A,N,A,N,A,N,N,A,N,A,A,A,N,N,A,N
p3;PMSCL2;PM/Scl-100;PM-Scl;RRP6;Rrp6p;p4;PMSCL;EXOSC10;p2,A,A,A,A,A,N,N,A,N,N,A,A,A,N,A,N,A,A,A,N,A,A,A,N,A,A,A,A,A,N,A,N
MPP6;MPP-6;MPHOSPH6;MPP,N,N,N,N,N,N,N,N,N,N,N,N,N,N,N,N,N,N,N,N,N,N,N,N,N,N,N,N,N,N,N,N
TRF4;TRF41;POLS;PAPD7;LAK1;TRF4-1;TUTASE5;LAK-1;POLK,A,A,A,A,A,N,A,A,A,N,A,A,N,A,A,N,A,A,A,N,N,N,A,A,A,A,A,A,N,N,A,A
TRF4-2;PAPD5,A,A,A,A,A,N,N,A,A,N,A,A,N,A,A,N,A,A,A,N,N,N,A,A,A,A,A,A,N,N,A,A
AIR1;HSPC086;ZCCHC7,A,N,A,N,A,N,N,N,A,N,N,N,A,A,A,N,A,N,A,N,A,A,A,A,A,A,A,A,A,N,A,A
Mtr4;SKIV2L2;fSAP118;KIAA0052;Dob1,D,D,D,D,D,D,D,D,D,D,D,D,D,D,D,D,D,D,D,D,D,D,D,D,D,D,D,D,D,D,D,D
CNOT1;AD-005;CDC39;NOT1;NOT1H,A,N,N,N,A,N,N,N,A,N,N,A,A,A,A,A,A,A,N,A,A,N,A,A,N,N,A,A,N,A,A,A
HSPC131;CDC36;CNOT2;NOT2;NOT2H,N,A,N,N,A,N,A,N,A,N,A,A,A,N,A,A,N,A,A,N,A,N,A,A,N,A,A,A,A,N,A,N
NOT3;LENG2;NOT3H;CNOT3,N,A,N,N,A,N,A,N,A,N,A,A,A,N,A,A,N,A,A,N,A,N,A,A,N,A,A,A,A,N,A,N
NOT4H;CLONE243;CNOT4;NOT4,A,N,A,A,A,A,A,A,A,N,A,A,A,N,A,N,N,A,A,A,A,A,A,A,A,A,A,A,A,A,A,A
CCR4b;CNOT6L,A,A,A,A,A,A,N,A,A,N,A,A,A,A,A,A,A,A,A,A,A,A,A,A,A,A,A,A,A,N,A,A
CCR4;Ccr4a;CNOT6,A,A,A,A,A,A,N,A,A,N,A,A,A,A,A,A,A,A,A,A,A,A,A,A,A,A,A,A,A,N,A,A
CAF1;Caf1a;hCAF-1;CAF-1;CNOT7,N,A,A,N,N,A,N,A,A,A,N,A,A,A,A,N,A,A,A,A,N,N,N,A,A,A,A,N,N,N,A,A
CAF1;Caf1b;hCAF1;CNOT8;POP2;CALIF,N,A,A,N,N,A,N,A,A,A,N,A,A,A,A,N,A,A,A,A,N,N,N,A,A,A,A,N,N,N,A,A
CT129;RCD1;RCD-1;RQCD1;CAF40;CNOT9,N,A,A,N,A,A,A,A,A,N,A,A,A,A,A,A,A,A,N,A,A,A,N,N,N,A,N,A,A,A,A,A
CNOT10,N,A,N,N,A,N,A,N,A,N,A,A,N,N,N,N,N,A,A,A,A,A,A,N,N,N,N,N,N,N,A,A
HSPC015;HINT-5;HSL1;HINT5;DCS1;ARS;DCPS,A,A,A,A,N,N,N,A,N,N,N,A,A,N,A,N,A,N,A,N,A,A,N,N,A,A,A,A,A,N,A,N
DCP1;DCP1B,N,N,N,N,N,N,N,N,N,N,N,N,N,N,N,N,N,N,N,N,N,N,N,N,N,N,N,N,N,N,N,N
SMIF;HSA275986;Nbla00360;DCP1A;SMAD4IP1,N,N,N,N,N,N,N,N,N,N,N,N,N,N,N,N,N,N,N,N,N,N,N,N,N,N,N,N,N,N,N,N
DCP2;NUDT20,N,N,N,N,A,N,A,N,N,N,N,N,N,N,N,A,N,N,N,N,N,N,N,N,N,N,N,N,A,N,A,N
LSM1;YJL124C;CASM,C,C,N,N,C,C,C,C,C,C,C,N,N,C,N,N,C,C,C,C,C,C,C,C,C,C,C,C,N,C,C,C
LSM2;G7B;snRNP;YBL026W;C6orf28,A,A,A,A,N,A,A,N,A,N,A,N,N,A,A,A,A,A,N,A,A,N,N,A,N,A,N,N,A,N,A,A
YLR438C;LSM3;SMX4;USS2,N,A,A,N,N,N,A,N,A,N,A,N,N,N,A,N,N,A,N,N,N,N,N,N,N,N,N,N,A,N,N,A
GRP;LSM4;YER112W,A,A,A,A,N,A,A,N,A,A,A,A,N,A,A,A,A,A,N,A,A,N,N,A,N,A,N,A,A,N,A,A
LSM5;YER146W,N,N,N,N,N,N,N,N,N,N,N,N,N,N,N,N,N,N,N,N,N,N,N,N,N,N,N,N,N,N,N,N
YDR378C;LSM6,N,C,C,C,N,C,C,N,C,C,C,C,N,C,N,C,C,C,N,C,C,N,N,C,N,C,N,C,C,N,C,C
LSM7;YNL147W,N,C,N,N,N,C,C,C,C,C,C,N,N,N,N,N,C,C,C,N,C,N,N,C,C,C,C,N,C,C,N,C
NAA38;LSM8,C,C,N,N,C,C,C,C,C,C,C,N,N,C,N,N,C,C,C,C,C,C,C,C,C,C,C,C,N,C,C,C
SEP1;XRN1,A,A,A,A,A,A,A,N,A,A,A,A,A,A,A,A,A,A,A,A,A,A,A,A,A,N,N,A,N,A,A,A
XRN2,A,A,A,A,A,A,A,N,A,A,A,A,A,A,A,A,A,A,A,A,A,A,A,A,A,N,N,A,N,A,A,A
HLR2;P54;DDX6;RCK,D,D,D,D,D,D,D,D,D,D,D,D,D,D,D,D,D,D,D,D,D,D,D,D,D,D,D,D,D,D,D,D
YJDC;MRT50;hYjeF_N2-15q23;EDC3;YJEFN2;LSM16,N,N,N,N,N,N,N,N,N,N,N,N,N,N,N,N,N,N,N,N,N,N,N,N,N,N,N,N,N,N,N,N
Ge-1;RCD-8;HEDL5;HEDLS;GE1;RCD8;EDC4,N,N,N,N,N,N,N,N,N,N,N,N,N,N,N,N,N,N,N,N,N,N,N,N,N,N,N,N,N,N,N,N
PATL1;Pat1b;hPat1b,A,A,N,N,N,N,N,A,A,N,N,N,N,A,N,N,N,A,A,N,A,N,A,A,N,N,N,A,N,N,A,N
PNLDC1;HsPNLDC1,A,N,N,N,N,N,A,A,A,N,A,N,N,N,N,N,N,N,A,A,N,N,N,N,N,A,A,N,A,A,A,A
DAN;DKCB6;PFBMFT4;PARN,A,N,N,N,N,N,A,A,A,N,A,N,N,N,N,N,N,N,A,A,N,N,N,N,N,A,A,N,A,A,A,A
MOT;MTHSP75;GRP-75;HEL-S-124m;CSA;GRP75;HSPA9B;SIDBA4;MOT2;SAAN;PBP74;CRP40;EVPLS;HSPA9,B,B,B,B,B,N,N,B,B,N,B,N,N,B,B,B,B,B,N,B,B,B,B,N,N,B,B,N,N,B,B,B
HSPD1;GROEL;HSP60;HSP-60;CPN60;HSP65;HuCHA60;SPG13;HLD4,D,D,D,D,D,D,D,D,D,D,D,D,D,D,D,D,D,D,D,D,D,D,D,D,D,D,D,D,D,D,D,D
G4R1;MLEL1;DDX36;RHAU;DHX36,A,A,A,A,A,A,A,A,A,N,A,A,A,A,A,A,A,A,A,A,A,A,A,A,N,A,A,A,A,A,A,A
TROB1;APRO6;TOB;PIG49;TROB;TOB1;APRO5,N,N,N,N,N,N,N,N,N,N,N,N,N,N,N,N,N,N,N,N,N,N,N,N,N,N,N,N,N,N,N,N
TOB2;TOBL;TOB4;APRO5;TROB2,N,N,N,N,N,N,N,N,N,N,N,N,N,N,N,N,N,N,N,N,N,N,N,N,N,N,N,N,N,N,N,N
ANA/BTG3;ANA;TOB5;BTG3;TOFA;TOB55;APRO4,N,N,N,N,N,N,N,N,N,N,N,N,N,N,N,N,N,N,N,N,N,N,N,N,N,N,N,N,N,N,N,N
APRO3;PC3B;BTG4,N,N,N,N,N,N,N,N,N,N,N,N,N,N,N,N,N,N,N,N,N,N,N,N,N,N,N,N,N,N,N,N
BTG1;APRO2,N,N,N,N,N,N,N,N,N,N,N,N,N,N,N,N,N,N,N,N,N,N,N,N,N,N,N,N,N,N,N,N
BTG2;TIS21;APRO1;PC3,N,N,N,N,N,N,N,N,N,N,N,N,N,N,N,N,N,N,N,N,N,N,N,N,N,N,N,N,N,N,N,N
PABPC4L,D,D,D,D,D,D,D,D,D,D,D,D,D,D,D,D,D,D,D,D,D,D,D,D,D,D,D,D,D,D,D,D
PABPC5;PABP5,D,D,D,D,D,D,D,D,D,D,D,D,D,D,D,D,D,D,D,N,D,D,D,D,D,D,D,D,D,D,D,D
PAB1;PABPC2;PABP;PABPL1;PABPC1;PABP1,D,D,D,D,D,D,D,D,D,D,D,D,D,D,D,D,D,D,D,N,D,D,D,D,D,D,D,D,D,D,D,D
PABPC1L2A;RBM32A,D,D,D,D,D,D,D,D,D,D,D,D,D,D,D,D,D,D,D,N,D,D,D,D,D,D,D,D,D,D,D,D
PABP3;PABPL3;tPABP;PABPC3,D,D,D,D,D,D,D,D,D,D,D,D,D,D,D,D,D,D,D,N,D,D,D,D,D,D,D,D,D,D,D,D
PABPC1L2B;RBM32B,D,D,D,D,D,D,D,D,D,D,D,D,D,D,D,D,D,D,D,N,D,D,D,D,D,D,D,D,D,D,D,D
PABPC1L;C20orf119;dJ1069P2.3;EPAB;PABPC1L1,A,A,A,A,A,A,A,A,A,A,A,A,A,A,A,A,A,A,A,A,A,A,A,A,A,A,A,A,A,A,A,A
PABPC4;APP1;PABP4;APP-1;iPABP,D,D,D,D,D,D,D,D,D,D,D,D,D,D,D,D,D,D,D,N,D,D,D,D,D,D,D,D,D,D,D,D
PAN2;USP52,A,A,N,N,A,A,N,A,A,N,A,A,N,N,N,N,N,A,A,A,N,A,A,A,A,A,N,A,A,A,A,N
PAN3,A,A,A,N,A,A,N,A,A,N,A,N,A,A,A,A,A,A,A,N,A,A,A,A,A,A,A,A,A,A,A,A
NUDT16,N,N,N,N,N,N,N,N,N,N,N,N,N,N,N,N,N,N,N,N,N,N,N,N,N,N,N,N,N,N,N,N
DIS3L1;DIS3L,N,C,N,N,N,N,C,N,N,N,N,N,N,N,N,N,C,N,N,N,N,N,N,C,N,N,N,N,N,N,N,N
PFKL;PFK-L;PFK-B;ATP-PFK,A,A,A,A,N,N,A,N,N,N,A,N,N,N,N,N,N,A,N,A,A,N,N,A,A,N,N,N,A,N,A,N
PFKA;PPP1R122;PFK-A;PFKX;PFK-1;GSD7;PFK1;PFKM;ATP-PFK,A,A,A,A,N,N,A,N,N,N,A,N,N,N,N,N,N,A,N,A,A,N,N,A,A,N,N,N,A,N,A,N
PFK-P;PFKP;PFKF;PFK-C;ATP-PFK,A,A,A,A,N,N,A,N,N,N,A,N,N,N,N,N,N,A,N,A,A,N,N,A,A,N,N,N,A,N,A,N
