SOR2,A,N,N,N,A,N,N,N,N,N,A,N,N,N,N,N,N,A,N,N,N,N,N,N,N,N,N,N,N,A,N,N
SDH1;SOR1,A,N,N,N,A,N,N,N,N,N,A,N,N,N,N,N,N,A,N,N,N,N,N,N,N,N,N,N,N,A,N,N
DSF1;MAN1,B,N,N,N,N,N,N,N,N,N,B,N,B,B,N,N,N,N,N,N,B,N,N,N,N,B,N,N,N,N,N,N
MAN2,B,N,N,N,N,N,N,N,N,N,B,N,B,B,N,N,N,N,N,N,B,N,N,N,N,B,N,N,N,N,N,N
HOR3;GLK1,N,N,N,N,A,N,N,N,A,N,N,N,N,N,N,N,A,N,N,N,N,N,N,N,A,A,N,N,N,N,A,A
EMI2,N,N,N,N,A,N,N,N,A,N,N,N,N,N,N,N,A,N,N,N,N,N,N,N,A,A,N,N,N,N,A,A
HXK1,N,N,N,N,A,N,N,N,A,N,N,N,N,N,N,N,A,N,N,N,N,N,N,N,A,A,N,N,N,N,A,A
HKB;HXK2;SCI2;HEX1,N,N,N,N,A,N,N,N,A,N,N,N,N,N,N,N,A,N,N,N,N,N,N,N,A,A,N,N,N,N,A,A
9,N,N,N,N,A,N,N,N,A,N,N,N,N,N,N,N,A,N,N,N,N,N,N,N,A,A,N,N,N,N,A,A
FBP26,N,N,N,N,N,N,N,N,N,N,N,N,N,N,N,N,N,N,N,N,N,N,N,N,N,N,N,N,N,N,N,N
11,N,N,N,N,N,N,N,N,N,N,N,N,N,N,N,N,N,N,N,N,N,N,N,N,N,N,N,N,N,N,N,N
PFK26,N,N,N,N,N,N,N,N,N,N,N,N,N,N,N,N,N,N,N,N,N,N,N,N,N,N,N,N,N,N,N,N
PFK27,N,N,N,N,N,N,N,N,N,N,N,N,N,N,N,N,N,N,N,N,N,N,N,N,N,N,N,N,N,N,N,N
PMI40,N,A,N,N,N,A,N,N,N,N,A,N,A,A,A,N,A,N,A,N,N,A,A,N,N,N,A,A,N,N,A,N
SEC53;ALG4,N,N,N,N,N,N,N,N,N,N,N,N,N,N,N,N,N,N,N,N,N,N,N,N,N,N,N,N,N,N,N,N
MPG1;VIG9;SRB1;PSA1,A,A,N,N,N,N,N,N,A,N,A,N,N,N,N,N,N,N,N,N,N,A,N,A,N,A,N,A,N,N,N,N
PFK1,A,A,A,A,N,N,A,N,N,N,A,N,N,N,N,N,N,A,N,A,A,N,N,A,A,N,N,N,A,N,A,N
PFK2,A,A,A,A,N,N,A,N,N,N,A,N,N,N,N,N,N,A,N,A,A,N,N,A,A,N,N,N,A,N,A,N
TPI1,N,N,N,D,N,N,N,N,D,N,N,D,N,N,N,N,D,N,N,N,N,N,N,N,N,N,N,D,N,D,N,N
LOT1;FBA1,N,N,N,N,N,N,N,N,N,N,N,N,N,N,N,N,N,N,N,N,N,N,N,N,N,N,N,N,N,N,N,N
DAK2,N,N,N,N,N,N,N,N,N,N,N,N,N,N,N,N,N,N,N,N,N,N,N,N,N,N,N,N,N,N,N,N
DAK1,N,N,N,N,N,N,N,N,N,N,N,N,N,N,N,N,N,N,N,N,N,N,N,N,N,N,N,N,N,N,N,N
ACN8;FBP1,N,A,N,N,A,N,A,A,N,N,A,N,A,A,A,N,A,N,N,N,N,N,A,A,N,N,N,N,N,N,N,N
