dcd3B,N,A,N,N,N,N,N,N,A,N,N,N,N,A,N,N,N,N,A,N,N,N,N,N,A,N,N,N,N,N,A,A
dcd3A,N,A,N,N,N,N,N,N,A,N,N,N,N,A,N,N,N,N,A,N,N,N,N,N,A,N,N,N,N,N,A,A
dcd2B,N,N,A,N,N,N,N,A,N,N,N,N,A,N,N,N,N,N,N,N,A,N,N,N,N,N,N,N,N,N,A,N
dcd2A,N,N,A,N,N,N,N,A,N,N,N,N,A,N,N,N,N,N,N,N,A,N,N,N,N,N,N,N,N,N,A,N
crsA,N,A,N,A,N,N,N,A,N,N,A,N,N,N,A,N,N,A,N,N,A,N,A,N,N,A,N,N,A,N,A,N
desA,N,A,A,N,A,N,N,N,A,N,A,A,N,N,A,N,N,N,N,A,A,A,N,A,N,N,N,N,N,N,A,N
sgmA,N,N,N,N,N,N,N,N,N,N,N,N,N,N,N,N,N,N,N,N,N,N,N,N,N,N,N,N,N,N,N,N
sgmB,N,N,N,N,N,N,N,N,N,N,N,N,N,N,N,N,N,N,N,N,N,N,N,N,N,N,N,N,N,N,N,N
sptA,N,D,D,N,N,N,N,N,D,N,D,N,N,N,N,N,D,N,N,D,D,D,N,D,D,N,N,D,N,D,D,N
sptB,N,D,D,N,N,N,N,N,D,N,D,N,N,N,N,N,D,N,N,D,D,D,N,D,D,N,N,D,N,D,D,N
ksrA-1,B,B,B,B,B,B,B,N,B,N,B,B,B,B,N,N,B,N,B,B,B,B,B,B,B,B,B,B,N,N,B,B
ksrA-2,B,B,B,B,B,B,B,N,B,N,B,B,B,B,N,N,B,N,B,B,B,B,B,B,B,B,B,B,N,N,B,B
melA,N,A,A,A,N,N,N,N,A,N,A,A,N,A,N,N,A,N,N,N,N,N,N,N,N,A,N,A,N,N,A,N
glb1,A,N,N,N,N,N,N,N,N,N,A,N,N,N,N,N,A,N,N,N,N,A,N,N,N,A,A,N,N,N,A,N
15,N,N,N,N,N,N,N,N,N,N,N,N,N,N,N,N,N,N,N,N,N,N,N,N,N,N,N,N,N,N,N,N
sgkA,A,N,N,N,A,N,N,A,A,N,A,N,N,A,A,N,N,N,N,N,A,A,A,N,N,N,N,N,N,N,A,N
sgkB,A,N,N,N,A,N,N,A,A,N,A,N,N,A,A,N,N,N,N,N,A,A,A,N,N,N,N,N,N,N,A,N
sglB,N,N,N,N,N,N,N,N,N,N,N,N,N,N,N,N,N,N,N,N,N,N,N,N,N,N,N,N,N,N,N,N
sglA,N,N,N,N,N,N,N,N,N,N,N,N,N,N,N,N,N,N,N,N,N,N,N,N,N,N,N,N,N,N,N,N
