LIG1,N,N,N,N,N,N,N,N,A,N,A,N,A,N,N,N,N,N,N,N,N,A,N,N,N,A,N,N,N,N,N,A
MF1;FEN-1;FEN1;RAD2,N,N,C,C,C,N,N,C,C,N,C,C,C,C,N,N,C,N,C,C,N,N,C,N,C,C,N,C,N,N,C,N
DNA2;hDNA2;DNA2L,A,N,A,N,A,N,A,A,A,N,A,A,N,A,N,A,A,N,A,N,A,N,N,N,A,A,N,A,N,A,A,N
JUNB;RNHL;AGS4;RNHIA;RNASEH2A;RNASEHI,N,N,N,N,N,N,N,N,N,N,N,N,N,N,N,N,N,N,N,N,N,N,N,N,N,N,N,N,N,N,N,N
DLEU8;RNASEH2B;AGS2,A,N,N,N,N,N,N,N,A,N,A,N,N,N,A,N,N,N,N,N,N,N,N,N,N,N,N,N,N,N,N,N
RFC40;RFC2,N,A,N,A,N,N,N,N,N,N,A,N,A,N,A,A,A,A,N,N,N,N,N,N,N,N,A,A,N,N,N,N
RFC37;RFC4;A1,N,A,A,A,N,N,N,N,N,N,A,A,A,N,A,A,A,A,A,N,A,N,N,N,N,N,A,A,N,A,A,N
RNASEH2C;AYP1;AGS3,A,N,A,N,N,N,N,A,A,N,A,N,N,N,A,N,N,N,N,A,A,A,N,N,N,A,A,A,N,N,A,A
RFC3;RFC38,N,N,N,N,N,N,N,N,N,N,N,N,N,N,N,N,N,N,N,N,N,N,N,N,N,N,N,N,N,N,N,N
RFC36;RFC5,N,A,A,A,N,N,N,N,N,N,A,A,A,N,A,A,A,A,A,N,A,N,N,N,N,N,A,A,N,A,A,N
ATLD2;PCNA,C,C,N,N,N,N,N,C,C,N,N,C,N,N,N,N,N,N,N,N,N,N,C,N,N,N,N,C,C,N,N,N
REPA3;RPA3;RP-A_p14,N,N,N,N,N,N,N,N,N,N,N,N,N,N,N,N,N,N,N,N,N,N,N,N,N,N,N,N,N,N,N,N
P1-CDC46;MCM5;CDC46;MGORS8,N,N,N,N,N,N,N,N,N,N,N,N,N,N,N,N,N,N,N,N,N,N,N,N,N,N,N,N,N,N,N,N
POLD4;POLDS;p12,N,N,A,N,N,A,N,A,A,N,A,N,N,A,N,A,A,N,A,N,A,A,N,A,N,N,N,N,N,N,A,N
POLD3;P68;P66;PPP1R128,A,N,N,N,N,N,N,N,A,N,N,N,N,A,N,N,N,N,N,N,N,N,N,N,N,N,N,N,N,N,A,N
POLE4;p12;YHHQ1,A,A,A,A,A,A,A,A,A,N,A,N,A,A,A,A,A,A,A,A,A,N,A,A,A,A,A,A,A,A,A,A
YBL1;p17;POLE3;CHRAC17;CHARAC17,A,A,A,N,N,A,N,N,A,N,A,A,A,N,A,N,N,A,N,N,A,N,A,N,A,A,A,A,N,N,A,A
SSBP;SOSS-B1;Mt-SSB;mtSSB;SSBP1,N,N,N,N,N,N,N,N,N,N,N,N,N,N,N,N,N,N,N,N,N,N,N,N,N,N,N,N,N,N,N,N
RNASEH1;H1RNA;PEOB2;RNH1,N,N,N,N,N,N,N,N,N,N,N,N,N,N,N,N,N,N,N,N,N,N,N,N,N,N,N,N,N,N,N,N
BM28;MITOTIN;D3S3194;DFNA70;CCNL1;MCM2;CDCL1;cdc19,N,N,N,N,N,N,N,N,N,N,N,N,N,N,N,N,N,N,N,N,N,N,N,N,N,N,N,N,N,N,N,N
MCM3;P1.h;RLFB;P1-MCM3;HCC5,N,N,N,N,N,N,N,N,N,N,N,N,N,N,N,N,N,N,N,N,N,N,N,N,N,N,N,N,N,N,N,N
P1-CDC21;CDC54;NKCD;MCM4;hCdc21;CDC21;NKGCD,N,N,N,N,N,N,N,N,N,N,N,N,N,N,N,N,N,N,N,N,N,N,N,N,N,N,N,N,N,N,N,N
p180;NSX;POLA1;POLA,N,N,N,A,N,N,A,N,N,N,A,N,A,N,N,N,N,N,N,N,N,N,N,N,N,N,N,N,N,N,N,N
POLA2,A,A,N,N,N,A,N,N,N,N,A,N,N,N,N,N,A,N,A,N,N,N,N,N,A,A,N,N,N,N,N,N
PRIM1;p49,N,C,N,N,N,N,N,C,N,N,N,N,N,N,N,N,N,N,C,N,N,N,C,N,N,N,N,N,N,N,N,N
PRIM2A;PRIM2;p58,N,N,A,N,N,N,N,A,A,N,N,N,N,N,A,N,N,A,N,A,N,A,A,N,N,A,N,N,N,N,N,N
MDPL;POLD;POLD1;CRCS10;CDC2,N,A,N,A,N,N,A,N,A,N,A,A,A,N,N,N,N,N,N,A,N,N,N,N,N,N,N,N,N,N,A,A
POLD2,N,N,N,N,A,N,N,A,N,N,A,N,N,A,N,A,N,A,A,N,N,N,A,N,N,A,A,A,N,A,A,N
POLE1;FILS;CRCS12;POLE,N,N,N,N,N,N,N,N,N,N,N,N,N,N,N,N,N,N,N,N,N,N,N,N,N,N,N,N,N,N,N,N
DPE2;POLE2,A,A,A,N,A,N,A,A,N,N,A,A,A,A,A,A,A,N,N,N,A,A,N,A,A,A,A,N,A,A,N,A
MCG40308;Mis5;P105MCM;MCM6,N,N,N,N,N,N,N,N,N,N,N,N,N,N,N,N,N,N,N,N,N,N,N,N,N,N,N,N,N,N,N,N
P85MCM;PNAS146;CDC47;MCM2;P1CDC47;P1.1-MCM3;PPP1R104;MCM7,N,N,N,N,N,N,N,N,N,N,N,N,N,N,N,N,N,N,N,N,N,N,N,N,N,N,N,N,N,N,N,N
RPA1;RPA70;RF-A;REPA1;RP-A;MST075;HSSB,N,N,D,N,N,N,D,D,D,N,D,N,D,D,N,N,N,N,N,N,N,N,D,D,N,N,N,N,D,D,D,D
RPA4;HSU24186,A,N,N,N,N,N,N,N,N,N,A,A,A,A,N,N,A,N,A,N,N,N,A,A,N,A,N,N,A,N,A,N
RP-A_p32;RPA32;RP-A_p34;RPA2;REPA2,A,N,N,N,N,N,N,N,N,N,A,A,A,A,N,N,A,N,A,N,N,N,A,A,N,A,N,N,A,N,A,N
RFC140;RFC1;MHCBFB;RECC1;RFC;PO-GA;A1,N,A,A,A,N,N,N,N,N,N,A,A,A,N,A,A,A,A,A,N,A,N,N,N,N,N,A,A,N,A,A,N
