Maxp1;NORE1;NORE1A;RAPL;RASSF3;RASSF5;NORE1B,N,N,N,N,N,N,N,N,N,N,N,N,N,N,N,N,N,N,N,N,N,N,N,N,N,N,N,N,N,N,N,N
PPP1A;PP-1A;PP1A;PPP1CA;PP1alpha,D,D,D,D,D,D,D,D,D,N,D,D,D,D,D,D,D,D,D,D,D,D,D,D,D,D,D,D,D,D,D,D
PP-1B;PPP1CB;PPP1CD;HEL-S-80p;PP1beta;PP1B;NSLH2,D,D,D,D,D,D,D,D,D,N,D,D,D,D,D,D,D,D,D,D,D,D,D,D,D,D,D,D,D,D,D,D
PP1C;PP-1G;PPP1CC;PPP1G,D,D,D,D,D,D,D,D,D,N,D,D,D,D,D,D,D,D,D,D,D,D,D,D,D,D,D,D,D,D,D,D
MYC;MYCC;bHLHe39;MRTL;c-Myc,N,N,N,N,N,N,N,N,N,N,N,N,N,N,N,N,N,N,N,N,N,N,N,N,N,N,N,N,N,N,N,N
DYRK6;YAK1;FIST3;PKY;HIPK3,D,D,D,D,D,D,D,D,D,D,D,D,D,D,D,D,D,D,D,D,D,D,D,D,D,D,D,D,D,D,D,D
HIPK4,D,D,D,D,D,D,D,D,D,D,D,D,D,D,D,D,D,D,D,D,D,D,D,D,D,D,D,D,D,D,D,D
HIPK1;Myak;Nbak2,D,D,D,D,D,D,D,D,D,D,D,D,D,D,D,D,D,D,D,D,D,D,D,D,D,D,D,D,D,D,D,D
PRO0593;HIPK2,D,D,D,D,D,D,D,D,D,D,D,D,D,D,D,D,D,D,D,D,D,D,D,D,D,D,D,D,D,D,D,D
CDK4I;CMM2;MTS1;P19ARF;P16;P14ARF;P16-INK4A;P16INK4A;CDKN2;P19;P14;INK4A;CDKN2A;INK4;P16INK4;ARF;TP16;MTS-1;MLM,N,N,N,N,N,N,N,N,N,N,N,N,N,N,N,N,N,N,N,N,N,N,N,N,N,N,N,N,N,N,N,N
hdm2;ACTFS;MDM2;HDMX,A,A,A,N,N,N,N,N,A,N,A,N,N,A,A,A,N,N,N,N,N,N,N,N,N,N,N,N,N,N,A,N
BCC7;TP53;TRP53;P53;LFS1,N,N,N,N,N,N,N,N,N,N,N,N,N,N,N,N,N,N,N,N,N,N,N,N,N,N,N,N,N,N,N,N
MCM;PI3K-alpha;PI3K;MCMTC;CLOVE;PIK3CA;CWS5;p110-alpha;MCAP,A,A,A,A,A,A,A,A,A,N,A,A,A,A,A,A,A,A,A,A,A,A,A,A,A,A,A,A,A,A,A,A
PI3K;PIK3C1;PIK3CB;PI3KBETA;P110BETA,A,A,A,A,A,A,A,A,A,A,A,A,A,A,A,A,A,A,A,A,A,A,A,A,A,A,A,A,A,A,A,A
PI3K;IMD14;p110D;P110DELTA;APDS;PIK3CD,A,A,A,A,A,A,A,A,A,N,A,A,A,A,A,A,A,A,A,A,A,A,A,A,A,A,A,A,A,A,A,A
PIK3R1;GRB1;AGM7;p85-ALPHA;p85;IMD36,A,A,A,N,N,N,N,A,A,N,A,A,A,A,A,A,N,N,A,A,A,A,A,A,A,A,A,A,A,A,A,A
PIK3R2;MPPH;P85B;p85-BETA;MPPH1;p85,N,N,N,N,N,N,N,N,N,N,N,N,N,N,N,N,N,N,N,N,N,N,N,N,N,N,N,N,N,N,N,N
PIK3R3;p55;p55PIK;p55-GAMMA,N,N,N,N,N,N,N,N,N,N,N,N,N,N,N,N,N,N,N,N,N,N,N,N,N,N,N,N,N,N,N,N
PKB-GAMMA;MPPH;RAC-gamma;AKT3;RAC-PK-gamma;STK-2;PKBG;PRKBG;MPPH2,B,B,B,B,B,B,B,B,B,B,B,B,B,B,B,B,B,B,B,B,B,B,B,B,B,B,B,B,B,B,B,B
AKT1;PKB;PRKBA;RAC-ALPHA;AKT;CWS6;RAC;PKB-ALPHA,B,B,B,B,B,B,B,B,B,B,B,B,B,B,B,B,B,B,B,B,B,B,B,B,B,B,B,B,B,B,B,B
PKBB;PKBBETA;HIHGHH;AKT2;RAC-BETA;PRKBB,B,B,B,B,B,B,B,B,B,B,B,B,B,B,B,B,B,B,B,B,B,B,B,B,B,B,B,B,B,B,B,B
TSC;LAM;TSC1,N,N,N,N,N,N,N,N,N,N,N,N,N,N,N,N,N,N,N,N,N,N,N,N,N,N,N,N,N,N,N,N
PPP1R160;LAM;TSC4;TSC2,A,A,A,A,A,N,N,A,A,N,A,A,A,A,A,A,A,A,A,A,A,A,A,A,A,A,A,A,A,A,A,A
RHEB;RHEB2,C,C,C,C,C,C,C,C,C,C,C,C,C,C,C,C,C,C,C,C,C,C,C,C,C,C,C,C,C,C,C,C
SKS;FRAP1;MTOR;FRAP;RAFT1;RAPT1;FRAP2,A,A,A,A,A,A,A,A,A,A,A,A,A,A,A,A,A,A,A,A,A,A,A,A,A,A,A,A,A,A,A,A
FOXO2;AF6q21;FKHRL1P2;FOXO3A;FOXO3;FKHRL1,N,N,N,N,N,N,N,N,N,N,N,N,N,N,N,N,N,N,N,N,N,N,N,N,N,N,N,N,N,N,N,N
SIRT1;SIR2L1;SIR2alpha;SIR2,D,N,D,N,N,N,N,N,D,N,D,N,D,N,N,N,N,N,N,D,N,N,N,N,N,N,N,N,D,N,D,D
RRAS2;TC21,C,C,C,C,C,C,C,C,C,C,C,C,C,C,C,C,C,C,C,C,C,C,C,C,C,C,C,C,C,C,C,C
M-RAs;RRAS3;MRAS;R-RAS3,C,C,C,C,C,C,C,C,C,C,C,C,C,C,C,C,C,C,C,C,C,C,C,C,C,C,C,C,C,C,C,C
RASH1;CTLO;HAMSV;HRAS;p21ras;C-HA-RAS1;HRAS1;C-BAS/HAS;H-RASIDX;C-H-RAS,C,C,C,C,C,C,C,C,C,C,C,C,C,C,C,C,C,C,C,C,C,C,C,C,C,C,C,C,C,C,C,C
K-RAS4A;K-RAS2B;KI-RAS;KRAS;KRAS1;K-RAS4B;c-Ki-ras2;NS3;KRAS2;NS;K-Ras;RALD;K-RAS2A;CFC2;C-K-RAS;RASK2,C,C,C,C,C,C,C,C,C,C,C,C,C,C,C,C,C,C,C,C,C,C,C,C,C,C,C,C,C,C,C,C
CMNS;NCMS;NS6;ALPS4;NRAS1;N-ras;NRAS,C,C,C,C,C,C,C,C,C,C,C,C,C,C,C,C,C,C,C,C,C,C,C,C,C,C,C,C,C,C,C,C
R-Ras;RRAS,C,C,C,C,C,C,C,C,C,C,C,C,C,C,C,C,C,C,C,C,C,C,C,C,C,C,C,C,C,C,C,C
MAPKK1;MAP2K1;PRKMK1;MKK1;CFC3;MEK1,D,D,D,D,D,D,D,D,D,N,D,D,D,D,D,D,D,D,D,D,D,D,D,D,D,D,D,D,D,D,D,D
PRKMK2;MKK2;CFC4;MEK2;MAP2K2;MAPKK2,D,D,D,D,D,D,D,D,D,N,D,D,D,D,D,D,D,D,D,D,D,D,D,D,D,D,D,D,D,D,D,D
c-ets-1;ETS1;EWSR2;p54;ETS-1,N,N,N,N,N,N,N,N,N,N,N,N,N,N,N,N,N,N,N,N,N,N,N,N,N,N,N,N,N,N,N,N
NS5;CRAF;Raf-1;CMD1NN;c-Raf;RAF1,B,B,B,B,B,B,B,B,B,N,B,B,B,B,B,B,B,B,B,B,B,B,B,B,B,B,B,B,B,B,B,B
CMM3;PSK-J3;CDK4,D,D,D,D,D,D,D,D,D,D,D,D,D,D,D,D,D,D,D,D,D,D,D,D,D,D,D,D,D,D,D,D
PLSTIRE;CDK6;MCPH12,D,D,D,D,D,D,D,D,D,D,D,D,D,D,D,D,D,D,D,D,D,D,D,D,D,D,D,D,D,D,D,D
U21B31;D11S287E;PRAD1;CCND1;BCL1,A,A,A,A,A,A,N,A,A,N,A,A,A,A,A,A,A,A,N,A,A,A,A,A,A,A,A,A,A,A,A,A
MPPH3;CCND2;KIAK0002,A,A,A,A,A,A,N,A,A,N,A,A,A,A,A,A,A,A,N,A,A,A,A,A,A,A,A,A,A,A,A,A
CCND3,A,A,A,A,A,A,N,A,A,N,A,A,A,A,A,A,A,A,N,A,A,A,A,A,A,A,A,A,A,A,A,A
p41;PRKM1;MAPK1;ERT1;P42MAPK;ERK-2;ERK2;MAPK2;p38;p41mapk;PRKM2;ERK;p42-MAPK;p40,D,D,D,D,D,D,D,D,D,D,D,D,D,D,D,D,D,D,D,D,D,D,D,D,D,D,D,D,D,D,D,D
ERT2;ERK1;p44-MAPK;HUMKER1A;P44ERK1;MAPK3;ERK-1;PRKM3;P44MAPK;p44-ERK1;HS44KDAP,D,D,D,D,D,D,D,D,D,D,D,D,D,D,D,D,D,D,D,D,D,D,D,D,D,D,D,D,D,D,D,D
CDKN1;SDI1;CAP20;CIP1;WAF1;MDA-6;CDKN1A;P21;p21CIP1,N,N,N,N,N,N,N,N,N,N,N,N,N,N,N,N,N,N,N,N,N,N,N,N,N,N,N,N,N,N,N,N
p33(CDK2);CDKN2;CDK2,D,D,D,D,D,D,D,D,D,D,D,D,D,D,D,D,D,D,D,D,D,D,D,D,D,D,D,D,D,D,D,D
pCCNE1;CCNE;CCNE1,A,A,A,A,A,A,A,A,A,N,A,A,A,A,A,A,A,A,N,A,A,A,A,A,A,A,A,A,A,A,A,A
CYCE2;CCNE2,A,A,A,A,A,A,A,A,A,N,A,A,A,A,A,A,A,A,N,A,A,A,A,A,A,A,A,A,A,A,A,A
p105-Rb;pRb;pp110;OSRC;RB;PPP1R130;RB1,N,A,N,N,N,A,N,N,N,N,N,N,N,N,N,N,N,A,N,N,A,N,N,N,N,N,N,N,N,N,A,A
RBL1;p107;PRB1;CP107,N,A,N,N,N,A,N,N,N,N,N,N,N,N,N,N,N,A,N,N,A,N,N,N,N,N,N,N,N,N,A,A
Rb2;RBL2;P130,N,A,N,N,N,A,N,N,N,N,N,N,N,N,N,N,N,A,N,N,A,N,N,N,N,N,N,N,N,N,A,A
E2F1;RBP3;E2F-1;RBBP3;RBAP1,A,A,N,N,N,A,N,A,A,N,A,N,A,A,N,N,N,A,A,A,A,N,N,N,N,N,A,N,A,A,A,A
E2F-2;E2F2,A,A,N,N,N,A,N,A,A,N,A,N,A,A,N,N,N,A,A,A,A,N,N,N,N,N,A,N,A,A,A,A
E2F3;E2F-3,A,A,N,N,N,A,N,A,A,N,A,N,A,A,N,N,N,A,A,A,A,N,N,N,N,N,A,N,A,A,A,A
E2F4;E2F-4,A,A,N,N,N,A,N,A,A,N,A,N,A,A,N,N,N,A,A,A,A,N,N,N,N,N,A,N,A,A,A,A
E2F5;E2F-5,A,A,N,N,N,A,N,A,A,N,A,N,A,A,N,N,N,A,A,A,A,N,N,N,N,N,A,N,A,A,A,A
EXIP;SAPK2A;CSPB1;PRKM15;Mxi2;CSBP;PRKM14;p38;p38ALPHA;CSBP2;MAPK14;RK;CSBP1,D,D,D,D,D,D,D,D,D,D,D,D,D,D,D,D,D,D,D,D,D,D,D,D,D,D,D,D,D,D,D,D
MAPK11;P38B;SAPK2B;p38Beta;p38-2;SAPK2;PRKM11;P38BETA2,D,D,D,D,D,D,D,D,D,D,D,D,D,D,D,D,D,D,D,D,D,D,D,D,D,D,D,D,D,D,D,D
SAPK4;MAPK13;MAPK_13;p38delta;MAPK-13;PRKM13,D,D,D,D,D,D,D,D,D,D,D,D,D,D,D,D,D,D,D,D,D,D,D,D,D,D,D,D,D,D,D,D
ERK6;MAPK12;SAPK3;MAPK_12;PRKM12;ERK-6;ERK3;SAPK-3;P38GAMMA,D,D,D,D,D,D,D,D,D,D,D,D,D,D,D,D,D,D,D,D,D,D,D,D,D,D,D,D,D,D,D,D
MEK3;SAPKK-2;MKK3;PRKMK3;MAPKK3;SAPKK2;MAP2K3,D,D,D,D,D,D,D,D,D,N,D,D,D,D,D,D,D,D,D,D,D,D,D,D,D,D,D,D,D,D,D,D
SAPKK3;MEK6;MAPKK6;MKK6;MAP2K6;PRKMK6;SAPKK-3,D,D,D,D,D,D,D,D,D,N,D,D,D,D,D,D,D,D,D,D,D,D,D,D,D,D,D,D,D,D,D,D
CCNA2;CCNA;CCN1,A,A,A,A,A,A,A,A,A,N,A,A,A,A,A,A,A,A,N,A,A,A,A,A,A,A,A,A,A,A,A,A
CT146;CCNA1,A,A,A,A,A,A,A,A,A,N,A,A,A,A,A,A,A,A,N,A,A,A,A,A,A,A,A,A,A,A,A,A
BMYB;B-MYB;MYBL2,A,A,A,A,A,A,A,A,A,A,A,A,A,A,A,A,A,A,A,A,A,A,A,A,A,A,A,A,A,A,A,A
FOXM1B;PIG29;FOXM1;MPP-2;MPP2;HNF-3;HFH11;INS-1;MPHOSPH2;TRIDENT;HFH-11;FKHL16,N,N,N,N,N,N,N,N,N,N,N,N,N,N,N,N,N,N,N,N,N,N,N,N,N,N,N,N,N,N,N,N
TCX1;JC8.6;CXCDC1;LIN54;MIP120,N,A,A,N,N,A,A,A,A,N,A,A,N,A,A,N,N,A,A,A,A,A,N,N,N,A,A,N,N,A,A,A
TGS;BARA;Lin-9;TGS1;TGS2;BARPsv;LIN9,N,A,A,N,N,N,N,N,A,N,A,N,N,A,N,N,N,N,N,N,A,A,N,N,N,N,N,N,N,N,N,N
ZK418.4;lin-37;F25965;LIN37,N,N,N,N,N,N,N,N,N,N,N,N,N,N,N,N,N,N,N,N,N,N,N,N,N,N,N,N,N,N,N,N
lin-53;RBAP48;NURF55;RBBP4,A,A,A,A,A,A,A,A,A,A,A,A,A,A,A,A,A,A,A,A,A,A,A,A,A,A,A,A,A,A,A,A
C14orf46;c14_5549;LIN52,N,N,N,N,N,N,N,N,N,N,N,N,N,N,N,N,N,N,N,N,N,N,N,N,N,N,N,N,N,N,N,N
ATD;TEL1;TELO1;AT1;ATA;ATM;ATE;ATDC;ATC,A,A,A,A,A,A,N,A,A,A,A,A,A,A,A,A,A,A,A,A,A,A,A,A,A,A,A,A,A,A,A,A
CHK2;hCds1;RAD53;CDS1;PP1425;HuCds1;LFS2;CHEK2,B,B,B,B,B,B,B,B,B,B,B,B,B,B,B,B,B,B,B,B,B,B,B,B,B,B,B,B,B,B,B,B
MRE11A;MRE11;HNGS1;ATLD;MRE11B,N,N,N,N,N,N,N,N,N,N,N,N,N,N,N,N,N,N,N,N,N,N,N,N,N,N,N,N,N,N,N,N
RAD50;hRad50;NBSLD;RAD502,N,N,D,D,N,N,N,N,N,N,N,N,N,N,N,N,D,N,D,N,N,N,N,N,N,N,N,N,N,N,D,N
NBN;ATV;NBS;AT-V2;AT-V1;NBS1;P95,N,N,N,N,A,N,A,N,N,N,N,A,N,N,N,N,N,N,N,N,N,N,N,N,N,N,N,A,N,N,A,A
CR6;GRP17;DDIT2;GADD45gamma;GADD45G,N,N,N,N,N,N,N,N,N,N,N,N,N,N,N,N,N,N,N,N,N,N,N,N,N,N,N,N,N,N,N,N
GADD45A;DDIT1;GADD45,N,N,N,N,N,N,N,N,N,N,N,N,N,N,N,N,N,N,N,N,N,N,N,N,N,N,N,N,N,N,N,N
GADD45BETA;MYD118;GADD45B,N,N,N,N,N,N,N,N,N,N,N,N,N,N,N,N,N,N,N,N,N,N,N,N,N,N,N,N,N,N,N,N
MEC1;FRP1;FCTCS;ATR;SCKL1;SCKL,A,A,A,A,A,A,A,A,A,A,A,A,A,A,A,A,A,A,A,A,A,A,A,A,A,A,A,A,A,A,A,A
CDC25A;CDC25A2,N,N,A,N,N,N,N,A,N,N,N,N,A,N,N,N,A,N,N,N,N,N,A,N,N,N,N,N,N,N,N,N
CHEK1;CHK1,B,B,B,B,B,B,B,B,B,B,B,B,B,B,B,B,B,B,B,B,B,B,B,B,B,B,B,B,B,B,B,B
RAD9B,A,N,N,N,N,N,N,A,A,N,A,A,A,N,N,N,N,N,N,N,N,N,N,A,N,A,N,N,N,N,A,N
RAD9A;RAD9,A,N,N,N,N,N,N,A,A,N,A,A,A,N,N,N,N,N,N,N,N,N,N,A,N,A,N,N,N,N,A,N
REC1;HRAD1;RAD1,N,A,A,N,N,N,N,A,A,N,A,N,A,N,N,N,N,A,A,N,A,N,N,N,A,N,A,N,N,N,A,A
HUS1;hHUS1,N,N,N,N,N,N,N,N,N,N,N,N,N,N,N,N,N,N,N,N,N,N,N,N,N,N,N,N,N,N,N,N
CDK1;P34CDC2;CDC28A;CDC2,D,D,D,D,D,D,D,D,D,D,D,D,D,D,D,D,D,D,D,D,D,D,D,D,D,D,D,D,D,D,D,D
CCNB3,A,A,A,A,A,A,A,A,A,N,A,A,A,A,A,A,A,A,N,A,A,A,A,A,A,A,A,A,A,A,A,A
CCNB1;CCNB,A,A,A,A,A,A,A,A,A,N,A,A,A,A,A,A,A,A,N,A,A,A,A,A,A,A,A,A,A,A,A,A
HsT17299;CCNB2,A,A,A,A,A,A,A,A,A,N,A,A,A,A,A,A,A,A,N,A,A,A,A,A,A,A,A,A,A,A,A,A
CVID12;NF-kB1;NF-kappa-B;NFKB-p105;NFkappaB;p105;NFKB-p50;NF-kappaB;KBF1;p50;NFKB1;EBP-1,A,A,A,A,A,A,A,A,A,A,A,A,A,A,A,A,A,A,A,A,A,A,A,A,A,A,A,A,A,A,A,A
RELA;NFKB3;p65,A,N,A,N,A,N,N,N,N,N,A,N,A,A,N,N,N,N,N,N,N,N,N,N,N,N,N,N,N,N,A,N
CANDF8;CIKS;TRAF3IP2;C6orf6;PSORS13;C6orf2;ACT1;C6orf4;C6orf5,N,N,N,N,N,N,N,N,N,N,N,N,N,N,N,N,N,N,N,N,N,N,N,N,N,N,N,N,N,N,N,N
VSD1;ASD2;TOF;GATA4;TACHD,N,N,N,N,N,N,N,N,N,N,N,N,N,N,N,N,N,N,N,N,N,N,N,N,N,N,N,N,N,N,N,N
ZIP3;FTDALS3;A170;DMRV;OSIL;SQSTM1;p62;p60;p62B;PDB3;NADGP,A,N,N,N,N,N,N,N,N,N,A,N,N,N,N,N,N,N,N,A,N,N,A,N,N,N,N,N,N,N,A,N
MAPKAP-K2;MK-2;MAPKAPK2;MK2,B,B,B,B,B,B,B,B,B,B,B,B,B,B,B,B,B,B,B,B,B,B,B,B,B,B,B,B,B,B,B,B
ERF-1;Berg36;ERF1;ZFP36L1;RNF162B;cMG1;BRF1;TIS11B,A,A,N,N,A,A,N,A,A,N,A,A,N,A,A,N,N,N,A,A,A,N,A,N,N,A,N,A,N,N,N,N
RNF162C;ERF-2;ERF2;BRF2;ZFP36L2;TIS11D,A,A,N,N,A,A,N,A,A,N,A,A,N,A,A,N,N,N,A,A,A,N,A,N,N,A,N,A,N,N,N,N
4E-BP1;PHAS-I;EIF4EBP1;BP-1;4EBP1,N,N,N,N,N,N,N,N,N,N,N,N,N,N,N,N,N,N,N,N,N,N,N,N,N,N,N,N,N,N,N,N
IL1;IL1-ALPHA;IL1A;IL-1A;IL1F1,N,N,N,N,N,N,N,N,N,N,N,N,N,N,N,N,N,N,N,N,N,N,N,N,N,N,N,N,N,N,N,N
CCHL1A2;CACN4;Cav1.3;PASNA;CACH3;CACNL1A2;SANDD;CACNA1D,N,N,N,N,N,N,N,N,N,N,N,N,N,N,N,N,N,N,N,N,N,N,N,N,N,N,N,N,N,N,N,N
CANP1;muCANP;CANPL1;SPG76;muCL;CAPN1;CANP,N,A,A,N,A,N,N,A,A,N,A,A,A,A,A,A,A,N,A,A,A,A,A,A,N,A,N,N,A,N,A,A
mCANP;CANPml;CANP2;CANPL2;CAPN2,N,A,A,N,A,N,N,A,A,N,A,A,A,A,A,A,A,N,A,A,A,A,A,A,N,A,N,N,A,N,A,A
CALML6;CAGLP,A,A,A,A,A,A,N,A,A,N,A,A,A,A,A,A,A,A,A,A,A,A,A,A,A,A,A,A,A,A,A,A
CALML5;CLSP,B,B,B,B,B,B,B,B,B,B,B,B,B,B,B,B,B,B,B,B,B,B,B,B,B,B,B,B,B,B,B,B
CALM1;CPVT4;CAMI;LQT14;PHKD;CALML2;caM;DD132,B,B,B,B,B,B,B,B,B,B,B,B,B,B,B,B,B,B,B,B,B,B,B,B,B,B,B,B,B,B,B,B
CAMII;LQT15;PHKD2;caM;PHKD;CALM2,B,B,B,B,B,B,B,B,B,B,B,B,B,B,B,B,B,B,B,B,B,B,B,B,B,B,B,B,B,B,B,B
PHKD3;HEL-S-72;CALM3;PHKD;CaMIII;CaM,B,B,B,B,B,B,B,B,B,B,B,B,B,B,B,B,B,B,B,B,B,B,B,B,B,B,B,B,B,B,B,B
CLP;CALML3,B,B,B,B,B,B,B,B,B,B,B,B,B,B,B,B,B,B,B,B,B,B,B,B,B,B,B,B,B,B,B,B
CALML4;NY-BR-20,A,A,A,A,A,N,A,A,A,N,A,A,A,A,A,A,A,A,A,A,A,A,A,A,A,A,A,A,A,A,A,A
CALNA1;PPP3CA;CNA1;CALN;CALNA;PPP2B;CCN1,D,D,D,D,D,D,D,D,D,N,D,D,D,D,D,D,D,D,D,D,D,D,D,D,D,D,D,D,D,D,D,D
PP2Bbeta;CALNA2;CNA2;CALNB;PPP3CB,D,D,D,D,D,D,D,D,D,N,D,D,D,D,D,D,D,D,D,D,D,D,D,D,D,D,D,D,D,D,D,D
CNA3;PP2Bgamma;CALNA3;PPP3CC,D,D,D,D,D,D,D,D,D,N,D,D,D,D,D,D,D,D,D,D,D,D,D,D,D,D,D,D,D,D,D,D
CNB;CNB1;CALNB1;PPP3R1,A,A,A,A,A,A,A,A,A,N,A,A,A,A,A,A,A,A,A,A,A,A,A,A,A,A,A,A,A,A,A,A
PPP3R2;PPP3RL,A,A,A,A,A,A,A,A,A,A,A,A,A,A,A,A,A,A,A,A,A,A,A,A,A,A,A,A,A,A,A,A
NFAT2;NF-ATC;NFATc;NF-ATc1.2;NFATC1,N,N,N,N,N,N,N,N,N,N,N,N,N,N,N,N,N,N,N,N,N,N,N,N,N,N,N,N,N,N,N,N
NFAT1;NFATC2;NFATP,N,N,N,N,N,N,N,N,N,N,N,N,N,N,N,N,N,N,N,N,N,N,N,N,N,N,N,N,N,N,N,N
NFATC3;NFATX;NFAT4,N,N,N,N,N,N,N,N,N,N,N,N,N,N,N,N,N,N,N,N,N,N,N,N,N,N,N,N,N,N,N,N
NF-AT3;NFATC4;NF-ATC4;NFAT3,N,N,N,N,N,N,N,N,N,N,N,N,N,N,N,N,N,N,N,N,N,N,N,N,N,N,N,N,N,N,N,N
ACV;CLA4;PPP1R94;ITPR1;SCA16;INSP3R1;IP3R1;SCA29;SCA15;IP3R,A,N,N,A,N,N,N,N,N,N,A,N,A,A,A,N,N,N,N,A,N,N,N,N,N,N,N,N,N,N,A,N
INSP3R2;ITPR2;ANHD;CFAP48;IP3R2,A,N,N,A,N,N,N,N,N,N,A,N,A,A,A,N,N,N,N,A,N,N,N,N,N,N,N,N,N,N,A,N
IP3R;IP3R3;ITPR3,A,N,N,A,N,N,N,N,N,N,A,N,A,A,A,N,N,N,N,A,N,N,N,N,N,N,N,N,N,N,A,N
MCU;HsMCU;C10orf42;CCDC109A,N,N,A,N,A,N,N,N,A,N,N,A,N,A,A,N,N,N,N,N,N,N,N,A,N,A,N,N,N,N,A,N
TRPV4;SSQTL1;SMAL;CMT2C;VRL2;TRP12;SPSMA;HMSN2C;VROAC;OTRPC4;BCYM3,N,N,N,N,N,N,N,A,N,N,A,N,A,A,N,N,N,N,N,A,N,N,A,N,N,A,N,N,N,N,A,A
CHAK1;LTRPC7;TRPM7;LTrpC-7;ALSPDC;CHAK;TRP-PLIK,N,A,A,A,N,N,N,A,A,N,A,A,A,A,N,N,A,A,N,A,A,A,A,N,N,A,N,N,N,N,A,A
CDF;IL6;IL-6;HGF;BSF-2;HSF;IFN-beta-2;IFNB2;BSF2,N,N,N,N,N,N,N,N,N,N,N,N,N,N,N,N,N,N,N,N,N,N,N,N,N,N,N,N,N,N,N,N
GCP-1;GCP1;LYNAP;NAP1;MONAP;NAP-1;NAF;MDNCF;LUCT;LECT;IL8;CXCL8,N,N,N,N,N,N,N,N,N,N,N,N,N,N,N,N,N,N,N,N,N,N,N,N,N,N,N,N,N,N,N,N
TGFB1;TGFbeta;DPD1;CED;LAP;TGFB,N,N,N,N,N,N,N,N,N,N,N,N,N,N,N,N,N,N,N,N,N,N,N,N,N,N,N,N,N,N,N,N
G-TSF;TGFB2;LDS4;TGF-beta2,N,N,N,N,N,N,N,N,N,N,N,N,N,N,N,N,N,N,N,N,N,N,N,N,N,N,N,N,N,N,N,N
RNHF;ARVD1;TGF-beta3;TGFB3;ARVD;LDS5,N,N,N,N,N,N,N,N,N,N,N,N,N,N,N,N,N,N,N,N,N,N,N,N,N,N,N,N,N,N,N,N
JV18-1;JV18;hSMAD2;SMAD2;MADR2;MADH2;hMAD-2,N,N,N,N,N,N,N,N,N,N,N,N,N,N,N,N,N,N,N,N,N,N,N,N,N,N,N,N,N,N,N,N
LDS3;LDS1C;JV15-2;MADH3;SMAD3;HSPC193;HsT17436,N,N,N,N,N,N,N,N,N,N,N,N,N,N,N,N,N,N,N,N,N,N,N,N,N,N,N,N,N,N,N,N
FKH1;FKHR;FOXO1;FOXO1A,N,N,N,N,N,N,N,N,N,N,N,N,N,N,N,N,N,N,N,N,N,N,N,N,N,N,N,N,N,N,N,N
FBXW11;Fbw11;BTRCP2;FBW1B;Hos;FBXW1B;BTRC2,A,A,A,A,A,A,A,A,A,A,A,A,A,A,A,A,A,A,A,A,A,A,A,A,A,A,A,A,A,A,A,A
betaTrCP;FBW1A;FWD1;FBXW1A;bTrCP1;FBXW1;BTRC;BETA-TRCP;bTrCP,A,A,A,A,A,A,A,A,A,A,A,A,A,A,A,A,A,A,A,A,A,A,A,A,A,A,A,A,A,A,A,A
AAT5;ACVRLK4;LDS1;MSSE;LDS1A;SKR4;LDS2A;ESS1;tbetaR-I;ALK-5;TGFR-1;TGFBR1;ALK5,B,B,B,B,B,B,B,B,B,B,B,B,B,B,B,B,B,B,B,B,B,B,B,B,B,B,B,B,B,B,B,B
MFS2;TGFR-2;TGFbeta-RII;RIIC;LDS2B;FAA3;TAAD2;TGFBR2;AAT3;LDS2;LDS1B,B,B,B,B,B,B,B,B,B,N,B,B,B,B,B,B,B,B,B,B,B,B,B,B,B,B,B,B,B,B,B,B
BP-53;IBP3;IGFBP3,N,N,N,N,N,N,N,N,N,N,N,N,N,N,N,N,N,N,N,N,N,N,N,N,N,N,N,N,N,N,N,N
PAI;SERPINE1;PAI1;PAI-1;PLANH1,N,N,A,A,N,N,N,N,A,N,N,N,N,N,N,N,N,N,N,N,N,N,A,N,N,N,N,N,N,N,A,N
CD158A;KIR-K64;KIR2DL1;NKAT-1;NKAT;p58.1;NKAT1;KIR221,N,N,N,N,N,N,N,N,N,N,N,N,N,N,N,N,N,N,N,N,N,N,N,N,N,N,N,N,N,N,N,N
CD158b;KIR2DL2;NKAT6;p58.2;CD158B1;NKAT-6,N,N,N,N,N,N,N,N,N,N,N,N,N,N,N,N,N,N,N,N,N,N,N,N,N,N,N,N,N,N,N,N
KIR-K7c;KIR2DS5;NKAT2B;KIR-K7b;NKAT;CD158b;p58;CD158B2;NKAT2;NKAT2A;KIR-023GB;GL183;KIR2DL3;KIRCL23,N,N,N,N,N,N,N,N,N,N,N,N,N,N,N,N,N,N,N,N,N,N,N,N,N,N,N,N,N,N,N,N
CD158D;KIR2DL4;KIR103AS;KIR103;KIR-103AS;KIR-2DL4;G9P,N,N,N,N,N,N,N,N,N,N,N,N,N,N,N,N,N,N,N,N,N,N,N,N,N,N,N,N,N,N,N,N
KIR2DL5.3;KIR2DL5.1;KIR2DL5A;KIR2DL5;CD158F,N,N,N,N,N,N,N,N,N,N,N,N,N,N,N,N,N,N,N,N,N,N,N,N,N,N,N,N,N,N,N,N
HLA-A;HLAA,N,N,N,N,N,N,N,N,N,N,N,N,N,N,N,N,N,N,N,N,N,N,N,N,N,N,N,N,N,N,N,N
AS;HLA-B;B-4901;HLAB,N,N,N,N,N,N,N,N,N,N,N,N,N,N,N,N,N,N,N,N,N,N,N,N,N,N,N,N,N,N,N,N
PSORS1;HLAC;HLC-C;D6S204;HLA-C;HLA-JY3;MHC,N,N,N,N,N,N,N,N,N,N,N,N,N,N,N,N,N,N,N,N,N,N,N,N,N,N,N,N,N,N,N,N
QA1;HLA-E;HLA-6.2,N,N,N,N,N,N,N,N,N,N,N,N,N,N,N,N,N,N,N,N,N,N,N,N,N,N,N,N,N,N,N,N
CDA12;HLA-F;HLA-CDA12;HLA-5.4;HLAF,N,N,N,N,N,N,N,N,N,N,N,N,N,N,N,N,N,N,N,N,N,N,N,N,N,N,N,N,N,N,N,N
HLA-G;MHC-G,N,N,N,N,N,N,N,N,N,N,N,N,N,N,N,N,N,N,N,N,N,N,N,N,N,N,N,N,N,N,N,N
GLM2;DEC;BZS;PTENbeta;CWS1;PTEN1;10q23del;PTEN;TEP1;MMAC1;MHAM,D,D,D,N,D,N,N,D,D,N,D,D,N,D,D,N,N,N,D,N,D,D,D,D,D,D,D,D,D,D,D,D
CDK4I;CDKN2B;TP15;INK4B;P15;p15INK4b;MTS2,N,N,N,N,N,N,N,N,N,N,N,N,N,N,N,N,N,N,N,N,N,N,N,N,N,N,N,N,N,N,N,N
ANT1;ANT_1;ANT;AAC1;SLC25A4;MTDPS12A;PEO3;T1;PEO2;PEOA2;MTDPS12,A,A,A,N,A,A,A,A,A,N,A,A,A,A,A,A,A,A,A,A,A,A,A,A,A,A,A,A,A,A,A,A
T2;2F1;SLC25A5;T3;ANT2;AAC2,A,A,A,N,A,A,A,A,A,N,A,A,A,A,A,A,A,A,A,A,A,A,A,A,A,A,A,A,A,A,A,A
ANT3;ANT3Y;ANT;ANT_2;ANT_3;SLC25A6;AAC3,A,A,A,N,A,A,A,A,A,N,A,A,A,A,A,A,A,A,A,A,A,A,A,A,A,A,A,A,A,A,A,A
SFEC35kDa;SLC25A31;AAC4;ANT_4;ANT4,A,A,A,N,A,A,A,A,A,N,A,A,A,A,A,A,A,A,A,A,A,A,A,A,A,A,A,A,A,A,A,A
VDAC1;PORIN;VDAC-1,N,A,N,N,N,N,N,N,A,N,N,A,N,N,N,N,N,N,N,N,N,N,N,N,N,N,N,N,N,N,A,N
POR;VDAC2,N,A,N,N,N,N,N,N,A,N,N,A,N,N,N,N,N,N,N,N,N,N,N,N,N,N,N,N,N,N,A,N
HD-VDAC3;VDAC3;VDAC-3,N,A,N,N,N,N,N,N,A,N,N,A,N,N,N,N,N,N,N,N,N,N,N,N,N,N,N,N,N,N,A,N
PPID;CYPD;CYP-40,D,D,D,D,D,D,D,D,D,N,D,D,D,D,D,D,D,D,D,D,D,D,D,D,D,D,D,D,D,D,D,D
