ATCES1,N,A,N,N,N,N,N,N,A,N,N,N,N,A,N,N,N,N,A,N,N,N,N,N,A,N,N,N,N,N,A,A
2,N,N,A,N,N,N,N,A,N,N,N,N,A,N,N,N,N,N,N,N,A,N,N,N,N,N,N,N,N,N,A,N
3,N,N,A,N,N,N,N,A,N,N,N,N,A,N,N,N,N,N,N,N,A,N,N,N,N,N,N,N,N,N,A,N
4,N,N,A,N,N,N,N,A,N,N,N,N,A,N,N,N,N,N,N,N,A,N,N,N,N,N,N,N,N,N,A,N
DES-1-LIKE,N,A,A,N,A,N,N,N,A,N,A,A,N,N,A,N,N,N,N,A,A,A,N,A,N,N,N,N,N,N,A,N
SBH2,A,A,A,N,A,N,N,N,A,N,A,N,N,N,A,N,A,A,N,A,A,A,N,N,N,A,N,A,N,N,A,N
SBH1,A,A,A,N,A,N,N,N,A,N,A,N,N,N,A,N,A,A,N,A,A,A,N,N,N,A,N,A,N,N,A,N
ACD5,A,N,N,N,A,N,N,A,A,N,A,N,N,A,A,N,N,N,N,N,A,A,A,N,N,N,N,N,N,N,A,N
SPT1,N,D,D,N,N,N,N,N,D,N,D,N,N,N,N,N,D,N,N,D,D,D,N,D,D,N,N,D,N,D,D,N
10,N,D,D,N,N,N,N,N,D,N,D,N,N,N,N,N,D,N,N,D,D,D,N,D,D,N,N,D,N,D,D,N
LCB1,N,D,D,N,N,N,N,N,D,N,D,N,N,N,N,N,D,N,N,D,D,D,N,D,D,N,N,D,N,D,D,N
LCB2,N,D,D,N,N,N,N,N,D,N,D,N,N,N,N,N,D,N,N,D,D,D,N,D,D,N,N,D,N,D,D,N
TSC10A,B,B,B,B,B,B,B,B,B,N,B,B,B,B,N,N,B,N,B,B,B,B,B,B,B,B,B,B,N,B,B,B
TSC10B,B,B,B,B,B,B,B,B,B,N,B,B,B,B,N,N,B,N,B,B,B,B,B,B,B,B,B,B,N,B,B,B
15,N,A,A,A,N,N,N,N,A,N,A,A,N,A,N,N,A,N,N,N,N,N,N,N,N,A,N,A,N,N,A,N
AGAL2,N,A,A,A,N,N,N,N,A,N,A,A,N,A,N,N,A,N,N,N,N,N,N,N,N,A,N,A,N,N,A,N
AGAL1,N,A,A,A,N,N,N,N,A,N,A,A,N,A,N,N,A,N,N,N,N,N,N,N,N,A,N,A,N,N,A,N
BGAL17,A,N,N,N,N,N,N,N,N,N,A,N,N,N,N,N,A,N,N,N,N,A,N,N,N,A,A,N,N,N,A,N
BGAL2,A,N,N,N,N,N,N,N,N,N,A,N,N,N,N,N,A,N,N,N,N,A,N,N,N,A,A,N,N,N,A,N
20,N,N,N,N,N,N,N,N,N,N,N,N,N,N,N,N,N,N,N,N,N,N,N,N,N,N,N,N,N,N,N,N
21,N,N,N,N,N,N,N,N,N,N,N,N,N,N,N,N,N,N,N,N,N,N,N,N,N,N,N,N,N,N,N,N
22,N,N,N,N,N,N,N,N,N,N,N,N,N,N,N,N,N,N,N,N,N,N,N,N,N,N,N,N,N,N,N,N
23,N,N,N,N,N,N,N,N,N,N,N,N,N,N,N,N,N,N,N,N,N,N,N,N,N,N,N,N,N,N,N,N
24,N,N,N,N,N,N,N,N,N,N,N,N,N,N,N,N,N,N,N,N,N,N,N,N,N,N,N,N,N,N,N,N
SPHK2,A,N,N,N,A,N,N,A,A,N,A,N,N,A,A,N,N,N,N,N,A,A,A,N,N,N,N,N,N,N,A,N
SPHK1,A,N,N,N,A,N,N,A,A,N,A,N,N,A,A,N,N,N,N,N,A,A,A,N,N,N,N,N,N,N,A,N
DPL1,N,N,N,N,N,N,N,N,N,N,N,N,N,N,N,N,N,N,N,N,N,N,N,N,N,N,N,N,N,N,N,N
