VTC4,N,N,N,N,N,N,N,N,N,N,N,N,N,N,N,N,N,N,N,N,N,N,N,N,N,N,N,N,N,N,N,N
IMPL2,N,N,N,N,N,N,N,N,N,N,N,N,N,N,N,N,N,N,N,N,N,N,N,N,N,N,N,N,N,N,N,N
VTC2,A,N,N,N,N,N,N,A,A,N,N,N,N,A,N,N,A,N,N,A,N,N,A,N,N,N,N,N,N,N,A,A
VTC5,A,N,N,N,N,N,N,A,A,N,N,N,N,A,N,N,A,N,N,A,N,N,A,N,N,N,N,N,N,N,A,A
GME,N,N,N,N,N,N,N,N,N,N,N,N,N,N,N,N,N,N,N,N,N,N,N,N,N,N,N,N,N,N,N,N
MIOX1,B,N,N,N,N,N,N,N,B,N,N,B,N,N,N,N,B,N,N,N,N,N,B,N,N,N,N,B,N,N,N,N
MIOX2,B,N,N,N,N,N,N,N,B,N,N,B,N,N,N,N,B,N,N,N,N,N,B,N,N,N,N,B,N,N,N,N
MIOX4,B,N,N,N,N,N,N,N,B,N,N,B,N,N,N,N,B,N,N,N,N,N,B,N,N,N,N,B,N,N,N,N
MIOX5,B,N,N,N,N,N,N,N,B,N,N,B,N,N,N,N,B,N,N,N,N,N,B,N,N,N,N,B,N,N,N,N
GLCAK,N,N,N,N,N,N,N,N,N,N,N,N,N,N,N,N,N,N,N,N,N,N,N,N,N,N,N,N,N,N,N,N
11,N,N,N,N,N,N,N,N,N,N,N,N,N,N,N,N,N,N,N,N,N,N,N,N,N,N,N,N,N,N,N,N
UGD1,N,N,D,N,N,N,N,D,D,N,D,N,D,N,N,N,N,N,N,N,N,D,N,N,N,N,N,D,N,N,N,N
13,N,N,D,N,N,N,N,D,D,N,D,N,D,N,N,N,N,N,N,N,N,D,N,N,N,N,N,D,N,N,N,N
UGD2,N,N,D,N,N,N,N,D,D,N,D,N,D,N,N,N,N,N,N,N,N,D,N,N,N,N,N,D,N,N,N,N
UGD3,N,N,D,N,N,N,N,D,D,N,D,N,D,N,N,N,N,N,N,N,N,D,N,N,N,N,N,D,N,N,N,N
UDG4,N,N,D,N,N,N,N,D,D,N,D,N,D,N,N,N,N,N,N,N,N,D,N,N,N,N,N,D,N,N,N,N
GLDH,N,N,B,N,N,N,B,N,B,N,B,N,N,N,N,N,N,N,B,B,N,N,B,N,N,N,N,N,N,N,N,N
USP,A,N,A,N,A,N,A,A,A,N,A,N,A,A,N,A,N,A,N,N,A,N,A,A,N,N,A,A,N,A,A,N
19,N,N,N,N,N,N,N,N,N,N,N,N,N,N,N,N,N,N,N,N,N,N,N,N,N,N,N,N,N,N,N,N
ALDH2B7,A,N,A,N,A,N,A,A,A,N,A,A,A,A,N,N,N,A,A,N,N,N,A,N,N,A,N,A,A,A,A,N
ALDH3H1,A,N,A,N,A,N,A,A,A,N,A,A,A,A,N,N,N,A,A,N,N,N,A,N,N,A,N,A,A,A,A,N
ALDH7B4,A,N,A,N,A,N,A,A,A,N,A,A,A,A,N,N,N,A,A,N,N,N,A,N,N,A,N,A,A,A,A,N
ALDH2B4,A,N,A,N,A,N,A,A,A,N,A,A,A,A,N,N,N,A,A,N,N,N,A,N,N,A,N,A,A,A,A,N
ALDH3I1,A,N,A,N,A,N,A,A,A,N,A,A,A,A,N,N,N,A,A,N,N,N,A,N,N,A,N,A,A,A,A,N
ALDH3F1,A,N,A,N,A,N,A,A,A,N,A,A,A,A,N,N,N,A,A,N,N,N,A,N,N,A,N,A,A,A,A,N
26,N,N,N,N,N,N,N,A,N,N,A,N,N,A,N,N,N,N,N,A,N,N,N,N,N,N,N,N,N,N,A,N
DHAR1,N,N,N,N,N,N,N,A,N,N,A,N,N,A,N,N,N,N,N,A,N,N,N,N,N,N,N,N,N,N,A,N
DHAR2,N,N,N,N,N,N,N,A,N,N,A,N,N,A,N,N,N,N,N,A,N,N,N,N,N,N,N,N,N,N,A,N
DHAR3,N,N,N,N,N,N,N,A,A,N,A,N,N,A,N,N,A,A,N,A,N,N,N,A,N,N,N,N,N,N,A,N
APX1,N,N,D,N,D,N,N,N,D,N,D,N,D,D,N,N,D,D,N,N,N,D,D,N,N,N,N,N,N,N,N,N
TAPX,N,N,D,N,D,N,N,N,D,N,D,N,D,D,N,N,N,D,N,N,N,N,D,N,N,N,N,N,N,N,N,N
APX2,N,N,D,N,D,N,N,N,D,N,D,N,D,D,N,N,D,D,N,N,N,D,D,N,N,N,N,N,N,N,N,N
SAPX,N,N,D,N,D,N,N,N,D,N,D,N,D,D,N,N,N,D,N,N,N,N,D,N,N,N,N,N,N,N,N,N
TL29,N,N,D,N,D,N,N,N,D,N,D,N,D,N,N,N,N,D,N,N,N,N,D,N,N,N,N,N,N,N,N,N
APX6,N,N,D,N,D,N,N,N,D,N,D,N,D,D,N,N,N,D,N,N,N,N,D,N,N,N,N,N,N,N,N,N
APX3,N,N,D,N,D,N,N,N,D,N,D,N,D,D,N,N,D,D,N,N,N,D,D,N,N,N,N,N,N,N,N,N
APX5,N,N,D,N,D,N,N,N,D,N,D,N,D,D,N,N,D,D,N,N,N,D,D,N,N,N,N,N,N,N,N,N
sks12,N,N,N,N,N,N,N,N,A,N,A,N,N,N,N,N,A,N,A,N,N,N,A,N,N,A,N,N,N,N,N,N
sks11,N,N,N,N,N,N,N,N,A,N,A,N,N,N,N,N,A,N,A,N,N,N,A,N,N,A,N,N,N,N,N,N
40,N,N,N,N,N,N,N,N,A,N,A,N,N,N,N,N,A,N,A,N,N,N,A,N,N,A,N,N,N,N,N,N
41,N,N,N,N,N,N,N,N,A,N,A,N,N,N,N,N,A,N,A,N,N,N,A,N,N,A,N,N,N,N,N,N
MDAR6,N,N,N,N,N,N,N,N,N,N,N,N,N,N,N,N,N,N,N,N,N,N,N,N,N,N,N,N,N,N,N,N
MDHAR,N,N,N,N,N,N,N,N,N,N,N,N,N,N,N,N,N,N,N,N,N,N,N,N,N,N,N,N,N,N,N,N
MDAR4,N,N,N,N,N,N,N,N,N,N,N,N,N,N,N,N,N,N,N,N,N,N,N,N,N,N,N,N,N,N,N,N
MDAR1,N,N,N,N,N,N,N,N,N,N,N,N,N,N,N,N,N,N,N,N,N,N,N,N,N,N,N,N,N,N,N,N
ATMDAR2,N,N,N,N,N,N,N,N,N,N,N,N,N,N,N,N,N,N,N,N,N,N,N,N,N,N,N,N,N,N,N,N
