1,D,D,D,D,D,D,D,D,D,D,D,D,D,D,D,D,D,D,D,D,D,D,D,D,D,D,D,D,D,D,D,D
2,D,D,D,D,D,D,D,D,D,D,D,D,D,D,D,D,D,D,D,D,D,D,D,D,D,D,D,D,D,D,D,D
UAP56b,D,D,D,D,D,D,D,D,D,D,D,D,D,D,D,D,D,D,D,D,D,D,D,D,D,D,D,D,D,D,D,D
U1-70K,A,A,N,N,A,N,A,A,A,N,A,N,A,A,A,A,A,A,N,N,A,A,A,N,N,A,A,N,N,N,A,A
U1A,A,N,A,N,N,N,N,A,A,N,A,A,A,N,N,N,A,N,N,N,A,A,N,A,N,A,A,N,N,N,A,N
6,N,N,N,N,N,N,A,N,N,A,A,N,N,N,A,N,N,N,N,N,N,N,N,N,N,N,N,N,A,N,N,N
ESP3,A,A,A,A,A,A,A,A,A,N,A,A,A,A,A,A,A,A,A,A,A,A,A,A,N,A,A,A,A,A,A,A
MEE29,A,A,A,A,A,A,A,A,A,N,A,A,A,A,A,A,A,A,A,A,A,A,A,A,N,A,A,A,A,A,A,A
9,A,A,A,A,A,A,A,A,A,N,A,A,A,A,A,A,A,A,A,A,A,A,A,A,N,A,A,A,A,A,A,A
EMB3011,A,A,A,A,A,A,A,A,A,N,A,A,A,A,A,A,A,A,A,A,A,A,A,A,N,A,A,A,A,A,A,A
11,A,A,A,A,A,A,A,A,A,N,A,A,A,A,A,A,A,A,A,A,A,A,A,A,A,A,A,A,A,A,A,A
PRP40A,N,A,A,N,A,N,A,A,A,N,A,A,A,A,N,N,A,A,N,N,A,N,A,N,N,A,N,N,N,N,A,A
PRP40B,N,A,A,N,A,N,A,A,A,N,A,A,A,A,N,N,A,A,N,N,A,N,A,N,N,A,N,N,N,N,A,A
14,A,N,N,N,N,N,N,N,A,N,N,A,N,A,N,N,N,N,N,N,N,A,N,N,N,N,N,N,N,N,N,A
15,A,A,A,A,A,A,A,A,A,N,A,A,A,A,A,A,A,A,A,A,A,A,A,A,N,A,A,A,A,A,A,A
16,A,A,A,A,A,A,A,A,A,N,A,A,A,A,A,A,A,A,A,A,A,A,A,A,N,A,A,A,A,A,A,A
17,A,A,A,A,A,A,A,A,A,N,A,A,A,A,A,A,A,A,A,A,A,A,A,A,N,A,A,A,A,A,A,A
18,A,A,A,A,A,A,A,A,A,N,A,A,A,A,A,A,A,A,A,A,A,A,A,A,N,A,A,A,A,A,A,A
19,A,A,A,A,A,A,A,A,A,N,A,A,A,A,A,A,A,A,A,A,A,A,A,A,N,A,A,A,A,A,A,A
20,A,A,A,A,A,A,A,A,A,N,A,A,A,A,A,A,A,A,A,A,A,A,A,A,N,A,A,A,A,A,A,A
21,A,A,A,A,A,A,A,A,A,N,A,A,A,A,A,A,A,A,A,A,A,A,A,A,N,A,A,A,A,A,A,A
22,A,A,A,A,A,A,A,A,A,N,A,A,A,A,A,A,A,A,A,A,A,A,A,A,N,A,A,A,A,A,A,A
23,A,A,A,A,N,A,A,N,A,A,A,A,N,A,A,A,A,A,N,A,A,N,N,A,N,A,N,A,A,N,A,A
SmD3,A,A,A,A,N,A,A,N,A,N,A,N,N,A,A,A,A,A,N,A,A,N,N,A,N,A,N,N,A,N,A,A
25,N,C,C,C,N,C,C,N,C,C,C,C,N,C,N,C,C,C,N,C,C,N,N,C,N,C,N,C,C,N,C,C
26,N,N,N,N,N,C,N,N,C,C,C,N,N,N,N,N,C,C,N,N,N,N,N,C,N,C,N,N,N,N,N,N
SNRNP-G,N,C,N,N,C,C,C,C,C,C,C,N,N,N,N,C,C,C,C,N,C,N,N,C,C,C,C,N,C,C,C,C
28,N,A,A,N,N,N,A,N,A,N,A,N,N,N,A,N,N,A,N,N,N,N,N,N,N,N,N,N,A,N,N,A
29,N,A,A,N,N,A,N,N,A,N,A,N,N,A,N,N,A,N,N,N,A,N,N,N,N,N,N,N,A,N,A,N
30,N,C,N,N,C,C,C,C,C,C,C,N,N,N,N,C,C,C,C,N,C,N,N,C,C,C,C,N,C,C,C,C
31,N,A,A,N,N,N,A,N,A,N,A,N,N,N,A,N,N,A,N,N,N,N,N,N,N,N,N,N,A,N,N,A
32,N,A,A,A,N,A,A,N,A,N,A,N,N,A,N,A,A,A,N,N,A,N,N,N,N,N,N,N,A,N,A,N
smB,A,A,N,N,A,A,N,A,A,N,A,N,N,A,N,A,A,A,A,A,A,A,A,A,A,N,A,A,A,N,A,A
RUXF,N,C,C,C,N,C,C,N,C,C,C,C,N,C,N,C,C,C,N,C,C,N,N,C,N,C,N,C,C,N,C,C
35,N,N,N,N,N,C,N,N,C,C,C,N,N,N,N,N,C,C,N,N,N,N,N,C,N,C,N,N,N,N,N,N
36,A,A,N,N,A,A,N,A,A,N,A,N,N,A,N,A,A,A,A,A,A,A,A,A,A,N,A,A,A,N,A,A
RH20,D,D,D,D,D,D,D,D,D,D,D,D,D,D,D,D,D,D,D,D,D,D,D,D,D,D,D,D,D,D,D,D
DRH1,D,D,D,D,D,D,D,D,D,D,D,D,D,D,D,D,D,D,D,D,D,D,D,D,D,D,D,D,D,D,D,D
39,D,D,D,D,D,D,D,D,D,D,D,D,D,D,D,D,D,D,D,D,D,D,D,D,D,D,D,D,D,D,D,D
40,D,D,D,D,D,D,D,D,D,D,D,D,D,D,D,D,D,D,D,D,D,D,D,D,D,D,D,D,D,D,D,D
41,D,D,D,D,D,D,D,D,D,D,D,D,D,D,D,D,D,D,D,D,D,D,D,D,D,D,D,D,D,D,D,D
PRP40C,N,A,A,N,A,N,A,A,A,N,A,A,A,A,N,N,A,A,N,N,A,N,A,N,N,A,N,N,N,N,A,A
U2A',B,N,B,B,B,N,N,B,B,N,B,B,B,B,N,B,B,B,B,N,B,B,B,N,B,N,N,N,N,B,B,N
44,A,N,A,N,N,N,N,A,A,N,A,A,A,N,N,N,A,N,N,N,A,A,N,A,N,A,A,N,N,N,A,N
U2B'',A,N,A,N,N,N,N,A,A,N,A,A,A,N,N,N,A,N,N,N,A,A,N,A,N,A,A,N,N,N,A,N
46,A,A,A,N,A,N,A,N,A,N,A,N,N,A,A,A,N,N,A,N,A,A,A,N,N,N,A,A,A,A,A,N
47,A,A,A,N,A,N,A,N,A,N,A,N,N,A,A,A,N,N,A,N,A,A,A,N,N,N,A,A,A,A,A,N
48,A,A,N,N,N,N,A,A,A,N,A,N,N,A,A,A,A,A,A,A,A,N,N,A,N,A,A,A,A,A,N,A
49,A,A,N,N,N,N,N,N,A,N,N,N,N,N,A,A,N,N,A,N,N,N,N,N,N,N,N,N,A,A,A,N
50,A,A,N,N,N,N,N,N,A,N,N,N,N,N,A,A,N,N,A,N,N,N,N,N,N,N,N,N,A,A,A,N
51,A,A,N,N,A,N,A,N,A,N,A,N,N,N,A,A,A,N,A,N,A,A,A,N,N,N,N,A,A,A,A,N
ATO,N,N,N,N,A,A,N,N,N,N,N,A,N,N,A,A,A,A,A,N,N,N,A,N,A,N,A,N,N,N,N,A
53,A,A,N,N,A,N,A,N,A,N,A,N,N,N,A,A,N,N,A,N,N,A,N,N,N,N,N,A,A,A,A,N
54,A,A,N,N,N,A,A,A,A,N,A,N,N,A,A,A,A,A,A,A,A,A,N,A,A,A,A,A,N,A,A,A
55,A,A,N,A,A,N,N,A,A,N,A,N,A,N,N,N,A,A,A,A,A,N,A,N,N,N,A,N,A,A,A,N
emb2444,A,A,A,N,A,A,A,A,A,N,A,A,A,A,A,A,A,A,A,N,A,A,A,A,A,A,A,A,A,A,A,A
57,A,A,N,N,N,A,A,A,A,N,A,N,N,A,A,A,A,A,A,A,A,A,N,A,A,A,A,A,N,A,A,A
58,D,D,D,D,D,D,D,D,D,D,D,D,D,D,D,D,D,D,D,D,D,D,D,D,D,D,D,D,D,D,D,D
59,A,A,A,N,N,A,N,N,A,A,A,A,N,A,A,A,A,A,A,A,N,N,A,A,N,N,A,A,A,N,A,N
60,A,A,N,N,A,N,A,A,A,N,A,A,A,A,N,A,A,A,A,A,A,N,N,A,N,N,N,N,A,A,A,A
SAP130a,A,A,A,N,N,A,N,N,A,A,A,A,N,A,A,A,A,A,A,A,N,N,A,A,N,N,A,A,A,N,A,N
SAP130b,A,A,A,N,N,A,N,N,A,A,A,A,N,A,A,A,A,A,A,A,N,N,A,A,N,N,A,A,A,N,A,N
63,N,A,N,N,N,N,N,N,A,N,A,N,A,N,N,N,A,N,N,N,A,A,A,N,N,A,N,A,N,A,A,A
64,A,A,N,N,A,N,A,A,A,N,A,A,A,A,N,A,A,A,A,A,A,N,N,A,N,N,N,N,A,A,A,A
65,N,N,A,N,A,A,N,A,A,N,A,A,A,A,N,A,A,A,A,A,N,N,N,A,A,A,A,A,N,A,A,A
66,A,A,N,A,A,N,N,A,A,N,A,N,A,N,N,N,A,A,A,A,A,N,A,N,N,N,A,N,A,A,A,N
67,A,A,N,N,N,N,A,N,N,N,A,N,N,N,N,N,A,N,N,A,A,N,N,N,A,A,N,N,N,N,N,N
ATU2AF35A,A,A,A,A,N,N,N,A,A,N,A,A,A,A,A,A,A,A,A,N,A,A,A,N,A,A,A,A,A,N,A,N
69,A,A,A,N,A,N,N,A,A,N,A,A,A,A,A,A,A,A,N,N,A,A,A,A,A,N,A,A,A,A,A,N
70,A,A,A,N,A,N,A,A,A,N,A,A,A,A,A,A,A,A,A,N,A,A,A,A,A,A,A,A,A,A,A,A
71,A,A,A,A,N,N,N,A,A,N,A,A,A,A,A,A,A,A,A,N,A,A,A,N,A,A,A,A,A,N,A,N
ATU2AF65A,A,A,A,N,A,N,A,A,A,N,A,A,A,A,A,A,A,A,N,N,A,A,A,A,A,A,A,A,A,A,A,A
U2AF35B,A,A,A,A,N,N,N,A,A,N,A,A,A,A,A,A,A,A,A,N,A,A,A,N,A,A,A,A,A,N,A,N
74,N,A,A,N,N,N,N,A,A,N,A,N,N,A,N,N,A,N,N,N,A,A,A,A,N,N,N,A,A,A,A,N
DRT111,A,A,N,N,A,N,N,A,A,N,A,A,A,A,A,A,A,A,N,N,A,A,A,A,A,N,A,A,A,A,A,N
76,A,A,A,N,N,A,A,A,A,N,A,A,A,A,N,A,A,N,A,N,A,A,N,A,N,A,A,N,A,N,A,A
RRC1,A,A,A,N,N,A,A,A,A,N,A,A,A,A,N,A,A,N,A,N,A,A,N,A,N,A,A,N,A,N,A,A
ABH1,N,N,N,N,N,N,N,N,N,N,N,N,N,N,N,N,N,N,N,N,N,N,N,N,N,N,N,N,N,N,N,N
CBP20,A,A,A,N,A,A,A,N,A,N,N,A,A,A,N,A,A,A,N,N,N,N,A,A,A,N,N,N,A,N,A,N
80,A,A,A,N,A,A,A,A,A,N,A,A,A,A,A,A,A,A,A,A,A,A,A,A,A,A,A,A,A,N,A,A
AtRZ-1b,A,A,A,N,A,A,A,A,A,N,A,A,A,A,A,A,A,A,A,A,A,A,A,A,A,A,A,A,A,A,A,A
GR-RBP5,A,A,A,N,A,A,A,A,A,N,A,A,A,A,A,A,A,A,A,N,A,A,A,A,A,A,A,A,A,A,A,A
83,D,D,D,D,D,D,D,D,D,D,D,N,D,D,D,D,D,D,D,D,D,D,D,D,D,D,D,D,D,D,D,D
84,A,A,A,N,A,A,A,A,A,N,A,A,A,A,A,A,A,A,A,A,A,A,A,A,A,A,A,A,A,N,A,A
85,A,A,A,N,A,A,A,A,A,N,A,A,A,A,A,A,A,A,A,A,A,A,A,A,A,A,A,A,A,N,A,A
ATRZ-1A,A,A,A,N,A,A,A,A,A,N,A,A,A,A,A,A,A,A,A,N,A,A,A,A,A,A,A,A,A,A,A,A
UBA2A,D,D,D,D,D,D,D,D,D,D,D,N,D,D,D,D,D,D,D,D,D,D,D,D,D,D,D,D,D,D,D,D
AtRZ-1c,A,A,A,N,A,A,A,A,A,N,A,A,A,A,A,A,A,A,A,A,A,A,A,A,A,A,A,A,A,A,A,A
89,A,A,A,N,A,A,A,A,A,N,A,N,A,A,A,A,A,N,A,N,A,A,A,A,A,A,A,A,A,N,A,A
GR-RBP3,A,A,A,N,A,A,A,A,A,A,A,A,A,A,A,A,A,A,A,N,A,A,A,A,A,A,A,A,A,A,A,A
SR34,A,A,N,A,A,N,A,A,A,N,A,N,A,A,A,A,A,A,A,A,A,A,A,A,N,A,A,A,N,A,A,A
SR30,A,A,N,N,A,N,A,A,A,N,A,N,N,A,A,A,A,N,A,A,A,A,A,A,N,A,A,A,A,A,A,A
RSZ21,A,A,N,N,A,N,A,A,A,N,A,N,N,A,A,A,A,N,A,N,A,A,A,A,N,A,A,A,A,A,A,A
SCL33,A,A,N,N,A,A,A,A,A,A,A,A,A,A,A,A,A,A,A,N,A,A,A,A,A,A,A,A,A,A,A,A
RSZ22a,A,A,N,N,A,N,A,A,A,N,A,N,N,A,A,A,A,N,A,N,A,A,A,A,N,A,A,A,A,A,A,A
RS2Z33,A,A,N,N,A,N,A,A,A,N,A,N,N,A,A,A,A,N,N,N,A,A,A,A,N,A,A,A,N,A,A,A
RS31a,A,A,N,N,A,N,A,A,A,A,A,A,N,A,A,A,A,N,A,N,A,A,A,A,N,A,A,A,A,N,A,A
SCL30A,A,A,A,N,A,A,A,A,A,A,A,A,A,A,A,A,A,A,A,N,A,A,A,A,A,A,A,A,A,A,A,A
SR34a,A,A,N,N,A,N,A,A,A,N,A,N,N,A,A,A,A,N,N,N,A,A,N,A,N,A,A,A,N,N,A,A
RS2Z32,A,A,A,N,A,N,A,A,A,N,A,N,A,A,A,N,A,N,A,N,A,A,A,A,A,A,A,A,A,A,A,A
SCL30,A,A,N,N,A,N,A,A,A,A,A,A,N,A,A,A,A,A,A,N,A,A,A,A,N,A,A,A,A,N,A,A
RS31,A,A,N,N,A,N,A,A,A,A,A,A,A,A,A,A,A,N,A,N,A,A,A,A,N,A,A,A,A,N,A,A
SR34b,A,N,N,N,A,N,A,A,A,N,A,N,N,A,A,N,N,N,N,N,A,N,N,A,N,A,A,A,N,N,A,A
RS40,A,A,N,N,A,N,A,A,A,N,A,N,A,A,A,A,A,N,A,N,A,A,A,A,N,A,A,A,A,N,A,A
RSZ22,A,A,N,N,A,N,A,A,A,N,A,N,N,A,A,A,A,N,A,N,A,A,A,A,N,A,A,A,A,A,A,A
106,A,A,N,N,N,A,A,A,A,N,A,A,A,A,N,A,A,N,N,N,A,A,N,A,A,A,A,N,N,N,A,N
SCL28,A,A,A,N,A,A,A,A,A,A,A,A,A,A,A,A,A,A,A,N,A,A,A,A,A,A,A,N,A,N,A,A
RS41,A,A,N,N,A,N,A,A,A,A,A,A,A,A,A,A,A,N,N,N,A,A,A,A,N,A,A,A,N,N,A,A
SC35,A,A,A,A,A,A,A,A,A,A,A,A,A,A,A,A,A,A,A,A,A,A,A,A,A,A,A,A,A,A,A,A
MAC3A,A,A,A,A,A,A,A,A,A,A,A,A,A,A,A,A,A,A,A,A,A,A,A,A,A,A,A,A,A,A,A,A
MAC3B,A,A,A,A,A,A,A,A,A,A,A,A,A,A,A,A,A,A,A,A,A,A,A,A,A,A,A,A,A,A,A,A
CDC5,A,A,A,A,A,A,A,A,A,A,A,A,A,A,A,A,A,A,A,A,A,A,A,A,A,A,A,A,A,A,A,A
MOS4,N,N,N,N,N,N,N,N,N,N,N,N,N,N,N,N,N,N,N,N,N,N,N,N,N,N,N,N,N,N,N,N
PRL1,A,A,A,A,A,A,A,A,A,A,A,A,A,A,A,A,A,A,A,A,A,A,A,A,A,A,A,A,A,A,A,A
EMB2769,A,A,A,N,N,N,A,A,N,N,N,A,N,A,A,A,A,N,A,A,A,A,N,A,N,A,N,A,N,N,N,A
116,N,N,N,N,N,N,N,N,N,N,N,N,N,N,N,N,N,N,N,N,N,N,N,N,N,N,N,N,N,N,N,N
Hsp70b,B,B,B,B,B,N,N,B,B,N,B,N,N,B,B,B,B,B,N,B,B,B,B,N,N,B,B,N,N,B,B,B
ERD2,B,B,B,B,B,N,N,B,B,N,B,N,N,B,B,B,B,B,N,B,B,B,B,N,N,B,B,N,N,B,B,B
119,B,B,B,B,B,N,N,B,B,N,B,N,N,B,B,B,B,B,N,B,B,B,B,N,N,B,B,N,N,B,B,B
HSP70,B,B,B,B,B,N,N,B,B,N,B,N,N,B,B,B,B,B,N,B,B,B,B,N,N,B,B,N,N,B,B,B
cpHsc70-1,B,B,B,B,B,N,N,B,B,N,B,N,N,B,B,B,B,B,N,B,B,B,B,N,N,B,B,N,N,B,B,B
Hsp70-2,B,B,B,B,B,N,N,B,B,N,B,N,N,B,B,B,B,B,N,B,B,B,B,N,N,B,B,N,N,B,B,B
HSC70-1,B,B,B,B,B,N,N,B,B,N,B,N,N,B,B,B,B,B,N,B,B,B,B,N,N,B,B,N,N,B,B,B
cpHsc70-2,B,B,B,B,B,N,N,B,B,N,B,N,N,B,B,B,B,B,N,B,B,B,B,N,N,B,B,N,N,B,B,B
125,N,A,A,N,A,N,A,A,A,N,A,A,A,A,N,N,A,A,A,A,A,A,A,A,N,A,N,N,N,N,A,A
126,A,A,A,N,N,N,N,A,A,N,A,N,N,A,N,A,A,N,N,N,A,A,N,A,N,A,N,A,N,A,A,N
127,A,A,A,N,A,A,A,A,A,N,A,A,A,A,N,A,A,A,A,A,A,A,A,A,A,A,A,A,A,A,A,A
128,A,A,A,N,A,A,A,A,A,N,A,A,A,A,A,A,A,A,A,A,A,A,A,A,A,A,A,A,A,A,A,A
SKIP,A,N,A,N,N,N,A,A,A,N,A,A,A,A,N,A,A,A,A,A,A,A,N,A,A,A,A,A,A,A,A,A
130,A,A,N,N,A,N,N,N,A,N,A,A,A,A,A,A,A,A,A,A,A,A,A,A,A,A,A,A,A,A,A,A
131,D,D,D,D,D,D,D,D,D,N,D,D,D,D,D,D,D,D,D,D,D,D,D,D,D,D,D,D,D,D,D,D
132,N,N,N,N,N,N,N,N,A,N,A,N,N,N,N,N,A,N,N,N,A,N,N,N,N,N,N,N,A,N,N,A
MAC5A,A,A,A,A,N,N,A,A,A,N,A,A,N,A,A,A,A,A,A,A,A,A,N,A,A,N,A,A,A,A,A,A
MAC5B,A,A,A,A,N,N,A,A,A,N,A,A,N,A,A,A,A,A,A,A,A,A,N,A,A,N,A,A,A,A,A,A
135,N,A,A,N,N,N,A,N,A,N,A,A,N,N,N,A,A,A,N,N,N,N,N,A,A,N,A,A,N,A,A,N
MAC5C,A,A,A,N,N,N,A,N,A,N,A,A,N,N,N,A,A,A,N,A,A,N,N,A,A,N,A,A,A,A,A,A
EMB2765,A,N,A,A,A,N,A,A,A,N,A,A,A,A,N,A,A,N,A,N,A,N,A,N,A,A,N,A,N,A,A,N
LSM2,A,A,A,A,N,A,A,N,A,N,A,N,N,A,A,A,A,A,N,A,A,N,N,A,N,A,N,N,A,N,A,A
LSM3A,N,A,A,N,N,N,A,N,A,N,A,N,N,N,A,N,N,A,N,N,N,N,N,N,N,N,N,N,A,N,N,A
LSM8,C,C,N,N,C,C,C,C,C,C,C,N,N,C,N,N,C,C,C,C,C,C,C,C,C,C,C,C,N,C,C,C
LSM3B,N,A,A,N,N,N,A,N,A,N,A,N,N,N,A,N,N,A,N,N,N,N,N,N,N,N,N,N,A,N,N,A
EMB2816,N,C,C,N,N,C,C,C,C,C,C,N,N,N,C,N,C,C,C,N,C,C,N,C,C,C,C,N,C,C,C,C
LSM6B,N,C,C,C,N,C,C,N,C,C,C,C,N,C,N,C,C,C,N,C,C,N,N,C,N,C,N,C,C,N,C,C
LSM6A,N,C,C,C,N,C,C,N,C,C,C,C,N,C,N,C,C,C,N,C,C,N,N,C,N,C,N,C,C,N,C,C
emb1644,A,A,A,A,N,A,A,N,A,A,A,A,N,A,A,A,A,A,N,A,A,N,N,A,N,A,N,A,A,N,A,A
SAD1,N,N,N,N,N,N,N,N,N,N,N,N,N,N,N,N,N,N,N,N,N,N,N,N,N,N,N,N,N,N,N,N
emb1220,C,C,C,C,C,C,C,C,C,C,C,C,C,C,C,C,C,C,C,C,C,C,C,C,C,C,C,C,C,C,C,C
148,D,D,D,D,D,D,D,D,D,N,D,D,D,D,D,D,D,D,D,D,D,D,D,D,D,D,D,D,D,D,D,D
LIS,A,A,A,A,A,A,A,A,A,A,A,A,A,A,A,A,A,A,A,A,A,A,A,A,A,A,A,A,A,A,A,A
150,D,N,D,N,N,D,D,D,D,N,D,D,N,D,D,D,D,D,D,N,D,N,D,D,N,D,N,N,N,D,D,D
151,D,N,D,N,N,D,D,D,D,N,D,D,N,D,D,D,D,D,D,N,D,N,D,D,N,D,N,N,N,D,D,D
152,C,C,C,C,C,N,C,N,C,C,C,C,C,C,C,C,N,C,C,C,C,C,C,C,C,C,C,C,C,C,C,C
153,C,C,C,C,C,N,C,N,C,C,C,C,C,C,C,C,N,C,C,C,C,C,C,C,C,C,C,C,C,C,C,C
154,C,C,C,C,C,N,C,N,C,C,C,C,C,C,C,C,N,C,C,C,C,C,C,C,C,C,C,C,C,C,C,C
MEE5,N,B,N,N,B,B,N,N,B,N,B,B,B,N,N,B,B,N,N,B,B,N,B,B,N,B,B,B,N,B,B,N
156,N,B,N,N,B,B,N,N,B,N,B,B,B,N,N,B,B,N,N,B,B,N,B,B,N,B,B,B,N,B,B,N
emb1507,D,D,D,D,D,D,D,D,D,D,D,D,D,D,D,D,D,D,D,D,D,D,D,D,D,D,D,D,D,D,D,D
158,D,D,D,D,D,D,D,D,D,D,D,D,D,D,D,D,D,D,D,D,D,D,D,D,D,D,D,D,D,D,D,D
EMB2770,A,A,A,N,A,A,A,A,A,N,A,A,A,A,A,A,A,A,A,A,A,A,A,A,A,A,A,A,A,A,A,A
SUS2,A,A,A,A,N,N,A,A,A,A,N,A,A,A,A,A,A,A,A,A,A,A,A,A,A,A,A,A,N,N,A,A
161,A,A,A,A,N,N,A,A,A,A,N,A,A,A,A,A,A,A,A,A,A,A,A,A,A,A,A,A,N,N,A,A
162,A,A,A,A,A,A,A,A,A,A,A,A,A,A,A,A,A,A,A,A,A,A,A,A,A,A,A,A,A,A,A,A
163,D,D,D,D,D,D,D,D,D,D,D,D,D,D,D,D,D,D,D,D,D,D,D,D,D,D,D,D,D,D,D,D
164,D,D,D,D,D,D,D,D,D,D,D,D,D,D,D,D,D,D,D,D,D,D,D,D,D,D,D,D,D,D,D,D
YLS8,N,N,A,N,N,N,N,A,A,A,A,A,N,A,A,A,A,A,A,A,A,N,N,A,A,N,A,A,N,N,A,A
166,N,N,N,N,N,N,N,A,N,N,A,A,N,A,A,N,N,N,N,N,N,N,N,N,N,N,N,A,N,N,N,N
167,B,B,B,B,B,N,N,B,B,N,B,B,B,B,B,B,B,B,B,B,B,B,B,B,B,B,B,B,B,B,B,B
168,B,B,B,B,B,N,N,B,B,N,B,B,B,B,B,B,B,B,B,B,B,B,B,B,B,B,B,B,B,B,B,B
169,B,B,B,B,B,N,N,B,B,N,B,B,B,B,B,B,B,B,B,B,B,B,B,B,B,B,B,B,B,B,B,B
170,N,A,N,N,N,N,A,N,A,N,A,N,N,A,A,N,N,N,N,N,N,A,A,A,N,A,N,A,N,N,A,N
DOT2,N,A,N,N,N,N,A,N,A,N,A,N,N,A,A,N,N,N,N,N,N,A,A,A,N,A,N,A,N,N,A,N
172,N,N,N,N,N,N,N,N,N,N,N,N,N,N,N,N,N,N,N,N,N,N,N,N,N,N,N,N,N,N,N,N
173,D,D,D,D,D,D,D,D,D,D,D,D,D,D,D,D,D,D,D,D,D,D,D,D,D,D,D,D,D,D,D,D
EIF4A-III,D,D,D,D,D,D,D,D,D,D,D,D,D,D,D,D,D,D,D,D,D,D,D,D,D,D,D,D,D,D,D,D
Y14,A,A,N,N,A,A,A,A,A,N,A,A,A,A,A,A,A,A,N,N,A,A,A,A,N,A,A,N,N,N,A,N
MAGO,A,A,N,N,A,N,N,A,A,N,A,A,A,A,A,A,A,A,A,A,A,A,A,A,N,A,N,N,A,A,A,A
THO2,N,A,N,N,N,N,N,A,A,N,N,N,N,A,N,N,N,N,N,N,A,N,N,N,N,N,N,N,N,N,N,N
178,N,N,N,N,N,N,N,N,N,N,N,N,N,N,N,N,N,N,N,N,N,N,N,N,N,N,N,N,N,N,N,N
179,N,N,N,N,N,N,N,N,N,N,N,N,N,N,N,N,N,N,N,N,N,N,N,N,N,N,N,N,N,N,N,N
THO1,A,A,N,N,N,N,A,N,A,N,A,A,A,N,N,N,N,N,A,A,A,N,A,N,N,N,N,A,A,N,A,N
ALY4,N,N,N,N,N,N,N,N,N,N,N,N,N,N,N,N,N,N,N,N,N,N,N,N,N,N,N,N,N,N,N,N
TEX1,A,A,A,A,A,A,A,A,A,A,A,A,A,A,A,A,A,A,A,A,A,A,A,A,A,A,N,A,A,A,A,A
183,N,N,N,N,N,N,N,N,N,N,N,N,N,N,N,N,N,N,N,N,N,N,N,N,N,N,N,N,N,N,N,N
SMP1,N,A,A,N,N,N,N,N,A,N,A,N,N,A,A,N,A,N,N,N,A,N,A,A,A,N,N,A,N,A,N,N
185,N,A,A,N,N,N,N,N,A,N,A,N,N,A,A,N,A,N,N,N,A,N,A,A,A,N,N,A,N,A,N,N
SMP2,N,A,A,N,N,N,N,N,A,N,A,N,N,A,A,N,A,N,N,N,A,N,A,A,A,N,N,A,N,A,N,N
187,N,A,N,N,N,N,N,A,A,N,A,A,N,N,A,A,A,A,N,A,N,A,A,A,N,N,N,A,N,N,N,N
188,N,A,A,N,N,N,A,N,A,N,A,N,A,A,A,N,N,N,N,N,A,A,A,N,N,N,N,N,A,N,A,N
ATSRL1,N,A,A,N,N,N,A,N,A,N,A,N,A,A,A,N,N,N,N,N,A,A,A,N,N,N,N,N,A,N,A,N
190,A,A,N,N,A,N,N,N,A,N,A,N,A,N,A,N,N,N,N,A,A,N,N,A,N,N,A,N,N,A,A,N
191,A,A,N,N,A,N,N,N,A,N,A,N,A,N,A,N,N,N,N,A,A,N,N,A,N,N,A,N,N,A,A,N
192,N,A,A,N,N,A,A,N,A,N,N,N,N,N,N,A,A,A,N,A,N,A,N,A,N,A,N,N,A,N,A,A
