1,B,B,B,B,B,B,B,B,B,N,B,B,B,B,N,N,B,N,B,B,B,B,B,B,B,B,B,B,N,B,B,B
oxct,N,N,N,N,N,N,N,N,N,N,N,N,N,N,N,N,N,N,N,N,N,N,N,N,N,N,N,N,N,N,N,N
hmgL,N,N,N,N,N,N,N,N,N,N,N,N,N,N,N,N,N,N,N,N,N,N,N,N,N,N,N,N,N,N,N,N
4,D,N,N,N,N,N,N,N,D,N,N,N,N,N,D,N,N,N,N,N,N,D,N,N,N,D,N,D,N,N,N,N
hgsA,D,N,N,N,N,N,N,N,D,N,N,N,N,N,D,N,N,N,N,N,N,D,N,N,N,D,N,D,N,N,N,N
6,N,N,N,N,N,N,N,N,N,N,N,N,N,N,N,N,N,N,N,N,N,N,N,N,N,N,N,N,N,N,N,N
7,A,N,N,N,N,N,A,N,N,N,A,N,N,N,N,N,A,A,A,N,A,N,A,N,N,A,N,A,A,N,A,A
echs1,B,N,B,N,B,B,B,B,B,N,B,B,B,N,B,N,B,B,B,N,B,N,B,N,N,B,N,B,B,N,B,B
9,B,N,B,N,B,B,B,B,B,N,B,B,B,N,B,N,B,B,B,N,B,N,B,N,N,B,N,B,B,N,B,B
gabT,N,N,N,N,N,N,N,N,N,N,N,N,N,N,N,N,N,N,N,N,N,N,N,N,N,N,N,N,N,N,N,N
gadA,N,N,N,N,N,N,N,N,N,N,N,N,N,N,N,N,N,N,N,N,N,N,N,N,N,N,N,N,N,N,N,N
gadB,N,N,N,N,N,N,N,N,N,N,N,N,N,N,N,N,N,N,N,N,N,N,N,N,N,N,N,N,N,N,N,N
13,N,A,N,N,N,N,N,A,N,N,A,N,A,N,N,N,A,A,N,N,N,N,N,N,N,A,N,N,N,N,N,N
