ARG1,N,N,N,N,N,N,N,N,N,N,N,N,N,N,N,N,N,N,N,N,N,N,N,N,N,N,N,N,N,N,N,N
ARG2,N,N,N,N,N,N,N,N,N,N,N,N,N,N,N,N,N,N,N,N,N,N,N,N,N,N,N,N,N,N,N,N
AT;CCDS3;AGAT;GATM,N,N,N,N,N,N,N,N,N,N,N,N,N,N,N,N,N,N,N,N,N,N,N,N,N,N,N,N,N,N,N,N
ABP1;DAO1;KAO;AOC1;DAO;ABP,N,N,N,N,N,N,N,N,N,N,N,N,N,N,N,N,N,N,N,N,N,N,N,N,N,N,N,N,N,N,N,N
ALDHI;ALDH-E2;ALDH2;ALDM,A,N,A,N,A,N,A,A,A,N,A,A,A,A,N,N,N,A,A,N,N,N,A,N,N,A,N,A,A,A,A,N
ALDH1B1;ALDH5;ALDHX,A,N,A,N,A,N,A,A,A,N,A,A,A,A,N,N,N,A,A,N,N,N,A,N,N,A,N,A,A,A,A,N
ALDH9A1;ALDH9;ALDH7;E3;TMABADH;ALDH4,A,N,A,N,A,N,A,A,A,N,A,A,A,A,N,N,N,A,A,N,N,N,A,N,N,A,N,A,A,A,A,N
SLS;FALDH;ALDH10;ALDH3A2,A,N,A,N,A,N,A,A,A,N,A,A,A,A,N,N,N,A,A,N,N,N,A,N,N,A,N,A,A,A,A,N
EPD;PDE;ATQ1;ALDH7A1,A,N,A,N,A,N,A,A,A,N,A,A,A,A,N,N,N,A,A,N,N,N,A,N,N,A,N,A,A,A,A,N
SRM;SRML1;SPDSY;PAPT;SPS1,N,N,N,N,N,N,N,N,N,N,N,N,N,N,N,N,N,N,N,N,N,N,N,N,N,N,N,N,N,N,N,N
AMD1;AMD;ADOMETDC;SAMDC,N,N,N,N,N,N,N,N,N,N,N,N,N,N,N,N,N,N,N,N,N,N,N,N,N,N,N,N,N,N,N,N
SpS;SRS;MRSR;SPMSY;SMS,N,N,N,N,N,N,N,N,N,N,N,N,N,N,N,N,N,N,N,N,N,N,N,N,N,N,N,N,N,N,N,N
SSAT2;SAT2,N,N,N,N,N,N,N,N,N,N,N,N,N,N,N,N,N,N,N,N,N,N,N,N,N,N,N,N,N,N,N,N
SAT;DC21;SSAT-1;KFSDX;KFSD;SSAT;SAT1,N,N,N,N,N,N,N,N,N,N,N,N,N,N,N,N,N,N,N,N,N,N,N,N,N,N,N,N,N,N,N,N
MAO-A;MAOA;BRNRS,A,N,N,N,N,N,N,N,N,N,A,N,N,A,N,N,N,N,N,N,A,N,N,N,N,N,N,N,N,N,A,N
MAOB,A,A,N,N,N,N,N,A,N,N,A,N,A,A,N,N,N,N,N,N,A,N,N,N,N,N,N,N,N,N,A,N
ATPGD1;CARNS1,N,N,N,N,N,N,N,N,N,N,N,N,N,N,N,N,N,N,N,N,N,N,N,N,N,N,N,N,N,N,N,N
HEL-S-13;CPGL;CNDP2;HsT2298;PEPA;CN2,N,N,N,N,N,N,N,N,N,N,N,N,N,N,N,N,N,N,N,N,N,N,N,N,N,N,N,N,N,N,N,N
CCDS2;HEL-S-20;PIG2;GAMT;TP53I2,N,N,A,N,N,N,N,A,A,N,A,N,A,N,N,N,N,N,N,A,N,N,N,A,N,N,N,N,A,N,A,N
CKBB;HEL-S-29;HEL-211;BCK;B-CK;CKB,A,N,N,N,A,N,N,A,N,N,A,N,A,N,A,N,N,N,N,A,N,N,N,N,N,N,N,N,N,N,N,N
M-CK;CKM;CKMM,A,N,N,N,A,N,N,A,N,N,A,N,A,N,A,N,N,N,N,A,N,N,N,N,N,N,N,N,N,N,N,N
CKMT;UMTCK;CKMT1;CKMT1B,A,N,N,N,A,N,N,A,N,N,A,N,A,N,A,N,N,N,N,A,N,N,N,N,N,N,N,N,N,N,N,N
SMTCK;CKMT2,A,N,N,N,A,N,N,A,N,N,A,N,A,N,A,N,N,N,N,A,N,N,N,N,N,N,N,N,N,N,N,N
mia-CK;CKMT1A;CKMT1;U-MtCK,A,N,N,N,A,N,N,A,N,N,A,N,A,N,A,N,N,N,N,A,N,N,N,N,N,N,N,N,N,N,N,N
ADC;AZIB1;AZI2;AZIN2;ODCp;ODC1L;ODC-p,N,N,N,N,N,N,N,N,N,N,N,N,N,N,N,N,N,N,N,N,N,N,N,N,N,N,N,N,N,N,N,N
AGMAT,N,N,N,N,N,N,N,N,N,N,N,N,N,N,N,N,N,N,N,N,N,N,N,N,N,N,N,N,N,N,N,N
HsT2308;CN1;CNDP1;CPGL2,N,N,N,N,N,N,N,N,N,N,N,N,N,N,N,N,N,N,N,N,N,N,N,N,N,N,N,N,N,N,N,N
PAO;C20orf16;PAOH;SMOX;PAO1;PAOH1;PAO-1;SMO,A,N,N,N,N,N,N,N,N,N,A,N,N,A,N,N,N,N,N,N,A,N,N,N,N,N,N,N,N,N,A,N
NOS;NC-NOS;NOS1;bNOS;nNOS;N-NOS;IHPS1,A,A,A,N,A,N,N,A,N,N,A,N,A,A,A,N,A,A,N,N,N,A,N,N,N,N,N,N,A,N,A,N
NOS2A;NOS;HEP-NOS;NOS2;INOS,A,A,A,N,A,N,N,A,N,N,A,N,A,A,A,N,A,A,N,N,N,A,N,N,N,N,N,N,A,N,A,N
eNOS;NOS3;ECNOS,A,A,A,N,A,N,N,A,N,N,A,N,A,A,A,N,A,A,N,N,N,A,N,N,N,N,N,N,A,N,A,N
OAT;GACR;HOGA;OATASE;OKT,N,N,N,N,N,N,N,N,N,N,N,N,N,N,N,N,N,N,N,N,N,N,N,N,N,N,N,N,N,N,N,N
HLD10;P5CR2;PYCR2,N,N,N,N,N,N,N,N,N,N,N,N,N,N,N,N,N,N,N,N,N,N,N,N,N,N,N,N,N,N,N,N
PIG45;ARCL3B;ARCL2B;PP222;PYCR1;P5C;PRO3;P5CR;PYCR,N,N,N,N,N,N,N,N,N,N,N,N,N,N,N,N,N,N,N,N,N,N,N,N,N,N,N,N,N,N,N,N
PYCRL;PYCR3,N,N,N,N,N,N,N,N,N,N,N,N,N,N,N,N,N,N,N,N,N,N,N,N,N,N,N,N,N,N,N,N
ALDH4;ALDH4A1;P5CDh;P5CD,A,N,A,N,A,N,A,N,A,N,N,N,N,A,N,N,N,A,A,N,N,N,A,N,N,A,N,N,N,N,A,N
ADCL3;ALDH18A1;SPG9;SPG9B;P5CS;ARCL3A;SPG9A;PYCS;GSAS,N,N,N,N,N,N,N,N,N,N,N,N,N,N,N,N,N,N,N,N,N,N,N,N,N,N,N,N,N,N,N,N
38,N,N,N,N,N,N,N,N,N,N,N,N,N,N,N,N,N,N,N,N,N,N,N,N,N,N,N,N,N,N,N,N
POX;PRODH;PRODH2;TP53I6;PRODH1;PIG6;HSPOX2,N,N,N,N,N,N,N,N,N,N,N,N,N,N,N,N,N,N,N,N,N,N,N,N,N,N,N,N,N,N,N,N
DAO;OXDA;DAMOX;DAAO,N,N,N,N,N,N,N,N,N,N,N,N,N,N,N,N,N,N,N,N,N,N,N,N,N,N,N,N,N,N,N,N
P4HA3,D,D,D,N,N,N,N,D,D,N,D,N,D,D,N,N,D,D,D,D,N,D,D,N,D,D,N,N,D,N,D,D
P4HA1;P4HA,D,D,D,N,N,N,N,D,D,N,D,N,D,D,N,N,D,D,D,D,N,D,D,N,D,D,N,N,D,N,D,D
P4HA2;MYP25,D,D,D,N,N,N,N,D,D,N,D,N,D,D,N,N,D,D,D,D,N,D,D,N,D,D,N,N,D,N,D,D
PRODH2;HYPDH;HSPOX1,N,N,N,N,N,N,N,N,N,N,N,N,N,N,N,N,N,N,N,N,N,N,N,N,N,N,N,N,N,N,N,N
AST1;ASTQTL1;cCAT;cAspAT;GOT1;GIG18,N,N,D,D,N,N,D,D,N,N,D,N,D,N,N,D,D,N,N,D,D,N,N,N,D,D,N,N,N,N,D,N
KATIV;GOT2;KAT4;KYAT4;mitAAT,N,N,D,D,N,N,D,D,N,N,D,N,D,N,N,D,D,N,N,D,D,N,N,N,D,D,N,N,N,N,D,N
HOGA1;DHDPS2;DHDPSL;NPL2;C10orf65;HP3,D,N,N,N,D,D,N,D,N,N,D,N,D,N,N,D,N,N,N,N,N,N,N,N,N,N,N,N,N,N,D,D
C14orf149;L3HYPDH,N,N,N,N,N,N,N,N,N,N,N,N,N,N,N,N,N,N,N,N,N,N,N,N,N,N,N,N,N,N,N,N
LAP3;LAPEP;LAP;HEL-S-106;PEPS,N,N,N,N,N,N,N,N,N,N,N,N,N,N,N,N,N,N,N,N,N,N,N,N,N,N,N,N,N,N,N,N
ODC;ODC1,N,N,N,N,N,N,N,N,N,N,N,N,N,N,N,N,N,N,N,N,N,N,N,N,N,N,N,N,N,N,N,N
