CDK4I;CMM2;MTS1;P19ARF;P16;P14ARF;P16-INK4A;P16INK4A;CDKN2;P19;P14;INK4A;CDKN2A;INK4;P16INK4;ARF;TP16;MTS-1;MLM,N,N,N,N,N,N,N,N,N,N,N,N,N,N,N,N,N,N,N,N,N,N,N,N,N,N,N,N,N,N,N,N
CDH1;FZR1;HCDH1;CDC20C;FZR;FZR2;HCDH,A,A,A,A,A,A,A,A,A,N,A,A,A,A,A,A,A,A,A,A,A,A,A,A,A,A,A,A,A,A,A,A
BM28;MITOTIN;D3S3194;DFNA70;CCNL1;MCM2;CDCL1;cdc19,N,N,N,N,N,N,N,N,N,N,N,N,N,N,N,N,N,N,N,N,N,N,N,N,N,N,N,N,N,N,N,N
MCM3;P1.h;RLFB;P1-MCM3;HCC5,N,N,N,N,N,N,N,N,N,N,N,N,N,N,N,N,N,N,N,N,N,N,N,N,N,N,N,N,N,N,N,N
P1-CDC21;CDC54;NKCD;MCM4;hCdc21;CDC21;NKGCD,N,N,N,N,N,N,N,N,N,N,N,N,N,N,N,N,N,N,N,N,N,N,N,N,N,N,N,N,N,N,N,N
P1-CDC46;MCM5;CDC46;MGORS8,N,N,N,N,N,N,N,N,N,N,N,N,N,N,N,N,N,N,N,N,N,N,N,N,N,N,N,N,N,N,N,N
MCG40308;Mis5;P105MCM;MCM6,N,N,N,N,N,N,N,N,N,N,N,N,N,N,N,N,N,N,N,N,N,N,N,N,N,N,N,N,N,N,N,N
P85MCM;PNAS146;CDC47;MCM2;P1CDC47;P1.1-MCM3;PPP1R104;MCM7,N,N,N,N,N,N,N,N,N,N,N,N,N,N,N,N,N,N,N,N,N,N,N,N,N,N,N,N,N,N,N,N
ORC6;ORC6L,N,N,N,N,N,N,N,N,N,N,N,N,N,N,N,N,N,N,N,N,N,N,N,N,N,N,N,N,N,N,N,N
ORC3L;LATHEO;LAT;ORC3,A,N,N,N,N,N,A,A,A,N,A,A,N,A,A,N,A,N,A,N,A,N,A,A,N,N,N,N,A,N,A,A
PARC1;ORC1;ORC1L;HSORC1,N,N,N,N,N,N,N,N,N,N,N,N,N,N,N,N,N,N,N,N,N,N,N,N,N,N,N,N,N,N,N,N
ORC2;ORC2L,A,A,A,A,A,A,A,A,A,N,A,A,A,A,A,A,A,A,A,A,A,A,A,A,A,A,A,A,A,A,A,A
ORC4;ORC4P;ORC4L,A,N,N,N,N,N,N,A,N,N,N,A,N,N,N,N,N,N,N,N,N,N,N,A,A,N,N,N,N,N,N,N
ORC5L;ORC5;PPP1R117;ORC5T;ORC5P,N,A,N,N,N,A,N,N,N,N,N,N,A,N,N,N,A,N,N,N,N,N,N,A,N,N,N,N,A,N,N,N
DOC1;ANAPC10;APC10,N,N,A,N,N,N,N,N,N,N,A,N,N,A,A,N,N,A,A,N,N,N,A,N,N,N,N,N,N,N,A,N
APC12;ANAPC12;CDC26;C9orf17,N,N,N,N,N,N,N,N,N,N,N,N,N,N,N,N,N,N,N,N,N,N,N,N,N,N,N,N,N,N,N,N
APC13;SWM1;ANAPC13,N,N,N,N,N,N,N,N,N,N,N,N,N,N,N,N,N,N,N,N,N,N,N,N,N,N,N,N,N,N,N,N
ANAPC2;APC2,A,A,N,N,A,A,N,A,A,N,A,A,N,A,A,N,A,A,A,A,A,N,A,A,N,A,N,A,N,N,A,A
ANAPC4;APC4,N,N,N,N,N,N,N,N,N,N,N,N,N,N,N,N,N,N,N,N,N,N,N,N,N,N,N,N,N,N,N,N
APC5;ANAPC5,N,N,A,N,N,N,A,N,A,N,N,N,N,A,A,N,N,A,N,A,N,N,A,N,N,A,N,N,N,N,A,N
ANAPC7;APC7,N,N,N,N,N,N,N,N,N,N,N,N,N,N,N,N,N,N,N,N,N,N,N,N,N,N,N,N,N,N,N,N
HSPC214;APC11;Apc11p;ANAPC11,A,A,A,A,A,N,A,N,A,N,A,A,A,N,A,A,A,A,A,A,A,A,A,A,A,A,N,A,N,A,A,A
ANAPC1;APC1;TSG24;MCPR,N,N,A,N,N,N,N,A,N,N,N,N,A,N,N,N,A,N,N,N,N,N,A,N,N,N,N,N,N,N,N,N
APC8;CUT23;CDC23;ANAPC8,N,A,N,N,N,N,N,A,N,N,A,N,N,N,N,N,N,N,N,A,N,A,N,N,A,N,N,N,N,A,N,N
ANAPC6;CUT9;CDC16Hs;CDC16;APC6,N,A,N,N,N,N,N,A,N,N,A,N,N,N,N,N,N,N,N,A,N,A,N,N,A,N,N,N,N,A,N,N
CDC27;H-NUC;HNUC;D17S978E;NUC2;CDC27Hs;ANAPC3;D0S1430E;APC3,N,A,N,N,N,N,N,A,N,N,A,N,N,N,N,N,N,N,N,A,N,A,N,N,A,N,N,N,N,A,N,N
OCP-II;TCEB1L;EMC19;OCP2;SKP1A;SKP1;p19A,A,A,A,N,A,N,N,A,A,N,A,A,N,A,N,N,A,A,N,A,N,A,A,N,A,A,N,N,A,A,N,N
CUL1,A,A,A,N,A,A,A,A,A,N,A,A,A,A,A,A,A,A,A,A,A,N,A,A,N,A,N,A,N,N,A,A
RNF75;RBX1;BA554C12.1;ROC1,A,A,A,A,A,N,A,N,A,N,A,A,A,N,A,A,A,A,A,A,A,A,A,A,A,A,N,A,N,A,A,A
CDK1;P34CDC2;CDC28A;CDC2,D,D,D,D,D,D,D,D,D,D,D,D,D,D,D,D,D,D,D,D,D,D,D,D,D,D,D,D,D,D,D,D
BUB1beta;BUB1B;MAD3L;Bub1A;SSK1;MVA1;hBUBR1;BUBR1,A,N,A,A,N,N,N,A,A,N,A,A,A,N,A,N,N,N,N,A,A,A,A,N,A,A,A,A,A,A,A,A
ATLD2;PCNA,C,C,N,N,N,N,N,C,C,N,N,C,N,N,N,N,N,N,N,N,N,N,C,N,N,N,N,C,C,N,N,N
PLK1;PLK;STPK13,B,B,B,B,B,B,B,B,B,B,B,B,B,B,B,B,B,B,B,B,B,B,B,B,B,B,B,B,B,B,B,B
ATD;TEL1;TELO1;AT1;ATA;ATM;ATE;ATDC;ATC,A,A,A,A,A,A,N,A,A,A,A,A,A,A,A,A,A,A,A,A,A,A,A,A,A,A,A,A,A,A,A,A
MEC1;FRP1;FCTCS;ATR;SCKL1;SCKL,A,A,A,A,A,A,A,A,A,A,A,A,A,A,A,A,A,A,A,A,A,A,A,A,A,A,A,A,A,A,A,A
DBF4A;ASK;ZDBF1;DBF4;CHIF,N,N,N,N,N,N,N,N,N,N,N,N,N,N,N,N,N,N,N,N,N,N,N,N,N,N,N,N,N,N,N,N
REV7;POLZ2;MAD2B;MAD2L2;FANCV,A,A,A,N,A,N,N,N,A,N,N,N,N,N,N,N,N,A,A,A,A,A,A,N,A,A,A,N,A,N,A,N
MAD2;HSMAD2;MAD2L1,A,A,A,N,A,N,N,N,A,N,N,N,N,N,N,N,N,A,A,A,A,A,A,N,A,A,A,N,A,N,A,N
BUB1L;BUB1A;BUB1;hBUB1,A,N,A,A,A,N,N,A,A,N,A,A,A,A,A,A,N,A,N,A,A,A,A,A,A,A,A,A,A,A,A,A
BUB3L;hBUB3;BUB3,A,A,A,A,A,A,A,A,A,N,A,A,A,A,A,A,A,A,A,A,A,A,A,A,A,A,A,A,A,A,A,A
CDC14B3;Cdc14B2;Cdc14B1;CDC14B;hCDC14B,A,N,N,N,N,N,N,N,N,N,N,N,N,N,A,N,N,N,N,N,A,N,N,A,N,N,N,N,N,A,A,N
CDC14A;cdc14;hCDC14;DFNB105,A,N,N,N,N,N,N,N,N,N,N,N,N,N,A,N,N,N,N,N,A,N,N,A,N,N,N,N,N,A,A,N
1C5;HS1;YWHAQ;14-3-3,A,A,A,A,A,N,A,A,A,N,A,N,A,A,A,A,A,N,A,N,A,A,A,A,A,A,A,A,N,N,A,A
YWHAB;YWHAA;GW128;KCIP-1;HEL-S-1;HS1,A,A,A,A,A,N,A,A,A,N,A,N,A,A,A,A,A,N,A,N,A,A,A,A,A,A,A,A,N,N,A,A
HEL2;14-3-3E;KCIP-1;YWHAE;MDS;MDCR,A,A,A,A,A,N,A,A,A,N,A,N,A,A,A,A,A,N,A,N,A,A,A,A,A,A,A,A,N,N,A,A
PPP1R170;YWHAG;14-3-3GAMMA,A,A,A,A,A,N,A,A,A,N,A,N,A,A,A,A,A,N,A,N,A,A,A,A,A,A,A,A,N,N,A,A
YWHAH;YWHA1,A,A,A,A,A,N,A,A,A,N,A,N,A,A,A,A,A,N,A,N,A,A,A,A,A,A,A,A,N,N,A,A
HEL-S-93;YWHAZ;14-3-3-zeta;KCIP-1;YWHAD;HEL4;HEL-S-3,A,A,A,A,A,N,A,A,A,N,A,N,A,A,A,A,A,N,A,N,A,A,A,A,A,A,A,A,N,N,A,A
SFN;YWHAS,A,A,A,A,A,N,A,A,A,N,A,N,A,A,A,A,A,N,A,N,A,A,A,A,A,A,A,A,N,N,A,A
CHEK1;CHK1,B,B,B,B,B,B,B,B,B,B,B,B,B,B,B,B,B,B,B,B,B,B,B,B,B,B,B,B,B,B,B,B
CHK2;hCds1;RAD53;CDS1;PP1425;HuCds1;LFS2;CHEK2,B,B,B,B,B,B,B,B,B,B,B,B,B,B,B,B,B,B,B,B,B,B,B,B,B,B,B,B,B,B,B,B
CDKN1;SDI1;CAP20;CIP1;WAF1;MDA-6;CDKN1A;P21;p21CIP1,N,N,N,N,N,N,N,N,N,N,N,N,N,N,N,N,N,N,N,N,N,N,N,N,N,N,N,N,N,N,N,N
DNAPK;DNA-PKcs;PRKDC;p350;DNPK1;HYRC;HYRC1;IMD26;XRCC7,A,A,A,A,A,N,A,A,A,A,A,A,A,A,A,A,A,A,A,A,A,A,A,A,A,A,A,A,A,A,A,A
hdm2;ACTFS;MDM2;HDMX,A,A,A,N,N,N,N,N,A,N,A,N,N,A,A,A,N,N,N,N,N,N,N,N,N,N,N,N,N,N,A,N
CBP;CREBBP;RSTS1;KAT3A;RSTS,A,A,A,A,A,A,A,A,A,N,A,A,A,A,A,A,A,A,A,A,A,A,A,A,A,A,A,A,A,A,A,A
p300;EP300;KAT3B;RSTS2,A,A,A,A,A,A,A,A,A,N,A,A,A,A,A,A,A,A,A,A,A,A,A,A,A,A,A,A,A,A,A,A
p45;FBL1;FLB1;FBXL1;SKP2,A,N,A,N,N,N,N,N,A,N,A,N,N,N,A,N,A,N,N,A,A,A,N,A,N,N,N,A,N,N,N,N
MYT1;PKMYT1;PPP1R126,D,D,D,D,D,D,D,D,D,N,D,D,D,D,D,D,D,D,D,D,D,D,D,D,D,D,D,D,D,D,D,D
WEE1B;WEE2,B,B,B,B,B,B,B,B,B,B,B,B,B,B,B,B,B,B,B,B,B,B,B,B,B,B,B,B,B,B,B,B
WEE1A;WEE1;WEE1hu,B,B,B,B,B,B,B,B,B,B,B,B,B,B,B,B,B,B,B,B,B,B,B,B,B,B,B,B,B,B,B,B
PTTG2,N,N,N,N,N,N,N,N,N,N,N,N,N,N,N,N,N,N,N,N,N,N,N,N,N,N,N,N,N,N,N,N
PTTG1;HPTTG;EAP1;TUTR1;PTTG,N,N,N,N,N,N,N,N,N,N,N,N,N,N,N,N,N,N,N,N,N,N,N,N,N,N,N,N,N,N,N,N
SEPA;ESPL1;ESP1,A,N,N,A,N,N,N,A,A,N,A,N,N,N,N,N,N,A,A,N,A,N,A,N,N,N,N,N,A,N,A,N
SMC1B;SMC1L2;SMC1BETA,N,N,N,N,N,N,N,N,N,N,N,N,N,N,N,N,N,N,N,N,N,N,N,N,N,N,N,N,N,N,N,N
CDLS2;SMCB;SMC1alpha;SB1.8;SMC1;DXS423E;SMC1L1;SMC1A,N,N,N,N,N,N,N,N,N,N,N,N,N,N,N,N,N,N,N,N,N,N,N,N,N,N,N,N,N,N,N,N
p105-Rb;pRb;pp110;OSRC;RB;PPP1R130;RB1,N,A,N,N,N,A,N,N,N,N,N,N,N,N,N,N,N,A,N,N,A,N,N,N,N,N,N,N,N,N,A,A
CR6;GRP17;DDIT2;GADD45gamma;GADD45G,N,N,N,N,N,N,N,N,N,N,N,N,N,N,N,N,N,N,N,N,N,N,N,N,N,N,N,N,N,N,N,N
GADD45A;DDIT1;GADD45,N,N,N,N,N,N,N,N,N,N,N,N,N,N,N,N,N,N,N,N,N,N,N,N,N,N,N,N,N,N,N,N
GADD45BETA;MYD118;GADD45B,N,N,N,N,N,N,N,N,N,N,N,N,N,N,N,N,N,N,N,N,N,N,N,N,N,N,N,N,N,N,N,N
BCC7;TP53;TRP53;P53;LFS1,N,N,N,N,N,N,N,N,N,N,N,N,N,N,N,N,N,N,N,N,N,N,N,N,N,N,N,N,N,N,N,N
CDKN4;CDKN1B;P27KIP1;MEN1B;MEN4;KIP1,N,N,N,N,N,N,N,N,N,N,N,N,N,N,N,N,N,N,N,N,N,N,N,N,N,N,N,N,N,N,N,N
KIP2;p57Kip2;p57;BWCR;WBS;CDKN1C;BWS,N,N,N,N,N,N,N,N,N,N,N,N,N,N,N,N,N,N,N,N,N,N,N,N,N,N,N,N,N,N,N,N
CDK4I;CDKN2B;TP15;INK4B;P15;p15INK4b;MTS2,N,N,N,N,N,N,N,N,N,N,N,N,N,N,N,N,N,N,N,N,N,N,N,N,N,N,N,N,N,N,N,N
TGFB1;TGFbeta;DPD1;CED;LAP;TGFB,N,N,N,N,N,N,N,N,N,N,N,N,N,N,N,N,N,N,N,N,N,N,N,N,N,N,N,N,N,N,N,N
G-TSF;TGFB2;LDS4;TGF-beta2,N,N,N,N,N,N,N,N,N,N,N,N,N,N,N,N,N,N,N,N,N,N,N,N,N,N,N,N,N,N,N,N
RNHF;ARVD1;TGF-beta3;TGFB3;ARVD;LDS5,N,N,N,N,N,N,N,N,N,N,N,N,N,N,N,N,N,N,N,N,N,N,N,N,N,N,N,N,N,N,N,N
SMAD4;MADH4;MYHRS;DPC4;JIP,N,N,N,N,N,N,N,N,N,N,N,N,N,N,N,N,N,N,N,N,N,N,N,N,N,N,N,N,N,N,N,N
JV18-1;JV18;hSMAD2;SMAD2;MADR2;MADH2;hMAD-2,N,N,N,N,N,N,N,N,N,N,N,N,N,N,N,N,N,N,N,N,N,N,N,N,N,N,N,N,N,N,N,N
LDS3;LDS1C;JV15-2;MADH3;SMAD3;HSPC193;HsT17436,N,N,N,N,N,N,N,N,N,N,N,N,N,N,N,N,N,N,N,N,N,N,N,N,N,N,N,N,N,N,N,N
CDC7;HsCDC7;Hsk1;CDC7L1;huCDC7,B,B,B,B,B,B,B,B,B,N,B,B,B,B,B,B,B,B,B,B,B,B,B,B,B,B,B,B,B,B,B,B
bA276H19.3;p55CDC;CDC20A;CDC20,A,A,A,A,A,A,A,A,A,A,A,A,A,A,A,A,A,A,A,A,A,A,A,A,A,A,N,A,A,A,A,A
CDC25B,N,N,A,N,N,N,N,A,N,N,N,N,A,N,N,N,A,N,N,N,N,N,A,N,N,N,N,N,N,N,N,N
PPP1R60;CDC25;CDC25C,N,N,A,N,N,N,N,A,N,N,N,N,A,N,N,N,A,N,N,N,N,N,A,N,N,N,N,N,N,N,N,N
CDC45L2;PORC-PI-1;CDC45;MGORS7;CDC45L,N,A,N,N,N,A,N,N,N,N,A,N,N,N,N,N,N,N,N,N,N,N,N,N,N,N,N,N,N,N,A,N
HsCDC6;CDC18L;CDC6;HsCDC18;MGORS5,N,N,N,N,N,N,N,N,N,N,N,N,N,N,N,N,N,N,N,N,N,N,N,N,N,N,N,N,N,N,N,N
CDC25A;CDC25A2,N,N,A,N,N,N,N,A,N,N,N,N,A,N,N,N,A,N,N,N,N,N,A,N,N,N,N,N,N,N,N,N
GSK3B,D,D,D,D,D,D,D,D,D,D,D,D,D,D,D,D,D,D,D,D,D,D,D,D,D,D,D,D,D,D,D,D
CCNB3,A,A,A,A,A,A,A,A,A,N,A,A,A,A,A,A,A,A,N,A,A,A,A,A,A,A,A,A,A,A,A,A
CCNB1;CCNB,A,A,A,A,A,A,A,A,A,N,A,A,A,A,A,A,A,A,N,A,A,A,A,A,A,A,A,A,A,A,A,A
HsT17299;CCNB2,A,A,A,A,A,A,A,A,A,N,A,A,A,A,A,A,A,A,N,A,A,A,A,A,A,A,A,A,A,A,A,A
CCNA2;CCNA;CCN1,A,A,A,A,A,A,A,A,A,N,A,A,A,A,A,A,A,A,N,A,A,A,A,A,A,A,A,A,A,A,A,A
CT146;CCNA1,A,A,A,A,A,A,A,A,A,N,A,A,A,A,A,A,A,A,N,A,A,A,A,A,A,A,A,A,A,A,A,A
MO15;CAK1;CAK;STK1;p39MO15;CDKN7;HCAK;CDK7,D,D,D,D,D,D,D,D,D,D,D,D,D,D,D,D,D,D,D,D,D,D,D,D,D,D,D,D,D,D,D,D
p33(CDK2);CDKN2;CDK2,D,D,D,D,D,D,D,D,D,D,D,D,D,D,D,D,D,D,D,D,D,D,D,D,D,D,D,D,D,D,D,D
CMM3;PSK-J3;CDK4,D,D,D,D,D,D,D,D,D,D,D,D,D,D,D,D,D,D,D,D,D,D,D,D,D,D,D,D,D,D,D,D
PLSTIRE;CDK6;MCPH12,D,D,D,D,D,D,D,D,D,D,D,D,D,D,D,D,D,D,D,D,D,D,D,D,D,D,D,D,D,D,D,D
p34;CCNH;CAK;CycH;p37,N,A,N,N,N,N,N,N,A,N,A,A,N,A,N,N,N,N,N,N,A,N,N,N,A,N,N,A,N,N,A,A
pCCNE1;CCNE;CCNE1,A,A,A,A,A,A,A,A,A,N,A,A,A,A,A,A,A,A,N,A,A,A,A,A,A,A,A,A,A,A,A,A
CYCE2;CCNE2,A,A,A,A,A,A,A,A,A,N,A,A,A,A,A,A,A,A,N,A,A,A,A,A,A,A,A,A,A,A,A,A
U21B31;D11S287E;PRAD1;CCND1;BCL1,A,A,A,A,A,A,N,A,A,N,A,A,A,A,A,A,A,A,N,A,A,A,A,A,A,A,A,A,A,A,A,A
MPPH3;CCND2;KIAK0002,A,A,A,A,A,A,N,A,A,N,A,A,A,A,A,A,A,A,N,A,A,A,A,A,A,A,A,A,A,A,A,A
CCND3,A,A,A,A,A,A,N,A,A,N,A,A,A,A,A,A,A,A,N,A,A,A,A,A,A,A,A,A,A,A,A,A
MAD1;MAD1L1;TP53I9;TXBP181;PIG9,N,N,A,N,N,A,A,A,N,N,N,N,N,N,N,N,N,A,N,N,N,N,N,N,A,N,N,N,A,N,N,N
CT96;TTK;ESK;PYT;MPH1;MPS1L1;MPS1,B,B,B,B,B,B,B,B,B,B,B,B,B,B,B,B,B,B,B,B,B,B,B,B,B,B,B,B,B,B,B,B
CDKN2C;INK4C;p18;p18-INK4C,A,A,A,A,A,A,A,A,A,A,A,A,A,A,A,A,A,A,A,A,A,A,A,A,A,A,A,A,A,A,A,A
CDKN2D;p19-INK4D;INK4D;p19,A,A,A,A,A,A,A,A,A,A,A,A,A,A,A,A,A,A,A,A,A,A,A,A,A,A,A,A,A,A,A,A
SMC3L1;CDLS3;BAM;BMH;SMC3;CSPG6;HCAP,N,N,N,N,N,N,N,N,N,N,N,N,N,N,N,N,N,N,N,N,N,N,N,N,N,N,N,N,N,N,N,N
SA1;MRD47;SCC3A;STAG1,N,A,N,N,N,A,N,N,N,N,A,N,A,N,N,N,N,A,N,N,N,N,N,N,A,N,N,N,N,N,A,N
SA-2;bA517O1.1;SA2;STAG2;SCC3B,N,A,N,N,N,A,N,N,N,N,A,N,A,N,N,N,N,A,N,N,N,N,N,N,A,N,N,N,N,N,A,N
CDLS4;HR21;NXP1;hHR21;RAD21;MCD1;HRAD21;SCC1,N,A,A,N,A,N,N,A,A,N,N,N,A,N,N,N,N,N,A,N,A,N,N,A,A,A,N,N,A,N,A,A
RBL1;p107;PRB1;CP107,N,A,N,N,N,A,N,N,N,N,N,N,N,N,N,N,N,A,N,N,A,N,N,N,N,N,N,N,N,N,A,A
E2F4;E2F-4,A,A,N,N,N,A,N,A,A,N,A,N,A,A,N,N,N,A,A,A,A,N,N,N,N,N,A,N,A,A,A,A
E2F5;E2F-5,A,A,N,N,N,A,N,A,A,N,A,N,A,A,N,N,N,A,A,A,A,N,N,N,N,N,A,N,A,A,A,A
MYC;MYCC;bHLHe39;MRTL;c-Myc,N,N,N,N,N,N,N,N,N,N,N,N,N,N,N,N,N,N,N,N,N,N,N,N,N,N,N,N,N,N,N,N
ZBTB17;MIZ-1;ZNF60;ZNF151;pHZ-67,A,A,A,N,N,N,N,A,N,N,A,N,N,N,N,N,N,N,N,N,N,N,N,N,N,A,N,N,N,N,A,N
bcr/abl;CHDSKM;v-abl;ABL;c-ABL1;JTK7;c-ABL;ABL1;p150,B,B,B,B,B,B,B,B,B,N,B,B,B,B,B,B,B,B,B,B,B,B,B,B,B,B,B,B,B,B,B,B
Dp-1;DP1;DRTF1;TFDP1;DILC,A,A,A,A,N,N,N,A,A,N,A,N,N,A,A,N,N,A,N,N,N,A,N,N,N,N,N,A,A,A,A,N
TFDP2;DP2,A,A,A,A,N,N,N,A,A,N,A,N,N,A,A,N,N,A,N,N,N,A,N,N,N,N,N,A,A,A,A,N
E2F1;RBP3;E2F-1;RBBP3;RBAP1,A,A,N,N,N,A,N,A,A,N,A,N,A,A,N,N,N,A,A,A,A,N,N,N,N,N,A,N,A,A,A,A
E2F-2;E2F2,A,A,N,N,N,A,N,A,A,N,A,N,A,A,N,N,N,A,A,A,A,N,N,N,N,N,A,N,A,A,A,A
E2F3;E2F-3,A,A,N,N,N,A,N,A,A,N,A,N,A,A,N,N,N,A,A,A,A,N,N,N,N,N,A,N,A,A,A,A
GON-10;HD1;HDAC1;RPD3L1;RPD3,B,B,B,N,B,N,B,B,B,N,B,B,B,B,B,N,B,B,B,B,B,B,N,N,N,B,N,B,B,B,B,N
HDAC2;HD2;YAF1;RPD3,B,B,B,N,B,N,B,B,B,N,B,B,B,B,B,N,B,B,B,B,B,B,N,N,N,B,N,B,B,B,B,N
Rb2;RBL2;P130,N,A,N,N,N,A,N,N,N,N,N,N,N,N,N,N,N,A,N,N,A,N,N,N,N,N,N,N,N,N,A,A
