p41;PRKM1;MAPK1;ERT1;P42MAPK;ERK-2;ERK2;MAPK2;p38;p41mapk;PRKM2;ERK;p42-MAPK;p40,D,D,D,D,D,D,D,D,D,D,D,D,D,D,D,D,D,D,D,D,D,D,D,D,D,D,D,D,D,D,D,D
ERT2;ERK1;p44-MAPK;HUMKER1A;P44ERK1;MAPK3;ERK-1;PRKM3;P44MAPK;p44-ERK1;HS44KDAP,D,D,D,D,D,D,D,D,D,D,D,D,D,D,D,D,D,D,D,D,D,D,D,D,D,D,D,D,D,D,D,D
MAPKK1;MAP2K1;PRKMK1;MKK1;CFC3;MEK1,D,D,D,D,D,D,D,D,D,N,D,D,D,D,D,D,D,D,D,D,D,D,D,D,D,D,D,D,D,D,D,D
PRKMK2;MKK2;CFC4;MEK2;MAP2K2;MAPKK2,D,D,D,D,D,D,D,D,D,N,D,D,D,D,D,D,D,D,D,D,D,D,D,D,D,D,D,D,D,D,D,D
NS5;CRAF;Raf-1;CMD1NN;c-Raf;RAF1,B,B,B,B,B,B,B,B,B,N,B,B,B,B,B,B,B,B,B,B,B,B,B,B,B,B,B,B,B,B,B,B
RRAS2;TC21,C,C,C,C,C,C,C,C,C,C,C,C,C,C,C,C,C,C,C,C,C,C,C,C,C,C,C,C,C,C,C,C
M-RAs;RRAS3;MRAS;R-RAS3,C,C,C,C,C,C,C,C,C,C,C,C,C,C,C,C,C,C,C,C,C,C,C,C,C,C,C,C,C,C,C,C
RASH1;CTLO;HAMSV;HRAS;p21ras;C-HA-RAS1;HRAS1;C-BAS/HAS;H-RASIDX;C-H-RAS,C,C,C,C,C,C,C,C,C,C,C,C,C,C,C,C,C,C,C,C,C,C,C,C,C,C,C,C,C,C,C,C
K-RAS4A;K-RAS2B;KI-RAS;KRAS;KRAS1;K-RAS4B;c-Ki-ras2;NS3;KRAS2;NS;K-Ras;RALD;K-RAS2A;CFC2;C-K-RAS;RASK2,C,C,C,C,C,C,C,C,C,C,C,C,C,C,C,C,C,C,C,C,C,C,C,C,C,C,C,C,C,C,C,C
CMNS;NCMS;NS6;ALPS4;NRAS1;N-ras;NRAS,C,C,C,C,C,C,C,C,C,C,C,C,C,C,C,C,C,C,C,C,C,C,C,C,C,C,C,C,C,C,C,C
R-Ras;RRAS,C,C,C,C,C,C,C,C,C,C,C,C,C,C,C,C,C,C,C,C,C,C,C,C,C,C,C,C,C,C,C,C
EGFRBP-GRB2;MST084;GRB2;ASH;Grb3-3;MSTP084;NCKAP2,A,A,A,N,A,N,N,N,A,N,A,N,A,A,A,N,A,N,A,A,A,A,A,A,A,A,A,A,A,A,A,A
SOS1;GGF1;HGF;NS4;GINGF;GF1,A,A,A,A,A,A,A,A,A,N,A,A,A,A,A,A,A,A,A,A,A,A,A,A,A,A,A,A,A,A,A,A
SOS2;SOS-2;NS9,A,A,A,A,A,A,A,A,A,N,A,A,A,A,A,A,A,A,A,A,A,A,A,A,A,A,A,A,A,A,A,A
PKB-GAMMA;MPPH;RAC-gamma;AKT3;RAC-PK-gamma;STK-2;PKBG;PRKBG;MPPH2,B,B,B,B,B,B,B,B,B,B,B,B,B,B,B,B,B,B,B,B,B,B,B,B,B,B,B,B,B,B,B,B
AKT1;PKB;PRKBA;RAC-ALPHA;AKT;CWS6;RAC;PKB-ALPHA,B,B,B,B,B,B,B,B,B,B,B,B,B,B,B,B,B,B,B,B,B,B,B,B,B,B,B,B,B,B,B,B
PKBB;PKBBETA;HIHGHH;AKT2;RAC-BETA;PRKBB,B,B,B,B,B,B,B,B,B,B,B,B,B,B,B,B,B,B,B,B,B,B,B,B,B,B,B,B,B,B,B,B
MCM;PI3K-alpha;PI3K;MCMTC;CLOVE;PIK3CA;CWS5;p110-alpha;MCAP,A,A,A,A,A,A,A,A,A,N,A,A,A,A,A,A,A,A,A,A,A,A,A,A,A,A,A,A,A,A,A,A
PI3K;PIK3C1;PIK3CB;PI3KBETA;P110BETA,A,A,A,A,A,A,A,A,A,A,A,A,A,A,A,A,A,A,A,A,A,A,A,A,A,A,A,A,A,A,A,A
PI3K;IMD14;p110D;P110DELTA;APDS;PIK3CD,A,A,A,A,A,A,A,A,A,N,A,A,A,A,A,A,A,A,A,A,A,A,A,A,A,A,A,A,A,A,A,A
PIK3R1;GRB1;AGM7;p85-ALPHA;p85;IMD36,A,A,A,N,N,N,N,A,A,N,A,A,A,A,A,A,N,N,A,A,A,A,A,A,A,A,A,A,A,A,A,A
PIK3R2;MPPH;P85B;p85-BETA;MPPH1;p85,N,N,N,N,N,N,N,N,N,N,N,N,N,N,N,N,N,N,N,N,N,N,N,N,N,N,N,N,N,N,N,N
PIK3R3;p55;p55PIK;p55-GAMMA,N,N,N,N,N,N,N,N,N,N,N,N,N,N,N,N,N,N,N,N,N,N,N,N,N,N,N,N,N,N,N,N
SHCB;SHC2;SLI;SCK,A,N,N,N,N,N,N,A,A,N,N,A,N,N,A,N,N,A,N,N,A,A,N,N,N,N,N,N,N,N,A,A
RaLP;SHC4;SHCD,N,N,N,N,N,N,N,N,N,N,N,N,N,N,N,N,N,N,N,N,N,N,N,N,N,N,N,N,N,N,N,N
SHC3;NSHC;SHCC;RAI;N-Shc,A,N,A,N,N,A,N,N,N,N,N,N,N,A,A,N,N,N,N,N,A,A,N,N,N,A,N,N,N,N,A,N
SHC1;SHCA;SHC,A,N,A,N,N,A,N,N,N,N,N,N,N,A,A,N,N,N,N,N,A,A,N,N,N,A,N,N,N,N,A,N
MCSF;CSF-1;CSF1,N,N,N,N,N,N,N,N,N,N,N,N,N,N,N,N,N,N,N,N,N,N,N,N,N,N,N,N,N,N,N,N
EFL1;LERK1;TNFAIP4;EFNA1;ECKLG;LERK-1;EPLG1;B61,N,N,N,N,N,N,N,N,N,N,N,N,N,N,N,N,N,N,N,N,N,N,N,N,N,N,N,N,N,N,N,N
LERK-6;LERK6;EFNA2;ELF-1;EPLG6;HEK7-L,N,N,N,N,N,N,N,N,N,N,N,N,N,N,N,N,N,N,N,N,N,N,N,N,N,N,N,N,N,N,N,N
LERK3;Ehk1-L;EFL2;EFNA3;EPLG3,N,N,N,N,N,N,N,N,N,N,N,N,N,N,N,N,N,N,N,N,N,N,N,N,N,N,N,N,N,N,N,N
EFNA4;EFL4;LERK4;EPLG4,N,N,N,N,N,N,N,N,N,N,N,N,N,N,N,N,N,N,N,N,N,N,N,N,N,N,N,N,N,N,N,N
EFL5;RAGS;GLC1M;EPLG7;LERK7;EFNA5;AF1,N,N,N,N,N,N,N,N,N,N,N,N,N,N,N,N,N,N,N,N,N,N,N,N,N,N,N,N,N,N,N,N
EGF;HOMG4;URG,N,A,A,A,N,N,N,A,A,N,A,A,N,A,N,A,A,A,N,A,A,A,A,A,N,A,A,N,A,N,A,A
GLIO703;FGFA;HBGF1;ECGFB;FGF-1;FGF1;FGF-alpha;ECGFA;ECGF;HBGF-1;ECGF-beta;AFGF,N,N,N,N,N,N,N,N,N,N,N,N,N,N,N,N,N,N,N,N,N,N,N,N,N,N,N,N,N,N,N,N
FGFB;BFGF;FGF2;FGF-2;HBGF-2,N,N,N,N,N,N,N,N,N,N,N,N,N,N,N,N,N,N,N,N,N,N,N,N,N,N,N,N,N,N,N,N
HBGF-3;FGF3;INT2,N,N,N,N,N,N,N,N,N,N,N,N,N,N,N,N,N,N,N,N,N,N,N,N,N,N,N,N,N,N,N,N
KFGF;K-FGF;FGF-4;HBGF-4;HST;HSTF-1;HSTF1;FGF4;HST-1,N,N,N,N,N,N,N,N,N,N,N,N,N,N,N,N,N,N,N,N,N,N,N,N,N,N,N,N,N,N,N,N
Smag-82;HBGF-5;FGF5;TCMGLY,N,N,N,N,N,N,N,N,N,N,N,N,N,N,N,N,N,N,N,N,N,N,N,N,N,N,N,N,N,N,N,N
FGF6;HBGF-6;HST2,N,N,N,N,N,N,N,N,N,N,N,N,N,N,N,N,N,N,N,N,N,N,N,N,N,N,N,N,N,N,N,N
HBGF-7;FGF7;KGF,N,N,N,N,N,N,N,N,N,N,N,N,N,N,N,N,N,N,N,N,N,N,N,N,N,N,N,N,N,N,N,N
FGF8;HBGF-8;AIGF;KAL6;HH6;FGF-8,N,N,N,N,N,N,N,N,N,N,N,N,N,N,N,N,N,N,N,N,N,N,N,N,N,N,N,N,N,N,N,N
FGF-9;HBFG-9;HBGF-9;GAF;SYNS3;FGF9,N,N,N,N,N,N,N,N,N,N,N,N,N,N,N,N,N,N,N,N,N,N,N,N,N,N,N,N,N,N,N,N
FGF10,N,N,N,N,N,N,N,N,N,N,N,N,N,N,N,N,N,N,N,N,N,N,N,N,N,N,N,N,N,N,N,N
VEGFD;FIGF;VEGF-D,N,N,N,N,N,N,N,N,N,N,N,N,N,N,N,N,N,N,N,N,N,N,N,N,N,N,N,N,N,N,N,N
FLG3L;FL;FLT3L;FLT3LG,N,N,N,N,N,N,N,N,N,N,N,N,N,N,N,N,N,N,N,N,N,N,N,N,N,N,N,N,N,N,N,N
RHDA2;FGF20;FGF-20,N,N,N,N,N,N,N,N,N,N,N,N,N,N,N,N,N,N,N,N,N,N,N,N,N,N,N,N,N,N,N,N
FGF21,N,N,N,N,N,N,N,N,N,N,N,N,N,N,N,N,N,N,N,N,N,N,N,N,N,N,N,N,N,N,N,N
FGF22,N,N,N,N,N,N,N,N,N,N,N,N,N,N,N,N,N,N,N,N,N,N,N,N,N,N,N,N,N,N,N,N
AGPT;ANG1;ANGPT1;AGP1,A,A,A,A,N,A,A,N,A,N,A,A,A,A,A,A,A,A,N,N,A,A,N,N,N,A,N,N,A,N,A,A
AGPT2;ANG2;ANGPT2,A,A,A,A,N,A,A,N,A,N,A,A,A,A,A,A,A,A,N,N,A,A,N,N,N,A,N,N,A,N,A,A
HGFB;SF;HGF;DFNB39;F-TCF;HPTA,N,A,A,A,A,N,A,A,A,N,A,A,N,A,N,A,A,A,N,A,A,A,A,A,N,A,N,N,N,N,A,A
IGF1;IGF-I;IGFI;MGF,N,N,N,N,N,N,N,N,N,N,N,N,N,N,N,N,N,N,N,N,N,N,N,N,N,N,N,N,N,N,N,N
IGF2;PP9974;C11orf43;GRDF;IGF-II,N,N,N,N,N,N,N,N,N,N,N,N,N,N,N,N,N,N,N,N,N,N,N,N,N,N,N,N,N,N,N,N
IDDM;MODY10;ILPR;INS;IDDM1;IRDN;IDDM2,N,N,N,N,N,N,N,N,N,N,N,N,N,N,N,N,N,N,N,N,N,N,N,N,N,N,N,N,N,N,N,N
SLF;DFNA69;SF;Kitl;SHEP7;SCF;DCUA;FPH2;FPHH;KITLG;KL-1;MGF,N,N,N,N,N,N,N,N,N,N,N,N,N,N,N,N,N,N,N,N,N,N,N,N,N,N,N,N,N,N,N,N
Beta-NGF;NGFB;HSAN5;NGF,N,N,N,N,N,N,N,N,N,N,N,N,N,N,N,N,N,N,N,N,N,N,N,N,N,N,N,N,N,N,N,N
NT3;NGF-2;NTF3;NGF2;HDNF;NT-3,N,N,N,N,N,N,N,N,N,N,N,N,N,N,N,N,N,N,N,N,N,N,N,N,N,N,N,N,N,N,N,N
NT-4;NT5;NT4;GLC1O;NTF5;NT-4/5;NT-5;GLC10;NTF4,N,N,N,N,N,N,N,N,N,N,N,N,N,N,N,N,N,N,N,N,N,N,N,N,N,N,N,N,N,N,N,N
ANG3;ANGPT4;ANG4,A,A,A,A,N,A,A,N,A,N,A,A,A,A,A,A,A,A,N,N,A,A,N,N,N,A,N,N,A,N,A,A
PDGF1;PDGF-A;PDGFA,N,N,N,N,N,N,N,N,N,N,N,N,N,N,N,N,N,N,N,N,N,N,N,N,N,N,N,N,N,N,N,N
IBGC5;PDGF-2;SIS;SSV;PDGFB;c-sis;PDGF2,N,N,N,N,N,N,N,N,N,N,N,N,N,N,N,N,N,N,N,N,N,N,N,N,N,N,N,N,N,N,N,N
PIGF;PLGF;D12S1900;PGFL;SHGC-10760;PlGF-2;PGF,N,N,N,N,N,N,N,N,N,N,N,N,N,N,N,N,N,N,N,N,N,N,N,N,N,N,N,N,N,N,N,N
PDGFC;FALLOTEIN;SCDGF,N,N,N,N,N,N,N,N,N,N,N,N,N,N,N,N,N,N,N,N,N,N,N,N,N,N,N,N,N,N,N,N
BDNF;ANON2;BULN2,N,N,N,N,N,N,N,N,N,N,N,N,N,N,N,N,N,N,N,N,N,N,N,N,N,N,N,N,N,N,N,N
TGFA;TFGA,N,N,N,N,N,N,N,N,N,N,N,N,N,N,N,N,N,N,N,N,N,N,N,N,N,N,N,N,N,N,N,N
MVCD1;VEGFA;VEGF;VPF,N,N,N,N,N,N,N,N,N,N,N,N,N,N,N,N,N,N,N,N,N,N,N,N,N,N,N,N,N,N,N,N
VEGFL;VEGFB;VRF,N,N,N,N,N,N,N,N,N,N,N,N,N,N,N,N,N,N,N,N,N,N,N,N,N,N,N,N,N,N,N,N
VEGFC;Flt4-L;LMPH1D;VRP,N,N,N,N,N,N,N,N,N,N,N,N,N,N,N,N,N,N,N,N,N,N,N,N,N,N,N,N,N,N,N,N
IEGF;SCDGF-B;PDGFD;SCDGFB;MSTP036,N,N,N,N,N,N,N,N,N,N,N,N,N,N,N,N,N,N,N,N,N,N,N,N,N,N,N,N,N,N,N,N
HPDR2;PHPTC;FGFN;HYPF;ADHR;FGF23,N,N,N,N,N,N,N,N,N,N,N,N,N,N,N,N,N,N,N,N,N,N,N,N,N,N,N,N,N,N,N,N
ZFGF5;FGF18;FGF-18,N,N,N,N,N,N,N,N,N,N,N,N,N,N,N,N,N,N,N,N,N,N,N,N,N,N,N,N,N,N,N,N
HH20;FGF-17;FGF17;FGF-13,N,N,N,N,N,N,N,N,N,N,N,N,N,N,N,N,N,N,N,N,N,N,N,N,N,N,N,N,N,N,N,N
FGF16;MF4;FGF-16,N,N,N,N,N,N,N,N,N,N,N,N,N,N,N,N,N,N,N,N,N,N,N,N,N,N,N,N,N,N,N,N
FGF19,N,N,N,N,N,N,N,N,N,N,N,N,N,N,N,N,N,N,N,N,N,N,N,N,N,N,N,N,N,N,N,N
CD115;CSFR;C-FMS;CSF1R;HDLS;CSF-1R;FMS;FIM2;M-CSF-R,D,D,D,D,D,D,D,D,D,N,D,D,D,D,D,D,D,D,D,D,D,D,D,D,D,D,D,D,D,D,D,D
NISBD2;HER1;ERBB;PIG61;EGFR;ERBB1;mENA,B,B,B,B,B,B,B,B,B,B,B,B,B,B,B,B,B,B,B,B,B,B,B,B,B,B,B,B,B,B,B,B
EPHA2;CTRCT6;ARCC2;ECK;CTPP1;CTPA,B,B,B,B,B,B,B,B,B,N,B,B,B,B,B,B,B,B,B,B,B,B,B,B,B,B,B,B,B,B,B,B
HRTFDS;ECCL;FLT2;CEK;KAL2;BFGFR;N-SAM;OGD;FGFR1;FLG;HH2;FGFR-1;bFGF-R-1;CD331;HBGFR;FLT-2;FGFBR,B,B,B,B,B,B,B,B,B,N,B,B,B,B,B,B,B,B,B,B,B,B,B,B,B,B,B,B,B,B,B,B
FGFR3;CEK2;CD333;JTK4;HSFGFR3EX;ACH,B,B,B,B,B,B,B,B,B,N,B,B,B,B,B,B,B,B,B,B,B,B,B,B,B,B,B,B,B,B,B,B
FGFR2;CEK3;K-SAM;CD332;BFR-1;BBDS;ECT1;JWS;KGFR;TK14;TK25;BEK;CFD1,B,B,B,B,B,B,B,B,B,N,B,B,B,B,B,B,B,B,B,B,B,B,B,B,B,B,B,B,B,B,B,B
TKF;CD334;FGFR4;JTK2,B,B,B,B,B,B,B,B,B,N,B,B,B,B,B,B,B,B,B,B,B,B,B,B,B,B,B,B,B,B,B,B
FLT-1;VEGFR-1;FLT;VEGFR1;FLT1,D,D,D,D,D,D,D,D,D,N,D,D,D,D,D,D,D,D,D,D,D,D,D,D,D,D,D,D,D,D,D,D
CD135;FLT3;FLK-2;STK1;FLK2,D,D,D,D,D,D,D,D,D,N,D,D,D,D,D,D,D,D,D,D,D,D,D,D,D,D,D,D,D,D,D,D
FLT4;FLT41;PCL;FLT-4;LMPH1A;VEGFR-3;VEGFR3,B,B,B,B,B,B,B,B,B,N,B,B,B,B,B,B,B,B,B,B,B,B,B,B,B,B,B,B,B,B,B,B
JTK13;CD221;IGFIR;IGFR;IGF1R,B,B,B,B,B,B,B,B,B,N,B,B,B,B,B,B,B,B,B,B,B,B,B,B,B,B,B,B,B,B,B,B
INSR;CD220;HHF5,B,B,B,B,B,B,B,B,B,N,B,B,B,B,B,B,B,B,B,B,B,B,B,B,B,B,B,B,B,B,B,B
FLK1;VEGFR;KDR;VEGFR2;CD309,B,B,B,B,B,B,B,B,B,N,B,B,B,B,B,B,B,B,B,B,B,B,B,B,B,B,B,B,B,B,B,B
CD117;PBT;KIT;SCFR;C-Kit,B,B,B,B,B,B,B,B,B,N,B,B,B,B,B,B,B,B,B,B,B,B,B,B,B,B,B,B,B,B,B,B
DFNB97;HGFR;AUTS9;c-Met;RCCP2;MET,B,B,B,B,B,B,B,B,B,N,B,B,B,B,B,B,B,B,B,B,B,B,B,B,B,B,B,B,B,B,B,B
p75NTR;Gp80-LNGFR;TNFRSF16;NGFR;CD271;p75(NTR),N,N,N,N,N,N,N,N,N,N,N,N,N,N,N,N,N,N,N,N,N,N,N,N,N,N,N,N,N,N,N,N
TRK;Trk-A;TRKA;MTC;NTRK1;TRK1;p140-TrkA,B,B,B,B,B,B,B,B,B,B,B,B,B,B,B,B,B,B,B,B,B,B,B,B,B,B,B,B,B,B,B,B
OBHD;GP145-TrkB;TRKB;trk-B;NTRK2,B,B,B,B,B,B,B,B,B,B,B,B,B,B,B,B,B,B,B,B,B,B,B,B,B,B,B,B,B,B,B,B
PDGFR2;CD140A;PDGFRA;PDGFR-2,B,B,B,B,B,B,B,B,B,N,B,B,B,B,B,B,B,B,B,B,B,B,B,B,B,B,B,B,B,B,B,B
PDGFR;PENTT;JTK12;PDGFR-1;PDGFR1;CD140B;IBGC4;PDGFRB;IMF1;KOGS,B,B,B,B,B,B,B,B,B,N,B,B,B,B,B,B,B,B,B,B,B,B,B,B,B,B,B,B,B,B,B,B
VMCM1;TIE2;VMCM;CD202B;TEK;GLC3E;TIE-2,B,B,B,B,B,B,B,B,B,N,B,B,B,B,B,B,B,B,B,B,B,B,B,B,B,B,B,B,B,B,B,B
GAB1,N,N,N,N,N,N,N,N,N,N,N,N,N,N,N,N,N,N,N,N,N,N,N,N,N,N,N,N,N,N,N,N
GAB2,N,N,N,N,N,N,N,N,N,N,N,N,N,N,N,N,N,N,N,N,N,N,N,N,N,N,N,N,N,N,N,N
PTP2C;JMML;METCDS;BPTP3;SH-PTP2;PTPN11;PTP-1D;SHP2;SH-PTP3;NS1;CFC,D,D,D,D,D,D,N,D,D,N,D,N,D,D,D,D,N,D,D,D,D,D,D,D,D,D,D,D,D,D,D,D
TIAM-1;TIAM1,A,A,A,N,A,N,A,N,A,N,A,N,A,A,A,N,A,N,N,N,A,A,A,A,N,A,A,A,A,A,A,N
RAC1;Rac-1;p21-Rac1;TC-25;MIG5,C,C,C,C,C,C,C,C,C,C,C,C,C,C,C,C,C,C,C,C,C,C,C,C,C,C,C,C,C,C,C,C
HSPC022;p21-Rac2;Gx;RAC2;EN-7,C,C,C,C,C,C,C,C,C,C,C,C,C,C,C,C,C,C,C,C,C,C,C,C,C,C,C,C,C,C,C,C
RAC3,C,C,C,C,C,C,C,C,C,C,C,C,C,C,C,C,C,C,C,C,C,C,C,C,C,C,C,C,C,C,C,C
RGF;RalGEF;RALGDS;RGDS,A,A,A,A,A,A,A,A,A,N,A,A,A,A,A,A,A,A,A,A,A,A,A,A,A,A,A,A,A,A,A,A
RGL;RGL1,A,A,A,A,A,A,A,A,A,N,A,A,A,A,A,A,A,A,A,A,A,A,A,A,A,A,A,A,A,A,A,A
HKE1.5;RAB2L;KE1.5;RGL2,A,A,A,A,A,A,A,A,A,N,A,A,A,A,A,A,A,A,A,A,A,A,A,A,A,A,A,A,A,A,A,A
RAL;RALA,C,C,C,C,C,C,C,C,C,C,C,C,C,C,C,C,C,C,C,C,C,C,C,C,C,C,C,C,C,C,C,C
RALB,C,C,C,C,C,C,C,C,C,C,C,C,C,C,C,C,C,C,C,C,C,C,C,C,C,C,C,C,C,C,C,C
PLD1;CVDD,B,N,N,N,N,N,B,N,B,N,B,B,B,B,N,N,B,N,N,B,B,B,B,N,N,B,N,N,N,N,B,N
PLD1C;PLD2,B,N,N,N,N,N,B,N,B,N,B,B,B,B,N,N,B,N,N,B,B,B,B,N,N,B,N,N,N,N,B,N
PPLC;PLCE;NPHS3;PLCE1,A,A,A,A,A,N,A,N,A,N,A,N,A,A,A,A,N,A,A,N,A,A,A,A,A,A,A,A,A,N,A,A
PRKACA;PRKCA;PKC-alpha;AAG6;PKCA,B,B,B,B,B,B,B,B,B,B,B,B,B,B,B,B,B,B,B,B,B,B,B,B,B,B,B,B,B,B,B,B
PKC-beta;PKCB;PRKCB2;PRKCB;PRKCB1,B,B,B,B,B,B,B,B,B,B,B,B,B,B,B,B,B,B,B,B,B,B,B,B,B,B,B,B,B,B,B,B
PKCC;PKCG;PKC-gamma;SCA14;PRKCG,B,B,B,B,B,B,B,B,B,B,B,B,B,B,B,B,B,B,B,B,B,B,B,B,B,B,B,B,B,B,B,B
bcr/abl;CHDSKM;v-abl;ABL;c-ABL1;JTK7;c-ABL;ABL1;p150,B,B,B,B,B,B,B,B,B,N,B,B,B,B,B,B,B,B,B,B,B,B,B,B,B,B,B,B,B,B,B,B
ARG;ABL2;ABLL,B,B,B,B,B,B,B,B,B,B,B,B,B,B,B,B,B,B,B,B,B,B,B,B,B,B,B,B,B,B,B,B
RIN1,A,A,A,N,N,N,N,N,A,N,A,A,A,N,A,N,N,N,N,A,A,N,N,A,N,N,N,N,A,N,A,N
BCL2L8;BAD;BBC2,N,N,N,N,N,N,N,N,N,N,N,N,N,N,N,N,N,N,N,N,N,N,N,N,N,N,N,N,N,N,N,N
BCL2L;BCLX;BCL2L1;Bcl-X;BCL-XL/S;PPP1R52,N,N,N,N,N,N,N,N,N,N,N,N,N,N,N,N,N,N,N,N,N,N,N,N,N,N,N,N,N,N,N,N
IKK-alpha;IKKA;IKK1;TCF16;CHUK;NFKBIKA;IKBKA,B,B,B,B,B,B,B,B,B,B,B,B,B,B,B,B,B,B,B,B,B,B,B,B,B,B,B,B,B,B,B,B
IKKB;IKBKB;IMD15;NFKBIKB;IKK-beta;IKK2,B,B,B,B,B,B,B,B,B,B,B,B,B,B,B,B,B,B,B,B,B,B,B,B,B,B,B,B,B,B,B,B
AMCBX1;Fip3p;FIP-3;IKBKG;IPD2;IKK-gamma;IP;IKKAP1;IP2;IP1;ZC2HC9;IMD33;NEMO;FIP3;IKKG,N,N,N,N,N,N,N,N,N,N,N,N,N,N,N,N,N,N,N,N,N,N,N,N,N,N,N,N,N,N,N,N
CVID12;NF-kB1;NF-kappa-B;NFKB-p105;NFkappaB;p105;NFKB-p50;NF-kappaB;KBF1;p50;NFKB1;EBP-1,A,A,A,A,A,A,A,A,A,A,A,A,A,A,A,A,A,A,A,A,A,A,A,A,A,A,A,A,A,A,A,A
RELA;NFKB3;p65,A,N,A,N,A,N,N,N,N,N,A,N,A,A,N,N,N,N,N,N,N,N,N,N,N,N,N,N,N,N,A,N
FOXO4;AFX;MLLT7;AFX1,N,N,N,N,N,N,N,N,N,N,N,N,N,N,N,N,N,N,N,N,N,N,N,N,N,N,N,N,N,N,N,N
CD95-L;APT1LG1;ALPS1B;APTL;TNFSF6;TNLG1A;CD95L;CD178;FASL;FASLG,N,N,N,N,N,N,N,N,N,N,N,N,N,N,N,N,N,N,N,N,N,N,N,N,N,N,N,N,N,N,N,N
JNK21B1/2;JNK;SAPK1c;PRKM8;JNK1A2;MAPK8;SAPK1;JNK1;JNK-46,D,D,D,D,D,D,D,D,D,D,D,D,D,D,D,D,D,D,D,D,D,D,D,D,D,D,D,D,D,D,D,D
JNK2BETA;SAPK;JNK2A;JNK2;JNK2B;p54a;MAPK9;JNK-55;SAPK1a;p54aSAPK;PRKM9;JNK2ALPHA,D,D,D,D,D,D,D,D,D,D,D,D,D,D,D,D,D,D,D,D,D,D,D,D,D,D,D,D,D,D,D,D
SAPK1b;PRKM10;JNK3A;p493F12;p54bSAPK;MAPK10;JNK3,D,D,D,D,D,D,D,D,D,D,D,D,D,D,D,D,D,D,D,D,D,D,D,D,D,D,D,D,D,D,D,D
RLIP76;RLIP1;RIP1;RALBP1,A,A,A,A,A,N,N,A,A,N,A,A,A,A,A,A,A,A,A,A,A,A,A,A,A,A,A,A,A,A,A,A
TKS;CDC42;G25K;CDC42Hs,C,C,C,C,C,C,C,C,C,C,C,C,C,C,C,C,C,C,C,C,C,C,C,C,C,C,C,C,C,C,C,C
PLA2G4B;HsT16992;cPLA2-beta,A,A,A,N,A,A,A,A,A,N,A,N,A,A,A,A,A,A,A,A,A,A,A,A,A,A,A,A,A,A,A,A
AdPLA;H-REV107;H-REV107-1;HRSL3;HREV107-1;HRASLS3;HREV107;HREV107-3;PLA2G16,A,N,N,N,N,N,A,N,A,N,N,A,N,N,N,N,N,N,N,N,A,N,N,N,N,N,N,N,N,N,A,N
PLA2G4E,A,A,A,N,A,N,N,A,A,N,A,N,A,A,A,A,A,A,A,N,A,A,A,A,A,N,A,A,N,A,A,A
PLA2G4F;PLA2G4FZ,A,A,A,N,A,A,A,A,A,N,A,N,A,A,A,A,A,A,A,A,A,A,A,A,A,N,A,A,A,A,A,A
PLA2G2D;sPLA2S;PLA2IID;sPLA2-IID;SPLASH,N,N,N,N,N,N,N,N,N,N,N,N,N,N,N,N,N,N,N,N,N,N,N,N,N,N,N,N,N,N,N,N
PLA2G4D;cPLA2delta,A,A,A,N,A,A,N,A,A,N,A,N,A,A,A,A,A,A,A,A,A,A,A,A,A,A,A,A,A,A,A,A
PLA2G2E;GIIE_sPLA2;sPLA2-IIE,N,N,N,N,N,N,N,N,N,N,N,N,N,N,N,N,N,N,N,N,N,N,N,N,N,N,N,N,N,N,N,N
PLA2G2C,N,N,N,N,N,N,N,N,N,N,N,N,N,N,N,N,N,N,N,N,N,N,N,N,N,N,N,N,N,N,N,N
SPLA2III;GIII-SPLA2;PLA2G3;sPLA2-III,N,N,N,N,N,N,N,N,N,N,N,N,N,N,N,N,N,N,N,N,N,N,N,N,N,N,N,N,N,N,N,N
PS-PLA1;PSPLA1;PLA1A,N,N,N,N,N,N,N,N,N,N,N,N,N,N,N,N,N,N,N,N,N,N,N,N,N,N,N,N,N,N,N,N
PLA2;PLA2G1B;PLA2A;PPLA2,N,N,N,N,N,N,N,N,N,N,N,N,N,N,N,N,N,N,N,N,N,N,N,N,N,N,N,N,N,N,N,N
PLA2L;PLA2S;MOM1;PLA2;PLA2G2A;sPLA2;PLA2B;PLAS1,N,N,N,N,N,N,N,N,N,N,N,N,N,N,N,N,N,N,N,N,N,N,N,N,N,N,N,N,N,N,N,N
cPLA2;cPLA2-alpha;PLA2G4A;PLA2G4,A,A,A,N,A,A,N,A,A,N,A,N,A,A,A,A,A,A,A,A,A,A,A,A,A,N,A,A,A,A,A,A
hVPLA(2);PLA2G5;FRFB;GV-PLA2;PLA2-10,N,N,N,N,N,N,N,N,N,N,N,N,N,N,N,N,N,N,N,N,N,N,N,N,N,N,N,N,N,N,N,N
PLA2G2F,N,N,N,N,N,N,N,N,N,N,N,N,N,N,N,N,N,N,N,N,N,N,N,N,N,N,N,N,N,N,N,N
PLA2G12;PLA2G12A;GXII;ROSSY,A,N,N,N,N,N,N,N,A,N,N,A,N,N,N,N,N,N,N,N,A,N,N,N,A,N,N,N,N,N,A,A
PLA2G6;PLA2;INAD1;iPLA2;CaI-PLA2;iPLA2beta;NBIA2B;GVI;PNPLA9;NBIA2A;NBIA2;PARK14;IPLA2-VIA,A,A,A,A,A,A,N,A,A,N,A,A,A,A,N,A,A,A,A,A,A,A,A,A,N,A,A,A,A,N,A,A
SPLA2;GXPLA2;sPLA2-X;GXSPLA2;PLA2G10,N,N,N,N,N,N,N,N,N,N,N,N,N,N,N,N,N,N,N,N,N,N,N,N,N,N,N,N,N,N,N,N
GXIIB;sPLA2-GXIIB;PLA2G13;FKSG71;PLA2G12B;GXIIIsPLA2,A,N,N,N,N,N,N,N,A,N,N,A,N,N,N,N,N,N,N,N,A,N,N,N,A,N,N,N,N,N,A,A
CPLA2-gamma;PLA2G4C,N,N,N,N,N,N,N,N,N,N,N,N,N,N,N,N,N,N,N,N,N,N,N,N,N,N,N,N,N,N,N,N
HsT16992;cPLA2-beta;JMJD7-PLA2G4B,A,A,A,N,A,A,A,A,A,N,A,N,A,A,A,A,A,A,A,A,A,A,A,A,A,A,A,A,A,A,A,A
ELK1,N,N,N,N,N,N,N,N,N,N,N,N,N,N,N,N,N,N,N,N,N,N,N,N,N,N,N,N,N,N,N,N
c-ets-1;ETS1;EWSR2;p54;ETS-1,N,N,N,N,N,N,N,N,N,N,N,N,N,N,N,N,N,N,N,N,N,N,N,N,N,N,N,N,N,N,N,N
ETS2;ETS2IT1,N,N,N,N,N,N,N,N,N,N,N,N,N,N,N,N,N,N,N,N,N,N,N,N,N,N,N,N,N,N,N,N
RAB5;RAB5A,C,C,C,C,C,C,C,C,C,C,C,C,C,C,C,C,C,C,C,C,C,C,C,C,C,C,C,C,C,C,C,C
RAB5B,C,C,C,C,C,C,C,C,C,C,C,C,C,C,C,C,C,C,C,C,C,C,C,C,C,C,C,C,C,C,C,C
RAB5L;RAB5C;L1880;RAB5CL;RABL,C,C,C,C,C,C,C,C,C,C,C,C,C,C,C,C,C,C,C,C,C,C,C,C,C,C,C,C,C,C,C,C
CALDAG-GEFI;CALDAG-GEFII;RASGRP1;V;hRasGRP1;RASGRP,A,A,A,A,A,A,A,A,A,N,A,A,A,A,A,A,A,A,A,A,A,A,A,A,A,A,A,A,A,A,A,A
RASGRP2;CALDAG-GEFI;CDC25L,A,A,A,A,A,A,A,A,A,N,A,A,A,A,A,A,A,A,A,A,A,A,A,A,A,A,A,A,A,A,A,A
RASGRP4,A,A,A,A,A,A,A,A,A,N,A,A,A,A,A,A,A,A,A,A,A,A,A,A,A,A,A,A,A,A,A,A
RASGRP3;GRP3,A,A,A,A,A,A,A,A,A,N,A,A,A,A,A,A,A,A,A,A,A,A,A,A,A,A,A,A,A,A,A,A
GRF55;H-GRF55;GNRP;CDC25;CDC25L;ras-GRF1;RASGRF1;PP13187;GRF1,A,A,A,A,A,A,A,A,A,N,A,A,A,A,A,A,A,A,A,A,A,A,A,A,A,A,A,A,A,A,A,A
GRF2;RAS-GRF2;RASGRF2,A,A,A,A,A,A,A,A,A,N,A,A,A,A,A,A,A,A,A,A,A,A,A,A,A,A,A,A,A,A,A,A
RASA4B,B,B,B,B,B,B,B,B,B,N,B,B,B,B,B,B,B,B,B,B,B,B,B,B,B,B,B,B,B,B,B,B
CAPRI;GAPL;RASA4,B,B,B,B,B,B,B,B,B,N,B,B,B,B,B,B,B,B,B,B,B,B,B,B,B,B,B,B,B,B,B,B
GAPIII;GAP1IP4BP;RASA3,A,A,A,A,A,A,N,A,A,N,A,A,A,A,A,A,A,A,A,A,A,A,A,A,A,A,A,A,A,A,A,A
RASA;p120;RASA1;GAP;CMAVM;CM-AVM;RASGAP;p120GAP;p120RASGAP;PKWS,A,A,A,A,A,A,N,A,A,N,A,A,A,A,A,A,A,A,A,A,A,A,A,A,A,A,A,A,A,A,A,A
GAP1M;RASA2,A,A,A,N,A,A,N,A,A,N,A,A,A,A,A,A,A,A,A,A,A,A,A,A,A,A,A,A,A,A,A,A
RASAL3,A,A,A,A,A,A,N,A,A,N,A,A,A,A,A,A,A,A,A,A,A,A,A,A,A,A,A,A,A,A,A,A
RASAL1;RASAL,A,A,A,A,A,A,A,A,A,N,A,A,A,A,A,A,A,A,A,A,A,A,A,A,A,A,A,A,A,A,A,A
SYNGAP;MRD5;SYNGAP1;RASA1;RASA5,A,A,A,A,A,A,N,A,A,N,A,A,A,A,A,A,A,A,A,A,A,A,A,A,A,A,A,A,A,A,A,A
NGAP;RASAL2,A,A,A,A,A,A,N,A,A,N,A,A,A,A,A,A,A,A,A,A,A,A,A,A,A,A,A,A,A,A,A,A
VRNF;WSS;NF1;NFNS,A,A,A,A,A,A,N,A,A,N,A,A,A,A,A,A,A,A,A,A,A,A,A,A,A,A,A,A,A,A,A,A
RHO12;RHOA;ARH12;ARHA;RHOH12,C,C,C,C,C,C,C,C,C,C,C,C,C,C,C,C,C,C,C,C,C,C,C,C,C,C,C,C,C,C,C,C
AF6;l-afadin;MLLT4;MLL-AF6;AFDN,A,N,A,A,N,A,N,A,A,N,A,N,A,A,A,N,A,A,N,A,A,A,A,A,N,A,A,A,N,N,A,A
Maxp1;NORE1;NORE1A;RAPL;RASSF3;RASSF5;NORE1B,N,N,N,N,N,N,N,N,N,N,N,N,N,N,N,N,N,N,N,N,N,N,N,N,N,N,N,N,N,N,N,N
RASSF1A;RASSF1;123F2;NORE2A;RDA32;REH3P21,N,N,N,N,N,N,N,N,N,N,N,N,N,N,N,N,N,N,N,N,N,N,N,N,N,N,N,N,N,N,N,N
STK4;YSK3;MST1;KRS2,D,D,D,D,D,D,D,D,D,N,D,D,D,D,D,D,D,D,D,D,D,D,D,D,D,D,D,D,D,D,D,D
MR-GEF;REPAC;RAPGEF5;GFR,A,A,A,A,A,A,A,A,A,N,A,A,A,A,A,A,A,A,A,A,A,A,A,A,A,A,A,A,A,A,A,A
G-22K;SMGP21;RAP1;KREV-1;C21KG;KREV1;RAP1A,C,C,C,C,C,C,C,C,C,C,C,C,C,C,C,C,C,C,C,C,C,C,C,C,C,C,C,C,C,C,C,C
K-REV;RAL1B;RAP1B,C,C,C,C,C,C,C,C,C,C,C,C,C,C,C,C,C,C,C,C,C,C,C,C,C,C,C,C,C,C,C,C
ARF6,C,C,C,C,C,C,C,C,C,C,C,C,C,C,C,C,C,C,C,C,C,C,C,C,C,C,C,C,C,C,C,C
NMD-R1;MRD8;NMDA1;GluN1;NR1;GRIN1;NMDAR1,N,N,D,N,N,N,N,D,D,N,D,D,D,N,D,N,N,D,N,D,N,N,N,N,N,D,N,N,N,N,D,D
GRIN2A;LKS;NMDAR2A;GluN2A;EPND;FESD;NR2A,N,N,D,N,N,N,N,D,D,N,D,D,D,N,D,N,N,D,N,D,N,N,N,N,N,D,N,N,N,N,D,D
hNR3;MRD6;NR2B;GluN2B;EIEE27;GRIN2B;NMDAR2B,N,N,D,N,N,N,N,D,D,N,D,D,D,N,D,N,N,D,N,D,N,N,N,N,N,D,N,N,N,N,D,D
CALML6;CAGLP,A,A,A,A,A,A,N,A,A,N,A,A,A,A,A,A,A,A,A,A,A,A,A,A,A,A,A,A,A,A,A,A
CALML5;CLSP,B,B,B,B,B,B,B,B,B,B,B,B,B,B,B,B,B,B,B,B,B,B,B,B,B,B,B,B,B,B,B,B
CALM1;CPVT4;CAMI;LQT14;PHKD;CALML2;caM;DD132,B,B,B,B,B,B,B,B,B,B,B,B,B,B,B,B,B,B,B,B,B,B,B,B,B,B,B,B,B,B,B,B
CAMII;LQT15;PHKD2;caM;PHKD;CALM2,B,B,B,B,B,B,B,B,B,B,B,B,B,B,B,B,B,B,B,B,B,B,B,B,B,B,B,B,B,B,B,B
PHKD3;HEL-S-72;CALM3;PHKD;CaMIII;CaM,B,B,B,B,B,B,B,B,B,B,B,B,B,B,B,B,B,B,B,B,B,B,B,B,B,B,B,B,B,B,B,B
CLP;CALML3,B,B,B,B,B,B,B,B,B,B,B,B,B,B,B,B,B,B,B,B,B,B,B,B,B,B,B,B,B,B,B,B
CALML4;NY-BR-20,A,A,A,A,A,N,A,A,A,N,A,A,A,A,A,A,A,A,A,A,A,A,A,A,A,A,A,A,A,A,A,A
LADCI;IDDCA;GB5;GNB5,A,A,A,A,A,A,A,A,A,N,A,A,A,A,A,A,A,A,A,A,A,A,A,A,A,A,A,A,A,A,A,A
MRD42;GNB1,A,A,A,A,A,A,A,A,A,A,A,A,A,A,A,A,A,A,A,A,A,A,A,A,A,A,A,A,A,A,A,A
GNB2,A,A,A,A,A,A,A,A,A,A,A,A,A,A,A,A,A,A,A,A,A,A,A,A,A,A,A,A,A,A,A,A
GNB3;CSNB1H,A,A,A,A,A,A,A,A,A,A,A,A,A,A,A,A,A,A,A,A,A,A,A,A,A,A,A,A,A,A,A,A
GNG3,N,N,N,N,N,N,N,N,N,N,N,N,N,N,N,N,N,N,N,N,N,N,N,N,N,N,N,N,N,N,N,N
GNG4,N,N,N,N,N,N,N,N,N,N,N,N,N,N,N,N,N,N,N,N,N,N,N,N,N,N,N,N,N,N,N,N
GNG5,N,N,N,N,N,N,N,N,N,N,N,N,N,N,N,N,N,N,N,N,N,N,N,N,N,N,N,N,N,N,N,N
GNG7,N,N,N,N,N,N,N,N,N,N,N,N,N,N,N,N,N,N,N,N,N,N,N,N,N,N,N,N,N,N,N,N
GNG10,N,N,N,N,N,N,N,N,N,N,N,N,N,N,N,N,N,N,N,N,N,N,N,N,N,N,N,N,N,N,N,N
GNGT11;GNG11,N,N,N,N,N,N,N,N,N,N,N,N,N,N,N,N,N,N,N,N,N,N,N,N,N,N,N,N,N,N,N,N
GNG1;GNGT1,N,N,N,N,N,N,N,N,N,N,N,N,N,N,N,N,N,N,N,N,N,N,N,N,N,N,N,N,N,N,N,N
G-GAMMA-8;GNG8;GNG9;G-GAMMA-C;GNGT8;GNGT2,N,N,N,N,N,N,N,N,N,N,N,N,N,N,N,N,N,N,N,N,N,N,N,N,N,N,N,N,N,N,N,N
GNG13;G(gamma)13;h2-35,N,N,N,N,N,N,N,N,N,N,N,N,N,N,N,N,N,N,N,N,N,N,N,N,N,N,N,N,N,N,N,N
GNG2,N,N,N,N,N,N,N,N,N,N,N,N,N,N,N,N,N,N,N,N,N,N,N,N,N,N,N,N,N,N,N,N
GNG12,N,N,N,N,N,N,N,N,N,N,N,N,N,N,N,N,N,N,N,N,N,N,N,N,N,N,N,N,N,N,N,N
CMTD1F;GNB4,A,A,A,A,A,A,A,A,A,A,A,A,A,A,A,A,A,A,A,A,A,A,A,A,A,A,A,A,A,A,A,A
GNG8,N,N,N,N,N,N,N,N,N,N,N,N,N,N,N,N,N,N,N,N,N,N,N,N,N,N,N,N,N,N,N,N
5-HT7;HTR7,N,N,N,N,N,N,N,N,N,N,N,N,N,N,N,N,N,N,N,N,N,N,N,N,N,N,N,N,N,N,N,N
PLCgamma1;PLC1;NCKAP3;PLC148;PLC-II;PLCG1,A,A,A,N,A,N,A,N,A,N,A,N,A,A,A,N,N,A,A,A,A,A,A,A,A,A,A,A,A,A,A,A
PLC-gamma-2;FCAS3;PLC-IV;APLAID;PLCG2,A,A,A,N,A,N,A,N,A,N,A,N,A,A,A,N,N,A,A,A,A,A,A,A,A,A,A,A,A,A,A,A
IMD48;ZAP-70;TZK;ADMIO2;STD;ZAP70;STCD;SRK,B,B,B,B,B,B,B,B,B,B,B,B,B,B,B,B,B,B,B,B,B,B,B,B,B,B,B,B,B,B,B,B
LAT1;IMD52;LAT;pp36,N,N,N,N,N,N,N,N,N,N,N,N,N,N,N,N,N,N,N,N,N,N,N,N,N,N,N,N,N,N,N,N
PAK4,D,D,D,D,D,D,D,D,D,D,D,D,D,D,D,D,D,D,D,D,D,D,D,D,D,D,D,D,D,D,D,D
BUB1B-PAK6,D,D,D,D,D,D,D,D,D,D,D,D,D,D,D,D,D,D,D,D,D,D,D,D,D,D,D,D,D,D,D,D
PAK1;PAKalpha,D,D,D,D,D,D,D,D,D,D,D,D,D,D,D,D,D,D,D,D,D,D,D,D,D,D,D,D,D,D,D,D
PAK65;PAKgamma;PAK2,D,D,D,D,D,D,D,D,D,D,D,D,D,D,D,D,D,D,D,D,D,D,D,D,D,D,D,D,D,D,D,D
MRX47;ARA;bPAK;beta-PAK;PAK3;PAK3beta;OPHN3;PAK-3;MRX30,D,D,D,D,D,D,D,D,D,D,D,D,D,D,D,D,D,D,D,D,D,D,D,D,D,D,D,D,D,D,D,D
PAK5;PAK6,D,D,D,D,D,D,D,D,D,D,D,D,D,D,D,D,D,D,D,D,D,D,D,D,D,D,D,D,D,D,D,D
PAK7;PAK5,D,D,D,D,D,D,D,D,D,D,D,D,D,D,D,D,D,D,D,D,D,D,D,D,D,D,D,D,D,D,D,D
EXOC2;Sec5p;SEC5;SEC5L1,A,N,N,N,A,N,N,N,A,N,N,N,N,A,N,N,A,N,N,N,A,N,N,N,N,A,N,N,N,N,N,N
T2K;FTDALS4;NAK;TBK1,B,B,B,B,B,B,B,B,B,B,B,B,B,B,B,B,B,B,B,B,B,B,B,B,B,B,B,B,B,B,B,B
REL;C-Rel,A,N,A,N,A,N,N,N,N,N,A,N,A,A,N,N,N,N,N,N,N,N,N,N,N,N,N,N,N,N,A,N
BRAP;IMP;BRAP2;RNF52,D,D,N,D,D,D,N,D,D,N,D,D,D,D,D,D,D,D,D,D,D,D,D,N,D,D,N,N,N,D,D,D
KSR2,B,B,B,B,B,B,B,B,B,B,B,B,B,B,B,B,B,B,B,B,B,B,B,B,B,B,B,B,B,B,B,B
KSR;RSU2;KSR1,B,B,B,B,B,B,B,B,B,N,B,B,B,B,B,B,B,B,B,B,B,B,B,B,B,B,B,B,B,B,B,B
PRKACA;PKACA;PPNAD4,B,B,B,B,B,B,B,B,B,B,B,B,B,B,B,B,B,B,B,B,B,B,B,B,B,B,B,B,B,B,B,B
PKACB;PRKACB;PKA_C-beta,B,B,B,B,B,B,B,B,B,B,B,B,B,B,B,B,B,B,B,B,B,B,B,B,B,B,B,B,B,B,B,B
BDPLT19;PKACg;PRKACG;KAPG,B,B,B,B,B,B,B,B,B,B,B,B,B,B,B,B,B,B,B,B,B,B,B,B,B,B,B,B,B,B,B,B
SIAA0862;SOC2;SHOC2;SUR8,B,B,B,B,B,B,N,B,B,N,B,B,B,B,B,B,B,B,B,B,B,B,B,B,B,B,B,B,B,B,B,B
