LDS3;LDS1C;JV15-2;MADH3;SMAD3;HSPC193;HsT17436,N,N,N,N,N,N,N,N,N,N,N,N,N,N,N,N,N,N,N,N,N,N,N,N,N,N,N,N,N,N,N,N
NFAT2;NF-ATC;NFATc;NF-ATc1.2;NFATC1,N,N,N,N,N,N,N,N,N,N,N,N,N,N,N,N,N,N,N,N,N,N,N,N,N,N,N,N,N,N,N,N
NFAT1;NFATC2;NFATP,N,N,N,N,N,N,N,N,N,N,N,N,N,N,N,N,N,N,N,N,N,N,N,N,N,N,N,N,N,N,N,N
NFATC3;NFATX;NFAT4,N,N,N,N,N,N,N,N,N,N,N,N,N,N,N,N,N,N,N,N,N,N,N,N,N,N,N,N,N,N,N,N
NF-AT3;NFATC4;NF-ATC4;NFAT3,N,N,N,N,N,N,N,N,N,N,N,N,N,N,N,N,N,N,N,N,N,N,N,N,N,N,N,N,N,N,N,N
PRKACA;PRKCA;PKC-alpha;AAG6;PKCA,B,B,B,B,B,B,B,B,B,B,B,B,B,B,B,B,B,B,B,B,B,B,B,B,B,B,B,B,B,B,B,B
PKC-beta;PKCB;PRKCB2;PRKCB;PRKCB1,B,B,B,B,B,B,B,B,B,B,B,B,B,B,B,B,B,B,B,B,B,B,B,B,B,B,B,B,B,B,B,B
PKCC;PKCG;PKC-gamma;SCA14;PRKCG,B,B,B,B,B,B,B,B,B,B,B,B,B,B,B,B,B,B,B,B,B,B,B,B,B,B,B,B,B,B,B,B
CALNA1;PPP3CA;CNA1;CALN;CALNA;PPP2B;CCN1,D,D,D,D,D,D,D,D,D,N,D,D,D,D,D,D,D,D,D,D,D,D,D,D,D,D,D,D,D,D,D,D
PP2Bbeta;CALNA2;CNA2;CALNB;PPP3CB,D,D,D,D,D,D,D,D,D,N,D,D,D,D,D,D,D,D,D,D,D,D,D,D,D,D,D,D,D,D,D,D
CNA3;PP2Bgamma;CALNA3;PPP3CC,D,D,D,D,D,D,D,D,D,N,D,D,D,D,D,D,D,D,D,D,D,D,D,D,D,D,D,D,D,D,D,D
CNB;CNB1;CALNB1;PPP3R1,A,A,A,A,A,A,A,A,A,N,A,A,A,A,A,A,A,A,A,A,A,A,A,A,A,A,A,A,A,A,A,A
PPP3R2;PPP3RL,A,A,A,A,A,A,A,A,A,A,A,A,A,A,A,A,A,A,A,A,A,A,A,A,A,A,A,A,A,A,A,A
CAMK2A;CAMKA,B,B,B,B,B,B,B,B,B,B,B,B,B,B,B,B,B,B,B,B,B,B,B,B,B,B,B,B,B,B,B,B
CAM2;CAMK2;CAMKB;CAMK2B,B,B,B,B,B,B,B,B,B,B,B,B,B,B,B,B,B,B,B,B,B,B,B,B,B,B,B,B,B,B,B,B
CAMKD;CAMK2D,B,B,B,B,B,B,B,B,B,B,B,B,B,B,B,B,B,B,B,B,B,B,B,B,B,B,B,B,B,B,B,B
CAMK;CAMKG;CAMK-II;CAMK2G,B,B,B,B,B,B,B,B,B,B,B,B,B,B,B,B,B,B,B,B,B,B,B,B,B,B,B,B,B,B,B,B
EIEE12;PLC-beta-1;PLCB1B;PLC-154;PLCB1;PLCB1A;PI-PLC;PLC154;PLC-I,A,A,A,N,A,N,A,N,A,N,A,N,A,A,A,N,N,A,N,N,N,A,A,N,A,A,N,A,N,N,A,N
PLCB2;PLC-beta-2,A,A,A,N,A,N,A,N,A,N,A,N,A,A,A,N,N,A,N,N,N,A,A,N,A,A,N,A,N,N,A,N
PLCB3,A,A,A,N,A,N,A,N,A,N,A,N,A,A,A,N,N,A,N,N,N,A,A,N,A,A,N,A,N,N,A,N
PI-PLC;ARCND2;PLCB4,A,A,A,N,A,N,A,N,A,N,A,N,A,A,A,N,N,A,N,N,N,A,A,N,A,A,N,A,N,N,A,N
FzE7;FZD10;Fz10;FZ-10;CD350;hFz10,N,N,N,N,N,N,N,N,N,N,N,N,N,N,N,N,N,N,N,N,N,N,N,N,N,N,N,N,N,N,N,N
Fz2;fzE2;fz-2;FZD2;hFz2,N,N,N,N,N,N,N,N,N,N,N,N,N,N,N,N,N,N,N,N,N,N,N,N,N,N,N,N,N,N,N,N
FZD5;HFZ5;C2orf31,N,N,N,N,N,N,N,N,N,N,N,N,N,N,N,N,N,N,N,N,N,N,N,N,N,N,N,N,N,N,N,N
FZD3;Fz-3,N,N,N,N,N,N,N,N,N,N,N,N,N,N,N,N,N,N,N,N,N,N,N,N,N,N,N,N,N,N,N,N
FZD1,N,N,N,N,N,N,N,N,N,N,N,N,N,N,N,N,N,N,N,N,N,N,N,N,N,N,N,N,N,N,N,N
GPCR;FZD4S;FEVR;FZD4;FzE4;Fz-4;hFz4;EVR1;Fz4;CD344,N,N,N,N,N,N,N,N,N,N,N,N,N,N,N,N,N,N,N,N,N,N,N,N,N,N,N,N,N,N,N,N
NDNC10;FZ-6;FZ6;FZD6;HFZ6,N,N,N,N,N,N,N,N,N,N,N,N,N,N,N,N,N,N,N,N,N,N,N,N,N,N,N,N,N,N,N,N
FzE3;FZD7,N,N,N,N,N,N,N,N,N,N,N,N,N,N,N,N,N,N,N,N,N,N,N,N,N,N,N,N,N,N,N,N
FZ-8;FZD8;hFZ8,N,N,N,N,N,N,N,N,N,N,N,N,N,N,N,N,N,N,N,N,N,N,N,N,N,N,N,N,N,N,N,N
FZD3;FZD9;CD349,N,N,N,N,N,N,N,N,N,N,N,N,N,N,N,N,N,N,N,N,N,N,N,N,N,N,N,N,N,N,N,N
WNT5A;hWNT5A,N,N,N,N,N,N,N,N,N,N,N,N,N,N,N,N,N,N,N,N,N,N,N,N,N,N,N,N,N,N,N,N
WNT5B,N,N,N,N,N,N,N,N,N,N,N,N,N,N,N,N,N,N,N,N,N,N,N,N,N,N,N,N,N,N,N,N
JNK21B1/2;JNK;SAPK1c;PRKM8;JNK1A2;MAPK8;SAPK1;JNK1;JNK-46,D,D,D,D,D,D,D,D,D,D,D,D,D,D,D,D,D,D,D,D,D,D,D,D,D,D,D,D,D,D,D,D
JNK2BETA;SAPK;JNK2A;JNK2;JNK2B;p54a;MAPK9;JNK-55;SAPK1a;p54aSAPK;PRKM9;JNK2ALPHA,D,D,D,D,D,D,D,D,D,D,D,D,D,D,D,D,D,D,D,D,D,D,D,D,D,D,D,D,D,D,D,D
SAPK1b;PRKM10;JNK3A;p493F12;p54bSAPK;MAPK10;JNK3,D,D,D,D,D,D,D,D,D,D,D,D,D,D,D,D,D,D,D,D,D,D,D,D,D,D,D,D,D,D,D,D
RAC1;Rac-1;p21-Rac1;TC-25;MIG5,C,C,C,C,C,C,C,C,C,C,C,C,C,C,C,C,C,C,C,C,C,C,C,C,C,C,C,C,C,C,C,C
HSPC022;p21-Rac2;Gx;RAC2;EN-7,C,C,C,C,C,C,C,C,C,C,C,C,C,C,C,C,C,C,C,C,C,C,C,C,C,C,C,C,C,C,C,C
RAC3,C,C,C,C,C,C,C,C,C,C,C,C,C,C,C,C,C,C,C,C,C,C,C,C,C,C,C,C,C,C,C,C
ROCK2;ROCK-II,B,B,B,B,B,B,B,B,B,B,B,B,B,B,B,B,B,B,B,B,B,B,B,B,B,B,B,B,B,B,B,B
RHO12;RHOA;ARH12;ARHA;RHOH12,C,C,C,C,C,C,C,C,C,C,C,C,C,C,C,C,C,C,C,C,C,C,C,C,C,C,C,C,C,C,C,C
DAAM1,B,B,B,B,B,B,B,B,B,N,B,B,B,B,B,N,B,B,B,B,B,B,B,B,B,B,B,B,B,B,B,B
DAAM2;dJ90A20A.1,B,B,B,B,B,B,B,B,B,N,B,B,B,B,B,N,B,B,B,B,B,B,B,B,B,B,B,B,B,B,B,B
DRS2;DVL;DVL1P1;DVL1L1;DVL1,A,A,A,N,N,N,N,A,N,N,N,N,N,N,N,A,A,N,N,N,A,N,N,N,N,N,N,N,N,N,A,N
DVL2,A,A,A,N,N,N,N,A,N,N,A,N,A,A,A,A,A,N,N,N,A,A,A,N,N,N,N,N,N,N,A,A
DRS3;DVL3,A,A,A,N,N,N,N,A,N,N,A,N,A,A,A,A,A,N,N,N,A,A,A,N,N,N,N,N,N,N,A,A
RILP;EPM1B;PRICKLE1,A,A,A,N,N,N,N,N,A,N,A,A,N,A,A,N,N,N,A,N,A,A,A,A,A,A,A,A,A,A,A,A
PRICKLE2;EPM5,A,A,A,N,N,N,N,N,A,N,A,A,N,A,A,N,N,N,A,N,A,A,A,A,A,A,A,A,A,A,A,A
GPC4;K-glypican,N,N,N,N,N,N,N,N,N,N,N,N,N,N,N,N,N,N,N,N,N,N,N,N,N,N,N,N,N,N,N,N
LPP1;LTAP;STBM;VANGL2;STBM1;STB1,N,N,N,N,N,N,N,N,N,N,N,N,N,N,N,N,N,N,N,N,N,N,N,N,N,N,N,N,N,N,N,N
LPP2;KITENIN;VANGL1;STB2;STBM2,N,N,N,N,N,N,N,N,N,N,N,N,N,N,N,N,N,N,N,N,N,N,N,N,N,N,N,N,N,N,N,N
WNT11;HWNT11,N,N,N,N,N,N,N,N,N,N,N,N,N,N,N,N,N,N,N,N,N,N,N,N,N,N,N,N,N,N,N,N
MPSL1;MMP-7;PUMP-1;MMP7,N,N,N,N,N,N,N,N,A,N,A,N,N,A,N,N,N,N,N,N,N,N,N,A,N,A,N,N,N,N,A,N
PPARD;NR1C2;NUCII;PPARB;NUCI;FAAR;NUC1,N,N,N,N,N,N,N,N,N,N,N,N,N,N,N,N,N,N,N,N,N,N,N,N,N,N,N,N,N,N,N,N
U21B31;D11S287E;PRAD1;CCND1;BCL1,A,A,A,A,A,A,N,A,A,N,A,A,A,A,A,A,A,A,N,A,A,A,A,A,A,A,A,A,A,A,A,A
MPPH3;CCND2;KIAK0002,A,A,A,A,A,A,N,A,A,N,A,A,A,A,A,A,A,A,N,A,A,A,A,A,A,A,A,A,A,A,A,A
CCND3,A,A,A,A,A,A,N,A,A,N,A,A,A,A,A,A,A,A,N,A,A,A,A,A,A,A,A,A,A,A,A,A
fra-1;FRA;FOSL1;FRA1,N,N,N,N,N,N,N,N,N,N,N,N,N,N,N,N,N,N,N,N,N,N,N,N,N,N,N,N,N,N,N,N
JUN;c-Jun;AP-1;p39;AP1,N,N,N,N,N,N,N,N,N,N,N,N,N,N,N,N,N,N,N,N,N,N,N,N,N,N,N,N,N,N,N,N
MYC;MYCC;bHLHe39;MRTL;c-Myc,N,N,N,N,N,N,N,N,N,N,N,N,N,N,N,N,N,N,N,N,N,N,N,N,N,N,N,N,N,N,N,N
BARS;CTBP1,N,N,N,N,N,N,N,N,N,N,N,N,N,N,N,N,N,N,N,N,N,N,N,N,N,N,N,N,N,N,N,N
CTBP2,N,N,N,N,N,N,N,N,N,N,N,N,N,N,N,N,N,N,N,N,N,N,N,N,N,N,N,N,N,N,N,N
VUR3;SOX17,A,A,A,N,N,N,N,A,A,N,A,A,A,A,A,A,A,A,A,A,A,A,A,A,A,A,A,A,A,A,A,A
SMAD4;MADH4;MYHRS;DPC4;JIP,N,N,N,N,N,N,N,N,N,N,N,N,N,N,N,N,N,N,N,N,N,N,N,N,N,N,N,N,N,N,N,N
LEF-1;TCF1ALPHA;TCF10;LEF1;TCF7L3,A,A,A,N,N,N,N,A,A,N,A,A,A,A,A,A,A,A,A,A,A,A,A,A,A,A,A,A,A,A,A,A
TCF7;TCF-1,A,A,A,N,N,N,N,A,A,N,A,A,A,A,A,A,A,A,A,A,A,A,A,A,A,A,A,A,A,A,A,A
TCF-4;TCF7L2;TCF4,A,A,A,N,N,N,N,A,A,N,A,A,A,A,A,A,A,A,A,A,A,A,A,A,A,A,A,A,A,A,A,A
TCF-3;TCF7L1;TCF3,A,A,A,N,N,N,N,A,A,N,A,A,A,A,A,A,A,A,A,A,A,A,A,A,A,A,A,A,A,A,A,A
CBP;CREBBP;RSTS1;KAT3A;RSTS,A,A,A,A,A,A,A,A,A,N,A,A,A,A,A,A,A,A,A,A,A,A,A,A,A,A,A,A,A,A,A,A
p300;EP300;KAT3B;RSTS2,A,A,A,A,A,A,A,A,A,N,A,A,A,A,A,A,A,A,A,A,A,A,A,A,A,A,A,A,A,A,A,A
RVB1;INO80H;RUVBL1;Pontin52;PONTIN;TIP49A;NMP_238;ECP54;TIP49;TIH1;ECP-54;NMP238,N,D,D,D,D,N,D,D,D,D,D,D,D,D,N,D,D,D,D,D,D,D,D,D,D,D,D,D,D,D,D,N
HELSNF1;AUTS18;CHD8,D,D,D,D,D,D,D,D,D,N,D,D,D,D,D,D,D,D,D,D,D,D,D,D,D,D,D,D,D,D,D,D
ICAT;CTNNBIP1,N,N,N,N,N,N,N,N,N,N,N,N,N,N,N,N,N,N,N,N,N,N,N,N,N,N,N,N,N,N,N,N
NLK,D,D,D,D,D,D,D,D,D,D,D,D,D,D,D,D,D,D,D,D,D,D,D,D,D,D,D,D,D,D,D,D
TAK1;FMD2;MAP3K7;TGF1a;MEKK7;CSCF,B,B,B,B,B,B,B,B,B,B,B,B,B,B,B,B,B,B,B,B,B,B,B,B,B,B,B,B,B,B,B,B
CK1;CSNK1A1L,B,B,B,B,B,B,B,B,B,B,B,B,B,B,B,B,B,B,B,B,B,B,B,B,B,B,B,B,B,B,B,B
CSNK1A1;CK1;PRO2975;HEL-S-77p;CK1a;CKIa;HLCDGP1,B,B,B,B,B,B,B,B,B,B,B,B,B,B,B,B,B,B,B,B,B,B,B,B,B,B,B,B,B,B,B,B
RNF75;RBX1;BA554C12.1;ROC1,A,A,A,A,A,N,A,N,A,N,A,A,A,N,A,A,A,A,A,A,A,A,A,A,A,A,N,A,N,A,A,A
CUL1,A,A,A,N,A,A,A,A,A,N,A,A,A,A,A,A,A,A,A,A,A,N,A,A,N,A,N,A,N,N,A,A
OCP-II;TCEB1L;EMC19;OCP2;SKP1A;SKP1;p19A,A,A,A,N,A,N,N,A,A,N,A,A,N,A,N,N,A,A,N,A,N,A,A,N,A,A,N,N,A,A,N,N
FBXW11;Fbw11;BTRCP2;FBW1B;Hos;FBXW1B;BTRC2,A,A,A,A,A,A,A,A,A,A,A,A,A,A,A,A,A,A,A,A,A,A,A,A,A,A,A,A,A,A,A,A
betaTrCP;FBW1A;FWD1;FBXW1A;bTrCP1;FBXW1;BTRC;BETA-TRCP;bTrCP,A,A,A,A,A,A,A,A,A,A,A,A,A,A,A,A,A,A,A,A,A,A,A,A,A,A,A,A,A,A,A,A
EBI;TBL1;SMAP55;TBL1X,A,A,A,A,A,A,A,A,A,A,A,A,A,A,A,A,A,A,A,A,A,A,A,A,A,A,A,A,A,A,A,A
MRD41;C21;TBL1XR1;TBLR1;IRA1;DC42,A,A,A,A,A,A,A,A,A,A,A,A,A,A,A,A,A,A,A,A,A,A,A,A,A,A,A,A,A,A,A,A
TBL1;TBL1Y,A,A,A,A,A,A,A,A,A,A,A,A,A,A,A,A,A,A,A,A,A,A,A,A,A,A,A,A,A,A,A,A
S100A6BP;PNAS-107;CACYBP;GIG5;SIP,N,N,N,N,N,N,N,N,N,N,N,N,N,N,N,N,N,N,N,N,N,N,N,N,N,N,N,N,N,N,N,N
APCL;APC2,A,N,A,N,N,N,N,A,A,N,A,N,A,N,N,N,N,N,N,N,A,A,N,A,N,N,A,N,N,A,A,A
PPP1R46;APC;GS;DP3;BTPS2;DP2.5;DP2,A,A,A,N,A,A,N,A,A,N,A,A,A,A,A,A,A,A,A,A,A,A,A,A,A,A,A,A,A,A,A,A
SIAH1;SIAH1A,N,A,N,N,N,N,N,N,A,N,A,N,A,N,N,N,N,N,A,N,A,N,N,N,N,N,N,N,N,N,A,N
Naked1;NKD1,N,N,N,N,N,N,N,N,N,N,N,N,N,N,N,N,N,N,N,N,N,N,N,N,N,N,N,N,N,N,N,N
NKD2;Naked2,N,N,N,N,N,N,N,N,N,N,N,N,N,N,N,N,N,N,N,N,N,N,N,N,N,N,N,N,N,N,N,N
BCC7;TP53;TRP53;P53;LFS1,N,N,N,N,N,N,N,N,N,N,N,N,N,N,N,N,N,N,N,N,N,N,N,N,N,N,N,N,N,N,N,N
AXIN;AXIN1;PPP1R49,N,N,N,N,N,N,N,N,N,N,N,N,N,N,N,N,N,N,N,N,N,N,N,N,N,N,N,N,N,N,N,N
AXIL;AXIN2;ODCRCS,N,N,N,N,N,N,N,N,N,N,N,N,N,N,N,N,N,N,N,N,N,N,N,N,N,N,N,N,N,N,N,N
EVR7;armadillo;CTNNB;CTNNB1;MRD19,A,A,A,A,A,A,A,A,A,N,A,A,A,A,A,A,A,A,A,A,A,A,A,A,A,A,A,A,A,A,A,A
PRKACA;PKACA;PPNAD4,B,B,B,B,B,B,B,B,B,B,B,B,B,B,B,B,B,B,B,B,B,B,B,B,B,B,B,B,B,B,B,B
PKACB;PRKACB;PKA_C-beta,B,B,B,B,B,B,B,B,B,B,B,B,B,B,B,B,B,B,B,B,B,B,B,B,B,B,B,B,B,B,B,B
BDPLT19;PKACg;PRKACG;KAPG,B,B,B,B,B,B,B,B,B,B,B,B,B,B,B,B,B,B,B,B,B,B,B,B,B,B,B,B,B,B,B,B
FAD;PS-1;AD3;S182;PS1;PSEN1,A,A,N,N,A,N,A,N,A,N,N,A,A,N,N,N,N,N,N,A,N,N,N,A,N,A,N,N,N,A,A,N
GSK3B,D,D,D,D,D,D,D,D,D,D,D,D,D,D,D,D,D,D,D,D,D,D,D,D,D,D,D,D,D,D,D,D
FRAT1,N,N,N,N,N,N,N,N,N,N,N,N,N,N,N,N,N,N,N,N,N,N,N,N,N,N,N,N,N,N,N,N
FRAT-2;FRAT2,N,N,N,N,N,N,N,N,N,N,N,N,N,N,N,N,N,N,N,N,N,N,N,N,N,N,N,N,N,N,N,N
AXAM2;SENP2;SMT3IP2,N,N,A,N,N,N,A,A,A,N,A,N,N,A,A,N,A,N,A,A,A,A,A,A,A,A,N,N,N,A,A,N
CSNK2A1;CKII;Cka1;CK2A1;Cka2;OCNDS;CSNK2A3,D,D,D,D,D,D,D,D,D,D,D,D,D,D,D,D,D,D,D,D,D,D,D,D,D,D,D,D,D,D,D,D
CSNK2A2;CK2alpha';CSNK2A1;CK2A2,D,D,D,D,D,D,D,D,D,D,D,D,D,D,D,D,D,D,D,D,D,D,D,D,D,D,D,D,D,D,D,D
CSNK2B;G5A;CK2B;Ckb2;CSK2B;CK2N;Ckb1,A,A,A,N,N,A,N,A,A,N,A,A,A,A,N,A,A,A,N,A,A,N,A,N,A,A,A,A,A,N,N,A
CSNK2A1P;CSNK2A3,D,D,D,D,D,D,D,D,D,D,D,D,D,D,D,D,D,D,D,D,D,D,D,D,D,D,D,D,D,D,D,D
CXXC4;IDAX,N,N,N,N,N,N,N,N,N,N,N,N,N,N,N,N,N,N,N,N,N,N,N,N,N,N,N,N,N,N,N,N
109,B,B,B,B,B,B,B,B,B,B,B,B,B,B,B,B,B,B,B,B,B,B,B,B,B,B,B,B,B,B,B,B
CSNK1E;HCKIE;CKIepsilon,B,B,B,B,B,B,B,B,B,B,B,B,B,B,B,B,B,B,B,B,B,B,B,B,B,B,B,B,B,B,B,B
DKK1;SK;DKK-1,N,N,N,N,N,N,N,N,N,N,N,N,N,N,N,N,N,N,N,N,N,N,N,N,N,N,N,N,N,N,N,N
DKK4;DKK-4,N,N,N,N,N,N,N,N,N,N,N,N,N,N,N,N,N,N,N,N,N,N,N,N,N,N,N,N,N,N,N,N
DKK-2;DKK2,N,N,N,N,N,N,N,N,N,N,N,N,N,N,N,N,N,N,N,N,N,N,N,N,N,N,N,N,N,N,N,N
WIF-1;WIF1,N,A,A,A,N,A,A,A,A,N,A,A,A,A,N,A,A,A,N,N,A,A,A,A,N,A,N,N,N,N,A,A
DAND4;CER1,N,N,N,N,N,N,N,N,N,N,N,N,N,N,N,N,N,N,N,N,N,N,N,N,N,N,N,N,N,N,N,N
STHAG7;ADCAD2;LRP6,N,A,A,N,N,N,N,A,N,N,A,A,N,A,N,A,A,N,N,N,A,A,A,N,N,A,N,N,A,N,A,A
EVR4;EVR1;LRP5;BMND1;OPTA1;VBCH2;LR3;OPPG;HBM;LRP-5;LRP7;OPS,N,A,A,N,N,N,N,A,N,N,A,A,N,A,N,A,A,N,N,N,A,A,A,N,N,A,N,N,A,N,A,A
SFRP1;FRP;SARP2;FRP-1;FRP1;FrzA,N,N,N,N,N,N,N,N,N,N,N,N,N,N,N,N,N,N,N,N,N,N,N,N,N,N,N,N,N,N,N,N
SDF-5;SFRP2;SARP1;FRP-2,N,N,N,N,N,N,N,N,N,N,N,N,N,N,N,N,N,N,N,N,N,N,N,N,N,N,N,N,N,N,N,N
FRPHE;sFRP-4;SFRP4;PYL;FRP-4,N,N,N,N,N,N,N,N,N,N,N,N,N,N,N,N,N,N,N,N,N,N,N,N,N,N,N,N,N,N,N,N
SARP3;SFRP5,N,N,N,N,N,N,N,N,N,N,N,N,N,N,N,N,N,N,N,N,N,N,N,N,N,N,N,N,N,N,N,N
PORC;PPN;DHOF;FODH;PORCN;MG61,A,N,N,N,N,N,N,N,A,N,A,N,N,N,N,N,A,N,A,N,N,N,N,N,N,A,N,N,A,A,A,N
WNT16,N,N,N,N,N,N,N,N,N,N,N,N,N,N,N,N,N,N,N,N,N,N,N,N,N,N,N,N,N,N,N,N
WNT-4;WNT4;SERKAL,N,N,N,N,N,N,N,N,N,N,N,N,N,N,N,N,N,N,N,N,N,N,N,N,N,N,N,N,N,N,N,N
INT1;OI15;WNT1;BMND16,N,N,N,N,N,N,N,N,N,N,N,N,N,N,N,N,N,N,N,N,N,N,N,N,N,N,N,N,N,N,N,N
INT1L1;IRP;WNT2,N,N,N,N,N,N,N,N,N,N,N,N,N,N,N,N,N,N,N,N,N,N,N,N,N,N,N,N,N,N,N,N
TETAMS;WNT3;INT4,N,N,N,N,N,N,N,N,N,N,N,N,N,N,N,N,N,N,N,N,N,N,N,N,N,N,N,N,N,N,N,N
WNT6,N,N,N,N,N,N,N,N,N,N,N,N,N,N,N,N,N,N,N,N,N,N,N,N,N,N,N,N,N,N,N,N
WNT7A,N,N,N,N,N,N,N,N,N,N,N,N,N,N,N,N,N,N,N,N,N,N,N,N,N,N,N,N,N,N,N,N
WNT7B,N,N,N,N,N,N,N,N,N,N,N,N,N,N,N,N,N,N,N,N,N,N,N,N,N,N,N,N,N,N,N,N
WNT8A;WNT8D,N,N,N,N,N,N,N,N,N,N,N,N,N,N,N,N,N,N,N,N,N,N,N,N,N,N,N,N,N,N,N,N
WNT8B,N,N,N,N,N,N,N,N,N,N,N,N,N,N,N,N,N,N,N,N,N,N,N,N,N,N,N,N,N,N,N,N
WNT-12;STHAG8;SHFM6;WNT10B,N,N,N,N,N,N,N,N,N,N,N,N,N,N,N,N,N,N,N,N,N,N,N,N,N,N,N,N,N,N,N,N
WNT2B;WNT13,N,N,N,N,N,N,N,N,N,N,N,N,N,N,N,N,N,N,N,N,N,N,N,N,N,N,N,N,N,N,N,N
WNT14;WNT9A,N,N,N,N,N,N,N,N,N,N,N,N,N,N,N,N,N,N,N,N,N,N,N,N,N,N,N,N,N,N,N,N
WNT9B;WNT15;WNT14B,N,N,N,N,N,N,N,N,N,N,N,N,N,N,N,N,N,N,N,N,N,N,N,N,N,N,N,N,N,N,N,N
WNT10A;STHAG4;SSPS;OODD,N,N,N,N,N,N,N,N,N,N,N,N,N,N,N,N,N,N,N,N,N,N,N,N,N,N,N,N,N,N,N,N
WNT3A,N,N,N,N,N,N,N,N,N,N,N,N,N,N,N,N,N,N,N,N,N,N,N,N,N,N,N,N,N,N,N,N
NMA;BAMBI,N,N,N,N,N,N,N,N,N,N,N,N,N,N,N,N,N,N,N,N,N,N,N,N,N,N,N,N,N,N,N,N
DAND6;SOST;VBCH;CDD;SOST1,N,N,N,N,N,N,N,N,N,N,N,N,N,N,N,N,N,N,N,N,N,N,N,N,N,N,N,N,N,N,N,N
PEDF;EPC-1;PIG35;OI12;OI6;SERPINF1,N,N,A,A,N,N,N,N,A,N,N,N,N,N,N,N,N,N,N,N,N,N,A,N,N,N,N,N,N,N,A,N
NPHP2;INV;INVS;NPH2,A,A,A,A,A,A,A,A,A,A,A,A,A,A,A,A,A,A,A,A,A,A,A,A,A,A,A,A,A,A,A,A
NOTUM;hNOTUM,N,N,N,N,N,N,N,N,B,N,B,N,N,N,B,N,N,N,N,B,B,B,N,N,N,N,N,N,N,N,N,N
