VMAT1;CGAT;SLC18A1;VAT1,N,N,N,N,N,N,N,N,N,N,N,N,N,N,N,N,N,N,N,N,N,N,N,N,N,N,N,N,N,N,N,N
SVAT;SLC18A2;VAT2;SVMT;VMAT2,N,N,N,N,N,N,N,N,N,N,N,N,N,N,N,N,N,N,N,N,N,N,N,N,N,N,N,N,N,N,N,N
mGlu2;GLUR2;MGLUR2;GPRC1B;GRM2,D,N,N,N,N,D,N,N,N,N,D,N,N,D,N,N,N,N,D,D,D,N,D,D,N,N,D,N,N,D,N,N
mGlu3;GPRC1C;MGLUR3;GLUR3;GRM3,D,N,N,N,N,D,N,N,N,N,D,N,N,D,N,N,N,N,D,D,D,N,D,D,N,N,D,N,N,D,N,N
DRD2;D2DR;D2R,N,N,N,N,N,N,N,N,N,N,N,N,N,N,N,N,N,N,N,N,N,N,N,N,N,N,N,N,N,N,N,N
DADR;DRD1;DRD1A,N,N,N,N,N,N,N,N,N,N,N,N,N,N,N,N,N,N,N,N,N,N,N,N,N,N,N,N,N,N,N,N
DAT;SLC6A3;PKDYS;DAT1,N,N,N,N,N,N,N,N,N,N,N,N,N,N,N,N,N,N,N,N,N,N,N,N,N,N,N,N,N,N,N,N
MAO-A;MAOA;BRNRS,A,N,N,N,N,N,N,N,N,N,A,N,N,A,N,N,N,N,N,N,A,N,N,N,N,N,N,N,N,N,A,N
MAOB,A,A,N,N,N,N,N,A,N,N,A,N,A,A,N,N,N,N,N,N,A,N,N,N,N,N,N,N,N,N,A,N
TYH;TH;DYT5b;DYT14,N,N,N,N,N,N,N,N,N,N,N,N,N,N,N,N,N,N,N,N,N,N,N,N,N,N,N,N,N,N,N,N
AADC;DDC,N,N,N,N,N,N,N,N,N,N,N,N,N,N,N,N,N,N,N,N,N,N,N,N,N,N,N,N,N,N,N,N
GSP;AHO;GNAS;SgVI;GPSA;GSA;NESP;SCG6;C20orf45;POH;GNAS1,N,N,N,N,N,N,N,N,N,N,N,N,N,N,N,N,N,N,N,N,N,N,N,N,N,N,N,N,N,N,N,N
FDFM;AC5;ADCY5,B,B,B,B,B,B,N,B,B,N,B,B,B,B,B,N,B,B,B,B,B,B,B,B,N,B,B,N,B,B,B,B
PRKACA;PKACA;PPNAD4,B,B,B,B,B,B,B,B,B,B,B,B,B,B,B,B,B,B,B,B,B,B,B,B,B,B,B,B,B,B,B,B
PKACB;PRKACB;PKA_C-beta,B,B,B,B,B,B,B,B,B,B,B,B,B,B,B,B,B,B,B,B,B,B,B,B,B,B,B,B,B,B,B,B
BDPLT19;PKACg;PRKACG;KAPG,B,B,B,B,B,B,B,B,B,B,B,B,B,B,B,B,B,B,B,B,B,B,B,B,B,B,B,B,B,B,B,B
GNAI1;Gi,N,N,A,N,N,N,N,A,A,N,A,A,N,A,N,A,N,N,N,A,A,A,N,A,N,A,N,A,A,N,N,A
GIP;GNAI2B;GNAI2;H_LUCA16.1;H_LUCA15.1,N,N,N,N,N,N,N,N,N,N,N,N,N,N,N,N,N,N,N,N,N,N,N,N,N,N,N,N,N,N,N,N
GNAI3;ARCND1;87U6,N,N,A,N,N,N,N,A,A,N,A,A,N,A,N,A,N,N,N,A,A,A,N,A,N,A,N,A,A,N,N,A
AGS3;GPSM1,N,N,N,N,N,N,N,N,N,N,N,N,N,N,N,N,N,N,N,N,N,N,N,N,N,N,N,N,N,N,N,N
RGS9;PERRS;RGS9L,N,N,N,N,N,N,N,N,N,N,N,N,N,N,N,N,N,N,N,N,N,N,N,N,N,N,N,N,N,N,N,N
JUN;c-Jun;AP-1;p39;AP1,N,N,N,N,N,N,N,N,N,N,N,N,N,N,N,N,N,N,N,N,N,N,N,N,N,N,N,N,N,N,N,N
GOS3;GOSB;FOSB;AP-1;G0S3,N,N,N,N,N,N,N,N,N,N,N,N,N,N,N,N,N,N,N,N,N,N,N,N,N,N,N,N,N,N,N,N
CDK5;LIS7;PSSALRE,D,D,D,D,D,D,D,D,D,D,D,D,D,D,D,D,D,D,D,D,D,D,D,D,D,D,D,D,D,D,D,D
CVID12;NF-kB1;NF-kappa-B;NFKB-p105;NFkappaB;p105;NFKB-p50;NF-kappaB;KBF1;p50;NFKB1;EBP-1,A,A,A,A,A,A,A,A,A,A,A,A,A,A,A,A,A,A,A,A,A,A,A,A,A,A,A,A,A,A,A,A
RELA;NFKB3;p65,A,N,A,N,A,N,N,N,N,N,A,N,A,A,N,N,N,N,N,N,N,N,N,N,N,N,N,N,N,N,A,N
CREB3;sLZIP;LZIP;LUMAN,N,N,N,N,N,N,N,N,N,N,N,N,N,N,N,N,N,N,N,N,N,N,N,N,N,N,N,N,N,N,N,N
CREB-1;CREB;CREB1,N,N,N,N,N,N,N,N,N,N,N,N,N,N,N,N,N,N,N,N,N,N,N,N,N,N,N,N,N,N,N,N
HB16;CREB-2;TREB7;CREB2;ATF2;CRE-BP1,N,N,N,N,N,N,N,N,N,N,N,N,N,N,N,N,N,N,N,N,N,N,N,N,N,N,N,N,N,N,N,N
G13;ATF6B;CREBL1;CREB-RP,N,N,N,N,N,N,N,N,N,N,N,N,N,N,N,N,N,N,N,N,N,N,N,N,N,N,N,N,N,N,N,N
JAL;AIBZIP;CREB3L4;hJAL;CREB3;CREB4;ATCE1,N,N,N,N,N,N,N,N,N,N,N,N,N,N,N,N,N,N,N,N,N,N,N,N,N,N,N,N,N,N,N,N
CREB-2;CREB2;TAXREB67;ATF4;TXREB,N,N,N,N,N,N,N,N,N,N,N,N,N,N,N,N,N,N,N,N,N,N,N,N,N,N,N,N,N,N,N,N
CREB3L2;BBF2H7,N,A,N,N,N,N,N,A,A,N,N,N,N,N,A,N,N,N,N,N,N,A,N,N,N,N,N,N,N,N,N,N
CREBH;CREB3L3;HYST1481;CREB-H,N,A,N,N,N,N,N,A,A,N,N,N,N,N,A,N,N,N,N,N,N,A,N,N,N,N,N,N,N,N,N,N
CREB3L1;OASIS,N,A,N,N,N,N,N,A,A,N,N,N,N,N,A,N,N,N,N,N,N,A,N,N,N,N,N,N,N,N,N,N
CREB-5;CREB5;CRE-BPA,N,N,N,N,N,N,N,N,N,N,N,N,N,N,N,N,N,N,N,N,N,N,N,N,N,N,N,N,N,N,N,N
PENKB;ADCA;PDYN;SCA23,N,N,N,N,N,N,N,N,N,N,N,N,N,N,N,N,N,N,N,N,N,N,N,N,N,N,N,N,N,N,N,N
BDNF;ANON2;BULN2,N,N,N,N,N,N,N,N,N,N,N,N,N,N,N,N,N,N,N,N,N,N,N,N,N,N,N,N,N,N,N,N
GLURB;GLUR2;GRIA2;HBGR2;GluR-K2;GluA2,N,N,D,N,N,N,N,D,D,N,D,D,D,N,D,N,N,D,N,D,N,N,N,N,N,D,N,N,N,N,D,D
DARPP-32;PPP1R1B;DARPP32,N,N,N,N,N,N,N,N,N,N,N,N,N,N,N,N,N,N,N,N,N,N,N,N,N,N,N,N,N,N,N,N
NMDAR-L;NR3A;GRIN3A;GluN3A,N,N,D,N,N,N,N,D,D,N,D,D,D,N,D,N,N,D,N,D,N,N,N,N,N,D,N,N,N,N,D,D
NR3B;GluN3B;GRIN3B,N,N,D,N,N,N,N,D,D,N,D,D,D,N,D,N,N,D,N,D,N,N,N,N,N,D,N,N,N,N,D,D
NMD-R1;MRD8;NMDA1;GluN1;NR1;GRIN1;NMDAR1,N,N,D,N,N,N,N,D,D,N,D,D,D,N,D,N,N,D,N,D,N,N,N,N,N,D,N,N,N,N,D,D
GRIN2A;LKS;NMDAR2A;GluN2A;EPND;FESD;NR2A,N,N,D,N,N,N,N,D,D,N,D,D,D,N,D,N,N,D,N,D,N,N,N,N,N,D,N,N,N,N,D,D
hNR3;MRD6;NR2B;GluN2B;EIEE27;GRIN2B;NMDAR2B,N,N,D,N,N,N,N,D,D,N,D,D,D,N,D,N,N,D,N,D,N,N,N,N,N,D,N,N,N,N,D,D
NR2C;GRIN2C;NMDAR2C;GluN2C,N,N,D,N,N,N,N,D,D,N,D,D,D,N,D,N,N,D,N,D,N,N,N,N,N,D,N,N,N,N,D,D
NR2D;GRIN2D;EIEE46;EB11;NMDAR2D;GluN2D,N,N,D,N,N,N,N,D,D,N,D,D,D,N,D,N,N,D,N,D,N,N,N,N,N,D,N,N,N,N,D,D
SAP90;DLG4;SAP-90;PSD95,N,N,A,N,N,N,N,N,N,N,N,A,A,N,A,N,A,N,A,N,A,N,N,A,N,N,N,N,A,N,A,N
p23;CDK5R1;p25;p35;p35nck5a;CDK5P35;CDK5R;NCK5A,N,N,N,N,N,N,N,N,N,N,N,N,N,N,N,N,N,N,N,N,N,N,N,N,N,N,N,N,N,N,N,N
