RNR1,D,N,D,N,N,D,D,D,D,N,D,N,D,D,N,D,D,D,D,D,D,D,D,D,N,D,N,D,D,N,D,N
RNR2A,N,N,A,N,N,A,N,N,N,N,N,N,N,N,N,N,A,N,N,A,A,N,N,N,A,N,N,A,N,N,A,N
TSO2,N,N,A,N,N,A,N,N,N,N,N,N,N,N,N,N,A,N,N,A,A,N,N,N,A,N,N,A,N,N,A,N
4,N,N,N,N,N,N,N,N,N,N,N,N,N,N,N,N,N,N,N,N,N,N,N,N,N,N,N,N,N,N,N,N
CARB,N,D,D,N,N,D,D,D,D,N,N,D,N,D,N,D,D,D,D,D,D,D,N,D,D,N,D,D,N,D,D,N
CARA,N,D,N,N,N,D,D,N,N,N,N,D,N,D,N,D,D,D,D,D,N,D,N,D,D,N,D,D,N,D,N,N
PYRB,N,D,N,D,N,D,D,N,N,N,N,D,N,D,N,D,D,D,D,D,N,D,D,D,D,N,D,D,N,D,N,N
PYR4,N,N,N,N,N,D,N,N,N,N,D,N,N,N,N,N,N,D,N,N,N,N,N,N,N,N,N,D,N,N,N,N
9,D,N,N,N,D,N,N,N,N,N,D,N,N,N,D,N,N,N,N,N,N,N,N,N,N,N,N,N,N,D,N,N
RIF10,N,D,N,N,N,D,D,D,D,D,D,D,D,D,N,D,D,D,D,D,N,D,N,D,D,D,N,N,N,N,D,N
11,N,D,N,N,N,D,D,D,D,D,D,D,D,D,N,D,D,D,D,D,N,D,N,D,D,D,N,N,N,N,D,N
12,N,D,D,D,N,N,N,D,D,N,N,D,D,N,N,D,D,N,N,D,D,D,N,D,N,N,D,D,N,D,D,D
13,N,D,N,N,N,N,N,D,N,N,N,N,N,N,N,N,N,D,N,N,N,N,N,N,N,N,N,D,N,N,D,N
NRPB10,N,D,N,N,D,D,D,N,D,D,D,D,D,D,N,D,D,D,D,D,D,N,N,N,D,D,D,D,D,D,D,D
NRPA2,N,N,N,N,N,D,D,D,D,N,D,N,N,N,D,D,D,D,N,D,D,N,D,N,D,D,D,D,D,D,D,N
16,N,B,N,N,N,N,N,B,N,B,B,N,B,B,N,B,N,N,N,N,N,N,N,B,N,N,N,N,N,N,N,N
NRPB8A,A,A,N,A,A,A,N,A,A,N,N,N,N,A,A,A,A,A,A,A,A,N,A,A,N,A,A,N,N,A,N,N
RPAC43,N,D,D,D,D,N,N,N,D,D,D,D,D,D,D,D,D,D,D,D,D,N,N,D,D,D,D,D,N,N,D,D
ATRPAC42,N,D,D,D,D,N,N,N,D,D,D,D,D,D,D,D,D,D,D,D,D,N,N,D,D,D,D,D,N,N,D,D
20,N,D,N,N,D,D,D,N,D,D,D,D,D,D,N,D,D,D,D,D,D,N,N,N,D,D,D,D,D,D,D,D
NRPB6B,D,D,N,N,D,D,D,D,D,D,N,D,D,N,N,D,D,D,D,D,N,N,D,D,D,D,N,N,N,N,D,N
NRPE3B,N,D,D,D,D,N,N,N,D,D,D,D,D,D,D,D,D,D,D,D,D,N,N,D,D,D,D,D,N,N,D,D
NRPB3,N,D,D,D,D,N,N,N,D,D,D,D,D,D,D,D,D,D,D,D,D,N,N,D,D,D,D,D,N,N,D,D
RPC14,D,N,N,D,D,N,D,N,D,D,D,D,D,D,D,D,N,D,N,D,D,D,N,N,N,N,N,D,N,D,D,N
RPB5D,D,D,D,N,N,N,N,D,D,N,N,N,N,N,N,D,D,D,D,D,N,D,N,D,N,N,N,N,D,D,D,N
26,N,N,N,N,N,N,N,N,N,N,N,N,N,N,N,N,N,N,N,N,N,N,N,N,N,N,N,N,N,N,N,N
NRPB9A,N,D,D,D,N,N,N,D,D,N,N,D,D,N,N,D,D,N,N,D,D,D,N,D,N,N,D,D,N,D,D,D
NRPB5,D,D,D,N,N,N,N,D,D,N,N,N,N,N,N,D,D,D,D,D,N,D,N,D,N,N,N,N,D,D,D,N
29,N,D,D,D,N,N,N,D,D,N,N,D,D,N,N,D,D,N,N,D,D,D,N,D,N,N,D,D,N,D,D,D
30,A,N,A,N,A,N,N,A,N,A,A,A,N,N,A,N,N,A,N,N,N,A,N,A,N,N,N,N,A,A,A,N
NRPB11,D,N,N,D,D,N,D,D,D,D,D,D,D,D,D,D,N,D,N,D,D,D,N,N,N,N,N,D,N,D,D,N
RPB5E,D,D,D,N,N,N,N,D,D,N,N,N,N,N,N,D,D,D,D,D,N,D,N,D,N,N,N,N,D,D,D,N
NRPE5,D,D,D,N,N,N,N,D,D,N,N,N,N,N,N,D,D,D,D,D,N,D,N,D,N,N,N,N,D,D,D,N
NRPA1,D,D,D,N,N,N,D,N,D,D,D,N,D,D,D,N,D,D,N,D,N,D,D,D,D,D,N,D,D,D,D,N
NRPB8B,A,A,N,A,A,A,N,A,A,N,N,N,N,A,A,A,A,A,A,A,A,N,A,A,N,A,A,N,N,A,N,N
36,N,N,N,N,N,N,N,N,N,N,N,N,N,N,N,N,N,N,N,N,N,N,N,N,N,N,N,N,N,N,N,N
37,N,D,D,D,N,N,N,D,D,N,N,D,D,N,N,D,D,N,N,D,D,D,N,D,N,N,D,D,N,D,D,D
NRPD4,D,D,D,N,D,D,D,N,D,D,D,D,D,D,D,D,D,D,N,D,D,N,D,D,N,D,D,D,D,D,D,N
NRPB9B,N,D,D,D,N,N,N,D,D,N,N,D,D,N,N,D,D,N,N,D,D,D,N,D,N,N,D,D,N,D,D,D
NRPB2,N,N,N,N,N,D,D,D,D,N,D,N,N,N,D,D,D,D,N,D,D,N,D,N,D,D,D,D,D,D,D,N
41,A,N,A,N,N,N,N,A,A,N,A,A,N,A,N,N,A,N,A,N,N,N,N,A,A,N,A,A,N,A,N,A
NRPB1,D,D,D,N,D,D,D,D,D,D,D,D,D,D,D,D,D,D,D,D,D,D,D,D,D,D,D,D,D,D,D,D
43,A,N,A,N,N,N,N,A,A,N,A,A,N,A,N,N,A,N,A,N,N,N,N,A,A,N,A,A,N,A,N,A
NRPB4,N,A,A,N,N,N,A,N,N,N,N,N,N,N,N,N,A,N,N,N,N,N,N,N,N,N,N,N,N,N,A,N
45,A,A,A,N,A,A,A,N,A,N,A,A,N,A,N,A,A,A,A,A,A,A,A,N,N,A,A,A,A,A,A,N
NRPB12,N,B,N,N,N,N,N,B,N,B,B,N,B,B,N,B,N,N,N,N,N,N,N,B,N,N,N,N,N,N,N,N
NRPC2,N,N,N,N,N,D,D,D,D,N,D,N,N,N,D,D,D,D,N,D,D,N,D,N,D,D,D,D,D,D,D,N
48,N,A,A,A,N,N,N,A,N,N,N,N,N,N,N,N,N,N,N,N,N,N,N,N,A,N,N,N,N,N,N,N
NRPB6A,D,D,N,N,D,D,D,D,D,D,N,D,D,N,N,D,D,D,D,D,N,N,D,D,D,D,N,N,N,N,D,N
RPB5C,D,D,D,N,N,N,N,D,D,N,N,N,N,N,N,D,D,D,D,D,N,D,N,D,N,N,N,N,D,D,D,N
NRPB7,N,D,N,N,N,N,N,D,N,N,N,N,N,N,N,N,N,D,N,N,N,N,N,N,N,N,N,D,N,N,D,N
NRPC1,D,D,D,N,N,N,D,N,D,D,D,N,D,D,D,N,D,D,N,D,N,D,D,D,D,D,N,D,D,D,D,N
rpoC2,D,D,D,N,N,N,N,N,D,D,D,N,D,N,N,N,D,D,N,N,N,D,N,D,D,D,N,N,D,N,D,N
rpoC1,D,D,D,N,N,N,D,N,D,D,D,N,D,D,D,N,D,D,N,D,N,D,D,D,D,D,N,D,D,D,D,N
rpoB,N,N,N,N,N,D,D,D,D,N,D,N,N,N,D,D,D,D,N,D,D,N,D,N,D,D,D,D,D,D,D,N
rpoA,N,N,N,N,N,N,N,N,N,N,N,N,N,N,N,N,N,N,N,N,N,N,N,N,N,N,N,N,N,N,N,N
NDPK1,D,N,N,D,D,D,D,N,D,N,D,D,N,D,D,D,N,N,D,N,D,D,D,N,D,D,N,N,N,N,D,N
NDPK3,D,N,N,D,D,D,D,N,D,N,D,D,N,D,D,D,N,N,D,N,D,D,D,N,D,D,N,N,N,N,D,N
59,D,N,N,D,D,D,D,N,D,N,D,D,N,D,D,D,N,N,D,N,D,D,D,N,D,D,N,N,N,N,D,N
NDPK2,D,N,N,D,D,D,D,N,D,N,D,D,N,D,D,D,N,N,D,N,D,D,D,N,D,D,N,N,N,N,D,N
61,D,N,D,D,D,D,N,D,D,N,D,D,N,D,D,N,D,D,D,N,N,D,D,D,D,N,D,D,D,N,D,D
62,D,N,D,D,D,D,N,D,D,N,D,D,N,D,D,N,D,D,D,N,N,D,D,D,D,N,D,D,D,N,D,D
PYR6,D,N,D,D,D,D,N,D,D,N,D,D,N,D,D,N,D,D,D,N,N,D,D,D,D,N,D,D,D,N,D,D
64,D,D,D,D,N,D,D,D,D,N,D,N,D,D,N,D,N,D,N,D,D,D,N,D,D,N,D,D,D,D,N,D
65,D,D,D,D,N,D,D,D,D,N,D,N,D,D,N,D,N,D,N,D,D,D,N,D,D,N,D,D,D,D,N,D
emb2742,D,D,D,D,N,D,D,D,D,N,D,N,D,D,N,D,N,D,N,D,D,D,N,D,D,N,D,D,D,D,N,D
67,D,D,D,D,N,D,D,D,D,N,D,N,D,D,N,D,N,D,N,D,D,D,N,D,D,N,D,D,D,D,N,D
68,D,D,D,D,N,D,D,D,D,N,D,N,D,D,N,D,N,D,N,D,D,D,N,D,D,N,D,D,D,D,N,D
69,N,N,A,N,N,N,N,N,A,N,N,N,N,N,N,N,A,N,N,N,N,N,N,N,N,A,N,N,N,N,A,N
70,N,N,A,N,N,N,N,N,A,N,N,N,N,N,N,N,A,N,N,N,N,N,N,N,N,A,N,N,N,N,A,N
71,N,N,A,N,N,N,N,N,A,N,N,N,N,N,N,N,A,N,N,N,N,N,N,N,N,A,N,N,N,N,A,N
72,N,N,A,N,N,N,N,N,A,N,N,N,N,N,N,N,A,N,N,N,N,N,N,N,N,A,N,N,N,N,A,N
APY1,N,N,A,N,N,N,N,N,A,N,N,N,N,N,N,N,A,N,N,N,N,N,N,N,N,A,N,N,N,N,A,N
APY2,N,N,A,N,N,N,N,N,A,N,N,N,N,N,N,N,A,N,N,N,N,N,N,N,N,A,N,N,N,N,A,N
UPP,N,N,N,B,B,B,N,B,N,N,N,B,N,N,N,N,N,B,N,N,B,N,N,N,B,N,N,N,N,B,B,B
UKL3,N,N,N,B,B,B,B,B,B,N,N,B,N,B,N,N,N,B,N,B,B,N,N,B,B,N,N,N,N,B,B,B
UKL2,N,N,N,B,B,B,B,B,B,N,N,B,N,B,N,N,N,B,N,B,B,N,N,B,B,N,N,N,N,B,B,B
UKL5,N,N,N,B,B,B,B,B,B,N,N,B,N,B,N,N,N,B,N,B,B,N,N,B,B,N,N,N,N,B,B,B
UKL4,N,N,N,B,B,B,B,B,B,N,N,B,N,B,N,N,N,B,N,B,B,N,N,B,B,N,N,N,N,B,B,B
UK/UPRT1,N,N,N,B,B,B,B,B,B,N,N,B,N,B,N,N,N,B,N,B,B,N,N,B,B,N,N,N,N,B,B,B
81,N,N,D,D,N,N,N,N,D,N,D,N,N,N,D,N,N,N,N,N,N,N,N,N,D,N,N,N,D,N,N,N
82,N,N,N,N,N,N,N,N,N,N,N,N,N,N,N,N,N,N,N,N,N,N,N,N,N,N,N,N,N,N,N,N
83,N,N,D,D,N,N,N,N,D,N,D,N,N,N,D,N,N,N,N,N,N,N,N,N,D,N,N,N,D,N,N,N
URH1,D,D,D,N,N,N,N,N,D,N,D,N,N,N,D,N,N,N,D,N,N,N,D,D,N,N,N,N,N,N,N,N
PYD1,N,N,N,N,N,N,N,N,N,N,N,N,N,N,N,N,N,N,N,N,N,N,N,N,N,N,N,N,N,N,N,N
PYD2,N,N,N,N,N,N,N,N,N,N,N,N,N,N,N,N,N,N,N,N,N,N,N,N,N,N,N,N,N,N,N,N
BETA-UP,N,N,N,N,N,N,N,N,N,N,N,N,N,N,N,N,N,N,N,N,N,N,N,N,N,N,N,N,N,N,N,N
CDA1,N,D,N,N,N,D,N,N,D,N,N,N,D,N,N,D,N,N,N,N,N,N,N,N,N,N,D,N,N,D,N,N
TIL1,N,N,N,N,N,N,N,N,N,N,N,N,N,N,N,N,N,N,N,N,N,N,N,N,N,N,N,N,N,N,N,N
POLD4,N,N,A,N,N,A,N,A,A,N,A,N,N,A,N,A,A,N,A,N,A,A,N,A,N,N,N,N,N,N,A,N
POLGAMMA2,N,N,B,N,B,N,N,N,B,N,B,N,N,B,N,B,B,N,N,N,B,N,B,N,N,N,N,N,N,B,N,N
EMB2813,N,N,A,N,N,N,N,A,A,N,N,N,N,N,A,N,N,A,N,A,N,A,A,N,N,A,N,N,N,N,N,N
POLA2,A,A,N,N,N,A,N,N,N,N,A,N,N,N,N,N,A,N,A,N,N,N,N,N,A,A,N,N,N,N,N,N
POLD3,A,N,N,N,N,N,N,N,A,N,N,N,N,A,N,N,N,N,N,N,N,N,N,N,N,N,N,N,N,N,A,N
TIL2,N,N,N,N,N,N,N,N,N,N,N,N,N,N,N,N,N,N,N,N,N,N,N,N,N,N,N,N,N,N,N,N
NF-YB11,C,C,C,N,N,C,N,N,C,N,C,C,C,N,C,N,N,C,N,C,C,N,C,C,C,C,C,C,C,C,C,C
POLD2,N,N,N,N,A,N,N,A,N,N,A,N,N,A,N,A,N,A,A,N,N,N,A,N,N,A,A,A,N,A,A,N
POLGAMMA1,N,N,B,N,B,N,N,N,B,N,B,N,N,B,N,B,B,N,N,N,B,N,B,N,N,N,N,N,N,B,N,N
DPB2,A,A,A,N,A,N,A,A,N,N,A,A,A,A,A,A,A,N,N,N,A,A,N,A,A,A,A,N,A,A,N,A
POLA3,N,D,N,N,D,D,N,D,N,N,D,N,D,N,N,D,N,N,D,D,N,D,D,N,N,D,N,N,D,N,D,N
101,D,D,D,D,D,D,D,D,D,N,D,D,D,D,D,D,D,D,D,D,D,D,D,D,D,D,D,D,D,D,D,D
ICU2,D,D,D,D,D,D,D,D,D,N,D,D,D,D,D,D,D,D,D,D,D,D,D,D,D,D,D,D,D,D,D,D
103,N,N,N,N,N,N,N,N,N,N,N,N,N,N,N,N,N,N,N,N,N,N,N,N,N,N,N,N,N,N,N,N
ZEU1,N,N,N,N,N,N,N,N,N,N,N,N,N,N,N,N,N,N,N,N,N,N,N,N,N,N,N,N,N,N,N,N
TK1a,B,N,N,B,B,N,N,B,N,N,N,N,N,B,N,N,N,N,N,N,N,N,N,N,N,N,N,N,N,N,B,N
TK1b,B,N,N,B,B,N,N,B,N,N,N,N,N,B,N,N,N,N,N,N,N,N,N,N,N,N,N,N,N,N,B,N
THY-1,B,N,N,N,N,N,B,N,N,N,N,N,N,N,N,B,N,N,N,N,N,N,N,N,N,N,N,N,N,N,N,B
THY-2,B,N,N,N,N,N,B,N,N,N,N,N,N,N,N,B,N,N,N,N,N,N,N,N,N,N,N,N,N,N,N,B
PYRD,N,N,N,N,N,N,N,N,N,N,N,N,N,N,N,N,N,N,N,N,N,N,N,N,N,N,N,N,N,N,N,N
110,N,N,N,N,N,N,N,N,N,N,N,N,N,N,N,N,N,N,N,N,N,N,N,N,N,N,N,N,N,N,N,N
DUT1,N,N,A,N,N,A,N,A,A,N,N,N,N,A,N,A,N,A,N,N,N,N,N,A,A,N,N,N,N,N,A,A
