pdhB,D,D,N,N,D,D,D,D,D,N,D,D,D,D,D,D,N,D,D,N,D,N,D,D,N,N,D,D,N,N,D,N
pdhA,D,D,N,N,D,N,D,D,D,N,D,N,D,D,D,D,N,D,D,N,D,N,D,D,N,N,D,N,N,N,D,N
3,B,N,B,N,N,N,B,B,B,N,B,N,B,N,B,N,B,B,N,N,N,N,N,N,N,N,B,N,N,N,B,N
4,N,N,N,N,N,N,N,N,N,N,N,N,N,N,N,N,N,N,N,N,N,N,N,N,N,N,N,N,N,N,N,N
pckA,B,B,N,N,B,B,N,B,B,N,N,B,B,N,B,B,B,N,B,N,N,N,N,B,N,N,B,B,N,N,N,N
pyk,D,D,D,D,D,D,D,D,D,N,D,D,D,D,D,N,D,D,D,D,D,D,D,D,D,D,D,D,D,D,D,D
gloA,N,N,N,N,N,B,N,N,N,N,B,N,N,B,N,N,N,N,N,B,N,N,N,N,N,B,N,N,N,N,N,N
ldhA,D,N,N,N,N,N,D,D,D,N,D,N,D,D,N,N,N,D,D,N,N,D,D,N,N,N,N,N,N,N,D,D
9,D,N,D,N,D,D,N,N,D,N,D,N,N,D,N,N,N,D,D,N,N,N,N,D,N,N,N,N,N,N,N,D
gloB1,D,N,N,N,N,N,D,D,D,N,D,N,N,N,N,N,D,D,N,N,N,N,N,N,N,N,N,N,N,N,D,D
malA,C,N,C,N,N,N,N,N,C,N,N,N,N,C,C,N,C,N,N,N,C,N,N,N,N,N,C,C,N,N,C,C
mdhC,B,B,N,N,N,N,N,B,B,N,B,N,N,N,N,B,B,N,N,N,B,N,B,N,N,N,N,N,N,N,B,N
mdhA,B,B,N,N,N,N,N,B,B,N,B,N,N,N,N,B,B,N,N,N,B,N,B,N,N,N,N,N,N,N,B,N
mdhB,B,B,N,N,N,N,N,B,B,N,B,N,N,N,N,B,B,N,N,N,B,N,B,N,N,N,N,N,N,N,B,N
masA,B,B,B,N,N,N,N,B,N,N,B,B,N,B,B,B,N,N,B,B,N,N,N,B,B,N,N,B,B,N,B,N
masB,B,B,B,N,N,N,N,B,N,N,B,B,N,B,B,B,N,N,B,B,N,N,N,B,B,N,N,B,B,N,B,N
17,D,D,D,D,D,D,N,D,D,N,D,D,D,D,D,D,D,D,D,D,D,N,D,D,D,D,D,D,N,D,D,D
18,D,D,D,D,D,D,D,D,D,N,D,D,D,D,D,D,D,D,D,D,D,D,D,D,D,D,D,D,D,D,D,D
acsA,D,D,D,D,D,D,D,D,D,N,D,D,D,D,D,D,D,D,D,D,D,D,D,D,D,D,D,D,D,N,D,D
20,N,N,N,N,N,N,N,N,N,N,N,N,N,N,N,N,N,N,N,N,N,N,N,N,N,N,N,N,N,N,N,N
21,D,D,D,N,D,D,D,D,D,N,D,D,D,D,D,D,D,D,D,D,D,D,D,D,D,D,D,D,D,D,D,N
22,D,D,D,N,D,D,D,D,D,N,D,D,D,D,D,D,D,D,D,D,D,D,D,D,D,D,D,D,D,D,D,N
23,D,D,D,N,D,D,D,D,D,N,D,D,D,D,D,D,D,D,D,D,D,D,D,D,D,D,D,D,D,D,D,N
24,D,N,D,N,D,D,D,N,D,N,D,D,D,D,D,N,D,D,D,N,D,D,D,N,D,D,N,D,N,D,D,N
accA,N,D,D,N,N,D,D,D,D,N,N,D,N,D,N,D,D,D,D,D,D,D,N,D,D,N,D,D,N,D,D,N
tkrA,D,N,N,N,N,N,D,D,D,N,D,N,D,D,N,N,N,D,D,N,N,D,D,N,N,N,N,N,N,N,D,D
pdhC,D,D,D,D,D,D,D,D,D,N,D,D,D,D,D,D,D,D,D,D,D,D,D,D,D,D,D,D,D,D,D,D
lpd,B,N,N,N,N,N,N,N,N,N,B,N,N,B,N,N,N,N,N,N,N,B,N,N,B,N,N,N,N,N,N,N
fumH,N,N,N,N,N,N,N,N,N,N,N,N,N,N,N,N,N,N,N,N,N,N,N,N,N,N,N,N,N,N,N,N
