ARA24;TC4;RAN;Gsp1,D,D,D,D,D,D,D,D,D,D,D,D,D,D,D,D,D,D,D,D,D,D,D,D,D,D,D,D,D,D,D,D
emb;exp1;XPO1;CRM1,N,N,A,N,A,A,N,A,A,N,A,A,A,N,N,N,N,A,N,N,A,N,A,N,N,N,N,A,N,A,A,N
CGI-07;NMD3,N,N,N,A,A,A,N,A,N,N,A,N,N,N,N,N,A,N,N,N,N,N,A,A,N,N,A,A,N,N,A,N
SNORD3B-1;U3b1;U3b2;RNU3A1;U3a,N,N,N,N,N,N,N,N,N,N,N,N,N,N,N,N,N,N,N,N,N,N,N,N,N,N,N,N,N,N,N,N
U3;SNORD3A;RNU3,N,N,N,N,N,N,N,N,N,N,N,N,N,N,N,N,N,N,N,N,N,N,N,N,N,N,N,N,N,N,N,N
U3b2;U3-2B;SNORD3B-2,N,N,N,N,N,N,N,N,N,N,N,N,N,N,N,N,N,N,N,N,N,N,N,N,N,N,N,N,N,N,N,N
U3-3;RNU3-3;SNORD3C,N,N,N,N,N,N,N,N,N,N,N,N,N,N,N,N,N,N,N,N,N,N,N,N,N,N,N,N,N,N,N,N
MT-RNR1;MTRNR1;RNR1,N,N,N,N,N,N,N,N,N,N,N,N,N,N,N,N,N,N,N,N,N,N,N,N,N,N,N,N,N,N,N,N
MTRNR2;RNR2;MT-RNR2,N,N,N,N,N,N,N,N,N,N,N,N,N,N,N,N,N,N,N,N,N,N,N,N,N,N,N,N,N,N,N,N
RNA5S1;RN5S1,N,N,N,N,N,N,N,N,N,N,N,N,N,N,N,N,N,N,N,N,N,N,N,N,N,N,N,N,N,N,N,N
RNA5S2;RN5S2,N,N,N,N,N,N,N,N,N,N,N,N,N,N,N,N,N,N,N,N,N,N,N,N,N,N,N,N,N,N,N,N
RN5S3;RNA5S3,N,N,N,N,N,N,N,N,N,N,N,N,N,N,N,N,N,N,N,N,N,N,N,N,N,N,N,N,N,N,N,N
RNA5S4;RN5S4,N,N,N,N,N,N,N,N,N,N,N,N,N,N,N,N,N,N,N,N,N,N,N,N,N,N,N,N,N,N,N,N
RNA5S5;RN5S5,N,N,N,N,N,N,N,N,N,N,N,N,N,N,N,N,N,N,N,N,N,N,N,N,N,N,N,N,N,N,N,N
RN5S6;RNA5S6,N,N,N,N,N,N,N,N,N,N,N,N,N,N,N,N,N,N,N,N,N,N,N,N,N,N,N,N,N,N,N,N
RN5S7;RNA5S7,N,N,N,N,N,N,N,N,N,N,N,N,N,N,N,N,N,N,N,N,N,N,N,N,N,N,N,N,N,N,N,N
RNA5S8;RN5S8,N,N,N,N,N,N,N,N,N,N,N,N,N,N,N,N,N,N,N,N,N,N,N,N,N,N,N,N,N,N,N,N
RNA5S9;RN5S9,N,N,N,N,N,N,N,N,N,N,N,N,N,N,N,N,N,N,N,N,N,N,N,N,N,N,N,N,N,N,N,N
RN5S10;RNA5S10,N,N,N,N,N,N,N,N,N,N,N,N,N,N,N,N,N,N,N,N,N,N,N,N,N,N,N,N,N,N,N,N
RNA5S11;RN5S11,N,N,N,N,N,N,N,N,N,N,N,N,N,N,N,N,N,N,N,N,N,N,N,N,N,N,N,N,N,N,N,N
RN5S12;RNA5S12,N,N,N,N,N,N,N,N,N,N,N,N,N,N,N,N,N,N,N,N,N,N,N,N,N,N,N,N,N,N,N,N
RN5S13;RNA5S13,N,N,N,N,N,N,N,N,N,N,N,N,N,N,N,N,N,N,N,N,N,N,N,N,N,N,N,N,N,N,N,N
RNA5S14;RN5S14,N,N,N,N,N,N,N,N,N,N,N,N,N,N,N,N,N,N,N,N,N,N,N,N,N,N,N,N,N,N,N,N
RNA5S15;RN5S15,N,N,N,N,N,N,N,N,N,N,N,N,N,N,N,N,N,N,N,N,N,N,N,N,N,N,N,N,N,N,N,N
RN5S16;RNA5S16,N,N,N,N,N,N,N,N,N,N,N,N,N,N,N,N,N,N,N,N,N,N,N,N,N,N,N,N,N,N,N,N
RN5S17;RNA5S17,N,N,N,N,N,N,N,N,N,N,N,N,N,N,N,N,N,N,N,N,N,N,N,N,N,N,N,N,N,N,N,N
TCS;MFD1;treacle;TCS1;TCOF1,N,N,N,N,N,N,N,N,N,N,N,N,N,N,N,N,N,N,N,N,N,N,N,N,N,N,N,N,N,N,N,N
SNRNP15-5;SPAG12;SSFA1;OTK27;NHP2L1;NHPX;SNU13;15.5K;FA-1;FA1,C,C,C,C,C,N,C,C,C,C,C,C,C,C,C,C,C,C,C,C,C,C,C,C,C,C,C,C,C,C,C,C
NOP58;NOP5/NOP58;NOP5;HSPC120,C,C,C,C,C,C,C,C,C,C,C,C,C,C,C,C,C,C,C,C,C,C,C,C,C,C,C,C,C,C,C,C
SCA36;NOL5A;NOP56,C,C,C,C,C,C,C,C,C,C,C,C,C,C,C,C,C,C,C,C,C,C,C,C,C,C,C,C,C,C,C,C
RNU3IP1;Nop1;FBL;FIB;FLRN,D,D,D,D,D,D,D,D,D,D,D,D,D,D,D,D,D,D,D,D,D,D,D,D,D,D,D,D,N,D,D,D
NOP10P;NOP10;NOLA3;DKCB1,N,C,N,N,C,N,N,C,C,N,C,N,N,N,N,N,C,N,C,N,N,N,N,N,N,N,C,C,N,N,N,N
NOLA2;NHP2;DKCB2;NHP2P,C,C,C,C,C,N,C,C,C,C,C,C,C,C,C,C,C,C,C,C,C,C,C,C,C,C,C,C,C,C,C,C
NOLA1;GAR1,C,C,C,C,C,N,N,N,C,N,C,C,C,C,C,C,C,C,C,N,C,C,N,C,C,N,C,N,C,C,C,C
DKCX;NAP57;XAP101;DKC1;DKC;NOLA4;CBF5,D,D,N,N,N,N,D,N,D,N,N,D,N,D,D,N,N,D,D,N,D,N,D,N,D,D,N,N,N,D,N,D
UTP24;C14orf111;FCF1;CGI-35;Bka,C,C,C,C,C,N,C,N,C,N,N,C,C,N,N,N,C,N,C,N,N,N,N,C,C,N,C,N,N,C,N,C
RN3;RNASEN;DROSHA;ETOHI2;HSA242976;RNASE3L;RANSE3L,N,B,B,N,N,N,N,N,B,N,N,N,N,N,N,B,N,N,N,N,N,N,N,N,B,N,N,N,N,N,B,B
NAT10;NET43;Kre33;ALP,A,A,A,A,N,N,N,N,N,A,N,A,N,N,A,N,A,N,A,A,A,N,N,A,N,A,N,N,A,A,A,N
UTP14A;SDCCAG16;dJ537K23.3;NYCO16;Utp14,D,D,D,D,D,D,D,D,D,N,D,D,D,D,D,D,D,D,D,D,D,D,D,D,N,D,D,D,D,D,D,D
UTP14B;2700066J21Rik;UTP14C;KIAA0266,D,D,D,D,D,D,D,D,D,N,D,D,D,D,D,D,D,D,D,D,D,D,D,D,N,D,D,D,D,D,D,D
ACC;BMS1;BMS1L,A,A,A,A,A,A,A,A,A,N,A,A,A,A,A,A,A,A,A,N,A,A,A,A,A,A,N,A,A,A,A,N
RPCL1;RCL1;RNAC,N,N,N,N,N,N,N,N,N,N,N,N,N,N,N,N,N,N,N,N,N,N,N,N,N,N,N,N,N,N,N,N
RPP20;RPP2;POP7;0610037N12Rik,N,C,N,N,N,N,C,N,N,N,N,N,N,N,N,C,N,N,N,N,N,N,N,N,N,N,N,N,N,N,N,C
TSG15;RPP30,A,A,A,N,A,N,A,N,A,N,A,A,N,A,A,N,N,N,N,A,N,N,A,N,A,A,N,A,A,N,A,N
RPP38,N,N,N,N,N,N,N,N,C,N,C,N,N,C,N,N,N,N,C,N,C,N,N,N,N,C,C,N,C,N,C,N
RPP29;POP4,A,N,N,N,N,N,N,A,A,N,A,A,N,A,A,N,N,N,N,N,N,N,A,A,A,A,N,N,N,N,A,A
RNASEP1;RPP40;bA428J1.3,N,N,N,N,N,N,N,N,N,N,N,N,N,N,N,N,N,N,N,N,N,N,N,N,N,N,N,N,N,N,N,N
ANXD2;POP1,N,N,N,N,N,N,N,N,N,N,N,N,N,N,N,N,N,N,N,N,N,N,N,N,N,N,N,N,N,N,N,N
RPP25L;bA296L22.5;C9orf23,N,C,N,N,N,N,C,C,C,N,C,N,C,C,C,C,C,N,C,N,C,N,N,N,C,N,N,N,N,N,N,C
HSPC004;RPP20;hPop5;POP5;RPP2,C,N,C,N,N,C,N,C,N,N,N,C,N,N,N,N,N,N,N,N,N,N,N,C,N,N,N,N,N,N,N,N
RPP25,N,C,N,N,N,N,C,C,C,N,C,N,C,C,C,C,C,N,C,N,C,N,N,N,C,N,N,N,N,N,N,C
XRN2,B,B,B,B,B,B,B,N,B,B,B,B,B,B,B,B,B,B,B,B,B,B,B,B,B,N,N,B,B,B,B,B
SEP1;XRN1,B,B,B,B,B,B,B,N,B,B,B,B,B,B,B,B,B,B,B,B,B,B,B,B,B,N,N,B,B,B,B,B
GTPBP4;CRFG;NOG1;NGB,D,D,D,N,D,D,D,D,D,N,D,D,D,D,D,D,D,D,D,D,D,D,D,D,D,D,D,D,D,N,D,D
NS;GNL3;NNP47;E2IG3;C77032,D,D,D,N,D,D,D,D,N,D,D,D,D,D,N,D,D,D,D,D,N,D,D,D,D,N,D,D,D,D,D,D
Ngp-1;HUMAUANTIG;Nug2;NGP1;Nog2;GNL2,D,D,D,N,D,D,D,D,D,D,D,D,D,D,N,D,D,D,D,D,N,D,D,D,D,N,D,D,D,D,D,D
GNL3L;GNL3B,D,D,D,N,D,D,D,D,D,D,D,D,D,D,N,D,D,D,D,D,N,D,D,D,D,N,D,D,D,D,D,D
Rea1;MDN1,D,D,D,D,D,D,D,D,D,N,D,D,D,D,D,D,D,D,D,D,D,D,D,D,D,D,D,D,D,D,D,D
NVL2;NVL,D,D,D,D,D,D,D,D,D,D,D,D,D,D,D,D,D,D,D,D,D,D,D,D,D,D,D,D,D,D,D,D
60,B,B,N,N,B,B,N,B,B,N,B,B,N,N,B,B,N,B,B,B,N,B,B,B,B,B,N,B,B,B,B,B
61,B,B,N,N,B,B,N,B,B,N,B,B,N,N,B,B,N,B,B,B,N,B,B,B,B,B,N,B,B,B,B,B
62,B,B,N,N,B,B,N,B,B,N,B,B,N,N,B,B,N,B,B,B,N,B,B,B,B,B,N,B,B,B,B,B
63,B,B,N,N,B,B,N,B,B,N,B,B,N,N,B,B,N,B,B,B,N,B,B,B,B,B,N,B,B,B,B,B
REXO2;RFN;CGI-114;REX2;SFN,B,N,N,N,N,B,N,N,N,N,B,N,N,N,B,N,B,N,N,N,N,N,B,B,N,B,N,N,N,N,B,N
ELOABP1;REXO1;TCEB3BP1;REX1;EloA-BP1,B,B,N,N,B,B,N,B,B,N,B,B,N,N,B,B,N,B,B,B,N,B,B,B,B,B,N,B,B,B,B,B
NEF-sp;REXO5,B,B,N,N,B,B,N,B,B,N,B,B,N,N,B,B,N,B,B,B,N,B,B,B,B,B,N,B,B,B,B,B
NXF1;MEX67;TAP,N,N,N,N,A,N,N,N,N,N,A,N,N,N,A,N,N,N,N,N,N,N,N,N,N,A,N,N,A,N,A,A
NXF5,N,N,N,N,A,N,N,N,N,N,A,N,N,N,A,N,N,N,N,N,N,N,N,N,N,A,N,N,A,N,A,A
NXF3,N,N,N,N,A,N,N,N,N,N,A,N,N,N,A,N,N,N,N,N,N,N,N,N,N,A,N,N,A,N,A,A
TAPL-2;CT39;NXF2;TCP11X2,N,N,N,N,A,N,N,N,N,N,A,N,N,N,A,N,N,N,N,N,N,N,N,N,N,A,N,N,A,N,A,A
TCP11X1;bA353J17.1;NXF2B,N,N,N,N,A,N,N,N,N,N,A,N,N,N,A,N,N,N,N,N,N,N,N,N,N,A,N,N,A,N,A,A
P15;MTR2;NXT1,A,A,N,N,A,N,N,A,A,N,N,N,A,A,N,N,A,N,N,A,A,A,N,N,N,A,N,A,N,N,A,N
P15-2;NXT2,A,A,N,N,A,N,N,A,A,N,N,N,A,A,N,N,A,N,N,A,A,A,N,N,N,A,N,A,N,N,A,N
MPP10;MPHOSPH10;MPP10P;PPP1R106;CT90,A,N,N,A,N,N,N,A,N,N,A,N,N,N,N,N,A,A,N,A,N,N,N,N,A,A,N,N,N,N,N,A
75,N,N,N,N,N,N,N,N,N,N,N,N,N,N,N,N,N,N,N,N,N,N,N,N,N,N,N,N,N,N,N,N
IMP4;BXDC4,A,A,N,N,A,N,N,A,A,A,A,A,N,A,A,N,N,N,N,A,N,A,N,A,A,A,N,A,N,N,A,A
C15orf12;IMP3;MRPS4;BRMS2,B,N,N,B,N,N,N,B,B,N,N,B,N,N,N,N,B,N,B,B,B,B,N,B,B,B,B,B,N,N,N,B
UTP17;NET16;WDR75,D,D,D,D,D,D,D,D,D,D,D,D,D,D,D,D,D,D,D,D,D,D,D,D,D,D,D,D,D,D,D,D
NET21;UTP15,D,D,D,D,D,D,D,D,D,D,D,D,D,D,D,D,D,D,D,D,D,D,D,D,D,D,D,D,D,D,D,D
TEX292;NAIC;UTP4;CIRHIN;CIRH1A,D,D,D,D,D,D,D,D,D,D,D,D,D,D,D,D,D,D,D,D,D,D,D,D,D,D,D,D,D,D,D,D
HEATR1;UTP10;BAP28,N,N,B,B,N,N,N,B,B,N,B,B,N,N,N,N,N,B,N,B,B,N,B,B,N,N,B,N,B,N,N,N
UTP5;WDR43;NET12,D,D,D,D,D,D,D,D,D,D,D,D,D,D,D,D,D,D,D,D,D,D,D,D,D,D,D,D,D,D,D,D
WDR50;CGI-48;UTP18,D,D,D,D,D,D,D,D,D,D,D,D,D,D,D,D,D,D,D,D,D,D,D,D,D,D,D,D,D,D,D,D
UTP13;SAZD;TBL3,D,D,D,D,D,D,D,D,D,D,D,D,D,D,D,D,D,D,D,D,D,D,D,D,D,D,D,D,D,D,D,D
C17orf40;UTP6;HCA66,A,N,A,N,A,N,N,A,A,N,A,A,A,A,A,A,A,A,A,A,A,N,A,A,N,A,N,N,A,N,N,A
EHOC-17;UTP1;PWP2H;PWP2,D,D,D,D,D,D,D,D,D,D,D,D,D,D,D,D,D,D,D,D,D,D,D,D,D,D,D,D,D,D,D,D
GLC1G;TA-WDRP;UTP21;WDR36;TAWDRP,D,D,D,D,D,D,D,D,D,D,D,D,D,D,D,D,D,D,D,D,D,D,D,D,D,D,D,D,D,D,D,D
DIP2;UTP12;WDR3,D,D,D,D,D,D,D,D,D,D,D,D,D,D,D,D,D,D,D,D,D,D,D,D,D,D,D,D,D,D,D,D
CSNK2A1;CK2A1;CKII;Cka1;OCNDS;CSNK2A3;Cka2,D,D,D,D,D,D,D,D,D,D,D,D,D,D,D,D,D,D,D,D,D,D,D,D,D,D,D,D,D,D,D,D
CK2alpha';CK2A2;CSNK2A1;CSNK2A2,D,D,D,D,D,D,D,D,D,D,D,D,D,D,D,D,D,D,D,D,D,D,D,D,D,D,D,D,D,D,D,D
CSNK2A1P;CSNK2A3,D,D,D,D,D,D,D,D,D,D,D,D,D,D,D,D,D,D,D,D,D,D,D,D,D,D,D,D,D,D,D,D
CSK2B;Ckb2;Ckb1;CSNK2B;G5A;CK2B;CK2N,A,A,A,N,N,A,N,A,A,N,A,A,A,A,N,A,A,A,N,A,A,N,A,N,A,A,A,A,A,N,N,A
NOL6;bA311H10.1;NRAP;UTP22,N,N,N,N,A,N,N,A,N,N,N,N,N,N,N,N,A,N,N,N,N,N,N,A,A,N,N,N,N,N,N,N
LSG1,D,D,D,N,D,D,D,D,D,D,D,D,D,D,N,D,D,D,D,D,N,D,D,D,D,N,D,D,D,D,D,D
FAM42A;EFL1;EFTUD1;RIA1;HsT19294,D,D,D,D,D,D,D,D,D,D,D,D,D,D,D,D,D,D,D,D,D,D,D,D,D,D,D,D,D,D,D,D
RRP7A;BK126B4.3;Rrp7;CGI-96,N,N,N,N,N,N,N,N,N,N,N,N,N,N,N,N,N,N,N,N,N,N,N,N,N,N,N,N,N,N,N,N
AD034;bA288G3.1;RIOK1;RRP10,N,N,N,N,N,C,N,N,N,N,C,N,N,N,C,N,N,N,N,N,N,C,N,N,N,N,N,N,N,N,C,N
SPAF;EHLMRS;AFG2;SPATA5,D,D,D,D,D,D,D,D,D,D,D,D,D,D,D,D,D,D,D,D,D,D,D,D,D,D,D,D,D,D,D,D
RIOK2;RIO2,N,N,N,N,N,C,N,N,N,N,C,N,N,N,C,N,N,N,N,N,N,C,N,N,N,N,N,N,N,N,C,N
AD-004;CINAP;AK6;CGI-137;CIP;hCINAP,N,N,N,N,N,N,N,N,N,N,N,N,N,N,N,N,N,N,N,N,N,N,N,N,N,N,N,N,N,N,N,N
RMRPR;NME1;RRP2;RMRP;CHH,N,N,N,N,N,N,N,N,N,N,N,N,N,N,N,N,N,N,N,N,N,N,N,N,N,N,N,N,N,N,N,N
CAB;p27(BBP);EIF3A;ITGB4BP;p27BBP;EIF6;b(2)gcn;eIF-6,N,C,C,N,N,C,C,N,C,C,C,N,C,C,N,C,C,C,C,C,C,C,N,N,C,C,C,C,N,C,C,C
C2F;Grcc2f;EMG1;NEP1,C,N,C,C,N,N,N,N,C,N,C,N,C,N,N,N,N,C,C,C,C,N,N,N,N,N,C,N,N,C,C,N
SWDS;CGI-97;SBDS;SDS,D,N,N,D,N,N,D,N,N,N,N,N,D,D,N,N,N,D,N,N,N,N,N,N,N,D,N,N,N,N,N,N
RBM28;ANES,B,B,B,B,B,B,B,B,B,B,B,B,B,B,B,B,B,B,B,B,B,B,B,B,B,B,B,B,B,B,B,B
ART-4;MSTP158;NOB1P;NOB1;MST158;PSMD8BP1,C,N,N,N,N,N,N,N,N,N,C,C,N,N,N,N,N,N,N,N,N,N,N,N,N,N,N,N,C,N,N,N
