TFB2,A,N,N,A,A,N,A,N,N,A,N,N,A,N,A,N,N,N,N,N,N,N,N,A,A,A,N,A,A,A,N,A
TFB4,N,A,A,N,N,N,A,N,A,N,A,N,N,A,N,N,A,N,N,N,N,N,N,A,A,N,N,A,A,N,A,N
SSL1,A,A,A,N,A,A,A,N,A,N,N,N,N,N,N,A,A,A,N,N,N,N,A,N,N,N,N,A,A,A,A,A
TFB1,N,A,A,N,N,A,N,N,N,N,A,A,N,N,N,N,N,N,N,N,A,N,N,A,N,N,N,N,N,N,N,N
RAD3;REM1,D,N,D,N,D,D,N,D,D,N,D,D,N,D,D,D,N,D,D,N,D,D,D,D,D,D,D,D,N,D,D,D
TFB5,A,A,A,N,N,A,N,N,A,N,N,A,A,N,N,A,N,N,A,N,A,N,N,A,A,A,N,A,N,N,A,A
RAD25;SSL2;LOM3,B,N,B,N,B,N,N,B,N,N,B,N,B,B,N,N,B,B,B,B,N,N,B,N,N,B,N,N,N,N,B,B
CCL1,N,A,N,N,N,N,N,N,A,N,A,A,N,A,N,N,N,N,N,N,A,N,N,N,A,N,N,A,N,N,A,A
TFB3;RIG2,B,B,B,N,N,B,B,B,B,N,B,N,B,N,N,N,N,N,B,N,N,N,B,N,B,B,N,N,N,N,N,N
KIN28,D,D,D,D,D,D,D,D,D,D,D,D,D,D,D,D,D,D,D,D,D,D,D,D,D,D,D,D,D,D,D,D
RBX1;HRT1;HRT2;ROC1,C,C,C,C,C,C,C,C,C,N,C,C,C,C,C,C,C,C,C,C,C,C,C,C,C,C,C,C,C,C,C,C
MMS8;CDC9,N,N,D,N,N,N,N,N,D,N,D,N,D,D,D,D,N,N,N,D,D,D,D,N,N,D,N,N,N,N,D,D
RFC5,D,D,N,N,D,D,D,D,D,N,D,D,D,D,D,D,D,D,D,D,D,D,N,D,D,D,D,N,N,D,D,D
RFC2,D,D,N,D,D,D,D,D,D,N,D,D,D,D,D,D,D,D,D,D,D,D,N,D,D,D,D,N,N,D,D,D
RFC3,D,D,D,D,D,D,D,D,D,N,D,D,D,D,D,D,D,D,D,D,D,D,N,D,D,D,D,D,N,D,D,D
RFC4,D,D,D,D,D,D,D,D,D,N,D,D,D,D,D,D,D,D,D,D,D,D,N,D,D,D,D,D,N,D,D,D
CDC44;RFC1,D,D,D,D,D,D,D,D,D,N,D,D,D,D,D,D,D,D,D,D,D,D,N,D,D,D,D,D,N,D,D,D
POL30,C,C,N,N,N,N,N,C,C,N,N,C,N,N,N,N,N,N,N,N,N,N,C,N,N,N,N,C,C,N,N,N
HPR5;SRS2,D,N,D,N,D,D,D,D,N,N,D,N,N,N,D,D,N,D,D,N,D,N,N,D,N,N,N,N,N,N,N,N
DPB3,A,N,N,A,N,A,N,A,N,N,N,N,N,N,N,N,N,A,N,N,N,N,N,N,A,N,A,N,N,N,A,N
DPB4,N,C,N,N,N,N,N,N,C,N,C,C,C,N,C,N,N,C,N,C,N,N,N,C,C,C,N,N,C,C,N,C
DLS1,A,N,N,A,N,A,N,A,N,N,N,N,N,N,N,N,N,A,N,N,N,N,N,N,A,N,A,N,N,N,A,N
POL2;DUN2,N,N,N,N,N,N,N,N,N,N,N,N,N,N,N,N,N,N,N,N,N,N,N,N,N,N,N,N,N,N,N,N
DPB2,A,A,A,N,A,N,A,A,N,N,A,A,A,A,A,A,A,N,N,N,A,A,N,A,A,A,A,N,A,A,N,A
LPB9;RAD12;RAD1,N,C,C,C,C,N,N,C,C,N,C,C,C,N,C,N,C,C,N,N,N,C,C,N,N,N,N,N,N,N,C,C
RAD2,N,N,D,D,D,N,D,D,D,N,D,D,D,D,D,N,D,D,D,D,D,D,D,D,D,D,N,D,D,N,D,D
HPR6;CDC2;TEX1;POL3,D,D,D,D,D,D,D,D,D,N,D,D,D,D,D,D,D,D,D,D,D,D,D,D,D,D,D,D,D,D,D,D
SDP5;HYS2;HUS2;POL31,N,N,N,N,A,N,N,A,N,N,A,N,N,A,N,A,N,A,A,N,N,N,A,N,N,A,A,A,N,A,A,N
POL32;REV5,N,N,N,N,N,N,N,N,N,N,N,N,N,N,N,N,N,N,N,N,N,N,N,N,N,N,N,N,N,N,N,N
BUF2;RPA1;RFA1;FUN3;RPA70,D,D,D,N,D,D,D,D,D,N,D,D,D,D,D,N,D,D,D,D,D,D,D,D,D,D,D,D,D,D,D,D
RPA2;RPA32;BUF1;RFA2,A,N,N,N,N,N,N,N,N,N,A,A,A,A,N,N,A,N,A,N,N,N,A,A,N,A,N,N,A,N,A,N
RAD10,A,N,N,N,N,A,N,N,N,N,A,N,N,N,N,N,N,N,N,N,N,N,N,N,N,N,N,N,N,N,A,N
RAD14,N,N,N,N,N,N,N,N,N,N,N,N,N,N,N,N,N,N,N,N,N,N,N,N,N,N,N,N,N,N,N,N
RAD23,D,D,D,D,D,D,D,D,D,D,D,D,D,D,D,D,D,D,D,D,D,D,D,D,D,D,D,D,D,D,D,D
RAD28,D,D,D,D,D,D,D,D,D,D,D,D,D,D,D,D,D,D,D,D,D,D,D,D,D,D,D,D,D,D,D,D
RAD26,D,D,D,D,D,D,D,D,D,N,D,D,D,D,D,D,D,D,D,D,D,D,D,D,D,D,D,D,D,D,D,D
RAD4,N,N,N,N,A,N,N,N,N,N,A,A,N,N,N,N,N,N,N,N,N,N,N,N,N,N,N,N,N,A,N,N
