ALCAM;CD166;MEMD,D,N,D,N,D,N,N,D,D,N,D,D,D,D,D,D,D,D,N,D,D,D,D,D,D,D,D,N,N,D,D,D
TP120;CD6,D,D,D,N,D,N,N,D,D,N,D,D,D,D,D,D,D,D,D,D,D,D,D,D,D,D,D,D,D,D,D,D
3,B,N,N,N,N,B,N,B,B,N,N,N,B,N,N,N,N,B,N,B,N,N,B,B,N,N,B,N,N,N,B,N
GPL115;LSN;GALGP;CD43;SPN,B,N,N,N,N,B,N,B,B,N,N,N,B,N,N,N,N,B,N,B,N,N,B,B,N,N,B,N,N,N,B,N
CD169;SN;SIGLEC-1;dJ1009E24.1;SIGLEC1,D,N,D,N,D,N,N,D,D,N,D,D,D,D,D,D,D,D,N,D,D,D,D,D,D,D,D,N,N,D,D,D
CD45;LCA;LY5;T200;CD45R;PTPRC;L-CA;B220;GP180,D,D,D,D,D,D,D,D,D,N,D,D,D,D,D,D,D,D,D,D,D,D,D,D,D,D,D,D,D,D,D,D
SIGLEC2;SIGLEC-2;CD22,D,D,D,N,D,N,N,D,D,N,D,D,D,D,D,D,D,D,D,D,D,D,D,D,D,D,D,N,N,D,D,D
CD8;Leu2;p32;CD8A;MAL,N,N,N,N,N,N,N,N,N,N,N,N,N,N,N,N,N,N,N,N,N,N,N,N,N,N,N,N,N,N,N,N
CD8B1;LY3;P37;LEU2;LYT3;CD8B,N,N,N,N,N,N,N,N,N,N,N,N,N,N,N,N,N,N,N,N,N,N,N,N,N,N,N,N,N,N,N,N
FNRB;MSK12;ITGB1;MDF2;VLA-BETA;CD29;GPIIA;VLAB,D,D,D,D,D,D,N,D,D,N,D,D,D,D,D,D,D,D,D,D,D,D,D,D,D,D,D,N,N,D,D,D
ITGA8,B,B,B,N,N,N,N,N,N,N,B,N,B,N,N,N,N,N,N,N,B,N,B,N,N,B,N,B,N,N,B,B
CD18;MFI7;MAC-1;LAD;ITGB2;LFA-1;LCAMB;MF17,D,D,D,D,D,D,N,D,D,N,D,D,D,D,D,D,D,D,D,D,D,D,D,D,D,D,D,N,N,D,D,D
LFA1A;LFA-1;ITGAL;CD11A,D,D,D,N,N,N,N,D,D,N,D,N,D,D,D,D,D,D,D,D,D,D,D,D,N,D,D,D,N,N,D,D
p50;Bp50;TNFRSF5;CD40;CDW40,N,N,N,N,N,N,N,N,N,N,N,N,N,N,N,N,N,N,N,N,N,N,N,N,N,N,N,N,N,N,N,N
NEO1;NGN;IGDCC2;NTN1R2,D,N,D,N,D,N,N,D,D,N,D,D,D,D,D,D,D,D,N,D,D,D,D,D,D,D,D,N,N,D,D,D
CDHM;MRD3;MCAD;CDH15;CDH14;CDH3,D,D,D,D,N,N,N,D,N,N,N,D,D,N,D,D,D,N,D,N,D,D,D,D,D,D,D,D,D,D,D,D
CAD4;CDH4;RCAD;R-CAD,D,D,D,D,N,N,N,D,N,N,N,D,D,N,D,D,D,N,D,N,D,D,D,D,D,D,D,D,D,D,D,D
CDHP;HJMD;PCAD;CDH3,D,D,D,D,N,N,N,D,N,N,N,D,D,N,D,D,D,N,D,N,D,D,D,D,D,D,D,D,D,D,D,D
ITGA6B;VLA-6;CD49f;ITGA6,B,B,B,N,N,N,N,N,N,N,B,N,B,N,N,N,N,N,N,N,B,N,B,N,N,B,N,B,N,N,B,B
HVEB;PVRL2;NECTIN2;CD112;PRR2;PVRR2,D,N,D,N,D,N,N,D,D,N,D,D,D,D,D,D,D,D,N,D,D,D,D,D,D,D,D,N,N,D,D,D
UVO;ECAD;CDH1;LCAM;Arc-1;CD324;CDHE,D,D,D,D,N,N,N,D,N,N,N,D,D,N,D,D,D,N,D,N,D,D,D,D,D,D,D,D,D,D,D,D
OSP;OTM;CLDN11,N,N,N,N,N,N,N,N,N,N,N,N,N,N,N,N,N,N,N,N,N,N,N,N,N,N,N,N,N,N,N,N
VCAN;PG-M;GHAP;CSPG2;WGN;WGN1;ERVR,D,D,D,D,D,D,D,D,D,N,D,D,D,D,D,D,D,D,D,D,D,D,D,D,D,D,D,D,D,D,D,D
S-MAG;SIGLEC-4A;SIGLEC4A;GMA;MAG;SPG75,D,N,D,N,D,N,N,D,D,N,D,D,D,D,D,D,D,D,N,D,D,D,D,D,D,D,D,N,N,D,D,D
CMTDID;CMT2I;CMT1B;CHM;HMSNIB;P0;MPZ;MPP;CMT4E;CMTDI3;CMT2J;DSS;CMT1,N,N,N,N,N,N,N,N,N,N,N,N,N,N,N,N,N,N,N,N,N,N,N,N,N,N,N,N,N,N,N,N
PZR;PZRb;PZRa;MPZL1;MPZL1b;PZR1b,N,N,N,N,N,N,N,N,N,N,N,N,N,N,N,N,N,N,N,N,N,N,N,N,N,N,N,N,N,N,N,N
PVRR3;PVRL3;PRR3;PPR3;CD113;NECTIN3;CDW113;NECTIN-3,D,N,D,N,D,N,N,D,D,N,D,D,D,D,D,D,D,D,N,D,D,D,D,D,D,D,D,N,N,D,D,D
NRCAML;NF;NFASC,D,N,D,N,D,D,N,D,D,N,D,D,D,D,D,D,D,D,D,D,D,D,D,D,D,D,D,D,N,D,D,D
PTHSL1;CNTNAP2;AUTS15;NRXN4;CDFE;CASPR2,D,D,D,D,D,N,N,D,D,N,D,D,D,D,D,D,D,D,D,D,D,D,D,D,D,D,D,D,D,D,D,D
CNTNAP1;CNTNAP;NRXN4;CASPR;P190,D,D,D,D,D,N,N,D,D,N,D,D,D,D,D,D,D,D,D,D,D,D,D,D,D,D,D,D,D,D,D,D
RPTPM;PTPRL1;RPTPU;R-PTP-MU;hR-PTPu;PTPRM,D,D,D,D,D,D,D,D,D,N,D,D,D,D,D,D,D,D,D,D,D,D,D,D,D,D,D,D,D,D,D,D
AXT;CNTN2;TAX1;TAG-1;TAX;FAME5,D,N,D,N,D,D,N,D,D,N,D,D,D,D,D,D,D,D,D,D,D,D,D,D,D,D,D,D,N,D,D,D
GP135;CNTN1;F3;MYPCN,D,N,D,N,D,D,N,D,D,N,D,D,D,D,D,D,D,D,D,D,D,D,D,D,D,D,D,D,N,D,D,D
NRCAM,D,D,D,N,D,D,N,D,D,N,D,D,D,D,D,D,D,D,D,D,D,D,D,D,D,D,D,D,N,D,D,D
NLGN4Y,D,D,N,N,N,N,N,D,D,N,D,N,D,D,N,N,D,D,D,D,N,D,D,D,N,D,N,D,D,D,D,D
NLGN1;NL1,D,D,N,N,N,N,N,D,D,N,D,N,D,D,N,N,D,D,D,D,N,D,D,D,N,D,N,D,D,D,D,D
NLGN3;HNL3,D,D,N,N,N,N,N,D,D,N,D,N,D,D,N,N,D,D,D,D,N,D,D,D,N,D,N,D,D,D,D,D
NLGN4;ASPGX2;AUTSX2;HLNX;HNL4X;NLGN4X,D,D,N,N,N,N,N,D,D,N,D,N,D,D,N,N,D,D,D,D,N,D,D,D,N,D,N,D,D,D,D,D
NLGN2,D,D,N,N,N,N,N,D,D,N,D,N,D,D,N,N,D,D,D,D,N,D,D,D,N,D,N,D,D,D,D,D
C14orf60;NRXN3,N,N,N,N,N,N,N,N,N,N,N,N,N,N,N,N,N,N,N,N,N,N,N,N,N,N,N,N,N,N,N,N
PTHSL2;NRXN1;Hs.22998;SCZD17,D,D,D,D,D,D,D,D,D,N,D,D,D,D,D,D,D,D,D,D,D,D,D,D,D,D,D,D,D,D,D,D
NRXN2,D,D,D,D,D,D,D,D,D,N,D,D,D,D,D,D,D,D,D,D,D,D,D,D,D,D,D,D,D,D,D,D
ITGB8,D,D,D,D,D,D,N,D,D,N,D,D,D,D,D,D,D,D,D,D,D,D,D,D,D,D,D,N,N,D,D,D
MSK8;CD51;ITGAV;VTNR;VNRA,B,B,B,N,N,N,N,N,N,N,B,N,B,N,N,N,N,N,N,N,B,N,B,N,N,B,N,B,N,N,B,B
CD138;SDC1;SYND1;SDC;syndecan,N,N,N,N,N,N,N,N,N,N,N,N,N,N,N,N,N,N,N,N,N,N,N,N,N,N,N,N,N,N,N,N
HSPG1;HSPG;SYND2;SDC2;CD362,N,N,N,N,N,N,N,N,N,N,N,N,N,N,N,N,N,N,N,N,N,N,N,N,N,N,N,N,N,N,N,N
SYND4;SDC4,N,N,N,N,N,N,N,N,N,N,N,N,N,N,N,N,N,N,N,N,N,N,N,N,N,N,N,N,N,N,N,N
SDCN;SDC3;SYND3,N,N,N,N,N,N,N,N,N,N,N,N,N,N,N,N,N,N,N,N,N,N,N,N,N,N,N,N,N,N,N,N
PTPRF;LAR;BNAH2,D,D,D,D,D,D,D,D,D,N,D,D,D,D,D,D,D,D,D,D,D,D,D,D,D,D,D,D,D,D,D,D
KILON;NEGR1;Ntra;IGLON4;DMML2433,D,N,D,N,D,N,N,D,D,N,D,D,D,D,D,D,D,D,N,D,D,D,D,D,D,D,D,N,N,D,D,D
Necl-1;NECL1;TSLL1;synCAM3;IGSF4B;CADM3;BIgR,D,N,D,N,D,N,N,D,D,N,D,D,D,D,D,D,D,D,N,D,D,D,D,D,D,D,D,N,N,D,D,D
IGSF4;sTSLC-1;IGSF4A;Necl-2;ST17;sgIGSF;synCAM1;RA175;BL2;NECL2;SYNCAM;TSLC1;CADM1,D,N,D,N,D,N,N,D,D,N,D,D,D,D,D,D,D,D,N,D,D,D,D,D,D,D,D,N,N,D,D,D
CDHN;CDw325;CD325;NCAD;CDH2,D,D,D,D,N,N,N,D,N,N,N,D,D,N,D,D,D,N,D,N,D,D,D,D,D,D,D,D,D,D,D,D
NCAM;NCAM1;MSK39;CD56,D,N,D,N,D,D,N,D,D,N,D,D,D,D,D,D,D,D,D,D,D,D,D,D,D,D,D,D,N,D,D,D
NCAM2;NCAM21,D,N,D,N,D,D,N,D,D,N,D,D,D,D,D,D,D,D,D,D,D,D,D,D,D,D,D,D,N,D,D,D
MIC5;L1CAM;SPG1;CAML1;HSAS;CD171;HSAS1;MASA;NCAM-L1;S10;N-CAM-L1;N-CAML1,D,D,D,N,D,D,D,D,D,N,D,D,D,D,D,D,D,D,D,D,D,D,D,D,D,D,D,D,N,D,D,D
PVRR;SK-12;PRR1;PVRR1;NECTIN1;HIgR;HV1S;OFC7;PRR;CD111;HVEC;nectin-1;PVRL1;ED4;CLPED1,D,N,D,N,D,N,N,D,D,N,D,D,D,D,D,D,D,D,N,D,D,D,D,D,D,D,D,N,N,D,D,D
HVED;PVR;NECL5;Necl-5;PVS;CD155;TAGE4,D,N,D,N,D,N,N,D,D,N,D,D,D,D,D,D,D,D,N,D,D,D,D,D,D,D,D,N,N,D,D,D
DNAM-1;PTA1;DNAM1;CD226;TLiSA1,D,N,D,N,D,N,N,D,D,N,D,D,D,D,D,D,D,D,N,D,D,D,D,D,D,D,D,N,N,D,D,D
LECAM2;ELAM1;CD62E;ELAM;ESEL;SELE,D,D,D,N,D,N,N,D,D,N,D,D,D,D,D,D,D,D,D,N,D,D,D,D,D,D,D,N,D,D,D,D
GLG1;MG160;CFR-1;MG-160;ESL-1,N,N,N,N,N,N,N,N,N,N,N,N,N,N,N,N,N,N,N,N,N,N,N,N,N,N,N,N,N,N,N,N
SELP;GMP140;CD62;GRMP;PSEL;CD62P;PADGEM;LECAM3,D,D,D,N,D,N,N,D,D,N,D,D,D,D,D,D,D,D,D,N,D,D,D,D,D,D,D,N,D,D,D,D
CD162;SELPLG;PSGL1;CLA;PSGL-1,N,N,N,N,N,N,N,N,N,N,N,N,N,N,N,N,N,N,N,N,N,N,N,N,N,N,N,N,N,N,N,N
CD34,N,N,N,N,N,N,N,N,N,N,N,N,N,N,N,N,N,N,N,N,N,N,N,N,N,N,N,N,N,N,N,N
SELL;LYAM1;LECAM1;TQ1;CD62L;LSEL;PLNHR;LNHR;LEU8;LAM1,B,B,B,N,N,N,N,B,B,N,B,N,B,B,N,B,B,B,B,N,B,B,B,B,N,B,B,N,N,N,B,B
MACAM1;MADCAM1,D,N,D,N,D,N,N,D,D,N,D,D,D,D,D,D,D,D,N,D,D,D,D,D,D,D,D,N,N,D,D,D
CD106;INCAM-100;VCAM1,D,N,D,N,D,N,N,D,D,N,D,D,D,D,D,D,D,D,N,D,D,D,D,D,D,D,D,N,N,D,D,D
ITGB7,D,D,D,D,D,D,N,D,D,N,D,D,D,D,D,D,D,D,D,D,D,D,D,D,D,D,D,N,N,D,D,D
ITGA9;ALPHA-RLC;RLC;ITGA4L,B,B,B,N,N,N,N,N,N,N,B,N,B,N,N,N,N,N,N,N,B,N,B,N,N,B,N,B,N,N,B,B
IA4;ITGA4;CD49D,B,B,B,N,N,N,N,N,N,N,B,N,B,N,N,N,N,N,N,N,B,N,B,N,N,B,N,B,N,N,B,B
MIC2X;CD99;HBA71;MIC2;MIC2Y;MSK5X,N,N,N,N,N,N,N,N,N,N,N,N,N,N,N,N,N,N,N,N,N,N,N,N,N,N,N,N,N,N,N,N
CD31;endoCAM;PECA1;PECAM-1;CD31/EndoCAM;PECAM1;GPIIA',D,N,D,N,D,N,N,D,D,N,D,D,D,D,D,D,D,D,N,D,D,D,D,D,D,D,D,N,N,D,D,D
LFA-3;CD58;LFA3;ag3,N,N,N,N,N,N,N,N,N,N,N,N,N,N,N,N,N,N,N,N,N,N,N,N,N,N,N,N,N,N,N,N
SRBC;LFA-2;T11;CD2,N,N,N,N,N,N,N,N,N,N,N,N,N,N,N,N,N,N,N,N,N,N,N,N,N,N,N,N,N,N,N,N
ICAM3;ICAM-R;CDW50;CD50,D,N,D,N,D,N,N,D,D,N,D,D,D,D,D,D,D,D,N,D,D,D,D,D,D,D,D,N,N,D,D,D
P3.58;BB2;CD54;ICAM1,D,N,D,N,D,N,N,D,D,N,D,D,D,D,D,D,D,D,N,D,D,D,D,D,D,D,D,N,N,D,D,D
CD102;ICAM2,D,N,D,N,D,N,N,D,D,N,D,D,D,D,D,D,D,D,N,D,D,D,D,D,D,D,D,N,N,D,D,D
VEJAM;C21orf43;PRO245;JAMB;JAM2;VE-JAM;JAM-B;CD322,D,N,D,N,D,N,N,D,D,N,D,D,D,D,D,D,D,D,N,D,D,D,D,D,D,D,D,N,N,D,D,D
JAM3;JAM-2;JAM-3;JAM-C;JAMC,D,N,D,N,D,N,N,D,D,N,D,D,D,D,D,D,D,D,N,D,D,D,D,D,D,D,D,N,N,D,D,D
MO1A;MAC1A;MAC-1;CD11B;CR3A;SLEB6;ITGAM,D,D,D,N,N,N,N,D,D,N,D,D,D,D,D,D,D,D,D,D,D,D,D,D,N,D,D,D,N,D,D,D
JAMA;JAM1;F11R;PAM-1;JAM;KAT;CD321;JCAM,D,N,D,N,D,N,N,D,D,N,D,D,D,D,D,D,D,D,N,D,D,D,D,D,D,D,D,N,N,D,D,D
IGM;TRAP;gp39;hCD40L;CD154;TNFSF5;CD40LG;IMD3;CD40L;T-BAM;HIGM1,N,N,N,N,N,N,N,N,N,N,N,N,N,N,N,N,N,N,N,N,N,N,N,N,N,N,N,N,N,N,N,N
7B4;CDH5;CD144,D,D,D,D,N,N,N,D,N,N,N,D,D,N,D,D,D,N,D,N,D,D,D,D,D,D,D,D,D,D,D,D
ESAM;W117m,D,N,D,N,D,N,N,D,D,N,D,D,D,D,D,D,D,D,N,D,D,D,D,D,D,D,D,N,N,D,D,D
PDCD1LG2;CD273;B7DC;Btdc;PD-L2;bA574F11.2;PDL2;PDCD1L2,N,N,N,N,N,N,N,N,N,N,N,N,N,N,N,N,N,N,N,N,N,N,N,N,N,N,N,N,N,N,N,N
PDCD1L1;PDL1;B7H1;PDCD1LG1;PD-L1;B7-H;CD274,N,N,N,N,N,N,N,N,N,N,N,N,N,N,N,N,N,N,N,N,N,N,N,N,N,N,N,N,N,N,N,N
hPD-1;SLEB2;hSLE1;PDCD1;PD1;hPD-l;PD-1;CD279,N,N,N,N,N,N,N,N,N,N,N,N,N,N,N,N,N,N,N,N,N,N,N,N,N,N,N,N,N,N,N,N
CD4mut;CD4,N,N,N,N,N,N,N,N,N,N,N,N,N,N,N,N,N,N,N,N,N,N,N,N,N,N,N,N,N,N,N,N
D6S222E;DMA;HLA-DMA;RING6;HLADM,N,N,N,N,N,N,N,N,N,N,N,N,N,N,N,N,N,N,N,N,N,N,N,N,N,N,N,N,N,N,N,N
RING7;D6S221E;HLA-DMB,N,N,N,N,N,N,N,N,N,N,N,N,N,N,N,N,N,N,N,N,N,N,N,N,N,N,N,N,N,N,N,N
HLADZ;HLA-DZA;HLA-DOA;HLA-DNA,N,N,N,N,N,N,N,N,N,N,N,N,N,N,N,N,N,N,N,N,N,N,N,N,N,N,N,N,N,N,N,N
DOB;HLA_DOB;HLA-DOB,N,N,N,N,N,N,N,N,N,N,N,N,N,N,N,N,N,N,N,N,N,N,N,N,N,N,N,N,N,N,N,N
HLADP;DP(W4);HLASB;DP(W3);HLA-DPA1;HLA-DP1A;PLT1,N,N,N,N,N,N,N,N,N,N,N,N,N,N,N,N,N,N,N,N,N,N,N,N,N,N,N,N,N,N,N,N
HLA-DP1B;DPB1;HLA-DPB1;HLA-DPB;HLA-DP,N,N,N,N,N,N,N,N,N,N,N,N,N,N,N,N,N,N,N,N,N,N,N,N,N,N,N,N,N,N,N,N
HLA-DQA1;HLA-DQA;DQ-A1;CELIAC1,N,N,N,N,N,N,N,N,N,N,N,N,N,N,N,N,N,N,N,N,N,N,N,N,N,N,N,N,N,N,N,N
HLA-DQA2;DX-ALPHA;HLA-DXA;HLADQA2,N,N,N,N,N,N,N,N,N,N,N,N,N,N,N,N,N,N,N,N,N,N,N,N,N,N,N,N,N,N,N,N
HLA-DQB1;HLA-DQB;IDDM1;CELIAC1,N,N,N,N,N,N,N,N,N,N,N,N,N,N,N,N,N,N,N,N,N,N,N,N,N,N,N,N,N,N,N,N
HLA-DRA;HLA-DRA1,N,N,N,N,N,N,N,N,N,N,N,N,N,N,N,N,N,N,N,N,N,N,N,N,N,N,N,N,N,N,N,N
HLA-DRB1;DRB1;HLA-DRB;SS1;HLA-DR1B,N,N,N,N,N,N,N,N,N,N,N,N,N,N,N,N,N,N,N,N,N,N,N,N,N,N,N,N,N,N,N,N
HLA-DRB3;HLA-DR3B;HLA-DR1B,N,N,N,N,N,N,N,N,N,N,N,N,N,N,N,N,N,N,N,N,N,N,N,N,N,N,N,N,N,N,N,N
DR4;HLA-DR4B;HLA-DRB4;DRB4,N,N,N,N,N,N,N,N,N,N,N,N,N,N,N,N,N,N,N,N,N,N,N,N,N,N,N,N,N,N,N,N
HLA-DRB5,N,N,N,N,N,N,N,N,N,N,N,N,N,N,N,N,N,N,N,N,N,N,N,N,N,N,N,N,N,N,N,N
B70;B7-2;B7.2;LAB72;CD86;CD28LG2,N,N,N,N,N,N,N,N,N,N,N,N,N,N,N,N,N,N,N,N,N,N,N,N,N,N,N,N,N,N,N,N
CD28LG;B7.1;BB1;B7;B7-1;CD80;CD28LG1;LAB7,N,N,N,N,N,N,N,N,N,N,N,N,N,N,N,N,N,N,N,N,N,N,N,N,N,N,N,N,N,N,N,N
Tp44;CD28,N,N,N,N,N,N,N,N,N,N,N,N,N,N,N,N,N,N,N,N,N,N,N,N,N,N,N,N,N,N,N,N
HLAA;HLA-A,N,N,N,N,N,N,N,N,N,N,N,N,N,N,N,N,N,N,N,N,N,N,N,N,N,N,N,N,N,N,N,N
AS;HLAB;HLA-B;B-4901,N,N,N,N,N,N,N,N,N,N,N,N,N,N,N,N,N,N,N,N,N,N,N,N,N,N,N,N,N,N,N,N
HLC-C;PSORS1;HLA-C;MHC;HLA-JY3;D6S204;HLAC,N,N,N,N,N,N,N,N,N,N,N,N,N,N,N,N,N,N,N,N,N,N,N,N,N,N,N,N,N,N,N,N
HLA-E;QA1;HLA-6.2,N,N,N,N,N,N,N,N,N,N,N,N,N,N,N,N,N,N,N,N,N,N,N,N,N,N,N,N,N,N,N,N
HLAF;HLA-CDA12;HLA-F;HLA-5.4;CDA12,N,N,N,N,N,N,N,N,N,N,N,N,N,N,N,N,N,N,N,N,N,N,N,N,N,N,N,N,N,N,N,N
HLA-G;MHC-G,N,N,N,N,N,N,N,N,N,N,N,N,N,N,N,N,N,N,N,N,N,N,N,N,N,N,N,N,N,N,N,N
OCLN;PTORCH1;BLCPMG;PPP1R115,N,N,N,N,N,N,N,N,N,N,N,N,N,N,N,N,N,N,N,N,N,N,N,N,N,N,N,N,N,N,N,N
CLDN21;CLDN24,N,N,N,N,N,N,N,N,N,N,N,N,N,N,N,N,N,N,N,N,N,N,N,N,N,N,N,N,N,N,N,N
CLDN16;PCLN1;HOMG3,N,N,N,N,N,N,N,N,N,N,N,N,N,N,N,N,N,N,N,N,N,N,N,N,N,N,N,N,N,N,N,N
CLDN4;hCPE-R;CPER;CPETR1;CPETR;CPE-R;WBSCR8,N,N,N,N,N,N,N,N,N,N,N,N,N,N,N,N,N,N,N,N,N,N,N,N,N,N,N,N,N,N,N,N
CPETR2;RVP1;HRVP1;CLDN3;CPE-R2;C7orf1,N,N,N,N,N,N,N,N,N,N,N,N,N,N,N,N,N,N,N,N,N,N,N,N,N,N,N,N,N,N,N,N
claudin-1;Hs.84359;CPETRL2;CEPTRL2;CLDN7;CLDN-7,N,N,N,N,N,N,N,N,N,N,N,N,N,N,N,N,N,N,N,N,N,N,N,N,N,N,N,N,N,N,N,N
CLDNL;hCG1646163;CLDN23,N,N,N,N,N,N,N,N,N,N,N,N,N,N,N,N,N,N,N,N,N,N,N,N,N,N,N,N,N,N,N,N
CLDN19;HOMG5,N,N,N,N,N,N,N,N,N,N,N,N,N,N,N,N,N,N,N,N,N,N,N,N,N,N,N,N,N,N,N,N
CLDN14;DFNB29,N,N,N,N,N,N,N,N,N,N,N,N,N,N,N,N,N,N,N,N,N,N,N,N,N,N,N,N,N,N,N,N
CLDN15,N,N,N,N,N,N,N,N,N,N,N,N,N,N,N,N,N,N,N,N,N,N,N,N,N,N,N,N,N,N,N,N
CLDN17,N,N,N,N,N,N,N,N,N,N,N,N,N,N,N,N,N,N,N,N,N,N,N,N,N,N,N,N,N,N,N,N
CLDN20,N,N,N,N,N,N,N,N,N,N,N,N,N,N,N,N,N,N,N,N,N,N,N,N,N,N,N,N,N,N,N,N
SFTPJ;SFTA5;CLDN18,N,N,N,N,N,N,N,N,N,N,N,N,N,N,N,N,N,N,N,N,N,N,N,N,N,N,N,N,N,N,N,N
CLDN21;CLDN22,N,N,N,N,N,N,N,N,N,N,N,N,N,N,N,N,N,N,N,N,N,N,N,N,N,N,N,N,N,N,N,N
CLDN25,N,N,N,N,N,N,N,N,N,N,N,N,N,N,N,N,N,N,N,N,N,N,N,N,N,N,N,N,N,N,N,N
AWAL;CPETRL1;TMVCF;CLDN5;BEC1,N,N,N,N,N,N,N,N,N,N,N,N,N,N,N,N,N,N,N,N,N,N,N,N,N,N,N,N,N,N,N,N
CPETRL3;OSP-L;OSPL;CLDN10;HELIX,N,N,N,N,N,N,N,N,N,N,N,N,N,N,N,N,N,N,N,N,N,N,N,N,N,N,N,N,N,N,N,N
CLDN8;HEL-S-79,N,N,N,N,N,N,N,N,N,N,N,N,N,N,N,N,N,N,N,N,N,N,N,N,N,N,N,N,N,N,N,N
CLDN6,N,N,N,N,N,N,N,N,N,N,N,N,N,N,N,N,N,N,N,N,N,N,N,N,N,N,N,N,N,N,N,N
CLDN2,N,N,N,N,N,N,N,N,N,N,N,N,N,N,N,N,N,N,N,N,N,N,N,N,N,N,N,N,N,N,N,N
CLDN1;CLD1;ILVASC;SEMP1,N,N,N,N,N,N,N,N,N,N,N,N,N,N,N,N,N,N,N,N,N,N,N,N,N,N,N,N,N,N,N,N
CLDN9,N,N,N,N,N,N,N,N,N,N,N,N,N,N,N,N,N,N,N,N,N,N,N,N,N,N,N,N,N,N,N,N
ICOS;CD278;CVID1;AILIM,N,N,N,N,N,N,N,N,N,N,N,N,N,N,N,N,N,N,N,N,N,N,N,N,N,N,N,N,N,N,N,N
B7-H3;B7H3;B7RP-2;4Ig-B7-H3;CD276,D,D,D,D,D,D,N,D,D,N,D,D,D,D,D,D,D,D,D,D,D,D,D,D,D,D,D,N,N,D,D,D
136,N,N,N,N,N,N,N,N,N,N,N,N,N,N,N,N,N,N,N,N,N,N,N,N,N,N,N,N,N,N,N,N
CD275;B7H2;LICOS;B7RP-1;GL50;B7-H2;ICOS-L;ICOSL;ICOSLG;B7RP1,N,N,N,N,N,N,N,N,N,N,N,N,N,N,N,N,N,N,N,N,N,N,N,N,N,N,N,N,N,N,N,N
IDDM12;CELIAC3;CD152;CD;GSE;CTLA4;GRD4;ALPS5;CTLA-4,N,N,N,N,N,N,N,N,N,N,N,N,N,N,N,N,N,N,N,N,N,N,N,N,N,N,N,N,N,N,N,N
B7S1;VCTN1;B7X;B7h.5;PRO1291;B7-H4;VTCN1;B7H4,A,A,N,A,N,A,N,A,N,N,A,A,N,A,A,A,A,N,A,A,A,N,A,N,A,A,N,N,N,A,A,A
WUCAM;VSIG9;TIGIT;VSTM3,D,N,D,N,D,N,N,D,D,N,D,D,D,D,D,D,D,D,N,D,D,D,D,D,D,D,D,N,N,D,D,D
NTNG1;Lmnt1,D,D,D,D,D,N,D,D,D,N,D,D,D,D,D,D,D,D,D,D,D,D,D,D,D,D,D,D,D,D,D,D
LHLL9381;NTNG2;Lmnt2;bA479K20.1;NTNG1,D,D,D,D,D,N,D,D,D,N,D,D,D,D,D,D,D,D,D,D,D,D,D,D,D,D,D,D,D,D,D,D
LRRC4C;NGL1;NGL-1,D,D,D,D,D,D,D,D,D,N,D,D,D,D,D,D,D,D,D,D,D,D,D,D,D,D,D,D,D,D,D,D
LRRC4;NGL-2;NAG14,D,D,D,D,D,D,D,D,D,N,D,D,D,D,D,D,D,D,D,D,D,D,D,D,D,D,D,D,D,D,D,D
LRIG4;HSM;NGL-3;LRRC4B,D,D,D,D,D,D,D,D,D,N,D,D,D,D,D,D,D,D,D,D,D,D,D,D,D,D,D,D,D,D,D,D
