aceE,B,N,N,N,B,N,N,N,B,N,N,N,N,B,B,N,N,N,N,N,N,N,N,N,N,N,N,N,N,N,B,N
ppc,B,N,B,N,N,N,B,B,B,N,B,N,B,N,B,N,B,B,N,N,N,N,N,N,N,N,B,N,N,N,B,N
pck,B,B,N,N,B,B,N,B,B,N,N,B,B,N,B,B,B,N,B,N,N,N,N,B,N,N,B,B,N,N,N,N
ppsA,N,N,N,N,N,N,N,N,N,N,N,N,N,N,N,N,N,N,N,N,N,N,N,N,N,N,N,N,N,N,N,N
pykF,D,D,D,D,D,D,D,D,D,N,D,D,D,D,D,N,D,D,D,D,D,D,D,D,D,D,D,D,D,D,D,D
pykA,D,D,D,D,D,D,D,D,D,N,D,D,D,D,D,N,D,D,D,D,D,D,D,D,D,D,D,D,D,D,D,D
aldA,D,D,D,N,D,D,D,D,D,N,D,D,D,D,D,D,D,D,D,D,D,D,D,D,D,D,D,D,D,D,D,N
gloA,N,N,N,N,N,B,N,N,N,N,B,N,N,B,N,N,N,N,N,B,N,N,N,N,N,B,N,N,N,N,N,N
ldhA,D,N,N,N,N,N,D,D,D,N,D,N,D,D,N,N,N,D,D,N,N,D,D,N,N,N,N,N,N,N,D,D
gloB,N,N,N,N,N,N,N,N,N,N,N,N,N,N,N,N,N,N,N,N,N,N,N,N,N,N,N,N,N,N,N,N
maeA,C,N,C,N,N,N,N,N,C,N,N,N,N,C,C,N,C,N,N,N,C,N,N,N,N,N,C,C,N,N,C,C
ybiW,N,N,N,N,N,N,N,N,N,N,N,N,N,N,N,N,N,N,N,N,N,N,N,N,N,N,N,N,N,N,N,N
pflB,N,N,N,N,N,N,N,N,N,N,N,N,N,N,N,N,N,N,N,N,N,N,N,N,N,N,N,N,N,N,N,N
tdcE,N,N,N,N,N,N,N,N,N,N,N,N,N,N,N,N,N,N,N,N,N,N,N,N,N,N,N,N,N,N,N,N
pflD,N,N,N,N,N,N,N,N,N,N,N,N,N,N,N,N,N,N,N,N,N,N,N,N,N,N,N,N,N,N,N,N
maeB,C,N,C,N,N,N,N,N,C,N,N,N,N,C,C,N,C,N,N,N,C,N,N,N,N,N,C,C,N,N,C,C
pfo,N,N,N,N,N,N,N,N,N,N,N,N,N,N,N,N,N,N,N,N,N,N,N,N,N,N,N,N,N,N,N,N
mdh,B,B,N,N,N,N,N,B,B,N,B,N,N,N,N,B,B,N,N,N,B,N,B,N,N,N,N,N,N,N,B,N
mqo,N,N,N,N,N,N,N,N,N,N,N,N,N,N,N,N,N,N,N,N,N,N,N,N,N,N,N,N,N,N,N,N
glcB,N,B,N,N,N,N,N,B,N,N,N,B,N,N,B,N,N,N,N,B,N,N,N,B,N,N,N,N,B,N,N,N
aceB,B,B,B,N,N,N,N,B,N,N,B,B,N,B,B,B,N,N,B,B,N,N,N,B,B,N,N,B,B,N,B,N
lldD,D,D,D,D,D,D,D,D,D,N,D,D,D,D,D,D,D,D,D,D,D,D,D,D,D,D,N,D,D,D,D,D
poxB,N,D,N,N,N,N,N,D,D,N,D,N,N,N,N,N,N,N,N,N,N,N,N,N,D,N,N,N,N,N,D,N
pta,N,N,N,N,N,N,N,N,N,N,N,N,N,N,N,N,N,N,N,N,N,N,N,N,N,N,N,N,N,N,N,N
acs,D,D,D,D,D,D,D,D,D,N,D,D,D,D,D,D,D,D,D,D,D,D,D,D,D,D,D,D,D,D,D,D
mhpF,N,N,N,N,N,N,N,N,N,N,N,N,N,N,N,N,N,N,N,N,N,N,N,N,N,N,N,N,N,N,N,N
adhE,B,N,N,N,N,B,B,B,B,N,B,N,N,N,N,B,B,N,B,N,B,N,B,N,N,N,N,N,N,N,B,N
eutE,D,N,D,N,D,D,D,D,D,N,D,D,N,N,D,D,D,D,N,N,D,D,D,D,D,D,N,N,N,D,D,N
atoB,D,N,D,N,D,D,D,N,D,N,D,D,D,D,D,N,D,D,D,N,D,D,D,N,D,D,N,D,N,D,D,N
yqeF,D,N,D,N,D,D,D,N,D,N,D,D,D,D,D,N,D,D,D,N,D,D,D,N,D,D,N,D,N,D,D,N
leuA,N,N,B,N,N,N,B,B,B,N,B,N,N,N,N,N,B,B,N,B,B,N,N,N,N,B,N,B,N,N,B,N
accA,N,N,C,N,C,N,N,C,C,N,N,N,N,C,C,C,N,N,C,N,C,N,C,C,C,C,C,C,C,N,C,C
accD,N,D,N,N,N,D,D,N,N,N,N,D,N,D,N,D,D,D,D,D,N,D,N,D,D,N,D,D,N,D,N,N
accB,N,N,B,N,N,N,N,B,B,N,N,N,N,N,N,N,B,B,N,B,B,N,N,N,N,N,N,B,N,N,B,N
accC,N,D,D,N,N,D,D,D,D,N,N,D,N,D,N,D,D,D,D,D,D,D,N,D,D,N,D,D,N,D,D,N
ghrA,D,N,N,N,N,N,D,D,D,N,D,N,D,D,N,N,N,D,D,N,N,D,N,N,N,N,N,N,N,N,N,D
ghrB,D,N,N,N,N,N,D,D,D,N,D,N,D,D,N,N,N,D,D,N,N,D,D,N,N,N,N,N,N,N,D,D
aceF,D,D,D,D,D,D,D,D,D,N,D,D,D,D,D,D,D,D,D,D,D,D,D,D,D,D,D,D,D,D,D,D
lpd,B,N,N,N,N,N,N,N,N,N,B,N,N,B,N,N,N,N,N,N,N,B,N,N,B,N,N,N,N,N,N,N
ackA,N,N,N,N,N,N,N,N,N,N,N,N,N,N,N,N,N,N,N,N,N,N,N,N,N,N,N,N,N,N,N,N
yccX,N,N,N,N,N,N,N,N,N,N,N,N,N,N,N,N,N,N,N,N,N,N,N,N,N,N,N,N,N,N,N,N
eutD,N,N,N,N,N,N,N,N,N,N,N,N,N,N,N,N,N,N,N,N,N,N,N,N,N,N,N,N,N,N,N,N
hchA,N,N,N,N,N,N,N,N,N,N,N,N,N,N,N,N,N,N,N,N,N,N,N,N,N,N,N,N,N,N,N,N
fumC,N,N,N,N,N,N,N,N,N,N,N,N,N,N,N,N,N,N,N,N,N,N,N,N,N,N,N,N,N,N,N,N
fumA,D,N,D,N,D,N,N,D,N,N,N,N,D,N,N,D,D,D,N,D,N,N,N,N,N,N,D,N,N,N,N,D
fumB,D,N,D,N,D,N,N,D,N,N,N,N,D,N,N,D,D,D,N,D,N,N,N,N,N,N,D,N,N,N,N,D
frdD,N,N,N,N,N,N,N,N,N,N,N,N,N,N,N,N,N,N,N,N,N,N,N,N,N,N,N,N,N,N,N,N
frdC,N,N,N,N,N,N,N,N,N,N,N,N,N,N,N,N,N,N,N,N,N,N,N,N,N,N,N,N,N,N,N,N
frdB,N,N,N,N,D,D,N,D,N,N,N,N,N,D,N,N,D,D,N,D,N,D,N,N,N,N,D,N,N,N,N,N
frdA,D,D,D,D,D,D,D,D,D,N,D,D,D,D,D,D,D,D,D,D,D,D,D,D,D,D,N,D,D,D,D,D
aldB,D,D,D,N,D,D,D,D,D,N,D,D,D,D,D,D,D,D,D,D,D,D,D,D,D,D,D,D,D,D,D,N
dld,N,N,N,N,N,N,N,N,N,N,N,N,N,N,N,N,N,N,N,N,N,N,N,N,N,N,N,N,N,N,N,N
