PHCA;ACER3;APHC,N,A,N,N,N,N,N,N,A,N,N,N,N,A,N,N,N,N,A,N,N,N,N,N,A,N,N,N,N,N,A,A
SPP2;SPPase2;SGPP2,N,B,N,N,N,B,N,N,N,N,B,N,N,N,N,N,N,N,N,N,N,B,N,B,N,N,N,N,N,B,N,N
SGPP1;SPPase1,N,B,N,N,N,B,N,N,N,N,B,N,N,N,N,N,N,N,N,N,N,B,N,B,N,N,N,N,N,B,N,N
PHP32;PHP;ACDase;ASAH1;ASAH;AC;SMAPME,N,N,N,N,N,N,N,N,N,N,N,N,N,N,N,N,N,N,N,N,N,N,N,N,N,N,N,N,N,N,N,N
HNAC1;ASAH2;N-CDase;BCDase;LCDase;NCDase,N,N,A,N,N,N,N,A,N,N,N,N,A,N,N,N,N,N,N,N,A,N,N,N,N,N,N,N,N,N,A,N
LAG1;EPM8;CERS1;UOG1;LASS1,N,A,N,A,N,N,N,A,N,N,A,N,N,N,A,N,N,A,N,N,A,N,A,N,N,A,N,N,A,N,A,N
CERS3;ARCI9;LASS3,N,A,N,A,N,N,N,A,N,N,A,N,N,N,A,N,N,A,N,N,A,N,A,N,N,A,N,N,A,N,A,N
CERS5;CERS6;LASS6,N,A,N,A,N,N,N,A,N,N,A,N,N,N,A,N,N,A,N,N,A,N,A,N,N,A,N,N,A,N,A,N
CERS2;LASS2;L3;SP260;TMSG1,N,A,N,A,N,N,N,A,N,N,A,N,N,N,A,N,N,A,N,N,A,N,A,N,N,A,N,N,A,N,A,N
Trh1;LASS4;CERS4,N,A,N,A,N,N,N,A,N,N,A,N,N,N,A,N,N,A,N,N,A,N,A,N,N,A,N,N,A,N,A,N
CERS5;Trh4;LASS5,N,A,N,A,N,N,N,A,N,N,A,N,N,N,A,N,N,A,N,N,A,N,A,N,N,A,N,N,A,N,A,N
C14orf66;FADS8;DEGS2;DES2,B,B,B,N,B,N,B,N,B,N,B,B,N,B,B,N,B,N,N,B,B,B,N,B,N,B,N,N,N,N,B,N
MIG15;DES1;FADS7;Des-1;DEGS1;DEGS;MLD;DEGS-1,B,B,B,N,B,N,B,N,B,N,B,B,N,B,B,N,B,N,N,B,B,B,N,B,N,B,N,N,N,N,B,N
ALK-SMase;E-NPP_7;NPP-7;NPP7;ENPP7,B,N,N,N,N,N,N,N,B,N,N,N,N,N,B,B,N,N,B,N,N,N,B,N,N,B,N,N,N,N,N,N
SMPD3;NSMASE2,N,N,N,N,N,N,N,N,N,N,N,N,N,N,N,N,N,N,N,N,N,N,N,N,N,N,N,N,N,N,N,N
NSMASE3;SMPD4;NSMASE-3;NET13,N,N,N,N,N,N,N,N,N,N,N,N,N,N,N,N,N,N,N,N,N,N,N,N,N,N,N,N,N,N,N,N
SMPD1;ASMASE;NPD;ASM,N,N,N,N,N,N,N,N,N,N,N,N,N,N,N,N,N,N,N,N,N,N,N,N,N,N,N,N,N,N,N,N
NSMASE1;NSMASE;ISC1;SMPD2,N,N,N,A,N,A,N,N,N,N,N,N,N,N,N,N,N,N,A,N,N,N,A,A,N,N,N,N,A,N,A,N
hCERK;dA59H18.3;LK4;CERK;dA59H18.2,B,N,B,N,B,N,N,B,B,N,B,N,N,B,B,N,N,N,N,N,B,B,B,N,N,B,N,N,N,N,B,N
PPAP2A;PAP-2a;PAP2;LPP1;PLPP1;LLP1a,D,D,N,N,D,D,N,D,D,N,D,D,N,D,N,N,N,D,D,N,N,N,N,D,N,D,N,N,N,N,D,N
LPP2;PAP-2c;PAP2-g;PPAP2C;PLPP2,D,D,N,N,D,D,N,D,D,N,D,D,N,D,N,N,N,D,D,N,N,N,N,D,N,D,N,N,N,N,D,N
VCIP;PLPP3;LPP3;PPAP2B;PAP2B;Dri42,D,D,N,N,D,D,N,D,D,N,D,D,N,D,N,N,N,D,D,N,N,N,N,D,N,D,N,N,N,N,D,N
LBC1;SPT1;LCB1;HSAN1;HSN1;SPTLC1;SPTI,D,D,D,D,D,D,D,D,D,N,D,D,D,D,N,D,D,D,D,D,D,D,N,D,D,D,N,D,D,D,D,D
SPT3;hLCB2b;SPT_3;SPTLC2L;LCB3;SPTLC3;dJ718P11;LCB_3;LCB2B;dJ718P11.1;C20orf38,D,D,D,D,D,D,D,D,D,N,D,D,D,D,N,D,D,D,D,D,D,D,N,D,D,D,N,D,D,D,D,D
HSN1C;NSAN1C;SPTLC2;SPT2;LCB2A;LCB2;hLCB2a,D,D,D,D,D,D,D,D,D,N,D,D,D,D,N,D,D,D,D,D,D,D,N,D,D,D,N,D,D,D,D,D
SDR35C1;DHSR;FVT1;EKVP4;KDSR,D,D,D,D,D,D,D,D,D,N,D,D,D,D,D,D,D,D,D,D,D,D,D,D,D,D,D,D,D,D,D,D
CST;GAL3ST1,N,N,N,N,N,N,N,N,N,N,N,N,N,N,N,N,N,N,N,N,N,N,N,N,N,N,N,N,N,N,N,N
GLA;GALA,N,A,A,A,N,N,N,N,A,N,A,A,N,A,N,N,A,N,N,N,N,N,N,N,N,A,N,A,N,N,A,N
SIAL3;NEU3,N,N,N,N,N,N,N,N,N,N,N,N,N,N,N,N,N,N,N,N,N,N,N,N,N,N,N,N,N,N,N,N
NEU4,N,N,N,N,N,N,N,N,N,N,N,N,N,N,N,N,N,N,N,N,N,N,N,N,N,N,N,N,N,N,N,N
NANH;SIAL1;NEU1;NEU,N,N,N,N,N,N,N,N,N,N,N,N,N,N,N,N,N,N,N,N,N,N,N,N,N,N,N,N,N,N,N,N
SIAL2;NEU2,N,N,N,N,N,N,N,N,N,N,N,N,N,N,N,N,N,N,N,N,N,N,N,N,N,N,N,N,N,N,N,N
UGT8;UGT4;CGT,N,A,N,N,N,N,N,N,A,N,A,A,N,N,N,N,N,N,N,A,N,N,N,N,N,N,N,N,N,N,A,A
ELNR1;MPS4B;EBP;GLB1,B,N,N,N,N,N,N,N,B,N,B,N,N,N,N,N,B,N,B,N,N,B,N,N,N,B,B,N,N,N,B,N
GCB;GBA1;GBA;GLUC,B,B,B,N,B,N,B,B,B,N,B,B,B,B,B,B,B,B,B,B,B,B,B,B,B,B,N,B,B,N,B,B
AD035;NLGase;GBA2;SPG46,D,N,N,N,N,N,N,N,D,N,N,N,N,N,N,N,N,N,N,D,N,D,N,N,N,N,N,N,N,N,D,N
UGCG;GCS;GLCT1,N,N,N,N,N,N,N,N,N,N,N,N,N,N,N,N,N,N,N,N,N,N,N,N,N,N,N,N,N,N,N,N
ACER1;ASAH3;ALKCDase1,N,A,N,N,N,N,N,N,A,N,N,N,N,A,N,N,N,N,A,N,N,N,N,N,A,N,N,N,N,N,A,A
ACER2;ASAH3L;ALKCDase2,N,A,N,N,N,N,N,N,A,N,N,N,N,A,N,N,N,N,A,N,N,N,N,N,A,N,N,N,N,N,A,A
SPK_2;SPHK2;SK_2;SPK-2;SK-2,B,N,B,N,B,N,N,B,B,N,B,N,N,B,B,N,N,N,N,N,B,B,B,N,N,B,N,N,N,N,B,N
SPHK1;SPHK,B,N,B,N,B,N,N,B,B,N,B,N,N,B,B,N,N,N,N,N,B,B,B,N,N,B,N,N,N,N,B,N
S1PL;SGPL1;SPL;NPHS14,N,N,N,N,N,N,N,N,N,N,N,N,N,N,N,N,N,N,N,N,N,N,N,N,N,N,N,N,N,N,N,N
GALC,N,N,N,N,N,N,N,N,N,N,N,N,N,N,N,N,N,N,N,N,N,N,N,N,N,N,N,N,N,N,N,N
ARSA;MLD,N,N,N,N,N,N,N,N,N,N,N,N,N,N,N,N,N,N,N,N,N,N,N,N,N,N,N,N,N,N,N,N
B4GALT6;beta4Gal-T6;B4Gal-T6,N,N,N,N,N,N,N,N,N,N,N,N,N,N,N,N,N,N,N,N,N,N,N,N,N,N,N,N,N,N,N,N
SGMS2;SMS2,N,N,A,N,A,N,N,N,N,N,N,N,N,N,N,N,A,N,N,A,N,N,N,N,N,A,A,N,N,N,N,N
MOB;SMS1;hmob33;TMEM23;MOB1;SGMS1,N,N,A,N,A,N,N,N,N,N,N,N,N,N,N,N,A,N,N,A,N,N,N,N,N,A,A,N,N,N,N,N
