NORE1;Maxp1;RASSF5;RASSF3;RAPL;NORE1A;NORE1B,N,N,N,N,N,N,N,N,N,N,N,N,N,N,N,N,N,N,N,N,N,N,N,N,N,N,N,N,N,N,N,N
PPP1A;PP1A;PP-1A;PP1alpha;PPP1CA,D,D,D,D,D,D,D,D,D,N,D,D,D,D,D,D,D,D,D,D,D,D,D,D,D,D,D,D,D,D,D,D
PPP1CD;PPP1CB;PP1B;NSLH2;PP1beta;PP-1B;HEL-S-80p,D,D,D,D,D,D,D,D,D,N,D,D,D,D,D,D,D,D,D,D,D,D,D,D,D,D,D,D,D,D,D,D
PPP1G;PP1C;PPP1CC;PP-1G,D,D,D,D,D,D,D,D,D,N,D,D,D,D,D,D,D,D,D,D,D,D,D,D,D,D,D,D,D,D,D,D
MRTL;MYC;bHLHe39;MYCC;c-Myc,N,N,N,N,N,N,N,N,N,N,N,N,N,N,N,N,N,N,N,N,N,N,N,N,N,N,N,N,N,N,N,N
FIST3;HIPK3;DYRK6;PKY;YAK1,D,D,D,D,D,D,D,D,D,D,D,D,D,D,D,D,D,D,D,D,D,D,D,D,D,D,D,D,D,D,D,D
HIPK4,D,D,D,D,D,D,D,D,D,D,D,D,D,D,D,D,D,D,D,D,D,D,D,D,D,D,D,D,D,D,D,D
Myak;HIPK1;Nbak2,D,D,D,D,D,D,D,D,D,D,D,D,D,D,D,D,D,D,D,D,D,D,D,D,D,D,D,D,D,D,D,D
HIPK2;PRO0593,D,D,D,D,D,D,D,D,D,D,D,D,D,D,D,D,D,D,D,D,D,D,D,D,D,D,D,D,D,D,D,D
CMM2;CDKN2A;P14;INK4;P16INK4;ARF;TP16;MLM;MTS-1;P16-INK4A;P16INK4A;P19;P14ARF;MTS1;INK4A;CDKN2;CDK4I;P16;P19ARF,D,D,D,D,D,D,D,D,D,N,D,D,D,D,D,D,D,D,D,D,D,D,D,D,D,D,D,D,D,D,D,D
hdm2;ACTFS;HDMX;MDM2,D,D,D,D,D,D,D,D,D,N,D,D,D,D,D,D,D,D,D,D,D,D,D,D,D,D,D,D,D,D,D,D
BCC7;LFS1;TP53;P53;TRP53,N,N,N,N,N,N,N,N,N,N,N,N,N,N,N,N,N,N,N,N,N,N,N,N,N,N,N,N,N,N,N,N
MCM;CWS5;PIK3CA;MCAP;CLOVE;PI3K-alpha;MCMTC;PI3K;p110-alpha,B,B,B,B,B,B,B,B,B,N,B,B,B,B,B,B,B,B,B,B,B,B,B,B,B,B,B,B,B,B,B,B
P110BETA;PI3KBETA;PIK3C1;PIK3CB;PI3K,B,B,B,B,B,B,B,B,B,B,B,B,B,B,B,B,B,B,B,B,B,B,B,B,B,B,B,B,B,B,B,B
APDS;PIK3CD;IMD14;p110D;PI3K;P110DELTA,B,B,B,B,B,B,B,B,B,N,B,B,B,B,B,B,B,B,B,B,B,B,B,B,B,B,B,B,B,B,B,B
GRB1;IMD36;p85;AGM7;p85-ALPHA;PIK3R1,A,A,A,N,N,N,N,A,A,N,A,A,N,A,A,A,N,N,A,N,A,A,A,A,A,A,A,A,A,A,A,A
PIK3R2;p85;MPPH;p85-BETA;MPPH1;P85B,N,N,N,N,N,N,N,N,N,N,N,N,N,N,N,N,N,N,N,N,N,N,N,N,N,N,N,N,N,N,N,N
p55PIK;p55;PIK3R3;p55-GAMMA,N,N,N,N,N,N,N,N,N,N,N,N,N,N,N,N,N,N,N,N,N,N,N,N,N,N,N,N,N,N,N,N
PKB-GAMMA;STK-2;MPPH2;MPPH;RAC-gamma;RAC-PK-gamma;PRKBG;AKT3;PKBG,D,D,D,D,D,D,D,D,D,D,D,D,D,D,D,D,D,D,D,D,D,D,D,D,D,D,D,D,D,D,D,D
RAC-ALPHA;RAC;PKB-ALPHA;AKT;PRKBA;CWS6;AKT1;PKB,D,D,D,D,D,D,D,D,D,D,D,D,D,D,D,D,D,D,D,D,D,D,D,D,D,D,D,D,D,D,D,D
PKBB;PRKBB;AKT2;PKBBETA;HIHGHH;RAC-BETA,D,D,D,D,D,D,D,D,D,D,D,D,D,D,D,D,D,D,D,D,D,D,D,D,D,D,D,D,D,D,D,D
LAM;TSC1;TSC,N,N,N,N,N,N,N,N,N,N,N,N,N,N,N,N,N,N,N,N,N,N,N,N,N,N,N,N,N,N,N,N
LAM;PPP1R160;TSC4;TSC2,D,D,D,D,D,D,D,D,D,N,D,D,D,D,D,D,D,D,D,D,D,D,D,D,D,D,D,D,D,D,D,D
RHEB;RHEB2,D,D,D,D,D,D,D,D,D,D,D,D,D,D,D,D,D,D,D,D,D,D,D,D,D,D,D,D,D,D,D,D
MTOR;RAFT1;FRAP2;FRAP1;SKS;RAPT1;FRAP,B,B,B,B,B,B,B,B,B,B,B,B,B,B,B,B,B,B,B,B,B,B,B,B,B,B,B,B,B,B,B,B
FKHRL1P2;FOXO2;FOXO3;FKHRL1;AF6q21;FOXO3A,N,N,N,N,N,N,N,N,N,N,N,N,N,N,N,N,N,N,N,N,N,N,N,N,N,N,N,N,N,N,N,N
SIR2;SIR2alpha;SIR2L1;SIRT1,D,N,D,N,N,N,N,N,D,N,D,N,D,N,N,N,N,N,N,D,N,N,N,N,N,N,N,N,D,N,D,D
TC21;RRAS2,D,D,D,D,D,D,D,D,D,D,D,D,D,D,D,D,D,D,D,D,D,D,D,D,D,D,D,D,D,D,D,D
RRAS3;R-RAS3;M-RAs;MRAS,D,D,D,D,D,D,D,D,D,D,D,D,D,D,D,D,D,D,D,D,D,D,D,D,D,D,D,D,D,D,D,D
C-H-RAS;HAMSV;H-RASIDX;RASH1;C-HA-RAS1;p21ras;C-BAS/HAS;HRAS1;CTLO;HRAS,D,D,D,D,D,D,D,D,D,D,D,D,D,D,D,D,D,D,D,D,D,D,D,D,D,D,D,D,D,D,D,D
K-RAS4B;KI-RAS;K-RAS4A;NS;c-Ki-ras2;KRAS1;C-K-RAS;NS3;RALD;KRAS2;K-RAS2A;RASK2;CFC2;KRAS;K-RAS2B;K-Ras,D,D,D,D,D,D,D,D,D,D,D,D,D,D,D,D,D,D,D,D,D,D,D,D,D,D,D,D,D,D,D,D
CMNS;ALPS4;NRAS1;NS6;N-ras;NCMS;NRAS,D,D,D,D,D,D,D,D,D,D,D,D,D,D,D,D,D,D,D,D,D,D,D,D,D,D,D,D,D,D,D,D
R-Ras;RRAS,D,D,D,D,D,D,D,D,D,D,D,D,D,D,D,D,D,D,D,D,D,D,D,D,D,D,D,D,D,D,D,D
MKK1;PRKMK1;MEK1;CFC3;MAPKK1;MAP2K1,D,D,D,D,D,D,D,D,D,D,D,D,D,D,D,D,D,D,D,D,D,D,D,D,D,D,D,D,D,D,D,D
MAPKK2;PRKMK2;MEK2;MAP2K2;CFC4;MKK2,D,D,D,D,D,D,D,D,D,D,D,D,D,D,D,D,D,D,D,D,D,D,D,D,D,D,D,D,D,D,D,D
EWSR2;ETS-1;c-ets-1;p54;ETS1,N,N,N,N,N,N,N,N,N,N,N,N,N,N,N,N,N,N,N,N,N,N,N,N,N,N,N,N,N,N,N,N
RAF1;NS5;CMD1NN;Raf-1;CRAF;c-Raf,D,D,D,D,D,D,D,D,D,N,D,D,D,D,D,D,D,D,D,D,D,D,D,D,D,D,D,D,D,D,D,D
PSK-J3;CDK4;CMM3,D,D,D,D,D,D,D,D,D,D,D,D,D,D,D,D,D,D,D,D,D,D,D,D,D,D,D,D,D,D,D,D
CDK6;MCPH12;PLSTIRE,D,D,D,D,D,D,D,D,D,D,D,D,D,D,D,D,D,D,D,D,D,D,D,D,D,D,D,D,D,D,D,D
D11S287E;PRAD1;BCL1;CCND1;U21B31,A,A,A,A,A,A,N,A,A,N,A,A,A,A,A,A,A,A,N,A,A,A,A,A,A,A,A,A,A,A,A,A
MPPH3;KIAK0002;CCND2,A,A,A,A,A,A,N,A,A,N,A,A,A,A,A,A,A,A,N,A,A,A,A,A,A,A,A,A,A,A,A,A
CCND3,A,A,A,A,A,A,N,A,A,N,A,A,A,A,A,A,A,A,N,A,A,A,A,A,A,A,A,A,A,A,A,A
MAPK1;ERK;PRKM1;p41mapk;p42-MAPK;p41;MAPK2;p40;p38;ERK-2;ERK2;ERT1;PRKM2;P42MAPK,D,D,D,D,D,D,D,D,D,D,D,D,D,D,D,D,D,D,D,D,D,D,D,D,D,D,D,D,D,D,D,D
PRKM3;HS44KDAP;ERT2;P44ERK1;ERK-1;HUMKER1A;p44-MAPK;ERK1;p44-ERK1;P44MAPK;MAPK3,D,D,D,D,D,D,D,D,D,D,D,D,D,D,D,D,D,D,D,D,D,D,D,D,D,D,D,D,D,D,D,D
CDKN1A;CDKN1;P21;WAF1;CIP1;MDA-6;p21CIP1;CAP20;SDI1,D,N,N,N,D,D,D,D,D,N,D,N,D,D,N,N,N,D,D,D,D,D,D,D,N,D,D,D,N,D,D,D
CDKN2;CDK2;p33(CDK2),D,D,D,D,D,D,D,D,D,D,D,D,D,D,D,D,D,D,D,D,D,D,D,D,D,D,D,D,D,D,D,D
pCCNE1;CCNE1;CCNE,A,A,A,A,A,A,A,A,A,N,A,A,A,A,A,A,A,A,N,A,A,A,A,A,A,A,A,A,A,A,A,A
CYCE2;CCNE2,A,A,A,A,A,A,A,A,A,N,A,A,A,A,A,A,A,A,N,A,A,A,A,A,A,A,A,A,A,A,A,A
OSRC;pRb;p105-Rb;pp110;PPP1R130;RB1;RB,N,A,N,N,N,A,N,N,N,N,N,N,N,N,N,N,N,A,N,N,A,N,N,N,N,N,N,N,N,N,A,A
PRB1;RBL1;p107;CP107,N,A,N,N,N,A,N,N,N,N,N,N,N,N,N,N,N,A,N,N,A,N,N,N,N,N,N,N,N,N,A,A
Rb2;RBL2;P130,N,A,N,N,N,A,N,N,N,N,N,N,N,N,N,N,N,A,N,N,A,N,N,N,N,N,N,N,N,N,A,A
E2F-1;RBAP1;E2F1;RBP3;RBBP3,A,A,N,N,N,A,N,A,A,N,A,N,A,A,N,N,N,A,A,A,A,N,N,N,N,N,A,N,A,A,A,A
E2F2;E2F-2,A,A,N,N,N,A,N,A,A,N,A,N,A,A,N,N,N,A,A,A,A,N,N,N,N,N,A,N,A,A,A,A
E2F3;E2F-3,A,A,N,N,N,A,N,A,A,N,A,N,A,A,N,N,N,A,A,A,A,N,N,N,N,N,A,N,A,A,A,A
E2F4;E2F-4,A,A,N,N,N,A,N,A,A,N,A,N,A,A,N,N,N,A,A,A,A,N,N,N,N,N,A,N,A,A,A,A
E2F5;E2F-5,A,A,N,N,N,A,N,A,A,N,A,N,A,A,N,N,N,A,A,A,A,N,N,N,N,N,A,N,A,A,A,A
p38ALPHA;RK;CSBP;PRKM14;PRKM15;CSBP2;MAPK14;CSPB1;EXIP;Mxi2;SAPK2A;p38;CSBP1,D,D,D,D,D,D,D,D,D,D,D,D,D,D,D,D,D,D,D,D,D,D,D,D,D,D,D,D,D,D,D,D
MAPK11;P38B;P38BETA2;SAPK2B;p38-2;PRKM11;p38Beta;SAPK2,D,D,D,D,D,D,D,D,D,D,D,D,D,D,D,D,D,D,D,D,D,D,D,D,D,D,D,D,D,D,D,D
p38delta;MAPK_13;MAPK-13;SAPK4;PRKM13;MAPK13,D,D,D,D,D,D,D,D,D,D,D,D,D,D,D,D,D,D,D,D,D,D,D,D,D,D,D,D,D,D,D,D
P38GAMMA;SAPK-3;MAPK12;PRKM12;ERK3;ERK-6;MAPK_12;ERK6;SAPK3,D,D,D,D,D,D,D,D,D,D,D,D,D,D,D,D,D,D,D,D,D,D,D,D,D,D,D,D,D,D,D,D
MEK3;SAPKK-2;MAP2K3;PRKMK3;SAPKK2;MKK3;MAPKK3,D,D,D,D,D,D,D,D,D,D,D,D,D,D,D,D,D,D,D,D,D,D,D,D,D,D,D,D,D,D,D,D
MAPKK6;MKK6;SAPKK-3;SAPKK3;PRKMK6;MAP2K6;MEK6,D,D,D,D,D,D,D,D,D,D,D,D,D,D,D,D,D,D,D,D,D,D,D,D,D,D,D,D,D,D,D,D
CCNA;CCN1;CCNA2,A,A,A,A,A,A,A,A,A,N,A,A,A,A,A,A,A,A,N,A,A,A,A,A,A,A,A,A,A,A,A,A
CT146;CCNA1,A,A,A,A,A,A,A,A,A,N,A,A,A,A,A,A,A,A,N,A,A,A,A,A,A,A,A,A,A,A,A,A
B-MYB;MYBL2;BMYB,D,D,D,D,D,D,D,D,D,D,D,D,D,D,D,D,D,D,D,D,D,D,D,D,D,D,D,D,D,D,D,D
INS-1;MPHOSPH2;HFH11;FKHL16;MPP2;HNF-3;HFH-11;FOXM1B;FOXM1;PIG29;MPP-2;TRIDENT,N,N,N,N,N,N,N,N,N,N,N,N,N,N,N,N,N,N,N,N,N,N,N,N,N,N,N,N,N,N,N,N
TCX1;LIN54;JC8.6;CXCDC1;MIP120,N,A,A,N,N,A,A,A,A,N,A,A,N,A,A,N,N,A,A,A,A,A,N,N,N,A,A,N,N,A,A,A
TGS2;TGS;Lin-9;BARPsv;LIN9;TGS1;BARA,N,A,A,N,N,N,N,N,A,N,A,N,N,A,N,N,N,N,N,N,A,A,N,N,N,N,N,N,N,N,N,N
LIN37;F25965;lin-37;ZK418.4,N,N,N,N,N,N,N,N,N,N,N,N,N,N,N,N,N,N,N,N,N,N,N,N,N,N,N,N,N,N,N,N
RBBP4;RBAP48;NURF55;lin-53,D,D,D,D,D,D,D,D,D,D,D,D,D,D,D,D,D,D,D,D,D,D,D,D,D,D,D,D,D,D,D,D
c14_5549;LIN52;C14orf46,N,N,N,N,N,N,N,N,N,N,N,N,N,N,N,N,N,N,N,N,N,N,N,N,N,N,N,N,N,N,N,N
AT1;ATA;ATDC;ATC;ATE;ATM;TEL1;ATD;TELO1,B,B,B,B,B,B,N,B,B,B,B,B,B,B,B,B,B,B,B,B,B,B,B,B,B,B,B,B,B,B,B,B
HuCds1;LFS2;CDS1;CHK2;CHEK2;hCds1;RAD53;PP1425,D,D,D,D,D,D,D,D,D,D,D,D,D,D,D,D,D,D,D,D,D,D,D,D,D,D,D,D,D,D,D,D
ATLD;MRE11A;HNGS1;MRE11;MRE11B,N,N,N,N,N,N,N,N,N,N,N,N,N,N,N,N,N,N,N,N,N,N,N,N,N,N,N,N,N,N,N,N
NBSLD;hRad50;RAD502;RAD50,D,D,D,D,D,D,D,D,D,N,D,D,D,D,D,D,D,D,D,D,D,D,D,D,D,D,D,D,D,D,D,D
P95;AT-V2;ATV;AT-V1;NBS1;NBS;NBN,N,N,N,N,A,N,A,N,N,N,N,A,N,N,N,N,N,N,N,N,N,N,N,N,N,N,N,A,N,N,A,A
DDIT2;GRP17;GADD45gamma;CR6;GADD45G,C,N,C,N,N,N,N,C,N,N,C,N,N,N,N,N,N,N,N,N,C,N,N,C,C,N,N,C,C,N,C,N
DDIT1;GADD45;GADD45A,C,N,C,N,N,N,N,C,N,N,C,N,N,N,N,N,N,N,N,N,C,N,N,C,C,N,N,C,C,N,C,N
GADD45B;MYD118;GADD45BETA,C,N,C,N,N,N,N,C,N,N,C,N,N,N,N,N,N,N,N,N,C,N,N,C,C,N,N,C,C,N,C,N
FRP1;SCKL1;MEC1;SCKL;ATR;FCTCS,C,C,C,C,C,C,C,C,C,C,C,C,C,C,C,C,C,C,C,C,C,C,C,C,C,C,C,C,C,C,C,C
CDC25A2;CDC25A,N,N,A,N,N,N,N,A,N,N,N,N,A,N,N,N,A,N,N,N,N,N,A,N,N,N,N,N,N,N,N,N
CHEK1;CHK1,D,D,D,D,D,D,D,D,D,D,D,D,D,D,D,D,D,D,D,D,D,D,D,D,D,D,D,D,D,D,D,D
RAD9B,A,N,N,N,N,N,N,A,A,N,A,A,A,N,N,N,N,N,N,N,N,N,N,A,N,A,N,N,N,N,A,N
RAD9A;RAD9,A,N,N,N,N,N,N,A,A,N,A,A,A,N,N,N,N,N,N,N,N,N,N,A,N,A,N,N,N,N,A,N
REC1;RAD1;HRAD1,N,A,A,N,N,N,N,A,A,N,A,N,A,N,N,N,N,A,A,N,A,N,N,N,A,N,A,N,N,N,A,A
HUS1;hHUS1,N,N,N,N,N,N,N,N,N,N,N,N,N,N,N,N,N,N,N,N,N,N,N,N,N,N,N,N,N,N,N,N
CDC2;CDK1;P34CDC2;CDC28A,D,D,D,D,D,D,D,D,D,D,D,D,D,D,D,D,D,D,D,D,D,D,D,D,D,D,D,D,D,D,D,D
CCNB3,A,A,A,A,A,A,A,A,A,N,A,A,A,A,A,A,A,A,N,A,A,A,A,A,A,A,A,A,A,A,A,A
CCNB;CCNB1,A,A,A,A,A,A,A,A,A,N,A,A,A,A,A,A,A,A,N,A,A,A,A,A,A,A,A,A,A,A,A,A
CCNB2;HsT17299,A,A,A,A,A,A,A,A,A,N,A,A,A,A,A,A,A,A,N,A,A,A,A,A,A,A,A,A,A,A,A,A
p50;NF-kappaB;NFKB-p50;EBP-1;NF-kB1;NF-kappa-B;NFKB1;p105;NFKB-p105;KBF1;CVID12;NFkappaB,D,D,D,D,D,D,D,D,D,D,D,D,D,D,D,D,D,D,D,D,D,D,D,D,D,D,D,D,D,D,D,D
NFKB3;RELA;p65,D,D,D,D,D,D,D,D,D,N,D,D,D,D,D,D,D,D,D,D,D,D,D,D,D,D,D,D,D,D,D,D
C6orf6;PSORS13;C6orf2;CIKS;ACT1;C6orf5;TRAF3IP2;CANDF8;C6orf4,N,N,N,N,N,N,N,N,N,N,N,N,N,N,N,N,N,N,N,N,N,N,N,N,N,N,N,N,N,N,N,N
VSD1;GATA4;TACHD;ASD2;TOF,N,N,N,N,N,N,N,N,N,N,N,N,N,N,N,N,N,N,N,N,N,N,N,N,N,N,N,N,N,N,N,N
NADGP;p62B;p60;A170;FTDALS3;PDB3;p62;ZIP3;SQSTM1;DMRV;OSIL,N,N,N,N,N,N,N,N,N,N,N,N,N,N,N,N,N,N,N,N,N,N,N,N,N,N,N,N,N,N,N,N
MAPKAPK2;MK2;MK-2;MAPKAP-K2,D,D,D,D,D,D,D,D,D,D,D,D,D,D,D,D,D,D,D,D,D,D,D,D,D,D,D,D,D,D,D,D
TIS11B;RNF162B;ERF1;Berg36;BRF1;cMG1;ERF-1;ZFP36L1,A,A,N,N,A,A,N,A,A,N,A,A,N,A,A,N,N,N,A,A,A,N,A,N,N,A,N,A,N,N,N,N
ERF2;RNF162C;TIS11D;ZFP36L2;ERF-2;BRF2,A,A,N,N,A,A,N,A,A,N,A,A,N,A,A,N,N,N,A,A,A,N,A,N,N,A,N,A,N,N,N,N
4EBP1;EIF4EBP1;BP-1;PHAS-I;4E-BP1,N,N,N,N,N,N,N,N,N,N,N,N,N,N,N,N,N,N,N,N,N,N,N,N,N,N,N,N,N,N,N,N
IL1A;IL1;IL1-ALPHA;IL-1A;IL1F1,N,N,N,N,N,N,N,N,N,N,N,N,N,N,N,N,N,N,N,N,N,N,N,N,N,N,N,N,N,N,N,N
SANDD;CACH3;CCHL1A2;CACNL1A2;PASNA;CACNA1D;CACN4;Cav1.3,B,B,B,N,B,N,B,B,B,N,B,B,B,B,B,B,B,B,B,B,B,B,B,B,B,B,N,B,B,N,B,B
CANP1;CANPL1;SPG76;muCANP;CAPN1;muCL;CANP,D,D,D,N,D,D,D,D,D,N,D,D,D,D,D,D,D,D,D,D,D,D,D,D,D,D,D,D,D,D,D,D
CANPL2;CANPml;mCANP;CANP2;CAPN2,D,D,D,N,D,D,D,D,D,N,D,D,D,D,D,D,D,D,D,D,D,D,D,D,D,D,D,D,D,D,D,D
CAGLP;CALML6,B,B,B,B,B,B,B,B,B,N,B,B,B,B,B,B,B,B,B,B,B,B,B,B,B,B,B,B,B,B,B,B
CLSP;CALML5,D,D,D,D,D,D,D,D,D,D,D,D,D,D,D,D,D,D,D,D,D,D,D,D,D,D,D,D,D,D,D,D
PHKD;CPVT4;DD132;LQT14;caM;CAMI;CALM1;CALML2,D,D,D,D,D,D,D,D,D,D,D,D,D,D,D,D,D,D,D,D,D,D,D,D,D,D,D,D,D,D,D,D
PHKD;PHKD2;caM;CALM2;LQT15;CAMII,D,D,D,D,D,D,D,D,D,D,D,D,D,D,D,D,D,D,D,D,D,D,D,D,D,D,D,D,D,D,D,D
CaM;PHKD;HEL-S-72;CaMIII;PHKD3;CALM3,D,D,D,D,D,D,D,D,D,D,D,D,D,D,D,D,D,D,D,D,D,D,D,D,D,D,D,D,D,D,D,D
CALML3;CLP,D,D,D,D,D,D,D,D,D,D,D,D,D,D,D,D,D,D,D,D,D,D,D,D,D,D,D,D,D,D,D,D
NY-BR-20;CALML4,B,B,B,B,B,N,B,B,B,N,B,B,B,B,B,B,B,B,B,B,B,B,B,B,B,B,B,B,B,B,B,B
PPP3CA;CALN;PPP2B;CCN1;CALNA1;CNA1;CALNA,D,D,D,D,D,D,D,D,D,N,D,D,D,D,D,D,D,D,D,D,D,D,D,D,D,D,D,D,D,D,D,D
PPP3CB;CALNB;CALNA2;CNA2;PP2Bbeta,D,D,D,D,D,D,D,D,D,N,D,D,D,D,D,D,D,D,D,D,D,D,D,D,D,D,D,D,D,D,D,D
CNA3;PP2Bgamma;CALNA3;PPP3CC,D,D,D,D,D,D,D,D,D,N,D,D,D,D,D,D,D,D,D,D,D,D,D,D,D,D,D,D,D,D,D,D
PPP3R1;CNB1;CNB;CALNB1,D,D,D,D,D,D,D,D,D,N,D,D,D,D,D,D,D,D,D,D,D,D,D,D,D,D,D,D,D,D,D,D
PPP3RL;PPP3R2,D,D,D,D,D,D,D,D,D,D,D,D,D,D,D,D,D,D,D,D,D,D,D,D,D,D,D,D,D,D,D,D
NFATC1;NF-ATC;NFAT2;NFATc;NF-ATc1.2,N,N,N,N,N,N,N,N,N,N,N,N,N,N,N,N,N,N,N,N,N,N,N,N,N,N,N,N,N,N,N,N
NFAT1;NFATP;NFATC2,N,N,N,N,N,N,N,N,N,N,N,N,N,N,N,N,N,N,N,N,N,N,N,N,N,N,N,N,N,N,N,N
NFATX;NFATC3;NFAT4,N,N,N,N,N,N,N,N,N,N,N,N,N,N,N,N,N,N,N,N,N,N,N,N,N,N,N,N,N,N,N,N
NF-AT3;NF-ATC4;NFAT3;NFATC4,N,N,N,N,N,N,N,N,N,N,N,N,N,N,N,N,N,N,N,N,N,N,N,N,N,N,N,N,N,N,N,N
SCA16;IP3R1;PPP1R94;IP3R;ACV;INSP3R1;ITPR1;SCA15;CLA4;SCA29,A,N,N,A,N,N,N,N,N,N,A,N,A,A,A,N,N,N,N,A,N,N,N,N,N,N,N,N,N,N,A,N
ITPR2;CFAP48;IP3R2;ANHD;INSP3R2,A,N,N,A,N,N,N,N,N,N,A,N,A,A,A,N,N,N,N,A,N,N,N,N,N,N,N,N,N,N,A,N
ITPR3;IP3R;IP3R3,A,N,N,A,N,N,N,N,N,N,A,N,A,A,A,N,N,N,N,A,N,N,N,N,N,N,N,N,N,N,A,N
CCDC109A;MCU;HsMCU;C10orf42,N,N,A,N,A,N,N,N,A,N,N,A,N,A,A,N,N,N,N,N,N,N,N,A,N,A,N,N,N,N,A,N
CMT2C;HMSN2C;BCYM3;TRPV4;VROAC;SSQTL1;OTRPC4;TRP12;VRL2;SPSMA;SMAL,D,D,D,D,D,D,D,D,D,N,D,D,D,D,D,D,D,D,D,D,D,D,D,D,D,D,D,D,D,D,D,D
TRP-PLIK;CHAK1;TRPM7;LTrpC-7;CHAK;LTRPC7;ALSPDC,D,D,D,D,D,D,D,D,D,N,D,D,D,D,D,D,D,D,D,D,D,D,D,D,D,D,D,D,D,D,D,D
IL-6;HGF;BSF2;IFNB2;CDF;IFN-beta-2;IL6;HSF;BSF-2,N,N,N,N,N,N,N,N,N,N,N,N,N,N,N,N,N,N,N,N,N,N,N,N,N,N,N,N,N,N,N,N
NAP-1;LECT;LUCT;MDNCF;MONAP;GCP-1;LYNAP;IL8;GCP1;NAF;CXCL8;NAP1,N,N,N,N,N,N,N,N,N,N,N,N,N,N,N,N,N,N,N,N,N,N,N,N,N,N,N,N,N,N,N,N
TGFB;TGFbeta;LAP;CED;DPD1;TGFB1,D,D,D,D,D,D,D,D,D,N,D,D,D,D,D,D,D,D,D,D,D,D,D,D,D,D,D,D,D,D,D,D
TGF-beta2;TGFB2;LDS4;G-TSF,D,D,D,D,D,D,D,D,D,N,D,D,D,D,D,D,D,D,D,D,D,D,D,D,D,D,D,D,D,D,D,D
ARVD1;TGF-beta3;ARVD;RNHF;LDS5;TGFB3,D,D,D,D,D,D,D,D,D,N,D,D,D,D,D,D,D,D,D,D,D,D,D,D,D,D,D,D,D,D,D,D
MADH2;MADR2;hMAD-2;JV18-1;SMAD2;JV18;hSMAD2,N,N,N,N,N,N,N,N,N,N,N,N,N,N,N,N,N,N,N,N,N,N,N,N,N,N,N,N,N,N,N,N
MADH3;HSPC193;SMAD3;LDS1C;LDS3;JV15-2;HsT17436,N,N,N,N,N,N,N,N,N,N,N,N,N,N,N,N,N,N,N,N,N,N,N,N,N,N,N,N,N,N,N,N
FKHR;FOXO1A;FKH1;FOXO1,N,N,N,N,N,N,N,N,N,N,N,N,N,N,N,N,N,N,N,N,N,N,N,N,N,N,N,N,N,N,N,N
BTRCP2;Hos;FBW1B;BTRC2;FBXW1B;FBXW11;Fbw11,D,D,D,D,D,D,D,D,D,D,D,D,D,D,D,D,D,D,D,D,D,D,D,D,D,D,D,D,D,D,D,D
FBW1A;bTrCP;bTrCP1;FBXW1;BETA-TRCP;betaTrCP;FBXW1A;FWD1;BTRC,D,D,D,D,D,D,D,D,D,D,D,D,D,D,D,D,D,D,D,D,D,D,D,D,D,D,D,D,D,D,D,D
LDS1;SKR4;ACVRLK4;AAT5;MSSE;LDS1A;ESS1;ALK-5;LDS2A;TGFR-1;ALK5;TGFBR1;tbetaR-I,D,D,D,D,D,D,D,D,D,D,D,D,D,D,D,D,D,D,D,D,D,D,D,D,D,D,D,D,D,D,D,D
MFS2;TGFBR2;LDS2;TGFbeta-RII;TAAD2;LDS2B;FAA3;AAT3;RIIC;TGFR-2;LDS1B,D,D,D,D,D,D,D,D,D,D,D,D,D,D,D,D,D,D,D,D,D,D,D,D,D,D,D,D,D,D,D,D
IBP3;IGFBP3;BP-53,N,N,N,N,N,N,N,N,N,N,N,N,N,N,N,N,N,N,N,N,N,N,N,N,N,N,N,N,N,N,N,N
PAI1;SERPINE1;PAI-1;PLANH1;PAI,N,N,B,B,N,N,N,N,B,N,N,N,N,N,B,N,B,N,N,N,N,N,B,N,N,B,N,N,N,N,B,N
NKAT;KIR-K64;KIR221;NKAT-1;CD158A;NKAT1;KIR2DL1;p58.1,N,N,N,N,N,N,N,N,N,N,N,N,N,N,N,N,N,N,N,N,N,N,N,N,N,N,N,N,N,N,N,N
p58.2;KIR2DL2;CD158b;CD158B1;NKAT6;NKAT-6,N,N,N,N,N,N,N,N,N,N,N,N,N,N,N,N,N,N,N,N,N,N,N,N,N,N,N,N,N,N,N,N
NKAT;KIR2DS5;KIRCL23;NKAT2;CD158B2;NKAT2A;CD158b;KIR-K7c;GL183;p58;KIR2DL3;KIR-023GB;NKAT2B;KIR-K7b,N,N,N,N,N,N,N,N,N,N,N,N,N,N,N,N,N,N,N,N,N,N,N,N,N,N,N,N,N,N,N,N
G9P;KIR103;KIR-103AS;KIR103AS;KIR-2DL4;KIR2DL4;CD158D,N,N,N,N,N,N,N,N,N,N,N,N,N,N,N,N,N,N,N,N,N,N,N,N,N,N,N,N,N,N,N,N
KIR2DL5;KIR2DL5.3;KIR2DL5.1;CD158F;KIR2DL5A,N,N,N,N,N,N,N,N,N,N,N,N,N,N,N,N,N,N,N,N,N,N,N,N,N,N,N,N,N,N,N,N
HLAA;HLA-A,N,N,N,N,N,N,N,N,N,N,N,N,N,N,N,N,N,N,N,N,N,N,N,N,N,N,N,N,N,N,N,N
AS;HLAB;HLA-B;B-4901,N,N,N,N,N,N,N,N,N,N,N,N,N,N,N,N,N,N,N,N,N,N,N,N,N,N,N,N,N,N,N,N
HLC-C;PSORS1;HLA-C;MHC;HLA-JY3;D6S204;HLAC,N,N,N,N,N,N,N,N,N,N,N,N,N,N,N,N,N,N,N,N,N,N,N,N,N,N,N,N,N,N,N,N
HLA-E;QA1;HLA-6.2,N,N,N,N,N,N,N,N,N,N,N,N,N,N,N,N,N,N,N,N,N,N,N,N,N,N,N,N,N,N,N,N
HLAF;HLA-CDA12;HLA-F;HLA-5.4;CDA12,N,N,N,N,N,N,N,N,N,N,N,N,N,N,N,N,N,N,N,N,N,N,N,N,N,N,N,N,N,N,N,N
HLA-G;MHC-G,N,N,N,N,N,N,N,N,N,N,N,N,N,N,N,N,N,N,N,N,N,N,N,N,N,N,N,N,N,N,N,N
10q23del;PTEN1;BZS;PTEN;TEP1;MHAM;CWS1;PTENbeta;MMAC1;DEC;GLM2,D,D,D,N,D,D,N,D,D,N,D,D,N,D,D,N,N,N,D,N,D,D,D,D,D,D,D,D,D,D,D,D
TP15;P15;p15INK4b;INK4B;CDK4I;MTS2;CDKN2B,D,D,D,D,D,D,D,D,D,N,D,D,D,D,D,D,D,D,D,D,D,D,D,D,D,D,D,D,D,D,D,D
PEO2;T1;PEO3;AAC1;ANT;PEOA2;ANT_1;MTDPS12A;MTDPS12;SLC25A4;ANT1,A,A,A,N,A,A,A,A,A,N,A,A,A,A,A,A,A,A,A,A,A,A,A,A,A,A,A,A,A,A,A,A
T2;AAC2;2F1;SLC25A5;T3;ANT2,A,A,A,N,A,A,A,A,A,N,A,A,A,A,A,A,A,A,A,A,A,A,A,A,A,A,A,A,A,A,A,A
ANT_3;ANT;ANT3;SLC25A6;ANT_2;ANT3Y;AAC3,A,A,A,N,A,A,A,A,A,N,A,A,A,A,A,A,A,A,A,A,A,A,A,A,A,A,A,A,A,A,A,A
AAC4;SFEC35kDa;SLC25A31;ANT_4;ANT4,A,A,A,N,A,A,A,A,A,N,A,A,A,A,A,A,A,A,A,A,A,A,A,A,A,A,A,A,A,A,A,A
VDAC-1;VDAC1;PORIN,N,A,N,N,N,N,N,N,A,N,N,A,N,N,N,N,N,N,N,N,N,N,N,N,N,N,N,N,N,N,A,N
POR;VDAC2,N,A,N,N,N,N,N,N,A,N,N,A,N,N,N,N,N,N,N,N,N,N,N,N,N,N,N,N,N,N,A,N
VDAC3;VDAC-3;HD-VDAC3,N,A,N,N,N,N,N,N,A,N,N,A,N,N,N,N,N,N,N,N,N,N,N,N,N,N,N,N,N,N,A,N
PPID;CYPD;CYP-40,D,D,D,D,D,D,D,D,D,N,D,D,D,D,D,D,D,D,D,D,D,D,D,D,D,D,D,D,D,D,D,D
