SEC22B;ERS-24;SEC22L1,A,A,A,N,N,N,A,A,A,N,A,A,A,A,A,N,N,N,A,A,A,A,N,N,N,A,A,N,N,A,A,A
Ufe1;STX18,N,A,A,N,N,A,A,A,N,N,A,N,N,N,N,A,N,N,N,A,N,N,A,N,N,A,N,N,N,N,A,N
VAMP3;CEB,A,A,A,N,N,N,A,A,A,N,A,A,A,A,A,N,N,A,A,A,A,A,N,N,N,A,A,A,N,A,A,A
FcalphaRI;FCAR;CTB-61M7.2;CD89,N,N,N,N,N,N,N,N,N,N,N,N,N,N,N,N,N,N,N,N,N,N,N,N,N,N,N,N,N,N,N,N
CD64;CD64A;FCGR1A;IGFR1;FCRI,D,N,D,N,D,N,N,D,D,N,D,D,D,D,D,D,D,D,N,D,D,D,D,D,D,D,D,N,N,D,D,D
IGFR2;CDw32;FCGR2A1;FCG2;CD32;FCGR2A;FCGR2;CD32A;FcGR,D,N,D,N,D,N,N,D,D,N,D,D,D,D,D,D,D,D,N,D,D,D,D,D,D,D,D,N,N,D,D,D
IGFR2;FCG2;CD32;FCGR2B;CD32B;FCGR2,D,N,D,N,D,N,N,D,D,N,D,D,D,D,D,D,D,D,N,D,D,D,D,D,D,D,D,N,N,D,D,D
CD16;FCRIIIA;FCRIII;CD16A;FCGR3;FCGRIII;IMD20;IGFR3;FCR-10;FCG3;FCGR3A,D,N,D,N,D,N,N,D,D,N,D,D,D,D,D,D,D,D,N,D,D,D,D,D,D,D,D,N,N,D,D,D
CD16;CD16b;FCRIIIb;FCRIII;FCGR3;FCR-10;FCGR3B;FCG3,D,N,D,N,D,N,N,D,D,N,D,D,D,D,D,D,D,D,N,D,D,D,D,D,D,D,D,N,N,D,D,D
IGFR2;CDW32;FCG2;CD32;CD32C;FCRIIC;FCGR2C,D,N,D,N,D,N,N,D,D,N,D,D,D,D,D,D,D,D,N,D,D,D,D,D,D,D,D,N,N,D,D,D
C1R;EDSPD1,D,D,D,D,D,N,D,D,D,N,D,D,D,D,D,D,D,D,N,D,D,D,D,D,D,D,D,N,D,D,D,D
MO1A;MAC1A;MAC-1;CD11B;CR3A;SLEB6;ITGAM,D,D,D,N,N,N,N,D,D,N,D,D,D,D,D,D,D,D,D,D,D,D,D,D,N,D,D,D,N,D,D,D
CD18;MFI7;MAC-1;LAD;ITGB2;LFA-1;LCAMB;MF17,D,D,D,D,D,D,N,D,D,N,D,D,D,D,D,D,D,D,D,D,D,D,D,D,D,D,D,N,N,D,D,D
MSK8;CD51;ITGAV;VTNR;VNRA,B,B,B,N,N,N,N,N,N,N,B,N,B,N,N,N,N,N,N,N,B,N,B,N,N,B,N,B,N,N,B,B
GT;BDPLT2;CD61;GPIIIa;ITGB3;GP3A;BDPLT16,D,D,D,D,D,D,N,D,D,N,D,D,D,D,D,D,D,D,D,D,D,D,D,D,D,D,D,N,N,D,D,D
FNRB;MSK12;ITGB1;MDF2;VLA-BETA;CD29;GPIIA;VLAB,D,D,D,D,D,D,N,D,D,N,D,D,D,D,D,D,D,D,D,D,D,D,D,D,D,D,D,N,N,D,D,D
PLA2R;CLEC13C;PLA2G1R;PLA2IR;PLA2R1;PLA2-R,D,D,D,N,D,D,D,D,D,N,D,D,D,D,D,D,D,D,D,D,D,D,D,D,D,D,D,D,D,D,D,D
hMR;MRC1L1;bA541I19.1;MRC1;CD206;CLEC13D;MMR;CLEC13DL,D,D,D,N,D,D,D,D,D,N,D,D,D,D,D,D,D,D,D,D,D,D,D,D,D,D,D,D,D,D,D,D
CD280;CLEC13E;UPARAP;MRC2;ENDO180,D,D,D,N,D,D,D,D,D,N,D,D,D,D,D,D,D,D,D,D,D,D,D,D,D,D,D,D,D,D,D,D
MSR1;SCARA1;SRA;CD204;SR-AII;phSR1;SR-AIII;phSR2;SR-A;SR-AI,D,D,D,N,D,N,N,D,D,N,D,D,D,D,D,D,D,D,D,D,D,D,D,D,D,D,D,D,D,D,D,D
ITGB5,D,D,D,D,D,D,N,D,D,N,D,D,D,D,D,D,D,D,D,D,D,D,D,D,D,D,D,N,N,D,D,D
VLA-2;ITGA2;CD49B;GPIa;BR;HPA-5;VLAA2,D,D,D,N,D,N,N,D,D,N,D,D,D,D,D,D,D,D,D,D,D,D,D,D,D,D,D,D,N,D,D,D
FNRA;ITGA5;VLA5A;CD49e;VLA-5,B,B,B,N,N,N,N,N,N,N,B,N,B,N,N,N,N,N,N,N,B,N,B,N,N,B,N,B,N,N,B,B
PS1TP5BP1;BRWS1;ACTB,D,D,D,D,D,D,D,D,D,D,D,D,D,D,D,D,D,D,D,D,D,D,D,D,D,D,D,D,D,D,D,D
ACTG1;ACT;DFNA26;HEL-176;ACTG;DFNA20,D,D,D,D,D,D,D,D,D,D,D,D,D,D,D,D,D,D,D,D,D,D,D,D,D,D,D,D,D,D,D,D
hVps34;VPS34;PIK3C3,B,B,B,B,B,B,B,B,B,B,B,B,B,B,B,B,B,B,B,B,B,B,B,B,B,B,B,B,B,B,B,B
MST105;ZFYVE2;EEA1;MSTP105,D,D,D,D,D,D,D,D,D,N,D,D,D,D,D,D,D,D,D,D,D,D,D,D,D,D,D,D,D,D,D,D
RAB5;RAB5A,D,D,D,D,D,D,D,D,D,D,D,D,D,D,D,D,D,D,D,D,D,D,D,D,D,D,D,D,D,D,D,D
RAB5B,D,D,D,D,D,D,D,D,D,D,D,D,D,D,D,D,D,D,D,D,D,D,D,D,D,D,D,D,D,D,D,D
RAB5L;RAB5CL;RAB5C;RABL;L1880,D,D,D,D,D,D,D,D,D,D,D,D,D,D,D,D,D,D,D,D,D,D,D,D,D,D,D,D,D,D,D,D
RAB7;RAB7B,D,D,D,D,D,D,D,D,D,D,D,D,D,D,D,D,D,D,D,D,D,D,D,D,D,D,D,D,D,D,D,D
PRO2706;RAB7A;RAB7,D,D,D,D,D,D,D,D,D,D,D,D,D,D,D,D,D,D,D,D,D,D,D,D,D,D,D,D,D,D,D,D
GP91-1;CGD;AMCBX2;GP91-PHOX;IMD34;CYBB;p91-PHOX;NOX2;GP91PHOX,B,B,B,N,N,B,B,B,B,N,B,B,B,B,B,B,B,B,B,N,B,B,B,B,N,B,B,B,B,B,B,N
PP10141;RILP,D,D,D,D,D,D,D,D,D,N,D,D,D,D,D,D,D,D,D,D,D,D,D,D,D,D,D,D,D,D,D,D
CYBA;p22-PHOX,N,N,N,N,N,N,N,N,N,N,N,N,N,N,N,N,N,N,N,N,N,N,N,N,N,N,N,N,N,N,N,N
NCF4;P40PHOX;SH3PXD4;CGD3;NCF,A,A,A,N,A,N,N,N,A,N,A,N,A,A,A,N,N,N,A,A,A,A,A,A,A,A,A,A,A,A,A,A
NCF1;NCF1A;SH3PXD1A;p47phox;NOXO2,A,A,A,N,A,N,N,N,A,N,A,N,A,A,A,N,A,N,A,A,A,A,A,A,A,A,A,A,A,A,A,A
P67-PHOX;P67PHOX;NCF2;NCF-2;NOXA2,D,D,D,D,D,D,D,D,D,N,D,D,D,D,D,D,D,D,D,D,D,D,D,D,D,D,D,D,D,D,D,D
MIG5;RAC1;p21-Rac1;TC-25;Rac-1,D,D,D,D,D,D,D,D,D,D,D,D,D,D,D,D,D,D,D,D,D,D,D,D,D,D,D,D,D,D,D,D
CMT2O;DYHC;DHC1;DHC1a;Dnchc1;p22;DNCH1;SMALED1;HL-3;DNCL;DYNC1H1;DNECL,D,D,D,D,D,N,N,D,N,N,D,D,D,D,D,D,D,D,D,D,D,D,D,D,N,D,D,N,D,D,D,D
DNCIC1;DNCI1;DYNC1I1,A,N,A,N,A,A,A,A,A,N,A,N,A,A,A,A,A,N,N,N,N,A,A,N,A,N,A,A,N,N,A,N
DYNC1I2;DNCI2;DIC74;IC2,D,D,D,D,D,D,D,D,D,N,D,D,D,D,D,D,D,D,D,D,D,D,D,D,D,D,D,D,D,D,D,D
DYNC1LI2;DNCLI2;LIC2,C,N,C,N,C,N,N,C,C,N,C,N,C,N,C,N,N,N,N,N,N,N,C,N,N,N,N,N,N,N,N,C
LIC1;DNCLI1;DYNC1LI1;DLC-A,C,N,C,N,C,N,N,C,C,N,C,N,C,N,C,N,N,N,N,N,N,N,C,N,N,N,N,N,N,N,N,C
DYNC2H1;hdhc11;ATD3;DHC2;SRTD3;SRPS2B;DHC1b;DYH1B;DNCH2,N,A,A,A,A,N,N,A,N,N,A,A,A,A,A,A,A,A,A,N,A,A,A,A,N,A,N,N,A,A,A,A
K-ALPHA-1;TUBA1B,C,C,C,C,C,C,C,C,C,C,C,C,C,C,C,C,C,C,C,C,C,C,C,C,C,C,C,C,C,C,C,C
TUBA3E,C,C,C,C,C,C,C,C,C,C,C,C,C,C,C,C,C,C,C,C,C,C,C,C,C,C,C,C,C,C,C,C
H2-ALPHA;TUBA3D,C,C,C,C,C,C,C,C,C,C,C,C,C,C,C,C,C,C,C,C,C,C,C,C,C,C,C,C,C,C,C,C
TUBAL2;CDCBM8;TUBA8,C,C,C,C,C,C,C,C,C,C,C,C,C,C,C,C,C,C,C,C,C,C,C,C,C,C,C,C,C,C,C,C
TUBA4A;H2-ALPHA;TUBA1;ALS22,C,C,C,C,C,C,C,C,C,C,C,C,C,C,C,C,C,C,C,C,C,C,C,C,C,C,C,C,C,C,C,C
TUBA3C;bA408E5.3;TUBA2,C,C,C,C,C,C,C,C,C,C,C,C,C,C,C,C,C,C,C,C,C,C,C,C,C,C,C,C,C,C,C,C
LIS3;B-ALPHA-1;TUBA1A;TUBA3,C,C,C,C,C,C,C,C,C,C,C,C,C,C,C,C,C,C,C,C,C,C,C,C,C,C,C,C,C,C,C,C
TUBAL3,C,C,C,C,C,C,C,C,C,C,C,C,C,C,C,C,C,C,C,C,C,C,C,C,C,C,C,C,C,C,C,C
TUBA1C;TUBA6;bcm948,C,C,C,C,C,C,C,C,C,C,C,C,C,C,C,C,C,C,C,C,C,C,C,C,C,C,C,C,C,C,C,C
FEOM3;TUBB3;CDCBM;TUBB4;CFEOM3A;CDCBM1;beta-4;CFEOM3,C,C,C,C,C,C,C,C,C,C,C,C,C,C,C,C,C,C,C,C,C,C,C,C,C,C,C,C,C,C,C,C
TUBB4;TUBB4A;DYT4;beta-5,C,C,C,C,C,C,C,C,C,C,C,C,C,C,C,C,C,C,C,C,C,C,C,C,C,C,C,C,C,C,C,C
TUBB2;TUBB2C;Beta2;TUBB4B,C,C,C,C,C,C,C,C,C,C,C,C,C,C,C,C,C,C,C,C,C,C,C,C,C,C,C,C,C,C,C,C
TUBB5;TUBB1;TUBB;M40;OK/SW-cl.56;CSCSC1;CDCBM6,C,C,C,C,C,C,C,C,C,C,C,C,C,C,C,C,C,C,C,C,C,C,C,C,C,C,C,C,C,C,C,C
OOMD;bA631M21.2;OOMD2;TUBB8,C,C,C,C,C,C,C,C,C,C,C,C,C,C,C,C,C,C,C,C,C,C,C,C,C,C,C,C,C,C,C,C
TUBB2B;CDCBM7;PMGYSA;bA506K6.1,C,C,C,C,C,C,C,C,C,C,C,C,C,C,C,C,C,C,C,C,C,C,C,C,C,C,C,C,C,C,C,C
TUBB2;TUBB2A;CDCBM5;TUBB,C,C,C,C,C,C,C,C,C,C,C,C,C,C,C,C,C,C,C,C,C,C,C,C,C,C,C,C,C,C,C,C
TUBB1,C,C,C,C,C,C,C,C,C,C,C,C,C,C,C,C,C,C,C,C,C,C,C,C,C,C,C,C,C,C,C,C
TUBB-5;HsT1601;TUBB6,C,C,C,C,C,C,C,C,C,C,C,C,C,C,C,C,C,C,C,C,C,C,C,C,C,C,C,C,C,C,C,C
HGS;HRS,D,D,D,D,D,D,D,D,D,N,D,D,D,D,D,D,D,D,D,D,D,D,D,D,D,D,D,D,D,D,D,D
MPR46;CD-M6PR;SMPR;M6PR;MPR_46;CD-MPR;MPR-46,N,N,N,N,N,N,N,N,N,N,N,N,N,N,N,N,N,N,N,N,N,N,N,N,N,N,N,N,N,N,N,N
TCIRG1;TIRC7;Vph1;a3;OPTB1;ATP6V0A3;OC-116kDa;OC116;Stv1;ATP6N1C;Atp6i,N,D,D,D,D,D,D,D,D,N,D,D,D,D,D,N,D,N,D,D,D,N,D,N,D,D,N,N,N,D,D,D
ATP6G3;Vma10;ATP6V1G3,A,A,N,A,N,N,N,A,A,N,A,A,N,N,A,A,A,N,A,N,N,A,A,N,N,A,N,N,N,N,A,N
ATP6V0E2L;ATP6V0E2;C7orf32,N,N,N,N,A,A,N,N,A,N,N,N,N,N,N,N,A,N,N,N,N,N,N,N,N,N,N,A,N,N,A,A
ARCL2A;ARCL;J6B7;ATP6A2;STV1;WSS;ATP6V0A2;TJ6S;A2;TJ6;TJ6M;VPH1;RTF;ATP6N1D,N,D,D,D,D,D,D,D,D,N,D,D,D,D,D,N,D,N,D,D,D,N,D,N,D,D,N,N,N,D,D,D
ATP6D2;ATP6V0D2;VMA6,A,A,A,N,N,N,N,A,A,N,N,A,N,N,A,N,A,N,N,N,A,N,A,A,N,A,A,N,N,A,A,A
ATP6C2;VMA5;ATP6V1C2,A,A,A,N,A,N,N,N,A,N,A,A,A,A,A,A,A,A,A,N,N,A,N,A,N,A,N,A,N,A,A,A
STV1;ATP6N2;A4;RTADR;VPP2;RDRTA2;ATP6V0A4;VPH1;ATP6N1B;RTA1C,N,D,D,D,D,D,D,D,D,N,D,D,D,D,D,N,D,N,D,D,D,N,D,N,D,D,N,N,N,D,D,D
ATP6M;VMA8;VATD;ATP6V1D,N,N,N,N,N,N,N,N,N,N,N,N,N,N,N,N,N,N,N,N,N,N,N,N,N,N,N,N,N,N,N,N
SFDalpha;SFDbeta;MSTP042;VMA13;ATP6V1H;SFD;NBP1;CGI-11,A,A,A,A,A,A,A,N,N,N,A,N,A,A,A,A,A,A,N,N,A,A,A,N,A,A,N,A,A,A,A,A
ATP6A1;Vma1;ATP6V1A1;VPP2;HO68;ARCL2D;ATP6V1A;VA68,D,N,N,N,D,N,D,D,D,N,D,D,N,D,D,N,D,D,N,N,D,D,N,D,N,N,N,D,D,D,D,D
VPP3;VATB;RTA1B;ATP6V1B1;ATP6B1;VMA2,D,N,N,N,D,N,D,D,D,N,D,D,N,D,D,N,D,D,N,N,D,D,N,D,N,N,N,D,D,D,D,D
VPP3;VATB;Vma2;ATP6B2;ATP6B1B2;HO57;ATP6V1B2;DOOD;ZLS2,D,N,N,N,D,N,D,D,D,N,D,D,N,D,D,N,D,D,N,N,D,D,N,D,N,N,N,D,D,D,D,D
VATL;VPPC;ATPL;ATP6L;ATP6V0C;Vma3;ATP6C,D,D,N,D,D,D,D,D,D,N,D,D,D,D,D,D,D,D,D,N,D,D,N,N,D,N,D,D,N,N,D,D
ATP6V1C1;Vma5;VATC;ATP6D;ATP6C,A,A,A,N,A,N,N,N,A,N,A,A,A,A,A,A,A,A,A,N,N,A,N,A,N,A,N,A,N,A,A,A
ARCL2C;P31;ATP6E;Vma4;ATP6E2;ATP6V1E1;ATP6V1E,N,D,N,N,N,D,D,N,D,N,N,N,N,N,N,N,D,N,N,N,D,N,N,D,N,N,N,N,N,N,N,N
ATP6V0B;ATP6F;VMA16;HATPL,D,D,N,D,D,D,D,D,D,N,D,D,D,D,D,D,D,D,D,N,D,D,N,N,D,N,D,D,N,N,D,D
ATP6G;VMA10;ATP6G2;NG38;ATP6V1G2,A,A,N,A,N,N,N,A,A,N,A,A,N,N,A,A,A,N,A,N,N,A,A,N,N,A,N,N,N,N,A,N
Vph1;VPP1;ATP6V0A1;ATP6N1;a1;Stv1;ATP6N1A,N,D,D,D,D,D,D,D,D,N,D,D,D,D,D,N,D,N,D,D,D,N,D,N,D,D,N,N,N,D,D,D
CF2;16A;Ac45;ATP6AP1;XAP-3;XAP3;VATPS1;ATP6S1;ATP6IP1,N,N,N,N,N,N,N,N,N,N,N,N,N,N,N,N,N,N,N,N,N,N,N,N,N,N,N,N,N,N,N,N
ATP6H;Vma21;ATP6V0E1;Vma21p;ATP6V0E;M9.2,N,N,N,N,A,A,N,N,A,N,N,N,N,N,N,N,A,N,N,N,N,N,N,N,N,N,N,A,N,N,A,A
ATP6V1EL2;ATP6EL2;ATP6E1;ATP6V1E2;VMA4,N,D,N,N,N,D,D,N,D,N,N,N,N,N,N,N,D,N,N,N,D,N,N,D,N,N,N,N,N,N,N,N
ATP6DV;VPATPD;ATP6D;VMA6;ATP6V0D1;P39;VATX,A,A,A,N,N,N,N,A,A,N,N,A,N,N,A,N,A,N,N,N,A,N,A,A,N,A,A,N,N,A,A,A
ATP6V1F;VATF;Vma7;ATP6S14,N,C,N,C,N,N,N,C,C,N,C,N,N,N,C,N,C,N,C,N,C,C,C,C,N,C,C,C,N,C,C,C
ATP6J;ATP6G;ATP6G1;Vma10;ATP6V1G1;ATP6GL,A,A,N,A,N,N,N,A,A,N,A,A,N,N,A,A,A,N,A,N,N,A,A,N,N,A,N,N,N,N,A,N
LAMPA;LAMP1;CD107a;LGP120,N,N,N,N,N,N,N,N,N,N,N,N,N,N,N,N,N,N,N,N,N,N,N,N,N,N,N,N,N,N,N,N
LAMP2;CD107b;LAMP-2;LGP-96;LAMPB;LGP110,N,N,N,N,N,N,N,N,N,N,N,N,N,N,N,N,N,N,N,N,N,N,N,N,N,N,N,N,N,N,N,N
MPO,D,D,D,D,D,D,D,D,D,N,D,D,D,D,D,D,D,D,D,D,D,D,D,D,D,D,D,D,D,D,D,D
PIP5K;FAB1;PIP5K3;ZFYVE29;HEL37;CFD;PIKFYVE,D,D,D,D,D,D,D,D,D,D,D,D,D,D,D,D,D,D,D,D,D,D,D,D,D,D,D,D,D,D,D,D
STX12;STX13;STX14,N,A,A,N,A,A,A,A,A,N,A,A,A,N,A,A,N,N,A,N,A,N,N,A,N,N,N,A,N,A,N,A
STX7,N,A,A,N,A,A,A,A,A,N,A,A,A,N,A,A,N,N,A,N,A,N,N,A,N,N,N,A,N,A,N,A
CD36;BDPLT10;SCARB3;GP4;FAT;GPIV;GP3B;PASIV;CHDS7,N,N,N,N,N,N,N,N,N,N,N,N,N,N,N,N,N,N,N,N,N,N,N,N,N,N,N,N,N,N,N,N
SR-A6;SCARA2;MARCO,D,D,D,N,D,N,D,D,D,N,D,D,D,D,D,D,D,D,D,D,D,D,D,D,D,D,D,D,D,D,D,D
OLR1;SCARE1;LOX1;LOXIN;CLEC8A;SLOX1,N,N,N,N,N,N,N,N,N,N,N,N,N,N,N,N,N,N,N,N,N,N,N,N,N,N,N,N,N,N,N,N
CD14,N,N,N,N,N,N,N,N,N,N,N,N,N,N,N,N,N,N,N,N,N,N,N,N,N,N,N,N,N,N,N,N
TLR2;CD282;TIL4,D,D,D,D,D,D,D,D,D,N,D,D,D,D,D,D,D,D,D,D,D,D,D,D,D,D,D,D,D,D,D,D
TLR6;CD286,D,D,D,D,D,D,D,D,D,N,D,D,D,D,D,N,D,D,D,D,D,D,D,D,D,D,D,D,D,D,D,D
CD284;TLR4;ARMD10;TOLL;TLR-4,D,D,D,D,D,D,D,D,D,N,D,D,D,D,D,D,D,D,D,D,D,D,D,D,D,D,D,D,D,D,D,D
IHPS1;NC-NOS;nNOS;NOS;bNOS;NOS1;N-NOS,B,B,B,B,B,N,B,B,N,N,B,N,B,B,B,B,B,B,N,N,B,B,N,N,N,B,N,N,B,B,B,B
HDLQTL6;SR-BI;CLA1;SCARB1;CLA-1;SRB1;CD36L1,N,N,N,N,N,N,N,N,N,N,N,N,N,N,N,N,N,N,N,N,N,N,N,N,N,N,N,N,N,N,N,N
IGHV4-30;IGHV4;IGVH4-39;IGH;ighv;IGVH4-b;IgT;IGVH;IGH@;IGVH4b;IgA;IGHV4-b,N,N,N,N,N,N,N,N,N,N,N,N,N,N,N,N,N,N,N,N,N,N,N,N,N,N,N,N,N,N,N,N
C3a;C3b;ASP;AHUS5;CPAMD1;HEL-S-62p;ARMD9;C3,N,N,N,N,N,N,N,N,N,N,N,N,N,N,N,N,N,N,N,N,N,N,N,N,N,N,N,N,N,N,N,N
TSP5;EPD1;EDM1;MED;PSACH;THBS5;COMP,D,D,D,D,D,N,D,D,D,N,D,D,D,D,D,D,D,D,D,D,D,D,D,D,D,D,D,D,N,D,D,D
THBS-1;THBS1;THBS;TSP-1;TSP;TSP1,D,D,D,N,D,N,N,D,D,N,D,D,D,D,D,D,D,D,D,D,D,D,D,D,D,D,D,N,N,D,D,D
THBS2;TSP2,D,D,D,N,D,N,N,D,D,N,D,D,D,D,D,D,D,D,D,D,D,D,D,D,D,D,D,N,N,D,D,D
THBS3;TSP3,D,D,D,D,D,N,N,D,D,N,D,D,D,D,D,D,D,D,D,D,D,D,D,D,D,D,D,N,N,D,D,D
THBS4;TSP-4;TSP4,D,D,D,D,D,N,D,D,D,N,D,D,D,D,D,D,D,D,D,D,D,D,D,D,D,D,D,D,N,D,D,D
HSMBPC;COLEC1;MBP1;MBL;MBP;MBP-C;MBL2D;MBL2;MBPD,D,D,N,N,N,N,N,N,D,N,N,N,N,N,D,D,N,N,N,D,D,D,N,N,N,D,D,D,N,N,D,D
COLEC7;SFTP4;SP-D;PSP-D;SFTPD,D,D,D,N,N,N,D,N,D,N,D,N,N,D,D,D,N,N,N,D,D,D,D,D,N,D,D,D,N,N,D,D
PSPA;SP-A1;SFTPA1;PSAP;SFTPA1B;SFTP1;SP-A;SPA;COLEC4;SPA1;PSP-A,D,D,N,N,N,N,N,N,D,N,D,N,N,N,D,D,N,N,N,D,D,D,D,D,N,D,D,D,N,N,D,D
PSPA;COLEC5;SFTPA2;SPA2;SFTPA2B;PSAP;SP-A;SFTP1;SPAII;SP-2A;PSP-A,D,D,N,N,N,N,N,N,D,N,D,N,N,N,D,D,N,N,N,D,D,D,D,D,N,D,D,D,N,N,D,D
CL-K1-I;CLK1;CL-K1-IIa;CL-K1-IIb;COLEC11;3MC2;CL-K1-II,D,D,N,N,D,N,N,D,D,N,D,D,D,D,D,D,D,D,N,D,D,D,D,D,D,D,D,D,D,D,D,D
COLEC12;CLP1;NSR2;SCARA4;SRCL,D,D,D,N,D,N,D,D,D,N,D,D,D,D,D,D,D,D,N,D,D,D,D,D,D,D,D,D,D,D,D,D
SEC61B,A,A,N,N,A,N,N,N,A,N,A,A,N,N,N,A,N,N,A,N,A,N,N,A,A,N,N,N,N,N,N,N
SSS1;SEC61G,C,N,N,N,C,N,C,N,C,N,C,N,C,N,C,C,C,N,N,C,N,N,N,C,C,N,N,C,N,N,N,N
SEC61;SEC61A;HNFJ4;HSEC61;SEC61A1,N,N,N,N,B,N,B,N,B,N,B,N,B,B,N,B,B,B,N,N,N,B,N,N,N,B,N,B,N,N,B,B
SEC61A2,N,N,N,N,B,N,B,N,B,N,B,N,B,B,N,B,B,B,N,N,N,B,N,N,N,B,N,B,N,N,B,B
SSA;cC1qR;HEL-S-99n;CALR;RO;CRT,A,A,A,N,A,N,A,A,A,N,A,A,A,A,N,A,A,A,A,A,A,A,A,A,A,A,A,A,A,A,A,A
IP90;P90;CNX;CANX,A,A,A,N,A,N,A,A,A,N,A,A,A,A,N,A,A,A,A,A,A,A,A,A,A,A,A,A,A,A,A,A
D6S222E;DMA;HLA-DMA;RING6;HLADM,N,N,N,N,N,N,N,N,N,N,N,N,N,N,N,N,N,N,N,N,N,N,N,N,N,N,N,N,N,N,N,N
RING7;D6S221E;HLA-DMB,N,N,N,N,N,N,N,N,N,N,N,N,N,N,N,N,N,N,N,N,N,N,N,N,N,N,N,N,N,N,N,N
HLADZ;HLA-DZA;HLA-DOA;HLA-DNA,N,N,N,N,N,N,N,N,N,N,N,N,N,N,N,N,N,N,N,N,N,N,N,N,N,N,N,N,N,N,N,N
DOB;HLA_DOB;HLA-DOB,N,N,N,N,N,N,N,N,N,N,N,N,N,N,N,N,N,N,N,N,N,N,N,N,N,N,N,N,N,N,N,N
HLADP;DP(W4);HLASB;DP(W3);HLA-DPA1;HLA-DP1A;PLT1,N,N,N,N,N,N,N,N,N,N,N,N,N,N,N,N,N,N,N,N,N,N,N,N,N,N,N,N,N,N,N,N
HLA-DP1B;DPB1;HLA-DPB1;HLA-DPB;HLA-DP,N,N,N,N,N,N,N,N,N,N,N,N,N,N,N,N,N,N,N,N,N,N,N,N,N,N,N,N,N,N,N,N
HLA-DQA1;HLA-DQA;DQ-A1;CELIAC1,N,N,N,N,N,N,N,N,N,N,N,N,N,N,N,N,N,N,N,N,N,N,N,N,N,N,N,N,N,N,N,N
HLA-DQA2;DX-ALPHA;HLA-DXA;HLADQA2,N,N,N,N,N,N,N,N,N,N,N,N,N,N,N,N,N,N,N,N,N,N,N,N,N,N,N,N,N,N,N,N
HLA-DQB1;HLA-DQB;IDDM1;CELIAC1,N,N,N,N,N,N,N,N,N,N,N,N,N,N,N,N,N,N,N,N,N,N,N,N,N,N,N,N,N,N,N,N
HLA-DRA;HLA-DRA1,N,N,N,N,N,N,N,N,N,N,N,N,N,N,N,N,N,N,N,N,N,N,N,N,N,N,N,N,N,N,N,N
HLA-DRB1;DRB1;HLA-DRB;SS1;HLA-DR1B,N,N,N,N,N,N,N,N,N,N,N,N,N,N,N,N,N,N,N,N,N,N,N,N,N,N,N,N,N,N,N,N
HLA-DRB3;HLA-DR3B;HLA-DR1B,N,N,N,N,N,N,N,N,N,N,N,N,N,N,N,N,N,N,N,N,N,N,N,N,N,N,N,N,N,N,N,N
DR4;HLA-DR4B;HLA-DRB4;DRB4,N,N,N,N,N,N,N,N,N,N,N,N,N,N,N,N,N,N,N,N,N,N,N,N,N,N,N,N,N,N,N,N
HLA-DRB5,N,N,N,N,N,N,N,N,N,N,N,N,N,N,N,N,N,N,N,N,N,N,N,N,N,N,N,N,N,N,N,N
HP10347;L-SIGN;DC-SIGNR;CD299;CD209L;DC-SIGN2;DCSIGNR;LSIGN;CLEC4M,D,D,D,N,N,N,N,D,D,N,N,N,N,D,D,D,D,D,D,D,D,D,N,D,N,D,D,D,N,N,D,D
CDSIGN;CLEC4L;DC-SIGN1;DC-SIGN;CD209,D,D,D,N,N,N,N,D,D,N,N,N,N,D,D,D,D,D,D,D,D,D,N,D,N,D,D,D,N,N,D,D
CLEC7A;CLECSF12;CANDF4;DECTIN1;CD369;SCARE2;BGR,N,N,N,N,N,N,N,N,N,N,N,N,N,N,N,N,N,N,N,N,N,N,N,N,N,N,N,N,N,N,N,N
PSF-1;D6S114E;ABCB2;TAP1;ABC17;APT1;TAP1*0102N;TAP1N;RING4;PSF1,D,D,D,D,D,D,D,D,D,N,D,D,D,D,D,D,D,D,D,D,D,D,D,D,D,D,D,D,D,D,D,D
D6S217E;ABCB3;TAP2;RING11;APT2;PSF-2;PSF2;ABC18,D,D,D,D,D,D,D,D,D,N,D,D,D,D,D,D,D,D,D,D,D,D,D,D,D,D,D,D,D,D,D,D
MEP;CTSL1;CATL;CTSL,D,D,D,D,D,N,N,D,D,N,D,D,D,D,D,N,D,D,D,D,D,D,D,N,D,D,D,N,D,D,D,D
CTSS,B,B,B,B,B,N,N,B,B,N,B,N,B,B,B,N,B,B,B,B,B,B,N,N,N,B,B,N,N,N,B,B
HLAA;HLA-A,N,N,N,N,N,N,N,N,N,N,N,N,N,N,N,N,N,N,N,N,N,N,N,N,N,N,N,N,N,N,N,N
AS;HLAB;HLA-B;B-4901,N,N,N,N,N,N,N,N,N,N,N,N,N,N,N,N,N,N,N,N,N,N,N,N,N,N,N,N,N,N,N,N
HLC-C;PSORS1;HLA-C;MHC;HLA-JY3;D6S204;HLAC,N,N,N,N,N,N,N,N,N,N,N,N,N,N,N,N,N,N,N,N,N,N,N,N,N,N,N,N,N,N,N,N
HLA-E;QA1;HLA-6.2,N,N,N,N,N,N,N,N,N,N,N,N,N,N,N,N,N,N,N,N,N,N,N,N,N,N,N,N,N,N,N,N
HLAF;HLA-CDA12;HLA-F;HLA-5.4;CDA12,N,N,N,N,N,N,N,N,N,N,N,N,N,N,N,N,N,N,N,N,N,N,N,N,N,N,N,N,N,N,N,N
HLA-G;MHC-G,N,N,N,N,N,N,N,N,N,N,N,N,N,N,N,N,N,N,N,N,N,N,N,N,N,N,N,N,N,N,N,N
TFRC;TFR1;CD71;p90;IMD46;TRFR;TR;T9;TFR,N,N,B,N,N,B,N,N,N,N,N,N,B,N,N,N,N,N,N,N,B,N,B,B,N,N,N,B,N,N,B,B
IMD8;TACO;CLABP;CORO1A;CLIPINA;p57;HCORO1,D,D,D,D,D,D,D,D,D,D,D,D,D,D,D,D,D,D,D,D,D,D,D,D,D,D,D,D,D,D,D,D
