HSE1,A,A,A,A,A,N,N,N,A,N,A,A,A,A,A,A,A,A,A,A,A,A,A,A,A,A,A,A,A,A,A,A
DID7;VPT27;VPL23;SSV17;VPS27;GRD11,D,D,D,D,D,D,D,D,D,N,D,D,D,D,D,D,D,D,D,D,D,D,D,D,D,D,D,D,D,D,D,D
MUT4;DOA4;UBP4;SSV7;NPI2;DOS1,B,B,B,B,B,B,B,B,B,N,B,B,B,B,B,B,B,B,B,B,B,B,B,B,B,B,B,B,B,B,B,B
UBP5,B,B,B,B,B,B,B,B,B,N,B,B,B,B,B,B,B,B,B,B,B,B,B,B,B,B,B,B,B,B,B,B
UBY1;MUT2;RSP5;MDP1;SMM1;NPI1,D,D,D,D,D,D,D,D,D,N,D,D,D,D,D,D,D,D,D,D,D,D,D,D,D,D,D,D,D,D,D,D
SWA5;CHC1,A,N,A,A,A,N,A,A,N,N,A,A,N,N,N,N,N,A,N,A,A,N,A,N,N,A,N,N,N,N,A,A
APL3,A,A,A,A,A,A,A,N,A,N,A,A,A,A,A,A,A,N,A,A,A,A,A,A,N,A,A,A,A,A,A,N
APS2;YAP17,A,A,A,A,A,A,N,A,A,N,A,A,A,A,A,A,A,A,A,A,A,A,A,A,A,A,A,A,N,A,A,A
AMP1;APM4,A,A,A,A,A,A,N,A,A,N,A,A,A,A,A,A,A,A,N,A,A,A,A,A,A,A,A,A,A,A,A,A
MVB12,N,N,N,N,N,N,N,N,N,N,N,N,N,N,N,N,N,N,N,N,N,N,N,N,N,N,N,N,N,N,N,N
VPS28;VPT28;VPL13,N,A,N,N,A,N,A,A,A,N,N,A,A,A,N,N,N,A,A,A,N,A,N,A,A,A,N,A,A,A,A,N
SSA1;YG100,D,D,D,D,D,D,D,D,D,N,D,D,D,D,D,D,D,D,D,D,D,D,D,D,N,D,D,D,D,D,D,D
SSA3;YG106,D,D,D,D,D,D,D,D,D,N,D,D,D,D,D,D,D,D,D,D,D,D,D,D,N,D,D,D,D,D,D,D
SSA4;YG107,D,D,D,D,D,D,D,D,D,N,D,D,D,D,D,D,D,D,D,D,D,D,D,D,N,D,D,D,D,D,D,D
SSA2;YG102,D,D,D,D,D,D,D,D,D,N,D,D,D,D,D,D,D,D,D,D,D,D,D,D,N,D,D,D,D,D,D,D
SSB2;YG103,D,D,D,D,D,D,D,D,D,N,D,D,D,D,D,D,D,D,D,D,D,D,D,D,N,D,D,D,D,D,D,D
VPL11;VAC3;VPS36;GRD12,N,N,N,N,N,N,N,N,N,N,N,N,N,N,N,N,N,N,N,N,N,N,N,N,N,N,N,N,N,N,N,N
AGS1;VPL15;VPS23;STP22,N,A,N,A,A,A,A,N,A,N,N,A,N,N,N,N,N,N,N,N,A,N,N,N,N,N,N,N,N,N,A,A
VPL12;VPT25;VPS25,N,A,N,N,N,N,N,N,A,N,N,N,N,N,N,N,A,N,N,N,N,N,A,N,N,N,N,N,N,N,A,N
VPS22;SNF8;VPL14,D,D,D,D,D,D,D,D,D,N,D,D,D,D,D,D,D,D,D,D,D,D,D,D,D,D,D,D,D,D,D,D
VPL10;VPT20;CHM6;VPS20,A,A,N,N,N,A,N,A,A,N,N,A,N,N,N,N,A,N,A,A,N,N,A,A,N,N,N,A,A,N,N,A
DID3;VPL26;VPS24,A,A,N,N,A,A,N,A,A,N,A,N,A,A,A,N,A,N,N,A,A,A,N,N,A,N,N,A,N,A,A,A
RNS4;SNF7;DID1;VPL5;VPS32,A,A,N,N,N,A,N,A,A,N,N,A,N,N,N,N,A,N,A,A,N,N,A,A,N,N,N,A,A,N,N,A
CHM1;DID2;FTI1;VPS46;VPL30,A,A,N,N,A,A,N,N,A,N,A,N,A,A,A,N,N,N,N,A,A,A,N,N,A,N,N,A,N,A,A,A
VPS2;VPL2;GRD7;REN1;DID4;VPS14;VPT14;CHM2,A,A,N,N,A,A,N,A,A,N,A,N,A,A,A,N,A,N,N,A,A,A,N,N,A,N,N,A,N,A,A,A
RIM20,B,N,B,N,B,B,N,N,N,N,B,N,N,B,B,B,N,N,N,N,N,B,B,N,N,N,B,N,B,N,B,B
VPT10;END13;CSC1;DID6;VPS4;VPL4;GRD13,D,D,D,D,D,D,D,D,D,D,D,D,D,D,D,D,D,D,D,D,D,D,D,D,D,D,D,D,D,D,D,D
VTA1,N,N,N,N,N,N,N,N,N,N,N,N,N,N,N,N,N,N,N,N,N,N,N,N,N,N,N,N,N,N,N,N
VPS60;CHM5;MOS10,A,A,N,N,N,A,N,A,A,N,N,A,N,N,N,N,A,N,A,A,N,N,A,A,N,N,N,A,A,N,N,A
CDC42,D,D,D,D,D,D,D,D,D,D,D,D,D,D,D,D,D,D,D,D,D,D,D,D,D,D,D,D,D,D,D,D
ARF3;ARL2,D,D,D,D,D,D,D,D,D,N,D,D,D,D,D,D,D,D,D,D,D,D,D,D,D,D,D,D,D,D,D,D
YPT31;YPT8,D,D,D,D,D,D,D,D,D,D,D,D,D,D,D,D,D,D,D,D,D,D,D,D,D,D,D,D,D,D,D,D
YPT32,D,D,D,D,D,D,D,D,D,D,D,D,D,D,D,D,D,D,D,D,D,D,D,D,D,D,D,D,D,D,D,D
ENT1,D,N,N,N,D,D,D,D,D,N,D,N,D,D,N,D,N,D,D,D,D,D,D,D,N,D,D,D,N,D,D,D
ENT3,D,N,N,N,D,D,D,D,D,N,D,N,D,D,N,D,N,D,D,D,D,D,D,D,N,D,D,D,N,D,D,D
ENT2,D,N,N,N,D,D,D,D,D,N,D,N,D,D,N,D,N,D,D,D,D,D,D,D,N,D,D,D,N,D,D,D
BUD15;EDE1,D,D,D,D,D,N,N,N,D,N,D,D,D,D,D,D,D,D,D,D,D,D,D,D,D,D,D,D,D,D,D,D
YPT52,D,D,D,D,D,D,D,D,D,D,D,D,D,D,D,D,D,D,D,D,D,D,D,D,D,D,D,D,D,D,D,D
VPS21;VPT12;YPT51;VPS12;YPT21,D,D,D,D,D,D,D,D,D,D,D,D,D,D,D,D,D,D,D,D,D,D,D,D,D,D,D,D,D,D,D,D
PLD1;SPO14,D,D,N,N,N,N,D,N,D,N,D,D,D,D,N,N,D,N,N,D,D,D,D,N,N,D,N,D,N,N,D,N
MSS4,D,D,D,D,D,D,D,D,D,N,D,D,D,D,D,D,D,D,D,D,D,D,D,D,N,D,D,D,D,D,D,D
SEC7,D,D,D,D,D,D,D,D,D,N,D,D,D,D,D,D,D,D,D,D,D,D,D,D,D,D,D,D,D,D,D,D
GEA2,D,D,D,D,D,D,D,D,D,N,D,D,D,D,D,D,D,D,D,D,D,D,D,D,D,D,D,D,D,D,D,D
GEA1,D,D,D,D,D,D,D,D,D,N,D,D,D,D,D,D,D,D,D,D,D,D,D,D,D,D,D,D,D,D,D,D
GCS1,D,D,D,D,D,D,D,D,D,N,D,D,D,D,D,D,D,D,D,D,D,D,D,D,D,D,D,D,D,D,D,D
AGE1;SAT1,D,D,D,D,D,D,D,D,D,N,D,D,D,D,D,D,D,D,D,D,D,D,D,D,D,D,D,D,D,D,D,D
GLO3,D,D,D,D,D,D,D,D,D,N,D,D,D,D,D,D,D,D,D,D,D,D,D,D,D,D,D,D,D,D,D,D
SAT2;AGE2,D,D,D,D,D,D,D,D,D,N,D,D,D,D,D,D,D,D,D,D,D,D,D,D,D,D,D,D,D,D,D,D
VAC1;VPT19;VPS19;VPL21;PEP7,A,A,A,A,A,N,N,N,A,N,A,A,A,A,N,A,A,A,A,A,A,A,A,A,A,A,A,A,A,A,A,A
STT10;VPL28;VPS45,A,N,A,A,A,A,A,N,A,N,A,A,N,A,A,A,A,N,A,A,N,N,A,A,A,N,A,N,N,A,A,A
YPT7;VAM4;AST4,D,D,D,D,D,D,D,D,D,D,D,D,D,D,D,D,D,D,D,D,D,D,D,D,D,D,D,D,D,D,D,D
RHO1,D,D,D,D,D,D,D,D,D,D,D,D,D,D,D,D,D,D,D,D,D,D,D,D,D,D,D,D,D,D,D,D
CHM7,N,N,N,N,N,N,N,N,N,N,N,N,N,N,N,N,N,N,N,N,N,N,N,N,N,N,N,N,N,N,N,N
ARF2,D,D,D,D,D,D,D,D,D,N,D,D,D,D,D,D,D,D,D,D,D,D,D,D,D,D,D,D,D,D,D,D
ARF1,D,D,D,D,D,D,D,D,D,N,D,D,D,D,D,D,D,D,D,D,D,D,D,D,D,D,D,D,D,D,D,D
SMY1,D,D,D,D,D,D,D,D,D,D,D,D,D,D,D,D,D,D,D,D,D,D,D,D,D,D,D,D,D,D,D,D
CAP1,A,A,A,N,N,N,N,N,A,N,N,A,A,N,N,N,N,N,N,N,A,A,N,N,N,A,A,A,N,A,A,A
CAP2,N,N,A,N,N,N,N,N,A,N,A,A,A,A,N,N,A,N,A,N,N,N,N,A,A,N,N,N,A,N,A,N
SNX4;CVT13;ATG24,A,A,A,N,N,N,N,N,A,N,A,N,A,A,A,N,A,A,N,N,A,A,A,A,N,N,N,A,N,A,A,A
PEP8;VPT4;VPS26;GRD6,A,A,A,A,A,N,N,N,A,N,A,N,A,A,A,N,A,N,N,N,N,N,A,A,A,N,A,N,A,A,A,N
PEP11;VPT6;VPS29,N,N,N,N,N,N,N,N,N,N,N,N,N,N,N,N,N,N,N,N,N,N,N,N,N,N,N,N,N,N,N,N
VPT7;VPS35;GRD9,A,A,N,A,A,A,N,A,A,N,A,N,A,A,A,N,A,A,A,N,N,N,A,A,N,N,A,A,N,A,N,A
SRO6;SEC4,D,D,D,D,D,D,D,D,D,D,D,D,D,D,D,D,D,D,D,D,D,D,D,D,D,D,D,D,D,D,D,D
RVS167,A,A,A,N,A,N,N,N,A,N,A,N,A,A,A,N,N,N,A,A,A,A,A,A,A,A,A,A,A,A,A,A
ARC40,A,A,N,N,A,N,A,A,A,N,A,N,N,A,A,A,N,N,A,N,A,A,A,A,N,N,N,A,N,N,A,A
ARC15,A,N,A,N,N,N,N,N,A,N,A,N,N,N,A,N,N,N,A,N,N,N,A,N,N,A,N,A,N,A,A,A
ARC19,N,A,A,N,A,N,N,N,A,N,A,A,A,A,N,N,N,N,A,N,A,A,A,A,A,A,N,A,N,A,A,N
ARC18,A,A,A,N,N,N,N,N,A,N,A,A,A,A,A,N,N,N,A,N,A,A,A,A,A,A,A,N,A,A,A,A
ARC35;END9,N,N,N,N,N,N,N,N,A,N,A,N,A,N,N,N,N,N,N,N,A,N,A,N,N,N,N,N,N,N,N,A
SNX3;GRD19,A,A,N,N,A,N,N,N,A,N,A,N,N,A,A,N,A,N,N,N,A,A,A,A,N,N,N,A,N,A,A,A
GRD2;VPT5;PEP10;VPS5,A,A,A,N,A,N,N,N,A,N,A,N,A,A,A,N,A,A,N,N,A,A,A,A,N,N,N,A,N,A,A,A
LAS17;BEE1,N,A,A,N,N,N,N,A,A,N,A,N,A,A,N,N,N,N,N,A,A,A,N,N,N,N,N,N,N,N,A,N
END5;VRP1;YLR337W;MDP2,N,N,N,N,N,N,N,N,N,N,N,N,N,N,N,N,N,N,N,N,N,N,N,N,N,N,N,N,N,N,N,N
IST1,A,A,A,N,A,A,N,N,A,N,A,A,A,N,N,N,A,N,A,N,N,N,A,N,A,A,A,N,A,N,A,A
