BMAL1;MOP3;BMAL1c;ARNTL;TIC;bHLHe5;JAP3;PASD3,N,N,N,B,B,N,B,N,N,B,B,N,N,N,B,B,B,B,N,B,B,B,B,B,N,B,N,N,N,N,B,N
bHLHe9;PASD4;MOP4;NPAS2,N,N,N,B,B,N,B,N,N,B,B,N,N,N,B,B,B,B,N,B,B,B,B,B,N,B,N,N,N,N,B,N
KAT13D;CLOCK;bHLHe8,N,N,N,B,B,N,B,N,N,N,B,N,N,N,N,N,B,B,N,B,B,B,B,B,N,B,N,N,N,N,B,N
ROR2;RZR-ALPHA;ROR3;ROR1;RORA;RZRA;NR1F1,N,N,N,N,N,N,N,N,N,N,N,N,N,N,N,N,N,N,N,N,N,N,N,N,N,N,N,N,N,N,N,N
NR1F2;ROR-BETA;RZR-BETA;RORB;bA133M9.1;RZRB,N,N,N,N,N,N,N,N,N,N,N,N,N,N,N,N,N,N,N,N,N,N,N,N,N,N,N,N,N,N,N,N
TOR;NR1F3;RZRG;RZR-GAMMA;RORG;RORC;IMD42,N,N,N,N,N,N,N,N,N,N,N,N,N,N,N,N,N,N,N,N,N,N,N,N,N,N,N,N,N,N,N,N
THRAL;EAR1;hRev;NR1D1;ear-1;THRA1,N,N,N,N,N,N,N,N,N,N,N,N,N,N,N,N,N,N,N,N,N,N,N,N,N,N,N,N,N,N,N,N
PER1;hPER;RIGUI;PER,N,N,N,B,B,N,B,N,N,B,B,N,N,N,B,B,B,B,N,B,B,B,B,B,N,B,N,N,N,N,B,N
PER3;FASPS3;GIG13,N,N,N,B,B,N,B,N,N,B,B,N,N,N,B,B,B,B,N,B,B,B,B,B,N,B,N,N,N,N,B,N
FASPS1;FASPS;PER2,N,N,N,N,N,N,A,N,N,A,A,N,N,N,A,A,A,N,N,N,N,N,N,N,N,N,N,N,N,N,A,N
PHLL1;DSPD;CRY1,N,N,D,N,N,D,N,D,D,N,D,N,N,D,N,N,N,D,N,D,D,N,N,D,N,N,N,N,N,N,N,D
CRY2;PHLL2;HCRY2,N,N,D,N,N,D,N,D,D,N,D,N,N,D,N,N,N,D,N,D,D,N,N,D,N,N,N,N,N,N,N,D
13,D,D,D,D,D,D,D,D,D,D,D,D,D,D,D,D,D,D,D,D,D,D,D,D,D,D,D,D,D,D,D,D
FASPS2;CKIdelta;ASPS;CSNK1D;HCKID,D,D,D,D,D,D,D,D,D,D,D,D,D,D,D,D,D,D,D,D,D,D,D,D,D,D,D,D,D,D,D,D
CSNK1E;HCKIE;CKIepsilon,D,D,D,D,D,D,D,D,D,D,D,D,D,D,D,D,D,D,D,D,D,D,D,D,D,D,D,D,D,D,D,D
SKP1;SKP1A;p19A;TCEB1L;OCP2;OCP-II;EMC19,A,A,A,N,A,N,N,A,A,N,A,A,N,A,N,N,A,A,N,A,N,A,A,N,A,A,N,N,A,A,N,N
CUL1,A,A,A,N,A,A,A,A,A,N,A,A,A,A,A,A,A,A,A,A,A,N,A,A,N,A,N,A,N,N,A,A
RBX1;BA554C12.1;RNF75;ROC1,C,C,C,C,C,C,C,C,C,N,C,C,C,C,C,C,C,C,C,C,C,C,C,C,C,C,C,C,C,C,C,C
BTRCP2;Hos;FBW1B;BTRC2;FBXW1B;FBXW11;Fbw11,D,D,D,D,D,D,D,D,D,D,D,D,D,D,D,D,D,D,D,D,D,D,D,D,D,D,D,D,D,D,D,D
FBW1A;bTrCP;bTrCP1;FBXW1;BETA-TRCP;betaTrCP;FBXW1A;FWD1;BTRC,D,D,D,D,D,D,D,D,D,D,D,D,D,D,D,D,D,D,D,D,D,D,D,D,D,D,D,D,D,D,D,D
FBL3A;FBL3;FBXL3A;FBXL3,N,N,N,N,N,N,N,N,N,N,N,N,N,N,N,N,N,N,N,N,N,N,N,N,N,N,N,N,N,N,N,N
WPWS;H91620p;AAKG;CMH6;PRKAG2;AAKG2,A,N,N,N,N,N,N,A,N,N,N,N,N,A,N,N,N,N,N,N,N,N,N,N,A,N,N,N,N,A,N,N
AMPKG3;PRKAG3,A,N,N,N,N,N,N,A,N,N,N,N,N,A,N,N,N,N,N,N,N,N,N,N,A,N,N,N,N,A,N,N
AMPKa1;AMPK;PRKAA1,D,D,D,D,D,D,D,D,D,D,D,D,D,D,D,D,D,D,D,D,D,D,D,D,D,D,D,D,D,D,D,D
PRKAA;AMPK;PRKAA2;AMPK2;AMPKa2,D,D,D,D,D,D,D,D,D,D,D,D,D,D,D,D,D,D,D,D,D,D,D,D,D,D,D,D,D,D,D,D
PRKAB1;HAMPKb;AMPK,A,N,A,A,A,A,N,N,A,N,N,N,A,A,N,N,N,N,A,N,N,N,N,A,A,A,N,N,N,A,N,N
PRKAB2,A,N,A,A,A,A,N,N,A,N,N,N,A,A,N,N,N,N,A,N,N,N,N,A,A,A,N,N,N,A,N,N
AMPKG;PRKAG1,A,N,N,N,N,N,N,A,N,N,N,N,N,A,N,N,N,N,N,N,N,N,N,N,A,N,N,N,N,A,N,N
CREB1;CREB;CREB-1,N,N,N,N,N,N,N,N,N,N,N,N,N,N,N,N,N,N,N,N,N,N,N,N,N,N,N,N,N,N,N,N
DEC2;BHLHB3;hDEC2;BHLHE41;SHARP1,N,N,N,N,N,N,N,N,N,N,N,N,N,N,N,N,N,N,N,N,N,N,N,N,N,N,N,N,N,N,N,N
SHARP-2;SHARP2;STRA13;Stra14;BHLHB2;Clast5;BHLHE40;HLHB2;DEC1,N,N,N,N,N,N,N,N,N,N,N,N,N,N,N,N,N,N,N,N,N,N,N,N,N,N,N,N,N,N,N,N
