LOX3,B,B,N,N,N,N,N,B,B,N,B,B,N,B,B,N,B,N,N,N,B,B,B,N,B,B,N,B,N,N,B,B
LOX6,B,B,N,N,N,N,N,B,B,N,B,B,N,B,B,N,B,N,N,N,B,B,B,N,B,B,N,B,N,N,B,B
LOX4,B,B,N,N,N,N,N,B,B,N,B,B,N,B,B,N,B,N,N,N,B,B,B,N,B,B,N,B,N,N,B,B
LOX2,B,B,N,N,N,N,N,B,B,N,B,B,N,B,B,N,B,N,N,N,B,B,B,N,B,B,N,B,N,N,B,B
PLA2-ALPHA,N,N,N,N,N,N,N,N,N,N,N,N,N,N,N,N,N,N,N,N,N,N,N,N,N,N,N,N,N,N,N,N
SDP1-LIKE,N,N,A,N,N,N,N,N,N,N,A,N,N,N,A,N,A,A,N,N,N,N,A,A,N,N,N,N,N,N,N,N
SDP1,N,N,A,N,N,N,N,N,N,N,A,N,N,N,A,N,A,A,N,N,N,N,A,A,N,N,N,N,N,N,N,N
LOX1,B,B,N,N,N,N,N,B,B,N,B,B,N,B,B,N,B,N,N,N,B,B,B,N,B,B,N,B,N,N,B,B
LOX5,B,B,N,N,N,N,N,B,B,N,B,B,N,B,B,N,B,N,N,N,B,B,B,N,B,B,N,B,N,N,B,B
