TXREB;TAXREB67;ATF4;CREB2;CREB-2,N,N,N,N,N,N,N,N,N,N,N,N,N,N,N,N,N,N,N,N,N,N,N,N,N,N,N,N,N,N,N,N
DDIT3;GADD153;CHOP10;C/EBPzeta;CHOP-10;CEBPZ;CHOP,N,N,N,N,N,N,N,N,N,N,N,N,N,N,N,N,N,N,N,N,N,N,N,N,N,N,N,N,N,N,N,N
SAPK1;JNK;SAPK1c;PRKM8;JNK21B1/2;MAPK8;JNK1A2;JNK1;JNK-46,D,D,D,D,D,D,D,D,D,D,D,D,D,D,D,D,D,D,D,D,D,D,D,D,D,D,D,D,D,D,D,D
p54aSAPK;MAPK9;p54a;JNK2B;JNK-55;JNK2BETA;SAPK;JNK2;SAPK1a;JNK2ALPHA;JNK2A;PRKM9,D,D,D,D,D,D,D,D,D,D,D,D,D,D,D,D,D,D,D,D,D,D,D,D,D,D,D,D,D,D,D,D
JNK3;SAPK1b;MAPK10;JNK3A;PRKM10;p54bSAPK;p493F12,D,D,D,D,D,D,D,D,D,D,D,D,D,D,D,D,D,D,D,D,D,D,D,D,D,D,D,D,D,D,D,D
TRAP;TRAP3;TRAF2;MGC:45012,A,N,A,N,N,N,A,N,N,N,A,N,N,A,N,N,A,N,N,N,A,N,N,N,N,N,N,N,N,N,A,N
MAP3K5;MAPKKK5;MEKK5;ASK1,D,D,D,D,D,D,D,D,D,D,D,D,D,D,D,D,D,D,D,D,D,D,D,D,D,D,D,D,D,D,D,D
JNKK2;MAP2K7;SAPKK-4;PRKMK7;SAPKK4;MAPKK7;MKK7;MEK_7;MEK,D,D,D,D,D,D,D,D,D,D,D,D,D,D,D,D,D,D,D,D,D,D,D,D,D,D,D,D,D,D,D,D
EIF-2alpha;EIF2S1;EIF2A;EIF-2A;EIF2;EIF-2,N,D,N,D,D,D,D,D,D,D,D,D,D,D,N,D,D,D,D,D,N,D,N,D,D,D,D,N,N,N,D,N
IP90;P90;CNX;CANX,A,A,A,N,A,N,A,A,A,N,A,A,A,A,N,A,A,A,A,A,A,A,A,A,A,A,A,A,A,A,A,A
SSA;cC1qR;HEL-S-99n;CALR;RO;CRT,A,A,A,N,A,N,A,A,A,N,A,A,A,A,N,A,A,A,A,A,A,A,A,A,A,A,A,A,A,A,A,A
PPP1R15A;GADD34,N,N,N,N,N,N,N,N,N,N,N,N,N,N,N,N,N,N,N,N,N,N,N,N,N,N,N,N,N,N,N,N
PI-PLC;GRP57;ERp60;ER60;HEL-S-93n;P58;HEL-S-269;ERp57;ERp61;HsT17083;PDIA3;GRP58,D,D,D,D,D,D,D,D,D,N,D,D,D,D,D,D,D,D,D,D,D,D,D,D,D,D,D,D,D,D,D,D
CASP-12;CASP12;CASP12P1,N,N,N,N,N,N,N,N,N,N,N,N,N,N,N,N,N,N,N,N,N,N,N,N,N,N,N,N,N,N,N,N
CANP1;CANPL1;SPG76;muCANP;CAPN1;muCL;CANP,D,D,D,N,D,D,D,D,D,N,D,D,D,D,D,D,D,D,D,D,D,D,D,D,D,D,D,D,D,D,D,D
CANPL2;CANPml;mCANP;CANP2;CAPN2,D,D,D,N,D,D,D,D,D,N,D,D,D,D,D,D,D,D,D,D,D,D,D,D,D,D,D,D,D,D,D,D
SEC61B,A,A,N,N,A,N,N,N,A,N,A,A,N,N,N,A,N,N,A,N,A,N,N,A,A,N,N,N,N,N,N,N
SSS1;SEC61G,C,N,N,N,C,N,C,N,C,N,C,N,C,N,C,C,C,N,N,C,N,N,N,C,C,N,N,C,N,N,N,N
SEC61;SEC61A;HNFJ4;HSEC61;SEC61A1,N,N,N,N,B,N,B,N,B,N,B,N,B,B,N,B,B,B,N,N,N,B,N,N,N,B,N,B,N,N,B,B
SEC61A2,N,N,N,N,B,N,B,N,B,N,B,N,B,B,N,B,B,B,N,N,N,B,N,N,N,B,N,B,N,N,B,B
CDC48;VCP;TERA;p97,D,D,D,D,D,D,D,D,D,D,D,D,D,D,D,D,D,D,D,D,D,D,D,D,D,D,D,D,D,D,D,D
DAD1;OST2,A,A,A,N,N,N,A,A,A,N,N,N,N,N,N,A,A,N,N,A,A,N,N,N,N,A,A,A,N,N,A,A
OST;DDOST;OST48;AGER1;CDG1R;WBP1;OKSWcl45;GATD6,N,A,A,N,N,N,N,A,A,N,N,N,N,A,N,N,N,N,N,A,A,N,A,N,N,A,N,A,N,N,A,A
STT3-B;STT3B;CDG1X;SIMP,D,D,N,D,N,N,N,D,N,N,D,D,N,N,D,N,D,N,N,N,N,N,D,N,N,N,N,N,N,D,N,N
STT3-A;STT3A;TMC;ITM1,D,D,N,D,N,N,N,D,N,N,D,D,N,N,D,N,D,N,N,N,N,N,D,N,N,N,N,N,N,D,N,N
RBPH1;RPN1;OST1,A,A,A,N,N,A,A,A,A,N,A,A,N,N,A,A,N,A,A,A,A,N,N,A,A,N,A,A,N,N,A,A
SWP1;RPNII;RPN-II;RIBIIR;RPN2,N,N,N,N,N,N,N,N,N,N,N,N,N,N,N,N,N,N,N,N,N,N,N,N,N,N,N,N,N,N,N,N
OST3A;MRT22;MRT7;N33;D8S1992;TUSC3;M33,N,N,N,N,N,N,N,N,N,N,N,N,N,N,N,N,N,N,N,N,N,N,N,N,N,N,N,N,N,N,N,N
bA4204.1;C20orf31;EDEM2;C20orf49,D,D,D,N,D,D,D,D,D,N,D,N,D,D,N,D,D,D,D,D,D,D,D,D,N,D,D,N,N,D,D,N
EDEM3;C1orf22,D,D,D,N,D,D,D,D,D,N,D,N,D,D,N,D,D,D,D,D,D,D,D,D,N,D,D,N,N,D,D,N
EDEM;EDEM1,D,D,D,N,D,D,D,D,D,N,D,N,D,D,N,D,D,D,D,D,D,D,D,D,N,D,D,N,N,D,D,N
SEC24B;SEC24,B,N,B,B,B,B,B,B,B,N,B,N,N,B,N,N,B,B,N,B,B,N,B,N,N,B,B,B,N,B,B,N
CDA-II;hSec23B;SEC23B;CDAN2;HEMPAS;CWS7;CDAII,A,N,A,N,A,N,A,N,A,N,A,N,N,A,N,N,A,N,N,A,N,N,A,N,N,N,A,N,N,N,A,N
hSec23A;SEC23A;CLSD,A,N,A,N,A,N,A,N,A,N,A,N,N,A,N,N,A,N,N,A,N,N,A,N,N,N,A,N,N,N,A,N
SEC24A,B,N,B,B,B,B,B,B,B,N,B,N,N,B,N,N,B,B,N,B,B,N,B,N,N,B,B,B,N,B,B,N
SEC24C,B,N,B,B,B,B,B,B,B,N,B,N,N,B,N,N,B,B,N,B,B,N,B,N,N,B,B,B,N,B,B,N
SEC24D;CLCRP2,B,N,B,B,B,B,B,B,B,N,B,N,N,B,N,N,B,B,N,B,B,N,B,N,N,B,B,B,N,B,B,N
LMAN2;C5orf8;GP36B;VIP36,N,N,N,N,N,N,N,N,N,N,N,N,N,N,N,N,N,N,N,N,N,N,N,N,N,N,N,N,N,N,N,N
F5F8D;FMFD1;MCFD1;ERGIC53;ERGIC-53;LMAN1;gp58;MR60,N,N,N,N,N,N,N,N,N,N,N,N,N,N,N,N,N,N,N,N,N,N,N,N,N,N,N,N,N,N,N,N
UFD1;UFD1L,A,A,N,A,N,A,N,A,A,N,A,A,A,N,A,A,N,A,A,N,N,A,A,A,N,A,N,N,N,N,A,A
NPLOC4;NPL4,A,N,A,N,A,N,N,A,A,N,A,N,N,N,N,N,N,N,N,N,N,N,A,N,N,N,N,N,N,N,N,A
ERO1-L-alpha;ERO1LA;ERO1L;Ero1alpha;ERO1A;ERO1-alpha;ERO1-L,D,D,D,D,D,D,D,D,D,N,D,D,D,D,D,D,D,D,D,D,D,D,D,D,D,D,N,D,D,D,D,D
Ero1beta;ERO1LB;ERO1B,D,D,D,D,D,D,D,D,D,N,D,D,D,D,D,D,D,D,D,D,D,D,D,D,D,D,N,D,D,D,D,D
MAN1A2;MAN1B,D,D,D,N,D,D,D,D,D,N,D,N,D,D,N,D,D,D,D,D,D,D,D,D,N,D,D,N,N,D,D,N
MANA-ER;ERMAN1;MAN1B1;ERManI;MRT15,D,D,D,N,D,D,D,D,D,N,D,N,D,D,N,D,D,D,D,D,D,D,D,D,N,D,D,N,N,D,D,N
HUMM9;MAN1A1;MAN9;HUMM3,D,D,D,N,D,D,D,D,D,N,D,N,D,D,N,D,D,D,D,D,D,D,D,D,N,D,D,N,N,D,D,N
HMIC;pp6318;MAN1C1;MAN1C;MAN1A3,D,D,D,N,D,D,D,D,D,N,D,N,D,D,N,D,D,D,D,D,D,D,D,D,N,D,D,N,N,D,D,N
GANAB;GLUII;GIIA;PKD3;G2AN,N,N,N,N,N,C,N,N,C,N,C,N,N,N,C,N,N,N,N,N,C,C,N,N,N,N,N,N,N,N,C,C
PCLD1;PRKCSH;VASAP-60;AGE-R2;PLD1;PCLD;PKCSH;G19P1;GIIB,A,N,A,N,A,A,A,A,A,N,A,A,A,A,N,N,A,A,A,A,A,A,N,N,A,N,A,A,A,N,A,N
CDG2B;DER7;MOGS;CWH41;GCS1,N,N,D,N,N,N,N,N,D,N,D,N,N,D,N,N,D,N,D,N,D,D,N,N,D,N,D,D,D,N,N,N
UGCGL2;UGT2;HUGT2;UGGT2,N,A,N,N,N,N,N,N,A,N,A,N,N,N,N,N,A,N,N,N,A,A,A,A,A,N,N,N,N,N,A,A
UGGT1;UGCGL1;HUGT1;UGT1,N,A,N,N,N,N,N,N,A,N,A,N,N,N,N,N,A,N,N,N,A,A,A,A,A,N,N,N,N,N,A,A
TEB4;MARCH6;DOA10;RNF176;MARCH-VI,A,A,A,N,A,N,A,A,A,N,A,A,A,N,A,N,A,A,A,A,N,A,N,A,A,A,N,A,A,N,A,N
DER3;SYVN1;HRD1,D,D,D,D,D,D,D,D,D,N,D,D,D,D,D,D,D,D,D,D,D,D,D,D,D,D,D,D,D,D,D,D
UBE2G;UBC7;UBE2G1;E217K,D,D,D,D,D,D,D,D,D,D,D,D,D,D,D,D,D,D,D,D,D,D,D,D,D,D,D,D,D,D,D,D
UBE2G2;UBC7,D,D,D,D,D,D,D,D,D,D,D,D,D,D,D,D,D,D,D,D,D,D,D,D,D,D,D,D,D,D,D,D
HEL-S-89n;GRP78;HSPA5;MIF2;BIP,D,D,D,D,D,D,D,D,D,N,D,D,D,D,D,D,D,D,D,D,D,D,D,D,D,D,D,D,D,D,D,D
ERdj2;PCLD2;PRO2507;SEC63;SEC63L;DNAJC23,D,D,D,D,D,D,D,D,D,N,D,D,D,D,D,D,D,D,D,D,D,D,D,D,D,D,D,D,D,D,D,D
HTP1;TLOC1;SEC62;Dtrp1;TP-1,N,N,N,N,N,N,N,N,N,N,N,N,N,N,N,N,N,N,N,N,N,N,N,N,N,N,N,N,N,N,N,N
BAK-LIKE;BCL2L7;BAK1;BAK;CDN1,N,N,N,N,N,N,N,N,N,N,N,N,N,N,N,N,N,N,N,N,N,N,N,N,N,N,N,N,N,N,N,N
BCL2L4;BAX,N,N,N,N,N,N,N,N,N,N,N,N,N,N,N,N,N,N,N,N,N,N,N,N,N,N,N,N,N,N,N,N
CREB-RP;ATF6B;G13;CREBL1,N,N,N,N,N,N,N,N,N,N,N,N,N,N,N,N,N,N,N,N,N,N,N,N,N,N,N,N,N,N,N,N
ACHM7;ATF6A;ATF6,N,N,N,N,N,N,N,N,N,N,N,N,N,N,N,N,N,N,N,N,N,N,N,N,N,N,N,N,N,N,N,N
hIRE1p;IRE1;IRE1a;IRE1P;ERN1,D,D,D,D,D,D,D,D,D,D,D,D,D,D,D,D,D,D,D,D,D,D,D,D,D,D,D,D,D,D,D,D
HRI;HCR;EIF2AK1,D,D,D,D,D,D,D,D,D,D,D,D,D,D,D,D,D,D,D,D,D,D,D,D,D,D,D,D,D,D,D,D
EIF2AK4;GCN2;PVOD2,D,D,D,D,D,D,D,D,D,D,D,D,D,D,D,D,D,D,D,D,D,D,D,D,D,D,D,D,D,D,D,D
PKR;EIF2AK1;EIF2AK2;PPP1R83;PRKR,D,D,D,D,D,D,D,D,D,D,D,D,D,D,D,D,D,D,D,D,D,D,D,D,D,D,D,D,D,D,D,D
PERK;WRS;PEK;EIF2AK3,D,D,D,D,D,D,D,D,D,D,D,D,D,D,D,D,D,D,D,D,D,D,D,D,D,D,D,D,D,D,D,D
S1P;SKI-1;PCSK8;MBTPS1,D,D,D,N,N,N,N,D,D,N,D,N,D,D,D,D,D,D,D,N,D,D,D,D,N,D,D,N,D,N,D,D
IFAP;BRESEK;KFSD;KFSDX;OLMSX;S2P;MBTPS2,N,N,N,N,N,N,N,N,N,N,N,N,N,N,N,N,N,N,N,N,N,N,N,N,N,N,N,N,N,N,N,N
XBP-1;TREB-5;XBP2;TREB5;XBP1,N,A,N,N,N,N,N,A,A,N,N,N,N,N,A,N,N,N,N,N,N,A,N,N,N,N,N,N,N,N,N,N
DFNA14;DFNA6;CTRCT41;DFNA38;WFS1;WFS;WFRS;WFSL,B,B,B,N,B,B,B,B,B,N,B,B,B,B,B,B,B,B,B,B,B,B,B,B,B,B,B,B,B,B,B,B
RAD23A;HR23A;HHR23A,D,D,D,D,D,D,D,D,D,D,D,D,D,D,D,D,D,D,D,D,D,D,D,D,D,D,D,D,D,D,D,D
HHR23B;P58;RAD23B;HR23B,D,D,D,D,D,D,D,D,D,D,D,D,D,D,D,D,D,D,D,D,D,D,D,D,D,D,D,D,D,D,D,D
N4BP4;UBQLN2;PLIC2;ALS15;DSK2;CHAP1;HRIHFB2157,C,C,C,C,C,C,C,C,C,C,C,C,C,C,C,C,C,C,C,C,C,C,C,C,C,C,C,C,N,C,C,C
UBQN;XDRP1;UBQLN1;DA41;PLIC-1;DSK2,D,D,D,D,D,D,D,D,D,D,D,D,D,D,D,D,D,D,D,D,D,D,D,D,D,D,D,D,N,D,D,D
TUP-1;UBQLN3,C,C,C,C,C,C,C,C,C,C,C,C,C,C,C,C,C,C,C,C,C,C,C,C,C,C,C,C,N,C,C,C
UBIN;UBQLN4;C1orf6;CIP75;A1U;A1Up,D,D,D,D,D,D,D,D,D,D,D,D,D,D,D,D,D,D,D,D,D,D,D,D,D,D,D,D,N,D,D,D
CDG1V;NGLY1;PNG1;CDDG;PNGase,C,C,C,C,C,C,C,C,C,C,C,C,C,C,C,C,C,C,C,C,C,C,C,C,C,C,C,C,N,C,C,C
NCUBE2;NCUBE-2;PRO2121;UBE2J2,B,B,B,B,B,B,B,B,B,B,B,B,B,B,B,B,B,B,B,B,B,B,B,B,B,B,B,B,B,B,B,B
NCUBE-1;HSPC153;UBC6;NCUBE1;CGI-76;Ubc6p;HSU93243;UBE2J1;HSPC205;UBC6E,B,B,B,B,B,B,B,B,B,B,B,B,B,B,B,B,B,B,B,B,B,B,B,B,B,B,B,B,B,B,B,B
UFD2;HDNB1;UBE4B;E4;UBOX3;UFD2A,A,A,A,N,A,A,N,A,A,N,A,A,A,A,A,N,N,A,A,A,A,A,A,A,A,A,A,N,A,A,A,A
DUBA8;YOD1;PRO0907;OTUD2,B,B,B,N,B,B,B,B,B,N,B,B,B,B,B,B,N,B,B,B,B,B,B,B,B,B,N,N,B,N,B,N
MJD1;MJD;AT3;JOS;ATXN3;ATX3;SCA3,A,N,A,N,A,A,A,N,N,N,A,N,N,A,N,A,A,N,A,A,A,N,A,N,N,A,N,N,N,N,A,A
MJDL;ATXN3L,A,N,A,N,A,A,A,N,N,N,A,N,N,A,N,A,A,N,A,A,A,N,A,N,N,A,N,N,N,N,A,A
PLAA;PLAP;NDMSBA;DOA1;PLA2P,D,D,D,D,D,D,D,D,D,D,D,D,D,D,D,D,D,D,D,D,D,D,D,D,D,D,D,D,D,D,D,D
HSP72;HEL-S-103;HSPA1A;HSPA1;HSP70.1;HSP70-1A;HSP70I;HSP70-1,D,D,D,D,D,D,D,D,D,N,D,D,D,D,D,D,D,D,D,D,D,D,D,D,N,D,D,D,D,D,D,D
HSP70-1B;HSP70.2;HSP70-2;HSPA1B,D,D,D,D,D,D,D,D,D,N,D,D,D,D,D,D,D,D,D,D,D,D,D,D,N,D,D,D,D,D,D,D
HSPA1L;HSP70-HOM;HSP70T;hum70t;HSP70-1L,D,D,D,D,D,D,D,D,D,N,D,D,D,D,D,D,D,D,D,D,D,D,D,D,N,D,D,D,D,D,D,D
HSPA2;HSP70-2;HSP70-3,D,D,D,D,D,D,D,D,D,N,D,D,D,D,D,D,D,D,D,D,D,D,D,D,N,D,D,D,D,D,D,D
HSP70B';HSPA6,D,D,D,D,D,D,D,D,D,N,D,D,D,D,D,D,D,D,D,D,D,D,D,D,N,D,D,D,D,D,D,D
HSPA10;HSC70;NIP71;LAP1;LAP-1;HEL-S-72p;HSP71;HSP73;HSPA8;HEL-33;HSC54;HSC71,D,D,D,D,D,D,D,D,D,N,D,D,D,D,D,D,D,D,D,D,D,D,D,D,N,D,D,D,D,D,D,D
SEL1-LIKE;SEL1L;PRO1063;SEL1L1,D,D,D,N,D,D,D,D,D,N,D,D,D,D,D,D,D,D,D,D,D,D,D,D,D,D,D,D,D,D,D,D
C20orf50;SEL1L2,B,B,B,N,B,B,B,B,B,N,B,B,B,B,B,B,B,B,B,B,B,B,B,B,B,B,B,B,B,B,B,B
F-LANa;DERL2;CGI-101;F-LAN-1;derlin-2;DERtrin-2;FLANa,A,N,N,A,A,N,N,A,N,A,A,N,A,N,A,A,N,N,N,N,A,N,N,A,N,N,N,N,N,N,A,N
DER1;derlin-1;DERL1;DER-1,A,N,N,A,A,N,N,A,N,A,A,N,A,N,A,A,N,N,N,N,A,N,N,A,N,N,N,N,N,N,A,N
derlin-3;IZP6;LLN2;DERL3;C22orf14,A,N,N,A,A,N,N,A,N,A,A,N,A,N,A,A,N,N,N,N,A,N,N,A,N,N,N,N,N,N,A,N
ERLEC2;OS9;OS-9,D,D,D,D,D,D,D,D,D,N,D,D,D,D,D,N,D,D,D,D,D,D,D,D,D,D,D,D,D,D,D,D
Mif1;SUP;HERPUD1;HERP,A,N,N,N,N,A,N,N,N,N,A,N,N,N,N,N,N,N,N,A,N,N,N,N,N,A,N,N,N,N,A,N
CL24936;HEL117;XTP3-B;CIM;C2orf30;ERLEC1;XTP3TPB;CL25084,D,D,D,D,D,D,D,D,D,N,D,D,D,D,D,N,D,D,D,D,D,D,D,D,D,D,D,D,D,D,D,D
SELENOS;AD-015;SEPS1;SBBI8;SELS;ADO15;VIMP,N,N,N,N,N,N,N,N,N,N,N,N,N,N,N,N,N,N,N,N,N,N,N,N,N,N,N,N,N,N,N,N
RBX1;BA554C12.1;RNF75;ROC1,C,C,C,C,C,C,C,C,C,N,C,C,C,C,C,C,C,C,C,C,C,C,C,C,C,C,C,C,C,C,C,C
FBX2;FBXO2;FBG1;OCP1;NFB42;Fbs1,A,A,N,N,N,N,A,N,N,N,A,N,N,A,N,N,N,A,N,N,A,N,A,N,N,N,N,N,N,N,N,N
Fbx6b;FBG2;FBS2;FBX6;FBXO6,A,A,N,N,N,N,A,N,N,N,A,N,N,A,N,N,N,A,N,N,A,N,A,N,N,N,N,N,N,N,N,N
UBE2D4;HBUCE1,D,D,D,D,D,D,D,D,D,D,D,D,D,D,D,D,D,D,D,D,D,D,D,D,D,D,D,D,D,D,D,D
UBCH5;SFT;E2(17)KB1;UBE2D1;UBC4/5;UBCH5A,D,D,D,D,D,D,D,D,D,D,D,D,D,D,D,D,D,D,D,D,D,D,D,D,D,D,D,D,D,D,D,D
PUBC1;UBC4;UBCH5B;E2(17)KB2;UBC4/5;UBCH4;UBE2D2,D,D,D,D,D,D,D,D,D,D,D,D,D,D,D,D,D,D,D,D,D,D,D,D,D,D,D,D,D,D,D,D
UBCH5C;UBC4/5;E2(17)KB3;UBE2D3,D,D,D,D,D,D,D,D,D,D,D,D,D,D,D,D,D,D,D,D,D,D,D,D,D,D,D,D,D,D,D,D
DJ3;RDJ2;DNAJ;DNJ3;DJA2;HIRIP4;PRO3015;DNAJA2;CPR3,D,D,D,D,D,D,D,D,D,N,D,D,D,D,D,D,D,D,D,D,D,D,D,D,D,D,D,D,D,D,D,D
DNAJC5G;CSP-gamma,D,D,D,D,D,D,D,D,D,N,D,D,D,D,D,D,D,D,D,D,D,D,D,D,D,D,D,D,D,D,D,D
HSJ1;HSPF3;DSMA5;HSJ-1;DNAJB2;CMT2T,D,D,D,D,D,D,D,D,D,N,D,D,D,D,D,D,D,D,D,D,D,D,D,D,D,D,D,D,D,D,D,D
HSJ2;NEDD7;hDJ-2;HSDJ;HSPF4;DJ-2;HSJ-2;DNAJA1;HDJ2;DjA1,D,D,D,D,D,D,D,D,D,N,D,D,D,D,D,D,D,D,D,D,D,D,D,D,D,D,D,D,D,D,D,D
DNAJB1;RSPH16B;Sis1;Hdj1;HSPF1;Hsp40,D,D,D,D,D,D,D,D,D,N,D,D,D,D,D,D,D,D,D,D,D,D,D,D,D,D,D,D,D,D,D,D
DNAJB12;DJ10,D,D,D,D,D,D,D,D,D,N,D,D,D,D,D,D,D,D,D,D,D,D,D,D,D,D,D,D,D,D,D,D
CLN4B;DNAJC5;NCL;CLN4;mir-941-4;mir-941-2;DNAJC5A;mir-941-5;CSP;mir-941-3,D,D,D,D,D,D,D,D,D,N,D,D,D,D,D,D,D,D,D,D,D,D,D,D,D,D,D,D,D,D,D,D
CSP-beta;DNAJC5B,D,D,D,D,D,D,D,D,D,N,D,D,D,D,D,D,D,D,D,D,D,D,D,D,D,D,D,D,D,D,D,D
NY-CO-7;HSPABP2;SDCCAG7;SCAR16;STUB1;CHIP;UBOX1,D,D,D,D,D,D,D,D,D,N,D,D,D,D,D,D,D,D,D,D,D,D,D,D,D,D,D,D,D,D,D,D
TXNDC7;PDIA6;P5;ERP5,D,D,D,D,D,D,D,D,D,N,D,D,D,D,D,D,D,D,D,D,D,D,D,D,D,D,D,D,D,D,D,D
C12orf8;ERp31;PDI-DB;ERp28;HEL-S-107;ERP29;PDIA9,N,N,N,N,N,N,N,N,N,N,N,N,N,N,N,N,N,N,N,N,N,N,N,N,N,N,N,N,N,N,N,N
P4Hbeta;PHDB;PROHB;DSI;CLCRP1;P4HB;PDIA1;PO4DB;ERBA2L;GIT;PDI;PO4HB,D,D,D,D,D,D,D,D,D,N,D,D,D,D,D,D,D,D,D,D,D,D,D,D,D,D,D,D,D,D,D,D
UNQ364;HCC-2;TXNDC5;ERP46;PDIA15;STRF8;HCC2;ENDOPDI,D,D,D,D,D,D,D,D,D,N,D,D,D,D,D,D,D,D,D,D,D,D,D,D,D,D,D,D,D,D,D,D
PDIA4;ERP70;ERP72;ERp-72,D,D,D,D,D,D,D,D,D,N,D,D,D,D,D,D,D,D,D,D,D,D,D,D,D,D,D,D,D,D,D,D
ABBP2;ERj3;PRO1080;ERj3p;ABBP-2;DNAJB11;UNQ537;EDJ;Dj-9;ERdj3;DJ9,D,D,D,D,D,D,D,D,D,N,D,D,D,D,D,D,D,D,D,D,D,D,D,D,D,D,D,D,D,D,D,D
MTHr;ERdj5;PDIA19;DNAJC10;JPDI,D,D,D,D,D,D,D,D,D,N,D,D,D,D,D,D,D,D,D,D,D,D,D,D,D,D,D,D,D,D,D,D
ACPHD;DNAJC3;ERdj6;P58IPK;PRKRI;P58;HP58,D,D,D,D,D,D,D,D,D,N,D,D,D,D,D,D,D,D,D,D,D,D,D,D,D,D,D,D,D,D,D,D
DNAJC1;HTJ1;DNAJL1;MTJ1;ERdj1,D,D,D,D,D,D,D,D,D,N,D,D,D,D,D,D,D,D,D,D,D,D,D,D,D,D,D,D,D,D,D,D
dJ776F14.1;P47;UBXD10;UBX1;NSFL1C;UBXN2C,A,N,A,N,N,N,A,N,A,N,A,N,A,A,N,N,A,N,N,A,A,N,A,N,N,A,N,A,N,N,A,N
UBXN6;UBXDC2;UBXD1,C,C,C,C,C,C,C,C,C,C,C,C,C,C,C,C,C,C,C,C,C,C,C,C,C,C,C,C,N,C,C,C
SVIP,N,N,N,N,N,N,N,N,N,N,N,N,N,N,N,N,N,N,N,N,N,N,N,N,N,N,N,N,N,N,N,N
SKP1;SKP1A;p19A;TCEB1L;OCP2;OCP-II;EMC19,A,A,A,N,A,N,N,A,A,N,A,A,N,A,N,N,A,A,N,A,N,A,A,N,A,A,N,N,A,A,N,N
CUL1,A,A,A,N,A,A,A,A,A,N,A,A,A,A,A,A,A,A,A,A,A,N,A,A,N,A,N,A,N,N,A,A
RING5;RNF5;RMA1,A,A,A,A,A,A,N,A,A,N,A,A,N,A,A,A,A,A,A,A,A,A,A,A,A,A,N,A,A,A,A,A
RNF185,B,B,B,B,B,B,B,B,B,N,B,B,N,B,B,B,B,B,B,B,B,B,B,B,B,B,N,B,B,B,B,B
HSP90N;LAP-2;HEL-S-65p;Hsp89;HSPC1;LAP2;EL52;HSP86;Hsp103;HSP90AA1;HSPCA;HSPN;HSPCAL4;Hsp90;HSPCAL1;HSP89A;HSP90A,B,B,B,B,B,B,B,B,B,B,B,N,B,B,B,N,B,B,B,B,B,N,B,B,B,B,N,B,N,B,B,B
HSP84;D6S182;HSP90AB1;HSPC2;HSP90B;HSPCB,B,B,B,B,B,B,B,B,B,B,B,N,B,B,B,N,B,B,B,B,B,N,B,B,B,B,N,B,N,B,B,B
NRF2;NFE2L2;HEBP1,N,N,N,N,N,N,N,N,N,N,N,N,N,N,N,N,N,N,N,N,N,N,N,N,N,N,N,N,N,N,N,N
HSPC334;ABP130;ABP125;HSPC275;SEC31A;SEC31L1,D,D,D,D,D,D,D,D,D,D,D,D,D,D,D,D,D,D,D,D,D,D,D,D,D,D,D,D,D,D,D,D
SEC31B;SEC31L2;SEC31B-1,D,D,D,D,D,D,D,D,D,N,D,D,D,D,D,D,D,D,D,D,D,D,D,D,D,D,D,D,D,D,D,D
SEC13;SEC13L1;npp-20;D3S1231E;SEC13R,D,D,D,D,D,D,D,D,D,D,D,D,D,D,D,D,D,D,D,D,D,D,D,D,D,D,D,D,D,D,D,D
SARA2;GTBPB;ANDD;CMRD;SAR1B,D,D,D,D,D,D,D,D,D,N,D,D,D,D,D,D,D,D,D,D,D,D,D,D,D,D,D,D,D,D,D,D
Sara;SARA1;SAR1;masra2;SAR1A,D,D,D,D,D,D,D,D,D,N,D,D,D,D,D,D,D,D,D,D,D,D,D,D,D,D,D,D,D,D,D,D
SEC12;PREB,D,D,D,D,D,D,D,D,D,D,D,D,D,D,D,D,D,D,D,D,D,D,D,D,D,D,D,D,D,D,D,D
GP96;HEL35;ECGP;HEL-S-125m;GRP94;HSP90B1;TRA1,B,B,B,B,B,B,B,B,B,B,B,N,B,B,B,N,B,B,B,B,B,N,B,B,B,B,N,B,N,B,B,B
PPP1R50;Bcl-2;BCL2,N,N,N,N,N,N,N,N,N,N,N,N,N,N,N,N,N,N,N,N,N,N,N,N,N,N,N,N,N,N,N,N
ERGIC-53L;ERGL;LMAN1L,N,N,N,N,N,N,N,N,N,N,N,N,N,N,N,N,N,N,N,N,N,N,N,N,N,N,N,N,N,N,N,N
TRAM1;TRAM;TRAMP;PNAS8,N,A,N,N,N,N,N,A,N,N,A,N,N,N,N,N,N,N,N,N,A,N,N,N,N,A,N,N,N,N,A,N
PDJ;LPRS2;AR-JP;PARK2;PRKN,D,D,D,D,D,D,D,D,D,D,D,D,D,D,D,D,D,D,D,D,D,D,D,D,D,D,D,D,D,D,D,D
NY-CO-25;HSP105A;HSP105;HSPH1;HSP105B,B,B,B,B,B,B,B,B,B,N,B,B,N,B,B,B,B,B,B,B,B,B,B,B,N,B,B,B,N,B,B,B
HSPH3;Osp94;HSPA4L;APG-1,B,B,B,B,B,B,B,B,B,N,B,B,N,B,B,B,B,B,B,B,B,B,B,B,N,B,B,B,N,B,B,B
FES1;HSPBP1,N,N,A,N,N,N,N,N,A,N,N,A,N,A,A,N,A,A,N,N,N,N,N,N,N,N,A,N,N,N,A,A
RAP46;BAG1;HAP;BAG-1,N,N,N,N,N,N,N,N,N,N,N,N,N,N,N,N,N,N,N,N,N,N,N,N,N,N,N,N,N,N,N,N
dJ417I1.2;BAG-2;BAG2,N,N,N,N,N,N,N,N,N,N,N,N,N,N,N,N,N,N,N,N,N,N,N,N,N,N,N,N,N,N,N,N
CRYAA,N,N,A,N,A,N,N,A,A,N,A,A,A,A,N,A,A,A,N,N,N,A,A,A,N,A,N,N,N,N,A,N
CRYA1;HSPB4;CRYAA;CTRCT9,N,N,A,N,A,N,N,A,A,N,A,A,A,A,N,A,A,A,N,N,N,A,A,A,N,A,N,N,N,N,A,N
MFM2;HSPB5;HEL-S-101;CMD1II;CTRCT16;CTPP2;CRYAB;CRYA2,N,N,A,N,A,N,N,A,A,N,A,A,A,A,N,A,A,A,N,N,N,A,A,A,N,A,N,N,N,N,A,N
HSP12A;Grp170;ORP150;ORP-150;GRP-170;HYOU1,B,B,B,B,B,B,B,B,B,N,B,B,N,B,B,B,B,B,B,B,B,B,B,B,N,B,B,B,N,B,B,B
BAP;SIL1;ULG5;MSS,N,N,A,N,N,N,N,N,A,N,N,A,N,A,A,N,A,A,N,N,N,N,N,N,N,N,A,N,N,N,A,A
p63;CLIMP-63;ERGIC-63;CKAP4,D,N,D,D,D,N,D,D,D,N,N,D,D,D,N,N,D,D,D,N,D,D,N,D,N,D,D,D,D,N,D,D
RRBP1;ES/130;ES130;hES;RRp,D,D,D,D,D,D,D,D,D,N,D,D,D,D,D,D,D,D,D,D,D,D,D,D,D,D,D,D,D,D,D,D
DXS1357E;6C6-AG;DDCH;BCAP31;CDM;BAP31,N,N,N,N,N,N,N,N,N,N,N,N,N,N,N,N,N,N,N,N,N,N,N,N,N,N,N,N,N,N,N,N
SSR1;TRAPA,N,N,N,N,N,N,N,N,N,N,N,N,N,N,N,N,N,N,N,N,N,N,N,N,N,N,N,N,N,N,N,N
TLAP;HSD25;TRAP-BETA;SSR2;TRAPB,N,N,A,N,N,N,N,N,N,N,A,N,N,A,N,N,N,N,N,N,N,N,N,N,N,A,A,N,N,N,A,A
SSR3;TRAPG,A,A,N,N,N,N,A,N,N,N,N,N,N,A,N,N,N,N,N,N,N,N,N,N,N,N,N,N,N,N,A,A
TRAPD;SSR4;CDG1Y,N,A,N,A,N,N,N,N,A,N,N,N,N,A,N,A,N,A,N,N,A,A,A,A,N,A,N,N,N,N,A,A
AMFR;RNF45;GP78,D,D,D,D,D,D,D,D,D,N,D,D,D,D,D,D,D,D,D,D,D,D,D,D,D,D,D,D,D,D,D,D
