GCNT3;GNTM;C2GNT2;C2/4GnT;C24GNT;C2GNTM,A,N,N,N,N,N,A,N,A,N,A,N,N,N,N,N,N,A,N,N,A,N,N,N,N,A,N,N,N,N,A,A
NAGCT2;NACGT2;C2GNT;C2GNT-L;GCNT1;G6NT;C2GNT1,A,N,N,N,N,N,A,N,A,N,A,N,N,N,N,N,N,A,N,N,A,A,N,N,N,A,N,N,N,N,A,A
B4Gal-T5;beta4GalT-V;BETA4-GALT-IV;B4GALT5;beta4Gal-T5;gt-V,N,N,N,N,N,N,N,N,N,N,N,N,N,N,N,N,N,N,N,N,N,N,N,N,N,N,N,N,N,N,N,N
STYI;SIAT7A;ST6GalNAcI;ST6GALNAC1;HSY11339,N,N,N,N,N,N,N,N,N,N,N,N,N,N,N,N,N,N,N,N,N,N,N,N,N,N,N,N,N,N,N,N
ST3GalA.1;ST3GalA;SIAT4A;ST3O;ST3GalIA;SIATFL;1;ST3GAL1;Gal-NAc6S,N,N,N,N,N,N,N,N,N,N,N,N,N,N,N,N,N,N,N,N,N,N,N,N,N,N,N,N,N,N,N,N
ST3GALII;ST3GAL2;ST3GalA.2;SIAT4B;Gal-NAc6S,N,N,N,N,N,N,N,N,N,N,N,N,N,N,N,N,N,N,N,N,N,N,N,N,N,N,N,N,N,N,N,N
beta-1;B3GNT6;beta3Gn-T6;B3Gn-T6;BGnT-6;3-Gn-T6,N,N,N,N,N,N,N,N,A,N,A,N,N,N,N,N,A,N,N,N,N,N,N,N,N,A,A,N,N,N,A,A
POC1B-GALNT4,N,B,B,N,N,N,N,N,B,N,B,N,B,B,N,B,B,N,N,N,B,B,N,B,N,N,N,N,B,B,B,N
GalNAcT6;GALNAC-T6;GALNT6,N,B,B,N,N,N,N,N,B,N,B,N,B,B,N,B,B,N,N,N,B,B,N,B,N,N,N,N,B,B,B,N
GALNACT5;GALNAC-T5;GALNT5,N,B,B,N,N,N,N,N,B,N,B,N,B,B,N,B,B,N,N,N,B,B,N,B,N,N,N,N,B,B,B,N
GALNT13;GalNAc-T13,N,B,B,N,N,N,N,N,B,N,B,N,B,B,N,B,B,N,N,N,B,B,N,B,N,N,N,N,B,B,B,N
GALNT13;GALNT7;pp-GalNAc-T15;GALNACT15;PIH5;GALNTL2;GALNT15,N,B,B,N,N,N,N,N,B,N,B,N,B,B,N,B,B,N,N,N,B,B,N,B,N,N,N,N,B,B,B,N
GalNAc-T5L;GALNTL5;GALNT15;GALNACT19,N,B,B,N,N,N,N,N,B,N,B,N,B,B,N,B,B,N,N,N,B,B,N,B,N,N,N,N,B,B,B,N
GALNT1;GALNAC-T1,N,B,B,N,N,N,N,N,B,N,B,N,B,B,N,B,B,N,N,N,B,B,N,B,N,N,N,N,B,B,B,N
GalNAc-T2;GALNT2,N,B,B,N,N,N,N,N,B,N,B,N,B,B,N,B,B,N,N,N,B,B,N,B,N,N,N,N,B,B,B,N
HFTC;HHS;GALNT3;GalNAc-T3,N,B,B,N,N,N,N,N,B,N,B,N,B,B,N,B,B,N,N,N,B,B,N,B,N,N,N,N,B,B,B,N
GALNAC-T8;GALNT8,N,B,B,N,N,N,N,N,B,N,B,N,B,B,N,B,B,N,N,N,B,B,N,B,N,N,N,N,B,B,B,N
GalNAc-T18;GALNTL4;GalNAc-T15;GALNACT18;GALNT18;GALNT15,N,B,B,N,N,N,N,N,B,N,B,N,B,B,N,B,B,N,N,N,B,B,N,B,N,N,N,N,B,B,B,N
GALNT17;GALNTL6;GalNAc-T6L;GALNACT20,N,B,B,N,N,N,N,N,B,N,B,N,B,B,N,B,B,N,N,N,B,B,N,B,N,N,N,N,B,B,B,N
GALNT9;GALNAC-T9;GALNACT9,N,B,B,N,N,N,N,N,B,N,B,N,B,B,N,B,B,N,N,N,B,B,N,B,N,N,N,N,B,B,B,N
GALNAC-T7;GALNT7;GalNAcT7,N,B,B,N,N,N,N,N,B,N,B,N,B,B,N,B,B,N,N,N,B,B,N,B,N,N,N,N,B,B,B,N
PPGANTASE10;PPGALNACT10;GALNT10;GALNACT10,N,B,B,N,N,N,N,N,B,N,B,N,B,B,N,B,B,N,N,N,B,B,N,B,N,N,N,N,B,B,B,N
GALNTL1;GalNAc-T16;GALNT16;GALNACT16,N,B,B,N,N,N,N,N,B,N,B,N,B,B,N,B,B,N,N,N,B,B,N,B,N,N,N,N,B,B,B,N
GALNACT11;GALNAC-T11;GALNT11,N,B,B,N,N,N,N,N,B,N,B,N,B,B,N,B,B,N,N,N,B,B,N,B,N,N,N,N,B,B,B,N
GALNACT17;GalNAc-T17;GALNT17;GalNAc-T19;GalNAc-T5L;WBSCR17;GALNT16;GALNTL3;GALNT20,N,B,B,N,N,N,N,N,B,N,B,N,B,B,N,B,B,N,N,N,B,B,N,B,N,N,N,N,B,B,B,N
GALNT14;GalNac-T10;GalNac-T14;GALNT15,N,B,B,N,N,N,N,N,B,N,B,N,B,B,N,B,B,N,N,N,B,B,N,B,N,N,N,N,B,B,B,N
CRCS1;GALNT12;GalNAc-T12,N,B,B,N,N,N,N,N,B,N,B,N,B,B,N,B,B,N,N,N,B,B,N,B,N,N,N,N,B,B,B,N
GALNT4;GALNACT4;GALNAC-T4,N,B,B,N,N,N,N,N,B,N,B,N,B,B,N,B,B,N,N,N,B,B,N,B,N,N,N,N,B,B,B,N
TNPS;C38H2-L1;C1GALT2;COSMC;C1GALT1C1;HSPC067;MST143,N,N,N,N,N,N,N,N,A,N,A,N,N,N,N,N,N,A,N,N,N,N,A,A,N,N,N,N,N,N,N,N
T-synthase;C1GALT;C1GALT1,N,N,N,N,N,N,N,N,A,N,A,N,N,N,N,N,N,A,N,N,N,N,A,A,N,N,N,N,N,N,N,N
C2GNT3;GCNT4,A,N,N,N,N,N,A,N,A,N,A,N,N,N,N,N,N,A,N,N,A,A,N,N,N,A,N,N,N,N,A,A
