EFE,B,B,B,N,N,B,B,B,B,N,B,B,B,B,N,N,B,B,B,B,N,N,B,B,N,N,N,B,B,B,N,N
2,B,B,B,N,N,B,B,B,B,N,B,B,B,B,N,N,B,B,B,B,N,N,B,B,N,N,N,B,B,B,N,N
ACO2,B,B,B,N,N,B,B,B,B,N,B,B,B,B,N,N,B,B,B,B,N,N,B,B,N,N,N,B,B,B,N,N
4,B,B,B,N,N,B,B,B,B,N,B,B,B,B,N,N,B,B,B,B,N,N,B,B,N,N,N,B,B,B,N,N
ACO1,B,B,B,N,N,B,B,B,B,N,B,B,B,B,N,N,B,B,B,B,N,N,B,B,N,N,N,B,B,B,N,N
ACS2,D,N,N,N,N,D,N,N,D,N,N,D,D,N,N,N,N,N,N,D,N,N,N,D,N,N,N,D,N,N,D,D
ACS4,D,N,N,N,N,D,N,N,D,N,N,D,D,N,N,N,N,N,N,D,N,N,N,D,N,N,N,D,N,N,D,D
ACS9,D,N,N,N,N,D,N,N,D,N,N,D,D,N,N,N,N,N,N,D,N,N,N,D,N,N,N,D,N,N,D,D
ACS1,D,N,N,N,N,D,N,N,D,N,N,D,D,N,N,N,N,N,N,D,N,N,N,D,N,N,N,D,N,N,D,D
ACS11,D,N,N,N,N,D,N,N,D,N,N,D,D,N,N,N,N,N,N,D,N,N,N,D,N,N,N,D,N,N,D,D
ACS6,D,N,N,N,N,D,N,N,D,N,N,D,D,N,N,N,N,N,N,D,N,N,N,D,N,N,N,D,N,N,D,D
ACS7,D,N,N,N,N,D,N,N,D,N,N,D,D,N,N,N,N,N,N,D,N,N,N,D,N,N,N,D,N,N,D,D
ACS8,D,N,N,N,N,D,N,N,D,N,N,D,D,N,N,N,N,N,N,D,N,N,N,D,N,N,N,D,N,N,D,D
ACS5,D,N,N,N,N,D,N,N,D,N,N,D,D,N,N,N,N,N,N,D,N,N,N,D,N,N,N,D,N,N,D,D
TAT3,D,N,D,D,D,D,N,D,D,N,D,D,D,D,D,D,D,D,D,D,D,D,D,D,N,N,N,D,D,N,D,D
16,D,N,D,D,D,D,N,D,D,N,D,D,D,D,D,D,D,D,D,D,D,D,D,D,N,N,N,D,D,N,D,D
17,D,N,D,D,D,D,N,D,D,N,D,D,D,D,D,D,D,D,D,D,D,D,D,D,N,N,N,D,D,N,D,D
18,D,N,D,D,D,D,N,D,D,N,D,D,D,D,D,D,D,D,D,D,D,D,D,D,N,N,N,D,D,N,D,D
19,D,N,D,D,D,D,N,D,D,N,D,D,D,D,D,D,D,D,D,D,D,D,D,D,N,N,N,D,D,N,D,D
TAT7,D,N,D,D,D,D,N,D,D,N,D,D,D,D,D,D,D,D,D,D,D,D,D,D,N,N,N,D,D,N,D,D
ARD3,B,B,N,N,N,B,N,N,B,N,N,N,N,N,N,N,B,N,N,B,N,N,N,B,N,B,N,N,N,N,B,N
ATARD2,B,B,N,N,N,B,N,N,B,N,N,N,N,N,N,N,B,N,N,B,N,N,N,B,N,B,N,N,N,N,B,N
ARD1,B,B,N,N,N,B,N,N,B,N,N,N,N,N,N,N,B,N,N,B,N,N,N,B,N,B,N,N,N,N,B,N
ARD4,B,B,N,N,N,B,N,N,B,N,N,N,N,N,N,N,B,N,N,B,N,N,N,B,N,B,N,N,N,N,B,N
25,A,A,N,N,A,A,N,N,N,N,A,N,A,N,N,N,A,N,N,N,N,A,N,N,N,N,N,N,N,N,A,N
26,N,N,D,D,N,D,N,N,D,N,D,N,N,N,D,N,N,D,N,D,N,D,N,D,N,N,D,D,D,D,D,N
MTK,N,N,D,D,N,D,N,N,D,N,N,N,N,N,D,N,N,D,N,D,N,D,N,D,N,N,D,D,N,D,D,N
28,N,N,N,N,N,N,N,N,B,N,B,N,B,N,N,N,N,B,N,N,B,N,N,N,N,N,N,N,N,N,N,N
MTN1,N,N,N,N,N,N,N,N,B,N,B,N,B,N,N,N,N,B,N,N,B,N,N,N,N,N,N,N,N,N,N,N
SPDS1,D,N,D,N,N,N,N,D,D,N,D,D,N,N,N,N,N,D,N,D,N,N,N,N,D,D,D,N,N,N,D,N
SPDS2,D,N,D,N,N,N,N,D,D,N,D,D,N,N,N,N,N,D,N,D,N,N,N,N,D,D,D,N,N,N,D,N
SPDS3,D,N,D,N,N,N,N,D,D,N,D,D,N,N,N,N,N,D,N,D,N,N,N,N,D,D,D,N,N,N,D,N
SAMDC,N,B,B,N,B,B,N,N,B,N,B,N,N,B,N,N,B,B,N,N,N,N,N,B,B,B,N,N,N,B,B,B
34,N,B,B,N,B,B,N,N,B,N,B,N,N,B,N,N,B,B,N,N,N,N,N,B,B,B,N,N,N,B,B,B
35,N,B,B,N,B,B,N,N,B,N,B,N,N,B,N,N,B,B,N,N,N,N,N,B,B,B,N,N,N,B,B,B
BUD2,N,B,B,N,B,B,N,N,B,N,B,N,N,B,N,N,B,B,N,N,N,N,N,B,B,B,N,N,N,B,B,B
CBL,N,N,D,N,D,N,D,D,N,N,N,N,N,D,D,N,D,N,N,N,N,N,N,D,N,N,N,N,D,N,N,N
MS2,N,N,N,N,N,N,N,N,N,N,N,N,N,N,N,N,N,N,N,N,N,N,N,N,N,N,N,N,N,N,N,N
ATMS1,N,N,N,N,N,N,N,N,N,N,N,N,N,N,N,N,N,N,N,N,N,N,N,N,N,N,N,N,N,N,N,N
MS3,N,N,N,N,N,N,N,N,N,N,N,N,N,N,N,N,N,N,N,N,N,N,N,N,N,N,N,N,N,N,N,N
SAM1,D,D,D,D,D,D,D,D,D,N,D,D,D,D,D,D,D,D,D,D,D,D,D,D,D,D,D,D,D,D,D,D
MAT3,D,D,D,D,D,D,D,D,D,N,D,D,D,D,D,D,D,D,D,D,D,D,D,D,D,D,D,D,D,D,D,D
MTO3,D,D,D,D,D,D,D,D,D,N,D,D,D,D,D,D,D,D,D,D,D,D,D,D,D,D,D,D,D,D,D,D
SAM-2,D,D,D,D,D,D,D,D,D,N,D,D,D,D,D,D,D,D,D,D,D,D,D,D,D,D,D,D,D,D,D,D
SAHH2,D,D,N,N,D,D,D,D,D,N,D,D,D,D,N,D,D,D,N,D,D,N,D,D,N,N,N,D,N,D,D,D
HOG1,D,D,N,N,D,D,D,D,D,N,D,D,D,D,N,D,D,D,N,D,D,N,D,D,N,N,N,D,N,D,D,D
CMT3,D,N,N,N,D,N,N,D,D,N,D,N,D,D,N,D,N,N,N,N,D,N,N,N,N,N,N,D,N,D,D,D
CMT1,D,N,N,N,D,N,N,D,D,N,D,N,D,D,N,D,N,N,N,N,D,N,N,N,N,N,N,D,N,D,D,D
49,N,N,N,N,N,N,N,N,N,N,N,N,N,N,N,N,N,N,N,N,N,N,N,N,N,N,N,N,N,N,N,N
50,D,N,N,N,D,N,N,D,D,N,D,N,D,D,N,D,N,N,N,N,D,N,N,N,N,N,N,D,N,D,D,D
MEE57,D,N,N,N,D,N,N,D,D,N,D,N,D,D,N,D,N,N,N,N,D,N,N,N,N,N,N,D,N,D,D,D
DMT2,D,N,N,N,D,N,N,D,D,N,D,N,D,D,N,D,N,N,N,N,D,N,N,N,N,N,N,D,N,D,D,D
CMT2,D,N,N,N,D,N,N,D,D,N,D,N,D,D,N,D,N,N,N,N,D,N,N,N,N,N,N,D,N,D,D,D
54,N,N,N,N,N,N,N,N,N,N,N,N,N,N,N,N,N,N,N,N,N,N,N,N,N,N,N,N,N,N,N,N
MET1,D,N,N,N,D,N,N,D,D,N,D,N,D,D,N,D,N,N,N,N,D,N,N,N,N,N,N,D,N,D,D,D
HMT3,N,N,N,N,N,B,N,N,N,N,B,N,N,N,N,N,N,N,N,B,N,N,B,N,N,N,N,N,N,N,N,N
HMT-1,N,N,N,N,N,B,N,N,N,N,B,N,N,N,N,N,N,N,N,B,N,N,B,N,N,N,N,N,N,N,N,N
HMT2,N,N,N,N,N,B,N,N,N,N,B,N,N,N,N,N,N,N,N,B,N,N,B,N,N,N,N,N,N,N,N,N
59,N,N,D,N,D,N,D,D,N,N,N,N,N,D,D,N,D,N,N,N,N,N,N,D,N,N,N,N,D,N,N,N
MTO1,N,N,D,N,D,N,D,D,N,N,N,N,N,D,D,N,D,N,N,N,N,N,N,D,N,N,N,N,D,N,N,N
MGL,N,N,D,N,D,N,D,D,D,N,D,N,D,D,D,N,D,N,D,N,N,N,N,D,N,N,N,N,D,N,N,D
62,N,D,N,N,N,D,N,D,D,N,D,N,D,N,N,D,D,N,D,N,D,N,N,D,N,N,N,D,N,N,N,N
OASB,N,D,N,N,N,D,N,D,D,N,D,N,D,N,N,D,D,N,D,N,D,N,N,D,N,N,N,D,N,N,N,N
CS26,N,D,N,N,N,D,N,D,D,N,D,N,D,N,N,D,D,N,D,N,D,N,N,D,N,N,N,D,N,N,N,N
CYSD1,N,D,N,N,N,D,N,D,D,N,D,N,D,N,N,D,D,N,D,N,D,N,N,D,N,N,N,D,N,N,N,N
OASA2,N,D,N,N,N,D,N,D,D,N,D,N,D,N,N,D,D,N,D,N,D,N,N,D,N,N,N,D,N,N,N,N
OASC,N,D,N,N,N,D,N,D,D,N,D,N,D,N,N,D,D,N,D,N,D,N,N,D,N,N,N,D,N,N,N,N
CYSC1,N,D,N,N,N,D,N,D,D,N,D,N,D,N,N,D,D,N,D,N,D,N,N,D,N,N,N,D,N,N,N,N
OASA1,N,D,N,N,N,D,N,D,D,N,D,N,D,N,N,D,D,N,D,N,D,N,N,D,N,N,N,D,N,N,N,N
CYSD2,N,D,N,N,N,D,N,D,D,N,D,N,D,N,N,D,D,N,D,N,D,N,N,D,N,N,N,D,N,N,N,N
DES1,N,D,N,N,N,D,N,D,D,N,D,N,D,N,N,D,D,N,D,N,D,N,N,D,N,N,N,D,N,N,N,N
SERAT2;1,N,N,N,N,N,N,N,N,N,N,N,N,N,N,N,N,N,N,N,N,N,N,N,N,N,N,N,N,N,N,N,N
ATSERAT3;1,N,N,N,N,N,N,N,N,N,N,N,N,N,N,N,N,N,N,N,N,N,N,N,N,N,N,N,N,N,N,N,N
SERAT2;2,N,N,N,N,N,N,N,N,N,N,N,N,N,N,N,N,N,N,N,N,N,N,N,N,N,N,N,N,N,N,N,N
SERAT3;2,N,N,N,N,N,N,N,N,N,N,N,N,N,N,N,N,N,N,N,N,N,N,N,N,N,N,N,N,N,N,N,N
SERAT1;1,N,N,N,N,N,N,N,N,N,N,N,N,N,N,N,N,N,N,N,N,N,N,N,N,N,N,N,N,N,N,N,N
ASP4,N,N,D,D,N,N,D,D,N,N,D,N,D,N,N,D,D,N,N,D,D,N,N,N,D,D,N,N,N,N,D,N
ASP1,N,N,D,D,N,N,D,D,N,N,D,N,D,N,N,D,D,N,N,D,D,N,N,N,D,D,N,N,N,N,D,N
ASP5,N,N,D,D,N,N,D,D,N,N,D,N,D,N,N,D,D,N,N,D,D,N,N,N,D,D,N,N,N,N,D,N
ASP3,N,N,D,D,N,N,D,D,N,N,D,N,D,N,N,D,D,N,N,D,D,N,N,N,D,D,N,N,N,N,D,N
ASP2,N,N,D,D,N,N,D,D,N,N,D,N,D,N,N,D,D,N,N,D,D,N,N,N,D,D,N,N,N,N,D,N
D-CDES,N,N,N,N,N,N,N,N,N,N,N,N,N,N,N,N,N,N,N,N,N,N,N,N,N,N,N,N,N,N,N,N
83,N,N,N,N,N,N,N,N,N,N,N,N,N,N,N,N,N,N,N,N,N,N,N,N,N,N,N,N,N,N,N,N
RDH2,D,N,N,N,N,N,D,D,D,N,D,N,N,N,N,N,D,D,N,N,N,N,N,N,N,N,N,N,N,N,D,D
MST1,D,N,N,N,N,N,D,D,D,N,D,N,N,N,N,N,D,D,N,N,N,N,N,N,N,N,N,N,N,N,D,D
86,B,B,N,N,N,N,N,B,B,N,B,N,N,N,N,B,B,N,N,N,B,N,B,N,N,N,N,N,N,N,B,N
AK-HSDH_I,N,N,N,N,N,N,N,N,N,N,N,N,N,N,N,N,N,N,N,N,N,N,N,N,N,N,N,N,N,N,N,N
AK-HSDH_II,N,N,N,N,N,N,N,N,N,N,N,N,N,N,N,N,N,N,N,N,N,N,N,N,N,N,N,N,N,N,N,N
89,N,N,N,N,N,N,N,N,N,N,N,N,N,N,N,N,N,N,N,N,N,N,N,N,N,N,N,N,N,N,N,N
AK3,N,N,N,N,N,N,N,N,N,N,N,N,N,N,N,N,N,N,N,N,N,N,N,N,N,N,N,N,N,N,N,N
AK-LYS1,N,N,N,N,N,N,N,N,N,N,N,N,N,N,N,N,N,N,N,N,N,N,N,N,N,N,N,N,N,N,N,N
CARAB-AK-LYS,N,N,N,N,N,N,N,N,N,N,N,N,N,N,N,N,N,N,N,N,N,N,N,N,N,N,N,N,N,N,N,N
c-NAD-MDH1,B,B,N,N,N,N,N,B,B,N,B,N,N,N,N,B,B,N,N,N,B,N,B,N,N,N,N,N,N,N,B,N
mMDH1,B,B,N,N,N,N,N,B,B,N,B,N,N,N,N,B,B,N,N,N,B,N,B,N,N,N,N,N,N,N,B,N
PMDH1,B,B,N,N,N,N,N,B,B,N,B,N,N,N,N,B,B,N,N,N,B,N,B,N,N,N,N,N,N,N,B,N
mMDH2,B,B,N,N,N,N,N,B,B,N,B,N,N,N,N,B,B,N,N,N,B,N,B,N,N,N,N,N,N,N,B,N
MDH,B,B,N,N,N,N,N,B,B,N,B,N,N,N,N,B,B,N,N,N,B,N,B,N,N,N,N,N,N,N,B,N
PMDH2,B,B,N,N,N,N,N,B,B,N,B,N,N,N,N,B,B,N,N,N,B,N,B,N,N,N,N,N,N,N,B,N
c-NAD-MDH2,B,B,N,N,N,N,N,B,B,N,B,N,N,N,N,B,B,N,N,N,B,N,B,N,N,N,N,N,N,N,B,N
c-NAD-MDH3,B,B,N,N,N,N,N,B,B,N,B,N,N,N,N,B,B,N,N,N,B,N,B,N,N,N,N,N,N,N,B,N
BCAT-1,D,D,D,D,D,D,D,D,D,N,D,N,N,D,D,D,D,D,D,D,D,D,D,D,N,D,D,D,D,D,D,D
BCAT-2,D,D,D,D,D,D,D,D,D,N,D,N,N,D,D,D,D,D,D,D,D,D,D,D,N,D,D,D,D,D,D,D
BCAT7,D,D,D,D,D,D,D,D,D,N,D,N,N,D,D,D,D,D,D,D,D,D,D,D,N,D,D,D,D,D,D,D
104,D,D,D,D,D,D,D,D,D,N,D,N,N,D,D,D,D,D,D,D,D,D,D,D,N,D,D,D,D,D,D,D
BCAT3,D,D,D,D,D,D,D,D,D,N,D,N,N,D,D,D,D,D,D,D,D,D,D,D,N,D,D,D,D,D,D,D
LINC4,D,D,D,D,D,D,D,D,D,N,D,D,D,D,D,D,D,D,D,D,D,D,D,D,D,D,D,D,D,D,D,D
ATBCAT-5,D,D,D,D,D,D,D,D,D,N,D,N,N,D,D,D,D,D,D,D,D,D,D,D,N,D,D,D,D,D,D,D
AGT3,D,D,D,N,N,D,N,D,D,N,D,D,D,D,D,D,D,D,D,D,D,D,D,D,N,D,D,D,D,D,D,D
PYD4,D,D,D,N,N,D,N,D,D,N,D,D,D,D,D,D,D,D,D,D,D,D,D,D,N,D,D,D,D,D,D,D
AGT2,D,D,D,N,N,D,N,D,D,N,D,D,D,D,D,D,D,D,D,D,D,D,D,D,N,D,D,D,D,D,D,D
GSH1,N,N,N,N,N,N,N,N,N,N,N,N,N,N,N,N,N,N,N,N,N,N,N,N,N,N,N,N,N,N,N,N
GSH2,B,B,B,N,N,B,N,N,N,N,B,B,N,B,N,B,B,B,B,B,B,B,N,B,B,B,B,N,N,B,B,B
LCD,A,N,A,A,A,N,N,A,A,N,A,N,A,A,A,A,A,A,A,N,A,A,A,A,N,N,N,A,A,N,A,N
114,B,N,B,B,B,B,B,B,B,N,B,N,B,B,B,B,B,B,B,N,B,B,B,B,N,N,N,B,B,N,B,N
CORI3,D,N,D,D,D,D,N,D,D,N,D,D,D,D,D,D,D,D,D,D,D,D,D,D,N,N,N,D,D,N,D,D
