enoB,D,D,D,D,D,D,D,N,D,N,D,D,D,D,D,D,D,D,D,D,D,N,N,D,N,D,D,D,D,D,D,D
enoA,D,D,D,D,D,D,D,N,D,N,D,D,D,D,D,D,D,D,D,D,D,N,N,D,N,D,D,D,D,D,D,D
3,N,D,N,N,N,D,D,D,D,N,D,N,D,D,N,D,D,D,D,D,N,D,N,D,D,D,N,N,N,N,D,N
4,N,C,N,N,C,N,C,N,C,N,C,C,N,N,N,N,C,C,C,C,N,C,N,C,N,N,N,C,C,N,C,C
5,N,A,N,A,N,N,N,N,N,N,N,N,N,N,N,N,A,A,N,N,N,N,N,N,A,N,N,N,N,N,N,N
6,N,N,N,N,N,D,N,N,N,N,D,N,N,D,N,N,N,N,N,N,N,N,N,N,D,N,N,N,N,N,N,N
DG1091,D,D,D,D,D,D,D,D,D,N,D,D,D,D,D,D,D,D,D,D,D,D,D,D,D,D,D,D,D,D,D,D
wdr61,D,D,D,D,D,D,D,D,D,D,D,D,D,D,D,D,D,D,D,D,D,D,D,D,D,D,D,D,D,D,D,D
9,D,D,N,D,D,N,D,D,D,N,D,D,D,D,D,D,D,D,D,D,D,D,D,D,N,D,D,D,D,D,D,D
10,D,D,D,D,D,D,D,D,D,D,D,D,D,D,D,D,D,D,D,D,D,D,D,D,D,D,D,D,D,D,D,D
11,N,C,N,N,C,N,C,N,C,N,C,C,N,N,N,N,C,C,C,C,N,C,N,C,N,N,N,C,C,N,C,C
12,N,D,N,N,N,D,D,D,D,N,D,N,D,D,N,D,D,D,D,D,N,D,N,D,D,D,N,N,N,N,D,N
13,N,C,N,N,C,N,C,N,C,N,C,C,N,N,N,N,C,C,C,C,N,C,N,C,N,N,N,C,C,N,C,C
14,N,D,N,N,N,D,D,D,D,N,D,N,D,D,N,D,D,D,D,D,N,D,N,D,D,D,N,N,N,N,D,N
15,N,N,N,N,N,D,N,N,N,N,D,N,N,D,N,N,N,N,N,N,N,N,N,N,D,N,N,N,N,N,N,N
exosc10,D,D,D,D,D,D,D,D,D,N,D,D,D,D,D,D,D,D,D,D,D,D,D,D,D,D,D,D,D,D,D,D
17,D,D,D,D,D,D,D,D,D,D,D,D,D,D,D,D,D,D,D,D,D,D,D,D,D,D,D,D,D,D,D,D
DG1040,A,N,N,N,A,N,N,N,A,N,N,A,A,A,A,A,A,A,N,A,A,N,A,A,N,N,A,A,N,A,A,A
19,N,A,N,N,A,N,A,N,A,N,A,A,A,N,A,A,N,A,A,N,A,N,A,A,N,A,A,A,A,N,A,N
20,D,D,D,D,D,N,D,D,D,N,D,D,D,D,D,D,N,D,D,D,D,D,D,D,N,D,D,D,D,D,D,D
21,B,B,B,B,B,B,B,B,B,N,B,B,B,B,B,N,B,B,B,B,B,B,B,B,B,B,B,B,B,B,B,B
22,N,A,A,N,N,A,N,A,A,A,N,A,A,A,A,N,A,A,A,A,N,N,N,A,A,A,A,N,N,N,A,A
23,N,A,A,N,N,A,N,A,A,A,N,A,A,A,A,N,A,A,A,A,N,N,N,A,A,A,A,N,N,N,A,A
24,N,A,A,N,A,A,A,A,A,N,A,A,A,A,A,A,A,A,N,A,A,A,N,N,N,A,N,A,A,A,A,A
25,N,A,N,N,A,N,A,N,A,N,A,A,N,N,N,N,N,A,A,A,A,A,A,N,N,N,N,N,N,N,A,A
26,D,D,D,N,D,N,D,N,D,N,D,D,D,D,D,D,D,D,D,D,D,D,N,D,D,D,N,D,N,D,D,D
dcp2,D,D,N,D,D,N,D,N,D,N,D,N,N,D,D,D,N,D,D,N,N,N,N,D,D,N,N,D,D,N,D,D
lsm1,C,C,C,C,C,C,C,C,C,C,C,C,N,C,N,N,C,C,C,C,C,C,C,C,C,C,C,C,N,C,C,C
lsm2,D,D,D,D,D,D,D,D,D,N,D,D,D,D,D,D,D,D,D,D,D,N,N,D,D,D,D,D,D,N,D,D
lsm3,D,D,D,D,D,D,D,D,D,N,N,D,D,D,D,D,D,N,D,N,D,D,N,D,D,N,D,D,D,D,D,D
lsm4,D,D,D,D,D,D,D,D,D,D,D,D,D,D,D,D,D,D,D,D,D,N,N,D,D,D,D,D,D,N,D,D
lsm5,C,C,N,C,N,N,C,C,C,N,N,N,C,N,N,C,C,N,N,N,C,N,N,C,N,N,N,N,C,C,C,C
lsm6,D,D,D,D,D,D,D,D,D,D,D,D,D,D,N,D,D,D,D,D,D,D,N,D,D,D,N,D,D,D,D,D
lsm7,C,C,C,C,C,C,C,C,C,C,C,C,C,N,N,C,C,C,C,C,C,N,N,C,C,C,C,C,C,C,C,C
lsm8,C,C,C,C,C,C,C,C,C,C,C,C,N,C,N,N,C,C,C,C,C,C,C,C,C,C,C,C,N,C,C,C
xrn1,D,D,D,D,D,D,D,N,D,D,D,D,D,D,D,D,D,D,D,D,D,D,D,D,D,D,D,D,D,D,D,D
xrn2,B,B,B,B,B,B,B,N,B,B,B,B,B,B,B,B,B,B,B,B,B,B,B,B,B,N,N,B,B,B,B,B
38,B,B,B,B,B,B,B,N,B,B,B,B,B,B,B,B,B,B,B,B,B,B,B,B,B,N,N,B,B,B,B,B
ddx6,D,D,D,D,D,D,D,D,D,D,D,D,D,D,D,D,D,D,D,D,D,D,D,D,D,D,D,D,D,D,D,D
mhsp70,B,B,B,B,B,B,B,B,B,N,B,B,N,B,B,B,B,B,B,B,B,B,B,B,N,B,B,B,N,B,B,B
hspA,D,D,D,D,D,D,D,D,D,D,D,D,D,D,D,D,D,D,D,D,D,D,D,D,D,D,D,D,D,D,D,D
ppk1,N,B,N,N,N,B,N,N,N,N,N,N,N,N,N,N,B,N,N,N,N,N,N,N,B,N,N,N,N,N,N,N
btg,N,N,N,N,N,N,N,N,N,N,N,N,N,N,N,N,N,N,N,N,N,N,N,N,N,N,N,N,N,N,N,N
pabpc1B,B,B,B,B,B,B,B,B,B,N,B,B,B,B,B,B,B,B,B,B,B,B,B,B,B,B,B,B,B,B,B,B
pabpc1A,B,B,B,B,B,B,B,B,B,N,B,B,B,B,B,B,B,B,B,B,B,B,B,B,B,B,B,B,B,B,B,B
pan2,B,B,N,N,B,B,N,B,B,N,B,B,N,N,B,B,B,B,B,B,B,B,B,B,B,B,N,B,B,B,B,B
47,D,D,N,D,D,N,D,D,D,N,D,D,D,D,D,D,D,D,D,D,D,D,D,D,N,D,D,D,D,D,D,D
pfkA,B,B,B,B,N,N,B,N,B,N,B,N,N,B,N,N,N,B,N,B,B,N,N,B,B,N,B,N,B,N,B,N
