PP13187;GRF1;ras-GRF1;RASGRF1;GRF55;GNRP;H-GRF55;CDC25;CDC25L,D,D,D,D,D,D,D,D,D,N,D,D,D,D,D,D,D,D,D,D,D,D,D,D,D,D,D,D,D,D,D,D
RASGRF2;GRF2;RAS-GRF2,D,D,D,D,D,D,D,D,D,N,D,D,D,D,D,D,D,D,D,D,D,D,D,D,D,D,D,D,D,D,D,D
DUSP10;MKP5;MKP-5,D,D,D,D,D,D,D,D,D,N,D,D,D,D,D,D,D,D,D,D,D,D,D,D,D,D,D,D,D,D,D,D
DUSP1;HVH1;MKP-1;MKP1;PTPN10;CL100,D,D,D,D,D,D,D,D,D,N,D,D,D,D,D,D,D,D,D,D,D,D,D,D,D,D,D,D,D,D,D,D
PAC1;PAC-1;DUSP2,D,D,D,D,D,D,D,D,D,N,D,D,D,D,D,D,D,D,D,D,D,D,D,D,D,D,D,D,D,D,D,D
HVH2;TYP;DUSP4;MKP-2;MKP2,D,D,D,D,D,D,D,D,D,N,D,D,D,D,D,D,D,D,D,D,D,D,D,D,D,D,D,D,D,D,D,D
DUSP5;DUSP;HVH3,D,D,D,D,D,D,D,D,D,N,D,D,D,D,D,D,D,D,D,D,D,D,D,D,D,D,D,D,D,D,D,D
PYST1;DUSP6;MKP3;HH19,D,D,D,D,D,D,D,D,D,N,D,D,D,D,D,D,D,D,D,D,D,D,D,D,D,D,D,D,D,D,D,D
DUSP7;PYST2;MKPX,D,D,D,D,D,D,D,D,D,N,D,D,D,D,D,D,D,D,D,D,D,D,D,D,D,D,D,D,D,D,D,D
HVH-5;C11orf81;HB5;HVH8;DUSP8,D,D,D,D,D,D,D,D,D,N,D,D,D,D,D,D,D,D,D,D,D,D,D,D,D,D,D,D,D,D,D,D
DUSP9;MKP4;MKP-4,D,D,D,D,D,D,D,D,D,N,D,D,D,D,D,D,D,D,D,D,D,D,D,D,D,D,D,D,D,D,D,D
MKP7;DUSP16;MKP-7,D,D,D,D,D,D,D,D,D,N,D,D,D,D,D,D,D,D,D,D,D,D,D,D,D,D,D,D,D,D,D,D
VHR;DUSP3,D,D,D,D,D,D,D,D,D,N,D,D,D,D,D,D,D,D,D,D,D,D,D,D,D,D,D,D,D,D,D,D
HEPTP;PTPN7;LPTP;PTPNI;LC-PTP;BPTP-4,D,D,D,D,D,D,D,D,D,N,D,D,D,D,D,D,D,D,D,D,D,D,D,D,D,D,D,D,D,D,D,D
PTPBR7;PTPRR;PTP-SL;EC-PTP;PTPRQ;PCPTP1,D,D,D,D,D,D,D,D,D,N,D,D,D,D,D,D,D,D,D,D,D,D,D,D,D,D,D,D,D,D,D,D
STEP;PTPSTEP;STEP61;PTPN5,D,D,D,D,D,D,D,D,D,N,D,D,D,D,D,D,D,D,D,D,D,D,D,D,D,D,D,D,D,D,D,D
PPM1B;PP2CB;PP2CBETA;PP2C-beta-X;PP2C-beta;PPC2BETAX,D,D,D,D,D,D,D,D,D,N,D,D,D,D,D,D,D,D,D,D,D,D,D,D,D,D,D,D,D,D,D,D
ALPS1B;FASL;APTL;TNLG1A;FASLG;CD95L;APT1LG1;CD95-L;CD178;TNFSF6,N,N,N,N,N,N,N,N,N,N,N,N,N,N,N,N,N,N,N,N,N,N,N,N,N,N,N,N,N,N,N,N
NIK;FLH21957;HGK;MAP4K4;MEKKK4;HEL-S-31,D,D,D,D,D,D,D,D,D,N,D,D,D,D,D,D,D,D,D,D,D,D,D,D,D,D,D,D,D,D,D,D
HsT16992;cPLA2-beta;PLA2G4B,B,B,B,N,B,N,B,B,B,N,B,N,B,B,B,B,B,B,B,B,B,B,B,B,B,B,B,B,N,B,B,B
PLA2G4E,B,B,B,N,B,N,N,B,B,N,B,N,B,B,B,B,B,B,B,N,B,B,B,B,B,N,B,B,N,B,B,B
PLA2G4F;PLA2G4FZ,B,B,B,N,B,B,B,B,B,N,B,N,B,B,B,B,B,B,B,B,B,B,B,B,B,N,B,B,B,B,B,B
PLA2G4D;cPLA2delta,B,B,B,N,B,B,N,B,B,N,B,N,B,B,B,B,B,B,B,B,B,B,B,B,B,B,B,B,B,B,B,B
cPLA2-alpha;cPLA2;PLA2G4;PLA2G4A,B,B,B,N,B,B,N,B,B,N,B,N,B,B,B,B,B,B,B,B,B,B,B,B,B,N,B,B,B,B,B,B
CPLA2-gamma;PLA2G4C,N,B,B,N,N,N,N,N,N,N,B,N,B,B,N,N,N,N,N,N,N,N,N,B,B,N,N,N,N,N,N,N
HsT16992;cPLA2-beta;JMJD7-PLA2G4B,B,B,B,N,B,N,N,B,B,N,B,N,B,B,B,B,B,B,B,B,B,B,B,B,B,N,B,B,N,B,B,B
PP17;PP19;C1orf215;OP18;STMN1;Lag;PR22;SMN;LAP18,N,N,N,N,N,N,N,N,N,N,N,N,N,N,N,N,N,N,N,N,N,N,N,N,N,N,N,N,N,N,N,N
MSTD;DDPAC;MTBT1;PPP1R103;MTBT2;TAU;FTDP-17;PPND;MAPTL;MAPT,D,D,D,N,D,N,D,N,D,N,D,D,D,D,D,D,D,D,D,D,D,D,N,D,D,D,N,D,N,D,D,D
p50;NF-kappaB;NFKB-p50;EBP-1;NF-kB1;NF-kappa-B;NFKB1;p105;NFKB-p105;KBF1;CVID12;NFkappaB,D,D,D,D,D,D,D,D,D,D,D,D,D,D,D,D,D,D,D,D,D,D,D,D,D,D,D,D,D,D,D,D
p49/p100;LYT10;NFKB2;LYT-10;p100;NF-kB2;CVID10;p52;H2TF1,D,D,D,D,D,D,D,D,D,D,D,D,D,D,D,D,D,D,D,D,D,D,D,D,D,D,D,D,D,D,D,D
NFKB3;RELA;p65,D,D,D,D,D,D,D,D,D,N,D,D,D,D,D,D,D,D,D,D,D,D,D,D,D,D,D,D,D,D,D,D
IREL;REL-B;I-REL;IMD53;RELB,D,D,D,D,D,D,D,D,D,N,D,D,D,D,D,D,D,D,D,D,D,D,D,D,D,D,D,D,D,D,D,D
CHUK;IKK-alpha;IKKA;TCF16;IKBKA;IKK1;NFKBIKA,D,D,D,D,D,D,D,D,D,D,D,D,D,D,D,D,D,D,D,D,D,D,D,D,D,D,D,D,D,D,D,D
IMD15;IKK2;IKK-beta;NFKBIKB;IKKB;IKBKB,D,D,D,D,D,D,D,D,D,D,D,D,D,D,D,D,D,D,D,D,D,D,D,D,D,D,D,D,D,D,D,D
IKBKG;FIP-3;AMCBX1;FIP3;IKKG;IP;Fip3p;IP2;IP1;IKK-gamma;NEMO;IKKAP1;ZC2HC9;IMD33;IPD2,N,N,N,N,N,N,N,N,N,N,N,N,N,N,N,N,N,N,N,N,N,N,N,N,N,N,N,N,N,N,N,N
HSNIK;NIK;MAP3K14;HS;FTDCR1B,D,D,D,D,D,D,D,D,D,D,D,D,D,D,D,D,D,D,D,D,D,D,D,D,D,D,D,D,D,D,D,D
MAPK1;ERK;PRKM1;p41mapk;p42-MAPK;p41;MAPK2;p40;p38;ERK-2;ERK2;ERT1;PRKM2;P42MAPK,D,D,D,D,D,D,D,D,D,D,D,D,D,D,D,D,D,D,D,D,D,D,D,D,D,D,D,D,D,D,D,D
PRKM3;HS44KDAP;ERT2;P44ERK1;ERK-1;HUMKER1A;p44-MAPK;ERK1;p44-ERK1;P44MAPK;MAPK3,D,D,D,D,D,D,D,D,D,D,D,D,D,D,D,D,D,D,D,D,D,D,D,D,D,D,D,D,D,D,D,D
Ragulator3;MAP2K1IP1;LAMTOR3;MAPKSP1;MP1;MAPBP;PRO0633,N,A,N,N,N,N,N,N,N,N,A,N,N,A,N,N,A,N,N,N,A,N,N,N,N,N,N,A,N,N,A,N
MAPKK2;PRKMK2;MEK2;MAP2K2;CFC4;MKK2,D,D,D,D,D,D,D,D,D,D,D,D,D,D,D,D,D,D,D,D,D,D,D,D,D,D,D,D,D,D,D,D
MKK1;PRKMK1;MEK1;CFC3;MAPKK1;MAP2K1,D,D,D,D,D,D,D,D,D,D,D,D,D,D,D,D,D,D,D,D,D,D,D,D,D,D,D,D,D,D,D,D
MSV;MOS,D,D,D,D,D,D,D,D,D,D,D,D,D,D,D,D,D,D,D,D,D,D,D,D,D,D,D,D,D,D,D,D
RAF1;NS5;CMD1NN;Raf-1;CRAF;c-Raf,D,D,D,D,D,D,D,D,D,N,D,D,D,D,D,D,D,D,D,D,D,D,D,D,D,D,D,D,D,D,D,D
BRAF;NS7;B-RAF1;BRAF1;RAFB1;B-raf,D,D,D,D,D,D,D,D,D,D,D,D,D,D,D,D,D,D,D,D,D,D,D,D,D,D,D,D,D,D,D,D
RASA1;p120;RASGAP;PKWS;GAP;CMAVM;CM-AVM;p120GAP;p120RASGAP;RASA,D,D,D,D,D,D,D,D,D,N,D,D,D,D,D,D,D,D,D,D,D,D,D,D,D,D,D,D,D,D,D,D
NFNS;WSS;VRNF;NF1,D,D,D,D,D,D,D,D,D,N,D,D,D,D,D,D,D,D,D,D,D,D,D,D,D,D,D,D,D,D,D,D
PKCA;PKC-alpha;PRKACA;PRKCA;AAG6,D,D,D,D,D,D,D,D,D,D,D,D,D,D,D,D,D,D,D,D,D,D,D,D,D,D,D,D,D,D,D,D
PRKCB2;PKCB;PRKCB1;PKC-beta;PRKCB,D,D,D,D,D,D,D,D,D,D,D,D,D,D,D,D,D,D,D,D,D,D,D,D,D,D,D,D,D,D,D,D
SCA14;PKCG;PKC-gamma;PRKCG;PKCC,D,D,D,D,D,D,D,D,D,D,D,D,D,D,D,D,D,D,D,D,D,D,D,D,D,D,D,D,D,D,D,D
C21KG;G-22K;KREV-1;RAP1A;RAP1;KREV1;SMGP21,D,D,D,D,D,D,D,D,D,D,D,D,D,D,D,D,D,D,D,D,D,D,D,D,D,D,D,D,D,D,D,D
K-REV;RAL1B;RAP1B,D,D,D,D,D,D,D,D,D,D,D,D,D,D,D,D,D,D,D,D,D,D,D,D,D,D,D,D,D,D,D,D
PPNAD4;PKACA;PRKACA,D,D,D,D,D,D,D,D,D,D,D,D,D,D,D,D,D,D,D,D,D,D,D,D,D,D,D,D,D,D,D,D
PKACB;PRKACB;PKA_C-beta,D,D,D,D,D,D,D,D,D,D,D,D,D,D,D,D,D,D,D,D,D,D,D,D,D,D,D,D,D,D,D,D
BDPLT19;PRKACG;KAPG;PKACg,D,D,D,D,D,D,D,D,D,D,D,D,D,D,D,D,D,D,D,D,D,D,D,D,D,D,D,D,D,D,D,D
RAPGEF2;Rap-GEP;RA-GEF;RA-GEF-1;CNrasGEF;PDZ-GEF1;nRap_GEP;NRAPGEP;PDZGEF1,D,D,D,D,D,D,D,D,D,N,D,D,D,D,D,D,D,D,D,D,D,D,D,D,D,D,D,D,D,D,D,D
GAP1M;RASA2,D,D,D,D,D,D,D,D,D,N,D,D,D,D,D,D,D,D,D,D,D,D,D,D,D,D,D,D,D,D,D,D
TC21;RRAS2,D,D,D,D,D,D,D,D,D,D,D,D,D,D,D,D,D,D,D,D,D,D,D,D,D,D,D,D,D,D,D,D
RRAS3;R-RAS3;M-RAs;MRAS,D,D,D,D,D,D,D,D,D,D,D,D,D,D,D,D,D,D,D,D,D,D,D,D,D,D,D,D,D,D,D,D
C-H-RAS;HAMSV;H-RASIDX;RASH1;C-HA-RAS1;p21ras;C-BAS/HAS;HRAS1;CTLO;HRAS,D,D,D,D,D,D,D,D,D,D,D,D,D,D,D,D,D,D,D,D,D,D,D,D,D,D,D,D,D,D,D,D
K-RAS4B;KI-RAS;K-RAS4A;NS;c-Ki-ras2;KRAS1;C-K-RAS;NS3;RALD;KRAS2;K-RAS2A;RASK2;CFC2;KRAS;K-RAS2B;K-Ras,D,D,D,D,D,D,D,D,D,D,D,D,D,D,D,D,D,D,D,D,D,D,D,D,D,D,D,D,D,D,D,D
CMNS;ALPS4;NRAS1;NS6;N-ras;NCMS;NRAS,D,D,D,D,D,D,D,D,D,D,D,D,D,D,D,D,D,D,D,D,D,D,D,D,D,D,D,D,D,D,D,D
R-Ras;RRAS,D,D,D,D,D,D,D,D,D,D,D,D,D,D,D,D,D,D,D,D,D,D,D,D,D,D,D,D,D,D,D,D
RASGRP;hRasGRP1;V;CALDAG-GEFI;RASGRP1;CALDAG-GEFII,D,D,D,D,D,D,D,D,D,N,D,D,D,D,D,D,D,D,D,D,D,D,D,D,D,D,D,D,D,D,D,D
CDC25L;CALDAG-GEFI;RASGRP2,D,D,D,D,D,D,D,D,D,N,D,D,D,D,D,D,D,D,D,D,D,D,D,D,D,D,D,D,D,D,D,D
RASGRP4,D,D,D,D,D,D,D,D,D,N,D,D,D,D,D,D,D,D,D,D,D,D,D,D,D,D,D,D,D,D,D,D
RASGRP3;GRP3,D,D,D,D,D,D,D,D,D,N,D,D,D,D,D,D,D,D,D,D,D,D,D,D,D,D,D,D,D,D,D,D
HGF;SOS1;GGF1;NS4;GINGF;GF1,D,D,D,D,D,D,D,D,D,N,D,D,D,D,D,D,D,D,D,D,D,D,D,D,D,D,D,D,D,D,D,D
SOS2;NS9;SOS-2,D,D,D,D,D,D,D,D,D,N,D,D,D,D,D,D,D,D,D,D,D,D,D,D,D,D,D,D,D,D,D,D
NNX3;gep;RMP;GNA12,C,N,N,N,N,N,C,C,N,N,N,N,C,C,C,N,N,N,C,N,C,N,N,C,N,C,N,C,N,C,C,N
GNG12,N,N,N,N,N,N,N,N,N,N,N,N,N,N,N,N,N,N,N,N,N,N,N,N,N,N,N,N,N,N,N,N
NCKAP2;MSTP084;Grb3-3;EGFRBP-GRB2;MST084;ASH;GRB2,D,D,D,D,D,D,D,D,D,N,D,D,D,D,D,D,D,D,D,D,D,D,D,D,D,D,D,D,D,D,D,D
HDLS;FIM2;CSFR;M-CSF-R;CD115;FMS;CSF-1R;C-FMS;CSF1R,D,D,D,D,D,D,D,D,D,N,D,D,D,D,D,D,D,D,D,D,D,D,D,D,D,D,D,D,D,D,D,D
mENA;EGFR;PIG61;ERBB1;NISBD2;ERBB;HER1,D,D,D,D,D,D,D,D,D,N,D,D,D,D,D,D,D,D,D,D,D,D,D,D,D,D,D,D,D,D,D,D
CTRCT6;ECK;CTPP1;ARCC2;CTPA;EPHA2,D,D,D,D,D,D,D,D,D,D,D,D,D,D,D,D,D,D,D,D,D,D,D,D,D,D,D,D,D,D,D,D
FGFR-1;HRTFDS;FLT2;FLG;HBGFR;KAL2;BFGFR;HH2;OGD;ECCL;CEK;FGFBR;FLT-2;bFGF-R-1;FGFR1;CD331;N-SAM,D,D,D,D,D,D,D,D,D,N,D,D,D,D,D,D,D,D,D,D,D,D,D,D,D,D,D,D,D,D,D,D
JTK4;ACH;HSFGFR3EX;CD333;FGFR3;CEK2,D,D,D,D,D,D,D,D,D,N,D,D,D,D,D,D,D,D,D,D,D,D,D,D,D,D,D,D,D,D,D,D
ECT1;CFD1;FGFR2;CD332;BBDS;BEK;KGFR;K-SAM;TK14;BFR-1;CEK3;JWS;TK25,D,D,D,D,D,D,D,D,D,D,D,D,D,D,D,D,D,D,D,D,D,D,D,D,D,D,D,D,D,D,D,D
CD334;FGFR4;TKF;JTK2,D,D,D,D,D,D,D,D,D,N,D,D,D,D,D,D,D,D,D,D,D,D,D,D,D,D,D,D,D,D,D,D
FLT-1;VEGFR-1;FLT1;FLT;VEGFR1,D,D,D,D,D,D,D,D,D,N,D,D,D,D,D,D,D,D,D,D,D,D,D,D,D,D,D,D,D,D,D,D
STK1;FLK-2;CD135;FLK2;FLT3,D,D,D,D,D,D,D,D,D,D,D,D,D,D,D,D,D,D,D,D,D,D,D,D,D,D,D,D,D,D,D,D
LMPH1A;FLT-4;FLT41;PCL;FLT4;VEGFR3;VEGFR-3,D,D,D,D,D,D,D,D,D,D,D,D,D,D,D,D,D,D,D,D,D,D,D,D,D,D,D,D,D,D,D,D
CD221;JTK13;IGFR;IGF1R;IGFIR,D,D,D,D,D,D,D,D,D,N,D,D,D,D,D,D,D,D,D,D,D,D,D,D,D,D,D,D,D,D,D,D
INSR;CD220;HHF5,D,D,D,D,D,D,D,D,D,D,D,D,D,D,D,D,D,D,D,D,D,D,D,D,D,D,D,D,D,D,D,D
VEGFR2;VEGFR;KDR;FLK1;CD309,D,D,D,D,D,D,D,D,D,D,D,D,D,D,D,D,D,D,D,D,D,D,D,D,D,D,D,D,D,D,D,D
KIT;SCFR;C-Kit;PBT;CD117,D,D,D,D,D,D,D,D,D,N,D,D,D,D,D,D,D,D,D,D,D,D,D,D,D,D,D,D,D,D,D,D
DFNB97;MET;RCCP2;AUTS9;HGFR;c-Met,D,D,D,D,D,D,D,D,D,D,D,D,D,D,D,D,D,D,D,D,D,D,D,D,D,D,D,D,D,D,D,D
p75(NTR);Gp80-LNGFR;CD271;TNFRSF16;NGFR;p75NTR,N,N,N,N,N,N,N,N,N,N,N,N,N,N,N,N,N,N,N,N,N,N,N,N,N,N,N,N,N,N,N,N
TRK1;NTRK1;p140-TrkA;Trk-A;TRKA;TRK;MTC,D,D,D,D,D,D,D,D,D,N,D,D,D,D,D,D,D,D,D,D,D,D,D,D,D,D,D,D,D,D,D,D
NTRK2;TRKB;OBHD;GP145-TrkB;trk-B,D,D,D,D,D,D,D,D,D,N,D,D,D,D,D,D,D,D,D,D,D,D,D,D,D,D,D,D,D,D,D,D
PDGFRA;PDGFR-2;PDGFR2;CD140A,D,D,D,D,D,D,D,D,D,D,D,D,D,D,D,D,D,D,D,D,D,D,D,D,D,D,D,D,D,D,D,D
IBGC4;PDGFR-1;PENTT;IMF1;PDGFRB;JTK12;KOGS;PDGFR;CD140B;PDGFR1,D,D,D,D,D,D,D,D,D,D,D,D,D,D,D,D,D,D,D,D,D,D,D,D,D,D,D,D,D,D,D,D
CD202B;VMCM;VMCM1;GLC3E;TIE2;TEK;TIE-2,D,D,D,D,D,D,D,D,D,N,D,D,D,D,D,D,D,D,D,D,D,D,D,D,D,D,D,D,D,D,D,D
CACNG3,N,N,N,N,N,N,N,N,N,N,N,N,N,N,N,N,N,N,N,N,N,N,N,N,N,N,N,N,N,N,N,N
MRD10;CACNG2,N,N,N,N,N,N,N,N,N,N,N,N,N,N,N,N,N,N,N,N,N,N,N,N,N,N,N,N,N,N,N,N
CACNG5,N,N,N,N,N,N,N,N,N,N,N,N,N,N,N,N,N,N,N,N,N,N,N,N,N,N,N,N,N,N,N,N
CACNG4,N,N,N,N,N,N,N,N,N,N,N,N,N,N,N,N,N,N,N,N,N,N,N,N,N,N,N,N,N,N,N,N
HSA272268;CACNA2D3,N,N,N,N,N,N,N,N,N,N,N,N,N,N,N,N,N,N,N,N,N,N,N,N,N,N,N,N,N,N,N,N
CACNG8,N,N,N,N,N,N,N,N,N,N,N,N,N,N,N,N,N,N,N,N,N,N,N,N,N,N,N,N,N,N,N,N
CACNG7,N,N,N,N,N,N,N,N,N,N,N,N,N,N,N,N,N,N,N,N,N,N,N,N,N,N,N,N,N,N,N,N
CACNG6,N,N,N,N,N,N,N,N,N,N,N,N,N,N,N,N,N,N,N,N,N,N,N,N,N,N,N,N,N,N,N,N
HPCA;MHP;CACNA1A;MHP1;APCA;FHM;CACNL1A4;EIEE42;BI;CAV2.1;EA2;SCA6,B,B,B,N,B,N,B,B,B,N,B,B,B,B,B,B,B,B,B,B,B,B,B,B,B,B,N,B,B,N,B,B
DYT23;BIII;CACNA1B;CACNL1A5;Cav2.2;CACNN,B,B,B,N,B,N,B,B,B,N,B,B,B,B,B,B,B,B,B,B,B,B,B,B,B,B,N,B,B,N,B,B
CACNA1C;CCHL1A1;CACH2;CaV1.2;TS;LQT8;CACN2;CACNL1A1,B,B,B,N,B,N,B,B,B,N,B,B,B,B,B,B,B,B,B,B,B,B,B,B,B,B,N,B,B,N,B,B
SANDD;CACH3;CCHL1A2;CACNL1A2;PASNA;CACNA1D;CACN4;Cav1.3,B,B,B,N,B,N,B,B,B,N,B,B,B,B,B,B,B,B,B,B,B,B,B,B,B,B,N,B,B,N,B,B
Cav2.3;CACNA1E;gm139;BII;CACH6;CACNL1A6,B,B,B,N,B,N,B,B,B,N,B,B,B,B,B,B,B,B,B,B,B,B,B,B,B,B,N,B,B,N,B,B
COD3;AIED;Cav1.4;CSNBX2;OA2;COD4;JMC8;CORDX;JM8;CORDX3;CACNA1F;CSNB2;Cav1.4alpha1;CSNB2A,B,B,B,N,B,N,B,B,B,N,B,B,B,B,B,B,B,B,B,B,B,B,B,B,B,B,N,B,B,N,B,B
CACNA1S;HOKPP;CACNL1A3;TTPP1;Cav1.1;MHS5;CCHL1A3;HOKPP1;hypoPP,B,B,B,N,B,N,B,B,B,N,B,B,B,B,B,B,B,B,B,B,B,B,B,B,B,B,N,B,B,N,B,B
CACNL2A;lncRNA-N3;MHS3;CACNA2;CCHL2A;LINC01112;CACNA2D1,N,N,N,N,N,N,N,N,N,N,N,N,N,N,N,N,N,N,N,N,N,N,N,N,N,N,N,N,N,N,N,N
CAB1;CCHLB1;CACNB1;CACNLB1,D,D,D,D,D,D,D,D,D,N,D,N,N,D,D,D,D,D,D,D,D,D,D,D,N,D,D,D,D,D,D,D
CACNLB2;MYSB;CAVB2;CACNB2,D,D,D,D,D,D,D,D,D,N,D,N,N,D,D,D,D,D,D,D,D,D,D,D,N,D,D,D,D,D,D,D
CACNLB3;CACNB3;CAB3,D,D,D,D,D,D,D,D,D,N,D,N,N,D,D,D,D,D,D,D,D,D,D,D,N,D,D,D,D,D,D,D
EJM;CAB4;CACNB4;EIG9;EJM4;EA5;CACNLB4;EJM6,D,D,D,D,D,D,D,D,D,N,D,N,N,D,D,D,D,D,D,D,D,D,D,D,N,D,D,D,D,D,D,D
CACNLG;CACNG1,N,N,N,N,N,N,N,N,N,N,N,N,N,N,N,N,N,N,N,N,N,N,N,N,N,N,N,N,N,N,N,N
Cav3.3;CACNA1I;ca(v)3.3,D,D,D,D,D,N,D,D,D,N,D,D,D,D,D,D,D,D,D,D,D,D,D,D,D,D,N,D,D,D,D,D
EIG6;CACNA1H;ECA6;Cav3.2;CACNA1HB;HALD4,D,D,D,D,D,N,D,D,D,N,D,D,D,D,D,D,D,D,D,D,D,D,D,D,D,D,N,D,D,D,D,D
CACNA1G;Ca(V)T.1;Cav3.1;NBR13;SCA42,D,D,D,D,D,N,D,D,D,N,D,D,D,D,D,D,D,D,D,D,D,D,D,D,D,D,N,D,D,D,D,D
CACNA2D;CACNA2D2,N,N,N,N,N,N,N,N,N,N,N,N,N,N,N,N,N,N,N,N,N,N,N,N,N,N,N,N,N,N,N,N
RCD4;CACNA2D4,N,N,N,N,N,N,N,N,N,N,N,N,N,N,N,N,N,N,N,N,N,N,N,N,N,N,N,N,N,N,N,N
NUR77;NP10;GFRP1;NGFIB;NAK-1;N10;HMR;TR3;NR4A1,N,N,N,N,N,N,N,N,N,N,N,N,N,N,N,N,N,N,N,N,N,N,N,N,N,N,N,N,N,N,N,N
ERK5;PRKM7;MAPK7;BMK1;ERK4,D,D,D,D,D,D,D,D,D,D,D,D,D,D,D,D,D,D,D,D,D,D,D,D,D,D,D,D,D,D,D,D
PRKMK5;MEK5;MAP2K5;MAPKK5;HsT17454,D,D,D,D,D,D,D,D,D,D,D,D,D,D,D,D,D,D,D,D,D,D,D,D,D,D,D,D,D,D,D,D
NLK,D,D,D,D,D,D,D,D,D,D,D,D,D,D,D,D,D,D,D,D,D,D,D,D,D,D,D,D,D,D,D,D
CDC25B,N,N,A,N,N,N,N,A,N,N,N,N,A,N,N,N,A,N,N,N,N,N,A,N,N,N,N,N,N,N,N,N
MSK2;RSK-B;S6K-alpha-4;RPS6KA4,D,D,D,D,D,D,D,D,D,D,D,D,D,D,D,D,D,D,D,D,D,D,D,D,D,D,D,D,D,D,D,D
MSPK1;MSK1;RPS6KA5;RLPK,D,D,D,D,D,D,D,D,D,D,D,D,D,D,D,D,D,D,D,D,D,D,D,D,D,D,D,D,D,D,D,D
MK-3;MDPT3;MAPKAPK-3;MAPKAP3;MAPKAP-K3;3PK;MAPKAPK3,D,D,D,D,D,D,D,D,D,D,D,D,D,D,D,D,D,D,D,D,D,D,D,D,D,D,D,D,D,D,D,D
MAPKAPK2;MK2;MK-2;MAPKAP-K2,D,D,D,D,D,D,D,D,D,D,D,D,D,D,D,D,D,D,D,D,D,D,D,D,D,D,D,D,D,D,D,D
TXREB;TAXREB67;ATF4;CREB2;CREB-2,N,N,N,N,N,N,N,N,N,N,N,N,N,N,N,N,N,N,N,N,N,N,N,N,N,N,N,N,N,N,N,N
DEL5q14.3;C5DELq14.3;MEF2C,A,A,N,A,N,A,N,A,A,N,A,A,N,N,N,N,N,N,A,N,A,A,N,A,A,N,N,A,N,A,A,A
bHLHd4;MAX,N,N,N,N,N,N,N,N,N,N,N,N,N,N,N,N,N,N,N,N,N,N,N,N,N,N,N,N,N,N,N,N
DDIT3;GADD153;CHOP10;C/EBPzeta;CHOP-10;CEBPZ;CHOP,N,N,N,N,N,N,N,N,N,N,N,N,N,N,N,N,N,N,N,N,N,N,N,N,N,N,N,N,N,N,N,N
ELK4;SAP1,N,N,N,N,N,N,N,N,N,N,N,N,N,N,N,N,N,N,N,N,N,N,N,N,N,N,N,N,N,N,N,N
BCC7;LFS1;TP53;P53;TRP53,N,N,N,N,N,N,N,N,N,N,N,N,N,N,N,N,N,N,N,N,N,N,N,N,N,N,N,N,N,N,N,N
ELK1,N,N,N,N,N,N,N,N,N,N,N,N,N,N,N,N,N,N,N,N,N,N,N,N,N,N,N,N,N,N,N,N
HB16;TREB7;ATF2;CREB2;CREB-2;CRE-BP1,N,N,N,N,N,N,N,N,N,N,N,N,N,N,N,N,N,N,N,N,N,N,N,N,N,N,N,N,N,N,N,N
p38ALPHA;RK;CSBP;PRKM14;PRKM15;CSBP2;MAPK14;CSPB1;EXIP;Mxi2;SAPK2A;p38;CSBP1,D,D,D,D,D,D,D,D,D,D,D,D,D,D,D,D,D,D,D,D,D,D,D,D,D,D,D,D,D,D,D,D
MAPK11;P38B;P38BETA2;SAPK2B;p38-2;PRKM11;p38Beta;SAPK2,D,D,D,D,D,D,D,D,D,D,D,D,D,D,D,D,D,D,D,D,D,D,D,D,D,D,D,D,D,D,D,D
p38delta;MAPK_13;MAPK-13;SAPK4;PRKM13;MAPK13,D,D,D,D,D,D,D,D,D,D,D,D,D,D,D,D,D,D,D,D,D,D,D,D,D,D,D,D,D,D,D,D
P38GAMMA;SAPK-3;MAPK12;PRKM12;ERK3;ERK-6;MAPK_12;ERK6;SAPK3,D,D,D,D,D,D,D,D,D,D,D,D,D,D,D,D,D,D,D,D,D,D,D,D,D,D,D,D,D,D,D,D
PPP5D1,D,D,D,D,D,D,D,D,D,N,D,D,D,D,D,D,D,D,D,D,D,D,D,D,D,D,D,D,D,D,D,D
PP5;PPP5;PPP5C;PPT,D,D,D,D,D,D,D,D,D,N,D,D,D,D,D,D,D,D,D,D,D,D,D,D,D,D,D,D,D,D,D,D
MAPKK6;MKK6;SAPKK-3;SAPKK3;PRKMK6;MAP2K6;MEK6,D,D,D,D,D,D,D,D,D,D,D,D,D,D,D,D,D,D,D,D,D,D,D,D,D,D,D,D,D,D,D,D
MEK3;SAPKK-2;MAP2K3;PRKMK3;SAPKK2;MKK3;MAPKK3,D,D,D,D,D,D,D,D,D,D,D,D,D,D,D,D,D,D,D,D,D,D,D,D,D,D,D,D,D,D,D,D
PPM1A;PP2C-ALPHA;PP2Calpha;PP2CA,D,D,D,D,D,D,D,D,D,N,D,D,D,D,D,D,D,D,D,D,D,D,D,D,D,D,D,D,D,D,D,D
PKB-GAMMA;STK-2;MPPH2;MPPH;RAC-gamma;RAC-PK-gamma;PRKBG;AKT3;PKBG,D,D,D,D,D,D,D,D,D,D,D,D,D,D,D,D,D,D,D,D,D,D,D,D,D,D,D,D,D,D,D,D
RAC-ALPHA;RAC;PKB-ALPHA;AKT;PRKBA;CWS6;AKT1;PKB,D,D,D,D,D,D,D,D,D,D,D,D,D,D,D,D,D,D,D,D,D,D,D,D,D,D,D,D,D,D,D,D
PKBB;PRKBB;AKT2;PKBBETA;HIHGHH;RAC-BETA,D,D,D,D,D,D,D,D,D,D,D,D,D,D,D,D,D,D,D,D,D,D,D,D,D,D,D,D,D,D,D,D
MAP3K18;TAOK3;DPK;JIK;hKFC-A,D,D,D,D,D,D,D,D,D,D,D,D,D,D,D,D,D,D,D,D,D,D,D,D,D,D,D,D,D,D,D,D
TAO1;PSK2;TAOK1;PSK-2;hKFC-B;KFC-B;MARKK;hTAOK1;MAP3K16,D,D,D,D,D,D,D,D,D,D,D,D,D,D,D,D,D,D,D,D,D,D,D,D,D,D,D,D,D,D,D,D
PSK;TAO1;PSK1;MAP3K17;TAOK2;TAO2;PSK1-BETA,D,D,D,D,D,D,D,D,D,D,D,D,D,D,D,D,D,D,D,D,D,D,D,D,D,D,D,D,D,D,D,D
MAPKKK4;MEKK_4;PRO0412;MAP3K4;MEKK4;MTK1,D,D,D,D,D,D,D,D,D,D,D,D,D,D,D,D,D,D,D,D,D,D,D,D,D,D,D,D,D,D,D,D
SRP27;HSPB1;HS.76067;HMN2B;HEL-S-102;CMT2F;HSP28;Hsp25;HSP27,N,N,A,N,A,N,N,A,A,N,A,A,A,A,N,A,A,A,N,N,N,A,A,A,N,A,N,N,N,N,A,N
CSCF;TAK1;MEKK7;FMD2;MAP3K7;TGF1a,D,D,D,D,D,D,D,D,D,N,D,D,D,D,D,D,D,D,D,D,D,D,D,D,D,D,D,D,D,D,D,D
MAP3K5;MAPKKK5;MEKK5;ASK1,D,D,D,D,D,D,D,D,D,D,D,D,D,D,D,D,D,D,D,D,D,D,D,D,D,D,D,D,D,D,D,D
MAPKKK6;MEKK6;MAP3K6;ASK2,D,D,D,D,D,D,D,D,D,D,D,D,D,D,D,D,D,D,D,D,D,D,D,D,D,D,D,D,D,D,D,D
SFMMP;MLTKbeta;pk;MLK7;MLTK;MLTKalpha;ZAK;MRK;mlklak;MLT;MAP3K20;AZK;CNM6,D,D,D,D,D,D,D,D,D,N,D,D,D,D,D,D,D,D,D,D,D,D,D,D,D,D,D,D,D,D,D,D
ZPK;MAP3K12;MEKK12;ZPKP1;MUK;DLK,D,D,D,D,D,D,D,D,D,N,D,D,D,D,D,D,D,D,D,D,D,D,D,D,D,D,D,D,D,D,D,D
MLK;LZK;MEKK13;MAP3K13,D,D,D,D,D,D,D,D,D,N,D,D,D,D,D,D,D,D,D,D,D,D,D,D,D,D,D,D,D,D,D,D
MAP4K2;GCK;BL44;RAB8IP,D,D,D,D,D,D,D,D,D,D,D,D,D,D,D,D,D,D,D,D,D,D,D,D,D,D,D,D,D,D,D,D
KRS1;STK3;MST2,D,D,D,D,D,D,D,D,D,D,D,D,D,D,D,D,D,D,D,D,D,D,D,D,D,D,D,D,D,D,D,D
MST1;STK4;KRS2;YSK3,D,D,D,D,D,D,D,D,D,D,D,D,D,D,D,D,D,D,D,D,D,D,D,D,D,D,D,D,D,D,D,D
ECSIT;SITPEC,N,N,N,N,N,N,N,N,N,N,N,N,N,N,N,N,N,N,N,N,N,N,N,N,N,N,N,N,N,N,N,N
TAB2;TAB-2;MAP3K7IP2;CHTD2,N,N,N,N,N,N,N,N,N,N,N,N,N,N,N,N,N,N,N,N,N,N,N,N,N,N,N,N,N,N,N,N
TAB1;3'-Tab1;MAP3K7IP1,A,A,A,N,N,N,A,N,A,N,A,N,A,A,A,N,A,N,N,A,A,N,A,N,A,N,N,A,N,N,A,N
DDIT2;GRP17;GADD45gamma;CR6;GADD45G,C,N,C,N,N,N,N,C,N,N,C,N,N,N,N,N,N,N,N,N,C,N,N,C,C,N,N,C,C,N,C,N
DDIT1;GADD45;GADD45A,C,N,C,N,N,N,N,C,N,N,C,N,N,N,N,N,N,N,N,N,C,N,N,C,C,N,N,C,C,N,C,N
GADD45B;MYD118;GADD45BETA,C,N,C,N,N,N,N,C,N,N,C,N,N,N,N,N,N,N,N,N,C,N,N,C,C,N,N,C,C,N,C,N
RNF85;TRAF6;MGC:3310,C,C,C,C,C,C,C,C,C,N,C,C,N,C,C,C,C,N,C,C,C,C,C,N,C,C,N,N,C,C,C,C
EAP1;DAP6;BING2;DAXX,N,N,N,N,N,N,N,N,N,N,N,N,N,N,N,N,N,N,N,N,N,N,N,N,N,N,N,N,N,N,N,N
TRAP;TRAP3;TRAF2;MGC:45012,A,N,A,N,N,N,A,N,N,N,A,N,N,A,N,N,A,N,N,N,A,N,N,N,N,N,N,N,N,N,A,N
CPP32B;CPP32;SCA-1;CASP3,N,N,N,N,N,N,N,N,N,N,N,N,N,N,N,N,N,N,N,N,N,N,N,N,N,N,N,N,N,N,N,N
CD14,N,N,N,N,N,N,N,N,N,N,N,N,N,N,N,N,N,N,N,N,N,N,N,N,N,N,N,N,N,N,N,N
LDS1;SKR4;ACVRLK4;AAT5;MSSE;LDS1A;ESS1;ALK-5;LDS2A;TGFR-1;ALK5;TGFBR1;tbetaR-I,D,D,D,D,D,D,D,D,D,D,D,D,D,D,D,D,D,D,D,D,D,D,D,D,D,D,D,D,D,D,D,D
MFS2;TGFBR2;LDS2;TGFbeta-RII;TAAD2;LDS2B;FAA3;AAT3;RIIC;TGFR-2;LDS1B,D,D,D,D,D,D,D,D,D,D,D,D,D,D,D,D,D,D,D,D,D,D,D,D,D,D,D,D,D,D,D,D
FAS1;FAS;TNFRSF6;ALPS1A;FASTM;APO-1;APT1;CD95,N,N,N,N,N,N,N,N,N,N,N,N,N,N,N,N,N,N,N,N,N,N,N,N,N,N,N,N,N,N,N,N
IL-1R-alpha;P80;IL1R1;IL1R;D2S1473;CD121A;IL1RA,D,N,D,N,D,N,N,D,D,N,D,D,D,D,D,D,D,D,N,D,D,D,D,D,D,D,D,N,N,D,D,D
IL1RAP;C3orf13;IL-1RAcP;IL1R3,D,N,D,N,D,N,N,D,D,N,D,D,D,D,D,D,D,D,N,D,D,D,D,D,D,D,D,N,N,D,D,D
TNFR1;p60;TNF-R55;p55;TNF-R;TNFRSF1A;TBP1;CD120a;TNFR60;p55-R;TNFR55;TNFAR;FPF;TNF-R-I,N,N,N,N,N,N,N,N,N,N,N,N,N,N,N,N,N,N,N,N,N,N,N,N,N,N,N,N,N,N,N,N
TGFB;TGFbeta;LAP;CED;DPD1;TGFB1,D,D,D,D,D,D,D,D,D,N,D,D,D,D,D,D,D,D,D,D,D,D,D,D,D,D,D,D,D,D,D,D
TGF-beta2;TGFB2;LDS4;G-TSF,D,D,D,D,D,D,D,D,D,N,D,D,D,D,D,D,D,D,D,D,D,D,D,D,D,D,D,D,D,D,D,D
ARVD1;TGF-beta3;ARVD;RNHF;LDS5;TGFB3,D,D,D,D,D,D,D,D,D,N,D,D,D,D,D,D,D,D,D,D,D,D,D,D,D,D,D,D,D,D,D,D
IL1A;IL1;IL1-ALPHA;IL-1A;IL1F1,N,N,N,N,N,N,N,N,N,N,N,N,N,N,N,N,N,N,N,N,N,N,N,N,N,N,N,N,N,N,N,N
IL1B;IL1F2;IL1-BETA;IL-1,N,N,N,N,N,N,N,N,N,N,N,N,N,N,N,N,N,N,N,N,N,N,N,N,N,N,N,N,N,N,N,N
TNF;TNFA;TNFSF2;DIF;TNLG1F;TNF-alpha,N,N,N,N,N,N,N,N,N,N,N,N,N,N,N,N,N,N,N,N,N,N,N,N,N,N,N,N,N,N,N,N
MK-5;MK5;MAPKAP-K5;MAPKAPK5;PRAK,D,D,D,D,D,D,D,D,D,D,D,D,D,D,D,D,D,D,D,D,D,D,D,D,D,D,D,D,D,D,D,D
MIG5;RAC1;p21-Rac1;TC-25;Rac-1,D,D,D,D,D,D,D,D,D,D,D,D,D,D,D,D,D,D,D,D,D,D,D,D,D,D,D,D,D,D,D,D
RAC2;Gx;EN-7;p21-Rac2;HSPC022,D,D,D,D,D,D,D,D,D,D,D,D,D,D,D,D,D,D,D,D,D,D,D,D,D,D,D,D,D,D,D,D
RAC3,D,D,D,D,D,D,D,D,D,D,D,D,D,D,D,D,D,D,D,D,D,D,D,D,D,D,D,D,D,D,D,D
TKS;CDC42Hs;CDC42;G25K,D,D,D,D,D,D,D,D,D,D,D,D,D,D,D,D,D,D,D,D,D,D,D,D,D,D,D,D,D,D,D,D
PAK1;PAKalpha,D,D,D,D,D,D,D,D,D,D,D,D,D,D,D,D,D,D,D,D,D,D,D,D,D,D,D,D,D,D,D,D
PAK65;PAK2;PAKgamma,D,D,D,D,D,D,D,D,D,D,D,D,D,D,D,D,D,D,D,D,D,D,D,D,D,D,D,D,D,D,D,D
MEKK2;MAP3K2;MEKK2B,D,D,D,D,D,D,D,D,D,D,D,D,D,D,D,D,D,D,D,D,D,D,D,D,D,D,D,D,D,D,D,D
MEKK3;MAP3K3;MAPKKK3,D,D,D,D,D,D,D,D,D,D,D,D,D,D,D,D,D,D,D,D,D,D,D,D,D,D,D,D,D,D,D,D
IB2;MAPK8IP2;PRKM8IPL;JIP2;IB-2,N,N,N,N,N,N,N,N,N,N,N,N,N,N,N,N,N,N,N,N,N,N,N,N,N,N,N,N,N,N,N,N
PRKM8IP;JIP-1;MAPK8IP1;IB1;JIP1,N,N,N,N,N,N,N,N,N,N,N,N,N,N,N,N,N,N,N,N,N,N,N,N,N,N,N,N,N,N,N,N
SPRK;MEKK11;MAP3K11;MLK3;PTK1;MLK-3,D,D,D,D,D,D,D,D,D,N,D,D,D,D,D,D,D,D,D,D,D,D,D,D,D,D,D,D,D,D,D,D
JNKK2;MAP2K7;SAPKK-4;PRKMK7;SAPKK4;MAPKK7;MKK7;MEK_7;MEK,D,D,D,D,D,D,D,D,D,D,D,D,D,D,D,D,D,D,D,D,D,D,D,D,D,D,D,D,D,D,D,D
SAPK1;JNK;SAPK1c;PRKM8;JNK21B1/2;MAPK8;JNK1A2;JNK1;JNK-46,D,D,D,D,D,D,D,D,D,D,D,D,D,D,D,D,D,D,D,D,D,D,D,D,D,D,D,D,D,D,D,D
p54aSAPK;MAPK9;p54a;JNK2B;JNK-55;JNK2BETA;SAPK;JNK2;SAPK1a;JNK2ALPHA;JNK2A;PRKM9,D,D,D,D,D,D,D,D,D,D,D,D,D,D,D,D,D,D,D,D,D,D,D,D,D,D,D,D,D,D,D,D
JNK3;SAPK1b;MAPK10;JNK3A;PRKM10;p54bSAPK;p493F12,D,D,D,D,D,D,D,D,D,D,D,D,D,D,D,D,D,D,D,D,D,D,D,D,D,D,D,D,D,D,D,D
MKK4;PRKMK4;MEK4;JNKK;SERK1;SAPKK-1;SEK1;SKK1;MAP2K4;SAPKK1;JNKK1;MAPKK4,D,D,D,D,D,D,D,D,D,D,D,D,D,D,D,D,D,D,D,D,D,D,D,D,D,D,D,D,D,D,D,D
CRKII;CRK;p38,A,A,A,N,A,N,N,N,A,N,A,N,A,A,A,N,N,N,A,A,A,A,A,A,A,A,A,A,A,A,A,A
CRKL,A,A,A,N,N,N,N,N,A,N,A,N,A,A,A,N,N,N,A,A,A,A,A,A,A,A,A,A,A,A,A,A
ARRB1;ARR1;ARB1,N,N,N,N,N,N,N,N,N,N,N,N,N,N,N,N,N,N,N,N,N,N,N,N,N,N,N,N,N,N,N,N
ARRB2;BARR2;ARB2;ARR2,N,N,N,N,N,N,N,N,N,N,N,N,N,N,N,N,N,N,N,N,N,N,N,N,N,N,N,N,N,N,N,N
EVI1;PRDM3;KMT8E;RUSAT2;AML1-EVI-1;MDS1;MDS1-EVI1;MECOM,D,D,D,D,D,D,D,D,D,N,D,D,D,D,D,D,N,N,D,D,D,D,D,D,D,D,D,D,D,D,D,D
HSP72;HEL-S-103;HSPA1A;HSPA1;HSP70.1;HSP70-1A;HSP70I;HSP70-1,D,D,D,D,D,D,D,D,D,N,D,D,D,D,D,D,D,D,D,D,D,D,D,D,N,D,D,D,D,D,D,D
HSP70-1B;HSP70.2;HSP70-2;HSPA1B,D,D,D,D,D,D,D,D,D,N,D,D,D,D,D,D,D,D,D,D,D,D,D,D,N,D,D,D,D,D,D,D
HSPA1L;HSP70-HOM;HSP70T;hum70t;HSP70-1L,D,D,D,D,D,D,D,D,D,N,D,D,D,D,D,D,D,D,D,D,D,D,D,D,N,D,D,D,D,D,D,D
HSPA2;HSP70-2;HSP70-3,D,D,D,D,D,D,D,D,D,N,D,D,D,D,D,D,D,D,D,D,D,D,D,D,N,D,D,D,D,D,D,D
HSP70B';HSPA6,D,D,D,D,D,D,D,D,D,N,D,D,D,D,D,D,D,D,D,D,D,D,D,D,N,D,D,D,D,D,D,D
HSPA10;HSC70;NIP71;LAP1;LAP-1;HEL-S-72p;HSP71;HSP73;HSPA8;HEL-33;HSC54;HSC71,D,D,D,D,D,D,D,D,D,N,D,D,D,D,D,D,D,D,D,D,D,D,D,D,N,D,D,D,D,D,D,D
AP-1;JUND,N,N,N,N,N,N,N,N,N,N,N,N,N,N,N,N,N,N,N,N,N,N,N,N,N,N,N,N,N,N,N,N
JUN;AP1;p39;AP-1;c-Jun,N,N,N,N,N,N,N,N,N,N,N,N,N,N,N,N,N,N,N,N,N,N,N,N,N,N,N,N,N,N,N,N
NFATX;NFATC3;NFAT4,N,N,N,N,N,N,N,N,N,N,N,N,N,N,N,N,N,N,N,N,N,N,N,N,N,N,N,N,N,N,N,N
NFATC1;NF-ATC;NFAT2;NFATc;NF-ATc1.2,N,N,N,N,N,N,N,N,N,N,N,N,N,N,N,N,N,N,N,N,N,N,N,N,N,N,N,N,N,N,N,N
PPP3CA;CALN;PPP2B;CCN1;CALNA1;CNA1;CALNA,D,D,D,D,D,D,D,D,D,N,D,D,D,D,D,D,D,D,D,D,D,D,D,D,D,D,D,D,D,D,D,D
PPP3CB;CALNB;CALNA2;CNA2;PP2Bbeta,D,D,D,D,D,D,D,D,D,N,D,D,D,D,D,D,D,D,D,D,D,D,D,D,D,D,D,D,D,D,D,D
CNA3;PP2Bgamma;CALNA3;PPP3CC,D,D,D,D,D,D,D,D,D,N,D,D,D,D,D,D,D,D,D,D,D,D,D,D,D,D,D,D,D,D,D,D
PPP3R1;CNB1;CNB;CALNB1,D,D,D,D,D,D,D,D,D,N,D,D,D,D,D,D,D,D,D,D,D,D,D,D,D,D,D,D,D,D,D,D
PPP3RL;PPP3R2,D,D,D,D,D,D,D,D,D,D,D,D,D,D,D,D,D,D,D,D,D,D,D,D,D,D,D,D,D,D,D,D
JSAP1;syd;MAPK8IP3;JIP3;JIP-3;SYD2,D,D,D,D,D,D,D,D,D,N,D,D,D,D,D,D,D,D,D,D,D,D,D,D,D,D,D,D,D,D,D,D
CSBS;FLN;FLN1;OPD2;OPD;ABPX;ABP-280;FLN-A;FLNA;MNS;NHBP;XMVD;OPD1;FMD;CVD1;XLVD,B,B,B,B,B,B,B,B,B,N,B,B,B,B,B,B,B,B,B,B,B,B,B,B,N,B,B,B,B,B,B,B
TAP;SCT;FLNB;FH1;FLN1L;LRS1;FLN-B;ABP-278;AOI;TABP;ABP-280,B,B,B,B,B,B,B,B,B,N,B,B,B,B,B,B,B,B,B,B,B,B,B,B,N,B,B,B,B,B,B,B
MPD4;MFM5;ABPA;FLN2;RCM5;ABPL;ABP-280;ABP280A;CMH26;FLNC,D,D,D,D,D,D,D,D,D,N,D,D,D,D,D,D,D,D,D,D,D,D,D,D,N,D,D,D,D,D,D,D
SRXY6;MEKK;MAPKKK1;MEKK_1;MAP3K1;MEKK1,D,D,D,D,D,D,D,D,D,D,D,D,D,D,D,D,D,D,D,D,D,D,D,D,D,D,D,D,D,D,D,D
AURA2;EST;TPL2;COT;c-COT;Tpl-2;MEKK8;MAP3K8;ESTF,D,D,D,D,D,D,D,D,D,N,D,D,D,D,D,D,D,D,D,D,D,D,D,D,D,D,D,D,D,D,D,D
MAP4K1;HPK1,D,D,D,D,D,D,D,D,D,D,D,D,D,D,D,D,D,D,D,D,D,D,D,D,D,D,D,D,D,D,D,D
GLK;MAPKKKK3;MEKKK_3;RAB8IPL1;MEKKK3;MAP4K3,D,D,D,D,D,D,D,D,D,D,D,D,D,D,D,D,D,D,D,D,D,D,D,D,D,D,D,D,D,D,D,D
C-FOS;FOS;AP-1;p55,N,N,N,N,N,N,N,N,N,N,N,N,N,N,N,N,N,N,N,N,N,N,N,N,N,N,N,N,N,N,N,N
MCM1;SRF,A,A,N,A,N,A,N,A,A,N,A,A,N,N,N,N,N,N,A,N,A,A,N,A,A,N,N,A,N,A,A,A
MRTL;MYC;bHLHe39;MYCC;c-Myc,N,N,N,N,N,N,N,N,N,N,N,N,N,N,N,N,N,N,N,N,N,N,N,N,N,N,N,N,N,N,N,N
p90RSK6;S6K-alpha-6;PP90RSK4;RSK4;RPS6KA6;RSK-4,D,D,D,D,D,D,D,D,D,D,D,D,D,D,D,D,D,D,D,D,D,D,D,D,D,D,D,D,D,D,D,D
MAPKAPK1A;HU-1;RSK1;RPS6KA1;RSK;p90Rsk,D,D,D,D,D,D,D,D,D,D,D,D,D,D,D,D,D,D,D,D,D,D,D,D,D,D,D,D,D,D,D,D
RSK3;p90-RSK3;RSK;MAPKAPK1C;pp90RSK3;S6K-alpha2;HU-2;p90RSK2;RPS6KA2;S6K-alpha,D,D,D,D,D,D,D,D,D,D,D,D,D,D,D,D,D,D,D,D,D,D,D,D,D,D,D,D,D,D,D,D
CLS;MRX19;HU-3;RSK2;RSK;ISPK-1;S6K-alpha3;RPS6KA3;p90-RSK2;MAPKAPK1B;pp90RSK2,D,D,D,D,D,D,D,D,D,D,D,D,D,D,D,D,D,D,D,D,D,D,D,D,D,D,D,D,D,D,D,D
GPRK7;MNK2;MKNK2,D,D,D,D,D,D,D,D,D,D,D,D,D,D,D,D,D,D,D,D,D,D,D,D,D,D,D,D,D,D,D,D
MKNK1;MNK1,D,D,D,D,D,D,D,D,D,D,D,D,D,D,D,D,D,D,D,D,D,D,D,D,D,D,D,D,D,D,D,D
CSF1;CSF-1;MCSF,N,N,N,N,N,N,N,N,N,N,N,N,N,N,N,N,N,N,N,N,N,N,N,N,N,N,N,N,N,N,N,N
LERK1;EPLG1;EFL1;LERK-1;TNFAIP4;ECKLG;EFNA1;B61,N,N,N,N,N,N,N,N,N,N,N,N,N,N,N,N,N,N,N,N,N,N,N,N,N,N,N,N,N,N,N,N
HEK7-L;EFNA2;EPLG6;LERK6;ELF-1;LERK-6,N,N,N,N,N,N,N,N,N,N,N,N,N,N,N,N,N,N,N,N,N,N,N,N,N,N,N,N,N,N,N,N
LERK3;EFNA3;EPLG3;Ehk1-L;EFL2,N,N,N,N,N,N,N,N,N,N,N,N,N,N,N,N,N,N,N,N,N,N,N,N,N,N,N,N,N,N,N,N
EFNA4;LERK4;EPLG4;EFL4,N,N,N,N,N,N,N,N,N,N,N,N,N,N,N,N,N,N,N,N,N,N,N,N,N,N,N,N,N,N,N,N
GLC1M;EPLG7;AF1;EFL5;LERK7;RAGS;EFNA5,N,N,N,N,N,N,N,N,N,N,N,N,N,N,N,N,N,N,N,N,N,N,N,N,N,N,N,N,N,N,N,N
EGF;HOMG4;URG,D,D,D,D,D,D,D,D,D,N,D,D,D,D,D,D,D,D,D,D,D,D,D,D,D,D,D,D,D,D,D,D
FGFA;ECGF-beta;ECGF;HBGF1;ECGFA;FGF1;GLIO703;HBGF-1;FGF-alpha;AFGF;FGF-1;ECGFB,N,N,N,N,N,N,N,N,N,N,N,N,N,N,N,N,N,N,N,N,N,N,N,N,N,N,N,N,N,N,N,N
FGFB;HBGF-2;FGF2;FGF-2;BFGF,N,N,N,N,N,N,N,N,N,N,N,N,N,N,N,N,N,N,N,N,N,N,N,N,N,N,N,N,N,N,N,N
HBGF-3;FGF3;INT2,N,N,N,N,N,N,N,N,N,N,N,N,N,N,N,N,N,N,N,N,N,N,N,N,N,N,N,N,N,N,N,N
HBGF-4;HSTF-1;FGF4;HSTF1;K-FGF;FGF-4;HST-1;HST;KFGF,N,N,N,N,N,N,N,N,N,N,N,N,N,N,N,N,N,N,N,N,N,N,N,N,N,N,N,N,N,N,N,N
HBGF-5;TCMGLY;Smag-82;FGF5,N,N,N,N,N,N,N,N,N,N,N,N,N,N,N,N,N,N,N,N,N,N,N,N,N,N,N,N,N,N,N,N
FGF6;HST2;HBGF-6,N,N,N,N,N,N,N,N,N,N,N,N,N,N,N,N,N,N,N,N,N,N,N,N,N,N,N,N,N,N,N,N
HBGF-7;FGF7;KGF,N,N,N,N,N,N,N,N,N,N,N,N,N,N,N,N,N,N,N,N,N,N,N,N,N,N,N,N,N,N,N,N
FGF-8;AIGF;FGF8;HBGF-8;KAL6;HH6,N,N,N,N,N,N,N,N,N,N,N,N,N,N,N,N,N,N,N,N,N,N,N,N,N,N,N,N,N,N,N,N
SYNS3;HBGF-9;GAF;FGF-9;FGF9;HBFG-9,N,N,N,N,N,N,N,N,N,N,N,N,N,N,N,N,N,N,N,N,N,N,N,N,N,N,N,N,N,N,N,N
FGF10,N,N,N,N,N,N,N,N,N,N,N,N,N,N,N,N,N,N,N,N,N,N,N,N,N,N,N,N,N,N,N,N
FGF11;FHF3;FGF-11;FHF-3,N,N,N,N,N,N,N,N,N,N,N,N,N,N,N,N,N,N,N,N,N,N,N,N,N,N,N,N,N,N,N,N
FGF12;EIEE47;FHF1;FGF12B,N,N,N,N,N,N,N,N,N,N,N,N,N,N,N,N,N,N,N,N,N,N,N,N,N,N,N,N,N,N,N,N
FGF13;FHF2;FGF-13;FGF2;FHF-2,N,N,N,N,N,N,N,N,N,N,N,N,N,N,N,N,N,N,N,N,N,N,N,N,N,N,N,N,N,N,N,N
FGF14;SCA27;FHF-4;FHF4;FGF-14,N,N,N,N,N,N,N,N,N,N,N,N,N,N,N,N,N,N,N,N,N,N,N,N,N,N,N,N,N,N,N,N
VEGF-D;FIGF;VEGFD,B,B,B,N,N,N,N,B,N,N,N,N,N,N,N,N,B,N,N,N,B,B,N,B,N,B,B,N,N,N,B,B
FL;FLT3L;FLT3LG;FLG3L,N,N,N,N,N,N,N,N,N,N,N,N,N,N,N,N,N,N,N,N,N,N,N,N,N,N,N,N,N,N,N,N
FGF-20;FGF20;RHDA2,N,N,N,N,N,N,N,N,N,N,N,N,N,N,N,N,N,N,N,N,N,N,N,N,N,N,N,N,N,N,N,N
FGF21,N,N,N,N,N,N,N,N,N,N,N,N,N,N,N,N,N,N,N,N,N,N,N,N,N,N,N,N,N,N,N,N
FGF22,N,N,N,N,N,N,N,N,N,N,N,N,N,N,N,N,N,N,N,N,N,N,N,N,N,N,N,N,N,N,N,N
AGP1;ANG1;AGPT;ANGPT1,D,D,D,D,D,D,D,D,D,N,D,D,D,D,D,D,D,D,N,D,D,D,D,D,D,D,D,D,D,D,D,D
AGPT2;ANG2;ANGPT2,D,D,D,D,D,D,D,D,D,N,D,D,D,D,D,D,D,D,N,D,D,D,D,D,D,D,D,D,D,D,D,D
HGF;SF;F-TCF;DFNB39;HGFB;HPTA,D,D,D,D,D,D,D,D,D,N,D,D,D,D,D,D,D,D,D,D,D,D,D,D,D,D,D,D,D,D,D,D
IGF1;IGF-I;MGF;IGFI,N,N,N,N,N,N,N,N,N,N,N,N,N,N,N,N,N,N,N,N,N,N,N,N,N,N,N,N,N,N,N,N
GRDF;C11orf43;IGF2;PP9974;IGF-II,N,N,N,N,N,N,N,N,N,N,N,N,N,N,N,N,N,N,N,N,N,N,N,N,N,N,N,N,N,N,N,N
ILPR;IRDN;MODY10;INS;IDDM1;IDDM;IDDM2,N,N,N,N,N,N,N,N,N,N,N,N,N,N,N,N,N,N,N,N,N,N,N,N,N,N,N,N,N,N,N,N
MGF;SHEP7;FPHH;DFNA69;SF;KL-1;SLF;DCUA;KITLG;SCF;Kitl;FPH2,N,N,N,N,N,N,N,N,N,N,N,N,N,N,N,N,N,N,N,N,N,N,N,N,N,N,N,N,N,N,N,N
NGF;Beta-NGF;HSAN5;NGFB,N,N,N,N,N,N,N,N,N,N,N,N,N,N,N,N,N,N,N,N,N,N,N,N,N,N,N,N,N,N,N,N
HDNF;NGF2;NGF-2;NT3;NT-3;NTF3,N,N,N,N,N,N,N,N,N,N,N,N,N,N,N,N,N,N,N,N,N,N,N,N,N,N,N,N,N,N,N,N
NT-4;NT-5;GLC1O;NT5;NTF4;NT-4/5;NT4;NTF5;GLC10,N,N,N,N,N,N,N,N,N,N,N,N,N,N,N,N,N,N,N,N,N,N,N,N,N,N,N,N,N,N,N,N
ANG3;ANG4;ANGPT4,D,D,D,D,D,D,D,D,D,N,D,D,D,D,D,D,D,D,N,D,D,D,D,D,D,D,D,D,D,D,D,D
PDGF-A;PDGF1;PDGFA,N,N,N,N,N,N,N,N,N,N,N,N,N,N,N,N,N,N,N,N,N,N,N,N,N,N,N,N,N,N,N,N
PDGF2;SIS;PDGF-2;c-sis;IBGC5;PDGFB;SSV,N,N,N,N,N,N,N,N,N,N,N,N,N,N,N,N,N,N,N,N,N,N,N,N,N,N,N,N,N,N,N,N
PGFL;PlGF-2;D12S1900;PIGF;SHGC-10760;PGF;PLGF,B,B,B,N,N,N,N,B,N,N,N,N,N,N,N,N,B,N,N,N,B,B,N,B,N,B,B,N,N,N,B,B
PDGFC;FALLOTEIN;SCDGF,B,B,B,N,N,N,N,B,N,N,N,N,N,N,N,N,B,N,N,N,B,B,N,B,N,B,B,N,N,N,B,B
ANON2;BULN2;BDNF,N,N,N,N,N,N,N,N,N,N,N,N,N,N,N,N,N,N,N,N,N,N,N,N,N,N,N,N,N,N,N,N
TGFA;TFGA,N,N,N,N,N,N,N,N,N,N,N,N,N,N,N,N,N,N,N,N,N,N,N,N,N,N,N,N,N,N,N,N
VEGFA;MVCD1;VPF;VEGF,B,B,B,N,N,N,N,B,N,N,N,N,N,N,N,N,B,N,N,N,B,B,N,B,N,B,B,N,N,N,B,B
VEGFB;VRF;VEGFL,B,B,B,N,N,N,N,B,N,N,N,N,N,N,N,N,B,N,N,N,B,B,N,B,N,B,B,N,N,N,B,B
VRP;Flt4-L;LMPH1D;VEGFC,B,B,B,N,N,N,N,B,N,N,N,N,N,N,N,N,B,N,N,N,B,B,N,B,N,B,B,N,N,N,B,B
SCDGF-B;MSTP036;IEGF;PDGFD;SCDGFB,B,B,B,N,N,N,N,B,N,N,N,N,N,N,N,N,B,N,N,N,B,B,N,B,N,B,B,N,N,N,B,B
FGF23;PHPTC;HPDR2;HYPF;FGFN;ADHR,N,N,N,N,N,N,N,N,N,N,N,N,N,N,N,N,N,N,N,N,N,N,N,N,N,N,N,N,N,N,N,N
FGF18;FGF-18;ZFGF5,N,N,N,N,N,N,N,N,N,N,N,N,N,N,N,N,N,N,N,N,N,N,N,N,N,N,N,N,N,N,N,N
FGF-13;FGF-17;HH20;FGF17,N,N,N,N,N,N,N,N,N,N,N,N,N,N,N,N,N,N,N,N,N,N,N,N,N,N,N,N,N,N,N,N
FGF-16;FGF16;MF4,N,N,N,N,N,N,N,N,N,N,N,N,N,N,N,N,N,N,N,N,N,N,N,N,N,N,N,N,N,N,N,N
FGF19,N,N,N,N,N,N,N,N,N,N,N,N,N,N,N,N,N,N,N,N,N,N,N,N,N,N,N,N,N,N,N,N
TRADD;Hs.89862,N,N,N,N,N,N,N,N,N,N,N,N,N,N,N,N,N,N,N,N,N,N,N,N,N,N,N,N,N,N,N,N
MYD88D;MYD88,N,N,N,N,N,N,N,N,N,N,N,N,N,N,N,N,N,N,N,N,N,N,N,N,N,N,N,N,N,N,N,N
pelle;IRAK1;IRAK,B,B,B,B,B,B,B,B,B,B,B,B,B,B,B,B,B,B,B,B,B,B,B,B,B,B,B,B,B,B,B,B
IPD1;NY-REN-64;REN64;IRAK4;IRAK-4,B,B,B,B,B,B,B,B,B,B,B,B,B,B,B,B,B,B,B,B,B,B,B,B,B,B,B,B,B,B,B,B
