MCM2,D,D,D,N,D,N,N,N,D,N,D,N,D,D,D,D,D,D,N,D,D,D,D,D,D,N,N,N,N,D,D,D
MCM7;CDC47,D,D,D,N,D,N,N,N,D,N,D,N,D,D,D,D,D,D,N,D,D,D,D,D,D,N,N,N,N,D,D,D
MCM3,D,D,D,N,D,N,N,N,D,N,D,N,D,D,D,D,D,D,N,D,D,D,D,D,D,N,N,N,N,D,D,D
MCM6,D,D,D,N,D,N,N,N,D,N,D,N,D,D,D,D,D,D,N,D,D,D,D,D,D,N,N,N,N,D,D,D
BOB1;CDC46;MCM5,D,D,D,N,D,N,N,N,D,N,D,N,D,D,D,D,D,D,N,D,D,D,D,D,D,N,N,N,N,D,D,D
CDC54;HCD21;MCM4,D,D,D,N,D,N,N,N,D,N,D,N,D,D,D,D,D,D,N,D,D,D,D,D,D,N,N,N,N,D,D,D
RRR1;ORC2;SIR5,A,A,A,A,A,A,A,A,A,N,A,A,A,A,A,A,A,A,A,A,A,A,A,A,A,A,A,A,A,A,A,A
ORC6,N,N,N,N,N,N,N,N,N,N,N,N,N,N,N,N,N,N,N,N,N,N,N,N,N,N,N,N,N,N,N,N
ORC3,N,N,N,N,N,N,N,N,N,N,N,N,N,N,N,N,N,N,N,N,N,N,N,N,N,N,N,N,N,N,N,N
ORC1,N,N,N,N,N,N,N,N,N,N,N,N,N,N,N,N,N,N,N,N,N,N,N,N,N,N,N,N,N,N,N,N
ORC5,N,N,N,N,N,N,N,N,N,N,N,N,N,N,N,N,N,N,N,N,N,N,N,N,N,N,N,N,N,N,N,N
ORC4,A,N,N,N,N,N,N,A,N,N,N,A,N,N,N,N,N,N,N,N,N,N,N,A,A,N,N,N,N,N,N,N
APC3;CDC27;SNB1,D,D,D,D,D,D,D,D,D,N,D,D,D,D,D,D,D,D,D,D,D,D,D,D,D,D,D,D,D,D,D,D
APC11,C,C,C,C,C,C,C,C,C,N,C,C,C,C,C,C,C,C,C,C,C,C,C,C,C,C,C,C,C,C,C,C
APC4,N,N,N,N,N,N,N,N,N,N,N,N,N,N,N,N,N,N,N,N,N,N,N,N,N,N,N,N,N,N,N,N
APC13;SWM1,N,N,N,N,N,N,N,N,N,N,N,N,N,N,N,N,N,N,N,N,N,N,N,N,N,N,N,N,N,N,N,N
CDC26;SCD26;HIT3,N,N,N,N,N,N,N,N,N,N,N,N,N,N,N,N,N,N,N,N,N,N,N,N,N,N,N,N,N,N,N,N
APC10;DOC1,D,D,D,N,D,D,D,D,D,N,D,D,D,D,D,D,D,D,D,D,D,D,D,D,D,D,D,D,D,D,D,D
CDC23,D,D,D,D,D,D,D,D,D,N,D,D,D,D,D,D,D,D,D,D,D,D,D,D,D,D,D,D,D,D,D,D
CDC16,D,D,D,D,D,D,D,D,D,N,D,D,D,D,D,D,D,D,D,D,D,D,D,D,D,D,D,D,D,D,D,D
APC9,N,N,N,N,N,N,N,N,N,N,N,N,N,N,N,N,N,N,N,N,N,N,N,N,N,N,N,N,N,N,N,N
RSI1;APC2;TID2,N,A,N,N,A,A,N,A,A,N,A,N,N,A,A,N,N,A,N,A,A,N,A,A,N,A,N,A,N,N,A,N
APC1,N,N,C,N,C,N,N,C,C,N,C,C,C,N,N,N,C,N,N,N,C,N,C,N,N,N,N,N,N,N,N,N
APC5;RMC1,B,N,B,B,B,B,N,B,B,N,B,B,B,B,N,N,N,B,N,B,B,B,B,B,B,N,N,B,B,N,N,N
CDC53,A,A,A,N,A,A,A,A,A,N,A,A,A,A,A,A,A,A,A,A,A,N,A,A,N,A,N,A,N,N,A,A
SKP1;MGO1,A,A,A,N,A,N,N,A,A,N,A,A,N,A,N,N,A,A,N,A,N,A,A,N,A,A,N,N,A,A,N,N
RBX1;HRT1;HRT2;ROC1,C,C,C,C,C,C,C,C,C,N,C,C,C,C,C,C,C,C,C,C,C,C,C,C,C,C,C,C,C,C,C,C
LSD7;DNA52;DBF4,N,N,N,N,N,N,N,N,N,N,N,N,N,N,N,N,N,N,N,N,N,N,N,N,N,N,N,N,N,N,N,N
LSD6;SAS1;CDC7,D,D,D,D,D,D,D,D,D,D,D,D,D,D,D,D,D,D,D,D,D,D,D,D,D,D,D,D,D,D,D,D
CDC45;SLD4,N,A,N,N,N,A,N,N,N,N,A,N,N,N,N,N,N,N,N,N,N,N,N,N,N,N,N,N,N,N,A,N
HSL5;CDK1;CDC28;SRM5,D,D,D,D,D,D,D,D,D,D,D,D,D,D,D,D,D,D,D,D,D,D,D,D,D,D,D,D,D,D,D,D
CLB3,A,A,A,A,A,A,A,A,A,N,A,A,A,A,A,A,A,A,N,A,A,A,A,A,A,A,A,A,A,A,A,A
CLB4,A,A,A,A,A,A,A,A,A,N,A,A,A,A,A,A,A,A,N,A,A,A,A,A,A,A,A,A,A,A,A,A
CDC4,D,D,D,D,D,D,D,D,D,D,D,D,D,D,D,D,D,D,D,D,D,D,D,D,D,D,D,D,D,D,D,D
COT2;SDC1;SSU2;CAT80;GRR1,B,B,B,B,B,B,B,B,B,N,B,B,B,B,B,N,B,B,B,B,B,B,B,B,B,B,B,B,B,B,B,B
CDC6,N,N,N,N,N,N,N,N,N,N,N,N,N,N,N,N,N,N,N,N,N,N,N,N,N,N,N,N,N,N,N,N
PHO5,A,N,N,N,N,N,A,N,N,N,N,A,N,N,N,N,N,N,N,N,N,N,N,N,A,N,A,N,N,N,A,N
GRF10;PHO2;BAS2,A,A,A,N,N,N,N,N,A,N,A,N,N,N,N,N,N,N,A,N,A,N,N,A,A,A,N,A,A,A,A,A
PHO4,N,N,N,N,N,N,N,N,N,N,N,N,N,N,N,N,N,N,N,N,N,N,N,N,N,N,N,N,N,N,N,N
PHO85;LDB15,D,D,D,D,D,D,D,D,D,D,D,D,D,D,D,D,D,D,D,D,D,D,D,D,D,D,D,D,D,D,D,D
PCL2;CLN4,N,A,N,N,N,N,A,N,N,N,N,N,N,N,N,N,A,N,N,N,N,N,N,A,A,N,N,A,N,N,A,N
PCL1;HCS26,N,A,N,N,N,N,A,N,N,N,N,N,N,N,N,N,A,N,N,N,N,N,N,A,A,N,N,A,N,N,A,N
TUP7;PHO80;AGS3;VAC5,N,A,N,N,N,N,A,N,A,N,N,N,N,A,A,A,A,N,N,N,N,N,N,A,A,N,N,A,N,N,A,N
PHO81;VAC6,D,D,D,D,D,D,D,D,D,N,D,D,D,D,D,D,D,D,D,D,D,D,D,D,D,D,D,D,D,D,D,D
PAC5;CDC20,D,D,D,D,D,D,D,D,D,D,D,D,D,D,D,D,D,D,D,D,D,D,D,D,D,D,D,D,D,D,D,D
CLB6,A,A,A,A,A,A,A,A,A,N,A,A,A,A,A,A,A,A,N,A,A,A,A,A,A,A,A,A,A,A,A,A
CLB5,A,A,A,A,A,A,A,A,A,N,A,A,A,A,A,A,A,A,N,A,A,A,A,A,A,A,A,A,A,A,A,A
BYC1;SIC1;SDB25,N,N,N,N,N,N,N,N,N,N,N,N,N,N,N,N,N,N,N,N,N,N,N,N,N,N,N,N,N,N,N,N
SDS11;SWI6;PSL8,D,D,D,D,D,D,D,D,D,N,D,D,D,D,D,D,D,D,D,D,D,D,D,D,D,D,D,D,D,D,D,D
MBP1,D,D,D,D,D,D,D,D,D,N,D,D,D,D,D,D,D,D,D,D,D,D,D,D,D,D,D,D,D,D,D,D
CLN1,N,N,N,A,N,N,N,N,A,N,N,N,N,A,A,N,N,N,N,N,A,N,N,N,A,N,N,N,N,N,N,A
CLN2,N,N,N,A,N,N,N,N,A,N,N,N,N,A,A,N,N,N,N,N,A,N,N,N,A,N,N,N,N,N,N,A
ART1;SWI4,D,D,D,D,D,D,D,D,D,N,D,D,D,D,D,D,D,D,D,D,D,D,D,D,D,D,D,D,D,D,D,D
CLN3;DAF1;WHI1;FUN10,A,A,A,A,A,A,N,A,A,N,A,A,A,A,A,N,A,A,N,N,N,A,A,A,N,A,A,N,A,A,A,A
FAR1,N,N,N,N,N,N,N,N,N,N,N,N,N,N,N,N,N,N,N,N,N,N,N,N,N,N,N,N,N,N,N,N
FUS3;DAC2,D,D,D,D,D,D,D,D,D,D,D,D,D,D,D,D,D,D,D,D,D,D,D,D,D,D,D,D,D,D,D,D
CDT1;TAH11;SID2,N,N,N,N,N,N,N,N,N,N,N,N,N,N,N,N,N,N,N,N,N,N,N,N,N,N,N,N,N,N,N,N
WHI5,N,N,N,N,N,N,N,N,N,N,N,N,N,N,N,N,N,N,N,N,N,N,N,N,N,N,N,N,N,N,N,N
FUN80;MCM1,A,A,N,A,N,A,N,A,A,N,A,A,N,N,N,N,N,N,A,N,A,A,N,A,A,N,N,A,N,A,A,A
YOX1,A,A,A,N,N,N,N,N,A,N,A,N,N,N,N,N,N,N,A,N,A,N,N,A,A,A,N,A,A,A,A,A
YHP1,A,A,A,N,N,N,N,N,A,N,A,N,N,N,N,N,N,N,A,N,A,N,N,A,A,A,N,A,A,A,A,A
ESP1,A,N,N,A,N,N,N,A,A,N,A,N,N,N,N,N,N,A,A,N,A,N,A,N,N,N,N,N,A,N,A,N
HRM1;FOB1,N,N,N,N,N,N,N,N,N,N,N,N,N,N,N,N,N,N,N,N,N,N,N,N,N,N,N,N,N,N,N,N
CDC55;TMR4,D,D,D,D,D,D,D,D,D,D,D,D,D,D,D,D,D,D,D,D,D,D,D,D,D,D,D,D,D,D,D,D
SDB21;SPO12,N,N,N,N,N,N,N,N,N,N,N,N,N,N,N,N,N,N,N,N,N,N,N,N,N,N,N,N,N,N,N,N
SLK19,D,D,D,D,D,D,D,D,D,N,D,D,D,D,D,D,D,D,D,D,D,D,D,D,D,D,D,D,D,D,D,D
OAF3;CDC14,D,N,D,D,N,N,N,D,N,N,N,N,N,N,D,N,D,N,D,N,D,D,N,D,N,N,D,N,N,D,D,N
SRM8;ESC5;NET1;CFI1,N,N,N,N,N,N,N,N,N,N,N,N,N,N,N,N,N,N,N,N,N,N,N,N,N,N,N,N,N,N,N,N
MSI2;LTE1,D,D,D,D,D,D,D,D,D,N,D,D,D,D,D,D,D,D,D,D,D,D,D,D,D,D,D,D,D,D,D,D
IBD1;BFA1,N,N,N,N,N,N,N,N,N,N,N,N,N,N,N,N,N,N,N,N,N,N,N,N,N,N,N,N,N,N,N,N
PAC7;BUB2,A,A,A,A,N,N,N,N,N,N,A,N,N,A,A,N,A,A,N,A,A,N,A,N,N,N,N,A,A,N,A,N
TEM1,D,D,D,D,D,D,D,D,D,D,D,D,D,D,D,D,D,D,D,D,D,D,D,D,D,D,D,D,D,D,D,D
DBF2,D,D,D,D,D,D,D,D,D,D,D,D,D,D,D,D,D,D,D,D,D,D,D,D,D,D,D,D,D,D,D,D
DBF20,D,D,D,D,D,D,D,D,D,D,D,D,D,D,D,D,D,D,D,D,D,D,D,D,D,D,D,D,D,D,D,D
CDC15;LYT1,D,D,D,D,D,D,D,D,D,D,D,D,D,D,D,D,D,D,D,D,D,D,D,D,D,D,D,D,D,D,D,D
MOB1,A,A,A,A,A,N,N,N,A,N,A,A,N,A,N,N,A,N,A,N,A,A,N,A,N,A,A,A,A,A,A,N
PDS1,N,N,N,N,N,N,N,N,N,N,N,N,N,N,N,N,N,N,N,N,N,N,N,N,N,N,N,N,N,N,N,N
CHK1,D,D,D,D,D,D,D,D,D,D,D,D,D,D,D,D,D,D,D,D,D,D,D,D,D,D,D,D,D,D,D,D
RAD9,N,N,N,N,N,N,N,N,N,N,N,N,N,N,N,N,N,N,N,N,N,N,N,N,N,N,N,N,N,N,N,N
DDC1,N,N,N,N,N,N,N,N,N,N,N,N,N,N,N,N,N,N,N,N,N,N,N,N,N,N,N,N,N,N,N,N
MEC3;PSO9;PIP3,N,N,N,N,N,N,N,N,N,N,N,N,N,N,N,N,N,N,N,N,N,N,N,N,N,N,N,N,N,N,N,N
RAD24,N,N,N,N,N,N,N,N,N,N,N,N,N,N,N,N,N,N,N,N,N,N,N,N,N,N,N,N,N,N,N,N
RAD17,N,N,N,N,N,N,N,N,N,N,N,N,N,N,N,N,N,N,N,N,N,N,N,N,N,N,N,N,N,N,N,N
DDC2;LCD1;PIE1,N,N,N,N,N,N,N,N,N,N,N,N,N,N,N,N,N,N,N,N,N,N,N,N,N,N,N,N,N,N,N,N
MRC1;YCL060C,D,D,D,D,D,D,D,D,D,N,D,D,D,D,D,D,D,D,D,D,D,D,D,D,D,D,D,D,D,D,D,D
DUN1,D,D,D,D,D,D,D,D,D,D,D,D,D,D,D,D,D,D,D,D,D,D,D,D,D,D,D,D,D,D,D,D
DAM1,N,N,N,N,N,N,N,N,N,N,N,N,N,N,N,N,N,N,N,N,N,N,N,N,N,N,N,N,N,N,N,N
HCT1;CDH1,D,D,D,D,D,D,D,D,D,D,D,D,D,D,D,D,D,D,D,D,D,D,D,D,D,D,D,D,D,D,D,D
KCC4,D,D,D,D,D,D,D,D,D,D,D,D,D,D,D,D,D,D,D,D,D,D,D,D,D,D,D,D,D,D,D,D
SWI5,D,D,D,D,D,D,D,D,D,N,D,D,D,D,D,D,N,N,D,D,D,D,D,D,D,D,D,D,D,D,D,D
HSL1;NIK1;ELM2,D,D,D,D,D,D,D,D,D,D,D,D,D,D,D,D,D,D,D,D,D,D,D,D,D,D,D,D,D,D,D,D
WEE1;SWE1,D,D,D,D,D,D,D,D,D,D,D,D,D,D,D,D,D,D,D,D,D,D,D,D,D,D,D,D,D,D,D,D
HSL7,N,C,N,N,C,N,N,N,C,N,C,N,N,C,N,N,C,N,N,C,N,C,N,N,N,N,N,N,N,C,C,N
GIN4;ERC47,D,D,D,D,D,D,D,D,D,D,D,D,D,D,D,D,D,D,D,D,D,D,D,D,D,D,D,D,D,D,D,D
MET30;ZRG11,D,D,D,D,D,D,D,D,D,D,D,D,D,D,D,D,D,D,D,D,D,D,D,D,D,D,D,D,D,D,D,D
CAK1;CIV1,D,D,D,D,D,D,D,D,D,D,D,D,D,D,D,D,D,D,D,D,D,D,D,D,D,D,D,D,D,D,D,D
SCB1;CLB1,A,A,A,A,A,A,A,A,A,N,A,A,A,A,A,A,A,A,N,A,A,A,A,A,A,A,A,A,A,A,A,A
CLB2,A,A,A,A,A,A,A,A,A,N,A,A,A,A,A,A,A,A,N,A,A,A,A,A,A,A,A,A,A,A,A,A
CDC5;MSD2;PKX2,D,D,D,D,D,D,D,D,D,D,D,D,D,D,D,D,D,D,D,D,D,D,D,D,D,D,D,D,D,D,D,D
YCS5;YCG1;TIE1,N,N,N,A,N,N,N,N,A,N,A,N,A,N,N,N,N,N,N,N,N,N,A,N,N,N,N,N,N,N,A,N
BRN1,A,N,N,A,A,A,N,A,N,N,A,A,A,N,N,N,N,A,N,N,A,A,A,N,N,N,N,N,N,N,A,N
YCS4;LOC7,C,C,C,N,C,C,N,N,C,N,C,N,N,C,N,C,N,C,N,N,N,N,N,C,N,C,C,N,C,N,C,N
SMC4,D,D,D,D,D,D,D,D,D,D,D,D,D,D,D,D,D,D,D,D,D,D,D,D,D,D,D,D,D,D,D,D
SMC2,D,D,D,D,D,D,D,D,D,D,D,D,D,D,D,D,D,D,D,D,D,D,D,D,D,D,D,D,D,D,D,D
SMC3,D,D,D,D,D,D,D,D,D,D,D,D,D,D,D,D,D,D,D,D,D,D,D,D,D,D,D,D,D,D,D,D
SMC1;CHL10,D,D,D,D,D,D,D,D,D,D,D,D,D,D,D,D,D,D,D,D,D,D,D,D,D,D,D,D,D,D,D,D
SCC1;MCD1;RHC21;PDS3,N,A,A,N,A,N,N,A,A,N,N,N,A,N,N,N,N,N,A,N,A,N,N,A,A,A,N,N,A,N,A,A
IRR1;SCC3,N,A,N,N,N,A,N,N,N,N,A,N,A,N,N,N,N,A,N,N,N,N,N,N,A,N,N,N,N,N,A,N
SCC4,N,N,N,N,N,N,N,N,N,N,N,N,N,N,N,N,N,N,N,N,N,N,N,N,N,N,N,N,N,N,N,N
SCC2,N,N,N,N,N,N,N,N,N,N,N,N,N,N,N,N,N,N,N,N,N,N,N,N,N,N,N,N,N,N,N,N
SSN6;CYC8;CRT8,D,D,D,D,D,D,D,D,D,N,D,D,D,D,D,D,D,D,D,D,D,D,D,D,D,D,D,D,D,D,D,D
CRT1;RFX1,N,N,N,N,N,N,N,N,N,N,N,N,N,N,N,N,N,N,N,N,N,N,N,N,N,N,N,N,N,N,N,N
TUP1;CRT4;AAR1;AMM1;CYC9;FLK1;ROX4;SFL2;AER2;UMR7,D,D,D,D,D,D,D,D,D,D,D,D,D,D,D,D,D,D,D,D,D,D,D,D,D,D,D,D,D,D,D,D
CKS1,A,A,N,A,A,A,A,N,A,A,A,A,A,A,A,A,N,A,A,A,N,A,N,A,A,A,A,N,A,N,A,A
MIH1,N,N,A,N,N,N,N,A,N,N,N,N,A,N,N,N,A,N,N,N,N,N,A,N,N,N,N,N,N,N,N,N
MEC1;ESR1;RAD31;SAD3,A,A,A,A,A,A,N,A,A,A,A,A,A,A,A,A,A,A,A,A,A,A,A,A,A,A,A,A,A,A,A,A
LSD1;RAD53;SPK1;MEC2,D,D,D,D,D,D,D,D,D,D,D,D,D,D,D,D,D,D,D,D,D,D,D,D,D,D,D,D,D,D,D,D
TPD3;FUN32,N,N,A,A,A,A,A,N,A,N,A,N,A,N,N,N,A,N,N,A,A,A,N,N,N,A,A,A,N,N,A,N
PPH21,D,D,D,D,D,D,D,D,D,N,D,D,D,D,D,D,D,D,D,D,D,D,D,D,D,D,D,D,D,D,D,D
PPH2;PPH22,D,D,D,D,D,D,D,D,D,N,D,D,D,D,D,D,D,D,D,D,D,D,D,D,D,D,D,D,D,D,D,D
MAD2,A,A,A,N,A,N,N,N,A,N,N,N,N,N,N,N,N,A,A,A,A,A,A,N,A,A,A,N,A,N,A,N
MAD3,N,N,A,A,N,N,N,A,A,N,A,A,A,N,A,N,N,N,N,A,A,A,A,N,A,A,A,A,A,A,A,A
PAC9;BUB3,D,D,D,D,D,D,D,D,D,D,D,D,D,D,D,D,D,D,D,D,D,D,D,D,D,D,D,D,D,D,D,D
MAD1,N,N,A,N,N,A,A,A,N,N,N,N,N,N,N,N,N,A,N,N,N,N,N,N,A,N,N,N,A,N,N,N
MPS1;PAC8;RPK1,D,D,D,D,D,D,D,D,D,D,D,D,D,D,D,D,D,D,D,D,D,D,D,D,D,D,D,D,D,D,D,D
BUB1,D,D,D,D,N,N,D,D,D,N,D,D,D,D,D,N,D,D,D,D,D,D,D,D,D,D,D,D,D,D,D,D
