CD221;JTK13;IGFR;IGF1R;IGFIR,D,D,D,D,D,D,D,D,D,N,D,D,D,D,D,D,D,D,D,D,D,D,D,D,D,D,D,D,D,D,D,D
ILPR;IRDN;MODY10;INS;IDDM1;IDDM;IDDM2,N,N,N,N,N,N,N,N,N,N,N,N,N,N,N,N,N,N,N,N,N,N,N,N,N,N,N,N,N,N,N,N
IRS1;HIRS-1,D,D,N,N,N,N,N,N,D,N,N,N,N,N,D,D,N,N,N,D,D,D,N,N,N,D,D,D,N,N,D,D
IRS4;IRS-4;PY160,D,D,N,N,N,N,N,N,D,N,N,N,N,N,D,D,N,N,N,D,D,D,N,N,N,D,D,D,N,N,D,D
IRS-2;IRS2,D,D,N,N,N,N,N,N,D,N,N,N,N,N,D,D,N,N,N,D,D,D,N,N,N,D,D,D,N,N,D,D
MCM;CWS5;PIK3CA;MCAP;CLOVE;PI3K-alpha;MCMTC;PI3K;p110-alpha,B,B,B,B,B,B,B,B,B,N,B,B,B,B,B,B,B,B,B,B,B,B,B,B,B,B,B,B,B,B,B,B
P110BETA;PI3KBETA;PIK3C1;PIK3CB;PI3K,B,B,B,B,B,B,B,B,B,B,B,B,B,B,B,B,B,B,B,B,B,B,B,B,B,B,B,B,B,B,B,B
APDS;PIK3CD;IMD14;p110D;PI3K;P110DELTA,B,B,B,B,B,B,B,B,B,N,B,B,B,B,B,B,B,B,B,B,B,B,B,B,B,B,B,B,B,B,B,B
GRB1;IMD36;p85;AGM7;p85-ALPHA;PIK3R1,A,A,A,N,N,N,N,A,A,N,A,A,N,A,A,A,N,N,A,N,A,A,A,A,A,A,A,A,A,A,A,A
PIK3R2;p85;MPPH;p85-BETA;MPPH1;P85B,N,N,N,N,N,N,N,N,N,N,N,N,N,N,N,N,N,N,N,N,N,N,N,N,N,N,N,N,N,N,N,N
p55PIK;p55;PIK3R3;p55-GAMMA,N,N,N,N,N,N,N,N,N,N,N,N,N,N,N,N,N,N,N,N,N,N,N,N,N,N,N,N,N,N,N,N
10q23del;PTEN1;BZS;PTEN;TEP1;MHAM;CWS1;PTENbeta;MMAC1;DEC;GLM2,D,D,D,N,D,D,N,D,D,N,D,D,N,D,D,N,N,N,D,N,D,D,D,D,D,D,D,D,D,D,D,D
PRO0461;PDPK2;PDPK1;PDK1;PDPK2P,D,D,D,D,D,D,D,D,D,D,D,D,D,D,D,D,D,D,D,D,D,D,D,D,D,D,D,D,D,D,D,D
PKB-GAMMA;STK-2;MPPH2;MPPH;RAC-gamma;RAC-PK-gamma;PRKBG;AKT3;PKBG,D,D,D,D,D,D,D,D,D,D,D,D,D,D,D,D,D,D,D,D,D,D,D,D,D,D,D,D,D,D,D,D
RAC-ALPHA;RAC;PKB-ALPHA;AKT;PRKBA;CWS6;AKT1;PKB,D,D,D,D,D,D,D,D,D,D,D,D,D,D,D,D,D,D,D,D,D,D,D,D,D,D,D,D,D,D,D,D
PKBB;PRKBB;AKT2;PKBBETA;HIHGHH;RAC-BETA,D,D,D,D,D,D,D,D,D,D,D,D,D,D,D,D,D,D,D,D,D,D,D,D,D,D,D,D,D,D,D,D
TC21;RRAS2,D,D,D,D,D,D,D,D,D,D,D,D,D,D,D,D,D,D,D,D,D,D,D,D,D,D,D,D,D,D,D,D
RRAS3;R-RAS3;M-RAs;MRAS,D,D,D,D,D,D,D,D,D,D,D,D,D,D,D,D,D,D,D,D,D,D,D,D,D,D,D,D,D,D,D,D
C-H-RAS;HAMSV;H-RASIDX;RASH1;C-HA-RAS1;p21ras;C-BAS/HAS;HRAS1;CTLO;HRAS,D,D,D,D,D,D,D,D,D,D,D,D,D,D,D,D,D,D,D,D,D,D,D,D,D,D,D,D,D,D,D,D
K-RAS4B;KI-RAS;K-RAS4A;NS;c-Ki-ras2;KRAS1;C-K-RAS;NS3;RALD;KRAS2;K-RAS2A;RASK2;CFC2;KRAS;K-RAS2B;K-Ras,D,D,D,D,D,D,D,D,D,D,D,D,D,D,D,D,D,D,D,D,D,D,D,D,D,D,D,D,D,D,D,D
CMNS;ALPS4;NRAS1;NS6;N-ras;NCMS;NRAS,D,D,D,D,D,D,D,D,D,D,D,D,D,D,D,D,D,D,D,D,D,D,D,D,D,D,D,D,D,D,D,D
R-Ras;RRAS,D,D,D,D,D,D,D,D,D,D,D,D,D,D,D,D,D,D,D,D,D,D,D,D,D,D,D,D,D,D,D,D
RAF1;NS5;CMD1NN;Raf-1;CRAF;c-Raf,D,D,D,D,D,D,D,D,D,N,D,D,D,D,D,D,D,D,D,D,D,D,D,D,D,D,D,D,D,D,D,D
MKK1;PRKMK1;MEK1;CFC3;MAPKK1;MAP2K1,D,D,D,D,D,D,D,D,D,D,D,D,D,D,D,D,D,D,D,D,D,D,D,D,D,D,D,D,D,D,D,D
MAPKK2;PRKMK2;MEK2;MAP2K2;CFC4;MKK2,D,D,D,D,D,D,D,D,D,D,D,D,D,D,D,D,D,D,D,D,D,D,D,D,D,D,D,D,D,D,D,D
MAPK1;ERK;PRKM1;p41mapk;p42-MAPK;p41;MAPK2;p40;p38;ERK-2;ERK2;ERT1;PRKM2;P42MAPK,D,D,D,D,D,D,D,D,D,D,D,D,D,D,D,D,D,D,D,D,D,D,D,D,D,D,D,D,D,D,D,D
PRKM3;HS44KDAP;ERT2;P44ERK1;ERK-1;HUMKER1A;p44-MAPK;ERK1;p44-ERK1;P44MAPK;MAPK3,D,D,D,D,D,D,D,D,D,D,D,D,D,D,D,D,D,D,D,D,D,D,D,D,D,D,D,D,D,D,D,D
HIF1-ALPHA;HIF1A;HIF1;PASD8;HIF-1-alpha;bHLHe78;HIF-1alpha;MOP1;HIF-1A,N,N,N,B,B,N,B,N,N,N,B,N,N,N,N,N,B,B,N,B,B,B,B,B,N,B,N,N,N,N,B,N
REDD1;DDIT4;Dig2;REDD-1,N,N,N,N,N,N,N,N,N,N,N,N,N,N,N,N,N,N,N,N,N,N,N,N,N,N,N,N,N,N,N,N
BNIP3;NIP3,N,N,N,N,N,N,N,N,N,N,N,N,N,N,N,N,N,N,N,N,N,N,N,N,N,N,N,N,N,N,N,N
PRKCD;nPKC-delta;ALPS3;CVID9;PKCD;MAY1,D,D,D,D,D,D,D,D,D,D,D,D,D,D,D,D,D,D,D,D,D,D,D,D,D,D,D,D,D,D,D,D
LAM;PPP1R160;TSC4;TSC2,D,D,D,D,D,D,D,D,D,N,D,D,D,D,D,D,D,D,D,D,D,D,D,D,D,D,D,D,D,D,D,D
LAM;TSC1;TSC,N,N,N,N,N,N,N,N,N,N,N,N,N,N,N,N,N,N,N,N,N,N,N,N,N,N,N,N,N,N,N,N
RHEB;RHEB2,D,D,D,D,D,D,D,D,D,D,D,D,D,D,D,D,D,D,D,D,D,D,D,D,D,D,D,D,D,D,D,D
KOG1;RPTOR;Mip1,D,D,D,D,D,D,D,D,D,D,D,D,D,D,D,D,D,D,D,D,D,D,D,D,D,D,D,D,D,D,D,D
DEPDC6;DEP.6;DEPTOR,B,N,B,N,B,B,B,B,N,N,B,B,B,B,B,N,N,N,N,N,B,B,B,B,N,B,N,N,N,N,B,B
MTOR;RAFT1;FRAP2;FRAP1;SKS;RAPT1;FRAP,B,B,B,B,B,B,B,B,B,B,B,B,B,B,B,B,B,B,B,B,B,B,B,B,B,B,B,B,B,B,B,B
PRAS40;AKT1S1;Lobe,N,N,N,N,N,N,N,N,N,N,N,N,N,N,N,N,N,N,N,N,N,N,N,N,N,N,N,N,N,N,N,N
POP3;GBL;WAT1;MLST8;LST8;GbetaL,D,D,D,D,D,D,D,D,D,D,D,D,D,D,D,D,D,D,D,D,D,D,D,D,D,D,D,D,D,D,D,D
S6K;STK14A;p70(S6K)-alpha;S6K1;RPS6KB1;S6K-beta-1;PS6K;p70-alpha;p70-S6K;p70_S6KA,D,D,D,D,D,D,D,D,D,D,D,D,D,D,D,D,D,D,D,D,D,D,D,D,D,D,D,D,D,D,D,D
SRK;KLS;P70-beta;P70-beta-1;STK14B;S6K-beta2;p70(S6K)-beta;RPS6KB2;S6K2;p70S6Kb;P70-beta-2,D,D,D,D,D,D,D,D,D,D,D,D,D,D,D,D,D,D,D,D,D,D,D,D,D,D,D,D,D,D,D,D
PPP2CA;RP-C;PP2Calpha;PP2Ac;PP2CA,D,D,D,D,D,D,D,D,D,N,D,D,D,D,D,D,D,D,D,D,D,D,D,D,D,D,D,D,D,D,D,D
PPP2CB;PP2CB;PP2Abeta,D,D,D,D,D,D,D,D,D,N,D,D,D,D,D,D,D,D,D,D,D,D,D,D,D,D,D,D,D,D,D,D
IBP1;IGBP1;ALPHA-4,N,N,N,N,N,N,N,N,N,N,N,N,N,N,N,N,N,N,N,N,N,N,N,N,N,N,N,N,N,N,N,N
ATG1;ULK1;ATG1A;UNC51;hATG1;Unc51.1,D,D,D,D,D,D,D,D,D,D,D,D,D,D,D,D,D,D,D,D,D,D,D,D,D,D,D,D,D,D,D,D
ATG1B;ULK2;Unc51.2,D,D,D,D,D,D,D,D,D,D,D,D,D,D,D,D,D,D,D,D,D,D,D,D,D,D,D,D,D,D,D,D
ATG13;KIAA0652;PARATARG8,N,N,N,N,N,N,N,N,N,N,A,N,N,N,N,N,N,N,N,A,N,N,N,N,N,A,N,N,N,N,A,A
PPP1R131;RB1CC1;FIP200;CC1;ATG17,D,D,D,D,D,D,D,D,D,N,D,D,D,D,D,D,D,D,D,D,D,D,D,D,D,D,D,D,D,D,D,D
ATG101;C12orf44,A,A,N,N,N,N,N,A,A,N,A,A,N,N,N,N,N,A,A,N,A,N,N,N,N,A,N,N,N,N,A,A
ATG2A,N,N,A,N,N,N,N,N,A,N,A,A,N,N,A,N,A,N,A,N,A,A,A,N,N,A,A,N,N,N,A,N
C14orf103;ATG2B,N,N,A,N,N,N,N,N,A,N,A,A,N,N,A,N,A,N,A,N,A,A,A,N,N,A,A,N,N,N,A,N
CGI-50;WIPI-2;Atg21;WIPI2;ATG18B,N,A,A,A,A,N,N,N,A,N,A,A,N,N,N,A,A,A,A,N,A,N,A,A,A,N,N,N,A,A,A,A
WIPI49;ATG18;WIPI1;ATG18A,N,A,A,A,A,N,N,N,A,N,A,A,N,N,N,A,A,A,A,N,A,N,A,A,A,N,N,N,A,A,A,A
RRAGB;bA465E19.1;RAGB,C,C,N,N,C,N,N,N,N,C,C,C,C,N,C,N,C,N,C,C,C,N,N,C,N,N,N,C,N,C,C,N
FIP-1;RAGA;RRAGA;FIP1,C,C,N,N,C,N,N,N,N,C,C,C,C,N,C,N,C,N,C,C,C,N,N,C,N,N,N,C,N,C,C,N
RAGD;bA11D8.2.1;RRAGD,C,C,N,N,C,N,N,N,N,C,C,C,C,N,C,N,C,N,C,C,C,N,N,C,N,N,N,C,N,C,C,N
GTR2;RAGC;TIB929;RRAGC,C,C,N,N,C,N,N,N,N,C,C,C,C,N,C,N,C,N,C,C,C,N,N,C,N,N,N,C,N,C,C,N
PJS;LKB1;STK11;hLKB1,D,D,D,D,D,D,D,D,D,D,D,D,D,D,D,D,D,D,D,D,D,D,D,D,D,D,D,D,D,D,D,D
AMPKa1;AMPK;PRKAA1,D,D,D,D,D,D,D,D,D,D,D,D,D,D,D,D,D,D,D,D,D,D,D,D,D,D,D,D,D,D,D,D
PRKAA;AMPK;PRKAA2;AMPK2;AMPKa2,D,D,D,D,D,D,D,D,D,D,D,D,D,D,D,D,D,D,D,D,D,D,D,D,D,D,D,D,D,D,D,D
CAMKKB;CAMKK;CAMKK2,D,D,D,D,D,D,D,D,D,D,D,D,D,D,D,D,D,D,D,D,D,D,D,D,D,D,D,D,D,D,D,D
CSCF;TAK1;MEKK7;FMD2;MAP3K7;TGF1a,D,D,D,D,D,D,D,D,D,N,D,D,D,D,D,D,D,D,D,D,D,D,D,D,D,D,D,D,D,D,D,D
hIRE1p;IRE1;IRE1a;IRE1P;ERN1,D,D,D,D,D,D,D,D,D,D,D,D,D,D,D,D,D,D,D,D,D,D,D,D,D,D,D,D,D,D,D,D
SAPK1;JNK;SAPK1c;PRKM8;JNK21B1/2;MAPK8;JNK1A2;JNK1;JNK-46,D,D,D,D,D,D,D,D,D,D,D,D,D,D,D,D,D,D,D,D,D,D,D,D,D,D,D,D,D,D,D,D
p54aSAPK;MAPK9;p54a;JNK2B;JNK-55;JNK2BETA;SAPK;JNK2;SAPK1a;JNK2ALPHA;JNK2A;PRKM9,D,D,D,D,D,D,D,D,D,D,D,D,D,D,D,D,D,D,D,D,D,D,D,D,D,D,D,D,D,D,D,D
JNK3;SAPK1b;MAPK10;JNK3A;PRKM10;p54bSAPK;p493F12,D,D,D,D,D,D,D,D,D,D,D,D,D,D,D,D,D,D,D,D,D,D,D,D,D,D,D,D,D,D,D,D
PPNAD4;PKACA;PRKACA,D,D,D,D,D,D,D,D,D,D,D,D,D,D,D,D,D,D,D,D,D,D,D,D,D,D,D,D,D,D,D,D
PKACB;PRKACB;PKA_C-beta,D,D,D,D,D,D,D,D,D,D,D,D,D,D,D,D,D,D,D,D,D,D,D,D,D,D,D,D,D,D,D,D
BDPLT19;PRKACG;KAPG;PKACg,D,D,D,D,D,D,D,D,D,D,D,D,D,D,D,D,D,D,D,D,D,D,D,D,D,D,D,D,D,D,D,D
C20orf110;TP53INP2;PIG-U;dJ1181N3.1;PINH;PIGU;DOR,N,N,N,N,N,N,N,N,N,N,N,N,N,N,N,N,N,N,N,N,N,N,N,N,N,N,N,N,N,N,N,N
RNF85;TRAF6;MGC:3310,C,C,C,C,C,C,C,C,C,N,C,C,N,C,C,C,C,N,C,C,C,C,C,N,C,C,N,N,C,C,C,C
AMBRA1;WDR94;DCAF3,D,D,D,D,D,D,D,D,D,D,D,D,D,D,D,D,D,D,D,D,D,D,D,D,D,D,D,D,D,D,D,D
SCA16;IP3R1;PPP1R94;IP3R;ACV;INSP3R1;ITPR1;SCA15;CLA4;SCA29,A,N,N,A,N,N,N,N,N,N,A,N,A,A,A,N,N,N,N,A,N,N,N,N,N,N,N,N,N,N,A,N
PPP1R50;Bcl-2;BCL2,N,N,N,N,N,N,N,N,N,N,N,N,N,N,N,N,N,N,N,N,N,N,N,N,N,N,N,N,N,N,N,N
BCL-XL/S;BCLX;Bcl-X;BCL2L1;BCL2L;PPP1R52,N,N,N,N,N,N,N,N,N,N,N,N,N,N,N,N,N,N,N,N,N,N,N,N,N,N,N,N,N,N,N,N
NOS3AS;APG9L2;SONE;ATG9B,A,A,A,N,N,N,N,N,A,N,A,N,N,A,N,A,N,A,N,N,N,A,A,N,A,N,N,A,N,A,A,A
mATG9;APG9L1;ATG9A;MGD3208,A,A,A,N,N,N,N,N,A,N,A,N,N,A,N,A,N,A,N,N,N,A,A,N,A,N,N,A,N,A,A,A
P38IP;SUPT20H;C13;C13orf19;FAM48A;SPT20;FP757,N,N,N,N,N,N,N,N,N,N,N,N,N,N,N,N,N,N,N,N,N,N,N,N,N,N,N,N,N,N,N,N
STX17,N,A,A,N,N,N,A,N,A,N,N,A,A,N,A,N,N,N,A,N,A,N,N,A,N,N,N,A,N,A,N,A
BECN1L1;BECN2;BECN1P1,N,A,A,N,N,N,N,A,A,N,A,N,A,N,N,N,N,A,A,N,N,N,A,A,N,N,N,A,N,N,A,N
VPS30;BECN1;ATG6;beclin1,N,A,A,N,N,N,N,A,A,N,A,N,A,N,N,N,N,A,A,N,N,N,A,A,N,N,N,A,N,N,A,N
PIK3R4;VPS15;p150,D,D,D,D,D,D,D,D,D,N,D,D,D,D,D,D,D,D,D,D,D,D,D,D,D,D,D,D,D,D,D,D
COPR1;COPR2;COPR;NRBF-2;NRBF2,N,N,N,N,N,N,N,N,N,N,N,N,N,N,N,N,N,N,N,N,N,N,N,N,N,N,N,N,N,N,N,N
hVps34;VPS34;PIK3C3,B,B,B,B,B,B,B,B,B,B,B,B,B,B,B,B,B,B,B,B,B,B,B,B,B,B,B,B,B,B,B,B
ATG14L;ATG14;KIAA0831;BARKOR,N,N,N,N,N,N,N,N,N,N,N,N,N,N,N,N,N,N,N,N,N,N,N,N,N,N,N,N,N,N,N,N
VPS38;DHTX;p63;UVRAG,D,D,D,D,D,D,D,D,D,N,D,D,D,D,D,D,D,D,D,D,D,D,D,D,D,D,D,D,D,D,D,D
CGI-61;SH3GLB1;Bif-1;dJ612B15.2;PPP1R70,A,A,A,N,N,N,N,N,A,N,A,N,A,A,A,N,N,N,A,A,A,A,A,A,A,A,A,A,A,A,A,A
SCAR15;KIAA0226;RUBCN;RUBICON,N,N,N,B,N,N,N,N,N,N,B,N,B,N,N,N,N,N,N,N,N,N,N,N,N,N,B,N,N,N,N,N
TAFF1;ZFYVE1;ZNFN2A1;DFCP1;PPP1R172;SR3,D,D,D,D,D,D,D,D,D,N,D,D,D,D,D,D,D,D,D,D,D,D,D,D,D,D,D,D,D,D,D,D
FYVE-DSP1;MTMR3;ZFYVE10,D,D,D,D,D,D,D,D,D,N,D,D,D,D,D,D,D,D,D,D,D,D,D,D,D,D,D,D,D,D,D,D
FYVE-DSP2;ZFYVE11;MTMR4,D,D,D,D,D,D,D,D,D,N,D,D,D,D,D,D,D,D,D,D,D,D,D,D,D,D,D,D,D,D,D,D
C3orf29;MTMR14,A,N,A,N,N,N,N,A,A,N,A,A,A,A,N,A,A,N,N,A,A,N,A,A,A,N,A,A,N,N,A,N
BBC2;BCL2L8;BAD,N,N,N,N,N,N,N,N,N,N,N,N,N,N,N,N,N,N,N,N,N,N,N,N,N,N,N,N,N,N,N,N
HMG3;HMG1;HMGB1;HMG-1;SBP-1,A,A,A,A,A,A,A,A,A,N,A,A,A,A,A,A,A,A,A,A,A,A,A,A,A,A,A,A,A,A,A,A
PRAP1;UPA;PRO1195,N,N,N,N,N,N,N,N,N,N,N,N,N,N,N,N,N,N,N,N,N,N,N,N,N,N,N,N,N,N,N,N
PERK;WRS;PEK;EIF2AK3,D,D,D,D,D,D,D,D,D,D,D,D,D,D,D,D,D,D,D,D,D,D,D,D,D,D,D,D,D,D,D,D
EIF2AK4;GCN2;PVOD2,D,D,D,D,D,D,D,D,D,D,D,D,D,D,D,D,D,D,D,D,D,D,D,D,D,D,D,D,D,D,D,D
ROCO3;DAPK;DAPK1,D,D,D,D,D,D,D,D,D,D,D,D,D,D,D,D,D,D,D,D,D,D,D,D,D,D,D,D,D,D,D,D
ZIPK;DLK;ZIP;DAPK3,D,D,D,D,D,D,D,D,D,D,D,D,D,D,D,D,D,D,D,D,D,D,D,D,D,D,D,D,D,D,D,D
DRP-1;DRP1;DAPK2,D,D,D,D,D,D,D,D,D,D,D,D,D,D,D,D,D,D,D,D,D,D,D,D,D,D,D,D,D,D,D,D
EIF-2alpha;EIF2S1;EIF2A;EIF-2A;EIF2;EIF-2,N,D,N,D,D,D,D,D,D,D,D,D,D,D,N,D,D,D,D,D,N,D,N,D,D,D,D,N,N,N,D,N
ATG12;APG12;HAPG12;APG12L;FBR93,A,N,N,N,N,N,N,N,A,N,A,N,A,N,N,N,N,A,A,N,A,N,A,A,N,A,N,N,A,N,A,A
APG5L;APG5-LIKE;SCAR25;hAPG5;ATG5;APG5;ASP,N,N,N,N,N,N,N,N,N,N,N,N,N,N,N,N,N,N,N,N,N,N,N,N,N,N,N,N,N,N,N,N
SMC2;RAB33B,D,D,D,D,D,D,D,D,D,D,D,D,D,D,D,D,D,D,D,D,D,D,D,D,D,D,D,D,D,D,D,D
APG7L;APG7-LIKE;ATG7;GSA7,N,D,D,N,N,N,N,D,D,N,N,N,N,N,D,N,N,N,N,N,N,N,N,N,N,D,N,D,N,N,N,N
APG10;APG10L;pp12616;ATG10,A,N,A,N,A,N,N,A,N,N,A,A,A,A,A,A,A,A,A,N,N,N,N,N,N,A,N,A,N,A,A,N
ATG16A;WDR30;ATG16L1;APG16L;ATG16L;IBD10,D,D,D,D,D,D,D,D,D,D,D,D,D,D,D,D,D,D,D,D,D,D,D,D,D,D,D,D,D,D,D,D
ATG16B;ATG16L2;WDR80,D,D,D,D,D,D,D,D,D,D,D,D,D,D,D,D,D,D,D,D,D,D,D,D,D,D,D,D,D,D,D,D
FLIP;c-FLIPR;CFLAR;c-FLIPS;Casper;c-FLIP;MRIT;c-FLIPL;FLAME;CASH;FLAME-1;FLAME1;CLARP;I-FLICE;CASP8AP1,N,N,N,N,N,N,N,N,N,N,N,N,N,N,N,N,N,N,N,N,N,N,N,N,N,N,N,N,N,N,N,N
PC3-96;ATG3;APG3L;APG3-LIKE;APG3,A,N,A,N,A,N,N,A,N,N,A,A,A,A,A,A,A,A,A,N,N,N,N,N,N,A,N,A,N,A,A,N
PRKCT;PRKCQ;nPKC-theta,D,D,D,D,D,D,D,D,D,D,D,D,D,D,D,D,D,D,D,D,D,D,D,D,D,D,D,D,D,D,D,D
ATG8A;GABARAP-a;MM46;GABARAP,N,A,N,N,A,N,N,N,A,N,A,N,A,N,A,N,N,A,N,A,A,N,A,A,A,N,N,A,A,A,A,N
GEF-2;GABARAPL2;GATE-16;ATG8C;ATG8;GATE16;GEF2,N,A,N,N,A,N,N,N,A,N,A,N,A,N,A,N,N,A,N,A,A,N,A,A,A,N,N,A,A,A,A,N
GABARAPL1;ATG8B;GEC1;APG8L;ATG8L;ATG8;APG8-LIKE,N,A,N,N,A,N,N,N,A,N,A,N,A,N,A,N,N,A,N,A,A,N,A,A,A,N,N,A,A,A,A,N
AUTL2;APG4A;ATG4A,A,N,A,N,N,N,N,N,A,N,A,N,A,N,A,N,N,N,A,A,N,A,N,A,N,N,N,A,N,A,A,N
ATG4B;AUTL1;APG4B,A,N,A,N,N,N,N,N,A,N,A,N,A,N,A,N,N,N,A,A,N,A,N,A,N,N,N,A,N,A,A,N
APG4-C;AUTL1;AUTL3;ATG4C;APG4C,A,N,A,N,N,N,N,N,A,N,A,N,A,N,A,N,N,N,A,A,N,A,N,A,N,N,N,A,N,A,A,N
ATG4D;APG4D;APG4-D;AUTL4,A,N,A,N,N,N,N,N,A,N,A,N,A,N,A,N,N,N,A,A,N,A,N,A,N,N,N,A,N,A,A,N
LAMPA;LAMP1;CD107a;LGP120,N,N,N,N,N,N,N,N,N,N,N,N,N,N,N,N,N,N,N,N,N,N,N,N,N,N,N,N,N,N,N,N
LAMP2;CD107b;LAMP-2;LGP-96;LAMPB;LGP110,N,N,N,N,N,N,N,N,N,N,N,N,N,N,N,N,N,N,N,N,N,N,N,N,N,N,N,N,N,N,N,N
RAB7;RAB7B,D,D,D,D,D,D,D,D,D,D,D,D,D,D,D,D,D,D,D,D,D,D,D,D,D,D,D,D,D,D,D,D
PRO2706;RAB7A;RAB7,D,D,D,D,D,D,D,D,D,D,D,D,D,D,D,D,D,D,D,D,D,D,D,D,D,D,D,D,D,D,D,D
VAMP-8;EDB;VAMP8,A,A,A,N,N,N,A,A,A,N,A,A,A,A,A,N,N,A,A,A,A,A,A,N,N,A,A,A,N,A,A,A
SNAP29;SNAP-29;CEDNIK,A,N,N,N,N,N,N,A,N,N,N,N,N,N,A,N,A,N,N,N,A,N,N,N,N,A,N,N,N,N,A,N
CTSD;HEL-S-130P;CLN10;CPSD,N,N,A,N,N,N,N,N,A,N,A,A,N,N,A,N,N,N,N,A,N,N,N,N,N,A,N,N,N,N,A,N
MEP;CTSL1;CATL;CTSL,D,D,D,D,D,N,N,D,D,N,D,D,D,D,D,N,D,D,D,D,D,D,D,N,D,D,D,N,D,D,D,D
CPSB;APPS;CTSB,B,B,B,B,B,N,N,B,B,N,B,N,B,B,B,N,B,B,B,N,B,B,N,N,N,B,B,N,N,N,B,B
TMEM49;VMP1;EPG3;TANGO5,N,B,N,N,B,N,N,B,N,N,B,N,N,B,N,B,B,N,N,B,N,N,B,N,N,N,N,N,N,N,B,N
