DET2,A,N,A,A,A,N,N,N,A,N,A,N,N,A,N,A,A,N,A,N,A,N,N,A,N,A,A,A,N,N,N,A
BR6OX2,D,D,D,N,D,D,D,D,D,N,D,N,D,D,D,D,D,D,D,D,D,D,D,D,N,D,N,D,D,N,D,D
BR6OX1,D,D,D,D,D,D,D,D,D,N,D,D,D,D,D,D,D,D,D,D,D,D,D,D,D,D,N,D,D,D,D,D
CYP90D1,D,D,D,N,D,D,D,D,D,N,D,D,D,D,D,D,D,D,D,D,D,D,D,D,N,D,D,D,D,D,D,D
ROT3,D,D,D,N,D,D,D,D,D,N,D,N,D,D,D,D,D,D,D,D,D,D,D,D,N,D,N,D,D,N,D,D
DWF4,D,D,D,D,D,D,D,D,D,N,D,D,D,D,D,D,D,D,D,D,D,D,D,D,D,D,N,D,D,D,D,D
CPD,D,D,D,N,D,D,D,D,D,N,D,D,D,D,D,D,D,D,D,D,D,D,D,D,N,D,D,D,D,D,D,D
BAS1,D,D,D,D,D,D,D,D,D,N,D,D,D,D,D,D,D,D,D,D,D,D,D,D,D,D,D,D,D,D,D,D
