msh2,D,N,D,D,N,D,D,D,D,N,D,N,D,D,D,D,D,D,D,D,D,D,D,D,N,D,D,N,N,N,D,D
mlh3,D,N,D,N,N,N,D,D,D,N,D,D,D,D,D,N,D,N,N,D,N,D,D,D,N,D,D,D,N,D,D,N
mlh1,D,N,D,N,N,N,D,D,D,N,D,D,D,D,D,N,D,N,N,D,N,D,D,D,N,D,D,D,N,D,D,N
lig1,D,D,D,D,D,D,D,D,D,N,D,D,D,D,D,D,D,D,D,D,D,D,D,D,D,D,D,D,D,D,D,D
pcna,C,C,N,N,N,N,N,C,C,N,N,C,N,N,N,N,N,N,N,N,N,N,C,N,N,N,N,C,C,N,N,N
polD2,N,N,N,N,A,N,N,A,N,N,A,N,N,A,N,A,N,A,A,N,N,N,A,N,N,A,A,A,N,A,A,N
polD1,D,D,D,D,D,D,D,D,D,N,D,D,D,D,D,D,D,D,D,D,D,D,D,D,D,D,D,D,D,D,D,D
8,D,D,D,D,D,D,D,D,D,N,D,D,D,D,D,D,D,D,D,D,D,D,D,D,D,D,D,D,D,D,D,D
9,N,N,N,N,N,N,D,N,N,N,D,N,N,N,N,N,D,N,D,N,N,N,D,N,N,N,N,N,N,N,D,N
rfa1,N,N,D,N,N,N,D,D,D,N,D,N,D,D,N,N,D,N,D,N,N,N,D,D,N,N,N,N,D,D,D,D
msh6,D,N,D,D,N,D,D,D,D,N,D,N,D,D,D,D,D,D,D,D,D,D,D,D,N,D,D,N,N,N,D,D
exo1,N,N,D,D,D,N,D,D,D,N,D,D,D,D,D,N,D,D,D,D,D,D,D,D,D,D,N,D,D,N,D,D
msh3,D,N,D,D,N,D,D,D,D,N,D,N,D,D,D,D,D,D,D,D,D,D,D,D,N,D,D,N,N,N,D,D
pms1,D,N,D,N,N,N,D,D,D,N,D,D,D,D,D,N,D,N,N,D,N,D,D,D,N,D,D,D,N,D,D,N
rfc5,D,D,D,D,D,D,D,D,D,N,D,D,D,D,D,D,D,D,D,D,D,D,N,D,D,D,D,D,N,D,D,D
rfc1,D,D,D,D,D,D,D,D,D,N,D,D,D,D,D,D,D,D,D,D,D,D,N,D,D,D,D,D,N,D,D,D
rfc4,D,D,N,D,D,D,D,D,D,N,D,D,D,D,D,D,D,D,D,D,D,D,N,D,D,D,D,D,N,D,D,D
rfc2,D,D,D,D,D,D,D,D,D,N,D,D,D,D,D,D,D,D,D,D,D,D,N,D,D,D,D,N,N,D,D,D
rfc3,D,D,N,N,D,D,D,D,D,N,D,D,D,D,D,D,D,D,D,D,D,D,N,D,D,D,D,N,N,D,D,D
