phnN,D,D,D,D,D,D,D,D,D,N,D,N,N,D,D,D,D,D,D,D,D,D,D,D,N,D,D,D,D,D,D,D
pgi,N,N,N,N,N,N,N,N,N,N,N,N,N,N,N,N,N,N,N,N,N,N,N,N,N,N,N,N,N,N,N,N
eda,N,N,N,N,N,N,N,N,N,N,N,N,N,N,N,N,N,N,N,N,N,N,N,N,N,N,N,N,N,N,N,N
rbsK,N,B,N,N,N,N,N,N,B,N,N,B,N,N,N,N,N,N,N,N,N,N,B,N,N,N,N,N,N,N,N,N
deoB,N,N,N,N,N,N,N,N,N,N,N,N,N,N,N,N,N,N,N,N,N,N,N,N,N,N,N,N,N,N,N,N
deoC,N,N,N,N,N,N,N,N,N,N,N,N,N,N,N,N,N,N,N,N,N,N,N,N,N,N,N,N,N,N,N,N
prs,N,N,D,D,D,D,D,N,D,N,D,N,D,N,N,N,N,D,D,N,N,N,D,N,D,D,D,D,N,D,D,N
tktB,D,N,N,N,D,N,D,D,D,N,D,N,N,D,D,D,N,D,D,N,N,N,N,D,N,N,D,N,N,N,D,N
tktA,D,N,N,N,D,N,D,D,D,N,D,N,N,D,D,D,N,D,D,N,N,N,N,D,N,N,D,N,N,N,D,N
rpiA,D,N,D,N,N,D,D,D,D,N,D,N,D,D,N,D,N,D,N,N,N,N,N,N,N,D,D,N,N,N,D,N
rpiB,N,N,N,B,N,N,N,N,N,N,B,N,N,N,B,N,N,N,N,N,N,N,N,B,N,N,N,N,N,N,N,N
rpe,D,D,D,D,D,D,D,D,D,N,D,N,D,N,N,D,N,D,D,D,D,N,N,D,N,N,D,N,D,D,D,N
fbaB,N,N,N,N,N,N,N,N,N,N,N,N,N,N,N,N,N,N,N,N,N,N,N,N,N,N,N,N,N,N,N,N
fbaA,N,N,N,N,N,N,N,N,N,N,N,N,N,N,N,N,N,N,N,N,N,N,N,N,N,N,N,N,N,N,N,N
pfkB,N,N,N,N,N,N,N,N,N,N,N,N,N,N,N,N,N,N,N,N,N,N,N,N,N,N,N,N,N,N,N,N
pfkA,B,B,B,B,N,N,B,N,B,N,B,N,N,B,N,N,N,B,N,B,B,N,N,B,B,N,B,N,B,N,B,N
glpX,N,N,N,N,N,N,N,N,N,N,N,N,N,N,N,N,N,N,N,N,N,N,N,N,N,N,N,N,N,N,N,N
fbp,D,D,D,N,D,N,D,D,D,N,D,N,D,D,D,N,D,N,N,N,D,N,D,D,N,N,N,N,N,N,D,N
gnd,D,N,D,N,N,D,D,N,D,N,N,N,D,N,D,N,N,N,D,D,N,N,N,N,D,N,D,N,D,N,D,N
pgl,D,N,D,N,N,D,N,D,N,N,D,N,D,D,N,N,N,N,N,N,D,D,N,N,N,N,N,N,N,N,N,N
zwf,B,B,B,B,B,B,B,B,B,N,B,B,B,B,B,B,B,B,B,B,B,B,B,B,B,B,B,B,B,N,B,B
kdgK,N,B,N,N,N,N,N,N,B,N,N,B,N,N,N,N,N,N,N,N,N,N,B,N,N,N,N,N,N,N,N,N
edd,N,N,N,N,N,D,D,D,D,N,D,D,D,D,N,N,N,D,N,D,D,N,D,D,D,N,N,D,N,N,N,N
gntK,N,N,N,N,N,N,N,N,N,N,N,N,N,N,N,N,N,N,N,N,N,N,N,N,N,N,N,N,N,N,N,N
idnK,N,N,N,N,N,N,N,N,N,N,N,N,N,N,N,N,N,N,N,N,N,N,N,N,N,N,N,N,N,N,N,N
gcd,N,N,N,N,N,N,N,N,N,N,N,N,N,N,N,N,N,N,N,N,N,N,N,N,N,N,N,N,N,N,N,N
talB,N,N,N,N,N,N,N,N,B,N,B,N,N,N,N,B,N,N,N,N,B,B,N,N,N,N,N,N,N,N,N,N
talA,N,N,N,N,N,N,N,N,B,N,B,N,N,N,N,B,N,N,N,N,B,B,N,N,N,N,N,N,N,N,N,N
pgm,N,N,N,N,N,N,N,N,N,N,N,N,N,N,N,N,N,N,N,N,N,N,N,N,N,N,N,N,N,N,N,N
ghrB,D,N,N,N,N,N,D,D,D,N,D,N,D,D,N,N,N,D,D,N,N,D,D,N,N,N,N,N,N,N,D,D
