VAT1;VMAT1;CGAT;SLC18A1,N,N,N,D,N,N,N,N,N,N,D,N,N,N,N,N,D,N,N,N,N,N,N,D,N,N,N,D,N,N,N,N
SVAT;VMAT2;VAT2;SVMT;SLC18A2,N,N,N,D,N,N,N,N,N,N,D,N,N,N,N,N,D,N,N,N,N,N,N,D,N,N,N,D,N,N,N,N
GLUR2;MGLUR2;GPRC1B;GRM2;mGlu2,D,D,N,N,N,D,N,N,D,N,D,N,N,D,N,N,N,N,D,D,D,N,D,D,N,D,D,N,D,D,D,D
GLUR3;GPRC1C;MGLUR3;mGlu3;GRM3,D,D,N,N,N,D,N,N,D,N,D,N,N,D,N,N,N,N,D,D,D,N,D,D,N,D,D,N,D,D,D,D
D2DR;D2R;DRD2,N,N,N,N,N,N,N,N,N,N,N,N,N,N,N,N,N,N,N,N,N,N,N,N,N,N,N,N,N,N,N,N
DRD1A;DRD1;DADR,N,N,N,N,N,N,N,N,N,N,N,N,N,N,N,N,N,N,N,N,N,N,N,N,N,N,N,N,N,N,N,N
DAT;DAT1;SLC6A3;PKDYS,N,N,N,N,N,N,N,N,N,N,N,N,N,N,N,N,N,N,N,N,N,N,N,N,N,N,N,N,N,N,N,N
MAO-A;MAOA;BRNRS,B,N,N,N,N,N,N,B,N,N,B,N,N,B,N,N,N,N,N,N,B,N,B,N,N,N,N,N,N,N,B,N
MAOB,N,B,N,N,N,N,N,B,N,N,B,N,B,B,N,N,N,N,N,N,N,N,B,N,N,N,N,N,N,N,N,N
TH;TYH;DYT14;DYT5b,N,N,N,N,N,N,N,N,N,N,N,N,N,N,N,N,N,N,N,N,N,N,N,N,N,N,N,N,N,N,N,N
AADC;DDC,N,N,N,N,N,N,N,N,N,N,N,N,N,N,N,N,N,N,N,N,N,N,N,N,N,N,N,N,N,N,N,N
GSA;SCG6;GNAS;GSP;POH;SgVI;AHO;C20orf45;GNAS1;NESP;GPSA,C,N,N,N,N,N,C,C,N,N,N,N,C,C,C,N,N,N,C,N,C,N,N,C,N,C,N,C,N,C,C,N
FDFM;AC5;ADCY5,D,D,D,D,D,D,D,D,D,N,D,D,D,D,D,D,D,D,D,D,D,D,D,D,D,D,D,D,D,D,D,D
PPNAD4;PKACA;PRKACA,D,D,D,D,D,D,D,D,D,D,D,D,D,D,D,D,D,D,D,D,D,D,D,D,D,D,D,D,D,D,D,D
PKACB;PRKACB;PKA_C-beta,D,D,D,D,D,D,D,D,D,D,D,D,D,D,D,D,D,D,D,D,D,D,D,D,D,D,D,D,D,D,D,D
BDPLT19;PRKACG;KAPG;PKACg,D,D,D,D,D,D,D,D,D,D,D,D,D,D,D,D,D,D,D,D,D,D,D,D,D,D,D,D,D,D,D,D
GNAI1;Gi,C,N,C,N,N,N,C,C,C,N,C,C,C,C,C,C,N,N,C,C,C,C,N,C,N,C,N,C,C,C,C,C
GNAI2;GIP;H_LUCA16.1;H_LUCA15.1;GNAI2B,C,N,N,N,N,N,C,C,N,N,N,N,C,C,C,N,N,N,C,N,C,N,N,C,N,C,N,C,N,C,C,N
87U6;ARCND1;GNAI3,C,N,C,N,N,N,C,C,C,N,C,C,C,C,C,C,N,N,C,C,C,C,N,C,N,C,N,C,C,C,C,C
GPSM1;AGS3,D,D,D,D,D,D,D,D,D,N,D,D,D,D,D,D,D,D,D,D,D,D,D,D,D,D,D,D,D,D,D,D
RGS9;PERRS;RGS9L,N,N,N,N,N,N,N,N,N,N,N,N,N,N,N,N,N,N,N,N,N,N,N,N,N,N,N,N,N,N,N,N
JUN;AP1;p39;AP-1;c-Jun,N,N,N,N,N,N,N,N,N,N,N,N,N,N,N,N,N,N,N,N,N,N,N,N,N,N,N,N,N,N,N,N
G0S3;GOS3;GOSB;AP-1;FOSB,N,N,N,N,N,N,N,N,N,N,N,N,N,N,N,N,N,N,N,N,N,N,N,N,N,N,N,N,N,N,N,N
LIS7;PSSALRE;CDK5,D,D,D,D,D,D,D,D,D,D,D,D,D,D,D,D,D,D,D,D,D,D,D,D,D,D,D,D,D,D,D,D
p50;NF-kappaB;NFKB-p50;EBP-1;NF-kB1;NF-kappa-B;NFKB1;p105;NFKB-p105;KBF1;CVID12;NFkappaB,D,D,D,D,D,D,D,D,D,D,D,D,D,D,D,D,D,D,D,D,D,D,D,D,D,D,D,D,D,D,D,D
NFKB3;RELA;p65,D,D,D,D,D,D,D,D,D,N,D,D,D,D,D,D,D,D,D,D,D,D,D,D,D,D,D,D,D,D,D,D
CREB3;LZIP;sLZIP;LUMAN,N,N,N,N,N,N,N,N,N,N,N,N,N,N,N,N,N,N,N,N,N,N,N,N,N,N,N,N,N,N,N,N
CREB1;CREB;CREB-1,N,N,N,N,N,N,N,N,N,N,N,N,N,N,N,N,N,N,N,N,N,N,N,N,N,N,N,N,N,N,N,N
HB16;TREB7;ATF2;CREB2;CREB-2;CRE-BP1,N,N,N,N,N,N,N,N,N,N,N,N,N,N,N,N,N,N,N,N,N,N,N,N,N,N,N,N,N,N,N,N
CREB-RP;ATF6B;G13;CREBL1,N,N,N,N,N,N,N,N,N,N,N,N,N,N,N,N,N,N,N,N,N,N,N,N,N,N,N,N,N,N,N,N
JAL;AIBZIP;CREB3L4;ATCE1;CREB3;CREB4;hJAL,N,N,N,N,N,N,N,N,N,N,N,N,N,N,N,N,N,N,N,N,N,N,N,N,N,N,N,N,N,N,N,N
TXREB;TAXREB67;ATF4;CREB2;CREB-2,N,N,N,N,N,N,N,N,N,N,N,N,N,N,N,N,N,N,N,N,N,N,N,N,N,N,N,N,N,N,N,N
BBF2H7;CREB3L2,N,A,N,N,N,N,N,A,A,N,N,N,N,N,A,N,N,N,N,N,N,A,N,N,N,N,N,N,N,N,N,N
CREB3L3;CREB-H;HYST1481;CREBH,N,N,N,N,N,N,N,N,N,N,N,N,N,N,N,N,N,N,N,N,N,N,N,N,N,N,N,N,N,N,N,N
CREB3L1;OASIS,N,A,N,N,N,N,N,A,A,N,N,N,N,N,A,N,N,N,N,N,N,A,N,N,N,N,N,N,N,N,N,N
CREB-5;CRE-BPA;CREB5,N,N,N,N,N,N,N,N,N,N,N,N,N,N,N,N,N,N,N,N,N,N,N,N,N,N,N,N,N,N,N,N
ADCA;PENKB;PDYN;SCA23,N,N,N,N,N,N,N,N,N,N,N,N,N,N,N,N,N,N,N,N,N,N,N,N,N,N,N,N,N,N,N,N
ANON2;BULN2;BDNF,N,N,N,N,N,N,N,N,N,N,N,N,N,N,N,N,N,N,N,N,N,N,N,N,N,N,N,N,N,N,N,N
GLUR2;GRIA2;HBGR2;GluR-K2;GLURB;GluA2,N,D,D,N,N,N,N,D,D,N,D,D,D,D,D,N,N,D,D,D,D,N,N,D,N,D,N,N,D,N,D,D
DARPP32;DARPP-32;PPP1R1B,N,N,N,N,N,N,N,N,N,N,N,N,N,N,N,N,N,N,N,N,N,N,N,N,N,N,N,N,N,N,N,N
NR3A;GRIN3A;GluN3A;NMDAR-L,N,D,D,N,N,N,N,D,D,N,D,D,D,D,D,N,N,D,D,D,D,N,N,D,N,D,N,N,D,N,D,D
GRIN3B;NR3B;GluN3B,N,D,D,N,N,N,N,D,D,N,D,D,D,D,D,N,N,D,D,D,D,N,N,D,N,D,N,N,D,N,D,D
MRD8;NMD-R1;GRIN1;GluN1;NMDA1;NR1;NMDAR1,N,D,D,N,N,N,N,D,D,N,D,D,D,D,D,N,N,D,D,D,D,N,N,D,N,D,N,N,D,N,D,D
GRIN2A;NR2A;GluN2A;LKS;NMDAR2A;FESD;EPND,N,D,D,N,N,N,N,D,D,N,D,D,D,D,D,N,N,D,D,D,D,N,N,D,N,D,N,N,D,N,D,D
EIEE27;MRD6;NR2B;hNR3;GRIN2B;NMDAR2B;GluN2B,N,D,D,N,N,N,N,D,D,N,D,D,D,D,D,N,N,D,D,D,D,N,N,D,N,D,N,N,D,N,D,D
NR2C;GRIN2C;GluN2C;NMDAR2C,N,D,D,N,N,N,N,D,D,N,D,D,D,D,D,N,N,D,D,D,D,N,N,D,N,D,N,N,D,N,D,D
EB11;GluN2D;NMDAR2D;GRIN2D;NR2D;EIEE46,N,D,D,N,N,N,N,D,D,N,D,D,D,D,D,N,N,D,D,D,D,N,N,D,N,D,N,N,D,N,D,D
SAP-90;SAP90;PSD95;DLG4,D,D,D,D,D,D,D,D,D,N,D,D,D,D,D,D,D,D,D,D,D,D,D,D,D,D,D,D,D,D,D,D
CDK5P35;p35nck5a;p23;CDK5R;p25;NCK5A;p35;CDK5R1,N,N,N,N,N,N,N,N,N,N,N,N,N,N,N,N,N,N,N,N,N,N,N,N,N,N,N,N,N,N,N,N
