CMM2;CDKN2A;P14;INK4;P16INK4;ARF;TP16;MLM;MTS-1;P16-INK4A;P16INK4A;P19;P14ARF;MTS1;INK4A;CDKN2;CDK4I;P16;P19ARF,D,D,D,D,D,D,D,D,D,N,D,D,D,D,D,D,D,D,D,D,D,D,D,D,D,D,D,D,D,D,D,D
FZR;CDH1;FZR2;CDC20C;HCDH;HCDH1;FZR1,D,D,D,D,D,D,D,D,D,D,D,D,D,D,D,D,D,D,D,D,D,D,D,D,D,D,D,D,D,D,D,D
MITOTIN;CDCL1;D3S3194;MCM2;cdc19;BM28;DFNA70;CCNL1,D,D,D,N,D,N,N,N,D,N,D,N,D,D,D,D,D,D,N,D,D,D,D,D,D,N,N,N,N,D,D,D
RLFB;P1.h;MCM3;P1-MCM3;HCC5,D,D,D,N,D,N,N,N,D,N,D,N,D,D,D,D,D,D,N,D,D,D,D,D,D,N,N,N,N,D,D,D
NKGCD;P1-CDC21;CDC54;hCdc21;MCM4;NKCD;CDC21,D,D,D,N,D,N,N,N,D,N,D,N,D,D,D,D,D,D,N,D,D,D,D,D,D,N,N,N,N,D,D,D
P1-CDC46;MGORS8;CDC46;MCM5,D,D,D,N,D,N,N,N,D,N,D,N,D,D,D,D,D,D,N,D,D,D,D,D,D,N,N,N,N,D,D,D
MCG40308;Mis5;MCM6;P105MCM,D,D,D,N,D,N,N,N,D,N,D,N,D,D,D,D,D,D,N,D,D,D,D,D,D,N,N,N,N,D,D,D
PPP1R104;P1CDC47;CDC47;PNAS146;P85MCM;MCM2;MCM7;P1.1-MCM3,D,D,D,N,D,N,N,N,D,N,D,N,D,D,D,D,D,D,N,D,D,D,D,D,D,N,N,N,N,D,D,D
ORC6;ORC6L,N,N,N,N,N,N,N,N,N,N,N,N,N,N,N,N,N,N,N,N,N,N,N,N,N,N,N,N,N,N,N,N
LAT;LATHEO;ORC3;ORC3L,A,N,N,N,N,N,A,A,A,N,A,A,N,A,A,N,A,N,A,N,A,N,A,A,N,N,N,N,A,N,A,A
ORC1L;HSORC1;PARC1;ORC1,N,N,N,N,N,N,N,N,N,N,N,N,N,N,N,N,N,N,N,N,N,N,N,N,N,N,N,N,N,N,N,N
ORC2L;ORC2,A,A,A,A,A,A,A,A,A,N,A,A,A,A,A,A,A,A,A,A,A,A,A,A,A,A,A,A,A,A,A,A
ORC4P;ORC4L;ORC4,A,N,N,N,N,N,N,A,N,N,N,A,N,N,N,N,N,N,N,N,N,N,N,A,A,N,N,N,N,N,N,N
ORC5L;ORC5;PPP1R117;ORC5T;ORC5P,N,A,N,N,N,A,N,N,N,N,N,N,A,N,N,N,A,N,N,N,N,N,N,A,N,N,N,N,A,N,N,N
APC10;DOC1;ANAPC10,D,D,D,N,D,D,D,D,D,N,D,D,D,D,D,D,D,D,D,D,D,D,D,D,D,D,D,D,D,D,D,D
CDC26;APC12;ANAPC12;C9orf17,N,N,N,N,N,N,N,N,N,N,N,N,N,N,N,N,N,N,N,N,N,N,N,N,N,N,N,N,N,N,N,N
SWM1;APC13;ANAPC13,N,N,N,N,N,N,N,N,N,N,N,N,N,N,N,N,N,N,N,N,N,N,N,N,N,N,N,N,N,N,N,N
APC2;ANAPC2,A,A,N,N,A,A,N,A,A,N,A,A,N,A,A,N,N,A,A,A,A,N,A,A,N,A,N,A,N,N,A,A
APC4;ANAPC4,N,N,N,N,N,N,N,N,N,N,N,N,N,N,N,N,N,N,N,N,N,N,N,N,N,N,N,N,N,N,N,N
APC5;ANAPC5,B,N,B,B,B,B,B,B,B,N,B,B,B,B,B,N,N,B,N,B,B,B,B,B,B,B,N,B,B,N,B,N
APC7;ANAPC7,D,D,D,D,D,D,D,D,D,N,D,D,D,D,D,D,D,D,D,D,D,D,D,D,D,D,D,D,D,D,D,D
Apc11p;HSPC214;APC11;ANAPC11,C,C,C,C,C,C,C,C,C,N,C,C,C,C,C,C,C,C,C,C,C,C,C,C,C,C,C,C,C,C,C,C
MCPR;TSG24;ANAPC1;APC1,N,N,C,N,C,N,N,C,C,N,C,C,C,N,N,N,C,N,N,N,C,N,C,N,N,N,N,N,N,N,N,N
APC8;CDC23;ANAPC8;CUT23,D,D,D,D,D,D,D,D,D,N,D,D,D,D,D,D,D,D,D,D,D,D,D,D,D,D,D,D,D,D,D,D
CDC16;CDC16Hs;ANAPC6;CUT9;APC6,D,D,D,D,D,D,D,D,D,N,D,D,D,D,D,D,D,D,D,D,D,D,D,D,D,D,D,D,D,D,D,D
D17S978E;H-NUC;D0S1430E;ANAPC3;APC3;CDC27;HNUC;CDC27Hs;NUC2,D,D,D,D,D,D,D,D,D,N,D,D,D,D,D,D,D,D,D,D,D,D,D,D,D,D,D,D,D,D,D,D
SKP1;SKP1A;p19A;TCEB1L;OCP2;OCP-II;EMC19,A,A,A,N,A,N,N,A,A,N,A,A,N,A,N,N,A,A,N,A,N,A,A,N,A,A,N,N,A,A,N,N
CUL1,A,A,A,N,A,A,A,A,A,N,A,A,A,A,A,A,A,A,A,A,A,N,A,A,N,A,N,A,N,N,A,A
RBX1;BA554C12.1;RNF75;ROC1,C,C,C,C,C,C,C,C,C,N,C,C,C,C,C,C,C,C,C,C,C,C,C,C,C,C,C,C,C,C,C,C
CDC2;CDK1;P34CDC2;CDC28A,D,D,D,D,D,D,D,D,D,D,D,D,D,D,D,D,D,D,D,D,D,D,D,D,D,D,D,D,D,D,D,D
MAD3L;Bub1A;MVA1;BUB1beta;hBUBR1;BUBR1;SSK1;BUB1B,B,N,B,B,N,N,N,B,B,N,B,B,B,N,B,N,N,B,N,B,B,B,B,N,B,B,B,B,B,B,B,B
PCNA;ATLD2,C,C,N,N,N,N,N,C,C,N,N,C,N,N,N,N,N,N,N,N,N,N,C,N,N,N,N,C,C,N,N,N
PLK;STPK13;PLK1,D,D,D,D,D,D,D,D,D,D,D,D,D,D,D,D,D,D,D,D,D,D,D,D,D,D,D,D,D,D,D,D
AT1;ATA;ATDC;ATC;ATE;ATM;TEL1;ATD;TELO1,B,B,B,B,B,B,N,B,B,B,B,B,B,B,B,B,B,B,B,B,B,B,B,B,B,B,B,B,B,B,B,B
FRP1;SCKL1;MEC1;SCKL;ATR;FCTCS,C,C,C,C,C,C,C,C,C,C,C,C,C,C,C,C,C,C,C,C,C,C,C,C,C,C,C,C,C,C,C,C
CHIF;DBF4A;DBF4;ASK;ZDBF1,D,D,D,D,D,N,N,D,D,N,N,N,N,D,D,D,N,N,D,D,D,N,D,N,N,D,N,D,N,D,D,D
MAD2B;POLZ2;REV7;MAD2L2;FANCV,A,A,A,N,A,N,N,N,A,N,N,N,N,N,N,N,N,A,A,A,A,A,A,N,A,A,A,N,A,N,A,N
MAD2;HSMAD2;MAD2L1,A,A,A,N,A,N,N,N,A,N,N,N,N,N,N,N,N,A,A,A,A,A,A,N,A,A,A,N,A,N,A,N
BUB1L;hBUB1;BUB1;BUB1A,B,N,B,B,N,N,N,B,B,N,B,B,B,B,B,B,N,B,N,B,B,B,B,B,B,B,B,B,B,B,B,B
BUB3L;BUB3;hBUB3,D,D,D,D,D,D,D,D,D,D,D,D,D,D,D,D,D,D,D,D,D,D,D,D,D,D,D,D,D,D,D,D
CDC14B3;CDC14B;Cdc14B2;hCDC14B;Cdc14B1,D,N,D,D,N,N,N,D,N,N,N,N,N,N,D,N,D,N,D,N,D,D,N,D,N,N,D,N,N,D,D,N
CDC14A;cdc14;DFNB105;hCDC14,D,N,D,D,N,N,N,D,N,N,N,N,N,N,D,N,D,N,D,N,D,D,N,D,N,N,D,N,N,D,D,N
14-3-3;HS1;1C5;YWHAQ,A,A,A,A,A,N,A,A,A,N,A,N,A,A,A,A,A,N,A,N,A,A,A,A,A,A,A,A,N,N,A,A
YWHAA;HS1;KCIP-1;HEL-S-1;GW128;YWHAB,A,A,A,A,A,N,A,A,A,N,A,N,A,A,A,A,A,N,A,N,A,A,A,A,A,A,A,A,N,N,A,A
14-3-3E;HEL2;MDS;KCIP-1;MDCR;YWHAE,A,A,A,A,A,N,A,A,A,N,A,N,A,A,A,A,A,N,A,N,A,A,A,A,A,A,A,A,N,N,A,A
YWHAG;14-3-3GAMMA;PPP1R170,A,A,A,A,A,N,A,A,A,N,A,N,A,A,A,A,A,N,A,N,A,A,A,A,A,A,A,A,N,N,A,A
YWHAH;YWHA1,A,A,A,A,A,N,A,A,A,N,A,N,A,A,A,A,A,N,A,N,A,A,A,A,A,A,A,A,N,N,A,A
HEL4;HEL-S-3;14-3-3-zeta;YWHAD;YWHAZ;KCIP-1;HEL-S-93,A,A,A,A,A,N,A,A,A,N,A,N,A,A,A,A,A,N,A,N,A,A,A,A,A,A,A,A,N,N,A,A
YWHAS;SFN,A,A,A,A,A,N,A,A,A,N,A,N,A,A,A,A,A,N,A,N,A,A,A,A,A,A,A,A,N,N,A,A
CHEK1;CHK1,D,D,D,D,D,D,D,D,D,D,D,D,D,D,D,D,D,D,D,D,D,D,D,D,D,D,D,D,D,D,D,D
HuCds1;LFS2;CDS1;CHK2;CHEK2;hCds1;RAD53;PP1425,D,D,D,D,D,D,D,D,D,D,D,D,D,D,D,D,D,D,D,D,D,D,D,D,D,D,D,D,D,D,D,D
CDKN1A;CDKN1;P21;WAF1;CIP1;MDA-6;p21CIP1;CAP20;SDI1,D,N,N,N,D,D,D,D,D,N,D,N,D,D,N,N,N,D,D,D,D,D,D,D,N,D,D,D,N,D,D,D
PRKDC;DNA-PKcs;p350;HYRC1;XRCC7;DNAPK;HYRC;IMD26;DNPK1,C,C,C,C,C,C,C,C,C,C,C,C,C,C,C,C,C,C,C,C,C,C,C,C,C,C,C,C,C,C,C,C
hdm2;ACTFS;HDMX;MDM2,D,D,D,D,D,D,D,D,D,N,D,D,D,D,D,D,D,D,D,D,D,D,D,D,D,D,D,D,D,D,D,D
CREBBP;RSTS1;RSTS;KAT3A;CBP,D,D,D,D,D,D,D,D,D,N,D,D,D,D,D,D,D,D,D,D,D,D,D,D,D,D,D,D,D,D,D,D
EP300;KAT3B;RSTS2;p300,D,D,D,D,D,D,D,D,D,N,D,D,D,D,D,D,D,D,D,D,D,D,D,D,D,D,D,D,D,D,D,D
SKP2;p45;FBL1;FBXL1;FLB1,B,B,B,N,B,B,B,B,B,N,B,B,B,B,B,N,B,B,B,B,B,B,B,B,B,B,B,B,B,B,B,B
MYT1;PKMYT1;PPP1R126,D,D,D,D,D,D,D,D,D,D,D,D,D,D,D,D,D,D,D,D,D,D,D,D,D,D,D,D,D,D,D,D
WEE2;WEE1B,D,D,D,D,D,D,D,D,D,D,D,D,D,D,D,D,D,D,D,D,D,D,D,D,D,D,D,D,D,D,D,D
WEE1hu;WEE1;WEE1A,D,D,D,D,D,D,D,D,D,D,D,D,D,D,D,D,D,D,D,D,D,D,D,D,D,D,D,D,D,D,D,D
PTTG2,N,N,N,N,N,N,N,N,N,N,N,N,N,N,N,N,N,N,N,N,N,N,N,N,N,N,N,N,N,N,N,N
PTTG;HPTTG;PTTG1;TUTR1;EAP1,N,N,N,N,N,N,N,N,N,N,N,N,N,N,N,N,N,N,N,N,N,N,N,N,N,N,N,N,N,N,N,N
ESPL1;ESP1;SEPA,A,N,N,A,N,N,N,A,A,N,A,N,N,N,N,N,N,A,A,N,A,N,A,N,N,N,N,N,A,N,A,N
SMC1L2;SMC1B;SMC1BETA,D,D,D,D,D,D,D,D,D,D,D,D,D,D,D,D,D,D,D,D,D,D,D,D,D,D,D,D,D,D,D,D
CDLS2;SMC1;SMCB;SMC1A;SB1.8;SMC1alpha;SMC1L1;DXS423E,D,D,D,D,D,D,D,D,D,D,D,D,D,D,D,D,D,D,D,D,D,D,D,D,D,D,D,D,D,D,D,D
OSRC;pRb;p105-Rb;pp110;PPP1R130;RB1;RB,N,A,N,N,N,A,N,N,N,N,N,N,N,N,N,N,N,A,N,N,A,N,N,N,N,N,N,N,N,N,A,A
DDIT2;GRP17;GADD45gamma;CR6;GADD45G,C,N,C,N,N,N,N,C,N,N,C,N,N,N,N,N,N,N,N,N,C,N,N,C,C,N,N,C,C,N,C,N
DDIT1;GADD45;GADD45A,C,N,C,N,N,N,N,C,N,N,C,N,N,N,N,N,N,N,N,N,C,N,N,C,C,N,N,C,C,N,C,N
GADD45B;MYD118;GADD45BETA,C,N,C,N,N,N,N,C,N,N,C,N,N,N,N,N,N,N,N,N,C,N,N,C,C,N,N,C,C,N,C,N
BCC7;LFS1;TP53;P53;TRP53,N,N,N,N,N,N,N,N,N,N,N,N,N,N,N,N,N,N,N,N,N,N,N,N,N,N,N,N,N,N,N,N
MEN1B;KIP1;MEN4;P27KIP1;CDKN4;CDKN1B,D,N,N,N,D,D,D,D,D,N,D,N,D,D,N,N,N,D,D,D,D,D,D,D,N,D,D,D,N,D,D,D
CDKN1C;p57;BWCR;KIP2;WBS;p57Kip2;BWS,D,D,D,N,D,D,D,D,D,N,D,D,D,D,D,D,D,D,D,D,D,D,D,D,D,D,D,D,N,D,D,D
TP15;P15;p15INK4b;INK4B;CDK4I;MTS2;CDKN2B,D,D,D,D,D,D,D,D,D,N,D,D,D,D,D,D,D,D,D,D,D,D,D,D,D,D,D,D,D,D,D,D
TGFB;TGFbeta;LAP;CED;DPD1;TGFB1,D,D,D,D,D,D,D,D,D,N,D,D,D,D,D,D,D,D,D,D,D,D,D,D,D,D,D,D,D,D,D,D
TGF-beta2;TGFB2;LDS4;G-TSF,D,D,D,D,D,D,D,D,D,N,D,D,D,D,D,D,D,D,D,D,D,D,D,D,D,D,D,D,D,D,D,D
ARVD1;TGF-beta3;ARVD;RNHF;LDS5;TGFB3,D,D,D,D,D,D,D,D,D,N,D,D,D,D,D,D,D,D,D,D,D,D,D,D,D,D,D,D,D,D,D,D
MYHRS;SMAD4;DPC4;MADH4;JIP,N,N,N,N,N,N,N,N,N,N,N,N,N,N,N,N,N,N,N,N,N,N,N,N,N,N,N,N,N,N,N,N
MADH2;MADR2;hMAD-2;JV18-1;SMAD2;JV18;hSMAD2,N,N,N,N,N,N,N,N,N,N,N,N,N,N,N,N,N,N,N,N,N,N,N,N,N,N,N,N,N,N,N,N
MADH3;HSPC193;SMAD3;LDS1C;LDS3;JV15-2;HsT17436,N,N,N,N,N,N,N,N,N,N,N,N,N,N,N,N,N,N,N,N,N,N,N,N,N,N,N,N,N,N,N,N
huCDC7;CDC7;CDC7L1;Hsk1;HsCDC7,D,D,D,D,D,D,D,D,D,N,D,D,D,D,D,D,D,D,D,D,D,D,D,D,D,D,D,D,D,D,D,D
bA276H19.3;CDC20A;p55CDC;CDC20,D,D,D,D,D,D,D,D,D,D,D,D,D,D,D,D,D,D,D,D,D,D,D,D,D,D,D,D,D,D,D,D
CDC25B,N,N,A,N,N,N,N,A,N,N,N,N,A,N,N,N,A,N,N,N,N,N,A,N,N,N,N,N,N,N,N,N
CDC25C;CDC25;PPP1R60,N,N,A,N,N,N,N,A,N,N,N,N,A,N,N,N,A,N,N,N,N,N,A,N,N,N,N,N,N,N,N,N
CDC45L;MGORS7;PORC-PI-1;CDC45L2;CDC45,N,A,N,N,N,A,N,N,N,N,A,N,N,N,N,N,N,N,N,N,N,N,N,N,N,N,N,N,N,N,A,N
MGORS5;HsCDC18;CDC18L;HsCDC6;CDC6,N,N,N,N,N,N,N,N,N,N,N,N,N,N,N,N,N,N,N,N,N,N,N,N,N,N,N,N,N,N,N,N
CDC25A2;CDC25A,N,N,A,N,N,N,N,A,N,N,N,N,A,N,N,N,A,N,N,N,N,N,A,N,N,N,N,N,N,N,N,N
GSK3B,D,D,D,D,D,D,D,D,D,D,D,D,D,D,D,D,D,D,D,D,D,D,D,D,D,D,D,D,D,D,D,D
CCNB3,A,A,A,A,A,A,A,A,A,N,A,A,A,A,A,A,A,A,N,A,A,A,A,A,A,A,A,A,A,A,A,A
CCNB;CCNB1,A,A,A,A,A,A,A,A,A,N,A,A,A,A,A,A,A,A,N,A,A,A,A,A,A,A,A,A,A,A,A,A
CCNB2;HsT17299,A,A,A,A,A,A,A,A,A,N,A,A,A,A,A,A,A,A,N,A,A,A,A,A,A,A,A,A,A,A,A,A
CCNA;CCN1;CCNA2,A,A,A,A,A,A,A,A,A,N,A,A,A,A,A,A,A,A,N,A,A,A,A,A,A,A,A,A,A,A,A,A
CT146;CCNA1,A,A,A,A,A,A,A,A,A,N,A,A,A,A,A,A,A,A,N,A,A,A,A,A,A,A,A,A,A,A,A,A
STK1;CAK1;p39MO15;MO15;CAK;HCAK;CDK7;CDKN7,D,D,D,D,D,D,D,D,D,D,D,D,D,D,D,D,D,D,D,D,D,D,D,D,D,D,D,D,D,D,D,D
CDKN2;CDK2;p33(CDK2),D,D,D,D,D,D,D,D,D,D,D,D,D,D,D,D,D,D,D,D,D,D,D,D,D,D,D,D,D,D,D,D
PSK-J3;CDK4;CMM3,D,D,D,D,D,D,D,D,D,D,D,D,D,D,D,D,D,D,D,D,D,D,D,D,D,D,D,D,D,D,D,D
CDK6;MCPH12;PLSTIRE,D,D,D,D,D,D,D,D,D,D,D,D,D,D,D,D,D,D,D,D,D,D,D,D,D,D,D,D,D,D,D,D
p34;p37;CAK;CCNH;CycH,N,A,N,N,N,N,N,N,A,N,A,A,N,A,N,N,N,N,N,N,A,N,N,N,A,N,N,A,N,N,A,A
pCCNE1;CCNE1;CCNE,A,A,A,A,A,A,A,A,A,N,A,A,A,A,A,A,A,A,N,A,A,A,A,A,A,A,A,A,A,A,A,A
CYCE2;CCNE2,A,A,A,A,A,A,A,A,A,N,A,A,A,A,A,A,A,A,N,A,A,A,A,A,A,A,A,A,A,A,A,A
D11S287E;PRAD1;BCL1;CCND1;U21B31,A,A,A,A,A,A,N,A,A,N,A,A,A,A,A,A,A,A,N,A,A,A,A,A,A,A,A,A,A,A,A,A
MPPH3;KIAK0002;CCND2,A,A,A,A,A,A,N,A,A,N,A,A,A,A,A,A,A,A,N,A,A,A,A,A,A,A,A,A,A,A,A,A
CCND3,A,A,A,A,A,A,N,A,A,N,A,A,A,A,A,A,A,A,N,A,A,A,A,A,A,A,A,A,A,A,A,A
TXBP181;PIG9;TP53I9;MAD1;MAD1L1,D,D,D,D,D,D,D,D,D,N,D,D,D,D,D,D,D,D,D,D,D,D,D,D,D,D,D,D,D,D,D,D
PYT;MPH1;CT96;TTK;MPS1L1;MPS1;ESK,D,D,D,D,D,D,D,D,D,D,D,D,D,D,D,D,D,D,D,D,D,D,D,D,D,D,D,D,D,D,D,D
p18-INK4C;INK4C;p18;CDKN2C,D,D,D,D,D,D,D,D,D,N,D,D,D,D,D,D,D,D,D,D,D,D,D,D,D,D,D,D,D,D,D,D
p19-INK4D;INK4D;CDKN2D;p19,D,D,D,D,D,D,D,D,D,D,D,D,D,D,D,D,D,D,D,D,D,D,D,D,D,D,D,D,D,D,D,D
CDLS3;CSPG6;BMH;SMC3;BAM;HCAP;SMC3L1,D,D,D,D,D,D,D,D,D,D,D,D,D,D,D,D,D,D,D,D,D,D,D,D,D,D,D,D,D,D,D,D
STAG1;MRD47;SA1;SCC3A,N,A,N,N,N,A,N,N,N,N,A,N,A,N,N,N,N,A,N,N,N,N,N,N,A,N,N,N,N,N,A,N
SCC3B;SA-2;STAG2;bA517O1.1;SA2,N,A,N,N,N,A,N,N,N,N,A,N,A,N,N,N,N,A,N,N,N,N,N,N,A,N,N,N,N,N,A,N
SCC1;HR21;HRAD21;MCD1;RAD21;hHR21;CDLS4;NXP1,N,A,A,N,A,N,N,A,A,N,N,N,A,N,N,N,N,N,A,N,A,N,N,A,A,A,N,N,A,N,A,A
PRB1;RBL1;p107;CP107,N,A,N,N,N,A,N,N,N,N,N,N,N,N,N,N,N,A,N,N,A,N,N,N,N,N,N,N,N,N,A,A
E2F4;E2F-4,A,A,N,N,N,A,N,A,A,N,A,N,A,A,N,N,N,A,A,A,A,N,N,N,N,N,A,N,A,A,A,A
E2F5;E2F-5,A,A,N,N,N,A,N,A,A,N,A,N,A,A,N,N,N,A,A,A,A,N,N,N,N,N,A,N,A,A,A,A
MRTL;MYC;bHLHe39;MYCC;c-Myc,N,N,N,N,N,N,N,N,N,N,N,N,N,N,N,N,N,N,N,N,N,N,N,N,N,N,N,N,N,N,N,N
ZNF151;MIZ-1;ZBTB17;pHZ-67;ZNF60,D,D,D,D,D,D,D,D,D,N,D,D,D,D,D,D,N,N,D,D,D,D,D,D,D,D,D,D,D,D,D,D
bcr/abl;ABL1;v-abl;CHDSKM;ABL;c-ABL1;c-ABL;p150;JTK7,D,D,D,D,D,D,D,D,D,D,D,D,D,D,D,D,D,D,D,D,D,D,D,D,D,D,D,D,D,D,D,D
DRTF1;DILC;TFDP1;Dp-1;DP1,A,A,A,A,N,N,N,A,A,N,A,N,N,A,A,N,N,A,N,N,N,A,N,N,N,N,N,A,A,A,A,N
TFDP2;DP2,A,A,A,A,N,N,N,A,A,N,A,N,N,A,A,N,N,A,N,N,N,A,N,N,N,N,N,A,A,A,A,N
E2F-1;RBAP1;E2F1;RBP3;RBBP3,A,A,N,N,N,A,N,A,A,N,A,N,A,A,N,N,N,A,A,A,A,N,N,N,N,N,A,N,A,A,A,A
E2F2;E2F-2,A,A,N,N,N,A,N,A,A,N,A,N,A,A,N,N,N,A,A,A,A,N,N,N,N,N,A,N,A,A,A,A
E2F3;E2F-3,A,A,N,N,N,A,N,A,A,N,A,N,A,A,N,N,N,A,A,A,A,N,N,N,N,N,A,N,A,A,A,A
RPD3;HDAC1;RPD3L1;HD1;GON-10,D,D,D,N,D,D,D,D,D,D,D,D,D,D,D,D,D,D,D,D,D,D,D,D,D,D,D,D,D,D,D,N
YAF1;RPD3;HD2;HDAC2,D,D,D,N,D,D,D,D,D,D,D,D,D,D,D,D,D,D,D,D,D,D,D,D,D,D,D,D,D,D,D,N
Rb2;RBL2;P130,N,A,N,N,N,A,N,N,N,N,N,N,N,N,N,N,N,A,N,N,A,N,N,N,N,N,N,N,N,N,A,A
