PRPF5;Prp5;DDX46,D,D,D,D,D,D,D,D,D,D,D,D,D,D,D,D,D,D,D,D,D,D,D,D,D,D,D,D,D,D,D,D
UAP56;D6S81E;BAT1;DDX39B,D,D,D,D,D,D,D,D,D,D,D,D,D,D,D,D,D,D,D,D,D,D,D,D,D,D,D,D,D,D,D,D
RNPU1Z;U1AP;U170K;SNRP70;SNRNP70;U1-70K;U1RNP;RPU1;Snp1,D,D,D,D,D,D,D,D,D,N,D,D,D,D,D,D,D,D,D,D,D,D,D,D,D,D,D,D,D,D,D,D
SNRPA;Mud1;U1A;U1-A,A,N,A,N,N,N,N,A,A,N,A,A,A,N,N,N,A,N,N,N,A,A,N,A,N,A,A,N,N,N,A,N
SNRPC;Yhc1;U1C,N,N,N,N,N,N,A,N,N,A,A,N,N,N,A,N,N,N,N,N,N,N,N,N,N,N,N,N,A,N,N,N
PRP8;Prp2;PRPF2;DDX16;DBP2;PRO2014;DHX16,D,D,D,D,D,D,D,D,D,D,D,D,D,D,D,D,D,D,D,D,D,D,D,D,D,D,D,D,D,D,D,D
DHX38;PRPF16;PRP16;DDX38,D,D,D,D,D,D,D,D,D,D,D,D,D,D,D,D,D,D,D,D,D,D,D,D,D,D,D,D,D,D,D,D
EHB3;PRP17;CDC40;PRPF17,D,D,D,D,D,D,D,D,D,D,D,D,D,D,D,D,D,D,D,D,D,D,D,D,D,D,D,D,D,D,D,D
PRPF40B;HYPC,N,A,A,N,A,N,A,A,A,N,A,A,A,A,N,N,A,A,N,N,A,N,A,N,N,A,N,N,N,N,A,A
HIP-10;FLAF1;FBP-11;PRPF40A;FNBP3;FBP11;NY-REN-6;Prp40;HIP10;HYPA,N,A,A,N,A,N,A,A,A,N,A,A,A,A,N,N,A,A,N,N,A,N,A,N,N,A,N,N,N,N,A,A
fSAP94;NET52;Snu71;S164;RNPC7;RBM25;RED120,D,D,D,D,D,D,D,D,D,N,D,D,D,D,D,D,D,D,D,D,D,D,D,D,D,D,D,D,D,D,D,D
HRH1;PRP22;Dhr2;PRPF22;DHX8;DDX8,D,D,D,D,D,D,D,D,D,D,D,D,D,D,D,D,D,D,D,D,D,D,D,D,D,D,D,D,D,D,D,D
PRP43;HRH2;DBP1;PRPF43;DDX15;DHX15;PrPp43p,D,D,D,D,D,D,D,D,D,D,D,D,D,D,D,D,D,D,D,D,D,D,D,D,D,D,D,D,D,D,D,D
SNRPB1;SmB/SmB';SmB/B';snRNP-B;COD;CCMS;Sm-B/B';SNRPB,C,C,C,C,C,C,C,C,C,N,C,C,C,C,N,C,C,C,C,C,C,C,C,C,C,N,C,C,C,C,C,C
SMD1;SNRPD1;HsT2456;Sm-D1;SNRPD,C,C,C,C,N,C,C,C,C,N,C,C,C,C,C,C,C,C,C,N,C,N,N,N,C,C,C,C,C,N,C,C
Sm-D2;SMD2;SNRPD1;SNRPD2,C,C,C,C,N,C,C,C,C,N,C,C,C,C,C,C,C,C,C,N,C,C,N,C,C,N,C,C,C,C,C,C
SNRPD3;Sm-D3;SMD3,C,C,C,C,N,C,C,C,C,N,C,C,C,C,C,C,C,C,C,C,C,N,N,C,C,C,C,C,C,N,C,C
HYPT11;SME;snRNP-E;SNRPE;Sm-E,D,D,D,D,D,D,D,D,D,D,D,N,D,N,N,D,D,D,D,N,D,N,N,D,N,D,N,N,D,D,D,D
SNRPF;SMF;snRNP-F;Sm-F,D,D,D,D,D,D,D,D,D,D,D,D,D,D,D,D,D,D,D,D,D,D,D,D,D,D,N,D,D,D,D,D
SMG;Sm-G;SNRPG,D,D,D,D,D,D,D,D,D,D,D,D,D,N,N,D,D,D,D,D,D,D,N,D,D,D,D,D,D,D,D,D
G17P1;HLR1;DDX5;p68;HUMP68,D,D,D,D,D,D,D,D,D,D,D,D,D,D,D,D,D,D,D,D,D,D,D,D,D,D,D,D,D,D,D,D
Urn1;TCERG1;TAF2S;CA150,D,D,D,N,D,D,D,D,D,N,D,D,D,D,N,N,D,D,D,D,D,D,D,D,D,D,D,D,N,D,D,D
Lea1;SNRPA1,D,D,D,D,D,D,D,D,D,N,D,D,D,D,D,D,D,D,D,D,D,D,D,D,D,D,D,D,D,D,D,D
SNRPB2;U2B'';Msl1,A,N,A,N,N,N,N,A,A,N,A,A,A,N,N,N,A,N,N,N,A,A,N,A,N,A,A,N,N,N,A,N
SF3A1;SAP114;PRPF21;PRP21;SF3A120,C,C,C,N,C,N,C,C,C,N,C,N,C,C,C,C,N,N,C,N,C,C,C,N,N,N,C,C,C,C,C,N
PRPF9;SAP61;PRP9;SF3A3;SF3a60,N,N,N,N,A,A,N,N,N,N,N,A,N,N,A,A,A,A,A,N,N,N,A,N,A,N,A,N,N,N,N,A
SF3A2;SF3a66;PRPF11;PRP11;SAP62,D,D,D,N,D,N,D,D,D,D,D,D,D,D,D,D,D,D,D,D,D,D,N,D,D,D,D,D,D,D,D,D
AFD1;SF3b49;Hsh49;SF3B4;SAP49,B,B,B,B,B,B,B,B,B,N,B,B,B,B,B,B,B,B,B,B,B,B,B,B,B,B,B,B,B,B,B,B
SF3b1;SF3B145;SF3b150;Cus1;SF3B2;SAP145,D,D,D,D,D,D,D,D,D,N,D,D,D,D,D,D,D,D,D,D,D,D,D,D,D,D,D,D,D,D,D,D
DDX42P;DDX42;SF3b125;SF3B8;RNAHP;RHELP,D,D,D,D,D,D,D,D,D,D,D,D,D,D,D,D,D,D,D,D,D,D,D,D,D,D,D,D,D,D,D,D
STAF130;SAP130;RSE1;SF3B3;SF3b130,A,A,A,N,N,A,N,N,A,A,A,A,N,A,A,A,A,A,A,A,N,N,A,A,N,N,A,A,A,N,A,N
SF3B1;PRP10;SF3b155;Hsh155;SAP155;MDS;PRPF10,A,A,N,N,N,N,A,N,N,N,A,N,N,N,N,N,A,N,N,A,A,N,N,N,A,A,N,N,N,N,N,N
P14;SF3B14;CGI-110;SF3B6;HSPC175;SAP14a;SAP14;Ht006;SF3B14a,B,B,B,B,B,B,B,B,B,N,B,B,B,B,B,B,B,B,B,B,B,B,B,B,B,B,B,B,B,B,B,B
Ysf3;SF3b10;SF3B5,A,A,N,N,A,N,A,A,A,N,A,A,A,A,N,A,A,A,A,A,A,N,N,A,N,N,N,N,A,A,A,A
Rds3;SAP14b;SF3B7;SF3b14b;PHF5A;bK223H9.2;INI,A,A,N,N,N,A,A,A,A,N,A,N,N,A,A,A,A,A,A,A,A,A,N,A,A,A,A,A,N,A,A,A
U2AF1L5,B,B,B,B,N,N,B,B,B,N,B,B,B,B,B,B,B,B,B,N,B,B,B,B,B,B,B,B,B,N,B,B
U2AF2;U2AF65,D,D,D,D,D,D,D,D,D,D,D,D,D,D,D,D,D,D,D,D,D,D,D,D,D,D,D,D,D,D,D,D
U2AF1L3;U2AF1L4;U2AF1-RS3;U2AF1L3V1;U2af26;U2AF1RS3,B,B,B,B,N,N,B,B,B,N,B,B,B,B,B,B,B,B,B,N,B,B,B,B,B,B,B,B,B,N,B,B
U2AF1;RN;U2AF35;RNU2AF1;FP793;U2AFBP,B,B,B,B,N,N,B,B,B,N,B,B,B,B,B,B,B,B,B,N,B,B,B,B,B,B,B,B,B,N,B,B
PUF60;SIAHBP1;RoBPI;FIR;VRJS,D,D,D,D,D,D,D,D,D,D,D,D,D,D,D,D,D,D,D,D,D,D,D,D,D,D,D,D,D,D,D,D
TDRD16C;SPF30;SMNDC1;SMNR,N,B,B,N,N,N,N,B,B,N,B,B,N,B,B,N,B,N,N,N,B,B,B,B,N,N,N,B,B,B,B,N
SPF45;RBM17,B,B,B,N,B,N,B,B,B,N,B,N,B,B,B,B,B,B,B,N,B,N,B,B,B,B,B,B,B,N,B,B
CHERP;SRA1;SCAF6;DAN16,N,C,N,N,N,N,C,C,C,N,C,N,C,C,C,C,C,N,C,N,C,C,C,N,N,N,C,N,N,N,C,N
U2SURP;SR140;fSAPa,D,D,D,N,N,D,D,D,D,N,D,D,D,D,D,D,D,D,D,D,D,D,D,D,D,D,D,D,D,N,D,D
NIP1;PIG55;NCBP2;CBP20;CBC2,B,B,B,B,B,B,B,B,B,N,B,B,B,B,B,B,B,B,B,B,B,B,B,B,B,B,B,B,B,B,B,B
NCBP;NCBP1;Sto1;CBP80,N,N,N,N,N,N,N,N,N,N,N,N,N,N,N,N,N,N,N,N,N,N,N,N,N,N,N,N,N,N,N,N
RBMXL3;CXorf55,B,B,B,B,B,B,B,B,B,N,B,B,B,B,B,B,B,B,B,B,B,B,B,B,B,B,B,B,B,B,B,B
HNRNPA1L2,D,D,D,D,D,D,D,D,D,N,D,D,D,D,D,D,D,D,D,D,D,D,D,D,D,D,D,D,D,D,D,D
FBRNP;2610510D13Rik;HNRPA3;HNRNPA3;D10S102,D,D,D,D,D,D,D,D,D,N,D,D,D,D,D,D,D,D,D,D,D,D,D,D,D,D,D,D,D,D,D,D
HNRPGT;RBMXL2;HNRNPG-T;HNRNPGT,B,B,B,B,B,B,B,B,B,N,B,B,B,B,B,B,B,B,B,B,B,B,B,B,B,B,B,B,B,B,B,B
HNRPG;RBMX;RNMX;RBMXP1;hnRNP-G;HNRNPG;MRXS11;RBMXRT,B,B,B,B,B,B,B,B,B,N,B,B,B,B,B,B,B,B,B,B,B,B,B,B,B,B,B,B,B,B,B,B
HNRPA1;HNRPA1L3;hnRNP_A1;UP_1;HNRNPA1;ALS19;IBMPFD3;ALS20;hnRNP-A1,D,D,D,D,D,D,D,D,D,N,D,D,D,D,D,D,D,D,D,D,D,D,D,D,D,D,D,D,D,D,D,D
C2;HNRNPC;SNRPC;HNRPC;HNRNP;C1,B,B,B,B,B,B,B,B,B,N,B,B,B,B,B,B,B,B,B,B,B,B,B,B,B,B,B,B,B,N,B,B
TUNP;CSBP;AUKS;HNRPK;HNRNPK,N,N,A,N,N,N,A,A,A,N,A,N,A,A,N,A,A,A,A,A,A,A,A,A,A,A,N,A,N,A,A,A
NCRNA00201;C1orf199;HNRPU;HNRNPU-AS1;SAF-A;EIEE54;SAFA;U21.1;pp120;HNRNPU;hnRNP_U,D,D,D,D,D,D,D,D,D,N,D,D,D,D,D,D,D,D,D,D,D,D,D,D,D,D,D,D,D,D,D,D
hnRNP_M;HNRPM;CEAR;HNRPM4;HTGR1;HNRNPM;HNRNPM4;NAGR1,B,B,B,B,B,B,B,B,B,N,B,B,B,B,B,B,B,B,B,B,B,B,B,B,B,B,B,B,B,B,B,B
RBMXL1;RBM1,B,B,B,B,B,B,B,B,B,N,B,B,B,B,B,B,B,B,B,B,B,B,B,B,B,B,B,B,B,B,B,B
HNRPX;HEL-S-85;HNRPE1;hnRNP-E1;PCBP1;hnRNP-X,N,N,A,N,N,N,A,A,A,N,A,N,A,A,A,A,A,A,A,A,A,A,A,A,A,A,N,A,N,A,A,A
SRp38;TASR;PPP1R149;SRrp40;TASR1;FUSIP2;TASR2;SFRS13;FUSIP1;NSSR;SRSF10;SFRS13A,B,B,B,B,B,B,B,B,B,B,B,B,B,B,B,B,B,B,B,B,B,B,B,B,B,B,B,B,B,B,B,B
DSM-1;SRSF8;SFRS2B;SRP46,B,B,B,B,B,B,B,B,B,B,B,B,B,B,B,B,B,B,B,B,B,B,B,B,B,B,B,B,B,B,B,B
AWMS1;TRA2A;HSU53209,D,D,D,D,D,D,D,D,D,N,D,D,D,D,D,D,D,D,D,D,D,D,D,D,D,D,D,D,D,D,D,D
SFRS1;SF2p33;SRSF1;SRp30a;ASF;SF2,B,B,B,B,B,B,B,B,B,N,B,B,B,B,B,B,B,B,B,B,B,B,B,B,B,B,B,B,B,B,B,B
SRp30b;PR264;SRSF2;SC-35;SFRS2A;SFRS2;SC35,B,B,B,B,B,B,B,B,B,B,B,B,B,B,B,B,B,B,B,B,B,B,B,B,B,B,B,B,B,B,B,B
SRp20;SFRS3;SRSF3,B,B,B,B,B,B,B,B,B,N,B,B,B,B,B,B,B,B,B,B,B,B,B,B,B,B,B,B,B,B,B,B
SRSF4;SRP75;SFRS4,D,D,D,D,D,D,D,D,D,N,D,D,D,D,D,D,D,D,D,D,D,D,D,D,D,D,D,D,D,D,D,D
SRSF5;HRS;SFRS5;SRP40,B,B,B,B,B,B,B,B,B,N,B,B,B,B,B,B,B,B,B,B,B,B,B,B,B,B,B,B,B,B,B,B
SRSF6;HEL-S-91;B52;SRP55;SFRS6,B,B,B,B,B,B,B,B,B,N,B,B,B,B,B,B,B,B,B,B,B,B,B,B,B,B,B,B,B,B,B,B
AAG3;SRSF7;9G8;SFRS7,B,B,B,B,B,B,B,B,B,N,B,B,B,B,B,B,B,B,B,B,B,B,B,B,B,B,B,B,B,B,B,B
SFRS10;PPP1R156;TRA2-BETA;TRA2B;SRFS10;Htra2-beta;TRAN2B,D,D,D,D,D,D,D,D,D,N,D,D,D,D,D,D,D,D,D,D,D,D,D,D,D,D,D,D,D,D,D,D
SRSF9;SFRS9;SRp30c,B,B,B,B,B,B,B,B,B,N,B,B,B,B,B,B,B,B,B,B,B,B,B,B,B,B,B,B,B,B,B,B
NMP200;SNEV;PRPF19;PRP19;UBOX4;PSO4;hPSO4,D,D,D,D,D,D,D,D,D,D,D,D,D,D,D,D,D,D,D,D,D,D,D,D,D,D,D,D,D,D,D,D
CDC5L;CEF1;CDC5;CDC5-LIKE;dJ319D22.1;PCDC5RP,A,A,A,A,A,A,A,A,A,A,A,A,A,A,A,A,A,A,A,A,A,A,A,A,A,A,A,A,A,A,A,A
DAM1;SPF27;Snt309;BCAS2,N,N,N,N,N,N,N,N,N,N,N,N,N,N,N,N,N,N,N,N,N,N,N,N,N,N,N,N,N,N,N,N
PRPF46;PRP46;PRL1;TANGO4;Cwc1;PLRG1,D,D,D,D,D,D,D,D,D,D,D,D,D,D,D,D,D,D,D,D,D,D,D,D,D,D,D,D,D,D,D,D
HSPC148;Cwf15;ORF5;CWC15;AD002;C11orf5,A,A,A,N,N,N,A,A,N,N,N,A,N,A,A,A,A,N,A,A,A,A,N,A,N,A,N,A,N,N,N,A
CTNNBL1;P14L;dJ633O20.1;PP8304;NAP;C20orf33,N,N,N,N,N,N,N,N,N,N,N,N,N,N,N,N,N,N,N,N,N,N,N,N,N,N,N,N,N,N,N,N
HSP72;HEL-S-103;HSPA1A;HSPA1;HSP70.1;HSP70-1A;HSP70I;HSP70-1,D,D,D,D,D,D,D,D,D,N,D,D,D,D,D,D,D,D,D,D,D,D,D,D,N,D,D,D,D,D,D,D
HSP70-1B;HSP70.2;HSP70-2;HSPA1B,D,D,D,D,D,D,D,D,D,N,D,D,D,D,D,D,D,D,D,D,D,D,D,D,N,D,D,D,D,D,D,D
HSPA1L;HSP70-HOM;HSP70T;hum70t;HSP70-1L,D,D,D,D,D,D,D,D,D,N,D,D,D,D,D,D,D,D,D,D,D,D,D,D,N,D,D,D,D,D,D,D
HSPA2;HSP70-2;HSP70-3,D,D,D,D,D,D,D,D,D,N,D,D,D,D,D,D,D,D,D,D,D,D,D,D,N,D,D,D,D,D,D,D
HSP70B';HSPA6,D,D,D,D,D,D,D,D,D,N,D,D,D,D,D,D,D,D,D,D,D,D,D,D,N,D,D,D,D,D,D,D
HSPA10;HSC70;NIP71;LAP1;LAP-1;HEL-S-72p;HSP71;HSP73;HSPA8;HEL-33;HSC54;HSC71,D,D,D,D,D,D,D,D,D,N,D,D,D,D,D,D,D,D,D,D,D,D,D,D,N,D,D,D,D,D,D,D
MRXS8;RENS1;MRX2;NPW38;SHS;MRX55;MRXS3;PQBP1,N,N,N,N,N,N,N,N,A,N,A,N,A,N,N,N,N,A,N,N,N,N,A,N,N,N,N,N,N,N,N,N
fSAP29;P29;SYF2;NTC31;CBPIN,B,B,B,N,N,N,N,B,B,N,B,N,B,B,N,B,B,N,N,N,B,B,N,B,N,B,N,B,N,B,B,N
CLF;MSTP021;SYF3;Clf1;CRNKL1;HCRN;CRN,D,D,D,D,D,D,D,D,D,N,D,D,D,D,D,D,D,D,D,D,D,D,D,D,D,D,D,D,D,D,D,D
NTC90;XAB2;SYF1;HCNP;HCRN,B,B,B,N,B,B,B,B,B,N,B,B,B,B,N,B,B,B,B,B,B,B,B,B,B,B,B,B,B,B,B,B
NPWBP;WBP-11;WBP11;SIPP1;PPP1R165,D,D,D,N,D,N,D,N,D,N,D,D,D,D,D,D,D,D,D,D,D,D,N,D,D,D,N,D,N,D,D,D
PRPF45;SKIP;FUN20;Prp45;SKIIP;NCOA-62;SKIP1;Bx42;SNW1,A,N,A,N,N,N,A,A,A,N,A,A,A,A,N,A,A,A,A,A,A,A,N,A,A,A,A,A,A,A,A,A
ISY1-RAB43,A,A,N,N,A,N,N,N,A,N,A,A,A,A,A,A,A,A,A,A,A,A,A,A,A,A,A,A,A,A,A,A
FSAP33;ISY1,A,A,N,N,A,N,N,N,A,N,A,A,A,A,A,A,A,A,A,A,A,A,A,A,A,A,A,A,A,A,A,A
PPIL1;CYPL1;PPIase;CGI-124;hCyPX,D,D,D,D,D,D,D,D,D,N,D,D,D,D,D,D,D,D,D,D,D,D,D,D,D,D,D,D,D,D,D,D
CYP-33;CYP33;PPIE,D,D,D,D,D,D,D,D,D,N,D,D,D,D,D,D,D,D,D,D,D,D,D,D,D,D,D,D,D,D,D,D
CCDC12,N,N,N,N,N,N,N,N,N,N,N,N,N,N,N,N,N,N,N,N,N,N,N,N,N,N,N,N,N,N,N,N
fSAP47;RBM22;Cwc2;ZC3H16,B,B,B,B,B,B,B,B,B,N,B,B,B,B,B,B,B,B,B,B,B,B,B,B,B,B,B,B,B,B,B,B
AQR;IBP160;fSAP164,D,D,D,D,D,D,D,D,D,D,D,D,D,D,D,D,D,D,D,D,D,D,D,D,D,D,D,D,D,D,D,N
YDR378C;LSM6,D,D,D,D,D,D,D,D,D,D,D,D,D,D,D,D,D,D,D,D,D,D,D,D,D,D,N,D,D,D,D,D
LSM5;YER146W,C,C,N,C,N,N,C,C,C,N,N,N,C,N,N,C,C,N,N,N,C,N,N,C,N,N,N,N,C,C,C,C
LSM4;GRP;YER112W,D,D,D,D,D,D,D,D,D,D,D,D,D,D,D,D,D,D,D,D,D,N,N,D,D,D,D,D,D,N,D,D
USS2;LSM3;SMX4;YLR438C,D,D,D,D,D,D,D,D,D,N,D,D,D,D,D,D,D,D,D,N,D,D,N,D,D,N,D,D,D,D,D,D
LSM7;YNL147W,C,C,C,C,C,C,C,C,C,C,C,C,C,N,N,N,C,C,C,C,C,N,N,C,C,C,C,C,C,C,C,C
LSM8;NAA38,C,C,C,C,C,C,C,C,C,C,C,C,N,C,N,N,C,C,C,C,C,C,C,C,C,C,C,C,N,C,C,C
C6orf28;YBL026W;LSM2;snRNP;G7B,D,D,D,D,D,D,D,D,D,N,D,D,D,D,D,D,D,D,D,D,D,N,N,D,D,D,D,D,D,N,D,D
RP11;PRPF31;SNRNP61;PRP31;NY-BR-99,C,C,C,C,C,C,C,C,C,C,C,C,C,C,C,C,C,C,C,C,C,C,C,C,C,C,C,C,C,C,C,C
USA-CYP;PPIH;SnuCyp-20;CYPH;CYP-20,D,D,D,D,D,D,D,D,D,N,D,D,D,D,D,D,D,D,D,D,D,D,D,D,D,D,D,D,D,D,D,D
RP70;PRPF4;HPRP4P;HPRP4;PRP4;Prp4p;SNRNP60,D,D,D,D,D,D,D,D,D,D,D,D,D,D,D,D,D,D,D,D,D,D,D,D,D,D,D,D,D,D,D,D
PRPF3;SNRNP90;HPRP3P;Prp3p;PRP3;RP18;HPRP3,D,N,D,N,N,D,D,D,D,N,D,D,N,D,D,D,D,D,D,N,D,N,D,D,N,D,N,N,N,D,D,D
SNRNP15-5;SPAG12;SSFA1;OTK27;NHP2L1;NHPX;SNU13;15.5K;FA-1;FA1,C,C,C,C,C,N,C,C,C,C,C,C,C,C,C,C,C,C,C,C,C,C,C,C,C,C,C,C,C,C,C,C
Snu114;SNRNP116;U5-116KD;EFTUD2;Snrp116;MFDGA;MFDM,D,D,D,N,D,D,D,N,D,D,D,D,D,D,D,D,D,D,N,D,D,N,D,D,N,D,D,D,D,D,D,N
SNRNP200;U5-200KD;BRR2;RP33;HELIC2;ASCC3L1,D,D,D,D,D,D,D,D,D,D,D,D,D,D,D,D,D,D,D,D,D,D,D,D,D,D,D,D,D,D,D,D
Prp6;SNRNP102;hPrp6;PRPF6;C20orf14;TOM;ANT1;U5-102K;ANT-1;RP60,D,D,D,D,D,D,D,D,D,N,D,D,D,D,D,D,D,D,D,D,D,D,D,D,D,D,D,D,D,D,D,D
PRP8;RP13;PRPC8;PRPF8;SNRNP220;HPRP8,A,A,A,A,N,N,A,A,A,A,N,A,A,A,A,A,A,A,A,A,A,A,A,A,A,A,A,A,N,N,A,A
PRP8BP;SNRNP40;WDR57;HPRP8BP;PRPF8BP;40K;SPF38,D,D,D,D,D,D,D,D,D,D,D,D,D,D,D,D,D,D,D,D,D,D,D,D,D,D,D,D,D,D,D,D
DDX23;U5-100KD;SNRNP100;U5-100K;prp28;PRPF28,D,D,D,D,D,D,D,D,D,D,D,D,D,D,D,D,D,D,D,D,D,D,D,D,D,D,D,D,D,D,D,D
BMKS;U5-15kD;SNRNP15;DIB1;DIM1;TXNL4A;TXNL4,N,N,A,N,N,N,N,A,A,A,A,A,N,A,A,A,A,A,A,A,A,N,N,A,A,N,A,A,N,N,A,A
RY1;27K;SNRNP27,N,N,N,N,N,N,N,A,N,N,A,A,N,A,A,N,N,N,N,N,N,N,N,N,N,N,N,A,N,N,N,N
HSPC332;65K;SNRNP65;CGI-21;SAD1;USP39,B,B,B,B,B,N,N,B,B,N,B,B,B,B,B,B,B,B,B,B,B,B,B,B,B,B,B,B,B,B,B,B
Ara1;HOMS1;SART1;HAF;SNRNP110;SART1259;Snu66,N,A,N,N,N,N,A,N,A,N,A,N,N,A,A,N,N,N,N,N,N,A,A,A,N,A,N,A,N,N,A,N
ACINUS;ACIN1;ACN;fSAP152,B,B,B,N,N,N,B,N,B,N,B,N,N,N,B,B,B,N,B,B,B,B,B,B,N,B,N,N,B,N,B,N
Fal1;NMP265;RCPS;MUK34;EIF4A3;DDX48;NUK34;eIF4AIII,D,D,D,D,D,D,D,D,D,D,D,D,D,D,D,D,D,D,D,D,D,D,D,D,D,D,D,D,D,D,D,D
MDS014;RBM8;Y14;BOV-1A;ZRNP1;RBM8A;TAR;BOV-1C;ZNRP;BOV-1B;C1DELq21.1;RBM8B;DEL1q21.1,B,B,B,B,B,B,B,B,B,N,B,B,B,B,B,B,B,B,B,B,B,B,B,B,B,B,B,B,B,B,B,B
MAGOH;MAGOHA;MAGOH1,A,A,N,N,A,N,N,A,A,N,A,A,A,A,A,A,A,A,A,A,A,A,A,A,N,A,N,N,A,A,A,A
MGN2;magoh;mago;MAGOHB,A,A,N,N,A,N,N,A,A,N,A,A,A,A,A,A,A,A,A,A,A,A,A,A,N,A,N,N,A,A,A,A
THOC4;ALY/REF;BEF;REF;ALY;ALYREF,B,N,B,B,B,N,N,B,B,N,B,B,B,B,B,B,B,B,B,B,B,B,B,B,N,B,B,B,B,N,B,B
THOC2;hTREX120;MRX12;CXorf3;MRX35;dJ506G2.1;THO2,N,B,N,N,B,N,N,B,B,N,N,N,N,B,B,N,B,N,N,N,B,N,N,B,N,N,N,N,N,N,N,N
THOC3;THO3;hTREX45,D,D,D,D,D,D,D,D,D,D,D,D,D,D,D,D,D,D,D,D,D,D,D,D,D,D,D,D,D,D,D,D
P84;HPR1;THOC1;P84N5,D,D,N,N,D,N,D,N,D,N,D,D,D,D,D,N,N,N,D,D,D,N,D,N,N,D,D,D,D,D,D,N
SLU7;9G8;hSlu7,N,A,A,N,N,N,N,N,A,N,A,N,N,A,A,N,A,N,N,N,A,N,A,A,A,N,N,A,N,A,N,N
Ptg-12;Snu23;ZMAT2,N,A,N,N,N,N,N,A,A,N,A,A,N,N,A,A,A,A,N,A,N,A,A,A,N,N,N,A,N,N,N,N
NET1;PRPF38B,B,B,B,N,B,N,B,N,B,N,B,B,B,B,B,B,N,N,N,N,B,B,B,N,N,N,B,B,B,N,B,N
PRPF38A;Prp38;PRP38A,D,N,D,N,N,D,D,D,D,N,D,N,D,D,N,N,D,D,D,N,D,D,N,D,D,N,N,D,D,N,N,N
PRP18;PRPF18;hPrp18,A,A,N,N,A,N,N,N,A,N,A,N,A,N,A,N,N,N,N,A,A,N,N,A,N,N,A,N,N,A,A,N
EDG2;EDG-2;Cwc14;YCR063W;BUD31;fSAP17;G10,N,A,A,N,N,A,A,N,A,N,N,N,N,N,N,A,A,A,N,A,N,A,N,A,N,A,N,N,A,N,A,A
RNU6A;RNU6-1;U6-1;U6;RNU6,N,N,N,N,N,N,N,N,N,N,N,N,N,N,N,N,N,N,N,N,N,N,N,N,N,N,N,N,N,N,N,N
PAP-1;RP9;PAP1,N,N,N,N,N,N,N,N,N,N,N,N,N,N,N,N,N,N,N,N,N,N,N,N,N,N,N,N,N,N,N,N
