WWC1;KIBRA;HBEBP3;HBEBP36;PPP1R168;MEMRYQTL,D,D,D,D,D,D,D,D,D,N,D,D,D,D,D,D,D,D,D,D,D,D,D,D,D,D,D,D,D,D,D,D
BANF;NF2;ACN;SCH,B,B,B,B,B,B,B,B,B,N,B,B,B,B,B,B,B,B,B,B,B,B,B,B,N,B,B,B,B,B,B,B
c14_5320;EX1;Willin;FRMD6;C14orf31,B,B,B,B,B,B,B,B,B,N,B,B,B,B,B,B,B,B,B,B,B,B,B,B,N,B,B,B,B,B,B,B
FRMD1;bA164L23.1,B,B,B,B,B,B,B,B,B,N,B,B,B,B,B,B,B,B,B,B,B,B,B,B,N,B,B,B,B,B,B,B
SAV;SAV1;WW45;WWP4,D,D,D,D,D,D,D,D,D,N,D,N,D,D,D,D,D,D,D,D,D,D,D,D,N,D,D,D,D,D,D,D
KRS1;STK3;MST2,D,D,D,D,D,D,D,D,D,D,D,D,D,D,D,D,D,D,D,D,D,D,D,D,D,D,D,D,D,D,D,D
YAP;YAP65;COB1;YAP2;YKI;YAP1,D,D,D,D,D,D,D,D,D,N,D,D,D,D,D,D,D,D,D,D,D,D,D,D,N,D,D,D,D,D,D,D
WWTR1;TAZ,N,N,A,N,A,N,N,N,N,N,A,N,N,N,N,N,N,A,N,A,N,A,N,A,N,A,N,N,N,N,A,A
LATS2;KPM,D,D,D,D,D,D,D,D,D,D,D,D,D,D,D,D,D,D,D,D,D,D,D,D,D,D,D,D,D,D,D,D
wts;LATS1;WARTS,D,D,D,D,D,D,D,D,D,D,D,D,D,D,D,D,D,D,D,D,D,D,D,D,D,D,D,D,D,D,D,D
RP12;CRB1;LCA8,D,D,D,D,D,D,D,D,D,N,D,D,D,D,D,D,D,D,D,D,D,D,D,D,D,D,D,D,D,D,D,D
VMCKD;FSGS9;CRB2,D,D,D,D,D,D,N,D,D,N,D,D,D,D,D,D,D,D,D,D,D,D,D,D,D,D,D,D,D,D,D,D
CAP102;MDPT2;CTNNA1,N,N,N,N,N,N,N,N,N,N,N,N,N,N,N,N,N,N,N,N,N,N,N,N,N,N,N,N,N,N,N,N
CTNNA2;CT114;CTNR;CAPR;CAP-R,N,N,N,N,N,N,N,N,N,N,N,N,N,N,N,N,N,N,N,N,N,N,N,N,N,N,N,N,N,N,N,N
ARVD13;CTNNA3;VR22,N,N,N,N,N,N,N,N,N,N,N,N,N,N,N,N,N,N,N,N,N,N,N,N,N,N,N,N,N,N,N,N
RDA32;RASSF1A;NORE2A;RASSF1;123F2;REH3P21,N,N,N,N,N,N,N,N,N,N,N,N,N,N,N,N,N,N,N,N,N,N,N,N,N,N,N,N,N,N,N,N
NOV2;CCN2;IGFBP8;HCS24;CTGF,N,N,N,N,N,N,N,N,N,N,N,N,N,N,N,N,N,N,N,N,N,N,N,N,N,N,N,N,N,N,N,N
API4;EPR-1;BIRC5,N,N,N,N,N,N,N,N,N,N,N,N,N,N,N,N,N,N,N,N,N,N,N,N,N,N,N,N,N,N,N,N
SDGF;AREGB;AREG;AR;CRDGF,N,N,N,N,N,N,N,N,N,N,N,N,N,N,N,N,N,N,N,N,N,N,N,N,N,N,N,N,N,N,N,N
PPP1A;PP1A;PP-1A;PP1alpha;PPP1CA,D,D,D,D,D,D,D,D,D,N,D,D,D,D,D,D,D,D,D,D,D,D,D,D,D,D,D,D,D,D,D,D
PPP1CD;PPP1CB;PP1B;NSLH2;PP1beta;PP-1B;HEL-S-80p,D,D,D,D,D,D,D,D,D,N,D,D,D,D,D,D,D,D,D,D,D,D,D,D,D,D,D,D,D,D,D,D
PPP1G;PP1C;PPP1CC;PP-1G,D,D,D,D,D,D,D,D,D,N,D,D,D,D,D,D,D,D,D,D,D,D,D,D,D,D,D,D,D,D,D,D
TP53BP2;P53BP2;PPP1R13A;53BP2;BBP;ASPP2,D,D,D,D,D,D,D,D,D,N,D,D,D,D,D,D,D,D,D,D,D,D,D,D,D,D,D,D,D,D,D,D
14-3-3;HS1;1C5;YWHAQ,A,A,A,A,A,N,A,A,A,N,A,N,A,A,A,A,A,N,A,N,A,A,A,A,A,A,A,A,N,N,A,A
YWHAA;HS1;KCIP-1;HEL-S-1;GW128;YWHAB,A,A,A,A,A,N,A,A,A,N,A,N,A,A,A,A,A,N,A,N,A,A,A,A,A,A,A,A,N,N,A,A
14-3-3E;HEL2;MDS;KCIP-1;MDCR;YWHAE,A,A,A,A,A,N,A,A,A,N,A,N,A,A,A,A,A,N,A,N,A,A,A,A,A,A,A,A,N,N,A,A
YWHAG;14-3-3GAMMA;PPP1R170,A,A,A,A,A,N,A,A,A,N,A,N,A,A,A,A,A,N,A,N,A,A,A,A,A,A,A,A,N,N,A,A
YWHAH;YWHA1,A,A,A,A,A,N,A,A,A,N,A,N,A,A,A,A,A,N,A,N,A,A,A,A,A,A,A,A,N,N,A,A
HEL4;HEL-S-3;14-3-3-zeta;YWHAD;YWHAZ;KCIP-1;HEL-S-93,A,A,A,A,A,N,A,A,A,N,A,N,A,A,A,A,A,N,A,N,A,A,A,A,A,A,A,A,N,N,A,A
MATS1;MOB1A;MOBK1B;Mob4B;MOB1;C2orf6;MOBKL1B,A,A,A,A,A,N,N,N,A,N,A,A,N,A,N,N,A,N,A,N,A,A,N,A,N,A,A,A,A,A,A,N
MOB1B;MOB4A;MATS2;MOBKL1A,A,A,A,A,A,N,N,N,A,N,A,A,N,A,N,N,A,N,A,N,A,A,N,A,N,A,A,A,A,A,A,N
AMOT,D,D,D,D,D,D,D,D,D,N,D,D,D,D,D,D,D,D,D,D,D,D,D,D,D,D,D,D,D,D,D,D
PALS1;MPP5,D,D,D,D,D,D,D,D,D,N,D,D,D,D,D,D,D,D,D,D,D,D,D,D,D,D,D,D,D,D,D,D
InaD-like;PATJ;Cipp;INADL;hINADL,D,D,D,D,D,D,D,D,D,N,D,N,N,D,D,D,D,D,D,D,D,D,D,D,N,D,D,D,D,D,D,D
UVO;ECAD;CDH1;LCAM;Arc-1;CD324;CDHE,D,D,D,D,N,N,N,D,N,N,N,D,D,N,D,D,D,N,D,N,D,D,D,D,D,D,D,D,D,D,D,D
LLGL2;Hugl-2;HGL;LGL2,C,N,C,N,N,N,N,N,N,N,C,N,C,C,N,N,N,N,N,N,N,N,C,N,N,C,N,C,N,N,C,N
HUGL1;Mgl1;LLGL;LLGL1;HUGL-1;Lgl1;HUGL;DLG4,C,N,C,N,N,N,N,N,N,N,C,N,C,C,N,N,N,N,N,N,N,N,C,N,N,C,N,C,N,N,C,N
SCRB1;CRIB1;Vartul;SCRIB1;SCRIB,D,D,D,D,D,D,D,D,D,N,D,D,D,D,D,D,D,D,D,D,D,D,D,D,D,D,D,D,D,D,D,D
hdlg;dJ1061C18.1.1;SAP-97;DLG1;DLGH1;SAP97,D,D,D,D,D,D,D,D,D,N,D,D,D,D,D,D,D,D,D,D,D,D,D,D,D,D,D,D,D,D,D,D
DLG2;chapsyn-110;PSD-93;PPP1R58;PSD93,D,D,D,D,D,D,D,D,D,N,D,D,D,D,D,D,D,D,D,D,D,D,D,D,D,D,D,D,D,D,D,D
SAP102;MRX;XLMR;PPP1R82;MRX90;NEDLG;DLG3,D,D,D,D,D,D,D,D,D,N,D,D,D,D,D,D,D,D,D,D,D,D,D,D,D,D,D,D,D,D,D,D
SAP-90;SAP90;PSD95;DLG4,D,D,D,D,D,D,D,D,D,N,D,D,D,D,D,D,D,D,D,D,D,D,D,D,D,D,D,D,D,D,D,D
TCF13;NTEF-1;TEAD1;AA;TEAD-1;TEF-1;TCF-13;REF1,N,N,N,N,N,N,N,N,N,N,N,N,N,N,N,N,N,N,N,N,N,N,N,N,N,N,N,N,N,N,N,N
TCF13L1;TEF-3;TEAD4;EFTR-2;TEF3;hRTEF-1B;RTEF1;TEFR-1,N,N,N,N,N,N,N,N,N,N,N,N,N,N,N,N,N,N,N,N,N,N,N,N,N,N,N,N,N,N,N,N
TEAD3;TEF5;TEAD5;DTEF-1;TEF-5;ETFR-1;TEAD-3,N,N,N,N,N,N,N,N,N,N,N,N,N,N,N,N,N,N,N,N,N,N,N,N,N,N,N,N,N,N,N,N
TEAD-2;TEF4;TEF-4;TEAD2;ETF,N,N,N,N,N,N,N,N,N,N,N,N,N,N,N,N,N,N,N,N,N,N,N,N,N,N,N,N,N,N,N,N
WTIP,A,A,A,N,N,N,N,N,A,N,A,A,N,A,A,N,N,N,A,N,A,A,A,A,A,A,A,A,A,A,A,A
JUB;AJUBA,A,A,A,N,N,N,N,N,A,N,A,A,N,A,A,N,N,N,A,N,A,A,A,A,A,A,A,A,A,A,A,A
LIMD1,A,A,A,N,N,N,N,N,A,N,A,A,N,A,A,N,N,N,A,N,A,A,A,A,A,A,A,A,A,A,A,A
PS1TP5BP1;BRWS1;ACTB,D,D,D,D,D,D,D,D,D,D,D,D,D,D,D,D,D,D,D,D,D,D,D,D,D,D,D,D,D,D,D,D
ACTG1;ACT;DFNA26;HEL-176;ACTG;DFNA20,D,D,D,D,D,D,D,D,D,D,D,D,D,D,D,D,D,D,D,D,D,D,D,D,D,D,D,D,D,D,D,D
PARD3A;PARD3;SE2-5L16;PPP1R118;ASIP;PAR3alpha;Baz;SE2-5T2;SE2-5LT1;PAR3;PARD-3,D,D,D,D,D,D,D,D,D,N,D,N,N,D,D,D,D,D,D,D,D,D,D,D,N,D,D,D,D,D,D,D
PAR6C;PAR6;PAR-6A;TIP-40;PARD6A;PAR6alpha;TAX40,D,D,D,D,D,D,D,D,D,N,D,N,N,D,D,D,D,D,D,D,D,D,D,D,D,D,D,D,D,D,D,D
PAR6gamma;PARD6G;PAR-6G,D,D,D,D,D,D,D,D,D,N,D,N,N,D,D,D,D,D,D,D,D,D,D,D,D,D,D,D,D,D,D,D
PARD6B;PAR6B,D,D,D,D,D,D,D,D,D,N,D,N,N,D,D,D,D,D,D,D,D,D,D,D,D,D,D,D,D,D,D,D
PKCI;DXS1179E;PRKCI;nPKC-iota,D,D,D,D,D,D,D,D,D,D,D,D,D,D,D,D,D,D,D,D,D,D,D,D,D,D,D,D,D,D,D,D
PKC-ZETA;PRKCZ;PKC2,D,D,D,D,D,D,D,D,D,D,D,D,D,D,D,D,D,D,D,D,D,D,D,D,D,D,D,D,D,D,D,D
P73;TP73,N,N,N,N,N,N,N,N,N,N,N,N,N,N,N,N,N,N,N,N,N,N,N,N,N,N,N,N,N,N,N,N
MADH2;MADR2;hMAD-2;JV18-1;SMAD2;JV18;hSMAD2,N,N,N,N,N,N,N,N,N,N,N,N,N,N,N,N,N,N,N,N,N,N,N,N,N,N,N,N,N,N,N,N
MADH3;HSPC193;SMAD3;LDS1C;LDS3;JV15-2;HsT17436,N,N,N,N,N,N,N,N,N,N,N,N,N,N,N,N,N,N,N,N,N,N,N,N,N,N,N,N,N,N,N,N
61,D,D,D,D,D,D,D,D,D,D,D,D,D,D,D,D,D,D,D,D,D,D,D,D,D,D,D,D,D,D,D,D
FASPS2;CKIdelta;ASPS;CSNK1D;HCKID,D,D,D,D,D,D,D,D,D,D,D,D,D,D,D,D,D,D,D,D,D,D,D,D,D,D,D,D,D,D,D,D
CSNK1E;HCKIE;CKIepsilon,D,D,D,D,D,D,D,D,D,D,D,D,D,D,D,D,D,D,D,D,D,D,D,D,D,D,D,D,D,D,D,D
BTRCP2;Hos;FBW1B;BTRC2;FBXW1B;FBXW11;Fbw11,D,D,D,D,D,D,D,D,D,D,D,D,D,D,D,D,D,D,D,D,D,D,D,D,D,D,D,D,D,D,D,D
FBW1A;bTrCP;bTrCP1;FBXW1;BETA-TRCP;betaTrCP;FBXW1A;FWD1;BTRC,D,D,D,D,D,D,D,D,D,D,D,D,D,D,D,D,D,D,D,D,D,D,D,D,D,D,D,D,D,D,D,D
CD18;MFI7;MAC-1;LAD;ITGB2;LFA-1;LCAMB;MF17,D,D,D,D,D,D,N,D,D,N,D,D,D,D,D,D,D,D,D,D,D,D,D,D,D,D,D,N,N,D,D,D
TGFB;TGFbeta;LAP;CED;DPD1;TGFB1,D,D,D,D,D,D,D,D,D,N,D,D,D,D,D,D,D,D,D,D,D,D,D,D,D,D,D,D,D,D,D,D
TGF-beta2;TGFB2;LDS4;G-TSF,D,D,D,D,D,D,D,D,D,N,D,D,D,D,D,D,D,D,D,D,D,D,D,D,D,D,D,D,D,D,D,D
ARVD1;TGF-beta3;ARVD;RNHF;LDS5;TGFB3,D,D,D,D,D,D,D,D,D,N,D,D,D,D,D,D,D,D,D,D,D,D,D,D,D,D,D,D,D,D,D,D
LDS1;SKR4;ACVRLK4;AAT5;MSSE;LDS1A;ESS1;ALK-5;LDS2A;TGFR-1;ALK5;TGFBR1;tbetaR-I,D,D,D,D,D,D,D,D,D,D,D,D,D,D,D,D,D,D,D,D,D,D,D,D,D,D,D,D,D,D,D,D
MFS2;TGFBR2;LDS2;TGFbeta-RII;TAAD2;LDS2B;FAA3;AAT3;RIIC;TGFR-2;LDS1B,D,D,D,D,D,D,D,D,D,D,D,D,D,D,D,D,D,D,D,D,D,D,D,D,D,D,D,D,D,D,D,D
MYHRS;SMAD4;DPC4;MADH4;JIP,N,N,N,N,N,N,N,N,N,N,N,N,N,N,N,N,N,N,N,N,N,N,N,N,N,N,N,N,N,N,N,N
SMAD7;CRCS3;MADH8;MADH7,N,N,N,N,N,N,N,N,N,N,N,N,N,N,N,N,N,N,N,N,N,N,N,N,N,N,N,N,N,N,N,N
PAI1;SERPINE1;PAI-1;PLANH1;PAI,N,N,B,B,N,N,N,N,B,N,N,N,N,N,B,N,B,N,N,N,N,N,B,N,N,B,N,N,N,N,B,N
WNT16,N,N,N,N,N,N,N,N,N,N,N,N,N,N,N,N,N,N,N,N,N,N,N,N,N,N,N,N,N,N,N,N
WNT4;SERKAL;WNT-4,N,N,N,N,N,N,N,N,N,N,N,N,N,N,N,N,N,N,N,N,N,N,N,N,N,N,N,N,N,N,N,N
OI15;BMND16;WNT1;INT1,N,N,N,N,N,N,N,N,N,N,N,N,N,N,N,N,N,N,N,N,N,N,N,N,N,N,N,N,N,N,N,N
IRP;INT1L1;WNT2,N,N,N,N,N,N,N,N,N,N,N,N,N,N,N,N,N,N,N,N,N,N,N,N,N,N,N,N,N,N,N,N
WNT3;INT4;TETAMS,N,N,N,N,N,N,N,N,N,N,N,N,N,N,N,N,N,N,N,N,N,N,N,N,N,N,N,N,N,N,N,N
hWNT5A;WNT5A,N,N,N,N,N,N,N,N,N,N,N,N,N,N,N,N,N,N,N,N,N,N,N,N,N,N,N,N,N,N,N,N
WNT6,N,N,N,N,N,N,N,N,N,N,N,N,N,N,N,N,N,N,N,N,N,N,N,N,N,N,N,N,N,N,N,N
WNT7A,N,N,N,N,N,N,N,N,N,N,N,N,N,N,N,N,N,N,N,N,N,N,N,N,N,N,N,N,N,N,N,N
WNT7B,N,N,N,N,N,N,N,N,N,N,N,N,N,N,N,N,N,N,N,N,N,N,N,N,N,N,N,N,N,N,N,N
WNT8D;WNT8A,N,N,N,N,N,N,N,N,N,N,N,N,N,N,N,N,N,N,N,N,N,N,N,N,N,N,N,N,N,N,N,N
WNT8B,N,N,N,N,N,N,N,N,N,N,N,N,N,N,N,N,N,N,N,N,N,N,N,N,N,N,N,N,N,N,N,N
STHAG8;SHFM6;WNT10B;WNT-12,N,N,N,N,N,N,N,N,N,N,N,N,N,N,N,N,N,N,N,N,N,N,N,N,N,N,N,N,N,N,N,N
HWNT11;WNT11,N,N,N,N,N,N,N,N,N,N,N,N,N,N,N,N,N,N,N,N,N,N,N,N,N,N,N,N,N,N,N,N
WNT13;WNT2B,N,N,N,N,N,N,N,N,N,N,N,N,N,N,N,N,N,N,N,N,N,N,N,N,N,N,N,N,N,N,N,N
WNT14;WNT9A,N,N,N,N,N,N,N,N,N,N,N,N,N,N,N,N,N,N,N,N,N,N,N,N,N,N,N,N,N,N,N,N
WNT15;WNT14B;WNT9B,N,N,N,N,N,N,N,N,N,N,N,N,N,N,N,N,N,N,N,N,N,N,N,N,N,N,N,N,N,N,N,N
WNT10A;OODD;STHAG4;SSPS,N,N,N,N,N,N,N,N,N,N,N,N,N,N,N,N,N,N,N,N,N,N,N,N,N,N,N,N,N,N,N,N
WNT5B,N,N,N,N,N,N,N,N,N,N,N,N,N,N,N,N,N,N,N,N,N,N,N,N,N,N,N,N,N,N,N,N
WNT3A,N,N,N,N,N,N,N,N,N,N,N,N,N,N,N,N,N,N,N,N,N,N,N,N,N,N,N,N,N,N,N,N
hFz10;FzE7;FZD10;FZ-10;Fz10;CD350,D,D,D,N,N,N,N,D,D,N,N,N,N,N,D,D,D,N,N,D,D,D,N,D,N,D,D,D,N,N,D,D
hFz2;fzE2;FZD2;fz-2;Fz2,D,D,D,N,N,N,N,D,D,N,N,N,N,N,D,D,D,N,N,D,D,D,N,D,N,D,D,D,N,N,D,D
FZD5;C2orf31;HFZ5,D,D,D,N,N,N,N,D,D,N,N,N,N,N,D,D,D,N,N,D,D,D,N,D,N,D,D,D,N,N,D,D
Fz-3;FZD3,D,D,D,N,N,N,N,D,D,N,N,N,N,N,D,D,D,N,N,D,D,D,N,D,N,D,D,D,N,N,D,D
FZD1,D,D,D,N,N,N,N,D,D,N,N,N,N,N,D,D,D,N,N,D,D,D,N,D,N,D,D,D,N,N,D,D
GPCR;FEVR;FzE4;Fz-4;FZD4;FZD4S;hFz4;CD344;EVR1;Fz4,D,D,D,N,N,N,N,D,D,N,N,N,N,N,D,D,D,N,N,D,D,D,N,D,N,D,D,D,N,N,D,D
FZD6;NDNC10;FZ-6;HFZ6;FZ6,D,D,D,N,N,N,N,D,D,N,N,N,N,N,D,D,D,N,N,D,D,D,N,D,N,D,D,D,N,N,D,D
FzE3;FZD7,D,D,D,N,N,N,N,D,D,N,N,N,N,N,D,D,D,N,N,D,D,D,N,D,N,D,D,D,N,N,D,D
FZD8;FZ-8;hFZ8,D,D,D,N,N,N,N,D,D,N,N,N,N,N,D,D,D,N,N,D,D,D,N,D,N,D,D,D,N,N,D,D
CD349;FZD3;FZD9,D,D,D,N,N,N,N,D,D,N,N,N,N,N,D,D,D,N,N,D,D,D,N,D,N,D,D,D,N,N,D,D
DVL1P1;DVL1L1;DRS2;DVL;DVL1,B,B,B,N,N,N,B,B,N,N,B,N,N,N,N,B,B,B,N,N,B,B,N,N,N,B,N,N,N,B,B,B
DVL2,B,B,B,N,N,N,B,B,N,N,B,N,B,B,B,B,B,B,N,N,B,B,B,N,N,B,N,N,N,B,B,B
DRS3;DVL3,B,B,B,N,N,N,B,B,N,N,B,N,B,B,B,B,B,B,N,N,B,B,B,N,N,B,N,N,N,B,B,B
GSK3B,D,D,D,D,D,D,D,D,D,D,D,D,D,D,D,D,D,D,D,D,D,D,D,D,D,D,D,D,D,D,D,D
CTNNB1;CTNNB;EVR7;armadillo;MRD19,D,D,D,D,D,D,D,D,D,N,D,D,D,D,D,D,D,D,D,D,D,D,D,D,D,D,D,D,D,D,D,D
APC2;APCL,A,N,A,N,N,N,N,A,A,N,A,N,A,N,N,N,N,N,N,N,A,A,N,A,N,N,A,N,N,A,A,A
DP3;PPP1R46;GS;BTPS2;DP2.5;DP2;APC,A,A,A,N,A,A,N,A,A,N,A,A,A,A,A,A,A,A,A,A,A,A,A,A,A,A,A,A,A,A,A,A
AXIN;AXIN1;PPP1R49,N,N,N,N,N,N,B,N,N,N,B,N,N,N,N,N,N,B,N,N,B,B,N,N,N,B,N,N,N,B,B,B
AXIN2;AXIL;ODCRCS,N,N,N,N,N,N,B,N,N,N,B,N,N,N,N,N,N,B,N,N,B,B,N,N,N,B,N,N,N,B,B,B
LEF-1;TCF7L3;LEF1;TCF1ALPHA;TCF10,A,A,A,N,N,N,N,A,A,N,A,A,A,A,A,A,A,A,A,A,A,A,A,A,A,A,A,A,A,A,A,A
TCF-1;TCF7,A,A,A,N,N,N,N,A,A,N,A,A,A,A,A,A,A,A,A,A,A,A,A,A,A,A,A,A,A,A,A,A
TCF4;TCF7L2;TCF-4,A,A,A,N,N,N,N,A,A,N,A,A,A,A,A,A,A,A,A,A,A,A,A,A,A,A,A,A,A,A,A,A
TCF7L1;TCF-3;TCF3,A,A,A,N,N,N,N,A,A,N,A,A,A,A,A,A,A,A,A,A,A,A,A,A,A,A,A,A,A,A,A,A
Naked1;NKD1,N,N,N,N,N,N,N,N,N,N,N,N,N,N,N,N,N,N,N,N,N,N,N,N,N,N,N,N,N,N,N,N
MRTL;MYC;bHLHe39;MYCC;c-Myc,N,N,N,N,N,N,N,N,N,N,N,N,N,N,N,N,N,N,N,N,N,N,N,N,N,N,N,N,N,N,N,N
D11S287E;PRAD1;BCL1;CCND1;U21B31,A,A,A,A,A,A,N,A,A,N,A,A,A,A,A,A,A,A,N,A,A,A,A,A,A,A,A,A,A,A,A,A
MPPH3;KIAK0002;CCND2,A,A,A,A,A,A,N,A,A,N,A,A,A,A,A,A,A,A,N,A,A,A,A,A,A,A,A,A,A,A,A,A
CCND3,A,A,A,A,A,A,N,A,A,N,A,A,A,A,A,A,A,A,N,A,A,A,A,A,A,A,A,A,A,A,A,A
MCOPS3;ANOP3;SOX2,A,A,A,N,N,N,N,A,A,N,A,A,A,A,A,A,A,A,A,A,A,A,A,A,A,A,A,A,A,A,A,A
SLUGH;SLUG;WS2D;SNAIL2;SLUGH1;SNAI2,D,D,D,D,D,D,D,D,D,N,D,D,D,D,D,D,N,N,D,D,D,D,D,D,D,D,D,D,D,D,D,D
API1;MIHB;RNF48;BIRC2;c-IAP1;cIAP1;HIAP2;Hiap-2,D,D,D,D,D,N,D,D,D,N,D,D,D,D,D,D,D,D,D,D,D,D,D,D,N,D,N,N,N,D,D,D
GDF7;BMP12,N,N,N,N,N,N,N,N,N,N,N,N,N,N,N,N,N,N,N,N,N,N,N,N,N,N,N,N,N,N,N,N
MIS;MIF;AMH,N,N,N,N,N,N,N,N,N,N,N,N,N,N,N,N,N,N,N,N,N,N,N,N,N,N,N,N,N,N,N,N
BMP8A,N,N,N,N,N,N,N,N,N,N,N,N,N,N,N,N,N,N,N,N,N,N,N,N,N,N,N,N,N,N,N,N
GDF6;KFS;BMP-13;KFM;KFS1;BMP13;CDMP2;KFSL;SGM1,N,N,N,N,N,N,N,N,N,N,N,N,N,N,N,N,N,N,N,N,N,N,N,N,N,N,N,N,N,N,N,N
BMP2A;BDA2;BMP2,N,N,N,N,N,N,N,N,N,N,N,N,N,N,N,N,N,N,N,N,N,N,N,N,N,N,N,N,N,N,N,N
OFC11;BMP2B1;BMP4;BMP2B;MCOPS6;ZYME,N,N,N,N,N,N,N,N,N,N,N,N,N,N,N,N,N,N,N,N,N,N,N,N,N,N,N,N,N,N,N,N
BMP5,N,N,N,N,N,N,N,N,N,N,N,N,N,N,N,N,N,N,N,N,N,N,N,N,N,N,N,N,N,N,N,N
VGR;VGR1;BMP6,D,D,D,D,D,D,D,D,D,N,D,D,D,D,D,D,D,D,D,D,D,D,D,D,D,D,D,D,D,D,D,D
BMP7;OP-1,D,D,D,D,D,D,D,D,D,N,D,D,D,D,D,D,D,D,D,D,D,D,D,D,D,D,D,D,D,D,D,D
OP2;BMP8;BMP8B,N,N,N,N,N,N,N,N,N,N,N,N,N,N,N,N,N,N,N,N,N,N,N,N,N,N,N,N,N,N,N,N
LAP-4;LAP4;OS5;BDA1C;GDF5;SYM1B;BMP14;BMP-14;SYNS2;CDMP1,N,N,N,N,N,N,N,N,N,N,N,N,N,N,N,N,N,N,N,N,N,N,N,N,N,N,N,N,N,N,N,N
10q23del;CD292;ALK3;BMPR1A;ACVRLK3;SKR5,D,D,D,D,D,D,D,D,D,D,D,D,D,D,D,D,D,D,D,D,D,D,D,D,D,D,D,D,D,D,D,D
ALK-6;CDw293;BMPR1B;ALK6;AMDD;BDA2;BDA1D,D,D,D,D,D,D,D,D,D,D,D,D,D,D,D,D,D,D,D,D,D,D,D,D,D,D,D,D,D,D,D,D
BMPR2;BMPR3;BMR2;BRK-3;T-ALK;BMPR-II;PPH1;POVD1,D,D,D,D,D,D,D,D,D,D,D,D,D,D,D,D,D,D,D,D,D,D,D,D,D,D,D,D,D,D,D,D
SMAD1;JV4-1;BSP1;MADH1;MADR1;JV41;BSP-1,N,N,N,N,N,N,N,N,N,N,N,N,N,N,N,N,N,N,N,N,N,N,N,N,N,N,N,N,N,N,N,N
bHLHb24;ID;ID1,N,N,N,N,N,N,N,N,N,N,N,N,N,N,N,N,N,N,N,N,N,N,N,N,N,N,N,N,N,N,N,N
bHLHb26;ID2A;ID2;GIG8;ID2H,N,N,N,N,N,N,N,N,N,N,N,N,N,N,N,N,N,N,N,N,N,N,N,N,N,N,N,N,N,N,N,N
JFY1;JFY-1;PUMA;BBC3,N,N,N,N,N,N,N,N,N,N,N,N,N,N,N,N,N,N,N,N,N,N,N,N,N,N,N,N,N,N,N,N
PPP2CA;RP-C;PP2Calpha;PP2Ac;PP2CA,D,D,D,D,D,D,D,D,D,N,D,D,D,D,D,D,D,D,D,D,D,D,D,D,D,D,D,D,D,D,D,D
PPP2CB;PP2CB;PP2Abeta,D,D,D,D,D,D,D,D,D,N,D,D,D,D,D,D,D,D,D,D,D,D,D,D,D,D,D,D,D,D,D,D
PR65A;PP2A-Aalpha;MRD36;PP2AA;PP2AAALPHA;PPP2R1A,N,N,A,A,A,A,A,N,A,N,A,N,A,N,N,N,A,N,N,A,A,A,N,N,N,A,A,A,N,N,A,N
PPP2R1B;PR65B;PP2A-Abeta,N,N,A,A,A,A,A,N,A,N,A,N,A,N,N,N,A,N,N,A,A,A,N,N,N,A,A,A,N,N,A,N
B55ALPHA;PR55A;PR52A;PPP2R2A;PR55alpha;B55A,D,D,D,D,D,D,D,D,D,D,D,D,D,D,D,D,D,D,D,D,D,D,D,D,D,D,D,D,D,D,D,D
PR2AB55BETA;PP2ABBETA;PP2APR55BETA;PR2ABBETA;PR55BETA;PP2AB55BETA;PR55-BETA;PP2APR55B;B55BETA;PPP2R2B;SCA12;PR52B;PR2APR55BETA,D,D,D,D,D,D,D,D,D,D,D,D,D,D,D,D,D,D,D,D,D,D,D,D,D,D,D,D,D,D,D,D
IMYPNO1;PR52;PR55G;IMYPNO;B55gamma;B55-GAMMA;PPP2R2C,D,D,D,D,D,D,D,D,D,D,D,D,D,D,D,D,D,D,D,D,D,D,D,D,D,D,D,D,D,D,D,D
B55D;B55delta;PPP2R2D;MDS026,D,D,D,D,D,D,D,D,D,D,D,D,D,D,D,D,D,D,D,D,D,D,D,D,D,D,D,D,D,D,D,D
RASSF6,N,N,N,N,N,N,N,N,N,N,N,N,N,N,N,N,N,N,N,N,N,N,N,N,N,N,N,N,N,N,N,N
THP2;THP1;HPE9;CJS;PHS2;GLI2,D,D,D,D,D,D,D,D,D,N,D,D,D,D,D,D,N,N,D,D,D,D,D,D,D,D,D,D,D,D,D,D
AFP;HPAFP;FETA;AFPD,N,N,N,N,N,N,N,N,N,N,N,N,N,N,N,N,N,N,N,N,N,N,N,N,N,N,N,N,N,N,N,N
FGFA;ECGF-beta;ECGF;HBGF1;ECGFA;FGF1;GLIO703;HBGF-1;FGF-alpha;AFGF;FGF-1;ECGFB,N,N,N,N,N,N,N,N,N,N,N,N,N,N,N,N,N,N,N,N,N,N,N,N,N,N,N,N,N,N,N,N
