APN;PEPN;LAP1;GP150;ANPEP;P150;CD13,D,D,D,N,D,D,N,D,D,N,D,N,D,D,D,D,N,D,N,N,D,N,D,D,N,N,D,D,N,N,D,D
GGT6,N,N,N,N,N,B,N,N,N,N,B,B,N,N,N,N,N,N,N,N,N,N,N,B,N,N,N,B,N,N,B,N
GGT_1;D22S732;D22S672;GGT;GTG;GGT1;CD224,N,N,N,N,N,D,D,N,N,N,D,D,N,D,N,N,N,N,N,N,N,D,N,D,N,N,N,D,N,N,D,N
GGT4;GGTL3;GGT7;D20S101;GGTL5,N,N,N,N,N,D,D,N,N,N,D,D,N,D,N,N,N,N,N,N,N,D,N,D,N,N,N,D,N,N,D,N
GGL;GGT5;GGT_5;GGT-REL;GGTLA1,N,N,N,N,N,D,D,N,N,N,D,D,N,D,N,N,N,N,N,N,N,D,N,D,N,N,N,D,N,N,D,N
dJ1186N24;dJ1186N24.1;GSHPx-6;GPXP3;GPX5p;GPX6;GPx-6,B,N,B,N,B,N,N,B,N,N,B,B,B,B,B,N,N,N,N,N,N,B,B,N,N,B,N,N,N,N,B,B
GPXD;GSHPX1;GPX1,B,N,B,N,B,N,N,B,N,N,B,B,B,B,B,N,N,N,N,N,N,B,B,N,N,B,N,N,N,N,B,B
GPx-2;GSHPx-2;GSHPX-GI;GI-GPx;GPX2;GPRP;GPRP-2;GPx-GI,B,N,B,N,B,N,N,B,N,N,B,B,B,B,B,N,N,N,N,N,N,B,B,N,N,B,N,N,N,N,B,B
GSHPx-3;GSHPx-P;GPx-P;GPX3,B,N,B,N,B,N,N,B,N,N,B,B,B,B,B,N,N,N,N,N,N,B,B,N,N,B,N,N,N,N,B,B
GPX5;HEL-S-75p,B,N,B,N,B,N,N,B,N,N,B,B,B,B,B,N,N,N,N,N,N,B,B,N,N,B,N,N,N,N,B,B
NPGPx;GPx-7;GSHPx-7;GPX7;CL683;GPX6,B,N,B,N,B,N,N,B,N,N,B,B,B,B,B,N,N,N,N,N,N,B,B,N,N,B,N,N,N,N,B,B
GPx-8;GSHPx-8;UNQ847;EPLA847;GPX8,B,N,B,N,B,N,N,B,N,N,B,B,B,B,B,N,N,N,N,N,N,B,B,N,N,B,N,N,N,N,B,B
GSHPx-4;GPx-4;GPX4;SMDS;snPHGPx;snGPx;PHGPx;MCSP,B,N,B,N,B,N,N,B,N,N,B,B,B,B,B,N,N,N,N,N,N,B,B,N,N,B,N,N,N,N,B,B
ERP18;AGR1;TXNDC12;ERP16;PDIA16;ERP19;AG1;hAG-1;hTLP19;TLP19,A,N,N,A,N,N,N,N,N,N,N,N,N,A,N,N,N,N,N,N,A,N,N,A,N,N,N,N,N,N,N,N
G6PD;G6PD1,B,B,B,B,B,B,B,B,B,N,B,B,B,B,B,B,B,B,B,B,B,B,B,B,B,B,B,B,B,N,B,B
IDPC;IDH;IDP;IDCD;HEL-S-26;HEL-216;PICD;IDH1,A,N,N,N,N,N,N,N,A,N,N,N,N,N,N,A,A,N,N,N,N,N,A,N,N,N,N,N,N,N,A,N
D2HGA2;mNADP-IDH;IDH;ICD-M;IDP;IDHM;IDPM;IDH2,A,N,N,N,N,N,N,N,A,N,N,N,N,N,N,A,A,N,N,N,N,N,A,N,N,N,N,N,N,N,A,N
GSS;HEL-S-64p;GSHS;HEL-S-88n,B,B,B,N,N,B,N,N,N,N,B,B,N,B,N,B,B,B,B,B,B,B,N,B,B,B,B,N,N,B,B,B
GLCL;GCS;GCLC;GCL;GLCLC,A,A,N,N,N,A,A,N,N,N,A,A,A,A,A,A,A,A,N,A,A,N,N,N,A,A,A,N,A,N,A,N
GLCLR;GCLM,A,N,A,N,N,N,N,A,N,N,N,A,N,N,N,N,N,N,N,N,N,N,A,N,N,A,N,N,N,A,A,N
5-Opase;OPLA;OPLAH;OPLAHD,N,N,N,N,N,N,N,N,N,N,N,N,N,N,N,N,N,N,N,N,N,N,N,N,N,N,N,N,N,N,N,N
GCTG;GGCT;CRF21;GGC;C7orf24,C,N,N,N,N,C,C,N,N,N,C,N,C,N,N,N,C,N,N,N,N,N,N,C,N,C,N,N,N,N,C,N
CML2;Hcml2;NAT8BP;NAT8B,N,B,N,N,N,N,N,N,B,N,N,N,N,B,N,N,N,N,N,N,N,N,N,B,N,N,N,N,N,N,N,N
ATase2;TSC510;TSC501;Hcml1;CML1;GLA;CCNAT;NAT8,N,B,N,N,N,N,N,N,B,N,N,N,N,B,N,N,N,N,N,N,N,N,N,B,N,N,N,N,N,N,N,N
GSTO2;GSTO_2-2;bA127L20.1,N,N,B,N,N,N,B,B,B,N,B,N,N,B,B,N,B,N,N,B,N,B,N,N,N,B,N,B,N,N,B,B
GSTA5,A,N,A,N,N,N,A,N,N,N,A,A,A,A,A,N,N,A,A,N,A,N,N,N,N,A,N,N,N,N,A,A
PGD2;GSTS1-1;GSTS;GSTS1;HPGDS;PGDS,A,N,A,N,N,N,A,N,N,N,A,A,A,A,A,N,N,A,A,N,A,N,N,N,N,A,N,N,N,N,A,A
GSTA1;GST-epsilon;GSTA1-1;GST2;GTH1,A,N,A,N,N,N,A,N,N,N,A,A,A,A,A,N,N,A,A,N,A,N,N,N,N,A,N,N,N,N,A,A
GSTA2;GTH2;GSTA2-2;GTA2;GST2,A,N,A,N,N,N,A,N,N,N,A,A,A,A,A,N,N,A,A,N,A,N,N,N,N,A,N,N,N,N,A,A
GSTA3;GTA3;GSTA3-3,A,N,A,N,N,N,A,N,N,N,A,A,A,A,A,N,N,A,A,N,A,N,N,N,N,A,N,N,N,N,A,A
GSTA4-4;GSTA4;GTA4,A,N,A,N,N,N,A,N,N,N,A,A,A,A,A,N,N,A,A,N,A,N,N,N,N,A,N,N,N,N,A,A
GTM1;MU-1;GST1;GSTM1-1;GSTM1b-1b;H-B;MU;GSTM1a-1a;GSTM1;GTH4,A,N,A,N,N,N,A,N,N,N,A,A,A,A,A,N,N,A,A,N,A,N,N,N,N,A,N,N,N,N,A,A
GSTM2;GSTM2-2;GTHMUS;GST4;GSTM,A,N,A,N,N,N,A,N,N,N,A,A,A,A,A,N,N,A,A,N,A,N,N,N,N,A,N,N,N,N,A,A
GSTM3;GSTB;GST5;GSTM3-3;GTM3,A,N,A,N,N,N,A,N,N,N,A,A,A,A,A,N,N,A,A,N,A,N,N,N,N,A,N,N,N,N,A,A
GTM4;GSTM4;GSTM4-4,A,N,A,N,N,N,A,N,N,N,A,A,A,A,A,N,N,A,A,N,A,N,N,N,N,A,N,N,N,N,A,A
GTM5;GSTM5;GSTM5-5,A,N,A,N,N,N,A,N,N,N,A,A,A,A,A,N,N,A,A,N,A,N,N,N,N,A,N,N,N,N,A,A
PI;GST3;FAEES3;GSTP;DFN7;GSTP1;HEL-S-22,A,N,A,N,N,N,A,N,N,N,A,A,A,A,A,N,N,A,A,N,A,N,N,N,N,A,N,N,N,N,A,A
GSTT1,N,B,N,N,B,N,N,N,B,N,B,B,B,B,N,N,N,N,B,N,B,N,N,N,N,B,N,B,N,N,B,B
GSTT2,N,B,N,N,N,N,N,N,B,N,B,N,N,B,N,N,N,N,B,N,B,N,N,N,N,N,N,B,N,N,B,B
GST13;hGSTK1;GST_13-13;GST13-13;GSTK1;GST;GSTK1-1,N,N,N,N,N,N,N,N,N,N,N,N,N,N,N,N,N,N,N,N,N,N,N,N,N,N,N,N,N,N,N,N
MGST;GST12;MGST-I;MGST1,N,N,N,N,N,N,N,N,N,N,N,N,N,N,N,N,N,N,N,N,N,N,N,N,N,N,N,N,N,N,N,N
MGST2;GST2;MGST-II,A,N,N,N,N,A,N,N,N,N,N,N,N,N,A,N,N,N,N,N,N,N,N,N,N,N,N,A,N,N,A,A
GST-III;MGST3,A,N,A,N,N,A,A,N,A,N,A,N,A,A,A,N,N,A,A,N,A,N,N,N,N,N,N,A,N,N,A,A
GSTT2B;GSTT2P,N,B,N,N,N,N,N,N,B,N,B,N,N,B,N,N,N,N,B,N,B,N,N,N,N,N,N,B,N,N,B,B
P28;HEL-S-21;GSTO_1-1;GSTTLp28;SPG-R;GSTO1,N,N,B,N,B,N,B,B,B,N,B,B,B,B,B,N,B,N,N,B,N,B,N,N,N,B,N,B,N,N,B,B
HEL-75;HEL-S-122m;GSR,B,N,N,N,N,N,N,N,N,N,B,N,N,B,N,N,N,N,N,N,N,B,N,N,B,N,N,N,N,N,N,N
6PGD;PGD,D,N,D,N,N,D,D,N,D,N,N,N,D,N,D,N,N,N,D,D,N,N,N,N,D,N,D,N,D,N,D,N
ODC1;ODC,N,N,N,N,N,N,N,N,N,N,N,N,N,N,N,N,N,N,N,N,N,N,N,N,N,N,N,N,N,N,N,N
PAPT;SRM;SPS1;SPDSY;SRML1,D,N,D,N,N,N,N,D,D,N,D,D,N,N,N,N,N,D,N,D,N,N,N,N,D,D,D,N,N,N,D,N
SMS;MRSR;SPMSY;SRS;SpS,D,N,D,N,N,N,N,D,D,N,D,D,N,N,N,N,N,D,N,D,N,N,N,N,D,D,D,N,N,N,D,N
P53R2;RRM2B;MTDPS8A;MTDPS8B,N,N,A,N,N,A,N,N,N,N,N,N,N,N,N,N,A,N,N,A,A,N,N,N,A,N,N,A,N,N,A,N
RR1;RRM1;R1;RIR1,D,N,D,N,N,D,D,D,D,N,D,N,D,D,N,D,D,D,D,D,D,D,D,D,N,D,N,D,D,N,D,N
RR2;RRM2;R2;RR2M,N,N,A,N,N,A,N,N,N,N,N,N,N,N,N,N,A,N,N,A,A,N,N,N,A,N,N,A,N,N,A,N
PEPS;HEL-S-106;LAP;LAPEP;LAP3,N,D,N,N,D,D,D,D,D,N,D,N,D,N,D,D,D,D,D,D,D,D,D,D,N,D,D,D,N,D,D,D
