SEC20;BNIP1;NIP1;TRG-8,A,A,A,N,A,A,N,A,A,N,A,A,A,A,A,A,A,A,A,A,A,A,A,A,A,A,N,A,A,A,A,A
P31;D12;USE1;SLT1;MDS032,N,N,N,N,N,N,N,N,N,N,N,N,N,N,N,N,N,N,N,N,N,N,N,N,N,N,N,N,N,N,N,N
Ufe1;STX18,N,A,A,N,N,A,A,A,N,N,A,N,N,N,N,A,N,N,N,A,N,N,A,N,N,A,N,N,N,N,A,N
STX17,N,A,A,N,N,N,A,N,A,N,N,A,A,N,A,N,N,N,A,N,A,N,N,A,N,N,N,A,N,A,N,A
BET1;HBET1,A,N,N,N,N,N,N,N,A,N,N,N,N,N,A,A,N,N,N,N,A,N,N,N,N,N,N,N,N,N,A,N
BET1L;GS15;HSPC197;GOLIM3;BET1L1,A,N,A,N,A,N,N,N,A,N,N,N,N,N,A,A,N,A,N,N,A,N,N,N,N,N,N,N,N,N,A,N
YKT6,A,A,A,N,N,N,N,N,A,N,A,A,A,A,A,N,N,A,A,A,A,A,N,N,N,A,N,A,N,A,A,A
GOLIM2;GS28;GOSR1;P28;GOS28;GOS-28;GOS28/P28,A,A,A,N,A,N,A,N,A,N,A,A,N,N,A,N,N,N,N,N,N,A,N,A,N,N,A,N,N,N,A,A
STX5;STX5A;SED5,N,A,A,N,N,A,A,N,A,N,A,A,A,A,A,A,A,N,A,N,A,A,N,A,N,N,N,A,A,A,A,A
SEC22B;ERS-24;SEC22L1,A,A,A,N,N,N,A,A,A,N,A,A,A,A,A,N,N,N,A,A,A,A,N,N,N,A,A,N,N,A,A,A
GOSR2;EPM6;Bos1;GS27,N,N,N,N,N,N,N,N,N,N,N,N,N,N,N,N,N,N,N,N,N,N,N,N,N,N,N,N,N,N,N,N
SNAP29;SNAP-29;CEDNIK,A,N,N,N,N,N,N,A,N,N,N,N,N,N,A,N,A,N,N,N,A,N,N,N,N,A,N,N,N,N,A,N
STX6,A,A,A,N,N,N,N,N,A,N,N,A,N,N,A,A,N,N,N,A,A,N,N,A,N,N,A,N,N,N,A,A
STX10;hsyn10;SYN10,A,A,A,N,N,N,N,N,A,N,N,A,N,N,A,A,N,N,N,A,A,N,N,A,N,N,A,N,N,N,A,A
SYN16;STX16,N,A,A,N,A,A,A,A,A,N,A,A,A,N,A,A,N,N,A,N,A,N,N,A,N,N,N,A,N,A,N,A
STX19,N,A,A,N,A,N,A,A,A,N,N,A,A,N,A,A,N,N,A,N,A,N,N,A,N,N,N,A,N,A,N,A
HPLH4;HLH4;FHL4;STX11,B,B,B,B,B,N,B,B,B,N,B,B,B,B,B,B,N,N,B,N,B,B,N,B,N,B,N,B,N,B,B,B
VTI1;VTI2;VTI1-LIKE;v-SNARE;VTI1L;vti1-rp1;VTI1B,A,A,A,N,A,A,N,N,A,N,A,A,A,A,A,A,A,N,A,A,A,N,A,A,N,N,A,N,N,A,N,N
VTI1A;MVti1;Vti1-rp2;MMDS3;VTI1RP2,A,A,A,N,A,A,N,N,A,N,A,A,A,A,N,A,A,N,A,A,A,N,A,A,N,N,A,N,N,A,N,N
STX8;CARB,N,A,A,N,A,N,A,A,A,N,N,A,N,N,N,N,A,A,N,N,N,A,A,A,N,A,N,N,N,N,A,A
STX7,N,A,A,N,A,A,A,A,A,N,A,A,A,N,A,A,N,N,A,N,A,N,N,A,N,N,N,A,N,A,N,A
VAMP4;VAMP24;VAMP-4,A,A,A,N,N,N,A,A,A,N,A,A,A,A,A,N,N,A,A,A,A,A,N,N,N,A,A,A,N,A,A,A
VAMP5,A,A,A,N,N,N,A,A,A,N,A,A,A,A,A,N,N,A,A,A,A,A,N,N,N,A,A,A,N,A,A,A
SNAP23;SNAP-23;SNAP23A;SNAP23B;HsT17016,A,N,A,N,N,A,N,A,N,N,N,A,N,N,A,N,A,N,N,N,A,A,N,N,N,A,N,A,N,A,A,A
STX1B1;STX1B2;GEFSP9;STX1B,B,B,B,B,B,N,B,B,B,N,B,B,B,B,B,B,N,N,B,N,B,B,N,B,N,B,N,B,N,B,B,B
STX2;EPIM;STX2B;STX2A;STX2C;EPM,B,B,B,B,B,N,B,B,B,N,B,B,B,B,B,B,N,N,B,N,B,B,N,B,N,B,N,B,N,B,B,B
STX1A;P35-1;STX1;HPC-1;SYN1A,B,B,B,B,B,N,B,B,B,N,B,B,B,B,B,B,N,N,B,N,B,B,N,B,N,B,N,B,N,B,B,B
STX3;STX3A,B,B,B,B,B,N,B,B,B,N,B,B,B,B,B,B,N,N,B,N,B,B,N,B,N,B,N,B,N,B,B,B
STX4;STX4A;p35-2,B,B,B,B,B,N,B,B,B,N,B,B,B,B,B,B,N,N,B,N,B,B,N,B,N,B,N,B,N,B,B,B
VAMP-8;EDB;VAMP8,A,A,A,N,N,N,A,A,A,N,A,A,A,A,A,N,N,A,A,A,A,A,A,N,N,A,A,A,N,A,A,A
SPAX1;VAMP-1;VAMP1;SYB1,A,A,A,N,N,N,A,A,A,N,A,A,A,A,A,N,N,N,A,A,A,A,N,N,N,A,A,N,N,A,A,A
SYB2;VAMP2;VAMP-2,A,A,A,N,N,N,A,A,A,N,A,A,A,A,A,N,N,A,A,A,A,A,N,N,N,A,A,A,N,A,A,A
VAMP3;CEB,A,A,A,N,N,N,A,A,A,N,A,A,A,A,A,N,N,A,A,A,A,A,N,N,N,A,A,A,N,A,A,A
TI-VAMP;VAMP7;TIVAMP;SYBL1;VAMP-7,A,A,A,N,N,N,A,A,A,N,A,A,A,A,A,N,N,A,A,A,A,A,N,N,N,A,A,A,N,A,A,A
