1,D,D,D,D,D,D,D,D,D,N,D,D,D,D,D,D,D,D,D,D,D,D,D,D,D,D,N,D,D,D,D,D
redA,B,B,B,B,B,N,B,B,N,N,B,N,B,B,B,B,B,B,N,N,B,B,N,N,N,B,N,N,B,B,B,B
3,N,N,N,N,N,N,N,D,D,N,D,D,D,N,D,D,N,N,D,D,N,N,N,N,N,N,D,N,N,N,D,N
bpnt1,N,N,N,N,N,N,N,N,N,N,N,N,N,N,N,N,N,N,N,N,N,N,N,N,N,N,N,N,N,N,N,N
5,N,A,A,N,N,N,N,N,A,N,N,N,N,N,A,N,N,N,N,N,N,N,N,N,N,N,N,N,A,N,A,N
sqrdl,B,B,B,N,N,N,B,N,B,N,B,N,N,N,B,B,B,N,B,B,B,B,B,B,N,B,N,N,B,N,B,N
7,D,N,N,N,N,N,D,D,D,N,D,N,N,N,N,N,D,D,N,N,N,N,N,N,N,N,N,N,N,N,D,D
cysK,N,D,N,N,N,D,N,D,D,N,D,N,D,N,N,D,D,N,D,N,D,N,N,D,N,N,N,D,N,N,N,N
cytC,N,B,B,N,N,B,N,N,B,N,B,N,N,B,N,B,N,N,B,N,B,N,N,B,B,B,N,B,B,N,B,B
