TOC1,N,B,B,B,B,N,B,B,B,N,B,B,N,B,N,B,N,B,N,N,N,N,N,B,N,N,B,N,B,N,B,B
TCP11,N,N,N,N,N,N,N,N,N,N,N,N,N,N,N,N,N,N,N,N,N,N,N,N,N,N,N,N,N,N,N,N
CCA1,N,A,A,A,N,A,A,A,A,N,A,A,A,N,A,N,A,A,A,A,N,A,A,N,A,N,A,N,A,N,N,N
LHY,N,A,A,A,N,A,A,A,A,N,A,A,A,N,A,N,A,A,A,A,N,A,A,N,A,N,A,N,A,N,N,N
PRR9,N,D,D,D,D,N,D,D,D,N,D,D,N,D,D,D,N,D,N,N,N,D,N,D,N,N,D,N,D,N,D,D
PRR7,N,D,D,D,D,N,D,D,D,N,D,D,N,D,D,D,N,D,N,N,N,D,N,D,N,N,D,N,D,N,D,D
PRR5,N,D,D,D,D,N,D,D,D,N,D,D,N,D,D,D,N,D,N,N,N,D,N,D,N,N,D,N,D,N,D,D
CDF1,N,N,N,N,N,N,N,N,N,N,N,N,N,N,N,N,N,N,N,N,N,N,N,N,N,N,N,N,N,N,N,N
CO,N,N,A,A,A,N,A,N,A,N,N,N,N,A,A,A,N,N,A,N,N,N,N,A,N,N,N,N,A,A,N,N
FT,C,N,N,N,N,N,N,N,N,N,C,C,N,N,N,N,N,N,N,N,N,N,N,N,N,C,N,C,N,N,N,N
TSF,C,N,N,N,N,N,N,N,N,N,C,C,N,N,N,N,N,N,N,N,N,N,N,N,N,C,N,C,N,N,N,N
ZTL,D,D,D,D,D,D,D,D,D,N,D,D,D,D,D,D,D,D,D,D,D,D,D,D,D,D,D,D,D,D,D,D
GI,N,N,N,N,N,N,N,N,N,N,N,N,N,N,N,N,N,N,N,N,N,N,N,N,N,N,N,N,N,N,N,N
PRR3,N,D,D,D,D,N,D,D,D,N,D,D,N,D,D,D,N,D,N,N,N,D,N,D,N,N,D,N,D,N,D,D
FKF1,D,D,D,D,D,D,D,D,D,N,D,D,D,D,D,D,D,D,D,D,D,D,D,D,D,D,D,D,D,D,D,D
COP1,D,D,D,D,D,D,D,D,D,D,D,D,D,D,D,D,D,D,D,D,D,D,D,D,D,D,D,D,D,D,D,D
RUP2,D,D,D,D,D,D,D,D,D,D,D,D,D,D,D,D,D,D,D,D,D,D,D,D,D,D,D,D,D,D,D,D
RUP1,D,D,D,D,D,D,D,D,D,D,D,D,D,D,D,D,D,D,D,D,D,D,D,D,D,D,D,D,D,D,D,D
ELF3,N,N,N,N,N,N,N,N,N,N,N,N,N,N,N,N,N,N,N,N,N,N,N,N,N,N,N,N,N,N,N,N
CRY2,N,N,D,N,N,D,N,D,D,N,D,N,N,D,N,N,N,D,N,D,D,N,N,D,N,N,N,N,N,N,N,D
CRY1,N,N,D,N,N,D,N,D,D,N,D,N,N,D,N,N,N,D,N,D,D,N,N,D,N,N,N,N,N,N,N,D
PHYB,D,D,D,N,N,N,N,D,D,N,N,N,D,D,D,N,N,D,D,N,N,N,N,D,N,N,D,N,N,N,N,N
PAP1,A,A,A,A,A,A,A,A,A,A,A,A,A,A,A,A,A,A,A,A,A,A,A,A,A,A,A,A,A,A,A,A
TT4,D,D,D,N,D,D,D,D,D,N,D,D,D,D,D,D,N,D,D,D,D,D,D,D,D,D,D,D,D,N,D,D
25,D,D,D,D,D,D,D,D,D,D,D,D,D,D,D,D,D,D,D,D,D,D,D,D,D,D,D,D,D,D,D,D
CKA3,D,D,D,D,D,D,D,D,D,D,D,D,D,D,D,D,D,D,D,D,D,D,D,D,D,D,D,D,D,D,D,D
CKA2,D,D,D,D,D,D,D,D,D,D,D,D,D,D,D,D,D,D,D,D,D,D,D,D,D,D,D,D,D,D,D,D
CKA1,D,D,D,D,D,D,D,D,D,D,D,D,D,D,D,D,D,D,D,D,D,D,D,D,D,D,D,D,D,D,D,D
CKB4,A,A,A,N,N,A,N,A,A,N,A,A,A,A,N,A,A,A,N,A,A,N,A,N,A,A,A,A,A,N,N,A
CKB3,A,A,A,N,N,A,N,A,A,N,A,A,A,A,N,A,A,A,N,A,A,N,A,N,A,A,A,A,A,N,N,A
CKB2,A,A,A,N,N,A,N,A,A,N,A,A,A,A,N,A,A,A,N,A,A,N,A,N,A,A,A,A,A,N,N,A
CKB1,A,A,A,N,N,A,N,A,A,N,A,A,A,A,N,A,A,A,N,A,A,N,A,N,A,A,A,A,A,N,N,A
SPA1,D,D,D,D,D,D,D,D,D,D,D,D,D,D,D,D,D,D,D,D,D,D,D,D,D,D,D,D,D,D,D,D
HY5,N,A,N,N,N,N,N,A,A,N,N,N,N,N,A,N,N,N,N,N,N,A,N,N,N,N,N,N,N,N,N,N
PHYA,D,D,D,N,N,N,N,D,D,N,N,N,D,D,D,N,N,D,D,N,N,N,N,D,N,N,D,N,N,N,N,N
PIF3,N,N,N,N,N,N,N,N,N,N,N,N,N,N,N,N,N,N,N,N,N,N,N,N,N,N,N,N,N,N,N,N
