P53R2;RRM2B;MTDPS8A;MTDPS8B,N,N,A,N,N,A,N,N,N,N,N,N,N,N,N,N,A,N,N,A,A,N,N,N,A,N,N,A,N,N,A,N
RR1;RRM1;R1;RIR1,D,N,D,N,N,D,D,D,D,N,D,N,D,D,N,D,D,D,D,D,D,D,D,D,N,D,N,D,D,N,D,N
RR2;RRM2;R2;RR2M,N,N,A,N,N,A,N,N,N,N,N,N,N,N,N,N,A,N,N,A,A,N,N,N,A,N,N,A,N,N,A,N
GATD4;CDG1Z;CAD;EIEE50,N,D,N,D,N,D,D,N,N,N,N,D,N,D,N,D,D,D,D,D,N,D,D,D,D,N,D,D,N,D,N,N
UMPS;OPRT,D,N,N,N,D,N,N,N,N,N,D,N,N,N,D,N,N,N,N,N,N,N,N,N,N,N,N,N,N,D,N,N
OLD35;PNPASE;DFNB70;COXPD13;PNPT1;old-35,N,D,N,N,N,D,D,D,D,D,D,D,D,D,N,D,N,D,D,D,N,D,N,D,N,N,N,N,N,N,D,N
7,N,C,C,C,N,N,N,C,N,N,N,N,N,N,C,N,C,N,N,N,N,N,N,N,C,N,N,N,N,N,C,N
RPC6;RPC39;POLR3F,A,A,A,N,A,A,A,N,A,N,A,A,N,A,N,A,A,A,A,A,A,A,A,N,N,A,A,A,A,A,A,N
POLR3G;RPC7;RPC32,N,N,N,N,N,N,N,N,N,N,N,N,N,N,N,N,N,N,N,N,N,N,N,N,N,N,N,N,N,N,N,N
RPC3;RPC62;POLR3C,A,N,A,N,A,N,N,A,N,A,A,A,N,N,A,N,N,A,N,N,N,A,N,A,N,N,N,N,A,A,A,N
HLD7;RPC155;hRPC155;ADDH;POLR3A;RPC1,D,D,D,N,N,N,D,N,D,D,D,N,D,D,D,N,D,D,N,D,N,D,D,D,D,D,N,D,D,D,D,N
POLR3H;RPC8;RPC22.9,N,D,N,N,N,N,N,D,N,N,N,N,N,N,N,N,N,D,N,N,N,N,N,N,N,N,N,D,N,N,D,N
TWISTNB,C,C,N,C,N,N,N,N,N,N,C,C,N,N,C,N,C,N,C,N,C,C,C,C,C,N,N,C,C,C,C,C
HRPB11B;RPB11b1;POLR2J2,D,N,N,D,D,N,D,D,D,D,D,D,D,D,D,D,N,D,N,D,D,D,N,N,N,N,N,D,N,D,D,N
RPO14;RPO1-4;AFDCIN;POLR1A;A190;RPA1;RPA194,D,D,D,N,N,N,D,N,D,D,D,N,D,D,D,N,D,D,N,D,N,D,D,D,D,D,N,D,D,D,D,N
TCTEX6;HTEX-6;HTEX6;Rpa12;ZNRD1;TEX6;ZR14;hZR14;tctex-6,N,D,D,D,N,N,N,D,D,N,N,D,D,N,N,D,D,N,N,D,D,N,N,D,N,N,D,D,N,D,D,D
RPA16;AC19;TCS2;RPO1-3;RPA9;POLR1D;RPC16;RPAC2;POLR1C,D,N,N,D,D,N,D,D,D,D,D,D,D,D,D,D,N,D,N,D,D,D,N,N,N,N,N,D,N,D,D,N
C11-RNP3;RPC11;My010;C11;RPC10;RPC12.5;POLR3K,N,D,D,D,N,N,N,D,D,N,N,D,D,N,N,D,D,N,N,D,D,D,N,D,N,N,D,D,N,D,D,D
RpIILS;POLR2A;hRPB220;hsRPB1;POLRA;RPB1;RPO2;RPBh1;RPOL2;POLR2,D,D,D,N,D,D,D,D,D,D,D,D,D,D,D,D,D,D,D,D,D,D,D,D,D,D,D,D,D,D,D,D
POLR2B;RPB2;hRPB140;POL2RB,N,N,N,N,N,D,D,D,D,N,D,N,N,N,D,D,D,D,N,D,D,N,D,N,D,D,D,D,D,D,D,N
hsRPB3;POLR2C;hRPB33;RPB31;RPB3,N,D,D,D,D,N,N,N,D,D,D,D,D,D,D,D,D,D,D,D,D,N,N,D,D,D,D,D,N,N,D,D
RPB16;POLR2D;HSRPB4;RBP4;HSRBP4,N,A,A,N,N,N,A,N,N,N,N,N,N,N,N,N,A,N,N,N,N,N,N,N,N,N,N,N,N,N,A,N
RPB5;POLR2E;hsRPB5;hRPB25;RPABC1;XAP4,D,D,D,N,N,N,N,D,D,N,N,N,N,N,N,D,D,D,D,D,N,D,N,D,N,N,N,N,D,D,D,N
RPC15;RPABC2;POLRF;RPABC14.4;RPB6;POLR2F;HRBP14.4;RPB14.4,D,D,N,N,D,D,D,D,D,D,N,D,D,N,N,D,D,D,D,D,N,N,D,D,D,D,N,N,N,N,D,N
hsRPB7;RPB7;POLR2G;hRPB19;RPB19,N,D,N,N,N,N,N,D,N,N,N,N,N,N,N,N,N,D,N,N,N,N,N,N,N,N,N,D,N,N,D,N
RPB8;POLR2H;RPB17;RPABC3,A,A,N,A,A,A,N,A,A,N,N,N,N,A,A,A,A,A,A,A,A,N,A,A,N,A,A,N,N,A,N,N
hRPB14.5;POLR2I;RPB9,N,D,D,D,N,N,N,D,D,N,N,D,D,N,N,D,D,N,N,D,D,D,N,D,N,N,D,D,N,D,D,D
hRPB14;RPB11;POLR2J;POLR2J1;RPB11A;RPB11m,D,N,N,D,D,N,D,D,D,D,D,D,D,D,D,D,N,D,N,D,D,D,N,N,N,N,N,D,N,D,D,N
RPABC4;ABC10-alpha;hsRPB10a;hRPB7.0;RPB7.0;RPB10alpha;RPB12;POLR2K,N,B,N,N,N,N,N,B,N,B,B,N,B,B,N,B,N,N,N,N,N,N,N,B,N,N,N,N,N,N,N,N
RBP10;RPB10beta;POLR2L;RPABC5;RPB7.6;hRPB7.6;RPB10,N,D,N,N,D,D,D,N,D,D,D,D,D,D,N,D,D,D,D,D,D,N,N,N,D,D,D,D,D,D,D,D
POLR2J2;RPB11b2;RPB11b1;POLR2J3,D,N,N,D,D,N,D,D,D,D,D,D,D,D,D,D,N,D,N,D,D,D,N,N,N,N,N,D,N,D,D,N
POLR3B;INMAP;C128;RPC2;HLD8,N,N,N,N,N,D,D,D,D,N,D,N,N,N,D,D,D,D,N,D,D,N,D,N,D,D,D,D,D,D,D,N
SIN;RPC5;POLR3E,N,C,C,C,N,N,N,C,N,N,N,N,N,N,C,N,C,N,N,N,N,N,N,N,C,N,N,N,N,N,C,N
POLR1E;PAF53;PRAF1,N,N,N,N,N,N,N,N,N,N,N,N,N,N,N,N,N,N,N,N,N,N,N,N,N,N,N,N,N,N,N,N
RPC4;TSBN51;BN51T;RPC53;POLR3D,A,N,A,N,N,N,N,A,A,N,A,A,N,A,N,N,A,N,A,N,N,N,N,A,A,N,A,A,N,A,N,A
POLR1B;RPA2;Rpo1-2;RPA135,N,N,N,N,N,D,D,D,D,N,D,N,N,N,D,D,D,D,N,D,D,N,D,N,D,D,D,D,D,D,D,N
RPC32HOM;POLR3GL;flj32422,N,N,N,N,N,N,N,N,N,N,N,N,N,N,N,N,N,N,N,N,N,N,N,N,N,N,N,N,N,N,N,N
RPC40;RPA5;TCS3;RPA39;HLD11;RPA40;RPAC1;AC40;POLR1C,N,D,D,D,D,N,N,N,D,D,D,D,D,D,D,D,D,D,D,D,D,N,N,D,D,D,D,D,N,N,D,D
NDK_6;NM23-H6;IPIA-ALPHA;NME6,D,N,N,D,D,D,D,N,D,N,D,D,N,D,D,D,N,N,D,N,D,D,D,N,D,D,N,N,N,N,D,N
C6orf199;AK_9;AKD2;AKD1;AK9;dJ70A9.1;C6orf224,D,N,D,D,D,D,D,D,D,N,D,D,N,D,D,N,D,D,D,N,D,D,D,D,D,N,D,D,D,N,D,D
nm23-H7;CFAP67;NDK7;MN23H7;NDK_7;NME7,D,N,N,D,D,D,D,N,D,N,D,D,N,D,D,D,N,N,D,N,D,D,D,N,D,D,N,N,N,N,D,N
NB;NDPK-A;NME1;AWD;NBS;GAAD;NDKA;NM23-H1;NM23;NDPKA,D,N,N,D,D,D,D,N,D,N,D,D,N,D,D,D,N,N,D,N,D,D,D,N,D,D,N,N,N,N,D,N
NME2;NM23-H2;NDPKB;NDKB;PUF;NM23B;NDPK-B,D,N,N,D,D,D,D,N,D,N,D,D,N,D,D,D,N,N,D,N,D,D,D,N,D,D,N,N,N,N,D,N
DR-nm23;NDPKC;NME3;NM23-H3;NDPK-C;c371H6.2;NM23H3,D,N,N,D,D,D,D,N,D,N,D,D,N,D,D,D,N,N,D,N,D,D,D,N,D,D,N,N,N,N,D,N
NME4;NDPK-D;nm23-H4;NM23H4,D,N,N,D,D,D,D,N,D,N,D,D,N,D,D,D,N,N,D,N,D,D,D,N,D,D,N,N,N,N,D,N
NME1-NME2;NMELV;NM23-LV,D,N,N,D,D,D,D,N,D,N,D,D,N,D,D,D,N,N,D,N,D,D,D,N,D,D,N,N,N,N,D,N
CMPK2;NDK;TMPK2;TYKi;UMP-CMPK2,N,N,N,N,N,N,N,N,N,N,N,N,N,N,N,N,N,N,N,N,N,N,N,N,N,N,N,N,N,N,N,N
CMPK1;UMP-CMPK;UMK;CMPK;CMK;UMPK;CK,D,N,D,D,D,D,N,D,D,N,D,N,N,D,D,N,D,D,D,N,N,D,D,D,N,N,D,D,D,N,D,N
CTPS;GATD5;CTPS1;IMD24,D,D,D,D,N,D,D,D,D,N,D,N,D,D,N,D,N,D,N,D,D,D,N,D,D,N,D,D,D,D,N,D
CTPS2,D,D,D,D,N,D,D,D,D,N,D,N,D,D,N,D,N,D,N,D,D,D,N,D,D,N,D,D,D,D,N,D
UNQ2492;GLSR2492;NTPDase-8;E-NTPDase;ENTPD8,N,N,A,N,N,N,N,N,A,N,N,N,N,N,N,N,A,N,N,N,N,N,N,N,N,A,N,N,N,N,A,N
SPG64;ENTPD1;ATPDase;CD39;NTPDase-1,N,N,A,N,N,N,N,N,A,N,N,N,N,N,N,N,A,N,N,N,N,N,N,N,N,A,N,N,N,N,A,N
NTPDase-3;HB6;CD39L3;ENTPD3,N,N,A,N,N,N,N,N,A,N,N,N,N,N,N,N,A,N,N,N,N,N,N,N,N,A,N,N,N,N,A,N
DBQD;SCAN1;SCAN-1;DBQD1;SHAPY;CANT1,A,N,N,N,N,N,A,N,N,N,A,A,A,N,N,A,N,A,N,A,N,A,A,N,N,A,N,N,N,N,A,N
NTPDase-6;IL-6SAG;ENTPD6;CD39L2;IL6ST2;dJ738P15.3,N,N,A,N,N,N,N,N,A,N,N,N,N,N,N,N,A,N,N,N,N,N,N,N,N,A,N,N,N,N,A,N
NTPDase-5;ENTPD5;PCPH;CD39L4,N,N,A,N,N,N,N,N,A,N,N,N,N,N,N,N,A,N,N,N,N,N,N,N,N,A,N,N,N,N,A,N
ENTPD4;UDPase;LAP70;LYSAL1;LALP70;NTPDase-4,N,N,A,N,N,N,N,N,A,N,N,N,N,N,N,N,A,N,N,N,N,N,N,N,N,A,N,N,N,N,A,N
FUR1;UPRT;UPP,N,N,N,B,B,B,N,B,N,N,N,B,N,N,N,N,N,B,N,N,B,N,N,N,B,N,N,N,N,B,B,B
UCKL1;URKL1;UCK1L,N,N,N,B,B,B,B,B,B,N,N,B,N,B,N,N,N,B,N,B,B,N,N,B,B,N,N,N,N,B,B,B
UMPK;TSA903;UCK2;UK,N,N,N,B,B,B,B,B,B,N,N,B,N,B,N,N,N,B,N,B,B,N,N,B,B,N,N,N,N,B,B,B
UCK1;URK1,N,N,N,B,B,B,B,B,B,N,N,B,N,B,N,N,N,B,N,B,B,N,N,B,B,N,N,N,N,B,B,B
NT5C1B-RDH14,N,B,B,N,N,N,N,N,B,N,N,N,N,N,N,N,B,N,N,N,N,N,N,N,N,N,B,N,N,N,B,N
NT5C3L;cN-IIIB;NT5C3B,N,N,N,N,N,N,N,N,N,N,N,N,N,N,N,N,N,N,N,N,N,N,N,N,N,N,N,N,N,N,N,N
PNT5;SPG65;SPG45;NT5C2;GMP;NT5B;cN-II,D,D,D,D,D,D,D,D,D,N,D,D,D,D,D,D,D,D,D,D,D,D,D,D,D,D,D,D,D,D,D,D
PN-I;UMPH2;P5N2;cdN;DNT;HEL74;dNT-1;PN-II;NT5C;DNT1,D,D,D,D,D,D,D,D,D,D,D,D,D,D,D,D,D,D,D,D,D,D,D,D,D,D,D,D,D,D,D,D
E5NT;CALJA;NTE;eNT;eN;NT5;CD73;NT;NT5E,D,N,N,N,D,N,N,D,N,N,D,N,N,D,D,N,D,D,N,N,D,N,N,N,N,N,N,N,N,D,D,N
cN-III;P5'N-1;POMP;PN-I;UMPH;NT5C3A;NT5C3;UMPH1;P5N-1;hUMP1;PSN1;p36,N,N,N,N,N,N,N,N,N,N,N,N,N,N,N,N,N,N,N,N,N,N,N,N,N,N,N,N,N,N,N,N
mdN;NT5M;dNT-2;dNT2,D,D,D,D,D,D,D,D,D,D,D,D,D,D,D,D,D,D,D,D,D,D,D,D,D,D,D,D,D,D,D,D
CN1A;CNI;NT5C1A;CN-IA;CN-I;CN1,N,B,B,N,N,N,N,N,B,N,N,N,N,N,N,N,B,N,N,N,N,N,N,N,N,N,B,N,N,N,B,N
CN1B;AIRP;NT5C1B;CN-IB,N,B,B,N,N,N,N,N,B,N,N,N,N,N,N,N,B,N,N,N,N,N,N,N,N,N,B,N,N,N,B,N
UPASE2;UDRPASE2;UPP2;UP2,N,N,N,N,N,N,N,N,N,N,N,N,N,N,N,N,N,N,N,N,N,N,N,N,N,N,N,N,N,N,N,N
UPASE;UP;UDRPASE;UPP1;UPP,N,N,N,N,N,N,N,N,N,N,N,N,N,N,N,N,N,N,N,N,N,N,N,N,N,N,N,N,N,N,N,N
DHP;DHPDHASE;DPYD;DPD,D,N,N,N,N,N,N,N,N,N,D,N,D,D,D,N,N,N,N,N,N,N,N,N,N,N,N,N,D,N,N,N
DPYS;DHP;DHPase,N,N,N,N,N,N,N,N,N,N,N,N,N,N,N,N,N,N,N,N,N,N,N,N,N,N,N,N,N,N,N,N
BUP1;UPB1,N,N,N,N,N,N,N,N,N,N,N,N,N,N,N,N,N,N,N,N,N,N,N,N,N,N,N,N,N,N,N,N
CDD;CDA,N,D,N,N,N,D,N,N,D,N,N,N,D,N,N,D,N,N,N,N,N,N,N,N,N,N,D,N,N,D,N,N
POLD3;PPP1R128;P66;P68,A,N,N,N,N,N,N,N,A,N,N,N,N,A,N,N,N,N,N,N,N,N,N,N,N,N,N,N,N,N,A,N
POLA2,A,A,N,N,N,A,N,N,N,N,A,N,N,N,N,N,A,N,A,N,N,N,N,N,A,A,N,N,N,N,N,N
p17;YBL1;CHARAC17;POLE3;CHRAC17,C,C,C,N,N,C,N,N,C,N,C,C,C,N,C,N,N,C,N,C,C,N,C,C,C,C,C,C,C,C,C,C
POLA1;NSX;p180;POLA,D,D,D,D,D,D,D,D,D,N,D,D,D,D,D,D,D,D,D,D,D,D,D,D,D,D,D,D,D,D,D,D
MDPL;POLD;CRCS10;CDC2;POLD1,D,D,D,D,D,D,D,D,D,N,D,D,D,D,D,D,D,D,D,D,D,D,D,D,D,D,D,D,D,D,D,D
POLD2,N,N,N,N,A,N,N,A,N,N,A,N,N,A,N,A,N,A,A,N,N,N,A,N,N,A,A,A,N,A,A,N
FILS;POLE1;POLE;CRCS12,N,N,N,N,N,N,N,N,N,N,N,N,N,N,N,N,N,N,N,N,N,N,N,N,N,N,N,N,N,N,N,N
DPE2;POLE2,A,A,A,N,A,N,A,A,N,N,A,A,A,A,A,A,A,N,N,N,A,A,N,A,A,A,A,N,A,A,N,A
p49;PRIM1,N,D,N,N,D,D,N,D,N,N,D,N,D,N,N,D,N,N,D,D,N,D,D,N,N,D,N,N,D,N,D,N
PRIM2A;p58;PRIM2,N,N,A,N,N,N,N,A,A,N,N,N,N,N,A,N,N,A,N,A,N,A,A,N,N,A,N,N,N,N,N,N
p12;POLE4;YHHQ1,A,A,A,A,A,A,A,A,A,N,A,N,A,A,A,A,A,A,A,A,A,N,A,A,A,A,A,A,A,A,A,A
POLD4;p12;POLDS,N,N,A,N,N,A,N,A,A,N,A,N,N,A,N,A,A,N,A,N,A,A,N,A,N,N,N,N,N,N,A,N
DCTPP1;CDA03;XTP3TPA;RS21C6,N,N,N,N,N,N,N,N,N,N,N,N,N,N,N,N,N,N,N,N,N,N,N,N,N,N,N,N,N,N,N,N
DCK,N,N,N,N,N,N,N,N,N,N,N,N,N,N,N,N,N,N,N,N,N,N,N,N,N,N,N,N,N,N,N,N
DCTD,N,N,N,N,N,N,N,N,N,N,N,N,N,N,N,N,N,N,N,N,N,N,N,N,N,N,N,N,N,N,N,N
PP3731;DTYMK;TYMK;CDC8;TMPK,N,N,N,N,N,N,N,N,N,N,N,N,N,N,N,N,N,N,N,N,N,N,N,N,N,N,N,N,N,N,N,N
TK2;TK1,B,N,N,B,B,N,N,B,N,N,N,N,N,B,N,N,N,N,N,N,N,N,N,N,N,N,N,N,N,N,B,N
SCA31;MTDPS2;MTTK;PEOB3;TK2,N,N,N,N,N,N,N,N,N,N,N,N,N,N,N,N,N,N,N,N,N,N,N,N,N,N,N,N,N,N,N,N
NP;PUNP;PRO1837;PNP,N,N,N,N,N,N,N,N,N,N,N,N,N,N,N,N,N,N,N,N,N,N,N,N,N,N,N,N,N,N,N,N
ECGF1;TP;TYMP;MNGIE;ECGF;hPD-ECGF;MEDPS1;MTDPS1;PDECGF,N,N,N,N,N,N,N,N,N,N,N,N,N,N,N,N,N,N,N,N,N,N,N,N,N,N,N,N,N,N,N,N
HST422;TMS;TYMS;TS,B,N,N,N,N,N,B,N,N,N,N,N,N,N,N,B,N,N,N,N,N,N,N,N,N,N,N,N,N,N,N,B
POADS;URA1;DHOdehase;DHODH,N,N,N,N,N,N,N,N,N,N,N,N,N,N,N,N,N,N,N,N,N,N,N,N,N,N,N,N,N,N,N,N
ARHR2;COLED;NPP1;NPPS;M6S1;PC-1;PDNP1;PCA1;ENPP1,B,N,N,N,N,N,N,N,B,N,N,N,N,N,B,B,N,N,B,N,N,N,B,N,N,B,N,N,N,N,N,N
ENPP3;B10;NPP3;PDNP3;PD-IBETA;CD203c,B,N,N,N,N,N,N,N,B,N,N,N,N,N,B,B,N,N,B,N,N,N,B,N,N,B,N,N,N,N,N,N
APAH1;NUDT2,D,D,N,D,D,N,D,N,D,N,D,N,N,D,D,N,N,N,N,N,N,N,D,N,D,D,N,D,N,N,D,D
DUT;dUTPase,N,N,A,N,N,A,N,A,A,N,N,N,N,A,N,A,N,A,N,N,N,N,N,A,A,N,N,N,N,N,A,A
