TOP3;EDR1,N,D,D,N,D,D,N,N,D,N,D,N,D,N,D,N,D,N,D,N,N,N,N,N,N,D,N,N,N,N,D,N
SGS1,D,D,D,D,D,D,D,D,D,D,D,D,D,D,D,D,D,D,D,D,D,D,D,D,D,D,D,D,D,D,D,D
HOD1;DSS1;SEM1,N,N,N,N,N,N,N,N,N,N,N,N,N,N,N,N,N,N,N,N,N,N,N,N,N,N,N,N,N,N,N,N
RAD52,N,A,N,A,N,N,N,N,N,N,A,A,N,A,N,N,N,N,A,N,N,A,N,A,A,N,N,N,A,N,A,N
XRS4;MRE11;RAD58;NGS1,N,N,N,N,N,N,N,N,N,N,N,N,N,N,N,N,N,N,N,N,N,N,N,N,N,N,N,N,N,N,N,N
RAD50,D,D,D,D,D,D,D,D,D,N,D,D,D,D,D,D,D,D,D,D,D,D,D,D,D,D,D,D,D,D,D,D
RAD57,B,B,N,N,B,N,B,N,B,N,N,N,N,N,N,N,N,B,B,N,B,N,N,B,B,N,N,N,N,N,B,N
MUS81;SLX3,A,A,N,N,A,N,A,N,A,N,A,N,N,A,N,N,A,N,N,N,A,N,N,N,N,N,N,N,N,N,A,N
BUF2;RPA1;RFA1;FUN3;RPA70,D,D,D,N,D,D,D,D,D,N,D,D,D,D,D,N,D,D,D,D,D,D,D,D,D,D,D,D,D,D,D,D
RPA2;RPA32;BUF1;RFA2,A,N,N,N,N,N,N,N,N,N,A,A,A,A,N,N,A,N,A,N,N,N,A,A,N,A,N,N,A,N,A,N
MUT5;RAD51,B,B,N,N,B,N,B,N,B,N,N,N,N,N,N,N,N,B,B,N,B,N,N,B,B,N,N,N,N,N,B,N
XRS2,N,N,N,N,N,N,N,N,N,N,N,N,N,N,N,N,N,N,N,N,N,N,N,N,N,N,N,N,N,N,N,N
RAD59,N,A,N,A,N,N,N,N,N,N,A,A,N,A,N,N,N,N,A,N,N,A,N,A,A,N,N,N,A,N,A,N
RDH54;TID1,D,D,D,D,D,D,D,D,D,N,D,D,D,D,D,D,D,D,D,D,D,D,D,D,D,D,D,D,D,D,D,D
RAD54;XRS1,D,D,D,D,D,D,D,D,D,N,D,D,D,D,D,D,D,D,D,D,D,D,D,D,D,D,D,D,D,D,D,D
HPR6;CDC2;TEX1;POL3,D,D,D,D,D,D,D,D,D,N,D,D,D,D,D,D,D,D,D,D,D,D,D,D,D,D,D,D,D,D,D,D
SDP5;HYS2;HUS2;POL31,N,N,N,N,A,N,N,A,N,N,A,N,N,A,N,A,N,A,A,N,N,N,A,N,N,A,A,A,N,A,A,N
POL32;REV5,N,N,N,N,N,N,N,N,N,N,N,N,N,N,N,N,N,N,N,N,N,N,N,N,N,N,N,N,N,N,N,N
RAD55,N,N,N,N,N,N,N,N,N,N,N,N,N,N,N,N,N,N,N,N,N,N,N,N,N,N,N,N,N,N,N,N
TEL1,B,B,B,B,B,B,B,B,B,B,B,B,B,B,B,B,B,B,B,B,B,B,B,B,B,B,B,B,B,B,B,B
