PDH-E1_ALPHA,D,D,N,N,D,N,D,D,D,N,D,N,D,D,D,D,N,D,D,N,D,N,D,D,N,N,D,N,N,N,D,N
IAR4,D,D,N,N,D,N,D,D,D,N,D,N,D,D,D,D,N,D,D,N,D,N,D,D,N,N,D,N,N,N,D,N
PDH-E1_BETA,D,D,N,N,D,D,D,D,D,N,D,D,D,D,D,D,N,D,D,N,D,N,D,D,N,N,D,D,N,N,D,N
E1_ALPHA,D,D,N,N,D,N,D,D,D,N,D,N,D,D,D,D,N,D,D,N,D,N,D,D,N,N,D,N,N,N,D,N
5,D,D,N,N,D,D,D,D,D,N,D,D,D,D,D,D,N,D,D,N,D,N,D,D,N,N,D,D,N,N,D,N
MAB1,D,D,N,N,D,D,D,D,D,N,D,D,D,D,D,D,N,D,D,N,D,N,D,D,N,N,D,D,N,N,D,N
PPC1,B,N,B,N,N,N,B,B,B,N,B,N,B,N,B,N,B,B,N,N,N,N,N,N,N,N,B,N,N,N,B,N
PPC4,B,N,B,N,N,N,B,B,B,N,B,N,B,N,B,N,B,B,N,N,N,N,N,N,N,N,B,N,N,N,B,N
PPC2,B,N,B,N,N,N,B,B,B,N,B,N,B,N,B,N,B,B,N,N,N,N,N,N,N,N,B,N,N,N,B,N
PPC3,B,N,B,N,N,N,B,B,B,N,B,N,B,N,B,N,B,B,N,N,N,N,N,N,N,N,B,N,N,N,B,N
PCK1,B,B,N,N,B,B,N,B,B,N,N,B,B,N,B,B,B,N,B,N,N,N,N,B,N,N,B,B,N,N,N,N
PCK2,B,B,N,N,B,B,N,B,B,N,N,B,B,N,B,B,B,N,B,N,N,N,N,B,N,N,B,B,N,N,N,N
PPDK,N,N,N,N,N,N,N,N,N,N,N,N,N,N,N,N,N,N,N,N,N,N,N,N,N,N,N,N,N,N,N,N
PKp3,D,D,D,D,D,D,D,D,D,N,D,D,D,D,D,N,D,D,D,D,D,D,D,D,D,D,D,D,D,D,D,D
15,D,D,D,D,D,D,D,D,D,N,D,D,D,D,D,N,D,D,D,D,D,D,D,D,D,D,D,D,D,D,D,D
16,D,D,D,D,D,D,D,D,D,N,D,D,D,D,D,N,D,D,D,D,D,D,D,D,D,D,D,D,D,D,D,D
PKP-ALPHA,D,D,D,D,D,D,D,D,D,N,D,D,D,D,D,N,D,D,D,D,D,D,D,D,D,D,D,D,D,D,D,D
18,D,D,D,D,D,D,D,D,D,N,D,D,D,D,D,N,D,D,D,D,D,D,D,D,D,D,D,D,D,D,D,D
19,D,D,D,D,D,D,D,D,D,N,D,D,D,D,D,N,D,D,D,D,D,D,D,D,D,D,D,D,D,D,D,D
20,D,D,D,D,D,D,D,D,D,N,D,D,D,D,D,N,D,D,D,D,D,D,D,D,D,D,D,D,D,D,D,D
21,D,D,D,D,D,D,D,D,D,N,D,D,D,D,D,N,D,D,D,D,D,D,D,D,D,D,D,D,D,D,D,D
22,D,D,D,D,D,D,D,D,D,N,D,D,D,D,D,N,D,D,D,D,D,D,D,D,D,D,D,D,D,D,D,D
23,D,D,D,D,D,D,D,D,D,N,D,D,D,D,D,N,D,D,D,D,D,D,D,D,D,D,D,D,D,D,D,D
24,D,D,D,D,D,D,D,D,D,N,D,D,D,D,D,N,D,D,D,D,D,D,D,D,D,D,D,D,D,D,D,D
PKP-BETA1,D,D,D,D,D,D,D,D,D,N,D,D,D,D,D,N,D,D,D,D,D,D,D,D,D,D,D,D,D,D,D,D
26,D,D,D,D,D,D,D,D,D,N,D,D,D,D,D,N,D,D,D,D,D,D,D,D,D,D,D,D,D,D,D,D
27,D,D,D,D,D,D,D,D,D,N,D,D,D,D,D,N,D,D,D,D,D,D,D,D,D,D,D,D,D,D,D,D
28,N,N,N,N,N,B,N,N,N,N,B,N,N,B,N,N,N,N,N,B,N,N,N,N,N,B,N,N,N,N,N,N
GLX1,N,N,N,N,N,B,N,N,N,N,B,N,N,B,N,N,N,N,N,B,N,N,N,N,N,B,N,N,N,N,N,N
30,N,N,N,N,N,B,N,N,N,N,B,N,N,B,N,N,N,N,N,B,N,N,N,N,N,B,N,N,N,N,N,N
31,D,N,D,N,D,D,N,N,D,N,D,N,N,D,N,N,N,D,D,N,N,N,N,D,N,N,N,N,N,N,N,D
GLX2-4,D,N,N,N,N,N,D,D,D,N,D,N,N,N,N,N,D,D,N,N,N,N,N,N,N,N,N,N,N,N,D,D
GLX2-5,D,N,N,N,N,N,D,D,D,N,D,N,N,N,N,N,D,D,N,N,N,N,N,N,N,N,N,N,N,N,D,D
GLX2-1,N,N,N,N,N,N,N,N,N,N,N,N,N,N,N,N,N,N,N,N,N,N,N,N,N,N,N,N,N,N,N,N
GLY2,D,N,N,N,N,N,D,D,D,N,D,N,N,N,N,N,D,D,N,N,N,N,N,N,N,N,N,N,N,N,D,D
NAD-ME1,C,N,C,N,N,N,N,N,C,N,N,N,N,C,C,N,C,N,N,N,C,N,N,N,N,N,C,C,N,N,C,C
NAD-ME2,C,N,C,N,N,N,N,N,C,N,N,N,N,C,C,N,C,N,N,N,C,N,N,N,N,N,C,C,N,N,C,C
NADP-ME4,C,N,C,N,N,N,N,N,C,N,N,N,N,C,C,N,C,N,N,N,C,N,N,N,N,N,C,C,N,N,C,C
NADP-ME1,C,N,C,N,N,N,N,N,C,N,N,N,N,C,C,N,C,N,N,N,C,N,N,N,N,N,C,C,N,N,C,C
NADP-ME2,C,N,C,N,N,N,N,N,C,N,N,N,N,C,C,N,C,N,N,N,C,N,N,N,N,N,C,C,N,N,C,C
NADP-ME3,C,N,C,N,N,N,N,N,C,N,N,N,N,C,C,N,C,N,N,N,C,N,N,N,N,N,C,C,N,N,C,C
c-NAD-MDH1,B,B,N,N,N,N,N,B,B,N,B,N,N,N,N,B,B,N,N,N,B,N,B,N,N,N,N,N,N,N,B,N
mMDH1,B,B,N,N,N,N,N,B,B,N,B,N,N,N,N,B,B,N,N,N,B,N,B,N,N,N,N,N,N,N,B,N
PMDH1,B,B,N,N,N,N,N,B,B,N,B,N,N,N,N,B,B,N,N,N,B,N,B,N,N,N,N,N,N,N,B,N
mMDH2,B,B,N,N,N,N,N,B,B,N,B,N,N,N,N,B,B,N,N,N,B,N,B,N,N,N,N,N,N,N,B,N
MDH,B,B,N,N,N,N,N,B,B,N,B,N,N,N,N,B,B,N,N,N,B,N,B,N,N,N,N,N,N,N,B,N
PMDH2,B,B,N,N,N,N,N,B,B,N,B,N,N,N,N,B,B,N,N,N,B,N,B,N,N,N,N,N,N,N,B,N
c-NAD-MDH2,B,B,N,N,N,N,N,B,B,N,B,N,N,N,N,B,B,N,N,N,B,N,B,N,N,N,N,N,N,N,B,N
c-NAD-MDH3,B,B,N,N,N,N,N,B,B,N,B,N,N,N,N,B,B,N,N,N,B,N,B,N,N,N,N,N,N,N,B,N
50,B,B,N,N,N,N,N,B,B,N,B,N,N,N,N,B,B,N,N,N,B,N,B,N,N,N,N,N,N,N,B,N
MLS,B,B,B,N,N,N,N,B,N,N,B,B,N,B,B,B,N,N,B,B,N,N,N,B,B,N,N,B,B,N,B,N
52,B,B,N,N,N,N,N,B,B,N,B,N,N,N,N,B,B,N,N,N,B,N,B,N,N,N,N,N,N,N,B,N
ACS,D,D,D,D,D,D,D,D,D,N,D,D,D,D,D,D,D,D,D,D,D,D,D,D,D,D,D,D,D,D,D,D
ALDH2B7,D,D,D,N,D,D,D,D,D,N,D,D,D,D,D,D,D,D,D,D,D,D,D,D,D,D,D,D,D,D,D,N
ALDH3H1,D,D,D,N,D,D,D,D,D,N,D,D,D,D,D,D,D,D,D,D,D,D,D,D,D,D,D,D,D,D,D,N
ALDH7B4,D,D,D,N,D,D,D,D,D,N,D,D,D,D,D,D,D,D,D,D,D,D,D,D,D,D,D,D,D,D,D,N
ALDH2B4,D,D,D,N,D,D,D,D,D,N,D,D,D,D,D,D,D,D,D,D,D,D,D,D,D,D,D,D,D,D,D,N
ALDH3I1,D,D,D,N,D,D,D,D,D,N,D,D,D,D,D,D,D,D,D,D,D,D,D,D,D,D,D,D,D,D,D,N
ALDH3F1,D,D,D,N,D,D,D,D,D,N,D,D,D,D,D,D,D,D,D,D,D,D,D,D,D,D,D,D,D,D,D,N
AACT1,D,N,D,N,D,D,D,N,D,N,D,D,D,D,D,N,D,D,D,N,D,D,D,N,D,D,N,D,N,D,D,N
ACAT2,D,N,D,N,D,D,D,N,D,N,D,D,D,D,D,N,D,D,D,N,D,D,D,N,D,D,N,D,N,D,D,N
MAML-4,N,N,B,N,N,N,B,B,B,N,B,N,N,N,N,N,B,B,N,B,B,N,N,N,N,B,N,B,N,N,B,N
IMS1,N,N,B,N,N,N,B,B,B,N,B,N,N,N,N,N,B,B,N,B,B,N,N,N,N,B,N,B,N,N,B,N
ACC1,N,D,D,N,N,D,D,D,D,N,N,D,N,D,N,D,D,D,D,D,D,D,N,D,D,N,D,D,N,D,D,N
ACC2,N,D,D,N,N,D,D,D,D,N,N,D,D,D,N,D,D,D,D,D,D,D,N,D,D,N,D,D,N,D,D,N
CAC3,N,N,C,N,C,N,N,C,C,N,N,N,N,C,C,C,N,N,C,N,C,N,C,C,C,C,C,C,C,N,C,C
BCCP2,N,N,B,N,N,N,N,B,B,N,N,N,N,N,N,N,B,B,N,B,B,N,N,N,N,N,N,B,N,N,B,N
CAC1,N,N,B,N,N,N,N,B,B,N,N,N,N,N,N,N,B,B,N,B,B,N,N,N,N,N,N,B,N,N,B,N
CAC2,N,D,D,N,N,D,D,D,D,N,N,D,N,D,N,D,D,D,D,D,D,D,N,D,D,N,D,D,N,D,D,N
accD,N,D,N,N,N,D,D,N,N,N,N,D,N,D,N,D,D,D,D,D,N,D,N,D,D,N,D,D,N,D,N,N
EMB3003,D,D,D,D,D,D,D,D,D,N,D,D,D,D,D,D,D,D,D,D,D,D,D,D,D,D,D,D,D,D,D,D
72,D,D,D,D,D,D,D,D,D,N,D,D,D,D,D,D,D,D,D,D,D,D,D,D,D,D,D,D,D,D,D,D
73,D,D,D,D,D,D,D,D,D,N,D,D,D,D,D,D,D,D,D,D,D,D,D,D,D,D,D,D,D,D,D,D
LTA2,D,D,D,D,D,D,D,D,D,N,D,D,D,D,D,D,D,D,D,D,D,D,D,D,D,D,D,D,D,D,D,D
LTA3,D,D,D,D,D,D,D,D,D,N,D,D,D,D,D,D,D,D,D,D,D,D,D,D,D,D,D,D,D,D,D,D
mtLPD1,B,N,N,N,N,N,N,N,N,N,B,N,N,B,N,N,N,N,N,N,N,B,N,N,B,N,N,N,N,N,N,N
LPD1,B,N,N,N,N,N,N,N,N,N,B,N,N,B,N,N,N,N,N,N,N,B,N,N,B,N,N,N,N,N,N,N
mtLPD2,B,N,N,N,N,N,N,N,N,N,B,N,N,B,N,N,N,N,N,N,N,B,N,N,B,N,N,N,N,N,N,N
79,B,N,N,N,N,N,N,N,N,N,B,N,N,B,N,N,N,N,N,N,N,B,N,N,B,N,N,N,N,N,N,N
80,N,N,N,N,N,N,N,N,N,N,N,N,N,N,N,N,N,N,N,N,N,N,N,N,N,N,N,N,N,N,N,N
YLS5,N,N,N,N,N,N,N,N,N,N,N,N,N,N,N,N,N,N,N,N,N,N,N,N,N,N,N,N,N,N,N,N
DJ1D,N,N,N,N,N,N,N,N,N,N,N,N,N,N,N,N,N,N,N,N,N,N,N,N,N,N,N,N,N,N,N,N
DJ1F,N,N,N,N,N,N,N,N,N,N,N,N,N,N,N,N,N,N,N,N,N,N,N,N,N,N,N,N,N,N,N,N
FUM1,N,N,N,N,N,N,N,N,N,N,N,N,N,N,N,N,N,N,N,N,N,N,N,N,N,N,N,N,N,N,N,N
FUM2,N,N,N,N,N,N,N,N,N,N,N,N,N,N,N,N,N,N,N,N,N,N,N,N,N,N,N,N,N,N,N,N
