CAT,B,N,B,N,N,B,B,B,B,N,B,B,N,N,B,N,N,N,B,N,B,N,N,N,B,N,N,B,N,N,N,B
PBFE;LBP;L-PBE;ECHD;FRTS3;EHHADH;LBFP,D,D,D,N,N,N,D,D,D,N,D,D,D,D,D,D,D,D,D,D,D,D,D,D,N,D,N,D,D,N,D,D
HHF4;SCHAD;HAD;HADH1;MSCHAD;HCDH;HADHSC;HADH,D,D,D,N,N,N,D,D,D,N,D,D,D,D,D,D,D,D,D,D,D,D,D,D,N,D,N,D,D,N,D,D
IDO2;INDOL1,N,N,N,N,N,N,N,N,N,N,N,N,N,N,N,N,N,N,N,N,N,N,N,N,N,N,N,N,N,N,N,N
IDO;IDO-1;IDO1;INDO,N,N,N,N,N,N,N,N,N,N,N,N,N,N,N,N,N,N,N,N,N,N,N,N,N,N,N,N,N,N,N,N
FIG1;LAO;IL4I1;LAAO,A,N,N,N,N,N,N,N,N,N,A,N,N,A,N,N,N,N,N,N,A,N,N,N,N,N,N,N,N,N,A,N
P1-450;CYP1;CYP1A1;AHRR;P450DX;P450-C;CYPIA1;AHH;CP11,D,D,D,N,D,D,D,D,D,N,D,D,D,D,D,D,D,D,D,D,D,D,D,D,N,D,D,D,D,D,D,D
P3-450;CYPIA2;CP12;CYP1A2;P450(PA),D,D,D,N,D,D,D,D,D,N,D,D,D,D,D,D,D,D,D,D,D,D,D,D,N,D,D,D,D,D,D,D
GLC3A;CYP1B1;CYPIB1;CP1B;ASGD6;P4501B1,D,D,D,N,D,D,D,D,D,N,D,N,D,D,D,D,D,D,D,D,D,D,D,D,N,D,N,D,D,N,D,D
HIOMTY;ASMT;ASMTY;HIOMT,D,D,N,N,N,N,N,N,D,N,D,N,N,N,N,N,N,D,D,N,D,N,N,N,N,N,N,N,N,N,D,N
DSPS;SNAT;AANAT,A,N,N,N,N,N,N,N,N,N,A,N,N,A,N,N,N,N,N,N,N,N,A,N,A,N,N,N,N,N,A,N
MAO-A;MAOA;BRNRS,B,N,N,N,N,N,N,B,N,N,B,N,N,B,N,N,N,N,N,N,B,N,B,N,N,N,N,N,N,N,B,N
MAOB,N,B,N,N,N,N,N,B,N,N,B,N,B,B,N,N,N,N,N,N,N,N,B,N,N,N,N,N,N,N,N,N
AADC;DDC,N,N,N,N,N,N,N,N,N,N,N,N,N,N,N,N,N,N,N,N,N,N,N,N,N,N,N,N,N,N,N,N
KFA;FKF;KF;AFMID,D,D,D,N,D,N,N,D,D,N,D,N,D,D,N,N,N,D,D,D,N,D,N,D,N,D,N,D,N,N,D,D
ACAT1;MAT;THIL;T2;ACAT,D,N,D,N,D,D,D,N,D,N,D,D,D,D,D,N,D,D,D,N,D,D,D,N,D,D,N,D,N,D,D,N
ACAT2,D,N,D,N,D,D,D,N,D,N,D,D,D,D,D,N,D,D,D,N,D,D,D,N,D,D,N,D,N,D,D,N
SCEH;ECHS1D;ECHS1,D,D,D,N,D,D,D,D,D,N,D,D,D,D,D,N,D,D,D,D,D,D,D,D,N,D,N,D,D,N,D,D
ECHA;MTPA;TP-ALPHA;HADHA;GBP;LCHAD;LCEH;HADH,D,D,D,N,N,N,D,D,D,N,D,D,D,D,D,D,D,D,D,D,D,D,D,D,N,D,N,D,D,N,D,D
ACAD5;GCDH;GCD,D,D,D,D,D,D,D,D,D,N,D,D,D,D,D,D,D,D,D,D,D,D,D,D,D,D,N,D,D,D,D,D
AKGDH;OGDC;OGDH;E1k,D,D,D,D,D,D,D,D,D,N,D,D,D,D,D,D,D,D,D,D,D,D,D,D,D,D,D,D,D,D,D,D
OGDHL,D,D,D,D,D,D,D,D,D,N,D,D,D,D,D,D,D,D,D,D,D,D,D,D,D,D,D,D,D,D,D,D
ACMSD,N,N,N,N,N,N,N,N,N,N,N,N,N,N,N,N,N,N,N,N,N,N,N,N,N,N,N,N,N,N,N,N
HAAO;HAO;3-HAO,B,N,B,N,N,B,N,N,N,N,B,N,B,N,N,N,N,N,B,N,B,N,B,N,B,N,N,B,B,N,B,B
KYNU;KYNUU,N,N,B,B,N,B,B,N,N,N,N,N,N,N,N,N,N,N,N,N,B,N,N,N,N,N,N,N,N,N,N,N
dJ317G22.1;KMO,N,B,B,N,B,N,B,B,B,N,B,N,N,B,N,N,N,B,B,B,B,N,B,B,N,B,N,N,N,N,B,N
TRPO;TDO;TPH2;TDO2;TO,N,N,N,N,N,N,N,N,N,N,N,N,N,N,N,N,N,N,N,N,N,N,N,N,N,N,N,N,N,N,N,N
TPH2;NTPH;ADHD7,N,N,N,N,N,N,N,N,N,N,N,N,N,N,N,N,N,N,N,N,N,N,N,N,N,N,N,N,N,N,N,N
TPH;TPH1;TPRH;TRPH,N,N,N,N,N,N,N,N,N,N,N,N,N,N,N,N,N,N,N,N,N,N,N,N,N,N,N,N,N,N,N,N
AADAT;KAT2;KYAT2;KATII,D,N,D,D,D,D,N,D,D,N,D,D,D,D,D,D,D,D,D,N,D,D,D,D,N,N,N,D,D,N,D,N
CCBL2;KAT3;KYAT3;KATIII,D,N,D,D,D,D,N,D,D,N,D,D,D,D,D,D,D,D,D,D,D,D,D,D,N,N,N,D,D,N,D,D
KATI;KAT1;KYAT1;CCBL1;GTK,D,N,D,D,D,D,N,D,D,N,D,D,D,D,D,D,D,D,D,D,D,D,D,D,N,N,N,D,D,N,D,D
ALDH-E2;ALDM;ALDH2;ALDHI,D,D,D,N,D,D,D,D,D,N,D,D,D,D,D,D,D,D,D,D,D,D,D,D,D,D,D,D,D,D,D,N
ALDH1B1;ALDHX;ALDH5,D,D,D,N,D,D,D,D,D,N,D,D,D,D,D,D,D,D,D,D,D,D,D,D,D,D,D,D,D,D,D,N
E3;ALDH7;TMABADH;ALDH4;ALDH9;ALDH9A1,D,D,D,N,D,D,D,D,D,N,D,D,D,D,D,D,D,D,D,D,D,D,D,D,D,D,D,D,D,D,D,N
ALDH10;FALDH;ALDH3A2;SLS,D,D,D,N,D,D,D,D,D,N,D,D,D,D,D,D,D,D,D,D,D,D,D,D,D,D,D,D,D,D,D,N
ATQ1;ALDH7A1;PDE;EPD,D,D,D,N,D,D,D,D,D,N,D,D,D,D,D,D,D,D,D,D,D,D,D,D,D,D,D,D,D,D,D,N
AO;AOH1;AOX1,N,N,N,N,N,N,N,B,N,N,B,N,N,B,N,N,N,N,N,N,B,N,N,N,N,N,N,N,N,N,B,B
DAO;ABP;KAO;DAO1;ABP1;AOC1,N,N,N,N,N,N,N,N,B,N,B,N,N,N,B,N,N,N,N,B,N,N,N,N,N,N,N,B,N,N,N,N
INMT;TEMT,N,N,N,N,N,N,N,N,N,N,N,N,N,N,N,N,N,N,N,N,N,N,N,N,N,N,N,N,N,N,N,N
