CSAD;PCAP;CSD,N,N,N,N,N,N,N,N,N,N,N,N,N,N,N,N,N,N,N,N,N,N,N,N,N,N,N,N,N,N,N,N
SCP;GAD;CPSQ1;GAD1,N,N,N,N,N,N,N,N,N,N,N,N,N,N,N,N,N,N,N,N,N,N,N,N,N,N,N,N,N,N,N,N
GAD2;GAD65,N,N,N,N,N,N,N,N,N,N,N,N,N,N,N,N,N,N,N,N,N,N,N,N,N,N,N,N,N,N,N,N
CDO1;CDO-I,A,N,N,N,N,N,N,A,N,N,A,N,N,N,N,N,N,N,N,N,N,A,N,N,N,N,N,N,N,N,N,N
ADO;C10orf22,N,A,N,N,A,N,N,N,A,N,A,N,N,A,A,N,N,N,A,N,A,N,A,N,N,A,N,N,N,N,N,A
GADL1;HuADC;ADC;HuCSADC;CSADC,N,N,N,N,N,N,N,N,N,N,N,N,N,N,N,N,N,N,N,N,N,N,N,N,N,N,N,N,N,N,N,N
GGT6,N,N,N,N,N,B,N,N,N,N,B,B,N,N,N,N,N,N,N,N,N,N,N,B,N,N,N,B,N,N,B,N
GGT_1;D22S732;D22S672;GGT;GTG;GGT1;CD224,N,N,N,N,N,D,D,N,N,N,D,D,N,D,N,N,N,N,N,N,N,D,N,D,N,N,N,D,N,N,D,N
GGT4;GGTL3;GGT7;D20S101;GGTL5,N,N,N,N,N,D,D,N,N,N,D,D,N,D,N,N,N,N,N,N,N,D,N,D,N,N,N,D,N,N,D,N
GGL;GGT5;GGT_5;GGT-REL;GGTLA1,N,N,N,N,N,D,D,N,N,N,D,D,N,D,N,N,N,N,N,N,N,D,N,D,N,N,N,D,N,N,D,N
BAT;BACAT;BAAT,N,N,N,N,N,N,N,N,N,N,N,N,N,N,N,N,N,N,N,N,N,N,N,N,N,N,N,N,N,N,N,N
