rps30-1,D,D,D,D,D,D,D,D,D,D,D,D,D,D,D,D,D,D,D,D,D,D,D,D,D,D,D,D,N,D,D,D
rps30-2,D,D,D,D,D,D,D,D,D,D,D,D,D,D,D,D,D,D,D,D,D,D,D,D,D,D,D,D,N,D,D,D
rpl13,C,C,N,N,N,N,N,N,C,N,C,C,N,C,N,N,N,N,N,N,N,N,N,N,N,N,N,N,C,C,C,N
rpl28,N,N,N,N,N,N,A,A,N,N,A,A,A,N,N,N,N,N,N,N,A,N,N,N,N,A,N,N,N,N,N,N
rps14,N,D,D,D,D,D,D,D,D,N,D,D,N,D,N,D,D,D,D,D,D,N,N,D,D,D,N,N,D,D,D,D
rps23,D,D,N,D,D,D,D,D,N,D,D,N,D,N,D,D,D,D,D,D,N,D,D,N,N,D,D,N,N,N,D,D
rps18,B,N,B,N,N,N,B,N,N,N,N,N,N,N,N,N,N,N,B,B,N,N,N,N,N,N,N,B,N,N,N,N
rps29,D,D,D,N,N,N,D,D,D,D,N,N,N,D,N,N,D,D,D,N,D,N,N,D,D,N,D,D,D,D,N,N
rps13,D,D,D,N,N,D,D,D,D,D,N,N,D,D,D,D,D,D,D,D,D,D,N,D,D,D,D,D,D,D,D,D
rps11,N,N,N,N,N,N,N,N,N,N,N,N,N,N,N,N,N,N,N,N,N,N,N,N,N,N,N,N,N,N,N,N
rps15,N,D,D,D,D,D,D,D,D,N,D,N,D,N,D,N,N,N,D,D,D,N,D,D,D,N,N,D,N,D,N,N
rps6,N,N,N,N,N,N,N,N,N,N,N,N,N,N,N,N,N,N,N,N,N,N,N,N,N,N,N,N,N,N,N,N
rps8,D,D,N,D,D,D,D,D,D,D,D,N,D,D,D,D,D,D,D,D,D,D,D,D,N,D,D,D,D,D,D,D
rps17,N,C,C,N,C,N,C,C,C,C,N,N,N,C,N,N,C,C,N,N,C,C,N,C,C,C,N,C,N,C,C,N
rps19,N,D,D,D,N,D,D,N,N,N,D,N,N,N,N,N,N,D,N,N,N,N,D,N,D,N,N,N,N,N,N,N
rps24,N,N,N,N,N,N,N,N,C,C,N,C,N,N,N,N,N,N,C,N,N,N,N,N,C,N,N,N,N,C,N,N
rps27,D,D,N,N,N,D,D,D,D,D,D,D,D,D,N,D,D,N,N,N,D,N,N,N,D,D,N,D,D,D,D,D
ubqC,D,D,D,D,D,D,D,D,D,D,D,D,D,D,D,D,D,D,D,D,D,D,D,D,D,D,D,D,D,D,D,D
rps7,A,A,A,A,A,A,N,N,A,N,A,A,A,A,A,A,A,N,A,A,A,A,A,N,A,A,A,A,A,A,A,A
rps10,N,A,N,A,A,A,A,A,A,A,A,A,A,A,N,A,A,A,A,A,A,A,A,A,A,A,N,A,A,A,A,A
rps12,C,N,C,N,C,N,C,C,C,N,C,C,N,C,N,N,C,N,C,N,C,C,N,C,C,C,C,C,C,C,C,C
rps21,C,C,N,N,C,N,N,C,C,N,C,N,C,C,N,C,C,C,C,C,N,C,C,N,N,C,C,C,C,C,C,N
rps25,N,D,N,D,N,D,N,D,D,N,D,D,D,N,D,D,N,D,D,N,N,D,N,D,D,N,N,D,D,N,D,N
rps26,D,D,D,D,N,D,N,D,D,D,D,D,D,N,D,D,D,D,D,D,D,D,D,D,D,N,D,D,D,D,N,D
rps28,N,C,N,N,N,N,C,C,C,N,N,N,N,N,N,C,C,N,N,N,N,C,N,N,N,N,N,C,N,N,N,N
rps4,D,D,D,D,D,D,D,D,D,D,N,D,D,D,D,D,D,D,D,D,D,D,D,D,D,D,D,D,D,D,D,D
rps3a,D,D,D,N,N,D,D,D,D,N,D,D,D,D,D,D,D,N,D,D,D,D,D,D,D,D,D,D,D,N,D,D
rnlA,N,N,N,N,N,N,N,N,N,N,N,N,N,N,N,N,N,N,N,N,N,N,N,N,N,N,N,N,N,N,N,N
rpl11,N,N,D,N,N,D,D,N,N,N,N,D,D,N,N,N,N,N,N,N,N,N,N,D,D,N,N,N,N,N,N,N
rpl3,D,D,D,N,D,N,N,N,D,N,N,D,N,D,N,N,D,N,N,N,N,D,N,D,N,D,N,N,N,D,D,N
rpl11,N,N,N,N,N,N,N,N,N,N,N,N,N,N,N,N,N,N,N,N,N,N,N,N,N,N,N,N,N,N,N,N
rpl9,N,N,N,N,N,N,N,N,D,N,D,N,N,N,N,N,N,N,N,D,N,N,D,N,N,N,N,N,N,N,N,N
rplP0,N,D,N,D,D,D,N,D,N,D,D,D,N,N,N,N,D,D,D,N,D,N,D,N,N,N,N,N,N,N,D,D
rpl12,N,N,D,N,N,D,D,N,N,N,N,D,D,N,N,N,N,N,N,N,N,N,N,D,D,N,N,N,N,N,N,N
rpl13a,N,N,N,N,N,N,N,N,N,N,N,N,N,N,N,N,N,N,N,N,N,N,N,N,N,N,N,N,N,N,N,N
36,N,N,N,N,B,B,N,N,B,N,B,N,N,N,N,N,N,N,N,N,N,N,N,B,N,N,B,N,N,N,B,N
mrpl3,D,D,N,N,N,N,N,N,D,N,N,D,N,D,N,N,D,N,N,N,N,N,N,D,N,D,N,N,N,D,D,N
rpl10a,N,N,N,N,N,D,N,N,D,N,D,N,D,D,N,N,N,N,N,N,N,N,N,D,N,D,D,D,N,N,D,N
rpl8,D,D,D,D,D,D,D,D,D,D,D,N,D,D,D,D,D,D,N,D,N,D,D,D,D,D,D,D,D,D,D,D
rpl23,D,D,D,D,D,D,N,D,D,D,N,D,N,D,D,D,N,N,D,D,D,N,N,D,D,D,D,D,D,D,D,D
rpl27a,N,N,N,N,N,N,N,N,D,D,N,N,N,N,N,N,N,D,N,N,N,N,N,N,N,N,N,N,N,D,N,N
mrpl15,D,D,N,N,N,N,N,N,D,D,D,N,D,N,N,D,N,D,N,D,N,D,N,N,D,N,N,N,N,D,N,N
rpl5,N,N,N,C,N,N,C,C,C,C,C,C,N,N,C,C,N,N,C,C,N,N,N,C,C,C,C,N,C,N,N,C
rpl17,D,D,N,N,N,N,N,N,D,N,N,N,N,N,D,D,N,N,N,N,D,D,N,N,N,N,D,D,N,N,N,N
rpl23a,N,N,D,N,N,N,D,D,D,N,N,N,N,D,D,N,D,N,N,N,N,D,N,D,N,D,N,D,N,N,D,D
46,N,N,N,N,N,N,N,N,N,N,N,N,N,N,N,N,N,N,N,N,N,N,N,N,N,N,N,N,N,N,N,N
rpl26,N,D,N,N,N,N,D,D,D,D,D,N,N,D,N,D,D,N,D,D,D,N,D,D,N,D,D,D,D,D,D,D
48,N,N,N,N,N,N,N,N,N,N,N,N,N,N,N,N,N,N,N,N,N,N,N,N,N,N,N,N,N,N,N,N
rpl35,D,D,N,D,D,N,D,D,D,N,N,N,N,D,D,D,N,N,N,D,N,N,D,N,N,D,D,D,N,N,N,N
rpl7,N,D,N,N,D,N,N,N,D,N,N,N,N,D,N,D,D,N,N,N,N,N,N,N,D,N,D,D,N,N,D,N
rpl15-1,D,D,D,D,D,D,D,D,D,D,N,D,D,D,D,D,D,D,D,D,D,N,D,D,D,D,D,D,D,D,D,D
rpl15-2,D,D,D,D,D,D,D,D,D,D,N,D,D,D,D,D,D,D,D,D,D,N,D,D,D,D,D,D,D,D,D,D
rpl18,N,N,N,C,C,N,N,N,C,C,N,N,C,N,N,N,C,N,N,N,N,N,N,C,N,N,N,N,N,N,C,N
rpl19,D,D,D,D,D,D,D,D,D,D,N,D,D,N,N,N,N,N,N,D,D,N,D,D,D,N,D,D,D,D,D,N
rpl21,N,C,N,N,N,N,C,N,N,N,N,N,C,N,N,N,N,N,N,N,N,N,N,N,N,N,N,C,N,N,N,N
rlp24,D,D,D,D,D,D,D,D,D,D,D,D,D,D,D,D,D,D,D,D,D,D,D,D,N,D,D,D,D,D,D,D
rpl24,D,D,D,D,D,D,D,D,D,D,D,D,D,D,D,D,D,D,D,D,D,D,D,D,N,D,D,D,D,D,D,D
rpl30,D,D,D,N,D,N,D,D,D,D,D,N,N,N,D,D,D,D,N,N,D,N,N,D,D,D,N,D,D,N,D,N
rpl39,N,D,D,N,N,N,D,D,D,N,N,N,D,D,D,N,D,N,D,N,D,D,N,N,N,D,N,N,N,N,D,N
ubqB,D,D,D,D,D,D,D,D,D,D,D,D,D,D,D,D,D,D,D,D,D,D,D,D,D,D,D,D,D,D,D,D
rpl36a,C,C,N,N,N,C,N,N,N,N,N,N,N,N,N,N,N,N,N,C,N,N,N,N,N,N,C,N,N,N,N,N
rpl31,C,C,N,C,N,C,N,C,C,C,C,N,C,C,N,N,N,C,C,N,N,N,N,N,N,C,N,N,N,N,C,C
rpl32,N,N,N,N,N,C,N,N,C,N,C,N,N,C,N,N,N,N,N,N,C,N,N,N,N,N,C,C,C,N,N,N
rpl34,N,C,N,N,N,C,N,C,C,C,N,C,N,N,C,C,N,N,N,N,N,N,N,C,N,C,N,N,N,N,N,N
rpl35a,C,N,N,N,C,C,C,N,C,C,C,C,N,C,C,C,C,C,C,N,N,N,N,C,N,N,C,N,N,C,C,N
rpl37,N,D,D,N,N,D,N,N,N,N,N,D,N,N,N,N,N,N,N,N,N,N,N,N,D,N,N,D,N,N,N,N
rpl37A,D,D,N,D,D,D,D,D,D,D,D,N,N,D,N,D,D,N,D,D,D,N,N,D,D,N,D,D,N,N,N,D
rpl6,C,C,C,N,C,C,N,C,C,C,N,C,N,C,C,C,N,N,C,C,N,N,N,C,C,N,C,N,C,N,C,C
rpl18a,N,A,A,A,A,A,A,A,A,A,N,A,A,A,A,A,A,A,A,A,A,N,A,A,A,A,A,A,A,A,A,A
rpl22,A,N,N,A,N,N,A,A,A,N,A,A,A,N,N,A,A,N,N,A,N,A,A,A,N,N,N,N,N,N,A,N
rpl22a,A,N,N,A,N,N,A,A,A,N,A,A,A,N,N,A,A,N,N,A,N,A,A,A,N,N,N,N,N,N,A,N
rpl27,A,A,N,A,A,A,A,A,A,A,A,A,N,A,N,N,N,N,N,A,A,N,N,A,A,A,A,A,A,A,A,A
rpl29,A,A,N,A,A,A,N,A,A,N,A,A,N,A,N,N,N,A,A,A,A,N,A,A,A,A,A,N,A,N,A,A
rpl36,A,A,A,A,A,N,A,N,A,A,A,A,A,A,A,A,A,A,A,N,A,N,A,A,A,N,N,N,A,N,A,A
rpl38,N,C,N,N,N,C,C,N,N,N,C,C,N,N,N,N,N,C,C,N,N,N,N,N,N,N,N,N,N,N,N,N
rpl4,D,D,D,N,D,D,N,D,D,N,D,D,D,D,D,D,D,N,D,D,N,D,D,D,D,D,N,D,D,N,D,D
rpl7a,C,C,C,C,C,N,C,C,C,C,C,C,C,C,C,C,C,C,C,C,C,C,C,C,C,C,C,C,C,C,C,C
rpl10,D,D,D,N,D,D,N,D,D,D,D,D,D,D,D,D,D,D,D,D,D,D,D,D,D,D,D,D,N,D,D,D
rpl14,N,N,C,N,N,N,N,C,C,N,N,N,N,N,C,C,N,N,C,N,N,N,N,C,N,N,C,N,C,N,C,C
80,N,N,N,N,N,N,N,N,N,N,N,N,N,N,N,N,N,N,N,N,N,N,N,N,N,N,N,N,N,N,N,N
81,B,N,N,N,B,N,N,N,B,N,B,N,N,N,N,N,B,N,B,N,B,N,B,N,N,B,N,N,N,N,N,N
rplP1,N,N,A,N,A,N,N,N,A,N,A,N,N,A,A,N,N,N,N,A,N,A,A,N,A,N,N,A,A,N,N,N
rplP2,N,A,A,A,N,N,N,N,A,N,N,N,N,N,N,N,A,N,N,A,A,A,N,A,A,N,A,N,N,N,N,A
rplp1B,N,N,A,N,A,N,N,N,A,N,A,N,N,A,A,N,N,N,N,A,N,A,A,N,A,N,N,A,A,N,N,N
mrpl17,N,B,N,N,B,N,N,N,B,N,B,B,N,B,N,N,N,N,N,B,B,B,N,N,N,N,N,N,N,N,N,N
86,B,B,N,N,N,N,B,B,B,N,B,B,N,N,N,N,N,N,N,B,N,N,B,N,N,B,N,N,N,N,B,B
87,B,B,N,N,N,N,B,B,B,N,B,B,N,N,N,N,N,N,N,B,N,N,B,N,N,B,N,N,N,N,B,B
mrpl21,N,N,N,N,N,N,N,N,N,N,N,N,N,N,N,N,N,N,N,N,N,N,N,N,N,N,N,N,N,N,N,N
mrpl27,B,B,B,N,N,B,N,B,N,N,B,B,N,N,N,N,N,N,B,B,B,N,N,N,N,N,B,B,N,N,B,N
90,N,N,N,N,N,N,N,N,N,N,N,N,N,N,N,N,N,N,N,N,N,N,N,N,N,N,N,N,N,N,N,N
mrpl34,N,N,N,N,N,N,N,N,N,N,N,N,N,N,N,N,N,N,N,N,N,N,N,N,N,N,N,N,N,N,N,N
92,N,N,N,N,N,N,N,N,N,N,N,N,N,N,N,N,N,N,N,N,N,N,N,N,N,N,N,N,N,N,N,N
rnsA,N,N,N,N,N,N,N,N,N,N,N,N,N,N,N,N,N,N,N,N,N,N,N,N,N,N,N,N,N,N,N,N
rps4,B,N,N,N,N,N,N,B,B,N,N,B,N,N,N,N,B,N,B,B,N,B,N,B,B,B,N,B,N,N,N,B
95,N,N,N,N,D,N,N,N,N,D,N,N,N,N,N,D,N,N,N,N,N,N,N,N,N,N,N,N,N,N,N,N
mrps10,B,N,N,N,N,B,N,N,N,N,B,B,N,N,N,N,N,N,B,N,N,N,N,B,N,B,N,N,N,N,B,N
rps2,N,D,N,N,N,N,N,D,D,D,N,D,N,N,N,N,D,D,N,N,D,N,N,D,N,D,N,D,D,N,D,N
rps5,N,N,N,N,N,N,N,N,N,N,N,N,N,N,N,N,N,N,N,N,N,N,N,N,N,N,N,N,N,N,N,N
rps15a,N,N,N,N,B,N,B,N,N,N,B,N,N,N,N,N,N,N,N,N,B,N,N,N,N,N,N,N,N,N,N,N
rps16,N,N,N,N,D,N,N,N,N,D,N,N,N,N,N,D,N,N,N,N,N,N,N,N,N,N,N,N,N,N,N,N
rps20,B,N,N,N,N,B,N,N,N,N,B,B,N,N,N,N,N,N,B,N,N,N,N,B,N,B,N,N,N,N,B,N
rpsA,N,N,N,N,N,N,N,N,N,N,N,N,N,N,N,N,N,N,N,N,N,N,N,N,N,N,N,N,N,N,N,N
rps3,N,N,N,N,N,N,N,N,N,N,N,N,N,N,N,N,N,N,N,N,N,N,N,N,N,N,N,N,N,N,N,N
rps14,N,N,N,N,N,N,N,N,N,N,N,N,N,N,N,N,N,N,N,N,N,N,N,N,N,N,N,N,N,N,N,N
rps9,B,N,N,B,N,N,N,B,B,N,N,B,N,N,N,N,B,N,B,B,B,B,N,B,B,B,B,B,N,N,N,B
