pssA,A,N,A,N,A,N,N,N,A,N,N,A,N,N,A,N,A,N,N,N,A,N,N,N,N,A,N,N,N,N,A,N
2,D,D,D,N,N,N,D,D,D,N,N,D,N,D,N,N,N,N,N,N,D,N,N,N,D,D,D,N,N,D,D,D
3,A,N,N,N,N,N,N,N,A,N,A,N,N,N,N,N,A,N,A,N,N,N,N,N,N,A,N,N,A,A,A,N
4,D,N,N,N,D,N,D,D,D,N,D,D,D,N,D,D,D,N,N,N,D,D,D,D,N,D,D,D,D,D,D,N
pctA,D,N,N,N,D,N,D,D,D,N,D,D,D,N,D,D,D,N,N,N,D,D,D,D,N,D,D,D,D,D,D,N
etnkA,N,A,N,A,N,N,N,N,A,N,A,A,N,A,N,N,N,N,A,N,N,N,N,A,N,A,N,N,N,N,A,N
etnkB,N,A,N,A,N,N,N,N,A,N,A,A,N,A,N,N,N,N,A,N,N,N,N,A,N,A,N,N,N,N,A,N
dgkA,A,N,A,A,A,A,N,A,A,N,A,N,N,A,N,A,A,N,A,A,A,A,A,A,N,A,A,A,A,A,A,A
9,N,A,A,N,A,A,A,A,A,N,A,N,N,N,A,A,N,A,N,N,A,A,A,A,A,A,A,N,N,N,A,A
10,D,D,N,N,D,D,N,D,D,N,D,D,N,D,N,N,N,D,D,N,N,N,N,D,N,D,N,N,N,N,D,N
pldC,D,D,N,N,N,N,D,N,D,N,D,D,D,D,N,N,D,N,N,D,D,D,D,N,N,D,N,D,N,N,D,N
pldB,D,D,D,N,N,D,D,D,D,N,D,D,D,D,D,D,D,D,D,D,D,D,D,D,N,D,D,D,D,D,D,N
pldA,D,D,N,N,N,N,D,N,D,N,D,D,D,D,N,N,D,N,N,D,D,D,D,N,N,D,N,D,N,N,D,N
pldZ,N,N,N,N,N,N,N,N,N,N,N,N,N,N,N,N,N,N,N,N,N,N,N,N,N,N,N,N,N,N,N,N
pldY,N,N,N,N,N,N,N,N,N,N,N,N,N,N,N,N,N,N,N,N,N,N,N,N,N,N,N,N,N,N,N,N
16,N,N,N,N,D,N,N,D,D,N,D,N,N,N,D,N,N,N,N,N,N,N,N,N,N,D,N,N,N,N,D,D
17,D,D,D,D,D,D,D,D,D,N,D,D,D,D,D,D,D,D,D,D,D,D,D,D,D,D,D,D,D,D,D,D
18,N,A,A,N,N,N,A,N,A,N,A,A,N,A,N,N,N,N,N,A,N,N,N,A,N,A,N,N,N,N,A,N
19,N,A,A,N,N,N,A,N,A,N,A,A,N,A,N,N,N,N,N,A,N,N,N,A,N,A,N,N,N,N,A,N
20,N,N,N,N,N,N,N,N,N,N,N,N,N,N,N,N,N,N,N,N,N,N,N,N,N,N,N,N,N,N,N,N
21,N,B,B,B,N,B,B,B,B,N,B,B,N,N,N,N,B,N,B,N,B,N,B,N,N,N,N,N,N,B,B,B
22,N,B,B,B,B,N,N,B,B,N,B,B,B,B,B,B,N,B,B,B,N,N,B,N,N,N,N,N,B,N,B,B
23,N,N,N,N,N,N,N,N,N,N,N,N,N,N,N,N,N,N,N,N,N,N,N,N,N,N,N,N,N,N,N,N
captA,A,A,A,N,A,A,N,N,A,N,A,N,A,N,A,N,A,A,N,A,A,N,A,A,A,A,A,N,A,A,A,N
captC,A,A,A,N,A,A,N,N,A,N,A,N,A,N,A,N,A,A,N,A,A,N,A,A,A,A,A,N,A,A,A,N
captB,A,A,A,N,A,A,N,N,A,N,A,N,A,N,A,N,A,A,N,A,A,N,A,A,A,A,A,N,A,A,A,N
27,N,N,N,N,N,N,N,N,N,N,N,N,N,N,N,N,N,N,N,N,N,N,N,N,N,N,N,N,N,N,N,N
cdsA,B,N,B,N,N,N,B,B,B,N,B,N,N,N,N,B,N,N,N,N,N,N,N,N,N,N,N,B,N,N,B,N
29,B,B,B,B,B,B,N,B,B,N,B,N,B,B,N,N,B,B,B,B,B,B,B,B,N,N,B,B,B,B,B,B
30,B,B,B,B,B,B,N,B,B,N,B,N,B,B,B,B,B,B,B,B,B,B,B,B,B,B,B,B,B,B,B,B
31,B,B,B,B,B,B,N,B,B,N,B,N,B,B,N,N,B,B,B,B,B,B,B,B,N,N,B,B,B,B,B,B
32,A,A,A,N,A,A,A,N,N,N,N,N,N,N,N,N,N,N,A,N,N,N,N,A,A,N,N,A,N,A,N,N
pgs1,B,N,B,N,N,N,N,N,N,N,B,N,N,N,B,N,N,N,B,N,N,N,B,N,N,B,N,B,N,B,B,N
taz,N,N,B,N,N,N,B,B,B,N,N,B,N,N,N,N,N,B,B,B,B,N,N,N,N,B,B,N,N,N,B,N
pemtA,N,D,N,N,D,D,D,N,D,N,D,N,N,D,N,N,N,D,D,N,N,D,N,N,N,N,N,D,N,D,D,N
pemtB,N,D,N,N,D,D,D,N,D,N,D,N,N,D,N,N,N,D,D,N,N,D,N,N,N,N,N,D,N,D,D,N
37,D,D,N,N,N,N,N,N,D,N,N,D,D,N,N,N,D,N,N,D,D,N,D,N,N,N,N,D,N,N,D,N
