VPS30;VPT30;ATG6;APG6,N,A,A,N,N,N,N,A,A,N,A,N,A,N,N,N,N,A,A,N,N,N,A,A,N,N,N,A,N,N,A,N
GRD8;VAC4;VPS15;VPS40;VPT15;VPL19,D,D,D,D,D,D,D,D,D,N,D,D,D,D,D,D,D,D,D,D,D,D,D,D,D,D,D,D,D,D,D,D
APG17;ATG17,N,N,N,N,N,N,N,N,N,N,N,N,N,N,N,N,N,N,N,N,N,N,N,N,N,N,N,N,N,N,N,N
ATG1;AUT3;CVT10;APG1,D,D,D,D,D,D,D,D,D,D,D,D,D,D,D,D,D,D,D,D,D,D,D,D,D,D,D,D,D,D,D,D
CVT7;APG9;AUT9;ATG9;CVT6,A,A,A,N,N,N,N,N,A,N,A,N,N,A,N,A,N,A,N,N,N,A,A,N,A,N,N,A,N,A,A,A
ATG13;APG13,N,N,N,N,N,N,N,N,N,N,N,N,N,N,N,N,N,N,N,N,N,N,N,N,N,N,N,N,N,N,N,N
CVT12;ATG14;APG14,N,N,N,N,N,N,N,N,N,N,N,N,N,N,N,N,N,N,N,N,N,N,N,N,N,N,N,N,N,N,N,N
END12;VPL7;VPT29;VPS34;STT8;VPS7;PEP15,B,B,B,B,B,B,B,B,B,B,B,B,B,B,B,B,B,B,B,B,B,B,B,B,B,B,B,B,B,B,B,B
CCR1;CAT1;HAF3;SNF1;GLC2;PAS14,D,D,D,D,D,D,D,D,D,D,D,D,D,D,D,D,D,D,D,D,D,D,D,D,D,D,D,D,D,D,D,D
CIS1;ATG31,N,N,N,N,N,N,N,N,N,N,N,N,N,N,N,N,N,N,N,N,N,N,N,N,N,N,N,N,N,N,N,N
ATG29,N,N,N,N,N,N,N,N,N,N,N,N,N,N,N,N,N,N,N,N,N,N,N,N,N,N,N,N,N,N,N,N
SPO72;ATG2;AUT8;APG2,N,N,A,N,N,N,N,N,A,N,A,A,N,N,A,N,A,N,A,N,A,A,A,N,N,A,A,N,N,N,A,N
CVT18;NMR1;ATG18;AUT10;SVP1,N,A,A,A,A,N,N,N,A,N,A,A,N,N,N,A,A,A,A,N,A,N,A,A,A,N,N,N,A,A,A,A
MAI1;HSV1;ATG21,N,A,A,A,A,N,N,N,A,N,A,A,N,N,N,A,A,A,A,N,A,N,A,A,A,N,N,N,A,A,A,A
ATG38,N,N,N,N,N,N,N,N,N,N,N,N,N,N,N,N,N,N,N,N,N,N,N,N,N,N,N,N,N,N,N,N
TSC1;SCS1;LCB2,D,D,D,D,D,D,D,D,D,N,D,D,D,D,N,D,D,D,D,D,D,D,N,D,D,D,N,D,D,D,D,D
LCB1;TSC2;END8,D,D,D,D,D,D,D,D,D,N,D,D,D,D,N,D,D,D,D,D,D,D,N,D,D,D,N,D,D,D,D,D
SRA3;PKA1;TPK1,D,D,D,D,D,D,D,D,D,D,D,D,D,D,D,D,D,D,D,D,D,D,D,D,D,D,D,D,D,D,D,D
TPK3,D,D,D,D,D,D,D,D,D,D,D,D,D,D,D,D,D,D,D,D,D,D,D,D,D,D,D,D,D,D,D,D
PKA3;YKR1;TPK2;PKA2,D,D,D,D,D,D,D,D,D,D,D,D,D,D,D,D,D,D,D,D,D,D,D,D,D,D,D,D,D,D,D,D
PAK1;SAK1,D,D,D,D,D,D,D,D,D,D,D,D,D,D,D,D,D,D,D,D,D,D,D,D,D,D,D,D,D,D,D,D
LDB9;ELM1,D,D,D,D,D,D,D,D,D,D,D,D,D,D,D,D,D,D,D,D,D,D,D,D,D,D,D,D,D,D,D,D
TOS3,D,D,D,D,D,D,D,D,D,D,D,D,D,D,D,D,D,D,D,D,D,D,D,D,D,D,D,D,D,D,D,D
TSL7;RAS2;GLC5;CTN5;CYR3,D,D,D,D,D,D,D,D,D,D,D,D,D,D,D,D,D,D,D,D,D,D,D,D,D,D,D,D,D,D,D,D
RAS1,D,D,D,D,D,D,D,D,D,D,D,D,D,D,D,D,D,D,D,D,D,D,D,D,D,D,D,D,D,D,D,D
HRM2;SCH9;KOM1,D,D,D,D,D,D,D,D,D,D,D,D,D,D,D,D,D,D,D,D,D,D,D,D,D,D,D,D,D,D,D,D
SLK2;MPK1;SLT2;BYC2;LYT2,D,D,D,D,D,D,D,D,D,D,D,D,D,D,D,D,D,D,D,D,D,D,D,D,D,D,D,D,D,D,D,D
ATG23;CVT23,N,N,N,N,N,N,N,N,N,N,N,N,N,N,N,N,N,N,N,N,N,N,N,N,N,N,N,N,N,N,N,N
ETF1;ATG27,N,N,N,N,N,N,N,N,N,N,N,N,N,N,N,N,N,N,N,N,N,N,N,N,N,N,N,N,N,N,N,N
ATG11;CVT3;CVT9,N,N,N,N,N,N,N,N,N,N,N,N,N,N,N,N,N,N,N,N,N,N,N,N,N,N,N,N,N,N,N,N
ARP2;ACT2,D,D,D,D,D,D,D,D,D,D,D,D,D,D,D,D,D,D,D,D,D,D,D,D,D,D,D,D,D,D,D,D
ACT4;ARP3,D,D,D,D,D,D,D,D,D,D,D,D,D,D,D,D,D,D,D,D,D,D,D,D,D,D,D,D,D,D,D,D
APG3;AUT1;ATG3,A,N,A,N,A,N,N,A,N,N,A,A,A,A,A,A,A,A,A,N,N,N,N,N,N,A,N,A,N,A,A,N
APG8;ATG8;CVT5;AUT7,N,A,N,N,A,N,N,N,A,N,A,N,A,N,A,N,N,A,N,A,A,N,A,A,A,N,N,A,A,A,A,N
APG4;ATG4;AUT2,A,N,A,N,N,N,N,N,A,N,A,N,A,N,A,N,N,N,A,A,N,A,N,A,N,N,N,A,N,A,A,N
APG16;ATG16;SAP18;APG15;CVT11,N,N,N,N,N,N,N,N,N,N,N,N,N,N,N,N,N,N,N,N,N,N,N,N,N,N,N,N,N,N,N,N
ATG12;APG12,A,N,N,N,N,N,N,N,A,N,A,N,A,N,N,N,N,A,A,N,A,N,A,A,N,A,N,N,A,N,A,A
APG10;ATG10,N,N,N,N,N,N,N,N,N,N,N,N,N,N,N,N,N,N,N,N,N,N,N,N,N,N,N,N,N,N,N,N
CVT2;ATG7;APG11;APG7,D,D,D,N,D,D,D,D,D,N,D,D,D,D,D,D,N,N,D,N,D,D,D,D,D,D,D,D,D,D,D,D
PEP4;PHO9;PRA1;yscA,N,N,A,N,N,N,N,N,A,N,A,A,N,N,A,N,N,N,N,A,N,N,N,N,N,A,N,N,N,N,A,N
CVT1;PRB1,D,D,D,N,N,N,N,D,D,N,D,N,D,D,N,D,D,D,D,N,D,D,D,D,N,D,D,N,D,D,D,D
YSP3,D,D,D,N,N,N,N,D,D,N,D,N,D,D,N,D,D,D,D,N,D,D,D,D,N,D,D,N,D,D,D,D
ATG15;CVT17;AUT5,N,N,N,N,N,N,N,N,N,N,N,N,N,N,N,N,N,N,N,N,N,N,N,N,N,N,N,N,N,N,N,N
PTH1;VAM3,N,N,N,N,A,N,N,A,N,N,N,N,N,N,N,A,N,N,A,N,A,N,N,N,N,N,N,N,N,N,N,A
VAM7;VPL24;VPS43,N,N,N,N,N,N,N,N,N,N,N,N,N,N,N,N,N,N,N,N,N,N,N,N,N,N,N,N,N,N,N,N
VTI1,A,A,A,N,A,A,N,N,A,N,A,A,A,A,N,A,A,N,A,A,A,N,A,A,N,N,A,N,N,A,N,N
YKT6,A,A,A,N,N,N,N,N,A,N,A,A,A,A,A,N,N,A,A,A,A,A,N,N,N,A,N,A,N,A,A,A
ANU4;SEC18,D,D,D,D,D,D,D,D,D,D,D,D,D,D,D,D,D,D,D,D,D,D,D,D,D,D,D,D,D,D,D,D
SEC17;RNS3,D,D,D,D,D,N,D,D,D,N,D,D,D,D,D,N,D,D,D,D,D,D,D,D,N,D,D,D,D,D,D,D
YPT7;VAM4;AST4,D,D,D,D,D,D,D,D,D,D,D,D,D,D,D,D,D,D,D,D,D,D,D,D,D,D,D,D,D,D,D,D
AUT12;MON1,N,N,A,N,N,N,N,A,N,N,A,A,N,N,N,N,N,N,N,N,N,N,N,A,N,N,N,N,N,A,A,A
CCZ1;CVT16,N,N,N,N,N,N,N,N,N,N,N,N,N,N,N,N,N,N,N,N,N,N,N,N,N,N,N,N,N,N,N,N
VPL9;VPT11;END1;VAM1;VPS11;PEP5,N,N,N,N,N,N,N,N,N,N,N,N,N,N,N,N,N,N,N,N,N,N,N,N,N,N,N,N,N,N,N,N
VPS16;VAM9;CVT15;SVL6;VPT16,N,N,A,N,A,N,N,N,A,N,A,A,N,A,N,N,N,A,N,N,N,N,A,A,N,N,A,N,A,N,A,A
VAM8;VPT18;PEP3;VPS18,N,A,A,N,A,N,A,N,N,N,N,N,A,A,N,N,N,A,A,N,N,A,A,A,N,N,N,A,N,A,A,N
VPL25;VPS33;MET27;PEP14;SLP1;CLS14;VPT33;VAM5,A,N,N,N,A,N,A,N,A,N,A,A,N,A,N,A,A,N,A,N,N,N,A,N,A,N,A,N,N,A,A,A
VPT17;PEP6;VPS3;VPL3,N,N,N,N,N,N,N,N,N,N,N,N,N,N,N,N,N,N,N,N,N,N,N,N,N,N,N,N,N,N,N,N
VPL8;VPS8;VPT8;FUN15,N,N,N,N,N,N,N,N,N,N,N,N,N,N,N,N,N,N,N,N,N,N,N,N,N,N,N,N,N,N,N,N
VPL18;VAM6;VPS39;CVT4;VPL22,N,A,A,N,A,N,A,N,A,N,N,N,A,A,A,N,N,A,A,N,A,A,A,A,N,N,A,A,N,A,A,N
SVL2;CVT8;FET2;VAM2;VPL20;VPS41,N,A,A,N,A,N,A,N,N,N,N,N,A,A,N,N,N,A,A,N,N,A,A,A,N,N,N,A,N,A,A,N
STT10;VPL28;VPS45,A,N,A,A,A,A,A,N,A,N,A,A,N,A,A,A,A,N,A,A,N,N,A,A,A,N,A,N,N,A,A,A
AAS102;NDR2;AAS1;GCN2,D,D,D,D,D,D,D,D,D,D,D,D,D,D,D,D,D,D,D,D,D,D,D,D,D,D,D,D,D,D,D,D
SUI2,N,D,N,D,D,D,D,D,D,D,D,D,D,D,N,D,D,D,D,D,N,D,N,D,D,D,D,N,N,N,D,N
GCN4;ARG9;AAS3;AAS101,N,N,N,N,N,N,N,N,N,N,N,N,N,N,N,N,N,N,N,N,N,N,N,N,N,N,N,N,N,N,N,N
TAP42,N,N,N,N,N,N,N,N,N,N,N,N,N,N,N,N,N,N,N,N,N,N,N,N,N,N,N,N,N,N,N,N
LAS24;KOG1,N,A,A,N,A,A,A,A,A,N,A,N,A,A,A,N,A,N,A,N,N,N,A,N,A,A,A,N,N,A,A,N
DRR1;TOR1,C,C,C,C,C,C,C,C,C,C,C,C,C,C,C,C,C,C,C,C,C,C,C,C,C,C,C,C,C,C,C,C
DRR2;TOR2,C,C,C,C,C,C,C,C,C,C,C,C,C,C,C,C,C,C,C,C,C,C,C,C,C,C,C,C,C,C,C,C
LST8,D,D,D,D,D,D,D,D,D,D,D,D,D,D,D,D,D,D,D,D,D,D,D,D,D,D,D,D,D,D,D,D
YMR1,D,D,D,D,D,D,D,D,D,N,D,D,D,D,D,D,D,D,D,D,D,D,D,D,D,D,D,D,D,D,D,D
ATG22;AUT4,N,N,N,N,N,N,N,N,N,N,N,N,N,N,N,N,N,N,N,N,N,N,N,N,N,N,N,N,N,N,N,N
AVT3,A,N,A,A,A,N,N,N,A,N,A,A,N,A,A,A,A,N,A,A,N,N,A,N,N,N,N,A,N,A,A,N
AVT4,A,N,A,A,A,N,N,A,A,N,A,A,N,A,A,A,A,N,A,A,N,N,A,N,A,N,N,A,N,A,A,N
PPH21,D,D,D,D,D,D,D,D,D,N,D,D,D,D,D,D,D,D,D,D,D,D,D,D,D,D,D,D,D,D,D,D
PPH2;PPH22,D,D,D,D,D,D,D,D,D,N,D,D,D,D,D,D,D,D,D,D,D,D,D,D,D,D,D,D,D,D,D,D
TIP41,A,A,A,N,A,A,A,A,A,N,A,N,A,N,A,N,A,N,N,A,A,A,N,A,A,A,N,A,A,A,A,A
RIM15;TAK1,D,D,D,D,D,D,D,D,D,D,D,D,D,D,D,D,D,D,D,D,D,D,D,D,D,D,D,D,D,D,D,D
MSN4,D,D,D,D,D,D,D,D,D,N,D,D,D,D,D,D,N,N,D,D,D,D,D,D,D,D,D,D,D,D,D,D
MSN2,D,D,D,D,D,D,D,D,D,N,D,D,D,D,D,D,N,N,D,D,D,D,D,D,D,D,D,D,D,D,D,D
PHO85;LDB15,D,D,D,D,D,D,D,D,D,D,D,D,D,D,D,D,D,D,D,D,D,D,D,D,D,D,D,D,D,D,D,D
PCL5,N,A,N,N,N,N,A,N,N,N,N,N,N,N,N,N,A,N,N,N,N,N,N,A,A,N,N,A,N,N,A,N
RIM16;CAR80;NIM2;UME6,N,N,N,N,N,N,N,N,N,N,N,N,N,N,N,N,N,N,N,N,N,N,N,N,N,N,N,N,N,N,N,N
ARGR3;IPK2;ARG82,A,N,N,N,A,N,A,N,A,N,A,N,N,N,N,N,A,N,A,N,N,N,N,N,N,A,N,A,N,N,A,N
KCS1,A,N,N,N,A,N,A,N,A,N,A,N,N,N,N,N,A,N,A,N,N,N,N,N,N,A,N,A,N,N,A,N
ATG5;APG5,N,N,N,N,N,N,N,N,N,N,N,N,N,N,N,N,N,N,N,N,N,N,N,N,N,N,N,N,N,N,N,N
