FASPS2;CKIdelta;ASPS;CSNK1D;HCKID,D,D,D,D,D,D,D,D,D,D,D,D,D,D,D,D,D,D,D,D,D,D,D,D,D,D,D,D,D,D,D,D
PKCA;PKC-alpha;PRKACA;PRKCA;AAG6,D,D,D,D,D,D,D,D,D,D,D,D,D,D,D,D,D,D,D,D,D,D,D,D,D,D,D,D,D,D,D,D
PRKCB2;PKCB;PRKCB1;PKC-beta;PRKCB,D,D,D,D,D,D,D,D,D,D,D,D,D,D,D,D,D,D,D,D,D,D,D,D,D,D,D,D,D,D,D,D
SCA14;PKCG;PKC-gamma;PRKCG;PKCC,D,D,D,D,D,D,D,D,D,D,D,D,D,D,D,D,D,D,D,D,D,D,D,D,D,D,D,D,D,D,D,D
GNAI1;Gi,C,N,C,N,N,N,C,C,C,N,C,C,C,C,C,C,N,N,C,C,C,C,N,C,N,C,N,C,C,C,C,C
GNAI2;GIP;H_LUCA16.1;H_LUCA15.1;GNAI2B,C,N,N,N,N,N,C,C,N,N,N,N,C,C,C,N,N,N,C,N,C,N,N,C,N,C,N,C,N,C,C,N
87U6;ARCND1;GNAI3,C,N,C,N,N,N,C,C,C,N,C,C,C,C,C,C,N,N,C,C,C,C,N,C,N,C,N,C,C,C,C,C
GJAL;PPKCA;CX43;EKVP;EKVP3;AVSD3;GJA1;CMDR;ODDD;HLHS1;HSS,N,N,N,N,N,N,N,N,N,N,N,N,N,N,N,N,N,N,N,N,N,N,N,N,N,N,N,N,N,N,N,N
GJD2;CX36;GJA9,N,N,N,N,N,N,N,N,N,N,N,N,N,N,N,N,N,N,N,N,N,N,N,N,N,N,N,N,N,N,N,N
ERK5;PRKM7;MAPK7;BMK1;ERK4,D,D,D,D,D,D,D,D,D,D,D,D,D,D,D,D,D,D,D,D,D,D,D,D,D,D,D,D,D,D,D,D
MEKK2;MAP3K2;MEKK2B,D,D,D,D,D,D,D,D,D,D,D,D,D,D,D,D,D,D,D,D,D,D,D,D,D,D,D,D,D,D,D,D
PRKMK5;MEK5;MAP2K5;MAPKK5;HsT17454,D,D,D,D,D,D,D,D,D,D,D,D,D,D,D,D,D,D,D,D,D,D,D,D,D,D,D,D,D,D,D,D
PRKGR1B;PKG;cGKI-BETA;cGK_1;PRKG1;cGK;cGKI;cGKI-alpha;AAT8;cGK1;PRKG1B,D,D,D,D,D,D,D,D,D,D,D,D,D,D,D,D,D,D,D,D,D,D,D,D,D,D,D,D,D,D,D,D
PRKGR2;cGKII;cGK2;PRKG2,D,D,D,D,D,D,D,D,D,D,D,D,D,D,D,D,D,D,D,D,D,D,D,D,D,D,D,D,D,D,D,D
5-HT2A;HTR2;HTR2A,N,N,N,N,N,N,N,N,N,N,N,N,N,N,N,N,N,N,N,N,N,N,N,N,N,N,N,N,N,N,N,N
5-HT-2B;5-HT2B;5-HT(2B);HTR2B,N,N,N,N,N,N,N,N,N,N,N,N,N,N,N,N,N,N,N,N,N,N,N,N,N,N,N,N,N,N,N,N
5-HT2C;5-HT1C;HTR1C;5HTR2C;HTR2C;5-HTR2C,N,N,N,N,N,N,N,N,N,N,N,N,N,N,N,N,N,N,N,N,N,N,N,N,N,N,N,N,N,N,N,N
CDC2;CDK1;P34CDC2;CDC28A,D,D,D,D,D,D,D,D,D,D,D,D,D,D,D,D,D,D,D,D,D,D,D,D,D,D,D,D,D,D,D,D
Mrec1.3;vzg-1;edg-2;LPAR1;GPR26;EDG2;LPA1;rec.1.3;Gpcr26;VZG1,N,N,N,N,N,N,N,N,N,N,N,N,N,N,N,N,N,N,N,N,N,N,N,N,N,N,N,N,N,N,N,N
PPNAD4;PKACA;PRKACA,D,D,D,D,D,D,D,D,D,D,D,D,D,D,D,D,D,D,D,D,D,D,D,D,D,D,D,D,D,D,D,D
PKACB;PRKACB;PKA_C-beta,D,D,D,D,D,D,D,D,D,D,D,D,D,D,D,D,D,D,D,D,D,D,D,D,D,D,D,D,D,D,D,D
BDPLT19;PRKACG;KAPG;PKACg,D,D,D,D,D,D,D,D,D,D,D,D,D,D,D,D,D,D,D,D,D,D,D,D,D,D,D,D,D,D,D,D
ZO-1;TJP1,D,D,D,D,D,D,D,D,D,N,D,D,D,D,D,D,D,D,D,D,D,D,D,D,N,D,D,D,D,D,D,D
FEOM3;TUBB3;CDCBM;TUBB4;CFEOM3A;CDCBM1;beta-4;CFEOM3,C,C,C,C,C,C,C,C,C,C,C,C,C,C,C,C,C,C,C,C,C,C,C,C,C,C,C,C,C,C,C,C
TUBB4;TUBB4A;DYT4;beta-5,C,C,C,C,C,C,C,C,C,C,C,C,C,C,C,C,C,C,C,C,C,C,C,C,C,C,C,C,C,C,C,C
TUBB2;TUBB2C;Beta2;TUBB4B,C,C,C,C,C,C,C,C,C,C,C,C,C,C,C,C,C,C,C,C,C,C,C,C,C,C,C,C,C,C,C,C
TUBB5;TUBB1;TUBB;M40;OK/SW-cl.56;CSCSC1;CDCBM6,C,C,C,C,C,C,C,C,C,C,C,C,C,C,C,C,C,C,C,C,C,C,C,C,C,C,C,C,C,C,C,C
OOMD;bA631M21.2;OOMD2;TUBB8,C,C,C,C,C,C,C,C,C,C,C,C,C,C,C,C,C,C,C,C,C,C,C,C,C,C,C,C,C,C,C,C
TUBB2B;CDCBM7;PMGYSA;bA506K6.1,C,C,C,C,C,C,C,C,C,C,C,C,C,C,C,C,C,C,C,C,C,C,C,C,C,C,C,C,C,C,C,C
TUBB2;TUBB2A;CDCBM5;TUBB,C,C,C,C,C,C,C,C,C,C,C,C,C,C,C,C,C,C,C,C,C,C,C,C,C,C,C,C,C,C,C,C
TUBB1,C,C,C,C,C,C,C,C,C,C,C,C,C,C,C,C,C,C,C,C,C,C,C,C,C,C,C,C,C,C,C,C
TUBB-5;HsT1601;TUBB6,C,C,C,C,C,C,C,C,C,C,C,C,C,C,C,C,C,C,C,C,C,C,C,C,C,C,C,C,C,C,C,C
ADCY1;AC1;DFNB44,D,D,D,D,D,D,D,D,D,N,D,D,D,D,D,D,D,D,D,D,D,D,D,D,D,D,D,D,D,D,D,D
ADCY2;AC2;HBAC2,D,D,D,D,D,D,D,D,D,N,D,D,D,D,D,D,D,D,D,D,D,D,D,D,D,D,D,D,D,D,D,D
AC3;AC-III;ADCY3,D,D,D,D,D,D,D,D,D,N,D,D,D,D,D,D,D,D,D,D,D,D,D,D,D,D,D,D,D,D,D,D
FDFM;AC5;ADCY5,D,D,D,D,D,D,D,D,D,N,D,D,D,D,D,D,D,D,D,D,D,D,D,D,D,D,D,D,D,D,D,D
AC6;LCCS8;ADCY6,D,D,D,D,D,D,D,D,D,N,D,D,D,D,D,D,D,D,D,D,D,D,D,D,D,D,D,D,D,D,D,D
ADCY7;AC7,D,D,D,D,D,D,D,D,D,N,D,D,D,D,D,D,D,D,D,D,D,D,D,D,D,D,D,D,D,D,D,D
ADCY8;AC8;HBAC1;ADCY3,D,D,D,D,D,D,D,D,D,N,D,D,D,D,D,D,D,D,D,D,D,D,D,D,D,D,D,D,D,D,D,D
ADCY9;AC9;ACIX,D,D,D,D,D,D,D,D,D,N,D,D,D,D,D,D,D,D,D,D,D,D,D,D,D,D,D,D,D,D,D,D
AC4;ADCY4,D,D,D,D,D,D,D,D,D,N,D,D,D,D,D,D,D,D,D,D,D,D,D,D,D,D,D,D,D,D,D,D
SRC;ASV;c-SRC;p60-Src;THC6;SRC1,D,D,D,D,D,D,D,D,D,D,D,D,D,D,D,D,D,D,D,D,D,D,D,D,D,D,D,D,D,D,D,D
K-ALPHA-1;TUBA1B,C,C,C,C,C,C,C,C,C,C,C,C,C,C,C,C,C,C,C,C,C,C,C,C,C,C,C,C,C,C,C,C
TUBA3E,C,C,C,C,C,C,C,C,C,C,C,C,C,C,C,C,C,C,C,C,C,C,C,C,C,C,C,C,C,C,C,C
H2-ALPHA;TUBA3D,C,C,C,C,C,C,C,C,C,C,C,C,C,C,C,C,C,C,C,C,C,C,C,C,C,C,C,C,C,C,C,C
TUBAL2;CDCBM8;TUBA8,C,C,C,C,C,C,C,C,C,C,C,C,C,C,C,C,C,C,C,C,C,C,C,C,C,C,C,C,C,C,C,C
TUBA4A;H2-ALPHA;TUBA1;ALS22,C,C,C,C,C,C,C,C,C,C,C,C,C,C,C,C,C,C,C,C,C,C,C,C,C,C,C,C,C,C,C,C
TUBA3C;bA408E5.3;TUBA2,C,C,C,C,C,C,C,C,C,C,C,C,C,C,C,C,C,C,C,C,C,C,C,C,C,C,C,C,C,C,C,C
LIS3;B-ALPHA-1;TUBA1A;TUBA3,C,C,C,C,C,C,C,C,C,C,C,C,C,C,C,C,C,C,C,C,C,C,C,C,C,C,C,C,C,C,C,C
TUBAL3,C,C,C,C,C,C,C,C,C,C,C,C,C,C,C,C,C,C,C,C,C,C,C,C,C,C,C,C,C,C,C,C
TUBA1C;TUBA6;bcm948,C,C,C,C,C,C,C,C,C,C,C,C,C,C,C,C,C,C,C,C,C,C,C,C,C,C,C,C,C,C,C,C
GUCY1A2;GUC1A2;GC-SA2,D,D,D,D,D,D,D,D,D,N,D,D,D,D,D,D,D,D,D,D,D,D,D,D,D,D,D,D,D,D,D,D
GUCY1A3;GC-SA3;GUCSA3;MYMY6;GUCA3;GUC1A3;GUCY1A1,D,D,D,D,D,D,D,D,D,N,D,D,D,D,D,D,D,D,D,D,D,D,D,D,D,D,D,D,D,D,D,D
GUCY1B3;GUCB3;GUC1B3;GC-S-beta-1;GUCSB3;GUCY1B1;GC-SB3,D,D,D,D,D,D,D,D,D,N,D,D,D,D,D,D,D,D,D,D,D,D,D,D,D,D,D,D,D,D,D,D
MAPK1;ERK;PRKM1;p41mapk;p42-MAPK;p41;MAPK2;p40;p38;ERK-2;ERK2;ERT1;PRKM2;P42MAPK,D,D,D,D,D,D,D,D,D,D,D,D,D,D,D,D,D,D,D,D,D,D,D,D,D,D,D,D,D,D,D,D
PRKM3;HS44KDAP;ERT2;P44ERK1;ERK-1;HUMKER1A;p44-MAPK;ERK1;p44-ERK1;P44MAPK;MAPK3,D,D,D,D,D,D,D,D,D,D,D,D,D,D,D,D,D,D,D,D,D,D,D,D,D,D,D,D,D,D,D,D
MKK1;PRKMK1;MEK1;CFC3;MAPKK1;MAP2K1,D,D,D,D,D,D,D,D,D,D,D,D,D,D,D,D,D,D,D,D,D,D,D,D,D,D,D,D,D,D,D,D
MAPKK2;PRKMK2;MEK2;MAP2K2;CFC4;MKK2,D,D,D,D,D,D,D,D,D,D,D,D,D,D,D,D,D,D,D,D,D,D,D,D,D,D,D,D,D,D,D,D
RAF1;NS5;CMD1NN;Raf-1;CRAF;c-Raf,D,D,D,D,D,D,D,D,D,N,D,D,D,D,D,D,D,D,D,D,D,D,D,D,D,D,D,D,D,D,D,D
C-H-RAS;HAMSV;H-RASIDX;RASH1;C-HA-RAS1;p21ras;C-BAS/HAS;HRAS1;CTLO;HRAS,D,D,D,D,D,D,D,D,D,D,D,D,D,D,D,D,D,D,D,D,D,D,D,D,D,D,D,D,D,D,D,D
K-RAS4B;KI-RAS;K-RAS4A;NS;c-Ki-ras2;KRAS1;C-K-RAS;NS3;RALD;KRAS2;K-RAS2A;RASK2;CFC2;KRAS;K-RAS2B;K-Ras,D,D,D,D,D,D,D,D,D,D,D,D,D,D,D,D,D,D,D,D,D,D,D,D,D,D,D,D,D,D,D,D
CMNS;ALPS4;NRAS1;NS6;N-ras;NCMS;NRAS,D,D,D,D,D,D,D,D,D,D,D,D,D,D,D,D,D,D,D,D,D,D,D,D,D,D,D,D,D,D,D,D
HGF;SOS1;GGF1;NS4;GINGF;GF1,D,D,D,D,D,D,D,D,D,N,D,D,D,D,D,D,D,D,D,D,D,D,D,D,D,D,D,D,D,D,D,D
SOS2;NS9;SOS-2,D,D,D,D,D,D,D,D,D,N,D,D,D,D,D,D,D,D,D,D,D,D,D,D,D,D,D,D,D,D,D,D
NCKAP2;MSTP084;Grb3-3;EGFRBP-GRB2;MST084;ASH;GRB2,D,D,D,D,D,D,D,D,D,N,D,D,D,D,D,D,D,D,D,D,D,D,D,D,D,D,D,D,D,D,D,D
mENA;EGFR;PIG61;ERBB1;NISBD2;ERBB;HER1,D,D,D,D,D,D,D,D,D,N,D,D,D,D,D,D,D,D,D,D,D,D,D,D,D,D,D,D,D,D,D,D
PDGFRA;PDGFR-2;PDGFR2;CD140A,D,D,D,D,D,D,D,D,D,D,D,D,D,D,D,D,D,D,D,D,D,D,D,D,D,D,D,D,D,D,D,D
IBGC4;PDGFR-1;PENTT;IMF1;PDGFRB;JTK12;KOGS;PDGFR;CD140B;PDGFR1,D,D,D,D,D,D,D,D,D,D,D,D,D,D,D,D,D,D,D,D,D,D,D,D,D,D,D,D,D,D,D,D
EGF;HOMG4;URG,D,D,D,D,D,D,D,D,D,N,D,D,D,D,D,D,D,D,D,D,D,D,D,D,D,D,D,D,D,D,D,D
PDGF-A;PDGF1;PDGFA,N,N,N,N,N,N,N,N,N,N,N,N,N,N,N,N,N,N,N,N,N,N,N,N,N,N,N,N,N,N,N,N
PDGF2;SIS;PDGF-2;c-sis;IBGC5;PDGFB;SSV,N,N,N,N,N,N,N,N,N,N,N,N,N,N,N,N,N,N,N,N,N,N,N,N,N,N,N,N,N,N,N,N
PDGFC;FALLOTEIN;SCDGF,B,B,B,N,N,N,N,B,N,N,N,N,N,N,N,N,B,N,N,N,B,B,N,B,N,B,B,N,N,N,B,B
SCDGF-B;MSTP036;IEGF;PDGFD;SCDGFB,B,B,B,N,N,N,N,B,N,N,N,N,N,N,N,N,B,N,N,N,B,B,N,B,N,B,B,N,N,N,B,B
B1AR;ADRB1;ADRB1R;RHR;BETA1AR,N,N,N,N,N,N,N,N,N,N,N,N,N,N,N,N,N,N,N,N,N,N,N,N,N,N,N,N,N,N,N,N
GSA;SCG6;GNAS;GSP;POH;SgVI;AHO;C20orf45;GNAS1;NESP;GPSA,C,N,N,N,N,N,C,C,N,N,N,N,C,C,C,N,N,N,C,N,C,N,N,C,N,C,N,C,N,C,C,N
FBH;GNA11;GNA-11;FHH2;HYPOC2;FBH2;HHC2,C,N,N,N,N,N,C,C,C,N,C,N,C,C,C,N,N,N,C,N,C,N,C,C,N,C,N,C,N,C,C,N
GAQ;CMC1;G-ALPHA-q;GNAQ;SWS,C,N,N,N,N,N,C,C,N,N,N,N,C,C,C,N,N,N,C,N,C,N,N,C,N,C,N,C,N,C,C,N
GRM1;MGLU1;GPRC1A;PPP1R85;MGLUR1;SCAR13,D,D,D,N,N,N,N,N,D,N,D,N,N,D,D,N,N,N,D,D,D,N,D,D,D,D,D,N,D,D,D,D
GRM5;MGLUR5;GPRC1E;PPP1R86;mGlu5,D,D,D,N,N,D,N,N,D,N,D,N,N,D,D,N,N,N,D,D,D,N,D,D,D,D,D,N,D,D,D,D
D2DR;D2R;DRD2,N,N,N,N,N,N,N,N,N,N,N,N,N,N,N,N,N,N,N,N,N,N,N,N,N,N,N,N,N,N,N,N
PI-PLC;PLCB1A;PLC-I;EIEE12;PLC154;PLCB1B;PLC-154;PLCB1;PLC-beta-1,D,D,D,D,D,D,D,D,D,N,D,D,D,D,D,D,D,D,D,D,D,D,D,D,D,D,D,D,D,D,D,D
PLCB2;PLC-beta-2,D,D,D,D,D,D,D,D,D,N,D,D,D,D,D,D,D,D,D,D,D,D,D,D,D,D,D,D,D,D,D,D
PLCB3,D,D,D,D,D,D,D,D,D,N,D,D,D,D,D,D,D,D,D,D,D,D,D,D,D,D,D,D,D,D,D,D
PI-PLC;PLCB4;ARCND2,D,D,D,D,D,D,D,D,D,N,D,D,D,D,D,D,D,D,D,D,D,D,D,D,D,D,D,D,D,D,D,D
DRD1A;DRD1;DADR,N,N,N,N,N,N,N,N,N,N,N,N,N,N,N,N,N,N,N,N,N,N,N,N,N,N,N,N,N,N,N,N
SCA16;IP3R1;PPP1R94;IP3R;ACV;INSP3R1;ITPR1;SCA15;CLA4;SCA29,A,N,N,A,N,N,N,N,N,N,A,N,A,A,A,N,N,N,N,A,N,N,N,N,N,N,N,N,N,N,A,N
ITPR2;CFAP48;IP3R2;ANHD;INSP3R2,A,N,N,A,N,N,N,N,N,N,A,N,A,A,A,N,N,N,N,A,N,N,N,N,N,N,N,N,N,N,A,N
ITPR3;IP3R;IP3R3,A,N,N,A,N,N,N,N,N,N,A,N,A,A,A,N,N,N,N,A,N,N,N,N,N,N,N,N,N,N,A,N
