LIG1,N,N,D,N,N,N,N,N,D,N,D,N,D,D,D,D,N,N,N,D,D,D,D,N,N,D,N,N,N,N,D,D
MF1;FEN1;RAD2;FEN-1,N,N,D,D,D,N,D,D,D,N,D,D,D,D,D,N,D,D,D,D,D,D,D,D,D,D,N,D,D,N,D,D
DNA2L;DNA2;hDNA2,D,D,D,D,D,D,D,D,D,D,D,D,D,D,D,D,D,D,D,D,D,D,D,D,D,D,D,D,D,D,D,N
RNHIA;RNASEH2A;RNASEHI;AGS4;JUNB;RNHL,N,N,N,N,N,N,N,N,N,N,N,N,N,N,N,N,N,N,N,N,N,N,N,N,N,N,N,N,N,N,N,N
RNASEH2B;DLEU8;AGS2,A,N,N,N,N,N,N,N,A,N,A,N,N,N,A,N,N,N,N,N,N,N,N,N,N,N,N,N,N,N,N,N
RFC40;RFC2,D,D,N,D,D,D,D,D,D,N,D,D,D,D,D,D,D,D,D,D,D,D,N,D,D,D,D,D,N,D,D,D
RFC37;RFC4;A1,D,D,D,D,D,D,D,D,D,N,D,D,D,D,D,D,D,D,D,D,D,D,N,D,D,D,D,D,N,D,D,D
RNASEH2C;AGS3;AYP1,A,N,A,N,N,N,N,A,A,N,A,N,N,N,A,N,N,N,N,A,A,A,N,N,N,A,A,A,N,N,A,A
RFC38;RFC3,D,D,N,N,D,D,D,D,D,N,D,D,D,D,D,D,D,D,D,D,D,D,N,D,D,D,D,N,N,D,D,D
RFC5;RFC36,D,D,D,D,D,D,D,D,D,N,D,D,D,D,D,D,D,D,D,D,D,D,N,D,D,D,D,D,N,D,D,D
PCNA;ATLD2,C,C,N,N,N,N,N,C,C,N,N,C,N,N,N,N,N,N,N,N,N,N,C,N,N,N,N,C,C,N,N,N
REPA3;RP-A_p14;RPA3,N,N,N,N,N,N,N,N,N,N,N,N,N,N,N,N,N,N,N,N,N,N,N,N,N,N,N,N,N,N,N,N
P1-CDC46;MGORS8;CDC46;MCM5,D,D,D,N,D,N,N,N,D,N,D,N,D,D,D,D,D,D,N,D,D,D,D,D,D,N,N,N,N,D,D,D
POLD4;p12;POLDS,N,N,A,N,N,A,N,A,A,N,A,N,N,A,N,A,A,N,A,N,A,A,N,A,N,N,N,N,N,N,A,N
POLD3;PPP1R128;P66;P68,A,N,N,N,N,N,N,N,A,N,N,N,N,A,N,N,N,N,N,N,N,N,N,N,N,N,N,N,N,N,A,N
p12;POLE4;YHHQ1,A,A,A,A,A,A,A,A,A,N,A,N,A,A,A,A,A,A,A,A,A,N,A,A,A,A,A,A,A,A,A,A
p17;YBL1;CHARAC17;POLE3;CHRAC17,C,C,C,N,N,C,N,N,C,N,C,C,C,N,C,N,N,C,N,C,C,N,C,C,C,C,C,C,C,C,C,C
SOSS-B1;SSBP1;mtSSB;SSBP;Mt-SSB,N,N,N,N,N,N,N,N,N,N,N,N,N,N,N,N,N,N,N,N,N,N,N,N,N,N,N,N,N,N,N,N
RNASEH1;RNH1;PEOB2;H1RNA,B,N,N,N,N,N,N,N,N,N,B,N,N,N,N,N,B,N,N,N,N,N,B,N,N,B,N,N,N,N,B,N
MITOTIN;CDCL1;D3S3194;MCM2;cdc19;BM28;DFNA70;CCNL1,D,D,D,N,D,N,N,N,D,N,D,N,D,D,D,D,D,D,N,D,D,D,D,D,D,N,N,N,N,D,D,D
RLFB;P1.h;MCM3;P1-MCM3;HCC5,D,D,D,N,D,N,N,N,D,N,D,N,D,D,D,D,D,D,N,D,D,D,D,D,D,N,N,N,N,D,D,D
NKGCD;P1-CDC21;CDC54;hCdc21;MCM4;NKCD;CDC21,D,D,D,N,D,N,N,N,D,N,D,N,D,D,D,D,D,D,N,D,D,D,D,D,D,N,N,N,N,D,D,D
POLA1;NSX;p180;POLA,D,D,D,D,D,D,D,D,D,N,D,D,D,D,D,D,D,D,D,D,D,D,D,D,D,D,D,D,D,D,D,D
POLA2,A,A,N,N,N,A,N,N,N,N,A,N,N,N,N,N,A,N,A,N,N,N,N,N,A,A,N,N,N,N,N,N
p49;PRIM1,N,D,N,N,D,D,N,D,N,N,D,N,D,N,N,D,N,N,D,D,N,D,D,N,N,D,N,N,D,N,D,N
PRIM2A;p58;PRIM2,N,N,A,N,N,N,N,A,A,N,N,N,N,N,A,N,N,A,N,A,N,A,A,N,N,A,N,N,N,N,N,N
MDPL;POLD;CRCS10;CDC2;POLD1,D,D,D,D,D,D,D,D,D,N,D,D,D,D,D,D,D,D,D,D,D,D,D,D,D,D,D,D,D,D,D,D
POLD2,N,N,N,N,A,N,N,A,N,N,A,N,N,A,N,A,N,A,A,N,N,N,A,N,N,A,A,A,N,A,A,N
FILS;POLE1;POLE;CRCS12,N,N,N,N,N,N,N,N,N,N,N,N,N,N,N,N,N,N,N,N,N,N,N,N,N,N,N,N,N,N,N,N
DPE2;POLE2,A,A,A,N,A,N,A,A,N,N,A,A,A,A,A,A,A,N,N,N,A,A,N,A,A,A,A,N,A,A,N,A
MCG40308;Mis5;MCM6;P105MCM,D,D,D,N,D,N,N,N,D,N,D,N,D,D,D,D,D,D,N,D,D,D,D,D,D,N,N,N,N,D,D,D
PPP1R104;P1CDC47;CDC47;PNAS146;P85MCM;MCM2;MCM7;P1.1-MCM3,D,D,D,N,D,N,N,N,D,N,D,N,D,D,D,D,D,D,N,D,D,D,D,D,D,N,N,N,N,D,D,D
MST075;REPA1;RF-A;HSSB;RP-A;RPA1;RPA70,D,D,D,N,D,D,D,D,D,N,D,D,D,D,D,N,D,D,D,D,D,D,D,D,D,D,D,D,D,D,D,D
RPA4;HSU24186,A,N,N,N,N,N,N,N,N,N,A,A,A,A,N,N,A,N,A,N,N,N,A,A,N,A,N,N,A,N,A,N
RP-A_p32;RP-A_p34;RPA2;RPA32;REPA2,A,N,N,N,N,N,N,N,N,N,A,A,A,A,N,N,A,N,A,N,N,N,A,A,N,A,N,N,A,N,A,N
RFC;RECC1;RFC140;PO-GA;MHCBFB;RFC1;A1,D,D,D,D,D,D,N,D,D,N,D,D,D,D,D,D,D,D,D,D,D,D,N,D,D,D,D,D,N,D,D,D
