1,N,N,N,N,N,N,N,N,N,N,N,N,N,N,N,N,N,N,N,N,N,N,N,N,N,N,N,N,N,N,N,N
2,N,D,N,N,N,N,D,N,D,N,N,N,N,D,N,N,N,N,N,D,D,D,N,D,N,D,N,D,N,N,D,N
3,N,D,N,N,N,N,D,N,D,N,N,N,N,D,N,N,N,N,N,D,D,D,N,D,N,D,N,D,N,N,D,N
4,N,N,N,N,N,N,N,N,N,N,N,N,N,N,N,N,N,N,N,N,N,N,N,N,N,N,N,N,N,N,N,N
5,N,B,N,N,N,N,N,N,B,N,N,N,N,N,N,N,B,N,N,N,N,N,N,N,N,N,N,N,N,N,B,N
6,C,N,N,N,C,C,C,N,N,N,N,N,N,C,C,C,C,C,C,C,C,N,C,C,C,C,N,C,C,C,C,C
7,N,N,D,N,N,D,N,N,D,N,D,D,D,D,D,N,D,D,N,N,N,D,D,N,D,D,N,D,N,D,D,N
8,D,D,D,N,D,D,D,D,D,N,D,D,D,D,D,D,D,D,D,D,D,D,D,D,D,D,D,D,D,D,D,D
9,B,N,N,N,N,N,N,N,N,N,B,N,N,B,N,N,N,N,N,N,N,B,N,N,B,N,N,N,N,N,N,N
10,N,N,N,N,N,N,N,N,N,N,N,N,N,N,N,N,N,N,N,N,N,N,N,N,N,N,N,N,N,N,N,N
