WNT16,N,N,N,N,N,N,N,N,N,N,N,N,N,N,N,N,N,N,N,N,N,N,N,N,N,N,N,N,N,N,N,N
WNT4;SERKAL;WNT-4,N,N,N,N,N,N,N,N,N,N,N,N,N,N,N,N,N,N,N,N,N,N,N,N,N,N,N,N,N,N,N,N
OI15;BMND16;WNT1;INT1,N,N,N,N,N,N,N,N,N,N,N,N,N,N,N,N,N,N,N,N,N,N,N,N,N,N,N,N,N,N,N,N
IRP;INT1L1;WNT2,N,N,N,N,N,N,N,N,N,N,N,N,N,N,N,N,N,N,N,N,N,N,N,N,N,N,N,N,N,N,N,N
WNT3;INT4;TETAMS,N,N,N,N,N,N,N,N,N,N,N,N,N,N,N,N,N,N,N,N,N,N,N,N,N,N,N,N,N,N,N,N
hWNT5A;WNT5A,N,N,N,N,N,N,N,N,N,N,N,N,N,N,N,N,N,N,N,N,N,N,N,N,N,N,N,N,N,N,N,N
WNT6,N,N,N,N,N,N,N,N,N,N,N,N,N,N,N,N,N,N,N,N,N,N,N,N,N,N,N,N,N,N,N,N
WNT7A,N,N,N,N,N,N,N,N,N,N,N,N,N,N,N,N,N,N,N,N,N,N,N,N,N,N,N,N,N,N,N,N
WNT7B,N,N,N,N,N,N,N,N,N,N,N,N,N,N,N,N,N,N,N,N,N,N,N,N,N,N,N,N,N,N,N,N
WNT8D;WNT8A,N,N,N,N,N,N,N,N,N,N,N,N,N,N,N,N,N,N,N,N,N,N,N,N,N,N,N,N,N,N,N,N
WNT8B,N,N,N,N,N,N,N,N,N,N,N,N,N,N,N,N,N,N,N,N,N,N,N,N,N,N,N,N,N,N,N,N
STHAG8;SHFM6;WNT10B;WNT-12,N,N,N,N,N,N,N,N,N,N,N,N,N,N,N,N,N,N,N,N,N,N,N,N,N,N,N,N,N,N,N,N
HWNT11;WNT11,N,N,N,N,N,N,N,N,N,N,N,N,N,N,N,N,N,N,N,N,N,N,N,N,N,N,N,N,N,N,N,N
WNT13;WNT2B,N,N,N,N,N,N,N,N,N,N,N,N,N,N,N,N,N,N,N,N,N,N,N,N,N,N,N,N,N,N,N,N
WNT14;WNT9A,N,N,N,N,N,N,N,N,N,N,N,N,N,N,N,N,N,N,N,N,N,N,N,N,N,N,N,N,N,N,N,N
WNT15;WNT14B;WNT9B,N,N,N,N,N,N,N,N,N,N,N,N,N,N,N,N,N,N,N,N,N,N,N,N,N,N,N,N,N,N,N,N
WNT10A;OODD;STHAG4;SSPS,N,N,N,N,N,N,N,N,N,N,N,N,N,N,N,N,N,N,N,N,N,N,N,N,N,N,N,N,N,N,N,N
WNT5B,N,N,N,N,N,N,N,N,N,N,N,N,N,N,N,N,N,N,N,N,N,N,N,N,N,N,N,N,N,N,N,N
WNT3A,N,N,N,N,N,N,N,N,N,N,N,N,N,N,N,N,N,N,N,N,N,N,N,N,N,N,N,N,N,N,N,N
APC2;APCL,A,N,A,N,N,N,N,A,A,N,A,N,A,N,N,N,N,N,N,N,A,A,N,A,N,N,A,N,N,A,A,A
DP3;PPP1R46;GS;BTPS2;DP2.5;DP2;APC,A,A,A,N,A,A,N,A,A,N,A,A,A,A,A,A,A,A,A,A,A,A,A,A,A,A,A,A,A,A,A,A
AXIN;AXIN1;PPP1R49,N,N,N,N,N,N,B,N,N,N,B,N,N,N,N,N,N,B,N,N,B,B,N,N,N,B,N,N,N,B,B,B
AXIN2;AXIL;ODCRCS,N,N,N,N,N,N,B,N,N,N,B,N,N,N,N,N,N,B,N,N,B,B,N,N,N,B,N,N,N,B,B,B
DVL1P1;DVL1L1;DRS2;DVL;DVL1,B,B,B,N,N,N,B,B,N,N,B,N,N,N,N,B,B,B,N,N,B,B,N,N,N,B,N,N,N,B,B,B
DVL2,B,B,B,N,N,N,B,B,N,N,B,N,B,B,B,B,B,B,N,N,B,B,B,N,N,B,N,N,N,B,B,B
DRS3;DVL3,B,B,B,N,N,N,B,B,N,N,B,N,B,B,B,B,B,B,N,N,B,B,B,N,N,B,N,N,N,B,B,B
hFz10;FzE7;FZD10;FZ-10;Fz10;CD350,D,D,D,N,N,N,N,D,D,N,N,N,N,N,D,D,D,N,N,D,D,D,N,D,N,D,D,D,N,N,D,D
hFz2;fzE2;FZD2;fz-2;Fz2,D,D,D,N,N,N,N,D,D,N,N,N,N,N,D,D,D,N,N,D,D,D,N,D,N,D,D,D,N,N,D,D
FZD5;C2orf31;HFZ5,D,D,D,N,N,N,N,D,D,N,N,N,N,N,D,D,D,N,N,D,D,D,N,D,N,D,D,D,N,N,D,D
Fz-3;FZD3,D,D,D,N,N,N,N,D,D,N,N,N,N,N,D,D,D,N,N,D,D,D,N,D,N,D,D,D,N,N,D,D
FZD1,D,D,D,N,N,N,N,D,D,N,N,N,N,N,D,D,D,N,N,D,D,D,N,D,N,D,D,D,N,N,D,D
GPCR;FEVR;FzE4;Fz-4;FZD4;FZD4S;hFz4;CD344;EVR1;Fz4,D,D,D,N,N,N,N,D,D,N,N,N,N,N,D,D,D,N,N,D,D,D,N,D,N,D,D,D,N,N,D,D
FZD6;NDNC10;FZ-6;HFZ6;FZ6,D,D,D,N,N,N,N,D,D,N,N,N,N,N,D,D,D,N,N,D,D,D,N,D,N,D,D,D,N,N,D,D
FzE3;FZD7,D,D,D,N,N,N,N,D,D,N,N,N,N,N,D,D,D,N,N,D,D,D,N,D,N,D,D,D,N,N,D,D
FZD8;FZ-8;hFZ8,D,D,D,N,N,N,N,D,D,N,N,N,N,N,D,D,D,N,N,D,D,D,N,D,N,D,D,D,N,N,D,D
CD349;FZD3;FZD9,D,D,D,N,N,N,N,D,D,N,N,N,N,N,D,D,D,N,N,D,D,D,N,D,N,D,D,D,N,N,D,D
CTNNB1;CTNNB;EVR7;armadillo;MRD19,D,D,D,D,D,D,D,D,D,N,D,D,D,D,D,D,D,D,D,D,D,D,D,D,D,D,D,D,D,D,D,D
GSK3B,D,D,D,D,D,D,D,D,D,D,D,D,D,D,D,D,D,D,D,D,D,D,D,D,D,D,D,D,D,D,D,D
LFB1;HNF1A;IDDM20;HNF-1A;MODY3;TCF-1;HNF1;TCF1,N,N,N,N,N,N,N,N,N,N,N,N,N,N,N,N,N,N,N,N,N,N,N,N,N,N,N,N,N,N,N,N
LIF;DIA;HILDA;MLPLI;CDF,N,N,N,N,N,N,N,N,N,N,N,N,N,N,N,N,N,N,N,N,N,N,N,N,N,N,N,N,N,N,N,N
IL-6RB;CD130;GP130;IL6ST;CDW130,D,N,D,N,D,N,N,D,D,N,D,D,D,D,D,D,D,D,N,D,D,D,D,D,D,D,D,N,N,D,D,D
SJS2;STWS;CD118;LIF-R;SWS;LIFR,D,N,D,N,D,N,N,D,D,N,D,D,D,D,D,D,D,D,N,D,D,D,D,D,D,D,D,N,N,D,D,D
JTK3;JAK1A;JAK1B;JAK1,D,D,D,D,D,D,D,D,D,N,D,D,D,D,D,D,D,D,D,D,D,D,D,D,D,D,D,D,D,D,D,D
JTK10;THCYT3;JAK2,D,D,D,D,D,D,D,D,D,N,D,D,D,D,D,D,D,D,D,D,D,D,D,D,D,D,D,D,D,D,D,D
JAKL;JAK3_HUMAN;JAK3;L-JAK;JAK-3;LJAK,D,D,D,D,D,D,D,D,D,N,D,D,D,D,D,D,D,D,D,D,D,D,D,D,D,D,D,D,D,D,D,D
ADMIO;HIES;ADMIO1;APRF;STAT3,N,N,N,N,N,N,N,N,N,N,N,N,N,N,N,N,N,N,N,N,N,N,N,N,N,N,N,N,N,N,N,N
EZF;KLF4;GKLF,D,D,D,D,D,D,D,D,D,N,D,D,D,D,D,D,N,N,D,D,D,D,D,D,D,D,D,D,D,D,D,D
MCM;CWS5;PIK3CA;MCAP;CLOVE;PI3K-alpha;MCMTC;PI3K;p110-alpha,B,B,B,B,B,B,B,B,B,N,B,B,B,B,B,B,B,B,B,B,B,B,B,B,B,B,B,B,B,B,B,B
P110BETA;PI3KBETA;PIK3C1;PIK3CB;PI3K,B,B,B,B,B,B,B,B,B,B,B,B,B,B,B,B,B,B,B,B,B,B,B,B,B,B,B,B,B,B,B,B
APDS;PIK3CD;IMD14;p110D;PI3K;P110DELTA,B,B,B,B,B,B,B,B,B,N,B,B,B,B,B,B,B,B,B,B,B,B,B,B,B,B,B,B,B,B,B,B
GRB1;IMD36;p85;AGM7;p85-ALPHA;PIK3R1,A,A,A,N,N,N,N,A,A,N,A,A,N,A,A,A,N,N,A,N,A,A,A,A,A,A,A,A,A,A,A,A
PIK3R2;p85;MPPH;p85-BETA;MPPH1;P85B,N,N,N,N,N,N,N,N,N,N,N,N,N,N,N,N,N,N,N,N,N,N,N,N,N,N,N,N,N,N,N,N
p55PIK;p55;PIK3R3;p55-GAMMA,N,N,N,N,N,N,N,N,N,N,N,N,N,N,N,N,N,N,N,N,N,N,N,N,N,N,N,N,N,N,N,N
PKB-GAMMA;STK-2;MPPH2;MPPH;RAC-gamma;RAC-PK-gamma;PRKBG;AKT3;PKBG,D,D,D,D,D,D,D,D,D,D,D,D,D,D,D,D,D,D,D,D,D,D,D,D,D,D,D,D,D,D,D,D
RAC-ALPHA;RAC;PKB-ALPHA;AKT;PRKBA;CWS6;AKT1;PKB,D,D,D,D,D,D,D,D,D,D,D,D,D,D,D,D,D,D,D,D,D,D,D,D,D,D,D,D,D,D,D,D
PKBB;PRKBB;AKT2;PKBBETA;HIHGHH;RAC-BETA,D,D,D,D,D,D,D,D,D,D,D,D,D,D,D,D,D,D,D,D,D,D,D,D,D,D,D,D,D,D,D,D
TBX3-ISO;TBX3;UMS;XHL,N,N,N,N,N,N,N,N,N,N,N,N,N,N,N,N,N,N,N,N,N,N,N,N,N,N,N,N,N,N,N,N
NCKAP2;MSTP084;Grb3-3;EGFRBP-GRB2;MST084;ASH;GRB2,D,D,D,D,D,D,D,D,D,N,D,D,D,D,D,D,D,D,D,D,D,D,D,D,D,D,D,D,D,D,D,D
INHBA;EDF;FRP,D,D,D,D,D,D,D,D,D,N,D,D,D,D,D,D,D,D,D,D,D,D,D,D,D,D,D,D,D,D,D,D
INHBB,N,N,N,N,N,N,N,N,N,N,N,N,N,N,N,N,N,N,N,N,N,N,N,N,N,N,N,N,N,N,N,N
INHBC;IHBC,N,N,N,N,N,N,N,N,N,N,N,N,N,N,N,N,N,N,N,N,N,N,N,N,N,N,N,N,N,N,N,N
INHBE,N,N,N,N,N,N,N,N,N,N,N,N,N,N,N,N,N,N,N,N,N,N,N,N,N,N,N,N,N,N,N,N
ACVRLK7;ALK7;ACVR1C,D,D,D,D,D,D,D,D,D,D,D,D,D,D,D,D,D,D,D,D,D,D,D,D,D,D,D,D,D,D,D,D
ACVRLK4;SKR2;ACTRIB;ACVR1B;ALK4,D,D,D,D,D,D,D,D,D,D,D,D,D,D,D,D,D,D,D,D,D,D,D,D,D,D,D,D,D,D,D,D
ACTRII;ACVR2A;ACVR2,D,D,D,D,D,D,D,D,D,D,D,D,D,D,D,D,D,D,D,D,D,D,D,D,D,D,D,D,D,D,D,D
ACVR2B;HTX4;ACTRIIB;ActR-IIB,D,D,D,D,D,D,D,D,D,N,D,D,D,D,D,D,D,D,D,D,D,D,D,D,D,D,D,D,D,D,D,D
MADH2;MADR2;hMAD-2;JV18-1;SMAD2;JV18;hSMAD2,N,N,N,N,N,N,N,N,N,N,N,N,N,N,N,N,N,N,N,N,N,N,N,N,N,N,N,N,N,N,N,N
MADH3;HSPC193;SMAD3;LDS1C;LDS3;JV15-2;HsT17436,N,N,N,N,N,N,N,N,N,N,N,N,N,N,N,N,N,N,N,N,N,N,N,N,N,N,N,N,N,N,N,N
OFC11;BMP2B1;BMP4;BMP2B;MCOPS6;ZYME,N,N,N,N,N,N,N,N,N,N,N,N,N,N,N,N,N,N,N,N,N,N,N,N,N,N,N,N,N,N,N,N
10q23del;CD292;ALK3;BMPR1A;ACVRLK3;SKR5,D,D,D,D,D,D,D,D,D,D,D,D,D,D,D,D,D,D,D,D,D,D,D,D,D,D,D,D,D,D,D,D
ALK-6;CDw293;BMPR1B;ALK6;AMDD;BDA2;BDA1D,D,D,D,D,D,D,D,D,D,D,D,D,D,D,D,D,D,D,D,D,D,D,D,D,D,D,D,D,D,D,D,D
BMPR2;BMPR3;BMR2;BRK-3;T-ALK;BMPR-II;PPH1;POVD1,D,D,D,D,D,D,D,D,D,D,D,D,D,D,D,D,D,D,D,D,D,D,D,D,D,D,D,D,D,D,D,D
SKR1;FOP;ACVRLK2;TSRI;ALK2;ACVR1A;ACVR1;ACTRI,D,D,D,D,D,D,D,D,D,D,D,D,D,D,D,D,D,D,D,D,D,D,D,D,D,D,D,D,D,D,D,D
MAPK1;ERK;PRKM1;p41mapk;p42-MAPK;p41;MAPK2;p40;p38;ERK-2;ERK2;ERT1;PRKM2;P42MAPK,D,D,D,D,D,D,D,D,D,D,D,D,D,D,D,D,D,D,D,D,D,D,D,D,D,D,D,D,D,D,D,D
PRKM3;HS44KDAP;ERT2;P44ERK1;ERK-1;HUMKER1A;p44-MAPK;ERK1;p44-ERK1;P44MAPK;MAPK3,D,D,D,D,D,D,D,D,D,D,D,D,D,D,D,D,D,D,D,D,D,D,D,D,D,D,D,D,D,D,D,D
NANOG,A,A,A,N,A,N,N,A,A,N,A,N,N,N,N,N,A,N,A,N,A,N,N,A,A,A,N,A,A,A,A,A
OTF-3;POU5F1;Oct-3;OTF4;OTF3;OCT3;OCT4;Oct-4,A,A,A,N,N,N,N,N,A,N,A,N,N,N,N,N,N,N,A,N,A,N,N,A,A,A,N,A,A,A,A,A
OTF3P1;POU5FLC20;POU5F1B;OTF3C;POU5F1P1;POU5FLC8;POU5F1P4;OCT4PG1;OCT4-PG1,A,A,A,N,N,N,N,N,A,N,A,N,N,N,N,N,N,N,A,N,A,N,N,A,A,A,N,A,A,A,A,A
MCOPS3;ANOP3;SOX2,A,A,A,N,N,N,N,A,A,N,A,A,A,A,A,A,A,A,A,A,A,A,A,A,A,A,A,A,A,A,A,A
C-H-RAS;HAMSV;H-RASIDX;RASH1;C-HA-RAS1;p21ras;C-BAS/HAS;HRAS1;CTLO;HRAS,D,D,D,D,D,D,D,D,D,D,D,D,D,D,D,D,D,D,D,D,D,D,D,D,D,D,D,D,D,D,D,D
K-RAS4B;KI-RAS;K-RAS4A;NS;c-Ki-ras2;KRAS1;C-K-RAS;NS3;RALD;KRAS2;K-RAS2A;RASK2;CFC2;KRAS;K-RAS2B;K-Ras,D,D,D,D,D,D,D,D,D,D,D,D,D,D,D,D,D,D,D,D,D,D,D,D,D,D,D,D,D,D,D,D
CMNS;ALPS4;NRAS1;NS6;N-ras;NCMS;NRAS,D,D,D,D,D,D,D,D,D,D,D,D,D,D,D,D,D,D,D,D,D,D,D,D,D,D,D,D,D,D,D,D
RAF1;NS5;CMD1NN;Raf-1;CRAF;c-Raf,D,D,D,D,D,D,D,D,D,N,D,D,D,D,D,D,D,D,D,D,D,D,D,D,D,D,D,D,D,D,D,D
MKK1;PRKMK1;MEK1;CFC3;MAPKK1;MAP2K1,D,D,D,D,D,D,D,D,D,D,D,D,D,D,D,D,D,D,D,D,D,D,D,D,D,D,D,D,D,D,D,D
MAPKK2;PRKMK2;MEK2;MAP2K2;CFC4;MKK2,D,D,D,D,D,D,D,D,D,D,D,D,D,D,D,D,D,D,D,D,D,D,D,D,D,D,D,D,D,D,D,D
FGFB;HBGF-2;FGF2;FGF-2;BFGF,N,N,N,N,N,N,N,N,N,N,N,N,N,N,N,N,N,N,N,N,N,N,N,N,N,N,N,N,N,N,N,N
FGFR-1;HRTFDS;FLT2;FLG;HBGFR;KAL2;BFGFR;HH2;OGD;ECCL;CEK;FGFBR;FLT-2;bFGF-R-1;FGFR1;CD331;N-SAM,D,D,D,D,D,D,D,D,D,N,D,D,D,D,D,D,D,D,D,D,D,D,D,D,D,D,D,D,D,D,D,D
JTK4;ACH;HSFGFR3EX;CD333;FGFR3;CEK2,D,D,D,D,D,D,D,D,D,N,D,D,D,D,D,D,D,D,D,D,D,D,D,D,D,D,D,D,D,D,D,D
ECT1;CFD1;FGFR2;CD332;BBDS;BEK;KGFR;K-SAM;TK14;BFR-1;CEK3;JWS;TK25,D,D,D,D,D,D,D,D,D,D,D,D,D,D,D,D,D,D,D,D,D,D,D,D,D,D,D,D,D,D,D,D
CD334;FGFR4;TKF;JTK2,D,D,D,D,D,D,D,D,D,N,D,D,D,D,D,D,D,D,D,D,D,D,D,D,D,D,D,D,D,D,D,D
IGF1;IGF-I;MGF;IGFI,N,N,N,N,N,N,N,N,N,N,N,N,N,N,N,N,N,N,N,N,N,N,N,N,N,N,N,N,N,N,N,N
CD221;JTK13;IGFR;IGF1R;IGFIR,D,D,D,D,D,D,D,D,D,N,D,D,D,D,D,D,D,D,D,D,D,D,D,D,D,D,D,D,D,D,D,D
SMAD1;JV4-1;BSP1;MADH1;MADR1;JV41;BSP-1,N,N,N,N,N,N,N,N,N,N,N,N,N,N,N,N,N,N,N,N,N,N,N,N,N,N,N,N,N,N,N,N
JV5-1;DWFC;SMAD5;MADH5,N,N,N,N,N,N,N,N,N,N,N,N,N,N,N,N,N,N,N,N,N,N,N,N,N,N,N,N,N,N,N,N
MADH6;PPH2;SMAD9;SMAD8A;MADH9;SMAD8/9;SMAD8;SMAD8B,N,N,N,N,N,N,N,N,N,N,N,N,N,N,N,N,N,N,N,N,N,N,N,N,N,N,N,N,N,N,N,N
p38ALPHA;RK;CSBP;PRKM14;PRKM15;CSBP2;MAPK14;CSPB1;EXIP;Mxi2;SAPK2A;p38;CSBP1,D,D,D,D,D,D,D,D,D,D,D,D,D,D,D,D,D,D,D,D,D,D,D,D,D,D,D,D,D,D,D,D
MAPK11;P38B;P38BETA2;SAPK2B;p38-2;PRKM11;p38Beta;SAPK2,D,D,D,D,D,D,D,D,D,D,D,D,D,D,D,D,D,D,D,D,D,D,D,D,D,D,D,D,D,D,D,D
p38delta;MAPK_13;MAPK-13;SAPK4;PRKM13;MAPK13,D,D,D,D,D,D,D,D,D,D,D,D,D,D,D,D,D,D,D,D,D,D,D,D,D,D,D,D,D,D,D,D
P38GAMMA;SAPK-3;MAPK12;PRKM12;ERK3;ERK-6;MAPK_12;ERK6;SAPK3,D,D,D,D,D,D,D,D,D,D,D,D,D,D,D,D,D,D,D,D,D,D,D,D,D,D,D,D,D,D,D,D
MYHRS;SMAD4;DPC4;MADH4;JIP,N,N,N,N,N,N,N,N,N,N,N,N,N,N,N,N,N,N,N,N,N,N,N,N,N,N,N,N,N,N,N,N
MRTL;MYC;bHLHe39;MYCC;c-Myc,N,N,N,N,N,N,N,N,N,N,N,N,N,N,N,N,N,N,N,N,N,N,N,N,N,N,N,N,N,N,N,N
bHLHb24;ID;ID1,N,N,N,N,N,N,N,N,N,N,N,N,N,N,N,N,N,N,N,N,N,N,N,N,N,N,N,N,N,N,N,N
bHLHb26;ID2A;ID2;GIG8;ID2H,N,N,N,N,N,N,N,N,N,N,N,N,N,N,N,N,N,N,N,N,N,N,N,N,N,N,N,N,N,N,N,N
HEIR-1;ID3;bHLHb25,N,N,N,N,N,N,N,N,N,N,N,N,N,N,N,N,N,N,N,N,N,N,N,N,N,N,N,N,N,N,N,N
IDB4;ID4;bHLHb27,N,N,N,N,N,N,N,N,N,N,N,N,N,N,N,N,N,N,N,N,N,N,N,N,N,N,N,N,N,N,N,N
ANF;HESX1;CPHD5;RPX,A,A,A,N,A,N,N,A,A,N,A,N,N,N,N,N,A,N,A,N,A,N,N,A,A,A,N,A,A,A,A,A
HTX;HTX1;ZIC3;VACTERLX;ZNF203,D,D,D,D,D,D,D,D,D,N,D,D,D,D,D,D,N,N,D,D,D,D,D,D,D,D,D,D,D,D,D,D
NR3B2;ERRb;ESRL2;ESRRB;ERR2;DFNB35,N,N,N,N,N,N,N,N,N,N,N,N,N,N,N,N,N,N,N,N,N,N,N,N,N,N,N,N,N,N,N,N
E47;TCF3;AGM8;E2A;VDIR;ITF1;TCF-3;bHLHb21,N,N,N,N,N,N,N,N,N,N,N,N,N,N,N,N,N,N,N,N,N,N,N,N,N,N,N,N,N,N,N,N
LEFTYA;LEFTY2;EBAF;TGFB4;LEFTA,N,N,N,N,N,N,N,N,N,N,N,N,N,N,N,N,N,N,N,N,N,N,N,N,N,N,N,N,N,N,N,N
SNO;SKIL;SnoA;SnoN;SnoI,N,N,N,N,N,N,N,N,N,N,N,N,N,N,N,N,N,N,N,N,N,N,N,N,N,N,N,N,N,N,N,N
SMARCAD1;ETL1;BASNS;ADERM;HEL1,D,D,D,D,D,D,D,D,D,N,D,D,D,D,D,D,D,D,D,D,D,D,D,D,D,D,D,D,D,D,D,D
ZC2HC6A;MYST-3;MOZ;RUNXBP2;MYST3;ZNF220;MRD32;KAT6A,D,D,D,D,D,N,D,D,D,N,D,D,D,D,D,D,D,D,D,D,D,D,D,D,D,D,D,D,N,D,D,D
SETDB1;KG1T;ESET;TDRD21;H3-K9-HMTase4;KMT1E,D,D,D,D,D,D,D,D,D,N,D,D,D,D,D,D,D,D,D,D,D,D,D,D,D,D,D,D,D,D,D,D
JMJ;JARID2,D,D,D,D,D,D,D,D,D,N,D,D,D,D,D,D,D,D,D,D,D,D,D,D,D,D,D,D,D,D,D,D
GINGF5;NRSF;HGF5;WT6;XBR;REST,D,D,D,D,D,D,D,D,D,N,D,D,D,D,D,D,N,N,D,D,D,D,D,D,D,D,D,D,D,D,D,D
RIF1,N,A,A,A,N,N,N,N,A,N,A,N,A,A,N,N,A,N,A,N,A,A,N,A,N,N,N,N,A,N,A,N
ASGD5;MGDA;AN2;WAGR;FVH1;D11S812E;AN;PAX6,A,A,A,N,N,N,N,N,A,N,A,N,N,N,N,N,N,N,A,N,A,N,N,A,A,A,N,A,A,A,A,A
MEIS1,A,A,A,N,N,A,A,A,A,N,N,A,N,A,N,N,N,A,A,A,A,A,A,A,A,A,A,A,A,N,A,A
HOX2I;HOXB1;Hox-2.9;HCFP3;HOX2,A,A,A,N,A,A,A,A,A,N,A,A,A,A,A,A,A,A,A,A,A,A,A,A,A,A,A,A,A,A,A,A
LHX5,A,A,A,N,N,N,N,N,A,N,A,A,N,A,A,N,N,N,A,N,A,A,A,A,A,A,A,A,A,A,A,A
OTX1,A,A,A,N,N,N,N,N,A,N,A,N,N,N,N,N,N,N,A,N,A,N,N,A,A,A,N,A,A,A,A,A
AKA;bHLHa6;NEUROG1;Math4C;ngn1;NEUROD3,N,N,N,N,N,N,N,N,N,N,N,N,N,N,N,N,N,N,N,N,N,N,N,N,N,N,N,N,N,N,N,N
eHand;HAND1;Hxt;Thing1;bHLHa27,N,N,N,N,N,N,N,N,N,N,N,N,N,N,N,N,N,N,N,N,N,N,N,N,N,N,N,N,N,N,N,N
SHFM1D;DLX5,A,A,A,N,A,A,A,A,A,N,A,A,A,A,A,A,A,A,A,A,A,A,A,A,A,A,A,A,A,A,A,A
MYF5;bHLHc2,N,N,N,N,N,N,N,N,N,N,N,N,N,N,N,N,N,N,N,N,N,N,N,N,N,N,N,N,N,N,N,N
ONECUT1;HNF6A;HNF-6;HNF6,A,N,N,N,A,N,N,A,N,N,N,N,N,N,N,N,A,N,N,N,N,N,N,N,N,A,N,N,N,N,A,N
ISL1;Isl-1;ISLET1,A,A,A,N,N,N,N,N,A,N,A,A,N,A,A,N,N,N,A,N,A,A,A,A,A,A,A,A,A,A,A,A
ZNF927;ZFHX3;ATBF1;ATBT,D,D,D,D,D,D,D,D,D,N,D,D,D,D,D,D,N,N,D,D,D,D,D,D,D,D,D,D,D,D,D,D
ESXR1;ESX1L;ESX1,D,D,D,N,D,D,D,D,D,N,D,D,D,D,D,D,D,D,D,D,D,D,D,D,D,D,D,D,D,D,D,D
DUSP9;MKP4;MKP-4,D,D,D,D,D,D,D,D,D,N,D,D,D,D,D,D,D,D,D,D,D,D,D,D,D,D,D,D,D,D,D,D
COMMD3-BMI1,B,N,B,N,B,B,N,B,B,N,B,N,N,B,B,N,B,B,B,B,B,B,B,B,B,B,B,B,B,N,B,N
RNF3A;RNF3;DONG1;PCGF3,B,N,B,N,B,B,N,B,B,N,B,N,N,B,B,N,B,B,B,B,B,B,B,B,B,B,B,B,B,N,B,N
BMI1;flvi-2/bmi-1;PCGF4;FLVI2/BMI1;RNF51,B,N,B,N,B,B,N,B,B,N,B,N,N,B,B,N,B,B,B,B,B,B,B,B,B,B,B,B,B,N,B,N
RNF110;ZNF144;PCGF2;MEL-18,B,N,B,N,B,B,N,B,B,N,B,N,N,B,B,N,B,B,B,B,B,B,B,B,B,B,B,B,B,N,B,N
RNF134;PCGF6;MBLR,B,N,B,N,B,B,N,B,B,N,B,N,N,B,B,N,B,B,B,B,B,B,B,B,B,B,B,B,B,N,B,N
PCGF5;RNF159,B,N,B,N,B,B,N,B,B,N,B,N,N,B,B,N,B,B,B,B,B,B,B,B,B,B,B,B,B,N,B,N
RNF3A-2;PCGF1;2010002K04Rik;NSPC1;RNF68,B,N,B,N,B,B,N,B,B,N,B,N,N,B,B,N,B,B,B,B,B,B,B,B,B,B,B,B,B,N,B,N
HTX5;NODAL,N,N,N,N,N,N,N,N,N,N,N,N,N,N,N,N,N,N,N,N,N,N,N,N,N,N,N,N,N,N,N,N
