MNN1,N,N,N,N,N,N,N,N,N,N,N,N,N,N,N,N,N,N,N,N,N,N,N,N,N,N,N,N,N,N,N,N
MNN9,C,N,N,N,N,N,N,N,N,N,C,C,N,C,N,N,C,N,N,N,C,C,C,N,N,N,N,C,N,N,N,C
GEM3;MNN8;ANP1,C,N,N,N,N,N,N,N,N,N,C,C,N,C,N,N,C,N,N,N,C,C,C,N,N,N,N,C,N,N,N,C
MNN2;CRV4;LDB8;TTP1,N,N,N,N,N,N,N,N,N,N,N,N,N,N,N,N,N,N,N,N,N,N,N,N,N,N,N,N,N,N,N,N
MNN6;KTR6,N,N,N,N,N,N,N,N,N,N,N,N,N,N,N,N,N,N,N,N,N,N,N,N,N,N,N,N,N,N,N,N
MNN11,A,N,N,N,N,N,N,A,N,N,A,N,N,N,N,N,N,N,N,A,N,N,N,N,A,N,N,N,N,N,N,N
VRG8;VRG7;LDB13;VAN1,C,N,N,N,N,N,N,N,N,N,C,C,N,C,N,N,C,N,N,N,C,C,C,N,N,N,N,C,N,N,N,C
MNS1,D,D,D,N,D,D,D,D,D,N,D,N,D,D,N,D,D,D,D,D,D,D,D,D,N,D,D,N,N,D,D,N
MNL2,N,B,B,N,N,N,B,N,B,N,B,N,B,N,N,N,N,B,B,B,N,B,B,N,N,B,B,N,N,N,N,N
NGD29;OCH1;LDB12,N,N,N,N,N,N,N,A,N,N,A,N,N,A,N,N,N,N,N,N,N,A,N,A,A,N,N,N,N,N,N,N
MNN5,N,N,N,N,N,N,N,N,N,N,N,N,N,N,N,N,N,N,N,N,N,N,N,N,N,N,N,N,N,N,N,N
HOC1,N,N,N,N,N,N,N,A,N,N,A,N,N,A,N,N,N,N,N,N,N,A,N,A,A,N,N,N,N,N,N,N
MNN10;SLC2;REC41;BED1,A,N,N,N,N,N,N,A,N,N,A,N,N,N,N,N,N,N,N,A,N,N,N,N,A,N,N,N,N,N,N,N
ALG11,N,N,N,N,N,N,N,A,N,N,A,N,N,N,N,N,N,A,N,N,N,N,N,N,N,N,N,A,N,N,N,N
ALG9,N,B,B,N,B,N,N,N,B,N,B,N,N,B,B,B,B,B,N,N,B,B,N,B,B,N,N,B,N,N,B,B
ALG3;RHK1,N,D,D,N,N,D,D,D,D,N,D,N,D,D,N,N,D,D,D,N,D,D,D,D,D,D,D,D,D,N,D,N
ALG12;ECM39,N,A,A,N,N,N,N,N,A,N,N,N,N,N,A,A,A,N,N,N,A,A,N,A,A,N,N,A,N,N,N,N
ALG2,N,N,N,N,N,N,N,A,N,N,A,N,N,N,N,N,N,A,N,N,N,N,N,N,N,N,N,A,N,N,N,N
ALG1,B,N,B,N,N,N,N,N,B,N,B,N,N,N,B,N,N,N,B,B,B,N,B,N,N,B,B,N,N,B,B,N
ALG14,C,N,C,C,N,C,N,C,C,N,N,N,C,C,C,C,C,C,C,C,C,C,N,C,N,C,C,C,C,C,C,C
ALG13,A,N,A,N,N,A,A,A,A,N,N,N,N,N,N,N,N,N,N,A,A,N,N,N,N,A,N,N,N,N,A,N
OST4,N,N,N,N,N,N,N,N,N,N,N,N,N,N,N,N,N,N,N,N,N,N,N,N,N,N,N,N,N,N,N,N
WBP1,N,A,A,N,N,N,N,A,A,N,N,N,N,A,N,N,N,N,N,A,A,N,A,N,N,A,N,A,N,N,A,A
STT3,D,D,N,D,N,N,N,D,N,N,D,D,N,N,D,N,D,N,N,N,N,N,D,N,N,N,N,N,N,D,N,N
OST5,N,N,N,N,N,N,N,N,N,N,N,N,N,N,N,N,N,N,N,N,N,N,N,N,N,N,N,N,N,N,N,N
NLT1;OST1,A,A,A,N,N,A,A,A,A,N,A,A,N,N,A,A,N,A,A,A,A,N,N,A,A,N,A,A,N,N,A,A
OST6,N,N,N,N,N,N,N,N,N,N,N,N,N,N,N,N,N,N,N,N,N,N,N,N,N,N,N,N,N,N,N,N
SWP1,N,N,N,N,N,N,N,N,N,N,N,N,N,N,N,N,N,N,N,N,N,N,N,N,N,N,N,N,N,N,N,N
OST3,N,N,N,N,N,N,N,N,N,N,N,N,N,N,N,N,N,N,N,N,N,N,N,N,N,N,N,N,N,N,N,N
OST2,A,A,A,N,N,N,A,A,A,N,N,N,N,N,N,A,A,N,N,A,A,N,N,N,N,A,A,A,N,N,A,A
