BCL-XL/S;BCLX;Bcl-X;BCL2L1;BCL2L;PPP1R52,N,N,N,N,N,N,N,N,N,N,N,N,N,N,N,N,N,N,N,N,N,N,N,N,N,N,N,N,N,N,N,N
DFF-45;ICAD;DFF1;DFFA,N,N,N,N,N,N,N,N,N,N,N,N,N,N,N,N,N,N,N,N,N,N,N,N,N,N,N,N,N,N,N,N
AT1;ATA;ATDC;ATC;ATE;ATM;TEL1;ATD;TELO1,B,B,B,B,B,B,N,B,B,B,B,B,B,B,B,B,B,B,B,B,B,B,B,B,B,B,B,B,B,B,B,B
BCC7;LFS1;TP53;P53;TRP53,N,N,N,N,N,N,N,N,N,N,N,N,N,N,N,N,N,N,N,N,N,N,N,N,N,N,N,N,N,N,N,N
ENDOG,N,N,N,N,N,N,N,N,N,N,N,N,N,N,N,N,N,N,N,N,N,N,N,N,N,N,N,N,N,N,N,N
NADMR;CMTX4;CMT2D;AIFM1;AIF;PDCD8;COXPD6;NAMSD;COWCK;DFNX5,N,N,N,N,N,N,N,N,N,N,N,N,N,N,N,N,N,N,N,N,N,N,N,N,N,N,N,N,N,N,N,N
PPP1R50;Bcl-2;BCL2,N,N,N,N,N,N,N,N,N,N,N,N,N,N,N,N,N,N,N,N,N,N,N,N,N,N,N,N,N,N,N,N
API1;MIHB;RNF48;BIRC2;c-IAP1;cIAP1;HIAP2;Hiap-2,D,D,D,D,D,N,D,D,D,N,D,D,D,D,D,D,D,D,D,D,D,D,D,D,N,D,N,N,N,D,D,D
HAIP1;HIAP1;c-IAP2;MIHC;RNF49;API2;CIAP2;BIRC3;AIP1;MALT2,A,A,A,A,A,N,A,A,A,N,A,A,A,A,A,A,A,A,A,A,A,A,A,A,N,A,N,N,N,A,A,A
hIAP-3;hIAP3;API3;IAP-3;MIHA;ILP1;XLP2;BIRC4;XIAP,D,D,D,D,D,N,D,D,D,N,D,D,D,N,D,D,D,N,D,N,D,D,D,D,N,D,D,N,N,D,D,N
API4;EPR-1;BIRC5,N,N,N,N,N,N,N,N,N,N,N,N,N,N,N,N,N,N,N,N,N,N,N,N,N,N,N,N,N,N,N,N
DFFB;DFF2;CPAN;DFF40;DFF-40;CAD,N,N,N,N,N,N,N,N,N,N,N,N,N,N,N,N,N,N,N,N,N,N,N,N,N,N,N,N,N,N,N,N
APAF-3;ICE-LAP6;APAF3;PPP1R56;CASP9;MCH6,N,N,N,N,N,N,N,N,N,N,N,N,N,N,N,N,N,N,N,N,N,N,N,N,N,N,N,N,N,N,N,N
CMH-1;CASP7;ICE-LAP3;MCH3;CASP-7;LICE2,N,N,N,N,N,N,N,N,N,N,N,N,N,N,N,N,N,N,N,N,N,N,N,N,N,N,N,N,N,N,N,N
CPP32B;CPP32;SCA-1;CASP3,N,N,N,N,N,N,N,N,N,N,N,N,N,N,N,N,N,N,N,N,N,N,N,N,N,N,N,N,N,N,N,N
BBC2;BCL2L8;BAD,N,N,N,N,N,N,N,N,N,N,N,N,N,N,N,N,N,N,N,N,N,N,N,N,N,N,N,N,N,N,N,N
p50;NF-kappaB;NFKB-p50;EBP-1;NF-kB1;NF-kappa-B;NFKB1;p105;NFKB-p105;KBF1;CVID12;NFkappaB,D,D,D,D,D,D,D,D,D,D,D,D,D,D,D,D,D,D,D,D,D,D,D,D,D,D,D,D,D,D,D,D
NFKB3;RELA;p65,D,D,D,D,D,D,D,D,D,N,D,D,D,D,D,D,D,D,D,D,D,D,D,D,D,D,D,D,D,D,D,D
CASP6;MCH2,N,N,N,N,N,N,N,N,N,N,N,N,N,N,N,N,N,N,N,N,N,N,N,N,N,N,N,N,N,N,N,N
IKBA;NFKBIA;NFKBI;MAD-3,D,D,D,D,D,D,D,D,D,D,D,D,D,D,D,D,D,D,D,D,D,D,D,D,D,D,D,D,D,D,D,D
CED4;APAF1;APAF-1,D,D,D,D,D,D,D,D,D,D,D,D,D,D,D,D,D,D,D,D,D,D,D,D,D,D,D,D,D,D,D,D
CYC;THC4;HCS;CYCS,N,B,B,N,N,B,N,N,B,N,B,N,N,B,N,B,N,N,B,N,B,N,N,B,B,B,N,B,B,N,B,B
FP497;BID,N,N,N,N,N,N,N,N,N,N,N,N,N,N,N,N,N,N,N,N,N,N,N,N,N,N,N,N,N,N,N,N
CAP4;MCH5;FLICE;MACH;Casp-8;ALPS2B;CASP8,N,N,N,N,N,N,N,N,N,N,N,N,N,N,N,N,N,N,N,N,N,N,N,N,N,N,N,N,N,N,N,N
CASP10;MCH4;ALPS2;FLICE2,N,N,N,N,N,N,N,N,N,N,N,N,N,N,N,N,N,N,N,N,N,N,N,N,N,N,N,N,N,N,N,N
CANP1;CANPL1;SPG76;muCANP;CAPN1;muCL;CANP,D,D,D,N,D,D,D,D,D,N,D,D,D,D,D,D,D,D,D,D,D,D,D,D,D,D,D,D,D,D,D,D
CANPL2;CANPml;mCANP;CANP2;CAPN2,D,D,D,N,D,D,D,D,D,N,D,D,D,D,D,D,D,D,D,D,D,D,D,D,D,D,D,D,D,D,D,D
PKB-GAMMA;STK-2;MPPH2;MPPH;RAC-gamma;RAC-PK-gamma;PRKBG;AKT3;PKBG,D,D,D,D,D,D,D,D,D,D,D,D,D,D,D,D,D,D,D,D,D,D,D,D,D,D,D,D,D,D,D,D
RAC-ALPHA;RAC;PKB-ALPHA;AKT;PRKBA;CWS6;AKT1;PKB,D,D,D,D,D,D,D,D,D,D,D,D,D,D,D,D,D,D,D,D,D,D,D,D,D,D,D,D,D,D,D,D
PKBB;PRKBB;AKT2;PKBBETA;HIHGHH;RAC-BETA,D,D,D,D,D,D,D,D,D,D,D,D,D,D,D,D,D,D,D,D,D,D,D,D,D,D,D,D,D,D,D,D
HSNIK;NIK;MAP3K14;HS;FTDCR1B,D,D,D,D,D,D,D,D,D,D,D,D,D,D,D,D,D,D,D,D,D,D,D,D,D,D,D,D,D,D,D,D
CHUK;IKK-alpha;IKKA;TCF16;IKBKA;IKK1;NFKBIKA,D,D,D,D,D,D,D,D,D,D,D,D,D,D,D,D,D,D,D,D,D,D,D,D,D,D,D,D,D,D,D,D
IMD15;IKK2;IKK-beta;NFKBIKB;IKKB;IKBKB,D,D,D,D,D,D,D,D,D,D,D,D,D,D,D,D,D,D,D,D,D,D,D,D,D,D,D,D,D,D,D,D
IKBKG;FIP-3;AMCBX1;FIP3;IKKG;IP;Fip3p;IP2;IP1;IKK-gamma;NEMO;IKKAP1;ZC2HC9;IMD33;IPD2,N,N,N,N,N,N,N,N,N,N,N,N,N,N,N,N,N,N,N,N,N,N,N,N,N,N,N,N,N,N,N,N
FLIP;c-FLIPR;CFLAR;c-FLIPS;Casper;c-FLIP;MRIT;c-FLIPL;FLAME;CASH;FLAME-1;FLAME1;CLARP;I-FLICE;CASP8AP1,N,N,N,N,N,N,N,N,N,N,N,N,N,N,N,N,N,N,N,N,N,N,N,N,N,N,N,N,N,N,N,N
MCM;CWS5;PIK3CA;MCAP;CLOVE;PI3K-alpha;MCMTC;PI3K;p110-alpha,B,B,B,B,B,B,B,B,B,N,B,B,B,B,B,B,B,B,B,B,B,B,B,B,B,B,B,B,B,B,B,B
P110BETA;PI3KBETA;PIK3C1;PIK3CB;PI3K,B,B,B,B,B,B,B,B,B,B,B,B,B,B,B,B,B,B,B,B,B,B,B,B,B,B,B,B,B,B,B,B
APDS;PIK3CD;IMD14;p110D;PI3K;P110DELTA,B,B,B,B,B,B,B,B,B,N,B,B,B,B,B,B,B,B,B,B,B,B,B,B,B,B,B,B,B,B,B,B
GRB1;IMD36;p85;AGM7;p85-ALPHA;PIK3R1,A,A,A,N,N,N,N,A,A,N,A,A,N,A,A,A,N,N,A,N,A,A,A,A,A,A,A,A,A,A,A,A
PIK3R2;p85;MPPH;p85-BETA;MPPH1;P85B,N,N,N,N,N,N,N,N,N,N,N,N,N,N,N,N,N,N,N,N,N,N,N,N,N,N,N,N,N,N,N,N
p55PIK;p55;PIK3R3;p55-GAMMA,N,N,N,N,N,N,N,N,N,N,N,N,N,N,N,N,N,N,N,N,N,N,N,N,N,N,N,N,N,N,N,N
TRAP;TRAP3;TRAF2;MGC:45012,A,N,A,N,N,N,A,N,N,N,A,N,N,A,N,N,A,N,N,N,A,N,N,N,N,N,N,N,N,N,A,N
RIPK1;RIP;RIP1;RIP-1,D,D,D,D,D,D,D,D,D,D,D,D,D,D,D,D,D,D,D,D,D,D,D,D,D,D,D,D,D,D,D,D
TRADD;Hs.89862,N,N,N,N,N,N,N,N,N,N,N,N,N,N,N,N,N,N,N,N,N,N,N,N,N,N,N,N,N,N,N,N
MORT1;GIG3;FADD,N,N,N,N,N,N,N,N,N,N,N,N,N,N,N,N,N,N,N,N,N,N,N,N,N,N,N,N,N,N,N,N
CD131;CDw131;SMDP5;betaGMR;CSF2RB;IL5RB;IL3RB,N,N,N,N,N,N,N,N,N,N,N,N,N,N,N,N,N,N,N,N,N,N,N,N,N,N,N,N,N,N,N,N
IL3RAY;IL3RX;IL3R;hIL-3Ra;IL3RY;CD123;IL3RA,N,N,N,N,N,N,N,N,N,N,N,N,N,N,N,N,N,N,N,N,N,N,N,N,N,N,N,N,N,N,N,N
TRK1;NTRK1;p140-TrkA;Trk-A;TRKA;TRK;MTC,D,D,D,D,D,D,D,D,D,N,D,D,D,D,D,D,D,D,D,D,D,D,D,D,D,D,D,D,D,D,D,D
TNFR1;p60;TNF-R55;p55;TNF-R;TNFRSF1A;TBP1;CD120a;TNFR60;p55-R;TNFR55;TNFAR;FPF;TNF-R-I,N,N,N,N,N,N,N,N,N,N,N,N,N,N,N,N,N,N,N,N,N,N,N,N,N,N,N,N,N,N,N,N
TRAIL-R4;DCR2;TRUNDD;TRAILR4;CD264;TNFRSF10D,N,N,N,N,N,N,N,N,N,N,N,N,N,N,N,N,N,N,N,N,N,N,N,N,N,N,N,N,N,N,N,N
TRAILR3;CD263;DCR1-TNFR;TNFRSF10C;DCR1;TRAIL-R3;LIT;TRID,N,N,N,N,N,N,N,N,N,N,N,N,N,N,N,N,N,N,N,N,N,N,N,N,N,N,N,N,N,N,N,N
KILLER/DR5;TRICKB;TNFRSF10B;TRAILR2;TRAIL-R2;TRICK2A;ZTNFR9;TRICK2;DR5;CD262;TRICK2B;KILLER,N,N,N,N,N,N,N,N,N,N,N,N,N,N,N,N,N,N,N,N,N,N,N,N,N,N,N,N,N,N,N,N
DR4;TRAILR1;CD261;APO2;TNFRSF10A;TRAILR-1,N,N,N,N,N,N,N,N,N,N,N,N,N,N,N,N,N,N,N,N,N,N,N,N,N,N,N,N,N,N,N,N
FAS1;FAS;TNFRSF6;ALPS1A;FASTM;APO-1;APT1;CD95,N,N,N,N,N,N,N,N,N,N,N,N,N,N,N,N,N,N,N,N,N,N,N,N,N,N,N,N,N,N,N,N
IL3;MULTI-CSF;MCGF;IL-3,N,N,N,N,N,N,N,N,N,N,N,N,N,N,N,N,N,N,N,N,N,N,N,N,N,N,N,N,N,N,N,N
NGF;Beta-NGF;HSAN5;NGFB,N,N,N,N,N,N,N,N,N,N,N,N,N,N,N,N,N,N,N,N,N,N,N,N,N,N,N,N,N,N,N,N
TNF;TNFA;TNFSF2;DIF;TNLG1F;TNF-alpha,N,N,N,N,N,N,N,N,N,N,N,N,N,N,N,N,N,N,N,N,N,N,N,N,N,N,N,N,N,N,N,N
TRAIL;TNFSF10;Apo-2L;CD253;APO2L;TL2;TNLG6A,N,N,N,N,N,N,N,N,N,N,N,N,N,N,N,N,N,N,N,N,N,N,N,N,N,N,N,N,N,N,N,N
ALPS1B;FASL;APTL;TNLG1A;FASLG;CD95L;APT1LG1;CD95-L;CD178;TNFSF6,N,N,N,N,N,N,N,N,N,N,N,N,N,N,N,N,N,N,N,N,N,N,N,N,N,N,N,N,N,N,N,N
SPTA;HS3;HPP;SPTA1;EL2;SPH3,B,N,B,B,N,B,N,N,B,N,B,B,B,B,B,N,N,B,B,N,B,B,B,N,N,B,N,B,N,B,B,B
EIEE5;NEAS;SPTAN1;SPTA2,D,D,D,D,D,D,D,D,D,N,D,D,D,D,D,D,D,D,D,D,D,D,D,D,D,D,D,D,D,D,D,D
CDDC;LFP;LMNL1;LMNA;CMD1A;CMT2B1;PRO1;LGMD1B;FPLD;FPLD2;FPL;EMD2;LMN1;CDCD1;MADA;IDC;LDP1;LMNC;HGPS,D,D,D,D,D,N,D,D,D,N,D,D,D,D,D,D,D,D,D,D,D,D,D,D,D,D,D,D,D,D,D,D
LMNB1;LMNB;LMN;ADLD;LMN2,D,N,D,D,D,N,D,D,D,N,N,D,D,D,N,N,D,D,D,N,D,D,N,D,N,D,D,D,D,N,D,D
LAMB2;EPM9;LMNB2;LMN2,D,N,D,D,D,N,D,D,D,N,N,D,D,D,N,N,D,D,D,N,D,D,N,D,N,D,D,D,D,N,D,D
ARTD2;pADPRT-2;ADPRTL2;ADPRT2;PARP-2;PARP2;ADPRTL3,D,D,D,D,D,D,D,D,D,N,D,D,D,D,D,D,D,D,D,D,D,D,D,D,D,D,D,D,D,D,D,D
PADPRT-3;PARP3;IRT1;ADPRTL2;ARTD3;ADPRTL3;ADPRT3,D,D,D,D,D,D,D,D,D,N,D,D,D,D,D,D,D,D,D,D,D,D,D,D,D,D,D,D,D,D,D,D
ADPRT;PPOL;PARP;PARP1;ADPRT_1;PARP-1;ADPRT1;pADPRT-1;ARTD1,D,D,D,D,D,D,D,D,D,N,D,D,D,D,D,D,D,D,D,D,D,D,D,D,D,D,D,D,D,D,D,D
PARP-4;VWA5C;PH5P;VAULT3;PARPL;PARP4;VPARP;ARTD4;ADPRTL1;p193,D,D,D,D,D,D,D,D,D,N,D,D,D,D,D,D,D,D,D,D,D,D,D,D,D,D,D,D,D,D,D,D
DFNA64;SMAC;DIABLO,N,N,N,N,N,N,N,N,N,N,N,N,N,N,N,N,N,N,N,N,N,N,N,N,N,N,N,N,N,N,N,N
PNUTL2;MART;SEP4;hucep-7;ARTS;CE5B3;H5;SEPT4;hCDCREL-2;BRADEION,D,D,D,D,D,N,N,D,D,N,N,N,D,D,D,D,N,N,D,D,D,N,D,D,D,D,N,D,N,D,D,D
OMI;PARK13;PRSS25;HTRA2;MGCA8,N,N,N,N,N,N,N,N,N,N,N,N,N,N,N,N,N,N,N,N,N,N,N,N,N,N,N,N,N,N,N,N
BCL2L4;BAX,N,N,N,N,N,N,N,N,N,N,N,N,N,N,N,N,N,N,N,N,N,N,N,N,N,N,N,N,N,N,N,N
BAK-LIKE;BCL2L7;BAK1;BAK;CDN1,N,N,N,N,N,N,N,N,N,N,N,N,N,N,N,N,N,N,N,N,N,N,N,N,N,N,N,N,N,N,N,N
NOXA;APR;PMAIP1,N,N,N,N,N,N,N,N,N,N,N,N,N,N,N,N,N,N,N,N,N,N,N,N,N,N,N,N,N,N,N,N
JFY1;JFY-1;PUMA;BBC3,N,N,N,N,N,N,N,N,N,N,N,N,N,N,N,N,N,N,N,N,N,N,N,N,N,N,N,N,N,N,N,N
TP53AIP1;P53AIP1,N,N,N,N,N,N,N,N,N,N,N,N,N,N,N,N,N,N,N,N,N,N,N,N,N,N,N,N,N,N,N,N
hIRE1p;IRE1;IRE1a;IRE1P;ERN1,D,D,D,D,D,D,D,D,D,D,D,D,D,D,D,D,D,D,D,D,D,D,D,D,D,D,D,D,D,D,D,D
CASP-12;CASP12;CASP12P1,N,N,N,N,N,N,N,N,N,N,N,N,N,N,N,N,N,N,N,N,N,N,N,N,N,N,N,N,N,N,N,N
hPTP1E;PTP1E;FAP-1;PTP-BAS;PTPN13;PNP1;PTPL1;PTPLE;PTP-BL,D,D,D,D,D,D,D,D,D,N,D,D,D,D,D,D,D,D,D,D,D,D,D,D,D,D,D,D,D,D,D,D
DDIT2;GRP17;GADD45gamma;CR6;GADD45G,C,N,C,N,N,N,N,C,N,N,C,N,N,N,N,N,N,N,N,N,C,N,N,C,C,N,N,C,C,N,C,N
DDIT1;GADD45;GADD45A,C,N,C,N,N,N,N,C,N,N,C,N,N,N,N,N,N,N,N,N,C,N,N,C,C,N,N,C,C,N,C,N
GADD45B;MYD118;GADD45BETA,C,N,C,N,N,N,N,C,N,N,C,N,N,N,N,N,N,N,N,N,C,N,N,C,C,N,N,C,C,N,C,N
BCL2A1;HBPA1;GRS;ACC1;BFL1;BCL2L5;ACC-1;ACC2;ACC-2,N,N,N,N,N,N,N,N,N,N,N,N,N,N,N,N,N,N,N,N,N,N,N,N,N,N,N,N,N,N,N,N
MGC:10353;TRAF1;EBI6,A,N,N,N,N,N,N,N,N,N,A,N,N,N,N,N,A,N,N,N,A,N,N,N,N,N,N,N,N,N,A,N
EAP1;DAP6;BING2;DAXX,N,N,N,N,N,N,N,N,N,N,N,N,N,N,N,N,N,N,N,N,N,N,N,N,N,N,N,N,N,N,N,N
MAP3K5;MAPKKK5;MEKK5;ASK1,D,D,D,D,D,D,D,D,D,D,D,D,D,D,D,D,D,D,D,D,D,D,D,D,D,D,D,D,D,D,D,D
SAPK1;JNK;SAPK1c;PRKM8;JNK21B1/2;MAPK8;JNK1A2;JNK1;JNK-46,D,D,D,D,D,D,D,D,D,D,D,D,D,D,D,D,D,D,D,D,D,D,D,D,D,D,D,D,D,D,D,D
p54aSAPK;MAPK9;p54a;JNK2B;JNK-55;JNK2BETA;SAPK;JNK2;SAPK1a;JNK2ALPHA;JNK2A;PRKM9,D,D,D,D,D,D,D,D,D,D,D,D,D,D,D,D,D,D,D,D,D,D,D,D,D,D,D,D,D,D,D,D
JNK3;SAPK1b;MAPK10;JNK3A;PRKM10;p54bSAPK;p493F12,D,D,D,D,D,D,D,D,D,D,D,D,D,D,D,D,D,D,D,D,D,D,D,D,D,D,D,D,D,D,D,D
AIP-1;DIP1/2;DAB2IP;AIP1;AF9Q34,D,D,D,D,D,D,D,D,D,N,D,D,D,D,D,D,D,D,D,D,D,D,D,D,D,D,D,D,D,D,D,D
JUN;AP1;p39;AP-1;c-Jun,N,N,N,N,N,N,N,N,N,N,N,N,N,N,N,N,N,N,N,N,N,N,N,N,N,N,N,N,N,N,N,N
C-FOS;FOS;AP-1;p55,N,N,N,N,N,N,N,N,N,N,N,N,N,N,N,N,N,N,N,N,N,N,N,N,N,N,N,N,N,N,N,N
BIM;BOD;BAM;BCL2L11,N,N,N,N,N,N,N,N,N,N,N,N,N,N,N,N,N,N,N,N,N,N,N,N,N,N,N,N,N,N,N,N
HMS;PLS;CTSC;CPPI;DPPI;PDON1;JPD;JP;PALS;DPP1;DPP-I,D,D,D,D,D,D,D,D,D,N,D,D,D,D,D,D,D,D,D,D,D,D,D,D,D,D,D,D,D,D,D,D
CPSB;APPS;CTSB,B,B,B,B,B,N,N,B,B,N,B,N,B,B,B,N,B,B,B,N,B,B,N,N,N,B,B,N,N,N,B,B
CTSD;HEL-S-130P;CLN10;CPSD,N,N,A,N,N,N,N,N,A,N,A,A,N,N,A,N,N,N,N,A,N,N,N,N,N,A,N,N,N,N,A,N
ACC4;CPSB;CTSH;ACC-4;ACC-5;ACC5,B,B,B,B,B,N,N,B,B,N,B,N,B,B,B,N,B,B,B,B,B,B,N,N,N,B,B,N,N,N,B,B
CTSK;PYCD;CTS02;CTSO2;CTSO1;PKND;CTSO,D,D,D,D,D,N,N,D,D,N,D,D,D,D,D,N,D,D,D,D,D,D,D,N,D,D,D,N,D,D,D,D
MEP;CTSL1;CATL;CTSL,D,D,D,D,D,N,N,D,D,N,D,D,D,D,D,N,D,D,D,D,D,D,D,N,D,D,D,N,D,D,D,D
CTSL2;CTSV;CTSU;CATL2,D,D,D,D,D,N,N,D,D,N,D,D,D,D,D,N,D,D,D,D,D,D,D,N,D,D,D,N,D,D,D,D
CTSO1;CTSO,D,D,D,D,D,N,N,D,D,N,D,D,D,D,D,N,D,D,D,D,D,D,D,N,D,D,D,N,D,D,D,D
CTSS,B,B,B,B,B,N,N,B,B,N,B,N,B,B,B,N,B,B,B,B,B,B,N,N,N,B,B,N,N,N,B,B
CTSW;LYPN,B,B,B,B,B,N,N,B,B,N,B,N,B,B,B,N,B,B,B,B,B,B,N,N,N,B,B,N,N,N,B,B
CTSX;CTSZ,B,B,B,B,B,N,N,B,B,N,B,N,B,B,B,N,B,B,B,N,B,B,N,N,N,B,B,N,N,N,B,B
CATSF;CTSF;CLN13,B,B,B,B,B,N,N,B,B,N,B,N,B,B,B,N,B,B,B,B,B,B,N,N,N,B,B,N,N,N,B,B
DDIT3;GADD153;CHOP10;C/EBPzeta;CHOP-10;CEBPZ;CHOP,N,N,N,N,N,N,N,N,N,N,N,N,N,N,N,N,N,N,N,N,N,N,N,N,N,N,N,N,N,N,N,N
PERK;WRS;PEK;EIF2AK3,D,D,D,D,D,D,D,D,D,D,D,D,D,D,D,D,D,D,D,D,D,D,D,D,D,D,D,D,D,D,D,D
EIF-2alpha;EIF2S1;EIF2A;EIF-2A;EIF2;EIF-2,N,D,N,D,D,D,D,D,D,D,D,D,D,D,N,D,D,D,D,D,N,D,N,D,D,D,D,N,N,N,D,N
TXREB;TAXREB67;ATF4;CREB2;CREB-2,N,N,N,N,N,N,N,N,N,N,N,N,N,N,N,N,N,N,N,N,N,N,N,N,N,N,N,N,N,N,N,N
SCA16;IP3R1;PPP1R94;IP3R;ACV;INSP3R1;ITPR1;SCA15;CLA4;SCA29,A,N,N,A,N,N,N,N,N,N,A,N,A,A,A,N,N,N,N,A,N,N,N,N,N,N,N,N,N,N,A,N
ITPR2;CFAP48;IP3R2;ANHD;INSP3R2,A,N,N,A,N,N,N,N,N,N,A,N,A,A,A,N,N,N,N,A,N,N,N,N,N,N,N,N,N,N,A,N
ITPR3;IP3R;IP3R3,A,N,N,A,N,N,N,N,N,N,A,N,A,A,A,N,N,N,N,A,N,N,N,N,N,N,N,N,N,N,A,N
PRO0461;PDPK2;PDPK1;PDK1;PDPK2P,D,D,D,D,D,D,D,D,D,D,D,D,D,D,D,D,D,D,D,D,D,D,D,D,D,D,D,D,D,D,D,D
CASP2;NEDD-2;PPP1R57;CASP-2;ICH1;NEDD2,N,N,N,N,N,N,N,N,N,N,N,N,N,N,N,N,N,N,N,N,N,N,N,N,N,N,N,N,N,N,N,N
PIDD1;PIDD;LRDD,D,D,D,D,D,D,D,D,D,N,D,D,D,D,D,D,D,D,D,D,D,D,D,D,D,D,D,D,D,D,D,D
HLP;GZMB;CTLA1;CTSGL1;C11;CSP-B;CGL1;CSPB;SECT;CCPI;CGL-1,D,D,D,D,D,N,D,D,D,N,D,D,D,D,D,D,D,D,N,D,D,D,D,D,D,D,D,N,D,D,D,D
P1;HPLH2;PRF1;PFP,N,A,A,N,A,A,N,A,A,N,A,N,N,A,N,A,A,N,N,N,A,A,N,N,N,A,N,N,N,N,A,A
PS1TP5BP1;BRWS1;ACTB,D,D,D,D,D,D,D,D,D,D,D,D,D,D,D,D,D,D,D,D,D,D,D,D,D,D,D,D,D,D,D,D
ACTG1;ACT;DFNA26;HEL-176;ACTG;DFNA20,D,D,D,D,D,D,D,D,D,D,D,D,D,D,D,D,D,D,D,D,D,D,D,D,D,D,D,D,D,D,D,D
K-ALPHA-1;TUBA1B,C,C,C,C,C,C,C,C,C,C,C,C,C,C,C,C,C,C,C,C,C,C,C,C,C,C,C,C,C,C,C,C
TUBA3E,C,C,C,C,C,C,C,C,C,C,C,C,C,C,C,C,C,C,C,C,C,C,C,C,C,C,C,C,C,C,C,C
H2-ALPHA;TUBA3D,C,C,C,C,C,C,C,C,C,C,C,C,C,C,C,C,C,C,C,C,C,C,C,C,C,C,C,C,C,C,C,C
TUBAL2;CDCBM8;TUBA8,C,C,C,C,C,C,C,C,C,C,C,C,C,C,C,C,C,C,C,C,C,C,C,C,C,C,C,C,C,C,C,C
TUBA4A;H2-ALPHA;TUBA1;ALS22,C,C,C,C,C,C,C,C,C,C,C,C,C,C,C,C,C,C,C,C,C,C,C,C,C,C,C,C,C,C,C,C
TUBA3C;bA408E5.3;TUBA2,C,C,C,C,C,C,C,C,C,C,C,C,C,C,C,C,C,C,C,C,C,C,C,C,C,C,C,C,C,C,C,C
LIS3;B-ALPHA-1;TUBA1A;TUBA3,C,C,C,C,C,C,C,C,C,C,C,C,C,C,C,C,C,C,C,C,C,C,C,C,C,C,C,C,C,C,C,C
TUBAL3,C,C,C,C,C,C,C,C,C,C,C,C,C,C,C,C,C,C,C,C,C,C,C,C,C,C,C,C,C,C,C,C
TUBA1C;TUBA6;bcm948,C,C,C,C,C,C,C,C,C,C,C,C,C,C,C,C,C,C,C,C,C,C,C,C,C,C,C,C,C,C,C,C
MCL1L;Mcl-1;EAT;bcl2-L-3;mcl1/EAT;BCL2L3;MCL1S;TM;MCL1;MCL1-ES,N,N,N,N,N,N,N,N,N,N,N,N,N,N,N,N,N,N,N,N,N,N,N,N,N,N,N,N,N,N,N,N
DP5;HARAKIRI;HRK,N,N,N,N,N,N,N,N,N,N,N,N,N,N,N,N,N,N,N,N,N,N,N,N,N,N,N,N,N,N,N,N
C-H-RAS;HAMSV;H-RASIDX;RASH1;C-HA-RAS1;p21ras;C-BAS/HAS;HRAS1;CTLO;HRAS,D,D,D,D,D,D,D,D,D,D,D,D,D,D,D,D,D,D,D,D,D,D,D,D,D,D,D,D,D,D,D,D
K-RAS4B;KI-RAS;K-RAS4A;NS;c-Ki-ras2;KRAS1;C-K-RAS;NS3;RALD;KRAS2;K-RAS2A;RASK2;CFC2;KRAS;K-RAS2B;K-Ras,D,D,D,D,D,D,D,D,D,D,D,D,D,D,D,D,D,D,D,D,D,D,D,D,D,D,D,D,D,D,D,D
CMNS;ALPS4;NRAS1;NS6;N-ras;NCMS;NRAS,D,D,D,D,D,D,D,D,D,D,D,D,D,D,D,D,D,D,D,D,D,D,D,D,D,D,D,D,D,D,D,D
RAF1;NS5;CMD1NN;Raf-1;CRAF;c-Raf,D,D,D,D,D,D,D,D,D,N,D,D,D,D,D,D,D,D,D,D,D,D,D,D,D,D,D,D,D,D,D,D
MKK1;PRKMK1;MEK1;CFC3;MAPKK1;MAP2K1,D,D,D,D,D,D,D,D,D,D,D,D,D,D,D,D,D,D,D,D,D,D,D,D,D,D,D,D,D,D,D,D
MAPKK2;PRKMK2;MEK2;MAP2K2;CFC4;MKK2,D,D,D,D,D,D,D,D,D,D,D,D,D,D,D,D,D,D,D,D,D,D,D,D,D,D,D,D,D,D,D,D
MAPK1;ERK;PRKM1;p41mapk;p42-MAPK;p41;MAPK2;p40;p38;ERK-2;ERK2;ERT1;PRKM2;P42MAPK,D,D,D,D,D,D,D,D,D,D,D,D,D,D,D,D,D,D,D,D,D,D,D,D,D,D,D,D,D,D,D,D
PRKM3;HS44KDAP;ERT2;P44ERK1;ERK-1;HUMKER1A;p44-MAPK;ERK1;p44-ERK1;P44MAPK;MAPK3,D,D,D,D,D,D,D,D,D,D,D,D,D,D,D,D,D,D,D,D,D,D,D,D,D,D,D,D,D,D,D,D
