ftcd,N,N,N,N,N,N,N,N,N,N,N,N,N,N,N,N,N,N,N,N,N,N,N,N,N,N,N,N,N,N,N,N
amdhd1,N,N,N,N,N,N,N,N,N,N,N,N,N,N,N,N,N,N,N,N,N,N,N,N,N,N,N,N,N,N,N,N
uroc1,N,N,N,N,N,N,N,N,N,N,N,N,N,N,N,N,N,N,N,N,N,N,N,N,N,N,N,N,N,N,N,N
4,N,D,D,N,N,N,N,N,D,N,D,N,N,N,N,N,N,N,D,N,N,N,D,D,N,N,N,N,N,N,D,N
5,N,D,D,N,N,N,N,N,D,N,D,N,N,N,N,N,N,N,D,N,N,N,D,D,N,N,N,N,N,N,D,N
hal,N,D,D,N,N,N,N,N,D,N,D,N,N,N,N,N,N,N,D,N,N,N,D,D,N,N,N,N,N,N,D,N
7,N,A,N,N,A,N,A,A,A,N,A,A,N,A,N,A,A,A,N,A,N,N,N,A,N,A,A,N,N,N,A,N
8,D,D,D,N,D,D,D,D,D,N,D,D,D,D,D,D,D,D,D,D,D,D,D,D,D,D,D,D,D,D,D,N
9,D,D,D,N,D,D,D,D,D,N,D,D,D,D,D,D,D,D,D,D,D,D,D,D,D,D,D,D,D,D,D,N
10,D,D,D,N,D,D,D,D,D,N,D,D,D,D,D,D,D,D,D,D,D,D,D,D,D,D,D,D,D,D,D,N
maoB-1,N,B,N,N,N,N,N,B,N,N,B,N,B,B,N,N,N,N,N,N,N,N,B,N,N,N,N,N,N,N,N,N
maoC-1,N,B,N,N,N,N,N,B,N,N,B,N,B,B,N,N,N,N,N,N,N,N,B,N,N,N,N,N,N,N,N,N
maoC-2,N,B,N,N,N,N,N,B,N,N,B,N,B,B,N,N,N,N,N,N,N,N,B,N,N,N,N,N,N,N,N,N
maoB-2,N,B,N,N,N,N,N,B,N,N,B,N,B,B,N,N,N,N,N,N,N,N,B,N,N,N,N,N,N,N,N,N
maoA,N,N,N,N,N,N,N,B,N,N,B,N,N,B,N,N,N,N,N,N,N,N,B,N,N,N,N,N,N,N,N,N
comG,D,D,D,N,D,D,D,D,D,N,D,D,D,D,D,D,D,D,D,D,D,D,D,D,D,D,D,D,D,D,D,N
