Fub1;FAU1;FAU;S30;asr1;MNSFbeta;Fubi;RPS30,D,D,D,D,D,D,D,D,D,D,D,D,D,D,D,D,D,D,D,D,D,D,D,D,D,D,D,D,N,D,D,D
BBC1;D16S44E;RPL13;D16S444E;L13,C,C,N,N,N,N,N,N,C,N,C,C,N,C,N,N,N,N,N,N,N,N,N,N,N,N,N,N,C,C,C,N
RPL28;L28,N,N,N,N,N,N,A,A,N,N,A,A,A,N,N,N,N,N,N,N,A,N,N,N,N,A,N,N,N,N,N,N
S14;RPS14;EMTB,N,D,D,D,D,D,D,D,D,N,D,D,N,D,N,D,D,D,D,D,D,N,N,D,D,D,N,N,D,D,D,D
RPS23;PAMAS;BTDD;S23;MABAS;MCINS,D,D,N,D,D,D,D,D,N,D,D,N,D,N,D,D,D,D,D,D,N,D,D,N,N,D,D,N,N,N,D,D
S18;KE-3;KE3;RPS18;HKE3;D6S218E,B,N,B,N,N,N,B,N,N,N,N,N,N,N,N,N,N,N,B,B,N,N,N,N,N,N,N,B,N,N,N,N
DBA13;RPS29;S29,D,D,D,N,N,N,D,D,D,D,N,N,N,D,N,N,D,D,D,N,D,N,N,D,D,N,D,D,D,D,N,N
S13;RPS13,D,D,D,N,N,D,D,D,D,D,N,N,D,D,D,D,D,D,D,D,D,D,N,D,D,D,D,D,D,D,D,D
S11;RPS11,N,N,N,N,N,N,N,N,N,N,N,N,N,N,N,N,N,N,N,N,N,N,N,N,N,N,N,N,N,N,N,N
RPS15;RIG;S15,N,D,D,D,D,D,D,D,D,N,D,N,D,N,D,N,N,N,D,D,D,N,D,D,D,N,N,D,N,D,N,N
S6;RPS6,N,N,N,N,N,N,N,N,N,N,N,N,N,N,N,N,N,N,N,N,N,N,N,N,N,N,N,N,N,N,N,N
S8;RPS8,D,D,N,D,D,D,D,D,D,D,D,N,D,D,D,D,D,D,D,D,D,D,D,D,N,D,D,D,D,D,D,D
S17;RPS17L1;RPS17;DBA4;RPS17L;RPS17L2,N,C,C,N,C,N,C,C,C,C,N,N,N,C,N,N,C,C,N,N,C,C,N,C,C,C,N,C,N,C,C,N
DBA1;RPS19;S19;DBA,N,D,D,D,N,D,D,N,N,N,D,N,N,N,N,N,N,D,N,N,N,N,D,N,D,N,N,N,N,N,N,N
S24;DBA3;RPS24,N,N,N,N,N,N,N,N,C,C,N,C,N,N,N,N,N,N,C,N,N,N,N,N,C,N,N,N,N,C,N,N
RPS27L,D,D,N,N,N,D,D,D,D,D,D,D,D,D,N,D,D,N,N,N,D,N,N,N,D,D,N,D,D,D,D,D
RPS27;DBA17;S27;MPS1;MPS-1,D,D,N,N,N,D,D,D,D,D,D,D,D,D,N,D,D,N,N,N,D,N,N,N,D,D,N,D,D,D,D,D
UBC;UBCEP80;CEP80;UBA80;RPS27A;UBCEP1;HEL112;S27A,D,D,D,D,D,D,D,D,D,D,D,D,D,D,D,D,D,D,D,D,D,D,D,D,D,D,D,D,D,D,D,D
RPS7;S7;DBA8,A,A,A,A,A,A,N,N,A,N,A,A,A,A,A,A,A,N,A,A,A,A,A,N,A,A,A,A,A,A,A,A
RPS10-NUDT3,N,B,N,B,B,B,B,B,B,B,B,B,B,B,N,B,B,B,B,B,B,B,B,B,B,B,N,B,B,B,B,B
S10;RPS10;DBA9,N,A,N,A,A,A,A,A,A,A,A,A,A,A,N,A,A,A,A,A,A,A,A,A,A,A,N,A,A,A,A,A
S12;RPS12,C,N,C,N,C,N,C,C,C,N,C,C,N,C,N,N,C,N,C,N,C,C,N,C,C,C,C,C,C,C,C,C
S21;HLDF;RPS21,C,C,N,N,C,N,N,C,C,N,C,N,C,C,N,C,C,C,C,C,N,C,C,N,N,C,C,C,C,C,C,N
RPS25;S25,N,D,N,D,N,D,N,D,D,N,D,D,D,N,D,D,N,D,D,N,N,D,N,D,D,N,N,D,D,N,D,N
25,D,D,D,D,N,D,N,D,D,D,D,D,D,N,D,D,D,D,D,D,D,D,D,D,D,N,D,D,D,D,N,D
DBA10;RPS26;S26,D,D,D,D,N,D,N,D,D,D,D,D,D,N,D,D,D,D,D,D,D,D,D,D,D,N,D,D,D,D,N,D
RPS28;DBA15;S28,N,C,N,N,N,N,C,C,C,N,N,N,N,N,N,C,C,N,N,N,N,C,N,N,N,N,N,C,N,N,N,N
RPS4Y2;RPS4Y2P,D,D,D,D,D,D,D,D,D,D,N,D,D,D,D,D,D,D,D,D,D,D,D,D,D,D,D,D,D,D,D,D
S4;CCG2;SCR10;RPS4X;SCAR;DXS306;RPS4,D,D,D,D,D,D,D,D,D,D,N,D,D,D,D,D,D,D,D,D,D,D,D,D,D,D,D,D,D,D,D,D
S4;RPS4Y1;RPS4Y,D,D,D,D,D,D,D,D,D,D,N,D,D,D,D,D,D,D,D,D,D,D,D,D,D,D,D,D,D,D,D,D
MFTL;RPS3A;S3A;FTE1,D,D,D,N,N,D,D,D,D,N,D,D,D,D,D,D,D,N,D,D,D,D,D,D,D,D,D,D,D,N,D,D
MTRNR2;RNR2;MT-RNR2,N,N,N,N,N,N,N,N,N,N,N,N,N,N,N,N,N,N,N,N,N,N,N,N,N,N,N,N,N,N,N,N
RNA5S1;RN5S1,N,N,N,N,N,N,N,N,N,N,N,N,N,N,N,N,N,N,N,N,N,N,N,N,N,N,N,N,N,N,N,N
RNA5S2;RN5S2,N,N,N,N,N,N,N,N,N,N,N,N,N,N,N,N,N,N,N,N,N,N,N,N,N,N,N,N,N,N,N,N
RN5S3;RNA5S3,N,N,N,N,N,N,N,N,N,N,N,N,N,N,N,N,N,N,N,N,N,N,N,N,N,N,N,N,N,N,N,N
RNA5S4;RN5S4,N,N,N,N,N,N,N,N,N,N,N,N,N,N,N,N,N,N,N,N,N,N,N,N,N,N,N,N,N,N,N,N
RNA5S5;RN5S5,N,N,N,N,N,N,N,N,N,N,N,N,N,N,N,N,N,N,N,N,N,N,N,N,N,N,N,N,N,N,N,N
RN5S6;RNA5S6,N,N,N,N,N,N,N,N,N,N,N,N,N,N,N,N,N,N,N,N,N,N,N,N,N,N,N,N,N,N,N,N
RN5S7;RNA5S7,N,N,N,N,N,N,N,N,N,N,N,N,N,N,N,N,N,N,N,N,N,N,N,N,N,N,N,N,N,N,N,N
RNA5S8;RN5S8,N,N,N,N,N,N,N,N,N,N,N,N,N,N,N,N,N,N,N,N,N,N,N,N,N,N,N,N,N,N,N,N
RNA5S9;RN5S9,N,N,N,N,N,N,N,N,N,N,N,N,N,N,N,N,N,N,N,N,N,N,N,N,N,N,N,N,N,N,N,N
RN5S10;RNA5S10,N,N,N,N,N,N,N,N,N,N,N,N,N,N,N,N,N,N,N,N,N,N,N,N,N,N,N,N,N,N,N,N
RNA5S11;RN5S11,N,N,N,N,N,N,N,N,N,N,N,N,N,N,N,N,N,N,N,N,N,N,N,N,N,N,N,N,N,N,N,N
RN5S12;RNA5S12,N,N,N,N,N,N,N,N,N,N,N,N,N,N,N,N,N,N,N,N,N,N,N,N,N,N,N,N,N,N,N,N
RN5S13;RNA5S13,N,N,N,N,N,N,N,N,N,N,N,N,N,N,N,N,N,N,N,N,N,N,N,N,N,N,N,N,N,N,N,N
RNA5S14;RN5S14,N,N,N,N,N,N,N,N,N,N,N,N,N,N,N,N,N,N,N,N,N,N,N,N,N,N,N,N,N,N,N,N
RNA5S15;RN5S15,N,N,N,N,N,N,N,N,N,N,N,N,N,N,N,N,N,N,N,N,N,N,N,N,N,N,N,N,N,N,N,N
RN5S16;RNA5S16,N,N,N,N,N,N,N,N,N,N,N,N,N,N,N,N,N,N,N,N,N,N,N,N,N,N,N,N,N,N,N,N
RN5S17;RNA5S17,N,N,N,N,N,N,N,N,N,N,N,N,N,N,N,N,N,N,N,N,N,N,N,N,N,N,N,N,N,N,N,N
MRPL8;L10MT;MRP-L8;RPML8;MRPL10;MRP-L10,N,N,N,N,N,N,N,N,N,N,N,N,N,N,N,N,N,N,N,N,N,N,N,N,N,N,N,N,N,N,N,N
L11MT;MRPL11;MRP-L11;CGI-113,N,N,D,N,N,D,D,N,N,N,N,D,D,N,N,N,N,N,N,N,N,N,N,D,D,N,N,N,N,N,N,N
ASC-1;RPL3;L3;TARBP-B,D,D,D,N,D,N,N,N,D,N,N,D,N,D,N,N,D,N,N,N,N,D,N,D,N,D,N,N,N,D,D,N
RPL3L,D,D,D,N,D,N,N,N,D,N,N,D,N,D,N,N,D,N,N,N,N,D,N,D,N,D,N,N,N,D,D,N
L11;DBA7;GIG34;RPL11,N,N,N,N,N,N,N,N,N,N,N,N,N,N,N,N,N,N,N,N,N,N,N,N,N,N,N,N,N,N,N,N
RPL9;NPC-A-16;L9,N,N,N,N,N,N,N,N,D,N,D,N,N,N,N,N,N,N,N,D,N,N,D,N,N,N,N,N,N,N,N,N
RPP0;L10E;P0;LP0;PRLP0;RPLP0,N,D,N,D,D,D,N,D,N,D,D,D,N,N,N,N,D,D,D,N,D,N,D,N,N,N,N,N,N,N,D,D
RPL12;L12,N,N,D,N,N,D,D,N,N,N,N,D,D,N,N,N,N,N,N,N,N,N,N,D,D,N,N,N,N,N,N,N
RPL13A;TSTA1;L13A,N,N,N,N,N,N,N,N,N,N,N,N,N,N,N,N,N,N,N,N,N,N,N,N,N,N,N,N,N,N,N,N
L13A;MRPL13;RPL13;L13mt;RPML13;L13,N,N,N,N,B,B,N,N,B,N,B,N,N,N,N,N,N,N,N,N,N,N,N,B,N,N,B,N,N,N,B,N
MRP-L14;RPML14;CGI-22;MRPL2,D,D,D,D,D,D,D,D,D,D,D,N,D,D,D,D,D,D,N,D,N,D,D,D,D,D,D,D,D,D,D,D
MRL3;MRPL3;COXPD9;RPML3,D,D,N,N,N,N,N,N,D,N,N,D,N,D,N,N,D,N,N,N,N,N,N,D,N,D,N,N,N,D,D,N
NEDD6;RPL10A;Csa-19;CSA19;L10A,N,N,N,N,N,D,N,N,D,N,D,N,D,D,N,N,N,N,N,N,N,N,N,D,N,D,D,D,N,N,D,N
RPL8;L8,D,D,D,D,D,D,D,D,D,D,D,N,D,D,D,D,D,D,N,D,N,D,D,D,D,D,D,D,D,D,D,D
MRPL14;MRPL32;L32mt;MRP-L32;RPML32;MRP-L14;L14mt;RMPL32,D,N,N,N,N,D,N,N,D,D,N,N,N,D,N,D,N,N,D,D,D,N,N,D,N,N,N,N,N,N,D,N
RPL23;rpL17;L23,D,D,D,D,D,D,N,D,D,D,N,D,N,D,D,D,N,N,D,D,D,N,N,D,D,D,D,D,D,D,D,D
L27A;RPL27A,N,N,N,N,N,N,N,N,D,D,N,N,N,N,N,N,N,D,N,N,N,N,N,N,N,N,N,N,N,D,N,N
MRP-L15;MRPL15;RPML7;L15mt;HSPC145;MRP-L7,B,B,N,N,N,N,N,N,B,N,B,N,B,N,N,B,N,N,N,B,N,B,N,N,B,N,N,N,N,B,N,N
L5;RPL5;MSTP030;PPP1R135,N,N,N,C,N,N,C,C,C,C,C,C,N,N,C,C,N,N,C,C,N,N,N,C,C,C,C,N,C,N,N,C
L18mt;MRPL18;MRP-L18;HSPC071,N,N,N,N,N,N,N,N,N,N,N,N,N,N,N,N,N,N,N,N,N,N,N,N,N,N,N,N,N,N,N,N
RPL17-C18orf32,D,D,N,N,N,N,N,N,D,N,N,N,N,N,D,D,N,N,N,N,D,D,N,N,N,N,D,D,N,N,N,N
RPL23;PD-1;RPL17;L17,D,D,N,N,N,N,N,N,D,N,N,N,N,N,D,D,N,N,N,N,D,D,N,N,N,N,D,D,N,N,N,N
MRP-L25;HSPC158;MRPL22;RPML25;MRP-L22;L22mt,B,B,N,N,N,N,N,B,B,N,N,N,N,B,N,B,N,N,N,N,B,N,B,B,N,N,B,N,N,N,N,N
MDA20;L23A;RPL23A,N,N,D,N,N,N,D,D,D,N,N,N,N,D,D,N,D,N,N,N,N,D,N,D,N,D,N,D,N,N,D,D
RPL23;RPL23L;MRPL23;L23MRP,N,N,D,N,N,N,N,D,N,N,N,N,N,N,N,N,D,N,N,N,N,N,N,D,N,D,N,D,N,N,D,N
RPL26P1;RPL26L1,N,D,N,N,N,N,D,D,D,D,D,N,N,D,N,D,D,N,D,D,D,N,D,D,N,D,D,D,D,D,D,D
DBA11;L26;RPL26,N,D,N,N,N,N,D,D,D,D,D,N,N,D,N,D,D,N,D,D,D,N,D,D,N,D,D,D,D,D,D,D
L24mt;MRP-L18;MRPL24;MRP-L24,N,N,N,N,N,N,N,N,N,N,N,N,N,N,N,N,N,N,N,N,N,N,N,N,N,N,N,N,N,N,N,N
L35;RPL35,D,D,N,D,D,N,D,D,D,N,N,N,N,D,D,D,N,N,N,D,N,N,D,N,N,D,D,D,N,N,N,N
RPML28;L30MT;MRPL28M;MRP-L30;MRPL30;L28MT;MRP-L28;MRPL28,N,N,N,N,N,N,N,N,N,N,N,N,N,N,N,N,N,N,N,N,N,N,N,N,N,N,N,N,N,N,N,N
L7;RPL7;humL7-1,N,D,N,N,D,N,N,N,D,N,N,N,N,D,N,D,D,N,N,N,N,N,N,N,D,N,D,D,N,N,D,N
L15;RPYL10;RPL10;DBA12;RPLY10;EC45;RPL15,D,D,D,D,D,D,D,D,D,D,N,D,D,D,D,D,D,D,D,D,D,N,D,D,D,D,D,D,D,D,D,D
L18;RPL18,N,N,N,C,C,N,N,N,C,C,N,N,C,N,N,N,C,N,N,N,N,N,N,C,N,N,N,N,N,N,C,N
RPL19;L19,D,D,D,D,D,D,D,D,D,D,N,D,D,N,N,N,N,N,N,D,D,N,D,D,D,N,D,D,D,D,D,N
L21;RPL21;HYPT12,N,C,N,N,N,N,C,N,N,N,N,N,C,N,N,N,N,N,N,N,N,N,N,N,N,N,N,C,N,N,N,N
RPL24;C15orf15;RSL24D1;L30;RPL24L;TVAS3;HRP-L30-iso;RLP24,D,D,D,D,D,D,D,D,D,D,D,D,D,D,D,D,D,D,D,D,D,D,D,D,N,D,D,D,D,D,D,D
RPL24;HEL-S-310;L24,D,D,D,D,D,D,D,D,D,D,D,D,D,D,D,D,D,D,D,D,D,D,D,D,N,D,D,D,D,D,D,D
L30;RPL30,D,D,D,N,D,N,D,D,D,D,D,N,N,N,D,D,D,D,N,N,D,N,N,D,D,D,N,D,D,N,D,N
L39;RPL39;RPL39_23_1806;RPL39P42,N,D,D,N,N,N,D,D,D,N,N,N,D,D,D,N,D,N,D,N,D,D,N,N,N,D,N,N,N,N,D,N
CEP52;HUBCEP52;L40;RPL40;UBA52,D,D,D,D,D,D,D,D,D,D,D,D,D,D,D,D,D,D,D,D,D,D,D,D,D,D,D,D,D,D,D,D
L41;RPL41,N,N,N,N,N,N,N,N,N,N,N,N,N,N,N,N,N,N,N,N,N,N,N,N,N,N,N,N,N,N,N,N
RPL36A-HNRNPH2,C,C,N,N,N,C,N,N,N,N,N,N,N,N,N,N,N,N,N,C,N,N,N,N,N,N,C,N,N,N,N,N
RPL36A;RPL36AL,C,C,N,N,N,C,N,N,N,N,N,N,N,N,N,N,N,N,N,C,N,N,N,N,N,N,C,N,N,N,N,N
RPL36A;MIG6;L36A;L44L;RPL44,C,C,N,N,N,C,N,N,N,N,N,N,N,N,N,N,N,N,N,C,N,N,N,N,N,N,C,N,N,N,N,N
RPL31;L31,C,C,N,C,N,C,N,C,C,C,C,N,C,C,N,N,N,C,C,N,N,N,N,N,N,C,N,N,N,N,C,C
RPL32;PP9932;L32,N,N,N,N,N,C,N,N,C,N,C,N,N,C,N,N,N,N,N,N,C,N,N,N,N,N,C,C,C,N,N,N
L34;RPL34,N,C,N,N,N,C,N,C,C,C,N,C,N,N,C,C,N,N,N,N,N,N,N,C,N,C,N,N,N,N,N,N
L35A;RPL35A;DBA5,C,N,N,N,C,C,C,N,C,C,C,C,N,C,C,C,C,C,C,N,N,N,N,C,N,N,C,N,N,C,C,N
RPL37;L37,N,D,D,N,N,D,N,N,N,N,N,D,N,N,N,N,N,N,N,N,N,N,N,N,D,N,N,D,N,N,N,N
RPL37A;L37A,D,D,N,D,D,D,D,D,D,D,D,N,N,D,N,D,D,N,D,D,D,N,N,D,D,N,D,D,N,N,N,D
TAXREB107;TXREB1;RPL6;L6;SHUJUN-2,C,C,C,N,C,C,N,C,C,C,N,C,N,C,C,C,N,N,C,C,N,N,N,C,C,N,C,N,C,N,C,C
RPL18A;L18A,N,A,A,A,A,A,A,A,A,A,N,A,A,A,A,A,A,A,A,A,A,N,A,A,A,A,A,A,A,A,A,A
RPL22L1,A,N,N,A,N,N,A,A,A,N,A,A,A,N,N,A,A,N,N,A,N,A,A,A,N,N,N,N,N,N,A,N
RPL22;HBP15/L22;HBP15;L22;EAP,A,N,N,A,N,N,A,A,A,N,A,A,A,N,N,A,A,N,N,A,N,A,A,A,N,N,N,N,N,N,A,N
DBA16;RPL27;L27,A,A,N,A,A,A,A,A,A,A,A,A,N,A,N,N,N,N,N,A,A,N,N,A,A,A,A,A,A,A,A,A
HUMRPL29;RPL29_3_370;HIP;L29;RPL29P10;RPL29,A,A,N,A,A,A,N,A,A,N,A,A,N,A,N,N,N,A,A,A,A,N,A,A,A,A,A,N,A,N,A,A
RPL36;L36,A,A,A,A,A,N,A,N,A,A,A,A,A,A,A,A,A,A,A,N,A,N,A,A,A,N,N,N,A,N,A,A
L38;RPL38,N,C,N,N,N,C,C,N,N,N,C,C,N,N,N,N,N,C,C,N,N,N,N,N,N,N,N,N,N,N,N,N
RPL4;L4,D,D,D,N,D,D,N,D,D,N,D,D,D,D,D,D,D,N,D,D,N,D,D,D,D,D,N,D,D,N,D,D
RPL7A;SURF3;TRUP;L7A,C,C,C,C,C,N,C,C,C,N,C,C,N,C,C,N,C,C,C,C,C,C,N,C,C,C,C,C,C,C,C,C
RPL10_5_1358;RPL10L,D,D,D,N,D,D,N,D,D,D,D,D,D,D,D,D,D,D,D,D,D,D,D,D,D,D,D,D,N,D,D,D
MRXS35;QM;AUTSX5;RPL10;L10;NOV;DXS648E;DXS648,D,D,D,N,D,D,N,D,D,D,D,D,D,D,D,D,D,D,D,D,D,D,D,D,D,D,D,D,N,D,D,D
RPL14;L14;RL14;CTG-B33;CAG-ISL-7;hRL14,N,N,C,N,N,N,N,C,C,N,N,N,N,N,C,C,N,N,C,N,N,N,N,C,N,N,C,N,C,N,C,C
L4mt;MRPL4;CGI-28,D,D,D,N,N,N,N,N,D,N,D,N,D,D,D,N,N,N,N,D,N,N,N,D,N,D,N,D,N,N,D,N
L9mt;MRPL9,N,N,N,N,N,N,N,N,N,N,N,N,N,N,N,N,N,N,N,N,N,N,N,N,N,N,N,N,N,N,N,N
RPML12;5c5-2;MRPL12;L12mt;MRPL7/L12;MRPL7;MRP-L31/34,B,N,N,N,B,N,N,N,B,N,B,N,N,N,N,N,B,N,B,N,B,N,B,N,N,B,N,N,N,N,N,N
RPLP1;P1;RPP1;LP1,N,N,A,N,A,N,N,N,A,N,A,N,N,A,A,N,N,N,N,A,N,A,A,N,A,N,N,A,A,N,N,N
P2;D11S2243E;LP2;RPP2;RPLP2,N,A,A,A,N,N,N,N,A,N,N,N,N,N,N,N,A,N,N,A,A,A,N,A,A,N,A,N,N,N,N,A
MRP-L16;MRPL16;L16mt;PNAS-111,N,N,N,N,N,N,N,N,N,N,N,N,N,N,N,N,N,N,N,N,N,N,N,N,N,N,N,N,N,N,N,N
MRPL17;L17mt;MRP-L26;RPL17L;MRP-L17;LIP2;RPML26,N,B,N,N,B,N,N,N,B,N,B,B,N,B,N,N,N,N,N,B,B,B,N,N,N,N,N,N,N,N,N,N
MRP-L15;MRP-L19;MRPL15;MRPL19;L19mt;RPML15;RLX1,N,N,N,N,N,N,N,N,N,N,N,N,N,N,N,N,N,N,N,N,N,N,N,N,N,N,N,N,N,N,N,N
MRPL20;L20mt;MRP-L20,B,B,N,N,N,N,B,B,B,N,B,B,N,N,N,N,N,N,N,B,N,N,B,N,N,B,N,N,N,N,B,B
L21mt;MRPL21;MRP-L21,N,N,N,N,N,N,N,N,N,N,N,N,N,N,N,N,N,N,N,N,N,N,N,N,N,N,N,N,N,N,N,N
L27mt;MRPL27,B,B,B,N,N,B,N,B,N,N,B,B,N,N,N,N,N,N,B,B,B,N,N,N,N,N,B,B,N,N,B,N
p15;MAAT1;MRPL28,N,N,N,N,N,N,N,N,N,N,N,N,N,N,N,N,N,N,N,N,N,N,N,N,N,N,N,N,N,N,N,N
MRPL32;L32mt;MRP-L32;HSPC283;bMRP-59b,N,N,N,N,N,N,N,N,N,N,N,N,N,N,N,N,N,N,N,N,N,N,N,N,N,N,N,N,N,N,N,N
C2orf1;RPL33L;MRPL33;L33mt;MRP-L33,N,N,N,N,N,N,N,N,N,N,N,N,N,N,N,N,N,N,N,N,N,N,N,N,N,N,N,N,N,N,N,N
MRPL34;L34mt,N,N,N,N,N,N,N,N,N,N,N,N,N,N,N,N,N,N,N,N,N,N,N,N,N,N,N,N,N,N,N,N
L35mt;MRPL35;MRP-L35,N,N,N,N,N,N,N,N,N,N,N,N,N,N,N,N,N,N,N,N,N,N,N,N,N,N,N,N,N,N,N,N
BRIP1;PRPL36;MRPL36;RPMJ;MRP-L36;L36mt,N,N,N,N,N,N,N,N,N,N,N,N,N,N,N,N,N,N,N,N,N,N,N,N,N,N,N,N,N,N,N,N
MT-RNR1;MTRNR1;RNR1,N,N,N,N,N,N,N,N,N,N,N,N,N,N,N,N,N,N,N,N,N,N,N,N,N,N,N,N,N,N,N,N
MRPS5;S5mt;MRP-S5,N,D,N,N,N,N,N,D,D,D,N,D,N,N,N,N,D,D,N,N,D,N,N,D,N,D,N,D,D,N,D,N
MRPS7;RPMS7;bMRP27a;MRP-S;MRP-S7;S7mt;RP-S7,N,N,N,N,N,N,N,N,N,N,N,N,N,N,N,N,N,N,N,N,N,N,N,N,N,N,N,N,N,N,N,N
MRP-S9;RPMS9;S9mt;MRPS9,N,N,N,N,D,N,N,N,N,D,N,N,N,N,N,D,N,N,N,N,N,N,N,N,N,N,N,N,N,N,N,N
MRP-S10;MRPS10;PNAS-122,N,N,N,N,N,N,N,N,N,N,N,N,N,N,N,N,N,N,N,N,N,N,N,N,N,N,N,N,N,N,N,N
RPS2;S2;LLREP3,N,D,N,N,N,N,N,D,D,D,N,D,N,N,N,N,D,D,N,N,D,N,N,D,N,D,N,D,D,N,D,N
RPS5;S5,N,N,N,N,N,N,N,N,N,N,N,N,N,N,N,N,N,N,N,N,N,N,N,N,N,N,N,N,N,N,N,N
RPS15A;S15a,N,N,N,N,B,N,B,N,N,N,B,N,N,N,N,N,N,N,N,N,B,N,N,N,N,N,N,N,N,N,N,N
S16;RPS16,N,N,N,N,D,N,N,N,N,D,N,N,N,N,N,D,N,N,N,N,N,N,N,N,N,N,N,N,N,N,N,N
RPS20;S20,B,N,N,N,N,B,N,N,N,N,B,B,N,N,N,N,N,N,B,N,N,N,N,B,N,B,N,N,N,N,B,N
LAMR1;SA;LBP;NEM/1CHD4;ICAS;lamR;p40;LRP/LR;LBP/p40;LAMBR;37LRP;LRP;67LR;RPSA,N,N,N,N,N,N,N,N,N,N,N,N,N,N,N,N,N,N,N,N,N,N,N,N,N,N,N,N,N,N,N,N
RPS3;S3,N,N,N,N,N,N,N,N,N,N,N,N,N,N,N,N,N,N,N,N,N,N,N,N,N,N,N,N,N,N,N,N
S11mt;HCC-2;MRPS11;MRP-S11,N,D,D,D,D,D,D,D,D,N,D,D,N,D,N,D,D,D,D,D,D,N,N,D,D,D,N,N,D,D,D,D
MT-RPS12;RPSM12;RPMS12;MRPS12;RPS12;MPR-S12,D,D,N,D,D,D,D,D,N,D,D,N,D,N,D,D,D,D,D,D,N,D,D,N,N,D,D,N,N,N,D,D
HSMRPS14;DJ262D12.2;MRP-S14;S14mt;MRPS14,N,N,N,N,N,N,N,N,N,N,N,N,N,N,N,N,N,N,N,N,N,N,N,N,N,N,N,N,N,N,N,N
RPMS15;MPR-S15;DC37;MRPS15;S15mt,N,N,N,N,N,N,N,N,N,N,N,N,N,N,N,N,N,N,N,N,N,N,N,N,N,N,N,N,N,N,N,N
RPMS17;MRPS17;S17mt;HSPC011;MRP-S17,N,N,N,N,N,N,N,N,N,N,N,N,N,N,N,N,N,N,N,N,N,N,N,N,N,N,N,N,N,N,N,N
MRP-S6;C21orf101;RPMS6;MRPS6;S6mt,N,B,B,N,N,N,N,N,N,N,B,B,B,N,N,B,B,N,N,N,B,N,N,B,N,B,B,B,N,N,B,B
MRP-S16;COXPD2;MRPS16;CGI-132;RPMS16,N,N,N,N,N,N,N,N,N,N,N,N,N,N,N,N,N,N,N,N,N,N,N,N,N,N,N,N,N,N,N,N
mrps18-c;MRP-S18-1;CGI-134;MRP-S18-c;MRPS18C;S18mt-c;MRPS18-1,N,N,N,N,N,N,N,N,N,N,N,N,N,N,N,N,N,N,N,N,N,N,N,N,N,N,N,N,N,N,N,N
S18bmt;MRPS18-3;MRPS18A;MRP-S18-3;HumanS18b,N,N,N,N,N,N,N,N,N,N,N,N,N,N,N,N,N,N,N,N,N,N,N,N,N,N,N,N,N,N,N,N
RPMS21;MRPS21;MDS016;MRP-S21,N,N,N,N,N,N,N,N,N,N,N,N,N,N,N,N,N,N,N,N,N,N,N,N,N,N,N,N,N,N,N,N
S9;RPS9,B,N,N,B,N,N,N,B,B,N,N,B,N,N,N,N,B,N,B,B,B,B,N,B,B,B,B,B,N,N,N,B
MRP-S2;MRPS2;CGI-91;S2mt,N,N,N,N,N,N,N,N,N,N,N,N,N,N,N,N,N,N,N,N,N,N,N,N,N,N,N,N,N,N,N,N
MRP-L1;MRPL1;L1MT;BM022,N,N,N,N,N,D,N,N,D,N,D,N,D,D,N,N,N,N,N,N,N,N,N,D,N,D,D,D,N,N,D,N
