HOR3;GLK1,N,N,N,N,A,N,N,N,A,N,N,N,N,N,N,N,A,N,N,N,N,N,N,N,A,A,N,N,N,N,A,A
EMI2,N,N,N,N,A,N,N,N,A,N,N,N,N,N,N,N,A,N,N,N,N,N,N,N,A,A,N,N,N,N,A,A
HXK1,N,N,N,N,A,N,N,N,A,N,N,N,N,N,N,N,A,N,N,N,N,N,N,N,A,A,N,N,N,N,A,A
HXK2;HKB;HEX1;SCI2,N,N,N,N,A,N,N,N,A,N,N,N,N,N,N,N,A,N,N,N,N,N,N,N,A,A,N,N,N,N,A,A
5,N,N,N,N,A,N,N,N,A,N,N,N,N,N,N,N,A,N,N,N,N,N,N,N,A,A,N,N,N,N,A,A
SUC2,A,N,N,N,N,N,N,N,A,N,N,A,N,A,N,N,N,N,N,N,N,N,A,N,N,N,N,N,N,N,N,N
FKS2;GSC2,N,N,N,A,A,N,N,A,A,N,A,A,A,A,A,A,N,A,N,N,A,A,A,A,A,A,N,A,A,A,A,N
FKS1;ETG1;CWH53;GSC1;PBR1;CND1,N,N,N,A,A,N,N,A,A,N,A,A,A,A,A,A,N,A,N,N,A,A,A,A,A,A,N,A,A,A,A,N
FKS3,N,N,N,A,A,N,N,A,A,N,A,A,A,A,A,A,N,A,N,N,A,A,A,A,A,A,N,A,A,A,A,N
10,B,N,B,N,B,N,B,B,B,N,B,N,B,N,N,B,N,B,N,N,B,B,N,B,N,B,N,B,B,B,B,N
UGP1,B,N,B,N,B,N,B,B,B,N,B,N,B,N,N,B,N,B,N,N,B,B,N,B,N,B,N,B,B,B,B,N
GLC6;TPS1;GGS1;CIF1;TSS1;FDP1;BYP1,N,B,N,N,N,N,N,B,B,N,B,N,B,B,B,N,B,B,N,B,N,N,N,B,N,N,B,B,B,N,N,N
HOG2;PFK3;TPS2,N,B,N,N,N,N,N,B,B,N,B,N,B,B,B,N,B,B,N,B,N,N,N,B,N,N,B,B,B,N,N,N
TSL1,N,B,N,N,N,N,N,B,B,N,B,N,B,B,B,N,B,B,N,B,N,N,N,B,N,N,B,B,B,N,N,N
TPS3,N,B,N,N,N,N,N,B,B,N,B,N,B,B,B,N,B,B,N,B,N,N,N,B,N,N,B,B,B,N,N,N
GSY1,N,N,N,N,N,N,N,N,N,N,N,N,N,N,N,N,N,N,N,N,N,N,N,N,N,N,N,N,N,N,N,N
GLG2,A,N,N,N,N,N,N,N,A,N,A,N,N,A,N,N,N,A,N,A,N,N,A,N,N,A,N,N,N,N,A,N
GLG1,A,N,N,N,N,N,N,N,A,N,A,N,N,A,N,N,N,A,N,A,N,N,A,N,N,A,N,N,N,N,A,N
GSY2,N,N,N,N,N,N,N,N,N,N,N,N,N,N,N,N,N,N,N,N,N,N,N,N,N,N,N,N,N,N,N,N
PGM1,N,N,N,N,N,N,N,N,N,N,N,N,N,N,N,N,N,N,N,N,N,N,N,N,N,N,N,N,N,N,N,N
GAL5;PGM2,N,N,N,N,N,N,N,N,N,N,N,N,N,N,N,N,N,N,N,N,N,N,N,N,N,N,N,N,N,N,N,N
PGM3;PRM15,N,N,N,N,N,N,N,N,N,N,N,N,N,N,N,N,N,N,N,N,N,N,N,N,N,N,N,N,N,N,N,N
PGI1;CDC30,N,N,N,N,N,N,N,N,N,N,N,N,N,N,N,N,N,N,N,N,N,N,N,N,N,N,N,N,N,N,N,N
GLC3;GHA1,N,N,N,N,N,N,N,N,N,N,N,N,N,N,N,N,N,N,N,N,N,N,N,N,N,N,N,N,N,N,N,N
NTH2,N,N,D,N,N,N,N,N,D,N,N,N,N,D,N,N,D,N,N,N,N,N,N,N,N,N,N,D,D,N,N,N
NTH1,N,N,D,N,N,N,N,N,D,N,N,N,N,D,N,N,D,N,N,N,N,N,N,N,N,N,N,D,D,N,N,N
ATH1,N,N,N,N,N,N,N,N,N,N,N,N,N,N,N,N,N,N,N,N,N,N,N,N,N,N,N,N,N,N,N,N
SGA1,N,N,N,N,N,A,N,N,N,N,A,N,N,N,A,N,N,N,N,N,N,A,N,N,N,N,N,N,N,N,A,N
GPH1,N,N,N,N,N,N,N,N,N,N,N,N,N,N,N,N,N,N,N,N,N,N,N,N,N,N,N,N,N,N,N,N
GDB1,N,N,D,N,N,N,D,N,N,N,N,N,N,N,N,D,N,N,N,N,N,N,N,N,N,N,D,N,N,N,N,N
EXG2,B,N,N,N,N,B,N,B,N,N,B,B,N,N,N,N,N,N,N,N,B,N,N,N,N,N,N,N,N,N,N,N
SCW9;BGL2,N,N,N,N,N,N,N,N,A,N,A,A,N,N,N,N,N,N,A,A,N,N,N,N,N,N,N,A,N,N,N,N
SCW6;BGL1;EXG1,B,N,N,N,N,B,N,B,N,N,B,B,N,N,N,N,N,N,N,N,B,N,N,N,N,N,N,N,N,N,N,N
SSG1;SPR1,B,N,N,N,N,B,N,B,N,N,B,B,N,N,N,N,N,N,N,N,B,N,N,N,N,N,N,N,N,N,N,N
MAL32,N,N,B,N,N,N,B,N,N,N,N,N,N,N,N,N,N,N,B,N,N,N,N,N,N,N,N,N,N,N,B,N
IMA1,N,N,B,N,N,N,B,N,N,N,N,N,N,N,N,N,N,N,B,N,N,N,N,N,N,N,N,N,N,N,B,N
MAL12,N,N,B,N,N,N,B,N,N,N,N,N,N,N,N,N,N,N,B,N,N,N,N,N,N,N,N,N,N,N,B,N
IMA3,N,N,B,N,N,N,B,N,N,N,N,N,N,N,N,N,N,N,B,N,N,N,N,N,N,N,N,N,N,N,B,N
IMA5,N,N,B,N,N,N,B,N,N,N,N,N,N,N,N,N,N,N,B,N,N,N,N,N,N,N,N,N,N,N,B,N
IMA4;FSP2,N,N,B,N,N,N,B,N,N,N,N,N,N,N,N,N,N,N,B,N,N,N,N,N,N,N,N,N,N,N,B,N
IMA2,N,N,B,N,N,N,B,N,N,N,N,N,N,N,N,N,N,N,B,N,N,N,N,N,N,N,N,N,N,N,B,N
