IPK2a,A,N,N,N,A,N,A,N,A,N,A,N,N,N,N,N,A,N,A,N,N,N,N,N,N,A,N,A,N,N,A,N
IPK2BETA,A,N,N,N,A,N,A,N,A,N,A,N,N,N,N,N,A,N,A,N,N,N,N,N,N,A,N,A,N,N,A,N
PEN2,D,D,D,N,D,D,N,D,D,N,D,D,N,D,D,N,N,N,D,N,D,D,D,D,D,D,D,D,D,D,D,D
PEN3,D,D,D,N,D,D,N,D,D,N,D,D,N,D,D,N,N,N,D,N,D,D,D,D,D,D,D,D,D,D,D,D
PTEN1,D,D,D,N,D,D,N,D,D,N,D,D,N,D,D,N,N,N,D,N,D,D,D,D,D,D,D,D,D,D,D,D
6,A,A,A,A,N,N,A,A,A,N,N,A,N,N,A,N,A,N,N,N,N,N,N,N,A,A,A,N,N,N,A,N
7,C,N,N,N,N,N,N,C,N,N,N,C,N,N,N,N,N,C,N,N,N,N,N,C,N,N,N,N,N,C,N,N
8,C,N,N,N,N,N,N,C,N,N,N,C,N,N,N,N,N,C,N,N,N,N,N,C,N,N,N,N,N,C,N,N
ITPK1,C,N,N,N,N,N,N,C,N,N,N,C,N,N,N,N,N,C,N,N,N,N,N,C,N,N,N,N,N,C,N,N
10,N,N,D,N,N,N,N,D,D,N,D,D,D,N,D,D,D,N,D,D,N,N,N,D,N,N,D,N,N,N,D,N
SAL1,N,N,N,N,N,N,N,D,D,N,D,D,D,N,D,D,N,N,D,D,N,N,N,N,N,N,D,N,N,N,D,N
12,N,N,N,N,N,N,N,D,D,N,D,D,D,N,D,D,N,N,D,D,N,N,N,N,N,N,D,N,N,N,D,N
SAL2,N,N,N,N,N,N,N,D,D,N,D,D,D,N,D,D,N,N,D,D,N,N,N,N,N,N,D,N,N,N,D,N
MIPS2,N,N,N,B,N,N,N,N,B,N,N,B,N,N,N,N,B,B,N,N,N,N,N,B,N,N,N,N,N,N,B,N
MIPS1,N,N,N,B,N,N,N,N,B,N,N,B,N,N,N,N,B,B,N,N,N,N,N,B,N,N,N,N,N,N,B,N
MIPS3,N,N,N,B,N,N,N,N,B,N,N,B,N,N,N,N,B,B,N,N,N,N,N,B,N,N,N,N,N,N,B,N
IMPL1,N,N,D,N,N,N,N,D,D,N,D,D,D,N,D,D,D,N,D,D,N,N,N,D,N,N,D,N,N,N,D,N
VTC4,N,N,D,N,N,N,N,D,D,N,D,D,D,N,D,D,D,N,D,D,N,N,N,D,N,N,D,N,N,N,D,N
IMPL2,N,N,D,N,N,N,N,D,D,N,D,D,D,N,D,D,D,N,D,D,N,N,N,D,N,N,D,N,N,N,D,N
MIOX1,B,B,N,N,N,N,N,B,B,N,B,B,N,B,N,N,B,B,B,N,B,B,B,N,N,B,N,B,N,N,B,N
MIOX2,B,B,N,N,N,N,N,B,B,N,B,B,N,B,N,N,B,B,B,N,B,B,B,N,N,B,N,B,N,N,B,N
MIOX4,B,B,N,N,N,N,N,B,B,N,B,B,N,B,N,N,B,B,B,N,B,B,B,N,N,B,N,B,N,N,B,N
MIOX5,B,B,N,N,N,N,N,B,B,N,B,B,N,B,N,N,B,B,B,N,B,B,B,N,N,B,N,B,N,N,B,N
Mik,N,N,N,N,N,N,N,N,N,N,N,N,N,N,N,N,N,N,N,N,N,N,N,N,N,N,N,N,N,N,N,N
ATPI4K_ALPHA,B,B,B,B,B,B,B,B,B,B,B,B,B,B,B,B,B,B,B,B,B,B,B,B,B,B,B,B,B,B,B,B
PI-4KBETA2,B,B,B,B,B,B,B,B,B,B,B,B,B,B,B,B,B,B,B,B,B,B,B,B,B,B,B,B,B,B,B,B
PI-4KBETA1,B,B,B,B,B,B,B,B,B,B,B,B,B,B,B,B,B,B,B,B,B,B,B,B,B,B,B,B,B,B,B,B
NPC1,N,N,N,N,N,N,N,N,N,N,N,N,N,N,N,N,N,N,N,N,N,N,N,N,N,N,N,N,N,N,N,N
NPC2,N,N,N,N,N,N,N,N,N,N,N,N,N,N,N,N,N,N,N,N,N,N,N,N,N,N,N,N,N,N,N,N
NPC3,N,N,N,N,N,N,N,N,N,N,N,N,N,N,N,N,N,N,N,N,N,N,N,N,N,N,N,N,N,N,N,N
NPC4,N,N,N,N,N,N,N,N,N,N,N,N,N,N,N,N,N,N,N,N,N,N,N,N,N,N,N,N,N,N,N,N
NPC5,N,N,N,N,N,N,N,N,N,N,N,N,N,N,N,N,N,N,N,N,N,N,N,N,N,N,N,N,N,N,N,N
NPC6,N,N,N,N,N,N,N,N,N,N,N,N,N,N,N,N,N,N,N,N,N,N,N,N,N,N,N,N,N,N,N,N
PIPK11,D,D,D,D,D,N,D,D,D,N,D,D,D,D,D,D,D,D,D,D,D,D,D,D,N,D,D,D,D,D,D,D
35,D,D,D,D,D,D,D,D,D,D,D,D,D,D,D,D,D,D,D,D,D,D,D,D,D,D,D,D,D,D,D,D
PIP5K1,D,D,D,D,D,D,D,D,D,D,D,D,D,D,D,D,D,D,D,D,D,D,D,D,D,D,D,D,D,D,D,D
37,D,D,D,D,D,D,D,D,D,D,D,D,D,D,D,D,D,D,D,D,D,D,D,D,D,D,D,D,D,D,D,D
PIP5K2,D,D,D,D,D,D,D,D,D,D,D,D,D,D,D,D,D,D,D,D,D,D,D,D,D,D,D,D,D,D,D,D
PIP5K3,D,D,D,D,D,D,D,D,D,D,D,D,D,D,D,D,D,D,D,D,D,D,D,D,D,D,D,D,D,D,D,D
PIP5K5,D,D,D,D,D,D,D,D,D,D,D,D,D,D,D,D,D,D,D,D,D,D,D,D,D,D,D,D,D,D,D,D
PIP5K6,D,D,D,D,D,D,D,D,D,D,D,D,D,D,D,D,D,D,D,D,D,D,D,D,D,D,D,D,D,D,D,D
PIP5K9,D,D,D,D,D,D,D,D,D,D,D,D,D,D,D,D,D,D,D,D,D,D,D,D,D,D,D,D,D,D,D,D
PIP5K4,D,D,D,D,D,D,D,D,D,D,D,D,D,D,D,D,D,D,D,D,D,D,D,D,D,D,D,D,D,D,D,D
PIPK10,D,D,D,D,D,N,D,D,D,N,D,D,D,D,D,D,D,D,D,D,D,D,D,D,N,D,D,D,D,D,D,D
VPS34,B,B,B,B,B,B,B,B,B,B,B,B,B,B,B,B,B,B,B,B,B,B,B,B,B,B,B,B,B,B,B,B
MTM1,D,D,D,D,D,D,D,D,D,N,D,D,D,D,D,D,D,D,D,D,D,D,D,D,D,D,D,D,D,D,D,D
MTM2,D,D,D,D,D,D,D,D,D,N,D,D,D,D,D,D,D,D,D,D,D,D,D,D,D,D,D,D,D,D,D,D
48,D,D,D,D,D,D,D,D,D,N,D,D,D,D,D,D,D,D,D,D,D,D,D,D,D,D,D,D,D,D,D,D
PLC2,D,D,D,D,D,D,D,D,D,N,D,D,D,D,D,D,D,D,D,D,D,D,D,D,D,D,D,D,D,D,D,D
50,D,D,D,D,D,D,D,D,D,N,D,D,D,D,D,D,D,D,D,D,D,D,D,D,D,D,D,D,D,D,D,D
PLC1,D,D,D,D,D,D,D,D,D,N,D,D,D,D,D,D,D,D,D,D,D,D,D,D,D,D,D,D,D,D,D,D
PLC5,D,D,D,D,D,D,D,D,D,N,D,D,D,D,D,D,D,D,D,D,D,D,D,D,D,D,D,D,D,D,D,D
PLC4,D,D,D,D,D,D,D,D,D,N,D,D,D,D,D,D,D,D,D,D,D,D,D,D,D,D,D,D,D,D,D,D
55,A,N,N,N,N,N,N,N,A,N,N,N,N,N,N,N,N,N,A,N,N,N,A,N,N,A,A,N,N,A,N,N
56,A,N,N,N,N,N,N,N,A,N,N,N,N,N,N,N,N,N,A,N,N,N,A,N,N,A,A,N,N,A,N,N
57,A,N,N,N,N,N,N,N,A,N,N,N,N,N,N,N,N,N,A,N,N,N,A,N,N,A,A,N,N,A,N,N
58,A,N,N,N,N,N,N,N,A,N,N,N,N,N,N,N,N,N,A,N,N,N,A,N,N,A,A,N,N,A,N,N
IPK1,A,N,N,N,N,N,N,N,A,N,N,N,N,N,N,N,N,N,A,N,N,N,A,N,N,A,A,N,N,A,N,N
ALDH6B2,D,D,D,N,D,D,D,D,D,N,D,D,D,D,D,D,D,D,D,D,D,D,D,D,D,D,D,N,N,D,D,N
TIM,N,N,D,D,D,N,N,N,D,N,N,D,D,N,N,D,D,N,N,N,N,N,N,N,N,N,N,D,N,D,D,D
TPI,N,N,D,D,D,N,N,N,D,N,N,D,D,N,N,D,D,N,N,N,N,N,N,N,N,N,N,D,N,D,D,D
FAB1D,D,D,D,D,D,D,D,D,D,D,D,D,D,D,D,D,D,D,D,D,D,D,D,D,D,D,D,D,D,D,D,D
FAB1C,D,D,D,D,D,D,D,D,D,D,D,D,D,D,D,D,D,D,D,D,D,D,D,D,D,D,D,D,D,D,D,D
FAB1B,D,D,D,D,D,D,D,D,D,D,D,D,D,D,D,D,D,D,D,D,D,D,D,D,D,D,D,D,D,D,D,D
FAB1A,D,D,D,D,D,D,D,D,D,D,D,D,D,D,D,D,D,D,D,D,D,D,D,D,D,D,D,D,D,D,D,D
PIS1,N,N,N,N,N,N,N,N,N,N,N,N,N,N,N,N,N,N,N,N,N,N,N,N,N,N,N,N,N,N,N,N
PIS2,N,N,N,N,N,N,N,N,N,N,N,N,N,N,N,N,N,N,N,N,N,N,N,N,N,N,N,N,N,N,N,N
RHD4,A,A,A,A,A,N,A,A,A,N,A,A,A,A,A,N,A,A,A,A,A,A,A,A,A,A,N,A,A,A,A,N
SAC8,A,A,A,A,A,N,A,A,A,N,A,A,A,A,A,N,A,A,A,A,A,A,A,A,A,A,N,A,A,A,A,N
ATSAC1B,A,A,A,A,A,N,A,A,A,N,A,A,A,A,A,N,A,A,A,A,A,A,A,A,A,A,N,A,A,A,A,N
