1,N,N,N,N,N,N,N,N,N,N,N,N,N,N,N,N,N,N,N,N,N,N,N,N,N,N,N,N,N,N,N,N
2,D,D,N,D,D,D,D,D,D,D,D,N,D,D,D,D,D,D,D,D,D,D,D,D,N,D,D,D,D,D,D,D
3,N,C,C,N,C,N,C,C,C,C,N,N,N,C,N,N,C,C,N,N,C,C,N,C,C,C,N,C,N,C,C,N
4,N,D,D,D,N,D,D,N,N,N,D,N,N,N,N,N,N,D,N,N,N,N,D,N,D,N,N,N,N,N,N,N
5,N,N,N,N,N,N,N,N,N,N,N,N,N,N,N,N,N,N,N,N,N,N,N,N,N,N,N,N,N,N,N,N
6,D,D,N,N,N,D,D,N,D,N,D,N,D,D,N,N,D,N,N,N,D,N,N,N,N,D,N,D,D,D,D,D
7,C,C,C,C,C,N,C,C,C,N,C,C,C,C,C,C,C,C,C,N,C,C,C,C,C,C,C,C,N,C,C,C
8,N,C,N,N,N,N,C,C,C,N,N,N,N,N,N,C,C,N,N,N,N,C,N,N,N,N,N,C,N,N,N,N
9,D,D,D,D,D,D,D,D,D,D,N,D,D,D,D,D,D,D,D,D,D,D,D,D,D,D,D,D,D,D,D,D
10,D,D,D,N,N,D,D,D,D,N,D,D,D,D,D,D,D,N,D,D,D,D,D,D,D,D,D,D,D,N,D,D
11,N,N,N,N,N,N,N,N,N,N,N,N,N,N,N,N,N,N,N,N,N,N,N,N,N,N,N,N,N,N,N,N
12,N,N,N,N,N,N,N,N,N,N,N,N,N,N,N,N,N,N,N,N,N,N,N,N,N,N,N,N,N,N,N,N
13,N,N,N,N,N,N,N,N,N,N,N,N,N,N,N,N,N,N,N,N,N,N,N,N,N,N,N,N,N,N,N,N
14,N,N,N,N,N,N,N,N,N,N,N,N,N,N,N,N,N,N,N,N,N,N,N,N,N,N,N,N,N,N,N,N
15,N,N,N,N,N,N,N,N,N,N,N,N,N,N,N,N,N,N,N,N,N,N,N,N,N,N,N,N,N,N,N,N
16,N,D,N,D,D,D,N,D,N,D,D,D,N,N,N,N,D,D,D,N,D,N,D,N,N,N,N,N,N,N,D,D
17,N,N,D,N,N,D,D,N,N,N,N,D,D,N,N,N,N,N,N,N,N,N,N,D,D,N,N,N,N,N,N,N
18,N,N,N,N,N,N,N,N,N,N,N,N,N,N,N,N,N,N,N,N,N,N,N,N,N,N,N,N,N,N,N,N
19,D,D,D,D,D,D,D,D,D,D,D,N,D,D,D,D,D,D,N,D,N,D,D,D,D,D,D,D,D,D,D,D
20,D,D,D,N,D,N,N,N,D,N,N,D,N,D,N,N,D,N,N,N,N,D,N,D,N,D,N,N,N,D,D,N
21,N,N,N,N,N,N,N,N,N,N,N,N,N,N,N,N,N,N,N,N,N,N,N,N,N,N,N,N,N,N,N,N
22,N,N,N,N,N,N,N,N,D,N,D,N,N,N,N,N,N,N,N,D,N,N,D,N,N,N,N,N,N,N,N,N
23,D,D,D,D,D,D,N,D,D,D,N,D,N,D,D,D,N,N,D,D,D,N,N,D,D,D,D,D,D,D,D,D
24,N,N,N,N,N,N,N,N,D,D,N,N,N,N,N,N,N,D,N,N,N,N,N,N,N,N,N,N,N,D,N,N
25,N,N,N,C,N,N,C,C,C,C,C,C,N,N,C,C,N,N,C,C,N,N,N,C,C,C,C,N,C,N,N,C
26,D,D,N,N,N,N,N,N,D,N,N,N,N,N,D,D,N,N,N,N,D,D,N,N,N,N,D,D,N,N,N,N
27,N,N,D,N,N,N,D,D,D,N,N,N,N,D,D,N,D,N,N,N,N,D,N,D,N,D,N,D,N,N,D,D
28,N,D,N,N,N,N,D,D,D,D,D,N,N,D,N,D,D,N,D,D,D,N,D,D,N,D,D,D,D,D,D,D
29,D,D,N,D,D,N,D,D,D,N,N,N,N,D,D,D,N,N,N,D,N,N,D,N,N,D,D,D,N,N,N,N
30,N,N,N,N,D,N,N,N,D,N,N,N,N,D,N,N,D,N,N,N,N,N,N,N,D,N,D,D,N,N,D,N
31,D,D,D,D,D,D,D,D,D,D,N,D,D,D,D,D,D,D,D,D,D,N,D,D,D,D,D,D,D,D,D,D
32,N,N,N,C,C,N,N,N,C,C,N,N,C,N,N,N,C,N,N,N,N,N,N,C,N,N,N,N,N,N,C,N
33,D,D,D,D,D,D,D,D,D,D,N,D,D,N,N,N,N,N,N,D,D,N,D,D,D,N,D,D,D,D,D,N
34,N,C,N,N,N,N,C,N,N,N,N,N,C,N,N,N,N,N,N,N,N,N,N,N,N,N,N,C,N,N,N,N
35,D,D,D,N,D,D,N,D,D,D,N,D,D,D,N,D,N,D,D,N,N,D,N,N,N,N,D,N,D,N,N,N
36,D,D,D,N,D,N,D,D,D,D,D,N,N,N,D,D,D,D,N,N,D,N,N,D,D,D,N,D,D,N,D,N
37,N,D,D,N,N,N,D,D,D,N,N,N,D,D,D,N,D,N,D,N,D,D,N,N,N,D,N,N,N,N,D,N
38,N,N,N,N,N,N,N,N,N,N,N,N,N,N,N,N,N,N,N,N,N,N,N,N,N,N,N,N,N,N,N,N
39,C,C,N,N,N,C,N,N,N,N,N,N,N,N,N,N,N,N,N,C,N,N,N,N,N,N,C,N,N,N,N,N
40,C,C,N,C,N,C,N,C,C,C,C,N,C,C,N,N,N,C,C,N,N,N,N,N,N,C,N,N,N,N,C,C
41,N,N,N,N,N,C,N,N,C,N,C,N,N,C,N,N,N,N,N,N,C,N,N,N,N,N,C,C,C,N,N,N
42,N,C,N,N,N,C,N,C,C,C,N,C,N,N,C,C,N,N,N,N,N,N,N,C,N,C,N,N,N,N,N,N
43,N,D,D,N,N,D,N,N,N,N,N,D,N,N,N,N,N,N,N,N,N,N,N,N,D,N,N,D,N,N,N,N
44,D,D,N,D,D,D,D,D,D,D,D,N,N,D,N,D,D,N,D,D,D,N,N,D,D,N,D,D,N,N,N,D
45,D,D,D,N,D,D,N,D,D,N,D,D,D,D,D,D,D,N,D,D,N,D,D,D,D,D,N,D,D,N,D,D
46,C,C,C,C,C,N,C,C,C,C,C,C,C,C,C,C,C,C,C,C,C,C,C,C,C,C,C,C,C,C,C,C
47,D,D,D,N,D,D,N,D,D,D,D,D,D,D,D,D,D,D,D,D,D,D,D,D,D,D,D,D,N,D,D,D
48,N,N,N,N,N,N,N,N,N,N,N,N,N,N,N,N,N,N,N,N,N,N,N,N,N,N,N,N,N,N,N,N
49,N,N,N,N,N,N,N,N,N,N,N,N,N,N,N,N,N,N,N,N,N,N,N,N,N,N,N,N,N,N,N,N
50,N,N,N,N,N,N,N,N,N,N,N,N,N,N,N,N,N,N,N,N,N,N,N,N,N,N,N,N,N,N,N,N
51,N,N,N,N,N,N,N,N,N,N,N,N,N,N,N,N,N,N,N,N,N,N,N,N,N,N,N,N,N,N,N,N
52,N,N,N,N,N,N,N,N,N,N,N,N,N,N,N,N,N,N,N,N,N,N,N,N,N,N,N,N,N,N,N,N
53,B,N,N,B,N,N,N,B,B,N,N,B,N,N,N,N,B,N,B,B,B,B,N,B,B,B,B,B,N,N,N,B
54,N,D,N,N,N,N,N,D,D,D,N,D,N,N,N,N,D,D,N,N,D,N,N,D,N,D,N,D,D,N,D,N
55,N,N,N,N,N,N,N,N,N,N,N,N,N,N,N,N,N,N,N,N,N,N,N,N,N,N,N,N,N,N,N,N
56,N,N,N,N,B,N,B,N,N,N,B,N,N,N,N,N,N,N,N,N,B,N,N,N,N,N,N,N,N,N,N,N
57,N,N,N,N,D,N,N,N,N,D,N,N,N,N,N,D,N,N,N,N,N,N,N,N,N,N,N,N,N,N,N,N
58,B,N,N,N,N,B,N,N,N,N,B,B,N,N,N,N,N,N,B,N,N,N,N,B,N,B,N,N,N,N,B,N
59,N,D,D,D,D,D,D,D,D,N,D,D,N,D,N,D,D,D,D,D,D,N,N,D,D,D,N,N,D,D,D,D
60,D,D,N,D,D,D,D,D,N,D,D,N,D,N,D,D,D,D,D,D,N,D,D,N,N,D,D,N,N,N,D,D
61,B,N,B,N,N,N,B,N,N,N,N,N,N,N,N,N,N,N,B,B,N,N,N,N,N,N,N,B,N,N,N,N
62,D,D,D,N,N,N,D,D,D,D,N,N,N,D,N,N,D,D,D,N,D,N,N,D,D,N,D,D,D,D,N,N
63,D,D,D,N,N,D,D,D,D,D,N,N,D,D,D,D,D,D,D,D,D,D,N,D,D,D,D,D,D,D,D,D
64,N,N,N,N,N,N,N,N,N,N,N,N,N,N,N,N,N,N,N,N,N,N,N,N,N,N,N,N,N,N,N,N
65,N,D,D,D,D,D,D,D,D,N,D,N,D,N,D,N,N,N,D,D,D,N,D,D,D,N,N,D,N,D,N,N
66,N,N,N,N,N,N,N,N,N,N,N,N,N,N,N,N,N,N,N,N,N,N,N,N,N,N,N,N,N,N,N,N
67,N,N,N,N,N,N,N,N,N,N,N,N,N,N,N,N,N,N,N,N,N,N,N,N,N,N,N,N,N,N,N,N
68,N,N,N,N,N,D,N,N,D,N,D,N,D,D,N,N,N,N,N,N,N,N,N,D,N,D,D,D,N,N,D,N
