ILV1;SRR;ISO1,N,D,N,N,N,D,N,D,D,N,D,N,D,N,N,D,D,N,D,N,D,N,N,D,N,N,N,D,N,N,N,N
CHDH,B,B,N,N,N,N,B,B,B,N,B,N,B,B,B,N,N,B,B,B,N,N,B,B,B,N,N,N,N,N,B,N
ATQ1;ALDH7A1;PDE;EPD,D,D,D,N,D,D,D,D,D,N,D,D,D,D,D,D,D,D,D,D,D,D,D,D,D,D,D,D,D,D,D,N
BHMT;HEL-S-61p;BHMT1,N,N,N,N,N,N,N,N,N,N,N,N,N,N,N,N,N,N,N,N,N,N,N,N,N,N,N,N,N,N,N,N
AGT;AGXT;SPAT;AGT1;PH1;TLH6;SPT;AGXT1,D,N,N,D,N,N,D,N,D,N,D,D,N,N,D,N,D,N,D,N,N,D,N,D,D,N,N,N,N,D,D,N
GAMT;TP53I2;HEL-S-20;CCDS2;PIG2,D,D,D,D,D,D,D,D,D,N,D,D,D,D,D,D,D,D,D,D,D,D,D,D,D,D,D,D,D,D,D,D
NLS;PGDH;PGAD;3-PGDH;PGD;PHGDH;PHGDHD;HEL-S-113;PDG;NLS1;3PGDH;SERA,D,N,N,N,N,N,D,D,D,N,D,N,D,D,N,N,N,D,D,N,N,D,D,N,N,N,N,N,N,N,D,D
ME2GLYDH;DMGDHD;DMGDH,N,N,D,N,D,N,N,N,N,N,N,N,N,N,N,N,N,N,N,D,N,N,N,D,N,N,N,N,N,N,N,N
CBSL,N,D,N,N,N,D,N,D,D,N,D,N,D,N,N,D,D,N,D,N,D,N,N,D,N,N,N,D,N,N,N,N
CBS;HIP4,N,D,N,N,N,D,N,D,D,N,D,N,D,N,N,D,D,N,D,N,D,N,N,D,N,N,N,D,N,N,N,N
CTH,N,N,D,N,D,N,D,D,N,N,N,N,N,D,D,N,D,N,N,N,N,N,N,D,N,N,N,N,D,N,N,N
AT;AGAT;GATM;CCDS3,N,N,N,N,N,N,N,N,N,N,N,N,N,N,N,N,N,N,N,N,N,N,N,N,N,N,N,N,N,N,N,N
EPIP;PSA;NLS2;PSAT1;PSATD;PSAT,D,N,N,N,N,N,D,N,D,N,D,N,N,N,D,N,D,N,N,N,N,D,N,D,D,N,N,N,N,N,N,N
PIPOX;LPIPOX,N,N,N,N,N,N,N,N,N,N,N,N,N,N,N,N,N,N,N,N,N,N,N,N,N,N,N,N,N,N,N,N
SDH;DMGDHL1;SARD;SAR;BPR-2;SARDH,N,N,D,N,D,N,N,N,N,N,N,N,N,N,N,N,N,N,N,D,N,N,N,D,N,N,N,N,N,N,N,N
PSPH;PSP;PSPHD,N,N,D,N,N,N,N,N,N,N,D,N,N,D,N,N,N,N,N,N,N,N,N,D,N,D,N,N,N,N,N,N
SHMT1;CSHMT;SHMT,D,D,D,N,D,D,D,D,D,N,D,D,D,D,D,D,D,D,D,D,D,D,D,D,D,D,D,D,D,D,D,D
HEL-S-51e;SHMT2;GLYA;SHMT,D,D,D,N,D,D,D,D,D,N,D,D,D,D,D,D,D,D,D,D,D,D,D,D,D,D,D,D,D,D,D,D
SDH;SDS,N,D,N,N,N,D,N,D,D,N,D,N,D,N,N,D,D,N,D,N,D,N,N,D,N,N,N,D,N,N,N,N
SDSL;cSDH;SDS-RS1;SDH_2;TDH,N,D,N,N,N,D,N,D,D,N,D,N,D,N,N,D,D,N,D,N,D,N,N,D,N,N,N,D,N,N,N,N
DAO;OXDA;DAMOX;DAAO,N,N,N,N,N,N,N,N,N,N,N,N,N,N,N,N,N,N,N,N,N,N,N,N,N,N,N,N,N,N,N,N
KBL;GCAT,D,D,D,D,D,D,D,D,D,N,D,D,D,D,N,D,D,D,D,D,D,D,N,D,D,D,N,D,D,D,D,D
HYGN1;GLDC;GCE;GCSP,N,D,N,N,D,N,N,N,D,N,N,N,N,N,N,N,N,D,N,D,N,N,N,N,N,D,N,D,N,N,N,D
ALAS3;ALAS;ALASH;ALAS-H;MIG4;ALAS1,D,D,D,D,D,D,D,D,D,N,D,D,D,D,N,D,D,D,D,D,D,D,N,D,D,D,N,D,D,D,D,D
ANH1;ALASE;SIDBA1;XLDPP;ASB;ALAS2;XLSA;XLEPP;ALAS-E,D,D,D,D,D,D,D,D,D,N,D,D,D,D,N,D,D,D,D,D,D,D,N,D,D,D,N,D,D,D,D,D
MAO-A;MAOA;BRNRS,B,N,N,N,N,N,N,B,N,N,B,N,N,B,N,N,N,N,N,N,B,N,B,N,N,N,N,N,N,N,B,N
MAOB,N,B,N,N,N,N,N,B,N,N,B,N,B,B,N,N,N,N,N,N,N,N,B,N,N,N,N,N,N,N,N,N
GRHPR;GLXR;GLYD;PH2,D,N,N,N,N,N,D,D,D,N,D,N,D,D,N,N,N,D,D,N,N,D,D,N,N,N,N,N,N,N,D,D
RAO;AOC2;DAO2;SSAO,N,N,N,N,N,N,N,N,B,N,B,N,N,N,B,N,N,N,N,B,N,N,N,N,N,N,N,B,N,N,N,N
SSAO;VAP1;VAP-1;AOC3;HPAO,N,N,N,N,N,N,N,N,B,N,B,N,N,N,B,N,N,N,N,B,N,N,N,N,N,N,N,B,N,N,N,N
GCST;NKH;GCVT;GCE;AMT,N,N,D,N,D,N,N,N,N,N,N,N,N,N,N,N,N,N,N,D,N,N,N,D,N,N,N,N,N,N,N,N
E3;DLDD;GCSL;DLDH;LAD;DLD;PHE3,B,N,N,N,N,N,N,N,N,N,B,N,N,B,N,N,N,N,N,N,N,B,N,N,B,N,N,N,N,N,N,N
GNMT;HEL-S-182mP,N,N,N,D,N,N,N,N,N,N,D,N,N,D,N,N,N,N,N,D,D,N,N,N,N,N,N,N,N,N,N,D
BAIBA;DAIBAT;AGT2;AGXT2,D,D,D,N,N,D,N,D,D,N,D,D,D,D,D,D,D,D,D,D,D,D,D,D,N,D,D,D,D,D,D,D
HBeAgBP4A;HBEBP2;HBEBP4;GLYCTK,N,N,N,N,N,N,N,N,N,N,N,N,N,N,N,N,N,N,N,N,N,N,N,N,N,N,N,N,N,N,N,N
PGAM4;PGAM1;PGAM3;dJ1000K24.1;PGAM-B,D,D,D,N,N,D,N,D,D,N,D,N,N,D,N,N,N,D,N,N,D,N,D,D,N,N,N,N,N,N,D,N
PGAM1;HEL-S-35;PGAMA;PGAM-B,D,D,D,N,N,D,N,D,D,N,D,N,N,D,N,N,N,D,N,N,D,N,D,D,N,N,N,N,N,N,D,N
PGAM2;PGAM-M;PGAMM;GSD10,D,D,D,N,N,D,N,D,D,N,D,N,N,D,N,N,N,D,N,N,D,N,D,D,N,N,N,N,N,N,D,N
DPGM;BPGM,D,D,D,N,N,D,N,D,D,N,D,N,N,D,N,N,N,D,N,N,D,N,D,D,N,N,N,N,N,N,D,N
GCSH;NKH;GCE,N,D,D,N,D,N,D,D,N,N,N,D,N,D,N,N,N,D,N,N,D,D,N,N,N,N,N,N,N,N,D,N
