MSH2;PMS5,D,N,D,D,N,D,D,D,D,N,D,N,D,D,D,D,D,D,D,D,D,D,D,D,N,D,D,N,N,N,D,D
MLH3,D,N,D,N,N,N,D,D,D,N,D,D,D,D,D,N,D,N,N,D,N,D,D,D,N,D,D,D,N,D,D,N
PMS2;MLH1,D,N,D,N,N,N,D,D,D,N,D,D,D,D,D,N,D,N,N,D,N,D,D,D,N,D,D,D,N,D,D,N
HPR5;SRS2,D,N,D,N,D,D,D,D,N,N,D,N,N,N,D,D,N,D,D,N,D,N,N,D,N,N,N,N,N,N,N,N
MMS8;CDC9,N,N,D,N,N,N,N,N,D,N,D,N,D,D,D,D,N,N,N,D,D,D,D,N,N,D,N,N,N,N,D,D
POL30,C,C,N,N,N,N,N,C,C,N,N,C,N,N,N,N,N,N,N,N,N,N,C,N,N,N,N,C,C,N,N,N
HPR6;CDC2;TEX1;POL3,D,D,D,D,D,D,D,D,D,N,D,D,D,D,D,D,D,D,D,D,D,D,D,D,D,D,D,D,D,D,D,D
SDP5;HYS2;HUS2;POL31,N,N,N,N,A,N,N,A,N,N,A,N,N,A,N,A,N,A,A,N,N,N,A,N,N,A,A,A,N,A,A,N
POL32;REV5,N,N,N,N,N,N,N,N,N,N,N,N,N,N,N,N,N,N,N,N,N,N,N,N,N,N,N,N,N,N,N,N
BUF2;RPA1;RFA1;FUN3;RPA70,D,D,D,N,D,D,D,D,D,N,D,D,D,D,D,N,D,D,D,D,D,D,D,D,D,D,D,D,D,D,D,D
RPA2;RPA32;BUF1;RFA2,A,N,N,N,N,N,N,N,N,N,A,A,A,A,N,N,A,N,A,N,N,N,A,A,N,A,N,N,A,N,A,N
PMS3;MSH6;PMS6,D,N,D,D,N,D,D,D,D,N,D,N,D,D,D,D,D,D,D,D,D,D,D,D,N,D,D,N,N,N,D,D
EXO1;DHS1,N,N,D,D,D,N,D,D,D,N,D,D,D,D,D,N,D,D,D,D,D,D,D,D,D,D,N,D,D,N,D,D
MSH3,D,N,D,D,N,D,D,D,D,N,D,N,D,D,D,D,D,D,D,D,D,D,D,D,N,D,D,N,N,N,D,D
PMS1,D,N,D,N,N,N,D,D,D,N,D,D,D,D,D,N,D,N,N,D,N,D,D,D,N,D,D,D,N,D,D,N
RFC5,D,D,N,N,D,D,D,D,D,N,D,D,D,D,D,D,D,D,D,D,D,D,N,D,D,D,D,N,N,D,D,D
RFC2,D,D,N,D,D,D,D,D,D,N,D,D,D,D,D,D,D,D,D,D,D,D,N,D,D,D,D,N,N,D,D,D
RFC3,D,D,D,D,D,D,D,D,D,N,D,D,D,D,D,D,D,D,D,D,D,D,N,D,D,D,D,D,N,D,D,D
RFC4,D,D,D,D,D,D,D,D,D,N,D,D,D,D,D,D,D,D,D,D,D,D,N,D,D,D,D,D,N,D,D,D
CDC44;RFC1,D,D,D,D,D,D,D,D,D,N,D,D,D,D,D,D,D,D,D,D,D,D,N,D,D,D,D,D,N,D,D,D
