1,D,D,D,D,D,D,D,D,D,D,D,D,D,D,D,D,D,D,D,D,D,D,D,D,D,D,D,D,N,D,D,D
2,D,D,D,D,D,D,D,D,D,D,D,D,D,D,D,D,D,D,D,D,D,D,D,D,D,D,D,D,N,D,D,D
3,D,D,D,D,D,D,D,D,D,D,D,D,D,D,D,D,D,D,D,D,D,D,D,D,D,D,D,D,N,D,D,D
4,C,C,N,N,N,N,N,N,C,N,C,C,N,C,N,N,N,N,N,N,N,N,N,N,N,N,N,N,C,C,C,N
BBC1,C,C,N,N,N,N,N,N,C,N,C,C,N,C,N,N,N,N,N,N,N,N,N,N,N,N,N,N,C,C,C,N
6,C,C,N,N,N,N,N,N,C,N,C,C,N,C,N,N,N,N,N,N,N,N,N,N,N,N,N,N,C,C,C,N
7,N,N,N,N,N,N,A,A,N,N,A,A,A,N,N,N,N,N,N,N,A,N,N,N,N,A,N,N,N,N,N,N
8,N,N,N,N,N,N,A,A,N,N,A,A,A,N,N,N,N,N,N,N,A,N,N,N,N,A,N,N,N,N,N,N
9,N,D,D,D,D,D,D,D,D,N,D,D,N,D,N,D,D,D,D,D,D,N,N,D,D,D,N,N,D,D,D,D
10,N,D,D,D,D,D,D,D,D,N,D,D,N,D,N,D,D,D,D,D,D,N,N,D,D,D,N,N,D,D,D,D
11,N,D,D,D,D,D,D,D,D,N,D,D,N,D,N,D,D,D,D,D,D,N,N,D,D,D,N,N,D,D,D,D
12,D,D,N,D,D,D,D,D,N,D,D,N,D,N,D,D,D,D,D,D,N,D,D,N,N,D,D,N,N,N,D,D
13,D,D,N,D,D,D,D,D,N,D,D,N,D,N,D,D,D,D,D,D,N,D,D,N,N,D,D,N,N,N,D,D
PFL,B,N,B,N,N,N,B,N,N,N,N,N,N,N,N,N,N,N,B,B,N,N,N,N,N,N,N,B,N,N,N,N
15,B,N,B,N,N,N,B,N,N,N,N,N,N,N,N,N,N,N,B,B,N,N,N,N,N,N,N,B,N,N,N,N
RPS18C,B,N,B,N,N,N,B,N,N,N,N,N,N,N,N,N,N,N,B,B,N,N,N,N,N,N,N,B,N,N,N,N
17,D,D,D,N,N,N,D,D,D,D,N,N,N,D,N,N,D,D,D,N,D,N,N,D,D,N,D,D,D,D,N,N
18,D,D,D,N,N,N,D,D,D,D,N,N,N,D,N,N,D,D,D,N,D,N,N,D,D,N,D,D,D,D,N,N
19,D,D,D,N,N,N,D,D,D,D,N,N,N,D,N,N,D,D,D,N,D,N,N,D,D,N,D,D,D,D,N,N
20,D,D,D,N,N,D,D,D,D,D,N,N,D,D,D,D,D,D,D,D,D,D,N,D,D,D,D,D,D,D,D,D
RPS13A,D,D,D,N,N,D,D,D,D,D,N,N,D,D,D,D,D,D,D,D,D,D,N,D,D,D,D,D,D,D,D,D
EMB1080,N,N,N,N,N,N,N,N,N,N,N,N,N,N,N,N,N,N,N,N,N,N,N,N,N,N,N,N,N,N,N,N
23,N,N,N,N,N,N,N,N,N,N,N,N,N,N,N,N,N,N,N,N,N,N,N,N,N,N,N,N,N,N,N,N
RPS11-BETA,N,N,N,N,N,N,N,N,N,N,N,N,N,N,N,N,N,N,N,N,N,N,N,N,N,N,N,N,N,N,N,N
RPS15,N,D,D,D,D,D,D,D,D,N,D,N,D,N,D,N,N,N,D,D,D,N,D,D,D,N,N,D,N,D,N,N
26,N,D,D,D,D,D,D,D,D,N,D,N,D,N,D,N,N,N,D,D,D,N,D,D,D,N,N,D,N,D,N,N
27,N,D,D,D,D,D,D,D,D,N,D,N,D,N,D,N,N,N,D,D,D,N,D,D,D,N,N,D,N,D,N,N
28,N,D,D,D,D,D,D,D,D,N,D,N,D,N,D,N,N,N,D,D,D,N,D,D,D,N,N,D,N,D,N,N
29,N,D,D,D,D,D,D,D,D,N,D,N,D,N,D,N,N,N,D,D,D,N,D,D,D,N,N,D,N,D,N,N
30,N,D,D,D,D,D,D,D,D,N,D,N,D,N,D,N,N,N,D,D,D,N,D,D,D,N,N,D,N,D,N,N
31,N,D,D,D,D,D,D,D,D,N,D,N,D,N,D,N,N,N,D,D,D,N,D,D,D,N,N,D,N,D,N,N
RPS6,N,N,N,N,N,N,N,N,N,N,N,N,N,N,N,N,N,N,N,N,N,N,N,N,N,N,N,N,N,N,N,N
EMB3010,N,N,N,N,N,N,N,N,N,N,N,N,N,N,N,N,N,N,N,N,N,N,N,N,N,N,N,N,N,N,N,N
34,D,D,N,D,D,D,D,D,D,D,D,N,D,D,D,D,D,D,D,D,D,D,D,D,N,D,D,D,D,D,D,D
35,D,D,N,D,D,D,D,D,D,D,D,N,D,D,D,D,D,D,D,D,D,D,D,D,N,D,D,D,D,D,D,D
36,N,C,C,N,C,N,C,C,C,C,N,N,N,C,N,N,C,C,N,N,C,C,N,C,C,C,N,C,N,C,C,N
37,N,C,C,N,C,N,C,C,C,C,N,N,N,C,N,N,C,C,N,N,C,C,N,C,C,C,N,C,N,C,C,N
38,N,C,C,N,C,N,C,C,C,C,N,N,N,C,N,N,C,C,N,N,C,C,N,C,C,C,N,C,N,C,C,N
39,N,C,C,N,C,N,C,C,C,C,N,N,N,C,N,N,C,C,N,N,C,C,N,C,C,C,N,C,N,C,C,N
40,N,D,D,D,N,D,D,N,N,N,D,N,N,N,N,N,N,D,N,N,N,N,D,N,D,N,N,N,N,N,N,N
41,N,D,D,D,N,D,D,N,N,N,D,N,N,N,N,N,N,D,N,N,N,N,D,N,D,N,N,N,N,N,N,N
42,N,D,D,D,N,D,D,N,N,N,D,N,N,N,N,N,N,D,N,N,N,N,D,N,D,N,N,N,N,N,N,N
43,N,N,N,N,N,N,N,N,C,C,N,C,N,N,N,N,N,N,C,N,N,N,N,N,C,N,N,N,N,C,N,N
44,N,N,N,N,N,N,N,N,C,C,N,C,N,N,N,N,N,N,C,N,N,N,N,N,C,N,N,N,N,C,N,N
45,D,D,N,N,N,D,D,D,D,D,D,D,D,D,N,D,D,N,N,N,D,N,N,N,D,D,N,D,D,D,D,D
RS27A,D,D,N,N,N,D,D,D,D,D,D,D,D,D,N,D,D,N,N,N,D,N,N,N,D,D,N,D,D,D,D,D
47,D,D,N,N,N,D,D,D,D,D,D,D,D,D,N,D,D,N,N,N,D,N,N,N,D,D,N,D,D,D,D,D
48,D,D,N,N,N,D,D,D,D,D,D,D,D,D,N,D,D,N,N,N,D,N,N,N,D,D,N,D,D,D,D,D
49,D,D,D,D,D,D,D,D,D,D,D,D,D,D,D,D,D,D,D,D,D,D,D,D,D,D,D,D,D,D,D,D
UBQ6,D,D,D,D,D,D,D,D,D,D,D,D,D,D,D,D,D,D,D,D,D,D,D,D,D,D,D,D,D,D,D,D
UBQ5,D,D,D,D,D,D,D,D,D,D,D,D,D,D,D,D,D,D,D,D,D,D,D,D,D,D,D,D,D,D,D,D
52,A,A,A,A,A,A,N,N,A,N,A,A,A,A,A,A,A,N,A,A,A,A,A,N,A,A,A,A,A,A,A,A
53,A,A,A,A,A,A,N,N,A,N,A,A,A,A,A,A,A,N,A,A,A,A,A,N,A,A,A,A,A,A,A,A
54,A,A,A,A,A,A,N,N,A,N,A,A,A,A,A,A,A,N,A,A,A,A,A,N,A,A,A,A,A,A,A,A
55,N,A,N,A,A,A,A,A,A,A,A,A,A,A,N,A,A,A,A,A,A,A,A,A,A,A,N,A,A,A,A,A
RPS10B,N,A,N,A,A,A,A,A,A,A,A,A,A,A,N,A,A,A,A,A,A,A,A,A,A,A,N,A,A,A,A,A
57,N,A,N,A,A,A,A,A,A,A,A,A,A,A,N,A,A,A,A,A,A,A,A,A,A,A,N,A,A,A,A,A
58,C,N,C,N,C,N,C,C,C,N,C,C,N,C,N,N,C,N,C,N,C,C,N,C,C,C,C,C,C,C,C,C
59,C,N,C,N,C,N,C,C,C,N,C,C,N,C,N,N,C,N,C,N,C,C,N,C,C,C,C,C,C,C,C,C
60,C,C,N,N,C,N,N,C,C,N,C,N,C,C,N,C,C,C,C,C,N,C,C,N,N,C,C,C,C,C,C,N
61,C,C,N,N,C,N,N,C,C,N,C,N,C,C,N,C,C,C,C,C,N,C,C,N,N,C,C,C,C,C,C,N
62,N,D,N,D,N,D,N,D,D,N,D,D,D,N,D,D,N,D,D,N,N,D,N,D,D,N,N,D,D,N,D,N
63,N,D,N,D,N,D,N,D,D,N,D,D,D,N,D,D,N,D,D,N,N,D,N,D,D,N,N,D,D,N,D,N
64,N,D,N,D,N,D,N,D,D,N,D,D,D,N,D,D,N,D,D,N,N,D,N,D,D,N,N,D,D,N,D,N
65,N,D,N,D,N,D,N,D,D,N,D,D,D,N,D,D,N,D,D,N,N,D,N,D,D,N,N,D,D,N,D,N
66,D,D,D,D,N,D,N,D,D,D,D,D,D,N,D,D,D,D,D,D,D,D,D,D,D,N,D,D,D,D,N,D
67,D,D,D,D,N,D,N,D,D,D,D,D,D,N,D,D,D,D,D,D,D,D,D,D,D,N,D,D,D,D,N,D
68,D,D,D,D,N,D,N,D,D,D,D,D,D,N,D,D,D,D,D,D,D,D,D,D,D,N,D,D,D,D,N,D
69,N,C,N,N,N,N,C,C,C,N,N,N,N,N,N,C,C,N,N,N,N,C,N,N,N,N,N,C,N,N,N,N
70,N,C,N,N,N,N,C,C,C,N,N,N,N,N,N,C,C,N,N,N,N,C,N,N,N,N,N,C,N,N,N,N
RPS28,N,C,N,N,N,N,C,C,C,N,N,N,N,N,N,C,C,N,N,N,N,C,N,N,N,N,N,C,N,N,N,N
72,D,D,D,D,D,D,D,D,D,D,N,D,D,D,D,D,D,D,D,D,D,D,D,D,D,D,D,D,D,D,D,D
73,D,D,D,D,D,D,D,D,D,D,N,D,D,D,D,D,D,D,D,D,D,D,D,D,D,D,D,D,D,D,D,D
74,D,D,D,D,D,D,D,D,D,D,N,D,D,D,D,D,D,D,D,D,D,D,D,D,D,D,D,D,D,D,D,D
75,D,D,D,N,N,D,D,D,D,N,D,D,D,D,D,D,D,N,D,D,D,D,D,D,D,D,D,D,D,N,D,D
76,D,D,D,N,N,D,D,D,D,N,D,D,D,D,D,D,D,N,D,D,D,D,D,D,D,D,D,D,D,N,D,D
rrn23S,N,N,N,N,N,N,N,N,N,N,N,N,N,N,N,N,N,N,N,N,N,N,N,N,N,N,N,N,N,N,N,N
78,N,N,N,N,N,N,N,N,N,N,N,N,N,N,N,N,N,N,N,N,N,N,N,N,N,N,N,N,N,N,N,N
rrn26,N,N,N,N,N,N,N,N,N,N,N,N,N,N,N,N,N,N,N,N,N,N,N,N,N,N,N,N,N,N,N,N
80,N,N,N,N,N,N,N,N,N,N,N,N,N,N,N,N,N,N,N,N,N,N,N,N,N,N,N,N,N,N,N,N
rrn5,N,N,N,N,N,N,N,N,N,N,N,N,N,N,N,N,N,N,N,N,N,N,N,N,N,N,N,N,N,N,N,N
82,N,N,N,N,N,N,N,N,N,N,N,N,N,N,N,N,N,N,N,N,N,N,N,N,N,N,N,N,N,N,N,N
EMB3136,N,N,N,N,N,N,N,N,N,N,N,N,N,N,N,N,N,N,N,N,N,N,N,N,N,N,N,N,N,N,N,N
PRPL11,N,N,D,N,N,D,D,N,N,N,N,D,D,N,N,N,N,N,N,N,N,N,N,D,D,N,N,N,N,N,N,N
MRPL11,N,N,D,N,N,D,D,N,N,N,N,D,D,N,N,N,N,N,N,N,N,N,N,D,D,N,N,N,N,N,N,N
86,N,N,D,N,N,D,D,N,N,N,N,D,D,N,N,N,N,N,N,N,N,N,N,D,D,N,N,N,N,N,N,N
RP1,D,D,D,N,D,N,N,N,D,N,N,D,N,D,N,N,D,N,N,N,N,D,N,D,N,D,N,N,N,D,D,N
RPL3B,D,D,D,N,D,N,N,N,D,N,N,D,N,D,N,N,D,N,N,N,N,D,N,D,N,D,N,N,N,D,D,N
RPL16A,N,N,N,N,N,N,N,N,N,N,N,N,N,N,N,N,N,N,N,N,N,N,N,N,N,N,N,N,N,N,N,N
90,N,N,N,N,N,N,N,N,N,N,N,N,N,N,N,N,N,N,N,N,N,N,N,N,N,N,N,N,N,N,N,N
RPL16B,N,N,N,N,N,N,N,N,N,N,N,N,N,N,N,N,N,N,N,N,N,N,N,N,N,N,N,N,N,N,N,N
92,N,N,N,N,N,N,N,N,N,N,N,N,N,N,N,N,N,N,N,N,N,N,N,N,N,N,N,N,N,N,N,N
93,N,N,N,N,N,N,N,N,D,N,D,N,N,N,N,N,N,N,N,D,N,N,D,N,N,N,N,N,N,N,N,N
PGY2,N,N,N,N,N,N,N,N,D,N,D,N,N,N,N,N,N,N,N,D,N,N,D,N,N,N,N,N,N,N,N,N
95,N,N,N,N,N,N,N,N,D,N,D,N,N,N,N,N,N,N,N,D,N,N,D,N,N,N,N,N,N,N,N,N
96,N,D,N,D,D,D,N,D,N,D,D,D,N,N,N,N,D,D,D,N,D,N,D,N,N,N,N,N,N,N,D,D
97,N,D,N,D,D,D,N,D,N,D,D,D,N,N,N,N,D,D,D,N,D,N,D,N,N,N,N,N,N,N,D,D
98,N,D,N,D,D,D,N,D,N,D,D,D,N,N,N,N,D,D,D,N,D,N,D,N,N,N,N,N,N,N,D,D
99,N,N,D,N,N,D,D,N,N,N,N,D,D,N,N,N,N,N,N,N,N,N,N,D,D,N,N,N,N,N,N,N
100,N,N,D,N,N,D,D,N,N,N,N,D,D,N,N,N,N,N,N,N,N,N,N,D,D,N,N,N,N,N,N,N
101,N,N,D,N,N,D,D,N,N,N,N,D,D,N,N,N,N,N,N,N,N,N,N,D,D,N,N,N,N,N,N,N
102,N,N,N,N,N,N,N,N,N,N,N,N,N,N,N,N,N,N,N,N,N,N,N,N,N,N,N,N,N,N,N,N
103,N,N,N,N,N,N,N,N,N,N,N,N,N,N,N,N,N,N,N,N,N,N,N,N,N,N,N,N,N,N,N,N
104,N,N,N,N,N,N,N,N,N,N,N,N,N,N,N,N,N,N,N,N,N,N,N,N,N,N,N,N,N,N,N,N
105,N,N,N,N,N,N,N,N,N,N,N,N,N,N,N,N,N,N,N,N,N,N,N,N,N,N,N,N,N,N,N,N
emb1473,N,N,N,N,B,B,N,N,B,N,B,N,N,N,N,N,N,N,N,N,N,N,N,B,N,N,B,N,N,N,B,N
107,N,N,N,N,B,B,N,N,B,N,B,N,N,N,N,N,N,N,N,N,N,N,N,B,N,N,B,N,N,N,B,N
rpl2,D,D,D,D,D,D,D,D,D,D,D,N,D,D,D,D,D,D,N,D,N,D,D,D,D,D,D,D,D,D,D,D
110,D,D,N,N,N,N,N,N,D,N,N,D,N,D,N,N,D,N,N,N,N,N,N,D,N,D,N,N,N,D,D,N
RPL3P,D,D,N,N,N,N,N,N,D,N,N,D,N,D,N,N,D,N,N,N,N,N,N,D,N,D,N,N,N,D,D,N
112,N,N,N,N,N,N,N,N,N,N,N,N,N,N,N,N,N,N,N,N,N,N,N,N,N,N,N,N,N,N,N,N
emb2394,N,N,N,N,N,N,N,N,D,N,D,N,N,N,N,N,N,N,N,D,N,N,D,N,N,N,N,N,N,N,N,N
114,N,N,N,N,N,N,N,N,D,N,D,N,N,N,N,N,N,N,N,D,N,N,D,N,N,N,N,N,N,N,N,N
115,N,N,N,N,N,D,N,N,D,N,D,N,D,D,N,N,N,N,N,N,N,N,N,D,N,D,D,D,N,N,D,N
PGY1,N,N,N,N,N,D,N,N,D,N,D,N,D,D,N,N,N,N,N,N,N,N,N,D,N,D,D,D,N,N,D,N
117,N,N,N,N,N,D,N,N,D,N,D,N,D,D,N,N,N,N,N,N,N,N,N,D,N,D,D,D,N,N,D,N
EMB2296,D,D,D,D,D,D,D,D,D,D,D,N,D,D,D,D,D,D,N,D,N,D,D,D,D,D,D,D,D,D,D,D
119,D,D,D,D,D,D,D,D,D,D,D,N,D,D,D,D,D,D,N,D,N,D,D,D,D,D,D,D,D,D,D,D
120,D,D,D,D,D,D,D,D,D,D,D,N,D,D,D,D,D,D,N,D,N,D,D,D,D,D,D,D,D,D,D,D
HLL,D,D,D,D,D,D,N,D,D,D,N,D,N,D,D,D,N,N,D,D,D,N,N,D,D,D,D,D,D,D,D,D
122,D,D,D,D,D,D,N,D,D,D,N,D,N,D,D,D,N,N,D,D,D,N,N,D,D,D,D,D,D,D,D,D
rpl14,D,D,D,D,D,D,N,D,D,D,N,D,N,D,D,D,N,N,D,D,D,N,N,D,D,D,D,D,D,D,D,D
124,D,D,D,D,D,D,N,D,D,D,N,D,N,D,D,D,N,N,D,D,D,N,N,D,D,D,D,D,D,D,D,D
125,D,D,D,D,D,D,N,D,D,D,N,D,N,D,D,D,N,N,D,D,D,N,N,D,D,D,D,D,D,D,D,D
emb2171,D,D,D,D,D,D,N,D,D,D,N,D,N,D,D,D,N,N,D,D,D,N,N,D,D,D,D,D,D,D,D,D
127,N,N,N,N,N,N,N,N,D,D,N,N,N,N,N,N,N,D,N,N,N,N,N,N,N,N,N,N,N,D,N,N
RPL27AB,N,N,N,N,N,N,N,N,D,D,N,N,N,N,N,N,N,D,N,N,N,N,N,N,N,N,N,N,N,D,N,N
129,N,N,N,N,N,N,N,N,D,D,N,N,N,N,N,N,N,D,N,N,N,N,N,N,N,N,N,N,N,D,N,N
RPL15,D,D,N,N,N,N,N,N,D,D,D,N,D,N,N,D,N,D,N,D,N,D,N,N,D,N,N,N,N,D,N,N
131,D,D,N,N,N,N,N,N,D,D,D,N,D,N,N,D,N,D,N,D,N,D,N,N,D,N,N,N,N,D,N,N
ATL5,N,N,N,C,N,N,C,C,C,C,C,C,N,N,C,C,N,N,C,C,N,N,N,C,C,C,C,N,C,N,N,C
RPL5B,N,N,N,C,N,N,C,C,C,C,C,C,N,N,C,C,N,N,C,C,N,N,N,C,C,C,C,N,C,N,N,C
EMB3105,N,N,N,N,N,N,N,N,N,N,N,N,N,N,N,N,N,N,N,N,N,N,N,N,N,N,N,N,N,N,N,N
135,N,N,N,N,N,N,N,N,N,N,N,N,N,N,N,N,N,N,N,N,N,N,N,N,N,N,N,N,N,N,N,N
136,N,N,N,N,N,N,N,N,N,N,N,N,N,N,N,N,N,N,N,N,N,N,N,N,N,N,N,N,N,N,N,N
137,D,D,N,N,N,N,N,N,D,N,N,N,N,N,D,D,N,N,N,N,D,D,N,N,N,N,D,D,N,N,N,N
138,D,D,N,N,N,N,N,N,D,N,N,N,N,N,D,D,N,N,N,N,D,D,N,N,N,N,D,D,N,N,N,N
139,B,B,N,N,N,N,N,B,B,N,N,N,N,B,N,B,N,N,N,N,B,N,B,B,N,N,B,N,N,N,N,N
140,B,B,N,N,N,N,N,B,B,N,N,N,N,B,N,B,N,N,N,N,B,N,B,B,N,N,B,N,N,N,N,N
rpl22,B,B,N,N,N,N,N,B,B,N,N,N,N,B,N,B,N,N,N,N,B,N,B,B,N,N,B,N,N,N,N,N
RPL23AA,N,N,D,N,N,N,D,D,D,N,N,N,N,D,D,N,D,N,N,N,N,D,N,D,N,D,N,D,N,N,D,D
RPL23AB,N,N,D,N,N,N,D,D,D,N,N,N,N,D,D,N,D,N,N,N,N,D,N,D,N,D,N,D,N,N,D,D
144,N,N,N,N,N,N,N,N,N,N,N,N,N,N,N,N,N,N,N,N,N,N,N,N,N,N,N,N,N,N,N,N
rpl23,N,N,N,N,N,N,N,N,N,N,N,N,N,N,N,N,N,N,N,N,N,N,N,N,N,N,N,N,N,N,N,N
147,N,D,N,N,N,N,D,D,D,D,D,N,N,D,N,D,D,N,D,D,D,N,D,D,N,D,D,D,D,D,D,D
148,N,D,N,N,N,N,D,D,D,D,D,N,N,D,N,D,D,N,D,D,D,N,D,D,N,D,D,D,D,D,D,D
149,N,N,N,N,N,N,N,N,N,N,N,N,N,N,N,N,N,N,N,N,N,N,N,N,N,N,N,N,N,N,N,N
RPL24,N,N,N,N,N,N,N,N,N,N,N,N,N,N,N,N,N,N,N,N,N,N,N,N,N,N,N,N,N,N,N,N
151,D,D,N,D,D,N,D,D,D,N,N,N,N,D,D,D,N,N,N,D,N,N,D,N,N,D,D,D,N,N,N,N
152,D,D,N,D,D,N,D,D,D,N,N,N,N,D,D,D,N,N,N,D,N,N,D,N,N,D,D,D,N,N,N,N
153,D,D,N,D,D,N,D,D,D,N,N,N,N,D,D,D,N,N,N,D,N,N,D,N,N,D,D,D,N,N,N,N
154,D,D,N,D,D,N,D,D,D,N,N,N,N,D,D,D,N,N,N,D,N,N,D,N,N,D,D,D,N,N,N,N
155,N,N,N,N,N,N,N,N,N,N,N,N,N,N,N,N,N,N,N,N,N,N,N,N,N,N,N,N,N,N,N,N
156,N,N,N,N,N,N,N,N,N,N,N,N,N,N,N,N,N,N,N,N,N,N,N,N,N,N,N,N,N,N,N,N
157,N,D,N,N,D,N,N,N,D,N,N,N,N,D,N,D,D,N,N,N,N,N,N,N,D,N,D,D,N,N,D,N
158,N,D,N,N,D,N,N,N,D,N,N,N,N,D,N,D,D,N,N,N,N,N,N,N,D,N,D,D,N,N,D,N
159,N,D,N,N,D,N,N,N,D,N,N,N,N,D,N,D,D,N,N,N,N,N,N,N,D,N,D,D,N,N,D,N
160,N,D,N,N,D,N,N,N,D,N,N,N,N,D,N,D,D,N,N,N,N,N,N,N,D,N,D,D,N,N,D,N
161,D,D,D,D,D,D,D,D,D,D,N,D,D,D,D,D,D,D,D,D,D,N,D,D,D,D,D,D,D,D,D,D
162,D,D,D,D,D,D,D,D,D,D,N,D,D,D,D,D,D,D,D,D,D,N,D,D,D,D,D,D,D,D,D,D
163,N,N,N,C,C,N,N,N,C,C,N,N,C,N,N,N,C,N,N,N,N,N,N,C,N,N,N,N,N,N,C,N
RPL18,N,N,N,C,C,N,N,N,C,C,N,N,C,N,N,N,C,N,N,N,N,N,N,C,N,N,N,N,N,N,C,N
165,N,N,N,C,C,N,N,N,C,C,N,N,C,N,N,N,C,N,N,N,N,N,N,C,N,N,N,N,N,N,C,N
emb2386,D,D,D,D,D,D,D,D,D,D,N,D,D,N,N,N,N,N,N,D,D,N,D,D,D,N,D,D,D,D,D,N
167,D,D,D,D,D,D,D,D,D,D,N,D,D,N,N,N,N,N,N,D,D,N,D,D,D,N,D,D,D,D,D,N
168,D,D,D,D,D,D,D,D,D,D,N,D,D,N,N,N,N,N,N,D,D,N,D,D,D,N,D,D,D,D,D,N
169,D,D,D,D,D,D,D,D,D,D,N,D,D,N,N,N,N,N,N,D,D,N,D,D,D,N,D,D,D,D,D,N
170,N,C,N,N,N,N,C,N,N,N,N,N,C,N,N,N,N,N,N,N,N,N,N,N,N,N,N,C,N,N,N,N
171,N,C,N,N,N,N,C,N,N,N,N,N,C,N,N,N,N,N,N,N,N,N,N,N,N,N,N,C,N,N,N,N
172,N,C,N,N,N,N,C,N,N,N,N,N,C,N,N,N,N,N,N,N,N,N,N,N,N,N,N,C,N,N,N,N
173,N,C,N,N,N,N,C,N,N,N,N,N,C,N,N,N,N,N,N,N,N,N,N,N,N,N,N,C,N,N,N,N
RPL24A,D,D,D,D,D,D,D,D,D,D,D,D,D,D,D,D,D,D,D,D,D,D,D,D,N,D,D,D,D,D,D,D
175,D,D,D,D,D,D,D,D,D,D,D,D,D,D,D,D,D,D,D,D,D,D,D,D,N,D,D,D,D,D,D,D
STV1,D,D,D,D,D,D,D,D,D,D,D,D,D,D,D,D,D,D,D,D,D,D,D,D,N,D,D,D,D,D,D,D
177,D,D,D,N,D,N,D,D,D,D,D,N,N,N,D,D,D,D,N,N,D,N,N,D,D,D,N,D,D,N,D,N
178,D,D,D,N,D,N,D,D,D,D,D,N,N,N,D,D,D,D,N,N,D,N,N,D,D,D,N,D,D,N,D,N
RLK902,D,D,D,N,D,N,D,D,D,D,D,N,N,N,D,D,D,D,N,N,D,N,N,D,D,D,N,D,D,N,D,N
180,N,D,D,N,N,N,D,D,D,N,N,N,D,D,D,N,D,N,D,N,D,D,N,N,N,D,N,N,N,N,D,N
181,N,D,D,N,N,N,D,D,D,N,N,N,D,D,D,N,D,N,D,N,D,D,N,N,N,D,N,N,N,N,D,N
182,N,D,D,N,N,N,D,D,D,N,N,N,D,D,D,N,D,N,D,N,D,D,N,N,N,D,N,N,N,N,D,N
183,D,D,D,D,D,D,D,D,D,D,D,D,D,D,D,D,D,D,D,D,D,D,D,D,D,D,D,D,D,D,D,D
UBQ1,D,D,D,D,D,D,D,D,D,D,D,D,D,D,D,D,D,D,D,D,D,D,D,D,D,D,D,D,D,D,D,D
185,N,N,N,N,N,N,N,N,N,N,N,N,N,N,N,N,N,N,N,N,N,N,N,N,N,N,N,N,N,N,N,N
186,N,N,N,N,N,N,N,N,N,N,N,N,N,N,N,N,N,N,N,N,N,N,N,N,N,N,N,N,N,N,N,N
187,N,N,N,N,N,N,N,N,N,N,N,N,N,N,N,N,N,N,N,N,N,N,N,N,N,N,N,N,N,N,N,N
188,N,N,N,N,N,N,N,N,N,N,N,N,N,N,N,N,N,N,N,N,N,N,N,N,N,N,N,N,N,N,N,N
189,N,N,N,N,N,N,N,N,N,N,N,N,N,N,N,N,N,N,N,N,N,N,N,N,N,N,N,N,N,N,N,N
190,C,C,N,N,N,C,N,N,N,N,N,N,N,N,N,N,N,N,N,C,N,N,N,N,N,N,C,N,N,N,N,N
191,C,C,N,N,N,C,N,N,N,N,N,N,N,N,N,N,N,N,N,C,N,N,N,N,N,N,C,N,N,N,N,N
192,C,C,N,C,N,C,N,C,C,C,C,N,C,C,N,N,N,C,C,N,N,N,N,N,N,C,N,N,N,N,C,C
193,C,C,N,C,N,C,N,C,C,C,C,N,C,C,N,N,N,C,C,N,N,N,N,N,N,C,N,N,N,N,C,C
194,C,C,N,C,N,C,N,C,C,C,C,N,C,C,N,N,N,C,C,N,N,N,N,N,N,C,N,N,N,N,C,C
195,N,N,N,N,N,C,N,N,C,N,C,N,N,C,N,N,N,N,N,N,C,N,N,N,N,N,C,C,C,N,N,N
196,N,N,N,N,N,C,N,N,C,N,C,N,N,C,N,N,N,N,N,N,C,N,N,N,N,N,C,C,C,N,N,N
197,N,C,N,N,N,C,N,C,C,C,N,C,N,N,C,C,N,N,N,N,N,N,N,C,N,C,N,N,N,N,N,N
RPL34,N,C,N,N,N,C,N,C,C,C,N,C,N,N,C,C,N,N,N,N,N,N,N,C,N,C,N,N,N,N,N,N
199,N,C,N,N,N,C,N,C,C,C,N,C,N,N,C,C,N,N,N,N,N,N,N,C,N,C,N,N,N,N,N,N
200,C,N,N,N,C,C,C,N,C,C,C,C,N,C,C,C,C,C,C,N,N,N,N,C,N,N,C,N,N,C,C,N
201,C,N,N,N,C,C,C,N,C,C,C,C,N,C,C,C,C,C,C,N,N,N,N,C,N,N,C,N,N,C,C,N
202,C,N,N,N,C,C,C,N,C,C,C,C,N,C,C,C,C,C,C,N,N,N,N,C,N,N,C,N,N,C,C,N
203,C,N,N,N,C,C,C,N,C,C,C,C,N,C,C,C,C,C,C,N,N,N,N,C,N,N,C,N,N,C,C,N
204,N,D,D,N,N,D,N,N,N,N,N,D,N,N,N,N,N,N,N,N,N,N,N,N,D,N,N,D,N,N,N,N
205,N,D,D,N,N,D,N,N,N,N,N,D,N,N,N,N,N,N,N,N,N,N,N,N,D,N,N,D,N,N,N,N
206,N,D,D,N,N,D,N,N,N,N,N,D,N,N,N,N,N,N,N,N,N,N,N,N,D,N,N,D,N,N,N,N
207,D,D,N,D,D,D,D,D,D,D,D,N,N,D,N,D,D,N,D,D,D,N,N,D,D,N,D,D,N,N,N,D
208,D,D,N,D,D,D,D,D,D,D,D,N,N,D,N,D,D,N,D,D,D,N,N,D,D,N,D,D,N,N,N,D
209,C,C,C,N,C,C,N,C,C,C,N,C,N,C,C,C,N,N,C,C,N,N,N,C,C,N,C,N,C,N,C,C
210,C,C,C,N,C,C,N,C,C,C,N,C,N,C,C,C,N,N,C,C,N,N,N,C,C,N,C,N,C,N,C,C
211,C,C,C,N,C,C,N,C,C,C,N,C,N,C,C,C,N,N,C,C,N,N,N,C,C,N,C,N,C,N,C,C
212,N,A,A,A,A,A,A,A,A,A,N,A,A,A,A,A,A,A,A,A,A,N,A,A,A,A,A,A,A,A,A,A
RPL18AA,N,N,N,N,N,N,N,N,N,N,N,N,N,N,N,N,N,N,N,N,N,N,N,N,N,N,N,N,N,N,N,N
214,N,A,A,A,A,A,A,A,A,A,N,A,A,A,A,A,A,A,A,A,A,N,A,A,A,A,A,A,A,A,A,A
215,N,A,A,A,A,A,A,A,A,A,N,A,A,A,A,A,A,A,A,A,A,N,A,A,A,A,A,A,A,A,A,A
216,A,N,N,A,N,N,A,A,A,N,A,A,A,N,N,A,A,N,N,A,N,A,A,A,N,N,N,N,N,N,A,N
217,A,N,N,A,N,N,A,A,A,N,A,A,A,N,N,A,A,N,N,A,N,A,A,A,N,N,N,N,N,N,A,N
218,A,N,N,A,N,N,A,A,A,N,A,A,A,N,N,A,A,N,N,A,N,A,A,A,N,N,N,N,N,N,A,N
219,A,A,N,A,A,A,A,A,A,A,A,A,N,A,N,N,N,N,N,A,A,N,N,A,A,A,A,A,A,A,A,A
220,A,A,N,A,A,A,A,A,A,A,A,A,N,A,N,N,N,N,N,A,A,N,N,A,A,A,A,A,A,A,A,A
221,A,A,N,A,A,A,A,A,A,A,A,A,N,A,N,N,N,N,N,A,A,N,N,A,A,A,A,A,A,A,A,A
222,A,A,N,A,A,A,N,A,A,N,A,A,N,A,N,N,N,A,A,A,A,N,A,A,A,A,A,N,A,N,A,A
223,A,A,N,A,A,A,N,A,A,N,A,A,N,A,N,N,N,A,A,A,A,N,A,A,A,A,A,N,A,N,A,A
224,A,A,A,A,A,N,A,N,A,A,A,A,A,A,A,A,A,A,A,N,A,N,A,A,A,N,N,N,A,N,A,A
225,A,A,A,A,A,N,A,N,A,A,A,A,A,A,A,A,A,A,A,N,A,N,A,A,A,N,N,N,A,N,A,A
226,A,A,A,A,A,N,A,N,A,A,A,A,A,A,A,A,A,A,A,N,A,N,A,A,A,N,N,N,A,N,A,A
227,N,C,N,N,N,C,C,N,N,N,C,C,N,N,N,N,N,C,C,N,N,N,N,N,N,N,N,N,N,N,N,N
228,N,C,N,N,N,C,C,N,N,N,C,C,N,N,N,N,N,C,C,N,N,N,N,N,N,N,N,N,N,N,N,N
229,D,D,D,N,D,D,N,D,D,N,D,D,D,D,D,D,D,N,D,D,N,D,D,D,D,D,N,D,D,N,D,D
230,D,D,D,N,D,D,N,D,D,N,D,D,D,D,D,D,D,N,D,D,N,D,D,D,D,D,N,D,D,N,D,D
231,C,C,C,C,C,N,C,C,C,C,C,C,C,C,C,C,C,C,C,C,C,C,C,C,C,C,C,C,C,C,C,C
232,C,C,C,C,C,N,C,C,C,N,C,C,N,C,C,N,C,C,C,C,C,C,N,C,C,C,C,C,C,C,C,C
SAC52,D,D,D,N,D,D,N,D,D,D,D,D,D,D,D,D,D,D,D,D,D,D,D,D,D,D,D,D,N,D,D,D
RPL10B,D,D,D,N,D,D,N,D,D,D,D,D,D,D,D,D,D,D,D,D,D,D,D,D,D,D,D,D,N,D,D,D
SAG24,D,D,D,N,D,D,N,D,D,D,D,D,D,D,D,D,D,D,D,D,D,D,D,D,D,D,D,D,N,D,D,D
236,N,N,C,N,N,N,N,C,C,N,N,N,N,N,C,C,N,N,C,N,N,N,N,C,N,N,C,N,C,N,C,C
237,N,N,C,N,N,N,N,C,C,N,N,N,N,N,C,C,N,N,C,N,N,N,N,C,N,N,C,N,C,N,C,C
RPL4,D,D,D,N,N,N,N,N,D,N,D,N,D,D,D,N,N,N,N,D,N,N,N,D,N,D,N,D,N,N,D,N
239,D,D,D,N,N,N,N,N,D,N,D,N,D,D,D,N,N,N,N,D,N,N,N,D,N,D,N,D,N,N,D,N
RPL9,N,N,N,N,N,N,N,N,N,N,N,N,N,N,N,N,N,N,N,N,N,N,N,N,N,N,N,N,N,N,N,N
241,N,N,N,N,N,N,N,N,N,N,N,N,N,N,N,N,N,N,N,N,N,N,N,N,N,N,N,N,N,N,N,N
242,B,N,N,N,B,N,N,N,B,N,B,N,N,N,N,N,B,N,B,N,B,N,B,N,N,B,N,N,N,N,N,N
243,B,N,N,N,B,N,N,N,B,N,B,N,N,N,N,N,B,N,B,N,B,N,B,N,N,B,N,N,N,N,N,N
RPL12-A,B,N,N,N,B,N,N,N,B,N,B,N,N,N,N,N,B,N,B,N,B,N,B,N,N,B,N,N,N,N,N,N
RPL12-B,B,N,N,N,B,N,N,N,B,N,B,N,N,N,N,N,B,N,B,N,B,N,B,N,N,B,N,N,N,N,N,N
RPL12-C,B,N,N,N,B,N,N,N,B,N,B,N,N,N,N,N,B,N,B,N,B,N,B,N,N,B,N,N,N,N,N,N
247,B,N,N,N,B,N,N,N,B,N,B,N,N,N,N,N,B,N,B,N,B,N,B,N,N,B,N,N,N,N,N,N
248,B,N,N,N,B,N,N,N,B,N,B,N,N,N,N,N,B,N,B,N,B,N,B,N,N,B,N,N,N,N,N,N
249,N,N,A,N,A,N,N,N,A,N,A,N,N,A,A,N,N,N,N,A,N,A,A,N,A,N,N,A,A,N,N,N
250,N,A,A,A,N,N,N,N,A,N,N,N,N,N,N,N,A,N,N,A,A,A,N,A,A,N,A,N,N,N,N,A
251,N,A,A,A,N,N,N,N,A,N,N,N,N,N,N,N,A,N,N,A,A,A,N,A,A,N,A,N,N,N,N,A
252,N,A,A,A,N,N,N,N,A,N,N,N,N,N,N,N,A,N,N,A,A,A,N,A,A,N,A,N,N,N,N,A
253,N,A,A,A,N,N,N,N,A,N,N,N,N,N,N,N,A,N,N,A,A,A,N,A,A,N,A,N,N,N,N,A
254,N,N,A,N,A,N,N,N,A,N,A,N,N,A,A,N,N,N,N,A,N,A,A,N,A,N,N,A,A,N,N,N
255,N,N,N,N,N,N,N,N,N,N,N,N,N,N,N,N,N,N,N,N,N,N,N,N,N,N,N,N,N,N,N,N
256,C,C,C,C,C,C,C,C,C,C,C,C,C,C,C,C,C,C,C,C,C,C,C,C,C,C,C,C,C,C,C,C
257,N,A,A,A,N,N,N,N,A,N,N,N,N,N,N,N,A,N,N,A,A,A,N,A,A,N,A,N,N,N,N,A
258,N,N,A,N,A,N,N,N,A,N,A,N,N,A,A,N,N,N,N,A,N,A,A,N,A,N,N,A,A,N,N,N
259,N,N,N,N,N,N,N,N,N,N,N,N,N,N,N,N,N,N,N,N,N,N,N,N,N,N,N,N,N,N,N,N
rpl16,D,N,N,N,N,N,N,N,D,N,N,D,N,N,N,N,N,N,N,D,N,N,N,D,N,N,N,N,N,N,N,D
262,N,B,N,N,B,N,N,N,B,N,B,B,N,B,N,N,N,N,N,B,B,B,N,N,N,N,N,N,N,N,N,N
263,N,B,N,N,B,N,N,N,B,N,B,B,N,B,N,N,N,N,N,B,B,B,N,N,N,N,N,N,N,N,N,N
264,N,B,N,N,B,N,N,N,B,N,B,B,N,B,N,N,N,N,N,B,B,B,N,N,N,N,N,N,N,N,N,N
265,N,N,N,N,N,N,N,N,N,N,N,N,N,N,N,N,N,N,N,N,N,N,N,N,N,N,N,N,N,N,N,N
266,N,N,N,N,N,N,N,N,N,N,N,N,N,N,N,N,N,N,N,N,N,N,N,N,N,N,N,N,N,N,N,N
267,B,B,N,N,N,N,B,B,B,N,B,B,N,N,N,N,N,N,N,B,N,N,B,N,N,B,N,N,N,N,B,B
rpl20,B,B,N,N,N,N,B,B,B,N,B,B,N,N,N,N,N,N,N,B,N,N,B,N,N,B,N,N,N,N,B,B
RPL21C,N,N,N,N,N,N,N,N,N,N,N,N,N,N,N,N,N,N,N,N,N,N,N,N,N,N,N,N,N,N,N,N
NFD1,N,N,N,N,N,N,N,N,N,N,N,N,N,N,N,N,N,N,N,N,N,N,N,N,N,N,N,N,N,N,N,N
271,N,N,N,N,N,N,N,N,N,N,N,N,N,N,N,N,N,N,N,N,N,N,N,N,N,N,N,N,N,N,N,N
272,N,N,N,N,N,N,N,N,N,N,N,N,N,N,N,N,N,N,N,N,N,N,N,N,N,N,N,N,N,N,N,N
273,B,B,B,N,N,B,N,B,N,N,B,B,N,N,N,N,N,N,B,B,B,N,N,N,N,N,B,B,N,N,B,N
274,B,B,B,N,N,B,N,B,N,N,B,B,N,N,N,N,N,N,B,B,B,N,N,N,N,N,B,B,N,N,B,N
RPL27,B,B,B,N,N,B,N,B,N,N,B,B,N,N,N,N,N,N,B,B,B,N,N,N,N,N,B,B,N,N,B,N
PRPL28,N,N,N,N,N,N,N,N,N,N,N,N,N,N,N,N,N,N,N,N,N,N,N,N,N,N,N,N,N,N,N,N
277,N,N,N,N,N,N,N,N,N,N,N,N,N,N,N,N,N,N,N,N,N,N,N,N,N,N,N,N,N,N,N,N
emb2184,N,N,N,N,N,N,N,N,N,N,N,N,N,N,N,N,N,N,N,N,N,N,N,N,N,N,N,N,N,N,N,N
279,N,N,N,N,N,N,N,N,N,N,N,N,N,N,N,N,N,N,N,N,N,N,N,N,N,N,N,N,N,N,N,N
280,N,N,N,N,N,N,N,N,N,N,N,N,N,N,N,N,N,N,N,N,N,N,N,N,N,N,N,N,N,N,N,N
rpl32,N,N,N,N,N,N,N,N,N,N,N,N,N,N,N,N,N,N,N,N,N,N,N,N,N,N,N,N,N,N,N,N
282,N,N,N,N,N,N,N,N,N,N,N,N,N,N,N,N,N,N,N,N,N,N,N,N,N,N,N,N,N,N,N,N
283,N,N,N,N,N,N,N,N,N,N,N,N,N,N,N,N,N,N,N,N,N,N,N,N,N,N,N,N,N,N,N,N
rpl33,N,N,N,N,N,N,N,N,N,N,N,N,N,N,N,N,N,N,N,N,N,N,N,N,N,N,N,N,N,N,N,N
285,N,N,N,N,N,N,N,N,N,N,N,N,N,N,N,N,N,N,N,N,N,N,N,N,N,N,N,N,N,N,N,N
286,N,N,N,N,N,N,N,N,N,N,N,N,N,N,N,N,N,N,N,N,N,N,N,N,N,N,N,N,N,N,N,N
PRPL35,N,N,N,N,N,N,N,N,N,N,N,N,N,N,N,N,N,N,N,N,N,N,N,N,N,N,N,N,N,N,N,N
288,N,N,N,N,N,N,N,N,N,N,N,N,N,N,N,N,N,N,N,N,N,N,N,N,N,N,N,N,N,N,N,N
rpl36,N,N,N,N,N,N,N,N,N,N,N,N,N,N,N,N,N,N,N,N,N,N,N,N,N,N,N,N,N,N,N,N
290,N,N,N,N,N,N,N,N,N,N,N,N,N,N,N,N,N,N,N,N,N,N,N,N,N,N,N,N,N,N,N,N
rrn16S,N,N,N,N,N,N,N,N,N,N,N,N,N,N,N,N,N,N,N,N,N,N,N,N,N,N,N,N,N,N,N,N
292,N,N,N,N,N,N,N,N,N,N,N,N,N,N,N,N,N,N,N,N,N,N,N,N,N,N,N,N,N,N,N,N
rrn18,N,N,N,N,N,N,N,N,N,N,N,N,N,N,N,N,N,N,N,N,N,N,N,N,N,N,N,N,N,N,N,N
rps3,N,N,N,N,N,N,N,N,N,N,N,N,N,N,N,N,N,N,N,N,N,N,N,N,N,N,N,N,N,N,N,N
296,N,N,N,N,N,N,N,N,N,N,N,N,N,N,N,N,N,N,N,N,N,N,N,N,N,N,N,N,N,N,N,N
rps4,B,N,N,N,N,N,N,B,B,N,N,B,N,N,N,N,B,N,B,B,N,B,N,B,B,B,N,B,N,N,N,B
rps4,N,N,N,N,N,N,N,N,N,N,N,N,N,N,N,N,N,N,N,N,N,N,N,N,N,N,N,N,N,N,N,N
299,N,D,N,N,N,N,N,D,D,D,N,D,N,N,N,N,D,D,N,N,D,N,N,D,N,D,N,D,D,N,D,N
EMB3113,N,D,N,N,N,N,N,D,D,D,N,D,N,N,N,N,D,D,N,N,D,N,N,D,N,D,N,D,D,N,D,N
301,N,N,N,N,N,N,N,N,N,N,N,N,N,N,N,N,N,N,N,N,N,N,N,N,N,N,N,N,N,N,N,N
rps7,N,N,N,N,N,N,N,N,N,N,N,N,N,N,N,N,N,N,N,N,N,N,N,N,N,N,N,N,N,N,N,N
rps8,N,N,N,N,B,N,B,N,N,N,B,N,N,N,N,N,N,N,N,N,B,N,N,N,N,N,N,N,N,N,N,N
RPS9,N,N,N,N,D,N,N,N,N,D,N,N,N,N,N,D,N,N,N,N,N,N,N,N,N,N,N,N,N,N,N,N
307,N,N,N,N,D,N,N,N,N,D,N,N,N,N,N,D,N,N,N,N,N,N,N,N,N,N,N,N,N,N,N,N
308,B,N,N,N,N,B,N,N,N,N,B,B,N,N,N,N,N,N,B,N,N,N,N,B,N,B,N,N,N,N,B,N
RPS10,N,N,N,N,N,N,N,N,N,N,N,N,N,N,N,N,N,N,N,N,N,N,N,N,N,N,N,N,N,N,N,N
XW6,N,D,N,N,N,N,N,D,D,D,N,D,N,N,N,N,D,D,N,N,D,N,N,D,N,D,N,D,D,N,D,N
311,N,D,N,N,N,N,N,D,D,D,N,D,N,N,N,N,D,D,N,N,D,N,N,D,N,D,N,D,D,N,D,N
312,N,D,N,N,N,N,N,D,D,D,N,D,N,N,N,N,D,D,N,N,D,N,N,D,N,D,N,D,D,N,D,N
313,N,D,N,N,N,N,N,D,D,D,N,D,N,N,N,N,D,D,N,N,D,N,N,D,N,D,N,D,D,N,D,N
314,N,D,N,N,N,N,N,D,D,D,N,D,N,N,N,N,D,D,N,N,D,N,N,D,N,D,N,D,D,N,D,N
315,N,D,N,N,N,N,N,D,D,D,N,D,N,N,N,N,D,D,N,N,D,N,N,D,N,D,N,D,D,N,D,N
RPS5B,N,N,N,N,N,N,N,N,N,N,N,N,N,N,N,N,N,N,N,N,N,N,N,N,N,N,N,N,N,N,N,N
RPS5A,N,N,N,N,N,N,N,N,N,N,N,N,N,N,N,N,N,N,N,N,N,N,N,N,N,N,N,N,N,N,N,N
RPS15A,N,N,N,N,B,N,B,N,N,N,B,N,N,N,N,N,N,N,N,N,B,N,N,N,N,N,N,N,N,N,N,N
rps15ab,N,N,N,N,B,N,B,N,N,N,B,N,N,N,N,N,N,N,N,N,B,N,N,N,N,N,N,N,N,N,N,N
320,N,N,N,N,B,N,B,N,N,N,B,N,N,N,N,N,N,N,N,N,B,N,N,N,N,N,N,N,N,N,N,N
RPS15AD,N,N,N,N,B,N,B,N,N,N,B,N,N,N,N,N,N,N,N,N,B,N,N,N,N,N,N,N,N,N,N,N
rps15ae,N,N,N,N,B,N,B,N,N,N,B,N,N,N,N,N,N,N,N,N,B,N,N,N,N,N,N,N,N,N,N,N
323,N,N,N,N,B,N,B,N,N,N,B,N,N,N,N,N,N,N,N,N,B,N,N,N,N,N,N,N,N,N,N,N
324,N,N,N,N,D,N,N,N,N,D,N,N,N,N,N,D,N,N,N,N,N,N,N,N,N,N,N,N,N,N,N,N
325,N,N,N,N,D,N,N,N,N,D,N,N,N,N,N,D,N,N,N,N,N,N,N,N,N,N,N,N,N,N,N,N
326,N,N,N,N,D,N,N,N,N,D,N,N,N,N,N,D,N,N,N,N,N,N,N,N,N,N,N,N,N,N,N,N
327,B,N,N,N,N,B,N,N,N,N,B,B,N,N,N,N,N,N,B,N,N,N,N,B,N,B,N,N,N,N,B,N
328,B,N,N,N,N,B,N,N,N,N,B,B,N,N,N,N,N,N,B,N,N,N,N,B,N,B,N,N,N,N,B,N
329,B,N,N,N,N,B,N,N,N,N,B,B,N,N,N,N,N,N,B,N,N,N,N,B,N,B,N,N,N,N,B,N
P40,N,N,N,N,N,N,N,N,N,N,N,N,N,N,N,N,N,N,N,N,N,N,N,N,N,N,N,N,N,N,N,N
RPSAb,N,N,N,N,N,N,N,N,N,N,N,N,N,N,N,N,N,N,N,N,N,N,N,N,N,N,N,N,N,N,N,N
332,N,N,N,N,N,N,N,N,N,N,N,N,N,N,N,N,N,N,N,N,N,N,N,N,N,N,N,N,N,N,N,N
333,N,N,N,N,N,N,N,N,N,N,N,N,N,N,N,N,N,N,N,N,N,N,N,N,N,N,N,N,N,N,N,N
334,N,N,N,N,N,N,N,N,N,N,N,N,N,N,N,N,N,N,N,N,N,N,N,N,N,N,N,N,N,N,N,N
rps11,N,D,D,D,D,D,D,D,D,N,D,D,N,D,N,D,D,D,D,D,D,N,N,D,D,D,N,N,D,D,D,D
336,D,D,N,D,D,D,D,D,N,D,D,N,D,N,D,D,D,D,D,D,N,D,D,N,N,D,D,N,N,N,D,D
rps12,D,D,N,D,D,D,D,D,N,D,D,N,D,N,D,D,D,D,D,D,N,D,D,N,N,D,D,N,N,N,D,D
340,B,N,B,N,N,N,B,N,N,N,N,N,N,N,N,N,N,N,B,B,N,N,N,N,N,N,N,B,N,N,N,N
EMB3137,B,N,B,N,N,N,B,N,N,N,N,N,N,N,N,N,N,N,B,B,N,N,N,N,N,N,N,B,N,N,N,N
RPS14,N,N,N,N,N,N,N,N,N,N,N,N,N,N,N,N,N,N,N,N,N,N,N,N,N,N,N,N,N,N,N,N
rps14,N,N,N,N,N,N,N,N,N,N,N,N,N,N,N,N,N,N,N,N,N,N,N,N,N,N,N,N,N,N,N,N
rps15,N,N,N,N,N,N,N,N,N,N,N,N,N,N,N,N,N,N,N,N,N,N,N,N,N,N,N,N,N,N,N,N
emb1129,N,N,N,N,N,N,N,N,N,N,N,N,N,N,N,N,N,N,N,N,N,N,N,N,N,N,N,N,N,N,N,N
RPS17,N,N,N,N,N,N,N,N,N,N,N,N,N,N,N,N,N,N,N,N,N,N,N,N,N,N,N,N,N,N,N,N
347,N,N,N,N,N,N,N,N,N,N,N,N,N,N,N,N,N,N,N,N,N,N,N,N,N,N,N,N,N,N,N,N
RPS19,D,D,D,D,D,D,D,D,D,N,D,D,D,D,D,D,D,D,D,D,D,D,D,D,D,D,D,D,D,D,D,D
rps19,N,D,D,D,D,D,D,D,D,N,D,N,D,N,D,N,N,N,D,D,D,N,D,D,D,N,N,D,N,D,N,N
PDE338,D,D,D,N,N,D,D,D,D,D,D,D,D,D,N,D,D,D,D,D,D,D,N,D,D,D,N,D,N,D,D,N
RPS1,D,D,D,N,N,D,D,D,D,D,D,D,D,D,N,D,D,D,D,D,D,D,N,D,D,D,N,D,N,D,D,N
352,N,N,N,N,N,N,N,N,N,N,N,N,N,N,N,N,N,N,N,N,N,N,N,N,N,N,N,N,N,N,N,N
353,N,N,N,N,N,N,N,N,N,N,N,N,N,N,N,N,N,N,N,N,N,N,N,N,N,N,N,N,N,N,N,N
SSR16,N,N,N,N,N,N,N,N,N,N,N,N,N,N,N,N,N,N,N,N,N,N,N,N,N,N,N,N,N,N,N,N
355,N,N,N,N,N,N,N,N,N,N,N,N,N,N,N,N,N,N,N,N,N,N,N,N,N,N,N,N,N,N,N,N
rps16,N,N,N,N,N,N,N,N,N,N,N,N,N,N,N,N,N,N,N,N,N,N,N,N,N,N,N,N,N,N,N,N
rps18,N,N,N,N,N,N,N,N,N,N,N,N,N,N,N,N,N,N,N,N,N,N,N,N,N,N,N,N,N,N,N,N
PRPS20,N,N,N,N,N,N,N,N,N,N,N,N,N,N,N,N,N,N,N,N,N,N,N,N,N,N,N,N,N,N,N,N
359,N,N,N,N,N,N,N,N,N,N,N,N,N,N,N,N,N,N,N,N,N,N,N,N,N,N,N,N,N,N,N,N
360,B,N,N,B,N,N,N,B,B,N,N,B,N,N,N,N,B,N,B,B,B,B,N,B,B,B,B,B,N,N,N,B
361,B,N,N,B,N,N,N,B,B,N,N,B,N,N,N,N,B,N,B,B,B,B,N,B,B,B,B,B,N,N,N,B
RPS2,N,N,N,N,N,N,N,N,N,N,N,N,N,N,N,N,N,N,N,N,N,N,N,N,N,N,N,N,N,N,N,N
rps2,N,N,N,N,N,N,N,N,N,N,N,N,N,N,N,N,N,N,N,N,N,N,N,N,N,N,N,N,N,N,N,N
EMB3126,N,N,N,N,N,D,N,N,D,N,D,N,D,D,N,N,N,N,N,N,N,N,N,D,N,D,D,D,N,N,D,N
