SUOX,D,D,D,D,D,D,D,D,D,N,D,D,D,D,D,D,D,D,D,D,D,D,D,D,D,D,N,D,D,D,D,D
PIP;BPNT1;HEL20,N,N,N,N,N,N,N,D,D,N,D,D,D,N,D,D,N,N,D,D,N,N,N,N,N,N,D,N,N,N,D,N
IMP-3;IMPA3;IMPAD1;IMP_3;GPAPP,N,N,N,N,N,N,N,N,N,N,N,N,N,N,N,N,N,N,N,N,N,N,N,N,N,N,N,N,N,N,N,N
ATPSK2;BCYM4;PAPSS2;SK2,N,A,A,N,N,N,N,N,A,N,N,N,N,N,A,N,N,N,N,N,N,N,N,N,N,N,N,N,A,N,A,N
PAPSS1;SK1;ATPSK1;PAPSS,N,A,A,N,N,N,N,N,A,N,N,N,N,N,A,N,N,N,N,N,N,N,N,N,N,N,N,N,A,N,A,N
PRO1975;CGI-44;SQOR;SQRDL;SQR,B,B,B,N,N,N,B,N,B,N,B,N,N,N,B,B,B,N,B,B,B,B,B,B,N,B,N,N,B,N,B,N
HSCO;ETHE1;YF13H12,D,N,N,N,N,N,D,D,D,N,D,N,N,N,N,N,D,D,N,N,N,N,N,N,N,N,N,N,N,N,D,D
MPST;MST;TST2;TUM1,D,N,N,N,N,N,D,D,D,N,D,N,N,N,N,N,D,D,N,N,N,N,N,N,N,N,N,N,N,N,D,D
RDS;TST,D,N,N,N,N,N,D,D,D,N,D,N,N,N,N,N,D,D,N,N,N,N,N,N,N,N,N,N,N,N,D,D
CYC;THC4;HCS;CYCS,N,B,B,N,N,B,N,N,B,N,B,N,N,B,N,B,N,N,B,N,B,N,N,B,B,B,N,B,B,N,B,B
