1,C,N,C,C,N,C,N,C,C,N,N,N,C,C,C,C,C,C,C,C,C,C,N,C,N,C,C,C,C,C,C,C
DPMS3,A,A,N,N,N,N,N,N,A,N,N,N,N,N,N,A,N,A,N,A,A,N,N,N,N,A,N,N,N,N,A,N
DPMS2,A,A,N,N,A,N,N,N,A,N,N,A,N,N,A,N,N,N,A,N,N,N,N,A,N,N,N,N,N,A,A,A
4,D,D,D,N,D,D,D,D,D,N,D,D,D,D,D,D,D,D,D,D,D,D,D,D,D,D,D,D,D,N,D,D
ALG12,N,B,B,N,B,N,N,N,B,N,N,N,N,N,B,B,B,B,N,N,B,B,N,B,B,N,N,B,N,N,B,B
EBS3,N,B,B,N,B,N,N,N,B,N,B,N,N,B,B,B,B,B,N,N,B,B,N,B,B,N,N,B,N,N,B,B
ALG3,N,D,D,N,N,D,D,D,D,N,D,N,D,D,N,N,D,D,D,N,D,D,D,D,D,D,D,D,D,N,D,N
LPPgamma,N,N,A,N,N,A,N,N,A,N,A,N,N,A,N,N,A,N,N,N,A,N,N,N,A,N,N,N,A,N,A,A
9,A,A,N,N,N,N,N,N,A,N,N,N,N,N,N,N,A,N,A,A,N,N,N,N,N,N,N,N,A,N,N,N
10,A,A,N,N,N,N,N,N,A,N,N,N,N,N,N,N,A,N,A,A,N,N,N,N,N,N,N,N,A,N,N,N
11,A,A,N,N,N,N,N,N,A,N,N,N,N,N,N,N,A,N,A,A,N,N,N,N,N,N,N,N,A,N,N,N
12,A,A,N,N,N,N,N,N,A,N,N,N,N,N,N,N,A,N,A,A,N,N,N,N,N,N,N,N,A,N,N,N
13,A,A,N,N,N,N,N,N,A,N,N,N,N,N,N,N,A,N,A,A,N,N,N,N,N,N,N,N,A,N,N,N
14,A,A,N,N,N,N,N,N,A,N,N,N,N,N,N,N,A,N,A,A,N,N,N,N,N,N,N,N,A,N,N,N
15,N,N,N,N,N,N,N,N,N,N,N,N,N,N,N,N,N,N,N,N,N,N,N,N,N,N,N,N,N,N,N,N
GMII,D,D,D,N,D,N,N,N,D,N,D,N,N,D,N,N,N,D,D,D,D,N,D,D,D,N,N,N,N,N,D,N
MNS3,D,D,D,N,D,D,D,D,D,N,D,N,D,D,N,D,D,D,D,D,D,D,D,D,N,D,D,N,N,D,D,N
MNS1,D,D,D,N,D,D,D,D,D,N,D,N,D,D,N,D,D,D,D,D,D,D,D,D,N,D,D,N,N,D,D,N
MNS2,D,D,D,N,D,D,D,D,D,N,D,N,D,D,N,D,D,D,D,D,D,D,D,D,N,D,D,N,N,D,D,N
RSW3,N,N,N,N,N,C,N,N,C,N,C,N,N,N,C,N,N,N,N,N,C,C,N,N,N,N,N,N,N,N,C,C
21,N,N,D,N,N,N,N,N,D,N,D,N,N,D,N,N,D,N,D,N,D,D,N,N,D,N,D,D,D,N,N,N
GCS1,N,N,D,N,N,N,N,N,D,N,D,N,N,D,N,N,D,N,D,N,D,D,N,N,D,N,D,D,D,N,N,N
LEW3,N,N,N,N,N,N,N,A,N,N,A,N,N,N,N,N,N,A,N,N,N,N,N,N,N,N,N,A,N,N,N,N
STT3B,D,D,N,D,N,N,N,D,N,N,D,D,N,N,D,N,D,N,N,N,N,N,D,N,N,N,N,N,N,D,N,N
STT3A,D,D,N,D,N,N,N,D,N,N,D,D,N,N,D,N,D,N,N,N,N,N,D,N,N,N,N,N,N,D,N,N
26,N,N,N,N,N,N,N,N,N,N,N,N,N,N,N,N,N,N,N,N,N,N,N,N,N,N,N,N,N,N,N,N
27,N,N,N,N,N,N,N,A,N,N,A,N,N,N,N,N,N,A,N,N,N,N,N,N,N,N,N,A,N,N,N,N
28,B,N,B,N,N,N,N,N,B,N,B,N,N,N,B,N,N,N,B,B,B,N,B,N,N,B,B,N,N,B,B,N
29,A,N,A,N,N,A,A,A,A,N,N,N,N,N,N,N,N,N,N,A,A,N,N,N,N,A,N,N,N,N,A,N
DPMS1,N,N,N,N,N,N,N,N,N,N,N,N,N,N,N,N,N,N,N,N,N,N,N,N,N,N,N,N,N,N,N,N
GPT,N,N,N,N,N,N,N,N,N,N,N,N,N,N,N,N,N,N,N,N,N,N,N,N,N,N,N,N,N,N,N,N
32,N,N,N,N,N,N,N,N,N,N,N,N,N,N,N,N,N,N,N,N,N,N,N,N,N,N,N,N,N,N,N,N
33,N,A,N,N,N,N,N,N,N,N,A,N,N,A,N,N,N,N,N,N,A,N,N,N,A,N,A,A,N,N,N,A
ALG10,N,A,A,N,N,A,A,N,A,N,N,N,N,A,N,A,N,N,N,A,N,N,A,A,N,A,A,N,A,N,A,N
35,D,D,D,N,D,D,D,D,D,N,D,D,D,D,D,D,D,D,D,D,D,D,D,D,D,D,D,D,D,N,D,D
CGL1,N,D,D,D,N,N,D,N,D,N,D,N,D,D,N,D,D,D,D,N,D,D,D,D,N,D,D,N,D,N,D,D
37,N,N,N,N,N,N,N,N,N,N,N,N,N,N,N,N,N,N,N,N,N,N,N,N,N,N,N,N,N,N,N,N
ATDAD1,A,A,A,N,N,N,A,A,A,N,N,N,N,N,N,A,A,N,N,A,A,N,N,N,N,A,A,A,N,N,A,A
39,N,N,N,N,N,N,N,N,N,N,N,N,N,N,N,N,N,N,N,N,N,N,N,N,N,N,N,N,N,N,N,N
40,A,A,A,N,N,A,A,A,A,N,A,A,N,N,A,A,N,A,A,A,A,N,N,A,A,N,A,A,N,N,A,A
41,A,A,A,N,N,A,A,A,A,N,A,A,N,N,A,A,N,A,A,A,A,N,N,A,A,N,A,A,N,N,A,A
DAD2,A,A,A,N,N,N,A,A,A,N,N,N,N,N,N,A,A,N,N,A,A,N,N,N,N,A,A,A,N,N,A,A
HAP6,N,N,N,N,N,N,N,N,N,N,N,N,N,N,N,N,N,N,N,N,N,N,N,N,N,N,N,N,N,N,N,N
DGL1,N,A,A,N,N,N,N,A,A,N,N,N,N,A,N,N,N,N,N,A,A,N,A,N,N,A,N,A,N,N,A,A
