IFI;IFG;IFNG,N,N,N,N,N,N,N,N,N,N,N,N,N,N,N,N,N,N,N,N,N,N,N,N,N,N,N,N,N,N,N,N
P58;TSTA2;RPN3;PSMD3;S3,N,N,A,N,A,A,N,A,A,N,A,N,N,A,A,N,N,N,N,N,A,N,A,A,A,A,A,N,A,A,A,A
PSMD12;Rpn5;p55;STISS,A,A,A,A,A,A,A,A,A,N,A,A,A,A,A,A,A,A,A,A,A,A,A,A,A,A,A,A,A,A,A,A
S9;PSMD11;p44.5;Rpn6,A,A,A,N,A,A,A,A,A,N,A,A,N,N,A,A,A,A,A,N,N,A,A,A,N,A,N,N,A,N,A,N
Rpn7;SGA-113M;p44S10;PSMD6;S10;p42A,A,A,A,N,A,A,N,A,A,N,A,A,A,A,A,A,N,A,A,A,A,A,A,N,N,A,N,N,A,A,A,A
P40;Rpn8;MOV34;S12;PSMD7,C,C,C,C,C,N,C,C,C,N,C,C,N,C,C,C,C,C,C,C,C,C,C,C,C,C,N,C,N,C,C,C
HSPC027;PSMD13;Rpn9;S11;p40.5,A,A,A,N,N,N,A,N,A,N,A,A,A,N,A,A,A,A,N,A,A,N,A,A,N,A,N,A,N,A,A,N
PAD1;PSMD14;POH1;RPN11,C,C,C,N,N,C,C,C,C,N,N,C,N,C,C,C,C,C,C,C,C,C,C,C,C,C,N,C,N,C,C,C
Nin1p;S14;HEL-S-91n;HYPF;PSMD8;HIP6;p31;Rpn12,N,N,N,N,A,N,N,N,N,N,A,N,N,N,N,N,N,N,A,N,N,N,N,N,N,N,A,A,N,N,A,A
C7orf76;SHFD1;SHFM1;Shfdg1;DSS1;SHSF1;ECD;SEM1,N,N,N,N,N,N,N,N,N,N,N,N,N,N,N,N,N,N,N,N,N,N,N,N,N,N,N,N,N,N,N,N
S5A;PSMD4;AF;pUB-R5;AF-1;ASF;Rpn10;MCB1,A,N,N,N,A,A,A,A,N,N,N,A,N,A,A,A,A,A,N,A,N,N,A,N,A,A,A,N,N,A,A,N
PSMD2;S2;RPN1;P97;TRAP2,N,N,N,A,A,N,A,A,N,A,A,N,A,A,A,N,N,N,N,A,N,A,A,A,N,A,A,A,N,N,A,N
Rpn2;PSMD1;S1;P112,N,N,N,A,A,N,A,A,N,A,A,N,A,A,A,N,N,N,N,A,N,A,A,A,N,A,A,A,N,N,A,N
ARM-1;GP110;ARM1;ADRM1,N,N,N,N,A,A,N,N,A,N,A,N,N,A,N,A,N,N,N,A,A,A,A,A,A,N,N,A,N,N,N,A
PSMC2;MSS1;S7;Nbla10058,D,D,D,D,D,D,D,D,D,D,D,D,D,D,D,D,D,D,D,D,D,D,D,D,D,D,D,D,D,D,D,D
S4;p56;PSMC1;P26S4,D,D,D,D,D,D,D,D,D,D,D,D,D,D,D,D,D,D,D,D,D,D,D,D,D,D,D,D,D,D,D,D
TBP-7;TBP7;RPT3;MIP224;PSMC4;S6,D,D,D,D,D,D,D,D,D,D,D,D,D,D,D,D,D,D,D,D,D,D,D,D,D,D,D,D,D,D,D,D
SUG2;CADP44;HEL-S-73;p42;P44;PSMC6,D,D,D,D,D,D,D,D,D,D,D,D,D,D,D,D,D,D,D,D,D,D,D,D,D,D,D,D,D,D,D,D
TBP1;PSMC3,D,D,D,D,D,D,D,D,D,D,D,D,D,D,D,D,D,D,D,D,D,D,D,D,D,D,D,D,D,D,D,D
p45/SUG;TBP10;TRIP1;p45;SUG-1;S8;SUG1;PSMC5,D,D,D,D,D,D,D,D,D,D,D,D,D,D,D,D,D,D,D,D,D,D,D,D,D,D,D,D,D,D,D,D
PA28alpha;PA28A;IFI5111;PSME1;REGalpha;HEL-S-129m,N,N,N,N,N,N,N,N,N,N,N,N,N,N,N,N,N,N,N,N,N,N,N,N,N,N,N,N,N,N,N,N
REGbeta;PSME2;PA28B;PA28beta,N,N,N,N,N,N,N,N,N,N,N,N,N,N,N,N,N,N,N,N,N,N,N,N,N,N,N,N,N,N,N,N
PA28-gamma;PSME3;HEL-S-283;PA28G;Ki;REG-GAMMA;PA28gamma,N,N,N,N,N,N,N,N,N,N,N,N,N,N,N,N,N,N,N,N,N,N,N,N,N,N,N,N,N,N,N,N
PA200;PSME4,A,A,N,N,N,A,A,N,N,N,N,N,N,A,A,A,N,N,N,N,A,N,N,N,N,A,N,A,N,N,N,N
PSMA6;PROS27;IOTA;p27K,D,D,D,D,D,D,D,D,D,D,D,D,D,D,D,D,D,D,D,D,D,D,D,D,D,N,D,D,D,N,D,D
PSMA2;HC3;MU;PSC2;PMSA2,D,D,D,D,D,D,D,D,D,D,D,D,D,D,D,D,D,D,D,D,D,D,D,D,D,N,D,D,D,N,D,D
HsT17706;HC9;PSMA4;PSC9,D,D,D,D,D,D,D,D,D,D,D,D,D,D,D,D,D,D,D,D,D,D,D,D,D,N,D,D,D,N,D,D
PSMA7L;PSMA8,D,D,D,D,D,D,D,D,D,D,D,D,D,D,D,D,D,D,D,D,D,D,D,D,D,N,D,D,D,N,D,D
C6;HSPC;PSMA7;XAPC7;HEL-S-276;RC6-1,D,D,D,D,D,D,D,D,D,D,D,D,D,D,D,D,D,D,D,D,D,D,D,D,D,N,D,D,D,N,D,D
PSC5;ZETA;PSMA5,D,D,D,D,D,D,D,D,D,D,D,D,D,D,D,D,D,D,D,D,D,D,D,D,D,N,D,D,D,N,D,D
NU;PSMA1;HC2;HEL-S-275;PROS30,D,D,D,D,D,D,D,D,D,D,D,D,D,D,D,D,D,D,D,D,D,D,D,D,D,N,D,D,D,N,D,D
HC8;PSC3;PSMA3,D,D,D,D,D,D,D,D,D,D,D,D,D,D,D,D,D,D,D,D,D,D,D,D,D,N,D,D,D,N,D,D
PSMB6;Y;LMPY;DELTA,D,D,D,D,D,D,D,D,D,D,D,D,D,D,D,D,D,D,D,D,D,D,D,D,D,N,D,D,D,N,D,D
PSMB7;Z,D,D,D,D,D,D,D,D,D,D,D,D,D,D,D,D,D,D,D,D,D,D,D,D,D,N,D,D,D,N,D,D
HC10-II;PSMB3,D,D,D,D,D,D,D,D,D,D,N,D,D,D,D,D,D,N,D,D,N,D,D,D,D,N,D,D,D,N,D,N
HC7-I;PSMB2,D,D,D,D,D,D,D,D,D,D,D,D,D,D,D,D,D,D,D,D,N,D,D,D,D,N,D,D,D,N,D,N
LMPX;PSMB5;X;MB1,D,D,D,D,D,D,D,D,D,D,D,D,D,D,D,D,D,D,D,D,D,D,D,D,D,N,D,D,D,N,D,D
PSC5;PSMB1;HC5;PMSB1,D,D,D,D,D,D,D,D,D,D,D,D,D,D,D,D,D,N,D,D,N,D,D,D,D,N,D,D,D,N,D,D
HN3;HsN3;PSMB4;PROS26;PROS-26,D,D,D,D,D,D,D,D,D,D,N,D,D,D,D,D,D,N,D,D,N,D,D,D,D,N,N,D,D,N,D,D
RING12;beta1i;PSMB9;LMP2;PSMB6i,D,D,D,D,D,D,D,D,D,D,D,D,D,D,D,D,D,D,D,D,D,D,D,D,D,N,D,D,D,N,D,D
LMP10;beta2i;PSMB10;MECL1,D,D,D,D,D,D,D,D,D,D,D,D,D,D,D,D,D,D,D,D,D,D,D,D,D,N,D,D,D,N,D,D
RING10;D6S216E;D6S216;JMP;PSMB5i;ALDD;NKJO;PSMB8;LMP7,D,D,D,D,D,D,D,D,D,D,D,D,D,D,D,D,D,D,D,D,D,D,D,D,D,N,D,N,D,N,D,D
BETA5T;PSMB11,D,D,D,D,D,D,D,D,D,D,D,D,D,D,D,D,D,D,D,D,D,D,D,D,D,N,D,N,D,N,D,D
PI31;PSMF1,N,N,N,N,N,N,N,N,N,N,N,N,N,N,N,N,N,N,N,N,N,N,N,N,N,N,N,N,N,N,N,N
UMP1;POMP;HSPC014;PNAS-110;C13orf12,N,N,N,N,N,N,N,N,N,N,N,N,N,N,N,N,N,N,N,N,N,N,N,N,N,N,N,N,N,N,N,N
