FAL1,D,D,D,D,D,D,D,D,D,D,D,D,D,D,D,D,D,D,D,D,D,D,D,D,D,D,D,D,D,D,D,D
MEX67,N,N,N,N,A,N,N,N,N,N,A,N,N,N,A,N,N,N,N,N,N,N,N,N,N,A,N,N,A,N,A,A
SHE11;YRA1,N,N,N,N,N,N,N,N,N,N,N,N,N,N,N,N,N,N,N,N,N,N,N,N,N,N,N,N,N,N,N,N
MTR2,N,N,N,N,N,N,N,N,N,N,N,N,N,N,N,N,N,N,N,N,N,N,N,N,N,N,N,N,N,N,N,N
STO1;GCR3;CBC1;SUT1;CBP80,N,N,N,N,N,N,N,N,N,N,N,N,N,N,N,N,N,N,N,N,N,N,N,N,N,N,N,N,N,N,N,N
SUA6;UPF3;SUP112,N,N,N,N,N,N,N,N,N,N,N,N,N,N,N,N,N,N,N,N,N,N,N,N,N,N,N,N,N,N,N,N
SUB2,D,D,D,D,D,D,D,D,D,D,D,D,D,D,D,D,D,D,D,D,D,D,D,D,D,D,D,D,D,D,D,D
SUP113;NAM7;SUT2;IFS2;UPF1;MOF4,D,D,D,D,D,D,D,D,D,D,D,D,D,D,D,D,D,D,D,D,D,D,D,D,D,D,D,D,D,D,D,N
NMD2;IFS1;SUP111;SUA1;UPF2,N,A,N,N,N,N,A,N,N,N,N,N,N,N,N,N,A,N,N,N,A,N,N,N,N,A,N,N,N,N,N,N
SUP45;SUP1;SAL4;SUP47,C,N,N,C,N,N,C,N,N,C,C,C,N,C,N,C,C,N,N,C,C,C,C,N,N,N,N,C,C,C,N,C
SAL3;SUF12;PNM2;GST1;SUP36;SUP2;SUP35,D,D,D,D,D,D,D,D,D,D,D,D,D,D,D,D,D,D,D,N,D,N,D,D,N,D,D,D,D,N,D,D
ABD1,A,N,A,A,A,N,A,N,A,N,A,N,N,A,A,A,N,N,A,A,A,N,N,N,N,A,N,N,A,N,A,N
PAP1,D,D,D,N,D,D,D,D,D,N,D,D,D,D,D,D,D,D,D,D,D,D,D,N,D,D,D,D,N,N,D,N
PCF11,N,N,A,N,N,A,N,N,A,N,A,N,N,A,N,N,N,N,A,A,A,N,N,A,A,A,N,N,N,A,A,N
CLP1,N,N,C,N,C,C,C,N,N,N,N,C,N,N,N,N,C,N,N,N,N,N,C,N,N,N,N,N,N,N,N,C
FIP1,N,A,N,N,N,N,A,N,A,N,A,N,N,N,N,N,N,N,A,N,N,N,A,N,A,A,N,N,N,A,N,A
BRR5;YSH1,N,N,N,N,N,N,N,N,B,N,B,N,N,B,N,N,N,N,N,N,B,N,N,N,B,N,N,N,N,N,B,N
SYC1,N,N,N,N,N,N,N,N,N,N,N,N,N,N,N,N,N,N,N,N,N,N,N,N,N,N,N,N,N,N,N,N
CFT2;YDH1,N,N,N,N,N,N,N,N,B,N,B,N,N,B,N,N,N,N,N,N,B,N,N,N,B,N,N,N,N,N,B,N
YHH1;CFT1,A,A,A,N,A,A,N,A,A,A,A,A,N,A,A,A,A,A,A,A,N,N,A,A,N,N,A,A,A,N,A,N
YTH1,A,N,N,N,N,N,A,N,A,N,A,N,N,A,N,N,N,N,A,A,N,A,A,N,N,A,A,N,A,N,A,N
RNA15,B,B,B,B,B,B,B,B,B,N,B,B,B,B,B,B,B,B,B,B,B,B,B,B,B,B,B,B,B,B,B,B
PTI1,N,N,N,N,N,N,N,N,N,N,N,N,N,N,N,N,N,N,N,N,N,N,N,N,N,N,N,N,N,N,N,N
RNA14,N,A,N,N,N,A,N,N,N,N,N,N,N,N,N,N,N,N,A,N,N,N,N,N,N,N,A,N,N,N,A,N
PTA1;FUN39,N,N,N,N,N,N,N,N,N,N,N,N,N,N,N,N,N,N,N,N,N,N,N,N,N,N,N,N,N,N,N,N
SAE1;CBP20;MUD13;CBC2,B,N,B,B,B,B,B,B,B,N,B,B,B,B,B,B,B,B,B,B,B,B,B,B,B,B,B,B,B,N,B,B
RBP1;RBP29;SGN1,B,B,B,B,B,B,B,B,B,N,B,B,B,B,B,B,B,B,B,B,B,B,B,B,B,B,B,B,B,B,B,B
PAB1,D,D,D,D,D,D,D,D,D,D,D,D,D,D,D,D,D,D,D,D,D,D,D,D,D,D,D,D,D,D,D,D
TPD3;FUN32,N,N,A,A,A,A,A,N,A,N,A,N,A,N,N,N,A,N,N,A,A,A,N,N,N,A,A,A,N,N,A,N
PPH21,D,D,D,D,D,D,D,D,D,N,D,D,D,D,D,D,D,D,D,D,D,D,D,D,D,D,D,D,D,D,D,D
PPH2;PPH22,D,D,D,D,D,D,D,D,D,N,D,D,D,D,D,D,D,D,D,D,D,D,D,D,D,D,D,D,D,D,D,D
CDC55;TMR4,D,D,D,D,D,D,D,D,D,D,D,D,D,D,D,D,D,D,D,D,D,D,D,D,D,D,D,D,D,D,D,D
RTS1;SCS1,N,A,A,N,N,N,N,A,A,N,A,A,N,N,N,N,A,A,N,A,N,N,A,N,N,A,N,N,N,N,A,A
HBS1,D,D,D,D,D,D,D,D,D,D,D,D,D,D,D,D,D,D,D,N,D,N,D,D,N,D,D,D,D,N,D,D
DOM34,C,N,N,N,N,N,N,N,N,N,C,C,N,C,N,N,C,N,N,N,C,C,C,N,N,N,N,C,N,N,N,C
SKI7,D,D,D,D,D,D,D,D,D,D,D,D,D,D,D,D,D,D,D,N,D,N,D,D,N,D,D,D,D,N,D,D
NAB5;HRP1;NAB4,D,D,D,D,D,D,D,D,D,N,D,D,D,D,D,D,D,D,D,D,D,D,D,D,D,D,D,D,D,D,D,D
PFS2,D,D,D,D,D,D,D,D,D,D,D,D,D,D,D,D,D,D,D,D,D,D,D,D,D,D,D,D,D,D,D,D
SAF37;SWD2;CPS35,D,D,D,D,D,D,D,D,D,D,D,D,D,D,D,D,D,D,D,D,D,D,D,D,D,D,D,D,D,D,D,D
MPE1,A,N,N,N,A,N,A,A,A,N,A,N,N,A,N,A,A,A,A,N,A,A,A,N,N,A,A,A,A,N,A,A
PPZ2,D,D,D,D,D,D,D,D,D,N,D,D,D,D,D,D,D,D,D,D,D,D,D,D,D,D,D,D,D,D,D,D
GLC7;CID1;DIS2,D,D,D,D,D,D,D,D,D,N,D,D,D,D,D,D,D,D,D,D,D,D,D,D,D,D,D,D,D,D,D,D
PPZ1,D,D,D,D,D,D,D,D,D,N,D,D,D,D,D,D,D,D,D,D,D,D,D,D,D,D,D,D,D,D,D,D
PPQ1;SAL6,D,D,D,D,D,D,D,D,D,N,D,D,D,D,D,D,D,D,D,D,D,D,D,D,D,D,D,D,D,D,D,D
REF2,N,N,N,N,N,N,N,N,N,N,N,N,N,N,N,N,N,N,N,N,N,N,N,N,N,N,N,N,N,N,N,N
SSU72,D,D,D,D,D,D,D,D,D,N,D,D,D,D,D,D,D,D,D,D,D,D,D,D,D,D,D,D,D,D,D,D
