PGI1,N,N,N,N,N,N,N,N,N,N,N,N,N,N,N,N,N,N,N,N,N,N,N,N,N,N,N,N,N,N,N,N
2,N,N,N,N,N,N,N,N,N,N,N,N,N,N,N,N,N,N,N,N,N,N,N,N,N,N,N,N,N,N,N,N
3,N,D,D,N,N,N,D,D,D,N,D,D,D,D,D,N,D,D,D,N,D,D,D,N,N,D,D,D,N,D,D,D
PRS2,N,N,D,D,D,D,D,N,D,N,D,N,D,N,N,N,N,D,D,N,N,N,D,N,D,D,D,D,N,D,D,N
5,N,N,D,D,D,D,D,N,D,N,D,N,D,N,N,N,N,D,D,N,N,N,D,N,D,D,D,D,N,D,D,N
6,N,N,D,D,D,D,D,N,D,N,D,N,D,N,N,N,N,D,D,N,N,N,D,N,D,D,D,D,N,D,D,N
7,D,N,N,N,D,N,D,D,D,N,D,N,N,D,D,D,N,D,D,N,N,N,N,D,N,N,D,N,N,N,D,N
8,D,N,N,N,D,N,D,D,D,N,D,N,N,D,D,D,N,D,D,N,N,N,N,D,N,N,D,N,N,N,D,N
RSW10,D,N,D,N,N,D,D,D,D,N,D,N,D,D,N,D,N,D,N,N,N,N,N,N,N,D,D,N,N,N,D,N
RPI2,D,N,D,N,N,D,D,D,D,N,D,N,D,D,N,D,N,D,N,N,N,N,N,N,N,D,D,N,N,N,D,N
EMB3119,D,N,D,N,N,D,D,D,D,N,D,N,D,D,N,D,N,D,N,N,N,N,N,N,N,D,D,N,N,N,D,N
12,D,N,D,N,N,D,D,D,D,N,D,N,D,D,N,D,N,D,N,N,N,N,N,N,N,D,D,N,N,N,D,N
13,D,D,D,D,D,D,D,D,D,N,D,N,D,N,N,D,N,D,D,D,D,N,N,D,N,N,D,N,D,D,D,N
14,D,D,D,D,D,D,D,D,D,N,D,N,D,N,N,D,N,D,D,D,D,N,N,D,N,N,D,N,D,D,D,N
RPE,D,D,D,D,D,D,D,D,D,N,D,N,D,N,N,D,N,D,D,D,D,N,N,D,N,N,D,N,D,D,D,N
PDE345,N,B,B,B,B,N,B,B,B,N,B,N,B,B,B,B,B,B,B,B,B,B,B,B,N,B,N,N,B,B,B,B
FBA1,N,B,B,B,B,N,B,B,B,N,B,N,B,B,B,B,B,B,B,B,B,B,B,B,N,B,N,N,B,B,B,B
FBA6,N,B,B,B,B,N,B,B,B,N,B,N,B,B,B,B,B,B,B,B,B,B,B,B,N,B,N,N,B,B,B,B
FBA8,N,B,B,B,B,N,B,B,B,N,B,N,B,B,B,B,B,B,B,B,B,B,B,B,N,B,N,N,B,B,B,B
FBA7,N,B,B,B,B,N,B,B,B,N,B,N,B,B,B,B,B,B,B,B,B,B,B,B,N,B,N,N,B,B,B,B
FBA5,N,B,B,B,B,N,B,B,B,N,B,N,B,B,B,B,B,B,B,B,B,B,B,B,N,B,N,N,B,B,B,B
FBA2,N,B,B,B,B,N,B,B,B,N,B,N,B,B,B,B,B,B,B,B,B,B,B,B,N,B,N,N,B,B,B,B
FBA4,N,B,B,B,B,N,B,B,B,N,B,N,B,B,B,B,B,B,B,B,B,B,B,B,N,B,N,N,B,B,B,B
PFK5,B,B,B,B,N,N,B,N,B,N,B,N,N,B,N,N,N,B,N,B,B,N,N,B,B,N,B,N,B,N,B,N
PFK3,B,B,B,B,N,N,B,N,B,N,B,N,N,B,N,N,N,B,N,B,B,N,N,B,B,N,B,N,B,N,B,N
PFK1,B,B,B,B,N,N,B,N,B,N,B,N,N,B,N,N,N,B,N,B,B,N,N,B,B,N,B,N,B,N,B,N
PFK6,B,B,B,B,N,N,B,N,B,N,B,N,N,B,N,N,N,B,N,B,B,N,N,B,B,N,B,N,B,N,B,N
PFK2,B,B,B,B,N,N,B,N,B,N,B,N,N,B,N,N,N,B,N,B,B,N,N,B,B,N,B,N,B,N,B,N
PFK7,B,B,B,B,N,N,B,N,B,N,B,N,N,B,N,N,N,B,N,B,B,N,N,B,B,N,B,N,B,N,B,N
PFK4,B,B,B,B,N,N,B,N,B,N,B,N,N,B,N,N,N,B,N,B,B,N,N,B,B,N,B,N,B,N,B,N
FBP,D,D,D,N,D,N,D,D,D,N,D,N,D,D,D,N,D,N,N,N,D,N,D,D,N,N,N,N,N,N,D,N
HCEF1,D,D,D,N,D,N,D,D,D,N,D,N,D,D,D,N,D,N,N,N,D,N,D,D,N,N,N,N,N,N,D,N
33,D,D,D,N,D,N,D,D,D,N,D,N,D,D,D,N,D,N,N,N,D,N,D,D,N,N,N,N,N,N,D,N
34,D,N,D,N,N,D,D,N,D,N,N,N,D,N,D,N,N,N,D,D,N,N,N,N,D,N,D,N,D,N,D,N
35,D,N,D,N,N,D,D,N,D,N,N,N,D,N,D,N,N,N,D,D,N,N,N,N,D,N,D,N,D,N,D,N
36,D,N,D,N,N,D,D,N,D,N,N,N,D,N,D,N,N,N,D,D,N,N,N,N,D,N,D,N,D,N,D,N
PGL1,N,N,B,N,N,N,B,B,N,N,B,N,N,B,N,N,N,N,N,N,N,N,N,B,N,N,N,N,N,N,B,N
PGL2,N,N,B,N,N,N,B,B,N,N,B,N,N,B,N,N,N,N,N,N,N,N,N,B,N,N,N,N,N,N,B,N
EMB2024,N,N,B,N,N,N,B,B,N,N,B,N,N,B,N,N,N,N,N,N,N,N,N,B,N,N,N,N,N,N,B,N
PGL4,N,N,B,N,N,N,B,B,N,N,B,N,N,B,N,N,N,N,N,N,N,N,N,B,N,N,N,N,N,N,B,N
PGL5,N,N,B,N,N,N,B,B,N,N,B,N,N,B,N,N,N,N,N,N,N,N,N,B,N,N,N,N,N,N,B,N
G6PD4,B,B,B,B,B,B,B,B,B,N,B,B,B,B,B,B,B,B,B,B,B,B,B,B,B,B,B,B,B,N,B,B
G6PD3,B,B,B,B,B,B,B,B,B,N,B,B,B,B,B,B,B,B,B,B,B,B,B,B,B,B,B,B,B,N,B,B
G6PD5,B,B,B,B,B,B,B,B,B,N,B,B,B,B,B,B,B,B,B,B,B,B,B,B,B,B,B,B,B,N,B,B
G6PD2,B,B,B,B,B,B,B,B,B,N,B,B,B,B,B,B,B,B,B,B,B,B,B,B,B,B,B,B,B,N,B,B
G6PD1,B,B,B,B,B,B,B,B,B,N,B,B,B,B,B,B,B,B,B,B,B,B,B,B,B,B,B,B,B,N,B,B
G6PD6,B,B,B,B,B,B,B,B,B,N,B,B,B,B,B,B,B,B,B,B,B,B,B,B,B,B,B,B,B,N,B,B
48,N,N,N,N,N,N,N,N,N,N,N,N,N,N,N,N,N,N,N,N,N,N,N,N,N,N,N,N,N,N,N,N
49,N,N,N,N,N,N,N,N,B,N,B,N,N,N,N,B,N,N,N,N,B,B,N,N,N,N,N,N,N,N,N,N
TRA2,N,N,N,N,N,N,N,N,B,N,B,N,N,N,N,B,N,N,N,N,B,B,N,N,N,N,N,N,N,N,N,N
PGM3,N,N,N,N,N,N,N,N,N,N,N,N,N,N,N,N,N,N,N,N,N,N,N,N,N,N,N,N,N,N,N,N
PGM2,N,N,N,N,N,N,N,N,N,N,N,N,N,N,N,N,N,N,N,N,N,N,N,N,N,N,N,N,N,N,N,N
PGM,N,N,N,N,N,N,N,N,N,N,N,N,N,N,N,N,N,N,N,N,N,N,N,N,N,N,N,N,N,N,N,N
ALDH11A3,D,D,D,N,D,D,D,D,D,N,D,D,D,D,D,D,D,D,D,D,D,D,D,D,D,D,D,D,D,D,D,N
55,B,B,B,B,N,N,B,N,B,N,B,N,N,B,N,N,N,B,N,B,B,N,N,B,B,N,B,N,B,N,B,N
56,B,B,B,B,N,N,B,N,B,N,B,N,N,B,N,N,N,B,N,B,B,N,N,B,B,N,B,N,B,N,B,N
57,B,B,B,B,N,N,B,N,B,N,B,N,N,B,N,N,N,B,N,B,B,N,N,B,B,N,B,N,B,N,B,N
MEE51,B,B,B,B,N,N,B,N,B,N,B,N,N,B,N,N,N,B,N,B,B,N,N,B,B,N,B,N,B,N,B,N
