HMGS;ERG13,D,D,D,N,D,D,D,D,D,N,D,D,D,D,D,D,N,D,D,D,D,D,D,D,D,D,D,D,D,N,D,D
ERG10;TSM0115;LPB3,D,N,D,N,D,D,D,N,D,N,D,D,D,D,D,N,D,D,D,N,D,D,D,N,D,D,N,D,N,D,D,N
UGA1,D,N,N,N,N,N,N,N,D,N,D,D,D,N,D,N,N,D,N,N,N,N,N,D,N,D,N,D,N,N,N,N
GAD1,N,N,N,N,N,N,N,N,N,N,N,N,N,N,N,N,N,N,N,N,N,N,N,N,N,N,N,N,N,N,N,N
UGA5;UGA2,D,D,D,N,D,D,D,D,D,N,D,D,D,D,D,D,D,D,D,D,D,D,D,D,D,D,D,D,D,D,D,N
BDH1,A,N,N,N,A,N,N,N,N,N,A,N,N,N,N,N,N,A,N,N,N,N,N,N,N,N,N,N,N,A,N,N
BDH2,A,N,N,N,A,N,N,N,N,N,A,N,N,N,N,N,N,A,N,N,N,N,N,N,N,N,N,N,N,A,N,N
ILV6,N,N,N,N,N,N,N,N,N,N,N,N,N,N,N,N,N,N,N,N,N,N,N,N,N,N,N,N,N,N,N,N
SMR1;ILV2;THI1,N,D,N,N,N,N,N,D,D,N,D,N,N,N,N,N,N,N,N,N,N,N,N,N,D,N,N,N,N,N,D,N
