NIT2,N,N,N,N,N,N,N,N,N,N,N,N,N,N,N,N,N,N,N,N,N,N,N,N,N,N,N,N,N,N,N,N
NIT1,N,N,N,N,N,N,N,N,N,N,N,N,N,N,N,N,N,N,N,N,N,N,N,N,N,N,N,N,N,N,N,N
NIT3,N,N,N,N,N,N,N,N,N,N,N,N,N,N,N,N,N,N,N,N,N,N,N,N,N,N,N,N,N,N,N,N
GGT3,N,N,N,N,N,D,D,N,N,N,D,D,N,D,N,N,N,N,N,N,N,D,N,D,N,N,N,D,N,N,D,N
GGT4,N,N,N,N,N,D,D,N,N,N,D,D,N,D,N,N,N,N,N,N,N,D,N,D,N,N,N,D,N,N,D,N
GGT1,N,N,N,N,N,D,D,N,N,N,D,D,N,D,N,N,N,N,N,N,N,D,N,D,N,N,N,D,N,N,D,N
GGT2,N,N,N,N,N,D,D,N,N,N,D,D,N,D,N,N,N,N,N,N,N,D,N,D,N,N,N,D,N,N,D,N
CYSC1,N,D,N,N,N,D,N,D,D,N,D,N,D,N,N,D,D,N,D,N,D,N,N,D,N,N,N,D,N,N,N,N
NIT4,N,N,N,N,N,N,N,N,N,N,N,N,N,N,N,N,N,N,N,N,N,N,N,N,N,N,N,N,N,N,N,N
BGLU11,N,N,N,N,N,N,N,D,D,N,D,D,N,D,N,N,N,D,N,D,N,N,N,N,N,N,D,N,N,N,D,N
BGLU40,N,N,N,N,N,N,N,D,D,N,D,D,N,D,N,N,N,D,N,D,N,N,N,N,N,N,D,N,N,N,D,N
BGLU1,N,N,N,N,N,N,N,D,D,N,D,D,N,D,N,N,N,D,N,D,N,N,N,N,N,N,D,N,N,N,D,N
BGLU5,N,N,N,N,N,N,N,D,D,N,D,D,N,D,N,N,N,D,N,D,N,N,N,N,N,N,D,N,N,N,D,N
BGLU6,N,N,N,N,N,N,N,D,D,N,D,D,N,D,N,N,N,D,N,D,N,N,N,N,N,N,D,N,N,N,D,N
BGLU45,N,N,N,N,N,N,N,D,D,N,D,D,N,D,N,N,N,D,N,D,N,N,N,N,N,N,D,N,N,N,D,N
BGLU46,N,N,N,N,N,N,N,D,D,N,D,D,N,D,N,N,N,D,N,D,N,N,N,N,N,N,D,N,N,N,D,N
BGLU21,N,N,N,N,N,N,N,D,D,N,D,D,N,D,N,N,N,D,N,D,N,N,N,N,N,N,D,N,N,N,D,N
BGLU22,N,N,N,N,N,N,N,D,D,N,D,D,N,D,N,N,N,D,N,D,N,N,N,N,N,N,D,N,N,N,D,N
ATA27,N,N,N,N,N,N,N,D,D,N,D,D,N,D,N,N,N,D,N,D,N,N,N,N,N,N,D,N,N,N,D,N
BGLU14,N,N,N,N,N,N,N,D,D,N,D,D,N,D,N,N,N,D,N,D,N,N,N,N,N,N,D,N,N,N,D,N
BGLU33,N,N,N,N,N,N,N,D,D,N,D,D,N,D,N,N,N,D,N,D,N,N,N,N,N,N,D,N,N,N,D,N
BGLU15,N,N,N,N,N,N,N,D,D,N,D,D,N,D,N,N,N,D,N,D,N,N,N,N,N,N,D,N,N,N,D,N
BGLU28,N,N,N,N,N,N,N,D,D,N,D,D,N,D,N,N,N,D,N,D,N,N,N,N,N,N,D,N,N,N,D,N
BGLU29,N,N,N,N,N,N,N,D,D,N,D,D,N,D,N,N,N,D,N,D,N,N,N,N,N,N,D,N,N,N,D,N
BGLU17,N,N,N,N,N,N,N,D,D,N,D,D,N,D,N,N,N,D,N,D,N,N,N,N,N,N,D,N,N,N,D,N
PEN2,N,N,N,N,N,N,N,D,D,N,D,D,N,D,N,N,N,D,N,D,N,N,N,N,N,N,D,N,N,N,D,N
BGLU25,N,N,N,N,N,N,N,D,D,N,D,D,N,D,N,N,N,D,N,D,N,N,N,N,N,N,D,N,N,N,D,N
PYK10,N,N,N,N,N,N,N,D,D,N,D,D,N,D,N,N,N,D,N,D,N,N,N,N,N,N,D,N,N,N,D,N
BGLU43,N,N,N,N,N,N,N,D,D,N,D,D,N,D,N,N,N,D,N,D,N,N,N,N,N,N,D,N,N,N,D,N
BGLU44,N,N,N,N,N,N,N,D,D,N,D,D,N,D,N,N,N,D,N,D,N,N,N,N,N,N,D,N,N,N,D,N
BGLU19,N,N,N,N,N,N,N,D,D,N,D,D,N,D,N,N,N,D,N,D,N,N,N,N,N,N,D,N,N,N,D,N
32,N,A,A,N,N,N,N,N,N,N,A,N,N,A,N,A,N,N,N,N,N,A,N,N,N,N,N,N,N,A,A,N
33,N,N,N,N,N,N,N,N,N,N,N,N,N,N,N,N,N,N,N,N,N,N,N,N,N,N,N,N,N,N,N,N
34,N,A,A,N,N,N,N,N,N,N,A,N,N,A,N,A,N,N,N,N,N,A,N,N,N,N,N,N,N,A,A,N
35,N,A,A,N,N,N,N,N,N,N,A,N,N,A,N,A,N,N,N,N,N,A,N,N,N,N,N,N,N,A,A,N
BGLU27,N,N,N,N,N,N,N,D,D,N,D,D,N,D,N,N,N,D,N,D,N,N,N,N,N,N,D,N,N,N,D,N
BGLU16,N,N,N,N,N,N,N,D,D,N,D,D,N,D,N,N,N,D,N,D,N,N,N,N,N,N,D,N,N,N,D,N
DIN2,N,N,N,N,N,N,N,D,D,N,D,D,N,D,N,N,N,D,N,D,N,N,N,N,N,N,D,N,N,N,D,N
BGLU7,N,N,N,N,N,N,N,D,D,N,D,D,N,D,N,N,N,D,N,D,N,N,N,N,N,N,D,N,N,N,D,N
BGLU8,N,N,N,N,N,N,N,D,D,N,D,D,N,D,N,N,N,D,N,D,N,N,N,N,N,N,D,N,N,N,D,N
BGLU47,N,N,N,N,N,N,N,D,D,N,D,D,N,D,N,N,N,D,N,D,N,N,N,N,N,N,D,N,N,N,D,N
BGLU3,N,N,N,N,N,N,N,D,D,N,D,D,N,D,N,N,N,D,N,D,N,N,N,N,N,N,D,N,N,N,D,N
BGLU9,N,N,N,N,N,N,N,D,D,N,D,D,N,D,N,N,N,D,N,D,N,N,N,N,N,N,D,N,N,N,D,N
BGLU10,N,N,N,N,N,N,N,D,D,N,D,D,N,D,N,N,N,D,N,D,N,N,N,N,N,N,D,N,N,N,D,N
45,N,A,A,N,N,N,N,N,N,N,A,N,N,A,N,A,N,N,N,N,N,A,N,N,N,N,N,N,N,A,A,N
BGLU2,N,N,N,N,N,N,N,D,D,N,D,D,N,D,N,N,N,D,N,D,N,N,N,N,N,N,D,N,N,N,D,N
47,N,A,A,N,N,N,N,N,N,N,A,N,N,A,N,A,N,N,N,N,N,A,N,N,N,N,N,N,N,A,A,N
48,N,A,A,N,N,N,N,N,N,N,A,N,N,A,N,A,N,N,N,N,N,A,N,N,N,N,N,N,N,A,A,N
BGLU31,N,N,N,N,N,N,N,D,D,N,D,D,N,D,N,N,N,D,N,D,N,N,N,N,N,N,D,N,N,N,D,N
BGLU32,N,N,N,N,N,N,N,D,D,N,D,D,N,D,N,N,N,D,N,D,N,N,N,N,N,N,D,N,N,N,D,N
BGLU24,N,N,N,N,N,N,N,D,D,N,D,D,N,D,N,N,N,D,N,D,N,N,N,N,N,N,D,N,N,N,D,N
BGLU42,N,N,N,N,N,N,N,D,D,N,D,D,N,D,N,N,N,D,N,D,N,N,N,N,N,N,D,N,N,N,D,N
BGLU12,N,N,N,N,N,N,N,D,D,N,D,D,N,D,N,N,N,D,N,D,N,N,N,N,N,N,D,N,N,N,D,N
BGLU13,N,N,N,N,N,N,N,D,D,N,D,D,N,D,N,N,N,D,N,D,N,N,N,N,N,N,D,N,N,N,D,N
BGLU41,N,N,N,N,N,N,N,D,D,N,D,D,N,D,N,N,N,D,N,D,N,N,N,N,N,N,D,N,N,N,D,N
SHM6,D,D,D,N,D,D,D,D,D,N,D,D,D,D,D,D,D,D,D,D,D,D,D,D,D,D,D,D,D,D,D,D
SHM7,D,D,D,N,D,D,D,D,D,N,D,D,D,D,D,D,D,D,D,D,D,D,D,D,D,D,D,D,D,D,D,D
EDA36,D,D,D,N,D,D,D,D,D,N,D,D,D,D,D,D,D,D,D,D,D,D,D,D,D,D,D,D,D,D,D,D
SHM4,D,D,D,N,D,D,D,D,D,N,D,D,D,D,D,D,D,D,D,D,D,D,D,D,D,D,D,D,D,D,D,D
SHM3,D,D,D,N,D,D,D,D,D,N,D,D,D,D,D,D,D,D,D,D,D,D,D,D,D,D,D,D,D,D,D,D
SHM1,D,D,D,N,D,D,D,D,D,N,D,D,D,D,D,D,D,D,D,D,D,D,D,D,D,D,D,D,D,D,D,D
SHM2,D,D,D,N,D,D,D,D,D,N,D,D,D,D,D,D,D,D,D,D,D,D,D,D,D,D,D,D,D,D,D,D
63,B,B,N,N,N,N,B,B,B,N,B,N,B,B,B,N,N,B,B,B,N,N,B,B,B,N,N,N,N,N,B,N
MES5,D,N,D,N,N,N,N,D,D,N,D,N,N,N,N,N,D,D,D,N,N,N,D,N,N,D,N,N,N,N,D,D
CYP79A2,D,D,D,N,D,D,D,D,D,N,D,D,D,D,D,D,D,D,D,D,D,D,D,D,N,D,D,D,D,D,D,D
66,N,N,N,N,N,N,N,N,N,N,N,N,N,N,N,N,N,N,N,N,N,N,N,N,N,N,N,N,N,N,N,N
67,N,N,N,N,N,N,N,N,N,N,N,N,N,N,N,N,N,N,N,N,N,N,N,N,N,N,N,N,N,N,N,N
