PFK1,B,B,B,B,N,N,B,N,B,N,B,N,N,B,N,N,N,B,N,B,B,N,N,B,B,N,B,N,B,N,B,N
PFK2,B,B,B,B,N,N,B,N,B,N,B,N,N,B,N,N,N,B,N,B,B,N,N,B,B,N,B,N,B,N,B,N
SUC2,A,N,N,N,N,N,N,N,A,N,N,A,N,A,N,N,N,N,N,N,N,N,A,N,N,N,N,N,N,N,N,N
HOR3;GLK1,N,N,N,N,A,N,N,N,A,N,N,N,N,N,N,N,A,N,N,N,N,N,N,N,A,A,N,N,N,N,A,A
EMI2,N,N,N,N,A,N,N,N,A,N,N,N,N,N,N,N,A,N,N,N,N,N,N,N,A,A,N,N,N,N,A,A
HXK1,N,N,N,N,A,N,N,N,A,N,N,N,N,N,N,N,A,N,N,N,N,N,N,N,A,A,N,N,N,N,A,A
HXK2;HKB;HEX1;SCI2,N,N,N,N,A,N,N,N,A,N,N,N,N,N,N,N,A,N,N,N,N,N,N,N,A,A,N,N,N,N,A,A
8,N,N,N,N,A,N,N,N,A,N,N,N,N,N,N,N,A,N,N,N,N,N,N,N,A,A,N,N,N,N,A,A
PGM1,N,N,N,N,N,N,N,N,N,N,N,N,N,N,N,N,N,N,N,N,N,N,N,N,N,N,N,N,N,N,N,N
GAL5;PGM2,N,N,N,N,N,N,N,N,N,N,N,N,N,N,N,N,N,N,N,N,N,N,N,N,N,N,N,N,N,N,N,N
PGM3;PRM15,N,N,N,N,N,N,N,N,N,N,N,N,N,N,N,N,N,N,N,N,N,N,N,N,N,N,N,N,N,N,N,N
GAL10,N,N,B,N,B,N,B,N,B,N,B,N,N,N,N,N,B,B,N,B,N,B,N,N,N,B,N,B,N,N,N,N
13,B,N,B,N,B,N,B,B,B,N,B,N,B,N,N,B,N,B,N,N,B,B,N,B,N,B,N,B,B,B,B,N
UGP1,B,N,B,N,B,N,B,B,B,N,B,N,B,N,N,B,N,B,N,N,B,B,N,B,N,B,N,B,B,B,B,N
GAL7,N,N,N,N,N,N,N,N,N,N,N,N,N,N,N,N,N,N,N,N,N,N,N,N,N,N,N,N,N,N,N,N
MAL32,N,N,B,N,N,N,B,N,N,N,N,N,N,N,N,N,N,N,B,N,N,N,N,N,N,N,N,N,N,N,B,N
IMA1,N,N,B,N,N,N,B,N,N,N,N,N,N,N,N,N,N,N,B,N,N,N,N,N,N,N,N,N,N,N,B,N
MAL12,N,N,B,N,N,N,B,N,N,N,N,N,N,N,N,N,N,N,B,N,N,N,N,N,N,N,N,N,N,N,B,N
IMA3,N,N,B,N,N,N,B,N,N,N,N,N,N,N,N,N,N,N,B,N,N,N,N,N,N,N,N,N,N,N,B,N
IMA5,N,N,B,N,N,N,B,N,N,N,N,N,N,N,N,N,N,N,B,N,N,N,N,N,N,N,N,N,N,N,B,N
IMA4;FSP2,N,N,B,N,N,N,B,N,N,N,N,N,N,N,N,N,N,N,B,N,N,N,N,N,N,N,N,N,N,N,B,N
IMA2,N,N,B,N,N,N,B,N,N,N,N,N,N,N,N,N,N,N,B,N,N,N,N,N,N,N,N,N,N,N,B,N
GAL1,B,N,N,N,B,N,N,B,B,N,B,N,N,N,N,N,N,N,N,N,N,N,N,N,N,N,N,N,N,N,B,N
GAL3,B,N,N,N,B,N,N,B,B,N,B,N,N,N,N,N,N,N,N,N,N,N,N,N,N,N,N,N,N,N,B,N
