MVLK;LRBP;MVK;POROK3;MK,N,D,D,N,D,N,D,N,D,N,N,D,D,D,D,D,D,N,N,N,D,D,D,D,N,N,D,N,N,D,D,D
ACAT1;MAT;THIL;T2;ACAT,D,N,D,N,D,D,D,N,D,N,D,D,D,D,D,N,D,D,D,N,D,D,D,N,D,D,N,D,N,D,D,N
ACAT2,D,N,D,N,D,D,D,N,D,N,D,D,D,D,D,N,D,D,D,N,D,D,D,N,D,D,N,D,N,D,D,N
HMGCS1;HMGCS,D,D,D,N,D,D,D,D,D,N,D,D,D,D,D,D,N,D,D,D,D,D,D,D,D,D,D,D,D,N,D,D
HMGCS2,D,D,D,N,D,D,D,D,D,N,D,D,D,D,D,D,N,D,D,D,D,D,D,D,D,D,D,D,D,N,D,D
LDLCQ3;HMGCR,C,C,C,N,C,N,C,C,C,N,C,C,C,C,C,N,N,N,N,N,N,C,N,N,N,C,N,N,C,N,C,C
IPPI1;IPP1;IDI1,N,D,N,N,N,N,D,D,N,N,D,D,N,D,N,N,D,D,D,D,N,D,N,D,N,N,N,D,N,N,D,N
IDI2;IPPI2,N,D,N,N,N,N,D,D,N,N,D,D,N,D,N,N,D,D,D,D,N,D,N,D,N,N,N,D,N,N,D,N
MPD;FP17780;MDDase;POROK7;MVD,D,N,D,N,D,N,N,N,D,N,N,D,D,N,D,N,N,N,D,N,N,D,D,D,D,D,D,N,N,D,D,D
HUMPMKI;PMKASE;PMK;PMVK;PMKA;POROK1,N,N,N,N,N,N,N,N,N,N,N,N,N,N,N,N,N,N,N,N,N,N,N,N,N,N,N,N,N,N,N,N
POROK9;FPS;FDPS;FPPS,N,N,N,N,N,N,N,N,N,N,N,N,N,N,N,N,N,N,N,N,N,N,N,N,N,N,N,N,N,N,N,N
GGPPS;GGPS1;GGPPS1,N,A,N,N,A,N,N,N,A,N,N,N,N,N,N,N,N,N,N,N,N,N,N,N,N,N,N,N,N,N,A,N
NgBR;TANGO14;NUS1;CDG1AA;MGC:7199;C6orf68,N,N,N,N,N,N,N,N,N,N,N,N,N,N,N,N,N,N,N,N,N,N,N,N,N,N,N,N,N,N,N,N
HDS;CIT;RP59;DS;DHDDS;CPT,N,N,N,N,N,N,N,N,N,N,N,N,N,N,N,N,N,N,N,N,N,N,N,N,N,N,N,N,N,N,N,N
DPS;TPT;TPT_1;COQ1;SPS;hDPS1;TPRT;COQ10D2;PDSS1,N,A,N,N,A,N,N,N,A,N,N,N,N,N,N,N,N,N,N,N,N,N,N,N,N,N,N,N,N,N,A,N
C6orf210;DLP1;PDSS2;hDLP1;bA59I9.3;COQ10D3,N,A,N,N,A,N,N,N,A,N,N,N,N,N,N,N,N,N,N,N,N,N,N,N,N,N,N,N,N,N,A,N
PGGT1A;FNTA;PTAR2;FPTA,A,A,A,N,N,N,N,N,A,N,A,N,N,N,N,A,N,N,N,N,A,A,N,A,N,N,N,N,N,A,A,N
FPTB;FNTB,A,N,A,A,A,A,A,N,A,A,A,A,A,A,A,N,A,A,A,N,A,N,A,A,A,A,A,A,A,A,A,A
RCE1B;RCE1;FACE2;RCE1A,A,A,A,N,A,A,N,A,A,N,A,A,A,A,N,N,A,N,N,N,A,N,A,A,A,N,A,N,A,N,A,N
HSTE14;PPMT;ICMT;PCCMT;MSTP098;MST098;PCMT,N,N,N,N,N,N,N,N,N,N,N,N,N,N,N,N,N,N,N,N,N,N,N,N,N,N,N,N,N,N,N,N
PCYOX1;PCL1,D,D,D,D,D,D,D,D,D,N,D,D,D,D,D,N,D,D,D,D,D,D,D,D,D,D,D,D,D,D,D,D
ZMPSTE24;Ste24p;STE24;FACE1;PRO1;FACE-1;HGPS,N,N,A,N,N,N,N,N,N,N,A,N,N,N,N,N,A,N,N,N,A,N,N,N,A,N,A,N,N,N,N,A
