trrA,N,N,N,N,N,N,N,N,N,N,N,N,N,N,N,N,N,N,N,N,N,N,N,N,N,N,N,N,N,N,N,N
selD,B,N,N,N,B,N,B,N,N,N,N,N,N,N,N,N,N,N,N,N,N,N,N,N,N,N,N,B,N,N,N,N
metS,D,D,D,N,D,N,D,D,N,N,D,D,N,D,D,D,D,D,N,D,D,D,D,D,D,N,D,N,D,N,D,D
mmetS,D,D,D,N,D,N,D,D,N,N,D,D,N,D,D,D,D,D,N,D,D,D,D,D,D,N,D,N,D,N,D,D
ccbl,D,N,D,D,D,D,N,D,D,N,D,D,D,D,D,D,D,D,D,D,D,D,D,D,N,N,N,D,D,N,D,D
6,B,B,N,N,N,N,N,B,N,N,N,B,N,N,N,N,N,N,N,N,N,N,B,N,N,B,N,N,N,N,B,B
sepsecs,A,A,A,N,N,A,N,A,N,N,A,N,A,N,A,N,A,A,N,N,N,N,A,N,N,A,N,N,N,N,A,N
cysA,N,N,D,N,D,N,D,D,N,N,N,N,N,D,D,N,D,N,N,N,N,N,N,D,N,N,N,N,D,N,N,N
9,N,A,A,N,N,N,N,N,A,N,N,N,N,N,A,N,N,N,N,N,N,N,N,N,N,N,N,N,A,N,A,N
10,N,N,N,N,N,N,N,N,N,N,N,N,N,N,N,N,N,N,N,N,N,N,N,N,N,N,N,N,N,N,N,N
mtr,N,N,N,N,N,B,N,N,N,N,B,N,N,N,N,N,N,N,N,B,N,N,B,N,N,N,N,N,N,N,N,N
