rnrB-1,N,N,A,N,N,A,N,N,N,N,N,N,N,N,N,N,A,N,N,A,A,N,N,N,A,N,N,A,N,N,A,N
rnrB-2,N,N,A,N,N,A,N,N,N,N,N,N,N,N,N,N,A,N,N,A,A,N,N,N,A,N,N,A,N,N,A,N
rnrA,D,N,D,N,N,D,D,D,D,N,D,N,D,D,N,D,D,D,D,D,D,D,D,D,N,D,N,D,D,N,D,N
4,N,N,A,N,N,A,N,N,N,N,N,N,N,N,N,N,A,N,N,A,A,N,N,N,A,N,N,A,N,N,A,N
xdh,N,N,N,N,N,N,N,B,N,N,B,N,N,B,N,N,N,N,N,N,B,N,N,N,N,N,N,N,N,N,B,B
prsB,N,N,D,D,D,D,D,N,D,N,D,N,D,N,N,N,N,D,D,N,N,N,D,N,D,D,D,D,N,D,D,N
prsC,N,N,D,D,D,D,D,N,D,N,D,N,D,N,N,N,N,D,D,N,N,N,D,N,D,D,D,D,N,D,D,N
prsA,N,N,D,D,D,D,D,N,D,N,D,N,D,N,N,N,N,D,D,N,N,N,D,N,D,D,D,D,N,D,D,N
purF,N,N,N,N,N,N,N,N,N,N,N,N,N,N,N,N,N,N,N,N,N,N,N,N,N,N,N,N,N,N,N,N
purD,N,N,N,N,N,N,N,N,N,N,N,N,N,N,N,N,N,N,N,N,N,N,N,N,N,N,N,N,N,N,N,N
purN,N,N,N,N,N,N,N,N,N,N,N,N,N,N,N,N,N,N,N,N,N,N,N,N,N,N,N,N,N,N,N,N
purH,N,N,D,N,N,N,N,D,N,N,N,N,N,N,N,N,D,N,N,N,N,N,N,N,N,N,N,N,N,N,D,N
purB,N,N,N,N,N,N,N,N,N,N,N,N,N,N,N,N,N,N,N,N,N,N,N,N,N,N,N,N,N,N,N,N
pdsA,N,N,N,N,N,N,N,N,N,N,N,N,N,N,N,N,N,N,N,N,N,N,N,N,N,N,N,N,N,N,N,N
rpc3,A,N,A,N,A,N,N,A,N,A,A,A,N,N,A,N,N,A,N,N,N,A,N,A,N,N,N,N,A,A,A,N
rpa43,C,C,N,C,N,N,N,N,N,N,C,C,N,N,C,N,C,N,C,N,C,C,C,C,C,N,N,C,C,C,C,C
rpb9,N,D,D,D,N,N,N,D,D,N,N,D,D,N,N,D,D,N,N,D,D,D,N,D,N,N,D,D,N,D,D,D
rpc5,N,C,C,C,N,N,N,C,N,N,N,N,N,N,C,N,C,N,N,N,N,N,N,N,C,N,N,N,N,N,C,N
rpc34,A,A,A,N,A,A,A,N,A,N,A,A,N,A,N,A,A,A,A,A,A,A,A,N,N,A,A,A,A,A,A,N
rpb10,N,D,N,N,D,D,D,N,D,D,D,D,D,D,N,D,D,D,D,D,D,N,N,N,D,D,D,D,D,D,D,D
rpc25-1,N,D,N,N,N,N,N,D,N,N,N,N,N,N,N,N,N,D,N,N,N,N,N,N,N,N,N,D,N,N,D,N
rpc25-2,N,D,N,N,N,N,N,D,N,N,N,N,N,N,N,N,N,D,N,N,N,N,N,N,N,N,N,D,N,N,D,N
rpa1,D,D,D,N,N,N,D,N,D,D,D,N,D,D,D,N,D,D,N,D,N,D,D,D,D,D,N,D,D,D,D,N
rpc1,D,D,D,N,N,N,D,N,D,D,D,N,D,D,D,N,D,D,N,D,N,D,D,D,D,D,N,D,D,D,D,N
rpb11,D,N,N,D,D,N,D,D,D,D,D,D,D,D,D,D,N,D,N,D,D,D,N,N,N,N,N,D,N,D,D,N
rpb8,A,A,N,A,A,A,N,A,A,N,N,N,N,A,A,A,A,A,A,A,A,N,A,A,N,A,A,N,N,A,N,N
rpb1,D,D,D,N,D,D,D,D,D,D,D,D,D,D,D,D,D,D,D,D,D,D,D,D,D,D,D,D,D,D,D,D
rpa5,N,D,D,D,D,N,N,N,D,D,D,D,D,D,D,D,D,D,D,D,D,N,N,D,D,D,D,D,N,N,D,D
rpb4,N,A,A,N,N,N,A,N,N,N,N,N,N,N,N,N,A,N,N,N,N,N,N,N,N,N,N,N,N,N,A,N
rpb12,N,B,N,N,N,N,N,B,N,B,B,N,B,B,N,B,N,N,N,N,N,N,N,B,N,N,N,N,N,N,N,N
rpb7,N,D,N,N,N,N,N,D,N,N,N,N,N,N,N,N,N,D,N,N,N,N,N,N,N,N,N,D,N,N,D,N
rpc11,N,D,D,D,N,N,N,D,D,N,N,D,D,N,N,D,D,N,N,D,D,D,N,D,N,N,D,D,N,D,D,D
rpb2,N,N,N,N,N,D,D,D,D,N,D,N,N,N,D,D,D,D,N,D,D,N,D,N,D,D,D,D,D,D,D,N
rpc2,N,N,N,N,N,D,D,D,D,N,D,N,N,N,D,D,D,D,N,D,D,N,D,N,D,D,D,D,D,D,D,N
rpa49,N,N,N,N,N,N,N,N,N,N,N,N,N,N,N,N,N,N,N,N,N,N,N,N,N,N,N,N,N,N,N,N
rpb6,D,D,N,N,D,D,D,D,D,D,N,D,D,N,N,D,D,D,D,D,N,N,D,D,D,D,N,N,N,N,D,N
rpc19,D,N,N,D,D,N,D,D,D,D,D,D,D,D,D,D,N,D,N,D,D,D,N,N,N,N,N,D,N,D,D,N
rpb5,D,D,D,N,N,N,N,D,D,N,N,N,N,N,N,D,D,D,D,D,N,D,N,D,N,N,N,N,D,D,D,N
rpb3,N,D,D,D,D,N,N,N,D,D,D,D,D,D,D,D,D,D,D,D,D,N,N,D,D,D,D,D,N,N,D,D
rpa2,N,N,N,N,N,D,D,D,D,N,D,N,N,N,D,D,D,D,N,D,D,N,D,N,D,D,D,D,D,D,D,N
polA,N,N,B,N,B,N,N,N,B,N,B,N,N,B,N,B,B,N,N,N,B,N,B,N,N,N,N,N,N,B,N,N
polA3,N,N,A,N,N,N,N,A,A,N,N,N,N,N,A,N,N,A,N,A,N,A,A,N,N,A,N,N,N,N,N,N
ybl1,C,C,C,N,N,C,N,N,C,N,C,C,C,N,C,N,N,C,N,C,C,N,C,C,C,C,C,C,C,C,C,C
44,A,A,A,A,A,A,A,A,A,N,A,N,A,A,A,A,A,A,A,A,A,N,A,A,A,A,A,A,A,A,A,A
45,A,A,A,N,A,N,A,A,N,N,A,A,A,A,A,A,A,N,N,N,A,A,N,A,A,A,A,N,A,A,N,A
polD2,N,N,N,N,A,N,N,A,N,N,A,N,N,A,N,A,N,A,A,N,N,N,A,N,N,A,A,A,N,A,A,N
polA1,D,D,D,D,D,D,D,D,D,N,D,D,D,D,D,D,D,D,D,D,D,D,D,D,D,D,D,D,D,D,D,D
polA2,A,A,N,N,N,A,N,N,N,N,A,N,N,N,N,N,A,N,A,N,N,N,N,N,A,A,N,N,N,N,N,N
49,N,N,N,N,N,N,N,N,N,N,N,N,N,N,N,N,N,N,N,N,N,N,N,N,N,N,N,N,N,N,N,N
polD1,D,D,D,D,D,D,D,D,D,N,D,D,D,D,D,D,D,D,D,D,D,D,D,D,D,D,D,D,D,D,D,D
51,N,D,N,N,D,D,N,D,N,N,D,N,D,N,N,D,N,N,D,D,N,D,D,N,N,D,N,N,D,N,D,N
52,D,D,D,D,D,D,D,D,D,N,D,D,D,D,D,D,D,D,D,D,D,D,D,D,D,D,D,D,D,D,D,D
ndkC-1,D,N,N,D,D,D,D,N,D,N,D,D,N,D,D,D,N,N,D,N,D,D,D,N,D,D,N,N,N,N,D,N
ndkC-2,D,N,N,D,D,D,D,N,D,N,D,D,N,D,D,D,N,N,D,N,D,D,D,N,D,D,N,N,N,N,D,N
ndkM,D,N,N,D,D,D,D,N,D,N,D,D,N,D,D,D,N,N,D,N,D,D,D,N,D,D,N,N,N,N,D,N
56,D,N,N,D,D,D,D,N,D,N,D,D,N,D,D,D,N,N,D,N,D,D,D,N,D,D,N,N,N,N,D,N
57,N,N,N,N,N,N,N,N,N,N,N,N,N,N,N,N,N,N,N,N,N,N,N,N,N,N,N,N,N,N,N,N
adkA,D,N,D,D,D,D,N,D,D,N,D,D,N,D,D,N,D,D,D,N,N,D,D,D,D,N,D,D,D,N,D,D
adkB,D,N,D,D,D,D,N,D,D,N,D,D,N,D,D,N,D,D,D,N,N,D,D,D,D,N,D,D,D,N,D,D
purA,D,D,D,N,N,D,D,D,N,N,D,D,N,D,D,D,D,D,D,N,D,N,N,D,D,D,D,N,N,N,D,D
amdA,B,B,N,N,B,N,N,B,N,N,N,N,N,N,B,B,B,N,N,N,N,N,B,N,B,N,N,N,B,N,B,N
62,D,D,D,D,D,D,D,D,D,N,D,D,D,D,D,D,D,D,D,D,D,D,D,D,D,D,D,D,D,D,D,D
adk,N,B,N,N,N,N,N,N,B,N,N,B,N,N,N,N,N,N,N,N,N,N,B,N,N,N,N,N,N,N,N,N
aprt,D,D,N,D,D,N,N,N,D,N,D,N,N,N,D,N,N,N,N,N,D,N,D,N,N,N,N,N,N,D,D,N
ada,B,B,N,N,B,N,N,B,B,N,B,B,N,B,B,B,B,B,N,N,N,N,B,N,B,N,N,N,B,B,B,N
66,B,B,N,N,B,N,N,B,B,N,B,B,N,B,B,B,B,B,N,N,N,N,B,N,B,N,N,N,B,B,B,N
guaB,N,D,N,N,N,N,N,N,D,N,D,N,D,D,N,N,N,D,N,N,N,N,N,N,D,D,N,D,N,N,D,D
guaA,N,N,N,N,N,N,N,N,N,N,N,N,N,N,N,N,N,N,N,N,N,N,N,N,N,N,N,N,N,N,N,N
hprT,N,N,N,N,N,N,N,N,N,N,N,N,N,N,N,N,N,N,N,N,N,N,N,N,N,N,N,N,N,N,N,N
gmkA,D,D,D,D,D,D,D,D,D,N,D,D,D,D,D,D,D,D,D,D,D,D,D,D,D,D,D,D,D,D,D,D
guaD,N,N,N,N,N,N,N,B,N,N,B,N,N,N,B,N,N,N,N,N,B,N,N,N,N,N,N,N,N,N,N,N
allC,B,B,B,N,N,N,N,B,N,N,B,N,N,B,N,B,N,N,B,B,N,N,N,N,B,N,N,B,N,N,B,N
allB2,N,D,N,N,N,D,D,N,N,N,N,D,N,D,N,D,D,D,D,D,N,D,N,D,D,N,D,D,N,D,N,N
allB1,N,D,N,N,N,D,D,N,D,N,D,D,N,D,N,D,D,D,D,D,N,D,N,D,D,D,D,D,N,D,N,N
uox,N,N,N,N,N,N,N,N,N,N,N,N,N,N,N,N,N,N,N,N,N,N,N,N,N,N,N,N,N,N,N,N
76,N,B,B,B,N,B,N,N,N,N,B,N,N,N,B,N,N,N,N,B,N,B,N,B,B,N,N,N,N,N,N,N
spoT,N,B,N,N,N,B,N,N,N,N,B,N,B,N,N,N,N,N,N,N,N,N,N,N,N,N,N,N,N,N,B,N
78,N,A,A,N,N,N,N,N,A,N,N,N,N,N,A,N,N,N,N,N,N,N,N,N,N,N,N,N,A,N,A,N
purL,N,N,N,N,N,N,N,N,N,N,N,N,N,N,N,N,N,N,N,N,N,N,N,N,N,N,N,N,N,N,N,N
itpa,N,B,N,B,N,N,N,B,N,N,B,N,N,B,N,N,N,N,N,N,N,N,N,N,N,B,N,N,N,N,B,N
81,N,N,N,N,N,N,N,N,N,N,N,N,N,N,N,N,N,N,N,N,N,N,N,N,N,N,N,N,N,N,N,N
82,N,N,N,N,N,N,N,N,N,N,N,N,N,N,N,N,N,N,N,N,N,N,N,N,N,N,N,N,N,N,N,N
dak,N,N,N,N,N,N,N,N,N,N,N,N,N,N,N,N,N,N,N,N,N,N,N,N,N,N,N,N,N,N,N,N
84,N,D,N,N,N,N,N,N,D,N,D,N,N,N,N,N,N,N,N,D,N,N,N,N,N,N,N,N,N,N,N,N
pyk,D,D,D,D,D,D,D,D,D,N,D,D,D,D,D,N,D,D,D,D,D,D,D,D,D,D,D,D,D,D,D,D
regA,D,D,D,D,D,N,N,D,D,N,D,D,D,D,D,D,D,D,D,N,D,D,D,D,D,D,D,D,D,N,D,D
pde4,B,B,B,B,B,N,N,B,N,N,B,B,B,B,B,B,B,B,B,N,B,B,B,B,B,B,N,B,B,N,B,B
pgmB,N,N,N,N,N,N,N,N,N,N,N,N,N,N,N,N,N,N,N,N,N,N,N,N,N,N,N,N,N,N,N,N
pgmA,N,N,N,N,N,N,N,N,N,N,N,N,N,N,N,N,N,N,N,N,N,N,N,N,N,N,N,N,N,N,N,N
