AAPT1,A,A,A,N,A,A,N,N,A,N,A,N,A,N,A,N,A,A,N,A,A,N,A,A,A,A,A,N,A,A,A,N
AAPT2,A,A,A,N,A,A,N,N,A,N,A,N,A,N,A,N,A,A,N,A,A,N,A,A,A,A,A,N,A,A,A,N
PLA2-ALPHA,N,N,N,N,N,N,N,N,N,N,N,N,N,N,N,N,N,N,N,N,N,N,N,N,N,N,N,N,N,N,N,N
SDP1-LIKE,N,N,A,N,N,N,N,N,N,N,A,N,N,N,A,N,A,A,N,N,N,N,A,A,N,N,N,N,N,N,N,N
SDP1,N,N,A,N,N,N,N,N,N,N,A,N,N,N,A,N,A,A,N,N,N,N,A,A,N,N,N,N,N,N,N,N
6,N,B,B,B,N,B,B,B,B,N,B,B,N,N,N,N,B,N,B,N,B,N,B,N,N,N,N,N,N,B,B,B
7,N,B,B,B,B,B,B,B,B,N,B,B,N,N,N,B,B,N,B,N,B,N,B,N,N,N,N,B,N,B,B,B
LPLAT1,A,N,N,N,N,N,N,N,A,N,A,N,N,N,N,N,A,N,A,N,N,N,N,N,N,A,N,N,A,A,A,N
LPLAT2,A,N,N,N,N,N,N,N,A,N,A,N,N,N,N,N,A,N,A,N,N,N,N,N,N,A,N,N,A,A,A,N
PLDALPHA2,D,D,N,N,N,N,D,N,D,N,D,D,D,D,N,N,D,N,N,D,D,D,D,N,N,D,N,D,N,N,D,N
PLDEPSILON,D,D,N,N,N,N,D,N,D,N,D,D,D,D,N,N,D,N,N,D,D,D,D,N,N,D,N,D,N,N,D,N
PLDBETA1,D,D,N,N,N,N,D,N,D,N,D,D,D,D,N,N,D,N,N,D,D,D,D,N,N,D,N,D,N,N,D,N
PLDP2,D,D,N,N,N,N,D,N,D,N,D,D,D,D,N,N,D,N,N,D,D,D,D,N,N,D,N,D,N,N,D,N
PLDALPHA1,D,D,N,N,N,N,D,N,D,N,D,D,D,D,N,N,D,N,N,D,D,D,D,N,N,D,N,D,N,N,D,N
PLDP1,D,D,N,N,N,N,D,N,D,N,D,D,D,D,N,N,D,N,N,D,D,D,D,N,N,D,N,D,N,N,D,N
PLDBETA2,D,D,N,N,N,N,D,N,D,N,D,D,D,D,N,N,D,N,N,D,D,D,D,N,N,D,N,D,N,N,D,N
PLDGAMMA2,D,D,N,N,N,N,D,N,D,N,D,D,D,D,N,N,D,N,N,D,D,D,D,N,N,D,N,D,N,N,D,N
PLDGAMMA3,D,D,N,N,N,N,D,N,D,N,D,D,D,D,N,N,D,N,N,D,D,D,D,N,N,D,N,D,N,N,D,N
PLDGAMMA1,D,D,N,N,N,N,D,N,D,N,D,D,D,D,N,N,D,N,N,D,D,D,D,N,N,D,N,D,N,N,D,N
PLDDELTA,D,D,N,N,N,N,D,N,D,N,D,D,D,D,N,N,D,N,N,D,D,D,D,N,N,D,N,D,N,N,D,N
PLDALPHA3,D,D,N,N,N,N,D,N,D,N,D,D,D,D,N,N,D,N,N,D,D,D,D,N,N,D,N,D,N,N,D,N
NPC1,N,N,N,N,N,N,N,N,N,N,N,N,N,N,N,N,N,N,N,N,N,N,N,N,N,N,N,N,N,N,N,N
NPC2,N,N,N,N,N,N,N,N,N,N,N,N,N,N,N,N,N,N,N,N,N,N,N,N,N,N,N,N,N,N,N,N
NPC3,N,N,N,N,N,N,N,N,N,N,N,N,N,N,N,N,N,N,N,N,N,N,N,N,N,N,N,N,N,N,N,N
NPC4,N,N,N,N,N,N,N,N,N,N,N,N,N,N,N,N,N,N,N,N,N,N,N,N,N,N,N,N,N,N,N,N
NPC5,N,N,N,N,N,N,N,N,N,N,N,N,N,N,N,N,N,N,N,N,N,N,N,N,N,N,N,N,N,N,N,N
NPC6,N,N,N,N,N,N,N,N,N,N,N,N,N,N,N,N,N,N,N,N,N,N,N,N,N,N,N,N,N,N,N,N
