FASN;FAS;OA-519;SDR27X1,D,D,D,N,D,D,D,D,D,N,D,D,D,D,D,D,N,D,D,D,D,D,D,D,D,D,D,D,D,D,D,D
SAST;THEDC1;OLAH;AURA1,N,N,B,N,N,N,N,B,B,N,B,N,N,N,N,N,N,N,N,N,B,N,N,N,N,N,N,N,N,N,N,N
KS;FASN2D;CEM1;OXSM;KASI,D,D,D,N,D,D,D,D,D,N,D,D,D,D,D,D,N,D,D,D,D,D,D,D,D,D,D,D,D,D,D,D
fabD;NET62;MCT1;MCT;MT;MCAT;FASN2C,D,D,D,N,D,D,D,D,D,N,D,D,D,D,D,D,N,D,D,D,D,D,D,D,D,D,D,D,D,N,D,D
ACC1;ACACA;ACC;ACAC;ACCA;ACACAD,N,D,D,N,N,D,D,D,D,N,N,D,N,D,N,D,D,D,D,D,D,D,N,D,D,N,D,D,N,D,D,N
ACACB;ACC2;HACC275;ACCB,N,D,D,N,N,D,D,D,D,N,N,D,N,D,N,D,D,D,D,D,D,D,N,D,D,N,D,D,N,D,D,N
ACS1;FACL2;LACS;LACS1;LACS2;ACSL1;FACL1,D,D,D,D,D,D,N,D,D,N,D,D,D,D,D,D,D,D,D,D,D,N,D,D,D,D,D,D,N,D,D,D
LACS3;FACL3;ACS3;LACS_3;PRO2194;ACSL3,D,D,D,D,D,D,N,D,D,N,D,D,D,D,D,D,D,D,D,D,D,N,D,D,D,D,D,D,N,D,D,D
ACSL4;MRX63;FACL4;ACS4;MRX68;LACS4,D,D,D,D,D,D,N,D,D,N,D,D,D,D,D,D,D,D,D,D,D,N,D,D,D,D,D,D,N,D,D,D
BG1;ACSBG1;LPD;BGM;BG;GR-LACS,D,D,D,D,D,D,N,D,D,N,D,D,D,D,D,D,D,D,D,D,D,N,D,D,D,D,D,D,N,D,D,D
FACL6;ACS2;LACS2;LACS5;ACSL6;LACS_6,D,D,D,D,D,D,N,D,D,N,D,D,D,D,D,D,D,D,D,D,D,N,D,D,D,D,D,D,N,D,D,D
FACL5;ACS5;ACSL5;ACS2,D,D,D,D,D,D,N,D,D,N,D,D,D,D,D,D,D,D,D,D,D,N,D,D,D,D,D,D,N,D,D,D
ACSBG2;PRTDNY3;BRGL;PRTD-NY3;BGR,D,D,D,D,D,D,N,D,D,N,D,D,D,D,D,D,D,D,D,D,D,N,D,D,D,D,D,D,N,D,D,D
