HSP48;ENO1,D,D,D,D,D,D,D,N,D,N,D,D,D,D,D,D,D,D,D,D,D,N,N,D,N,D,D,D,D,D,D,D
ENO2,D,D,D,D,D,D,D,N,D,N,D,D,D,D,D,D,D,D,D,D,D,N,N,D,N,D,D,D,D,D,D,D
ERR3,D,D,D,D,D,D,D,N,D,N,D,D,D,D,D,D,D,D,D,D,D,N,N,D,N,D,D,D,D,D,D,D
ERR1,D,D,D,D,D,D,D,N,D,N,D,D,D,D,D,D,D,D,D,D,D,N,N,D,N,D,D,D,D,D,D,D
ERR2,D,D,D,D,D,D,D,N,D,N,D,D,D,D,D,D,D,D,D,D,D,N,N,D,N,D,D,D,D,D,D,D
ECM20;SKI6;RRP41,N,D,N,N,N,D,D,D,D,N,D,N,D,D,N,D,D,D,D,D,N,D,N,D,D,D,N,N,N,N,D,N
RRP42,N,N,N,N,N,N,N,N,A,N,A,N,N,N,N,N,N,A,N,N,N,A,N,N,N,N,N,A,N,N,A,N
CSL4;SKI4,N,A,N,A,N,N,N,N,N,N,N,N,N,N,N,N,A,A,N,N,N,N,N,N,A,N,N,N,N,N,N,N
RRP4,N,N,N,N,N,D,N,N,N,N,D,N,N,D,N,N,N,N,N,N,N,N,N,N,D,N,N,N,N,N,N,N
SKI3;SKI5,D,D,D,D,D,D,D,D,D,N,D,D,D,D,D,D,D,D,D,D,D,D,D,D,D,D,D,D,D,D,D,D
SKI8;REC103,D,D,D,D,D,D,D,D,D,D,D,D,D,D,D,D,D,D,D,D,D,D,D,D,D,D,D,D,D,D,D,D
MTR17;DIS3;RRP44,D,D,N,D,D,N,D,D,D,N,D,D,D,D,D,D,D,D,D,D,D,D,D,D,N,D,D,D,D,D,D,D
SKI2,D,D,D,D,D,D,D,D,D,D,D,D,D,D,D,D,D,D,D,D,D,D,D,D,D,D,D,D,D,D,D,D
RRP45,N,C,N,N,C,N,C,N,C,N,C,C,N,N,N,N,C,C,C,C,N,C,N,C,N,N,N,C,C,N,C,C
MTR3,N,N,N,N,N,N,N,N,N,N,N,N,N,N,N,N,N,N,N,N,N,N,N,N,N,N,N,N,N,N,N,N
RRP43,N,N,N,N,N,N,N,N,N,N,N,N,N,N,N,N,N,N,N,N,N,N,N,N,N,N,N,N,N,N,N,N
RRP46,N,N,N,N,N,N,N,N,N,N,N,N,N,N,N,N,N,N,N,N,N,N,N,N,N,N,N,N,N,N,N,N
RRP40;MTR14,N,N,N,N,N,D,N,N,N,N,D,N,N,D,N,N,N,N,N,N,N,N,N,N,D,N,N,N,N,N,N,N
LRP1;RRP47,N,N,N,N,N,N,N,N,N,N,N,N,N,N,N,N,N,N,N,N,N,N,N,N,N,N,N,N,N,N,N,N
RRP6,D,D,D,D,D,D,D,D,D,N,D,D,D,D,D,D,D,D,D,D,D,D,D,D,D,D,D,D,D,D,D,D
MPP6,N,N,N,N,N,N,N,N,N,N,N,N,N,N,N,N,N,N,N,N,N,N,N,N,N,N,N,N,N,N,N,N
SKI7,D,D,D,D,D,D,D,D,D,D,D,D,D,D,D,D,D,D,D,N,D,N,D,D,N,D,D,D,D,N,D,D
TRF5,A,A,A,A,A,N,N,A,A,N,A,A,N,A,A,N,A,A,A,N,N,N,A,A,A,A,A,A,N,N,A,A
PAP2;TRF4,A,A,A,A,A,N,N,A,A,N,A,A,N,A,A,N,A,A,A,N,N,N,A,A,A,A,A,A,N,N,A,A
AIR2,A,N,A,N,A,N,N,N,A,N,N,N,A,A,A,N,A,N,A,N,A,A,A,A,A,A,A,A,A,N,A,A
AIR1,B,B,B,N,B,N,N,N,B,N,B,N,B,N,B,N,B,B,B,N,B,N,B,B,B,B,B,B,B,B,B,B
DOB1;MTR4,D,D,D,D,D,D,D,D,D,D,D,D,D,D,D,D,D,D,D,D,D,D,D,D,D,D,D,D,D,D,D,D
CDC39;SMD6;NOT1;ROS1,A,N,N,N,A,N,N,N,A,N,N,A,A,A,A,A,A,A,N,A,A,N,A,A,N,N,A,A,N,A,A,A
DNA19;NOT2;CDC36,N,A,N,N,A,N,A,N,A,N,A,A,A,N,A,A,N,A,A,N,A,N,A,A,N,A,A,A,A,N,A,N
NOT3,B,B,B,N,B,N,B,N,B,N,B,B,B,B,B,B,N,B,B,N,B,B,B,B,N,B,B,B,B,N,B,N
NOT5,B,B,B,N,B,N,B,N,B,N,B,B,B,B,B,B,N,B,B,N,B,B,B,B,N,B,B,B,B,N,B,N
MOT2;SIG1;NOT4,B,B,B,B,B,B,B,B,B,N,B,B,B,N,B,N,N,B,B,B,B,B,B,B,B,B,B,B,B,B,B,B
NUT21;CCR4;FUN27,D,D,D,D,D,D,D,D,D,N,D,D,D,D,D,D,D,D,D,D,D,D,D,D,D,D,D,D,D,D,D,D
POP2;CAF1,N,A,A,N,N,A,N,A,A,A,N,A,A,A,A,N,A,A,A,A,N,N,N,A,A,A,A,N,N,N,A,A
CAF16,D,D,D,D,D,D,D,D,D,N,D,D,D,D,D,D,D,D,D,D,D,D,D,D,D,D,D,D,D,D,D,D
CAF40,N,A,A,N,A,A,A,A,A,N,A,A,A,A,A,A,A,A,N,A,A,A,N,N,N,A,N,A,A,A,A,A
SKG3,N,N,N,N,N,N,N,N,N,N,N,N,N,N,N,N,N,N,N,N,N,N,N,N,N,N,N,N,N,N,N,N
CAF120,N,N,N,N,N,N,N,N,N,N,N,N,N,N,N,N,N,N,N,N,N,N,N,N,N,N,N,N,N,N,N,N
DCS1,A,A,A,A,N,N,N,A,N,N,N,A,A,N,A,N,A,N,A,N,A,A,N,N,A,A,A,A,A,N,A,N
DCP1;MRT2,N,N,N,N,N,N,N,N,N,N,N,N,N,N,N,N,N,N,N,N,N,N,N,N,N,N,N,N,N,N,N,N
DCP2;PSU1,D,D,N,D,D,N,D,N,D,N,D,N,N,D,D,D,N,D,D,N,N,N,N,D,D,N,N,D,D,N,D,D
SPB8;LSM1,C,C,C,C,C,C,C,C,C,C,C,C,N,C,N,N,C,C,C,C,C,C,C,C,C,C,C,C,N,C,C,C
SMX5;SNP3;LSM2,D,D,D,D,D,D,D,D,D,N,D,D,D,D,D,D,D,D,D,N,D,N,N,N,D,D,D,D,D,N,D,D
USS2;LSM3;SMX4,D,D,D,D,D,D,D,D,D,D,D,D,D,D,D,D,D,D,D,N,D,D,N,D,D,D,D,D,D,D,D,D
SDB23;LSM4;USS1,D,D,D,D,D,D,D,D,D,D,D,D,D,D,D,D,D,D,D,D,D,N,N,D,D,D,D,D,D,N,D,D
LSM5,C,C,N,C,N,C,C,C,C,C,C,N,C,N,N,C,C,C,N,N,C,N,N,C,N,C,N,N,C,C,C,C
LSM6,N,D,D,N,D,D,D,D,D,D,D,D,D,D,N,D,D,D,D,D,D,D,N,D,D,N,N,D,D,D,D,D
LSM7,C,C,C,C,C,C,C,C,C,C,C,C,C,N,N,N,C,C,C,C,C,N,N,C,C,C,C,C,C,C,C,C
LSM8,A,A,N,N,A,A,N,A,N,N,A,N,N,A,N,N,A,N,N,A,A,A,A,A,A,N,N,A,N,N,A,A
SEP1;KEM1;DST2;SKI1;RAR5;XRN1,B,B,B,B,B,B,B,N,B,B,B,B,B,B,B,B,B,B,B,B,B,B,B,B,B,N,N,B,B,B,B,B
TAP1;HKE1;XRN2;RAT1,B,B,B,B,B,B,B,N,B,B,B,B,B,B,B,B,B,B,B,B,B,B,B,B,B,N,N,B,B,B,B,B
DHH1,D,D,D,D,D,D,D,D,D,D,D,D,D,D,D,D,D,D,D,D,D,D,D,D,D,D,D,D,D,D,D,D
LSM16;EDC3;DCP3,N,N,N,N,N,N,N,N,N,N,N,N,N,N,N,N,N,N,N,N,N,N,N,N,N,N,N,N,N,N,N,N
MRT1;PAT1,N,A,N,N,N,N,N,N,A,N,N,N,N,N,N,N,N,A,A,N,A,N,A,A,N,N,N,A,N,N,A,N
SSC1;ENS1,B,B,B,B,B,B,B,B,B,N,B,B,N,B,B,B,B,B,B,B,B,B,B,B,N,B,B,B,N,B,B,B
SSC2;SSQ1;SSH1,B,B,B,B,B,B,B,B,B,N,B,B,N,B,B,B,B,B,B,B,B,B,B,B,N,B,B,B,N,B,B,B
MIF4;MNA2;CPN60;HSP60,D,D,D,D,D,D,D,D,D,D,D,D,D,D,D,D,D,D,D,D,D,D,D,D,D,D,D,D,D,D,D,D
PAB1,D,D,D,D,D,D,D,D,D,D,D,D,D,D,D,D,D,D,D,D,D,D,D,D,D,D,D,D,D,D,D,D
PAN2,B,B,N,N,B,B,N,B,B,N,B,B,N,N,B,B,N,B,B,B,N,B,B,B,B,B,N,B,B,B,B,B
ECM35;PAN3,A,A,A,N,A,A,N,A,A,N,A,N,A,A,A,A,A,A,A,N,A,A,A,A,A,A,A,A,N,A,A,A
PFK1,B,B,B,B,N,N,B,N,B,N,B,N,N,B,N,N,N,B,N,B,B,N,N,B,B,N,B,N,B,N,B,N
PFK2,B,B,B,B,N,N,B,N,B,N,B,N,N,B,N,N,N,B,N,B,B,N,N,B,B,N,B,N,B,N,B,N
