COX_IV-1;COX4;COXIV;COXIV-1;COX4I1;COX4-1,N,N,N,N,N,N,N,N,N,N,N,N,N,N,N,N,N,N,N,N,N,N,N,N,N,N,N,N,N,N,N,N
COX4-2;COX4I2;COXIV-2;COX4L2;COX4;dJ857M17.2;COX4B,N,N,N,N,N,N,N,N,N,N,N,N,N,N,N,N,N,N,N,N,N,N,N,N,N,N,N,N,N,N,N,N
NDUFC2-KCTD14,N,N,N,N,N,N,N,N,N,N,N,N,N,N,N,N,N,N,N,N,N,N,N,N,N,N,N,N,N,N,N,N
CI-B14.5b;B14.5b;NADHDH2;HLC-1;NDUFC2,N,N,N,N,N,N,N,N,N,N,N,N,N,N,N,N,N,N,N,N,N,N,N,N,N,N,N,N,N,N,N,N
KFYI;NDUFC1,N,N,N,N,N,N,N,N,N,N,N,N,N,N,N,N,N,N,N,N,N,N,N,N,N,N,N,N,N,N,N,N
NDUFB10;PDSW,N,N,N,N,N,N,N,N,N,N,N,N,N,N,N,N,N,N,N,N,N,N,N,N,N,N,N,N,N,N,N,N
B22;LYRM3;CI-B22;NDUFB9;UQOR22,N,A,N,N,N,A,N,A,N,N,A,A,A,A,N,N,N,N,N,A,N,A,N,N,N,N,N,A,N,A,A,N
NDUFB8;CI-ASHI;ASHI,N,N,N,N,N,N,N,N,N,N,N,N,N,N,N,N,N,N,N,N,N,N,N,N,N,N,N,N,N,N,N,N
CI-B18;B18;NDUFB7,A,A,A,N,N,N,A,N,A,N,N,N,N,N,N,N,N,N,N,A,N,N,N,N,N,A,N,A,N,N,N,A
NDUFB6;CI;B17,N,N,N,N,N,N,N,N,N,N,N,N,N,N,N,N,N,N,N,N,N,N,N,N,N,N,N,N,N,N,N,N
SGDH;NDUFB5;CISGDH,N,N,N,N,N,N,N,N,N,N,N,N,N,N,N,N,N,N,N,N,N,N,N,N,N,N,N,N,N,N,N,N
B15;CI-B15;NDUFB4,N,N,N,N,N,N,N,N,N,N,N,N,N,N,N,N,N,N,N,N,N,N,N,N,N,N,N,N,N,N,N,N
CI-B12;NDUFB3;B12,N,N,N,N,N,N,N,N,N,N,N,N,N,N,N,N,N,N,N,N,N,N,N,N,N,N,N,N,N,N,N,N
AGGG;NDUFB2;CI-AGGG,N,N,N,N,N,N,N,N,N,N,N,N,N,N,N,N,N,N,N,N,N,N,N,N,N,N,N,N,N,N,N,N
MNLL;CI-SGDH;CI-MNLL;NDUFB1,N,N,N,N,N,N,N,N,N,N,N,N,N,N,N,N,N,N,N,N,N,N,N,N,N,N,N,N,N,N,N,N
B14.7;CI-B14.7;NDUFA11,N,N,A,N,N,N,N,N,N,N,A,N,N,N,N,N,N,A,N,N,N,N,N,A,N,N,N,N,N,N,A,N
FASN2A;NDUFAB1;ACP1;SDAP;ACP,B,B,B,N,B,N,N,N,B,N,B,N,N,B,B,N,N,B,N,B,B,B,B,N,B,N,B,B,N,N,N,B
CI-42k;NDUFA10;CI-42KD,N,N,N,N,N,N,N,N,N,N,N,N,N,N,N,N,N,N,N,N,N,N,N,N,N,N,N,N,N,N,N,N
CI39k;NDUFA9;CC6;CI-39k;NDUFS2L;SDR22E1,N,N,N,N,N,N,N,N,N,N,N,N,N,N,N,N,N,N,N,N,N,N,N,N,N,N,N,N,N,N,N,N
PGIV;CI-PGIV;CI-19KD;NDUFA8,A,A,N,N,N,N,N,N,A,N,A,A,N,N,N,N,N,N,N,A,N,N,N,A,N,N,N,A,N,N,N,N
NDUFA7;B14.5a;CI-B14.5a,N,N,N,N,N,N,N,N,N,N,N,N,N,N,N,N,N,N,N,N,N,N,N,N,N,N,N,N,N,N,N,N
LYRM6;NDUFA6;NADHB14;B14;CI-B14,N,N,N,N,N,N,N,N,N,N,N,N,N,N,N,N,N,N,N,N,N,N,N,N,N,N,N,N,N,N,N,N
CI-13kB;NDUFA5;UQOR13;B13;NUFM;CI-13KD-B,N,N,A,N,N,N,A,A,A,N,A,A,N,N,N,N,N,N,N,N,N,N,A,N,N,N,A,A,N,N,A,N
CI-MLRQ;NDUFA4;MLRQ;CI-9k,N,N,N,N,N,N,N,N,N,N,N,N,N,N,N,N,N,N,N,N,N,N,N,N,N,N,N,N,N,N,N,N
NDUFA4L2;NUOMS,N,N,N,N,N,N,N,N,N,N,N,N,N,N,N,N,N,N,N,N,N,N,N,N,N,N,N,N,N,N,N,N
NDUFA3;CI-B9;B9,N,N,N,N,N,N,N,N,N,N,N,N,N,N,N,N,N,N,N,N,N,N,N,N,N,N,N,N,N,N,N,N
CIB8;NDUFA2;B8;CD14,A,A,A,N,A,A,N,A,A,N,A,A,A,A,A,A,N,A,A,N,A,A,N,N,N,A,A,N,N,A,A,A
NDUFA1;CI-MWFE;MWFE;ZNF183,N,N,N,N,N,N,N,N,N,N,N,N,N,N,N,N,N,N,N,N,N,N,N,N,N,N,N,N,N,N,N,N
NDUFV3;CI-9KD;CI-10k,N,N,N,N,N,N,N,N,N,N,N,N,N,N,N,N,N,N,N,N,N,N,N,N,N,N,N,N,N,N,N,N
CI-24k;NDUFV2,B,B,N,N,B,N,N,B,B,N,B,N,B,B,B,N,N,N,B,B,N,N,B,N,N,N,N,B,N,N,N,N
CI-51K;UQOR1;CI51KD;NDUFV1,B,N,N,N,N,N,N,N,N,N,B,N,B,N,N,N,N,N,N,B,N,N,N,N,N,N,N,B,N,N,N,N
TYKY;CI-23k;CI23KD;NDUFS8,N,D,N,N,N,N,D,N,D,N,N,N,N,D,N,N,N,N,N,D,D,D,N,D,N,D,N,D,N,N,D,N
CI-20KD;MY017;CI-20;NDUFS7;PSST,D,D,D,N,D,D,D,D,D,N,N,D,D,D,N,N,N,D,D,D,D,D,N,D,N,D,N,D,N,N,D,D
NDUFS6;CI-13kA;CI13KDA;CI-13kD-A,A,N,A,N,N,A,A,N,N,N,A,N,N,N,A,N,N,N,N,A,N,N,N,N,N,N,N,N,N,N,A,N
NDUFS5;CI-15k;CI15K,N,N,A,N,N,N,N,N,A,N,N,A,N,N,N,N,N,N,N,N,A,N,N,A,N,A,N,N,N,N,A,N
NDUFS4;CI-18;CI-AQDQ;CI-18_kDa;AQDQ,B,B,B,N,N,B,B,B,B,N,B,B,B,B,B,N,N,B,B,B,B,B,N,B,N,B,N,B,N,B,B,B
CI-30;NDUFS3,N,N,N,N,N,N,N,N,N,N,N,N,N,N,N,N,N,N,N,N,N,N,N,N,N,N,N,N,N,N,N,N
CI-49;NDUFS2,N,N,N,N,N,N,N,N,N,N,N,N,N,N,N,N,N,N,N,N,N,N,N,N,N,N,N,N,N,N,N,N
CI-75k;PRO1304;NDUFS1;CI-75Kd,N,N,N,N,N,N,N,N,N,N,N,N,N,N,N,N,N,N,N,N,N,N,N,N,N,N,N,N,N,N,N,N
MTND6;ND6;MT-ND6,N,N,N,N,N,N,N,N,N,N,N,N,N,N,N,N,N,N,N,N,N,N,N,N,N,N,N,N,N,N,N,N
ND5;MT-ND5;MTND5,N,N,N,N,N,N,N,N,N,N,N,N,N,N,N,N,N,N,N,N,N,N,N,N,N,N,N,N,N,N,N,N
MT-ND4L;ND4L;MTND4L,N,N,N,N,N,N,N,N,N,N,N,N,N,N,N,N,N,N,N,N,N,N,N,N,N,N,N,N,N,N,N,N
MTND4;ND4;LHON;MT-ND4,N,N,N,N,N,N,N,N,N,N,N,N,N,N,N,N,N,N,N,N,N,N,N,N,N,N,N,N,N,N,N,N
MTND3;ND3;MT-ND3,N,N,N,N,N,N,N,N,N,N,N,N,N,N,N,N,N,N,N,N,N,N,N,N,N,N,N,N,N,N,N,N
MTND2;ND2;MT-ND2,N,N,N,N,N,N,N,N,N,N,N,N,N,N,N,N,N,N,N,N,N,N,N,N,N,N,N,N,N,N,N,N
MTND1;ND1;MT-ND1,N,N,N,N,N,N,N,N,N,N,N,N,N,N,N,N,N,N,N,N,N,N,N,N,N,N,N,N,N,N,N,N
COX17,A,A,A,N,A,N,N,A,A,N,A,N,N,A,N,A,A,A,N,A,A,N,N,A,N,A,N,N,A,A,A,N
CEMCOX2;COX15,B,B,B,N,B,B,B,B,N,N,B,B,N,N,B,B,B,B,B,B,B,B,N,B,B,N,B,B,B,N,B,N
COX11P;COX11,A,A,A,N,N,A,A,A,A,N,A,A,A,A,A,A,A,A,A,A,A,A,A,A,A,A,N,A,N,A,A,A
CGI-39;GRIM19;NDUFA13;B16.6;CDA016;GRIM-19,N,A,N,N,N,N,A,N,A,N,A,N,N,N,N,N,N,A,N,N,A,N,N,A,N,N,N,A,N,A,N,N
P17.3;NDUFB11;NP17.3;CI-ESSS;Np15;ESSS,N,N,N,N,N,N,N,N,N,N,N,N,N,N,N,N,N,N,N,N,N,N,N,N,N,N,N,N,N,N,N,N
NDUFA12;B17.2;DAP13,B,B,N,N,N,B,B,N,B,N,B,B,N,N,N,N,N,B,N,B,N,B,N,B,N,B,N,N,N,B,B,B
COX;COX8L;COX8;VIII-L;COX8A;VIII;COX8-2,N,N,N,N,N,N,N,N,N,N,N,N,N,N,N,N,N,N,N,N,N,N,N,N,N,N,N,N,N,N,N,N
COX8-3;COX8C,N,N,N,N,N,N,N,N,N,N,N,N,N,N,N,N,N,N,N,N,N,N,N,N,N,N,N,N,N,N,N,N
COX7C,N,N,N,N,N,N,N,N,N,N,N,N,N,N,N,N,N,N,N,N,N,N,N,N,N,N,N,N,N,N,N,N
COX7B;LSDMCA2;APLCC,N,N,N,N,N,N,N,N,N,N,N,N,N,N,N,N,N,N,N,N,N,N,N,N,N,N,N,N,N,N,N,N
COX7B2,N,N,N,N,N,N,N,N,N,N,N,N,N,N,N,N,N,N,N,N,N,N,N,N,N,N,N,N,N,N,N,N
COX7AM;COX7A;COX7AH;COX7A1,N,N,N,N,N,N,N,N,N,N,N,N,N,N,N,N,N,N,N,N,N,N,N,N,N,N,N,N,N,N,N,N
COX7A2;COXVIIa-L;VIIAL;COX7AL;COXVIIAL;COX7AL1,N,N,N,N,N,N,N,N,N,N,N,N,N,N,N,N,N,N,N,N,N,N,N,N,N,N,N,N,N,N,N,N
EB1;SIG81;COX7RP;COX7AR;COX7A2L,N,N,N,N,N,N,N,N,N,N,N,N,N,N,N,N,N,N,N,N,N,N,N,N,N,N,N,N,N,N,N,N
COX6C,N,N,N,N,N,N,N,N,N,N,N,N,N,N,N,N,N,N,N,N,N,N,N,N,N,N,N,N,N,N,N,N
UQCR;UQCR11;QCR10;0710008D09Rik,N,N,N,N,N,N,N,N,N,N,N,N,N,N,N,N,N,N,N,N,N,N,N,N,N,N,N,N,N,N,N,N
MC3DN6;CYC1;UQCR4,B,B,B,N,B,B,B,B,B,N,B,N,N,B,B,N,N,N,B,B,B,B,B,N,B,N,N,B,B,B,N,B
UQCR7;QPC;QCR8;QP-C;MC3DN4;UQCRQ,N,N,N,N,N,N,N,N,N,N,N,N,N,N,N,N,N,N,N,N,N,N,N,N,N,N,N,N,N,N,N,N
HSPC151;HSPC051;UCRC;QCR9;HSPC119;UQCR10;UCCR7.2,N,A,N,N,N,N,A,N,A,N,N,N,N,A,N,N,N,N,A,A,N,N,N,N,A,A,N,A,N,N,A,N
UQCRHL,N,N,N,N,N,N,N,N,A,N,A,N,N,A,A,A,A,N,N,N,N,A,N,N,N,N,N,N,N,N,N,A
MTCYB;CYTB;MT-CYB,N,D,N,N,N,D,N,D,D,N,N,N,D,N,N,N,N,D,N,D,N,N,D,N,N,D,N,N,N,N,D,N
QCR7;QPC;UQBC;UQCR6;UQPC;MC3DN3;UQBP;QP-C;UQCRB,A,N,N,N,N,N,N,N,A,N,N,A,N,A,N,N,N,N,N,N,N,N,N,N,N,N,N,A,A,A,A,A
UQCRC1;QCR1;D3S3191;UQCR1,N,B,N,B,N,N,N,B,N,N,N,N,N,N,B,N,B,N,N,N,N,N,B,N,B,N,B,N,N,N,B,N
UQCR2;UQCRC2;QCR2;MC3DN5,N,B,N,B,N,N,N,B,N,N,N,N,N,N,B,N,B,N,N,N,N,N,B,N,B,N,B,N,N,N,B,N
UQCRFS1;RIS1;RISP;RIP1;UQCR5,N,N,N,N,B,N,B,B,B,N,B,N,B,B,N,N,B,B,B,N,B,B,B,B,B,B,N,B,N,B,B,B
UQCR8;QCR6;UQCRH,N,N,N,N,N,N,N,N,A,N,A,N,N,A,A,A,A,N,N,N,N,A,N,N,N,N,N,N,N,N,N,A
CT59;COX6B2;COXVIB2,A,A,N,N,A,A,N,N,A,N,N,N,N,N,N,N,N,A,A,N,N,A,N,N,N,N,N,N,N,A,A,A
COXVB;COX5B,A,N,A,N,N,A,N,A,A,N,A,A,N,N,N,N,A,N,A,N,A,N,N,A,N,A,N,N,N,N,A,A
COX6A1;COX6AL;COX6A;CMTRID,N,N,A,N,N,A,A,N,A,N,A,N,N,A,N,N,N,N,N,N,N,N,N,A,N,N,N,N,N,N,N,N
COX6AH;COX6A2;COXVIAH,N,N,A,N,N,A,A,N,A,N,A,N,N,A,N,N,N,N,N,N,N,N,N,A,N,N,N,N,N,N,N,N
COX6B1;COXVIb1;COXG;COX6B,A,A,N,N,A,A,N,N,A,N,N,N,N,N,N,N,N,A,A,N,N,A,N,N,N,N,N,N,N,A,A,A
COI;MT-CO1;MTCO1;COX1,N,N,N,N,N,N,N,N,N,N,N,N,N,N,N,N,N,N,N,N,N,N,N,N,N,N,N,N,N,N,N,N
COX2;MT-CO2;COII;MTCO2,N,N,N,N,N,N,N,N,N,N,N,N,N,N,N,N,N,N,N,N,N,N,N,N,N,N,N,N,N,N,N,N
MT-CO3;COIII;COX3;MTCO3,N,N,N,N,N,N,N,N,N,N,N,N,N,N,N,N,N,N,N,N,N,N,N,N,N,N,N,N,N,N,N,N
COX;COX-VA;VA;COX5A,N,N,N,N,N,N,N,N,N,N,N,N,N,N,N,N,N,N,N,N,N,N,N,N,N,N,N,N,N,N,N,N
TCIRG1;TIRC7;Vph1;a3;OPTB1;ATP6V0A3;OC-116kDa;OC116;Stv1;ATP6N1C;Atp6i,N,D,D,D,D,D,D,D,D,N,D,D,D,D,D,N,D,N,D,D,D,N,D,N,D,D,N,N,N,D,D,D
ATPQ;ATP5H,N,N,N,N,N,N,N,N,N,N,N,N,N,N,N,N,N,N,N,N,N,N,N,N,N,N,N,N,N,N,N,N
ATP5JG;ATP5L,N,N,N,N,N,N,N,N,N,N,N,N,N,N,N,N,N,N,N,N,N,N,N,N,N,N,N,N,N,N,N,N
ATP6G3;Vma10;ATP6V1G3,A,A,N,A,N,N,N,A,A,N,A,A,N,N,A,A,A,N,A,N,N,A,A,N,N,A,N,N,N,N,A,N
ATP6V0E2L;ATP6V0E2;C7orf32,N,N,N,N,A,A,N,N,A,N,N,N,N,N,N,N,A,N,N,N,N,N,N,N,N,N,N,A,N,N,A,A
ARCL2A;ARCL;J6B7;ATP6A2;STV1;WSS;ATP6V0A2;TJ6S;A2;TJ6;TJ6M;VPH1;RTF;ATP6N1D,N,D,D,D,D,D,D,D,D,N,D,D,D,D,D,N,D,N,D,D,D,N,D,N,D,D,N,N,N,D,D,D
ATP6D2;ATP6V0D2;VMA6,A,A,A,N,N,N,N,A,A,N,N,A,N,N,A,N,A,N,N,N,A,N,A,A,N,A,A,N,N,A,A,A
ATP6C2;VMA5;ATP6V1C2,A,A,A,N,A,N,N,N,A,N,A,A,A,A,A,A,A,A,A,N,N,A,N,A,N,A,N,A,N,A,A,A
RP;ATP6;ATPase6;MT-ATP6;MTATP6,N,N,N,N,N,N,N,N,N,N,N,N,N,N,N,N,N,N,N,N,N,N,N,N,N,N,N,N,N,N,N,N
ATP8;ATPase8;MT-ATP8;MTATP8,N,N,N,N,N,N,N,N,N,N,N,N,N,N,N,N,N,N,N,N,N,N,N,N,N,N,N,N,N,N,N,N
OMR;ATP5A1;hATP1;COXPD22;MOM2;ATPM;ATP5A;ATP5AL2;MC5DN4;ORM;HEL-S-123m,D,D,D,N,D,N,D,D,D,N,D,D,D,D,D,N,D,D,N,N,D,D,N,D,N,N,N,D,D,D,D,D
ATPMB;ATPSB;ATP5B;HEL-S-271,D,N,N,N,D,N,D,D,D,N,D,D,N,D,D,N,D,D,N,N,D,D,N,D,N,N,N,D,D,D,D,D
STV1;ATP6N2;A4;RTADR;VPP2;RDRTA2;ATP6V0A4;VPH1;ATP6N1B;RTA1C,N,D,D,D,D,D,D,D,D,N,D,D,D,D,D,N,D,N,D,D,D,N,D,N,D,D,N,N,N,D,D,D
ATP5C1;ATP5CL1;ATP5C,D,N,D,N,D,D,D,D,D,N,D,N,D,D,N,N,D,D,D,N,D,N,N,N,D,N,N,N,N,D,D,N
ATP5D,N,N,N,N,N,N,N,N,N,N,N,N,N,N,N,N,N,N,N,N,N,N,N,N,N,N,N,N,N,N,N,N
ATP6M;VMA8;VATD;ATP6V1D,N,N,N,N,N,N,N,N,N,N,N,N,N,N,N,N,N,N,N,N,N,N,N,N,N,N,N,N,N,N,N,N
ATPE;ATP5E;MC5DN3,N,N,N,N,N,N,N,N,N,N,N,N,N,N,N,N,N,N,N,N,N,N,N,N,N,N,N,N,N,N,N,N
ATP5F1;PIG47,N,N,N,N,N,N,N,N,N,N,N,N,N,N,N,N,N,N,N,N,N,N,N,N,N,N,N,N,N,N,N,N
ATP5G;ATP5G1;ATP5A,N,N,N,N,N,N,N,N,N,N,N,N,N,N,N,N,N,N,N,N,N,N,N,N,N,N,N,N,N,N,N,N
SFDalpha;SFDbeta;MSTP042;VMA13;ATP6V1H;SFD;NBP1;CGI-11,A,A,A,A,A,A,A,N,N,N,A,N,A,A,A,A,A,A,N,N,A,A,A,N,A,A,N,A,A,A,A,A
ATP5G2;ATP5A,N,N,N,N,N,N,N,N,N,N,N,N,N,N,N,N,N,N,N,N,N,N,N,N,N,N,N,N,N,N,N,N
ATP5G3;P3,N,N,N,N,N,N,N,N,N,N,N,N,N,N,N,N,N,N,N,N,N,N,N,N,N,N,N,N,N,N,N,N
ATP5I;ATP5K,N,N,N,N,N,N,N,N,N,N,N,N,N,N,N,N,N,N,N,N,N,N,N,N,N,N,N,N,N,N,N,N
CF6;F6;ATP5J;ATP5;ATPM;ATP5A,N,N,N,N,N,N,N,N,N,N,N,N,N,N,N,N,N,N,N,N,N,N,N,N,N,N,N,N,N,N,N,N
ATP6A1;Vma1;ATP6V1A1;VPP2;HO68;ARCL2D;ATP6V1A;VA68,D,N,N,N,D,N,D,D,D,N,D,D,N,D,D,N,D,D,N,N,D,D,N,D,N,N,N,D,D,D,D,D
VPP3;VATB;RTA1B;ATP6V1B1;ATP6B1;VMA2,D,N,N,N,D,N,D,D,D,N,D,D,N,D,D,N,D,D,N,N,D,D,N,D,N,N,N,D,D,D,D,D
VPP3;VATB;Vma2;ATP6B2;ATP6B1B2;HO57;ATP6V1B2;DOOD;ZLS2,D,N,N,N,D,N,D,D,D,N,D,D,N,D,D,N,D,D,N,N,D,D,N,D,N,N,N,D,D,D,D,D
VATL;VPPC;ATPL;ATP6L;ATP6V0C;Vma3;ATP6C,D,D,N,D,D,D,D,D,D,N,D,D,D,D,D,D,D,D,D,N,D,D,N,N,D,N,D,D,N,N,D,D
ATP6V1C1;Vma5;VATC;ATP6D;ATP6C,A,A,A,N,A,N,N,N,A,N,A,A,A,A,A,A,A,A,A,N,N,A,N,A,N,A,N,A,N,A,A,A
ARCL2C;P31;ATP6E;Vma4;ATP6E2;ATP6V1E1;ATP6V1E,N,D,N,N,N,D,D,N,D,N,N,N,N,N,N,N,D,N,N,N,D,N,N,D,N,N,N,N,N,N,N,N
ATP6V0B;ATP6F;VMA16;HATPL,D,D,N,D,D,D,D,D,D,N,D,D,D,D,D,D,D,D,D,N,D,D,N,N,D,N,D,D,N,N,D,D
ATP6G;VMA10;ATP6G2;NG38;ATP6V1G2,A,A,N,A,N,N,N,A,A,N,A,A,N,N,A,A,A,N,A,N,N,A,A,N,N,A,N,N,N,N,A,N
Vph1;VPP1;ATP6V0A1;ATP6N1;a1;Stv1;ATP6N1A,N,D,D,D,D,D,D,D,D,N,D,D,D,D,D,N,D,N,D,D,D,N,D,N,D,D,N,N,N,D,D,D
CF2;16A;Ac45;ATP6AP1;XAP-3;XAP3;VATPS1;ATP6S1;ATP6IP1,N,N,N,N,N,N,N,N,N,N,N,N,N,N,N,N,N,N,N,N,N,N,N,N,N,N,N,N,N,N,N,N
ATPO;HMC08D05;ATP5O;OSCP,N,N,N,N,N,N,N,N,N,N,N,N,N,N,N,N,N,N,N,N,N,N,N,N,N,N,N,N,N,N,N,N
ATP6H;Vma21;ATP6V0E1;Vma21p;ATP6V0E;M9.2,N,N,N,N,A,A,N,N,A,N,N,N,N,N,N,N,A,N,N,N,N,N,N,N,N,N,N,A,N,N,A,A
ATP6V1EL2;ATP6EL2;ATP6E1;ATP6V1E2;VMA4,N,D,N,N,N,D,D,N,D,N,N,N,N,N,N,N,D,N,N,N,D,N,N,D,N,N,N,N,N,N,N,N
ATP6DV;VPATPD;ATP6D;VMA6;ATP6V0D1;P39;VATX,A,A,A,N,N,N,N,A,A,N,N,A,N,N,A,N,A,N,N,N,A,N,A,A,N,A,A,N,N,A,A,A
ATP6V1F;VATF;Vma7;ATP6S14,N,C,N,C,N,N,N,C,C,N,C,N,N,N,C,N,C,N,C,N,C,C,C,C,N,C,C,C,N,C,C,C
ATP6J;ATP6G;ATP6G1;Vma10;ATP6V1G1;ATP6GL,A,A,N,A,N,N,N,A,A,N,A,A,N,N,A,A,A,N,A,N,N,A,A,N,N,A,N,N,N,N,A,N
ATP5J2;ATP5JL,A,A,A,N,A,A,A,A,A,N,A,A,A,A,A,A,A,A,A,A,A,A,A,A,A,A,A,A,A,N,A,A
ATP12A;HK;ATP1AL1,D,D,D,D,D,D,D,D,D,N,D,D,D,D,D,D,D,D,D,D,D,D,D,D,D,D,D,D,D,D,D,D
ATP4A;ATP6A,D,D,D,D,D,D,D,D,D,N,D,D,D,D,D,D,D,D,D,D,D,D,D,D,D,D,D,D,D,D,D,D
ATP4B;ATP6B,N,N,N,N,N,N,N,N,N,N,N,N,N,N,N,N,N,N,N,N,N,N,N,N,N,N,N,N,N,N,N,N
SID6-306;SCFAI;HSPC124;SCFI;PPA2,N,N,N,N,N,N,N,N,B,N,B,N,B,N,N,N,N,N,N,N,N,N,B,N,N,N,N,N,N,N,N,N
HEL-S-66p;IOPPP;PPA1;PP;SID6-8061;PP1,N,N,N,N,N,N,N,N,B,N,B,N,B,N,N,N,N,N,N,N,N,N,B,N,N,N,N,N,N,N,N,N
LHPP;HDHD2B,D,D,D,D,D,D,D,D,D,N,D,D,D,D,D,D,D,D,D,D,D,D,D,D,D,D,D,D,D,D,D,D
CYBL;SDHC;QPS1;CYB560;PGL3;SDH3,N,N,N,N,N,N,N,N,N,N,N,N,N,N,N,N,N,N,N,N,N,N,N,N,N,N,N,N,N,N,N,N
PGL1;cybS;CWS3;CBT1;CII-4;PGL;SDH4;SDHD;QPs3,N,N,N,N,N,N,N,N,N,N,N,N,N,N,N,N,N,N,N,N,N,N,N,N,N,N,N,N,N,N,N,N
FP;SDHA;SDH2;SDH1;SDHF;CMD1GG;PGL5,D,D,D,D,D,D,D,D,D,N,D,D,D,D,D,D,D,D,D,D,D,D,D,D,D,D,N,D,D,D,D,D
PGL4;SDHB;SDH;IP;SDH2;SDH1;SDHIP;CWS2,N,N,N,N,D,D,N,D,N,N,N,N,N,D,N,N,D,D,N,D,N,D,N,N,N,N,D,N,N,N,N,N
COX10,N,C,N,N,C,C,N,C,N,N,N,N,N,N,N,N,N,N,N,N,N,N,N,C,N,C,N,C,C,N,N,N
