P53R2;RRM2B;MTDPS8A;MTDPS8B,N,N,A,N,N,A,N,N,N,N,N,N,N,N,N,N,A,N,N,A,A,N,N,N,A,N,N,A,N,N,A,N
RR1;RRM1;R1;RIR1,D,N,D,N,N,D,D,D,D,N,D,N,D,D,N,D,D,D,D,D,D,D,D,D,N,D,N,D,D,N,D,N
RR2;RRM2;R2;RR2M,N,N,A,N,N,A,N,N,N,N,N,N,N,N,N,N,A,N,N,A,A,N,N,N,A,N,N,A,N,N,A,N
XO;XDH;XAN1;XOR,N,N,N,N,N,N,N,B,N,N,B,N,N,B,N,N,N,N,N,N,B,N,N,N,N,N,N,N,N,N,B,B
PRS-III;PRPS1L1;PRPSL;PRPS1;PRPS3,N,N,D,D,D,D,D,N,D,N,D,N,D,N,N,N,N,D,D,N,N,N,D,N,D,D,D,D,N,D,D,N
PPRibP;CMTX5;DFNX1;PRS-I;DFN2;PRPS1;ARTS;PRSI,N,N,D,D,D,D,D,N,D,N,D,N,D,N,N,N,N,D,D,N,N,N,D,N,D,D,D,D,N,D,D,N
PRPS2;PRSII,N,N,D,D,D,D,D,N,D,N,D,N,D,N,N,N,N,D,D,N,N,N,D,N,D,D,D,D,N,D,D,N
PPAT;PRAT;GPAT;ATASE,N,N,N,N,N,N,N,N,N,N,N,N,N,N,N,N,N,N,N,N,N,N,N,N,N,N,N,N,N,N,N,N
GARS;GARTF;PGFT;PAIS;GART;PRGS;AIRS,N,N,N,N,N,N,N,N,N,N,N,N,N,N,N,N,N,N,N,N,N,N,N,N,N,N,N,N,N,N,N,N
HEL-S-70p;AICAR;ATIC;AICARFT;PURH;IMPCHASE,N,N,D,N,N,N,N,D,N,N,N,N,N,N,N,N,D,N,N,N,N,N,N,N,N,N,N,N,N,N,D,N
ASL;ADSL;AMPS;ASASE,N,N,N,N,N,N,N,N,N,N,N,N,N,N,N,N,N,N,N,N,N,N,N,N,N,N,N,N,N,N,N,N
PAICS;PAIS;ADE2H1;ADE2;AIRC,N,N,N,N,N,N,N,N,B,N,B,N,B,N,N,N,N,N,N,N,N,N,N,N,N,B,N,N,N,N,N,N
OLD35;PNPASE;DFNB70;COXPD13;PNPT1;old-35,N,D,N,N,N,D,D,D,D,D,D,D,D,D,N,D,N,D,D,D,N,D,N,D,N,N,N,N,N,N,D,N
IOLOD;PDE10A;PDE10A19;LINC00473;HSPDE10A;ADSD2,B,B,B,B,B,N,N,B,N,N,B,B,B,B,B,B,B,B,B,N,B,B,B,B,B,B,N,B,B,N,B,B
PDE11A;PPNAD2,B,B,B,B,B,N,N,B,N,N,B,B,B,B,B,B,B,B,B,N,B,B,B,B,B,B,N,B,B,N,B,B
HCAM-1;HSPDE1A;PDE1A;CAM-PDE-1A;HCAM1,B,B,B,B,B,N,N,B,N,N,B,B,B,B,B,B,B,B,B,N,B,B,B,B,B,B,N,B,B,N,B,B
cam-PDE_1C;hCam-3;Hcam3;PDE1C,B,B,B,B,B,N,N,B,N,N,B,B,B,B,B,B,B,B,B,N,B,B,B,B,B,B,N,B,B,N,B,B
PED2A4;CGS-PDE;PDE2A1;PDE2A;cGSPDE,B,B,B,B,B,N,N,B,N,N,B,B,B,B,B,B,B,B,B,N,B,B,B,B,B,B,N,B,B,N,B,B
HTNB;CGI-PDE-A;CGI-PDE_A;CGI-PDE;PDE3A,B,B,B,B,B,N,N,B,N,N,B,B,B,B,B,B,B,B,B,N,B,B,B,B,B,B,N,B,B,N,B,B
HcGIP1;PDE3B;cGIPDE1,B,B,B,B,B,N,N,B,N,N,B,B,B,B,B,B,B,B,B,N,B,B,B,B,B,B,N,B,B,N,B,B
PDE1B;PDE1B1;PDES1B;HEL-S-79p,B,B,B,B,B,N,N,B,N,N,B,B,B,B,B,B,B,B,B,N,B,B,B,B,B,B,N,B,B,N,B,B
ADCY1;AC1;DFNB44,D,D,D,D,D,D,D,D,D,N,D,D,D,D,D,D,D,D,D,D,D,D,D,D,D,D,D,D,D,D,D,D
ADCY2;AC2;HBAC2,D,D,D,D,D,D,D,D,D,N,D,D,D,D,D,D,D,D,D,D,D,D,D,D,D,D,D,D,D,D,D,D
AC3;AC-III;ADCY3,D,D,D,D,D,D,D,D,D,N,D,D,D,D,D,D,D,D,D,D,D,D,D,D,D,D,D,D,D,D,D,D
FDFM;AC5;ADCY5,D,D,D,D,D,D,D,D,D,N,D,D,D,D,D,D,D,D,D,D,D,D,D,D,D,D,D,D,D,D,D,D
AC6;LCCS8;ADCY6,D,D,D,D,D,D,D,D,D,N,D,D,D,D,D,D,D,D,D,D,D,D,D,D,D,D,D,D,D,D,D,D
ADCY7;AC7,D,D,D,D,D,D,D,D,D,N,D,D,D,D,D,D,D,D,D,D,D,D,D,D,D,D,D,D,D,D,D,D
ADCY8;AC8;HBAC1;ADCY3,D,D,D,D,D,D,D,D,D,N,D,D,D,D,D,D,D,D,D,D,D,D,D,D,D,D,D,D,D,D,D,D
ADCY9;AC9;ACIX,D,D,D,D,D,D,D,D,D,N,D,D,D,D,D,D,D,D,D,D,D,D,D,D,D,D,D,D,D,D,D,D
AC4;ADCY4,D,D,D,D,D,D,D,D,D,N,D,D,D,D,D,D,D,D,D,D,D,D,D,D,D,D,D,D,D,D,D,D
ADCY10;HEL-S-7a;SACI;HCA2;Sacy;SAC;hsAC,D,D,D,N,D,D,D,D,D,N,D,D,D,D,D,D,D,D,D,D,D,D,D,D,D,D,D,D,D,D,D,D
32,N,C,C,C,N,N,N,C,N,N,N,N,N,N,C,N,C,N,N,N,N,N,N,N,C,N,N,N,N,N,C,N
RPC6;RPC39;POLR3F,A,A,A,N,A,A,A,N,A,N,A,A,N,A,N,A,A,A,A,A,A,A,A,N,N,A,A,A,A,A,A,N
POLR3G;RPC7;RPC32,N,N,N,N,N,N,N,N,N,N,N,N,N,N,N,N,N,N,N,N,N,N,N,N,N,N,N,N,N,N,N,N
RPC3;RPC62;POLR3C,A,N,A,N,A,N,N,A,N,A,A,A,N,N,A,N,N,A,N,N,N,A,N,A,N,N,N,N,A,A,A,N
HLD7;RPC155;hRPC155;ADDH;POLR3A;RPC1,D,D,D,N,N,N,D,N,D,D,D,N,D,D,D,N,D,D,N,D,N,D,D,D,D,D,N,D,D,D,D,N
POLR3H;RPC8;RPC22.9,N,D,N,N,N,N,N,D,N,N,N,N,N,N,N,N,N,D,N,N,N,N,N,N,N,N,N,D,N,N,D,N
TWISTNB,C,C,N,C,N,N,N,N,N,N,C,C,N,N,C,N,C,N,C,N,C,C,C,C,C,N,N,C,C,C,C,C
HRPB11B;RPB11b1;POLR2J2,D,N,N,D,D,N,D,D,D,D,D,D,D,D,D,D,N,D,N,D,D,D,N,N,N,N,N,D,N,D,D,N
RPO14;RPO1-4;AFDCIN;POLR1A;A190;RPA1;RPA194,D,D,D,N,N,N,D,N,D,D,D,N,D,D,D,N,D,D,N,D,N,D,D,D,D,D,N,D,D,D,D,N
TCTEX6;HTEX-6;HTEX6;Rpa12;ZNRD1;TEX6;ZR14;hZR14;tctex-6,N,D,D,D,N,N,N,D,D,N,N,D,D,N,N,D,D,N,N,D,D,N,N,D,N,N,D,D,N,D,D,D
RPA16;AC19;TCS2;RPO1-3;RPA9;POLR1D;RPC16;RPAC2;POLR1C,D,N,N,D,D,N,D,D,D,D,D,D,D,D,D,D,N,D,N,D,D,D,N,N,N,N,N,D,N,D,D,N
C11-RNP3;RPC11;My010;C11;RPC10;RPC12.5;POLR3K,N,D,D,D,N,N,N,D,D,N,N,D,D,N,N,D,D,N,N,D,D,D,N,D,N,N,D,D,N,D,D,D
RpIILS;POLR2A;hRPB220;hsRPB1;POLRA;RPB1;RPO2;RPBh1;RPOL2;POLR2,D,D,D,N,D,D,D,D,D,D,D,D,D,D,D,D,D,D,D,D,D,D,D,D,D,D,D,D,D,D,D,D
POLR2B;RPB2;hRPB140;POL2RB,N,N,N,N,N,D,D,D,D,N,D,N,N,N,D,D,D,D,N,D,D,N,D,N,D,D,D,D,D,D,D,N
hsRPB3;POLR2C;hRPB33;RPB31;RPB3,N,D,D,D,D,N,N,N,D,D,D,D,D,D,D,D,D,D,D,D,D,N,N,D,D,D,D,D,N,N,D,D
RPB16;POLR2D;HSRPB4;RBP4;HSRBP4,N,A,A,N,N,N,A,N,N,N,N,N,N,N,N,N,A,N,N,N,N,N,N,N,N,N,N,N,N,N,A,N
RPB5;POLR2E;hsRPB5;hRPB25;RPABC1;XAP4,D,D,D,N,N,N,N,D,D,N,N,N,N,N,N,D,D,D,D,D,N,D,N,D,N,N,N,N,D,D,D,N
RPC15;RPABC2;POLRF;RPABC14.4;RPB6;POLR2F;HRBP14.4;RPB14.4,D,D,N,N,D,D,D,D,D,D,N,D,D,N,N,D,D,D,D,D,N,N,D,D,D,D,N,N,N,N,D,N
hsRPB7;RPB7;POLR2G;hRPB19;RPB19,N,D,N,N,N,N,N,D,N,N,N,N,N,N,N,N,N,D,N,N,N,N,N,N,N,N,N,D,N,N,D,N
RPB8;POLR2H;RPB17;RPABC3,A,A,N,A,A,A,N,A,A,N,N,N,N,A,A,A,A,A,A,A,A,N,A,A,N,A,A,N,N,A,N,N
hRPB14.5;POLR2I;RPB9,N,D,D,D,N,N,N,D,D,N,N,D,D,N,N,D,D,N,N,D,D,D,N,D,N,N,D,D,N,D,D,D
hRPB14;RPB11;POLR2J;POLR2J1;RPB11A;RPB11m,D,N,N,D,D,N,D,D,D,D,D,D,D,D,D,D,N,D,N,D,D,D,N,N,N,N,N,D,N,D,D,N
RPABC4;ABC10-alpha;hsRPB10a;hRPB7.0;RPB7.0;RPB10alpha;RPB12;POLR2K,N,B,N,N,N,N,N,B,N,B,B,N,B,B,N,B,N,N,N,N,N,N,N,B,N,N,N,N,N,N,N,N
RBP10;RPB10beta;POLR2L;RPABC5;RPB7.6;hRPB7.6;RPB10,N,D,N,N,D,D,D,N,D,D,D,D,D,D,N,D,D,D,D,D,D,N,N,N,D,D,D,D,D,D,D,D
POLR2J2;RPB11b2;RPB11b1;POLR2J3,D,N,N,D,D,N,D,D,D,D,D,D,D,D,D,D,N,D,N,D,D,D,N,N,N,N,N,D,N,D,D,N
POLR3B;INMAP;C128;RPC2;HLD8,N,N,N,N,N,D,D,D,D,N,D,N,N,N,D,D,D,D,N,D,D,N,D,N,D,D,D,D,D,D,D,N
SIN;RPC5;POLR3E,N,C,C,C,N,N,N,C,N,N,N,N,N,N,C,N,C,N,N,N,N,N,N,N,C,N,N,N,N,N,C,N
POLR1E;PAF53;PRAF1,N,N,N,N,N,N,N,N,N,N,N,N,N,N,N,N,N,N,N,N,N,N,N,N,N,N,N,N,N,N,N,N
RPC4;TSBN51;BN51T;RPC53;POLR3D,A,N,A,N,N,N,N,A,A,N,A,A,N,A,N,N,A,N,A,N,N,N,N,A,A,N,A,A,N,A,N,A
POLR1B;RPA2;Rpo1-2;RPA135,N,N,N,N,N,D,D,D,D,N,D,N,N,N,D,D,D,D,N,D,D,N,D,N,D,D,D,D,D,D,D,N
RPC32HOM;POLR3GL;flj32422,N,N,N,N,N,N,N,N,N,N,N,N,N,N,N,N,N,N,N,N,N,N,N,N,N,N,N,N,N,N,N,N
RPC40;RPA5;TCS3;RPA39;HLD11;RPA40;RPAC1;AC40;POLR1C,N,D,D,D,D,N,N,N,D,D,D,D,D,D,D,D,D,D,D,D,D,N,N,D,D,D,D,D,N,N,D,D
POLD3;PPP1R128;P66;P68,A,N,N,N,N,N,N,N,A,N,N,N,N,A,N,N,N,N,N,N,N,N,N,N,N,N,N,N,N,N,A,N
POLA2,A,A,N,N,N,A,N,N,N,N,A,N,N,N,N,N,A,N,A,N,N,N,N,N,A,A,N,N,N,N,N,N
p17;YBL1;CHARAC17;POLE3;CHRAC17,C,C,C,N,N,C,N,N,C,N,C,C,C,N,C,N,N,C,N,C,C,N,C,C,C,C,C,C,C,C,C,C
POLA1;NSX;p180;POLA,D,D,D,D,D,D,D,D,D,N,D,D,D,D,D,D,D,D,D,D,D,D,D,D,D,D,D,D,D,D,D,D
MDPL;POLD;CRCS10;CDC2;POLD1,D,D,D,D,D,D,D,D,D,N,D,D,D,D,D,D,D,D,D,D,D,D,D,D,D,D,D,D,D,D,D,D
POLD2,N,N,N,N,A,N,N,A,N,N,A,N,N,A,N,A,N,A,A,N,N,N,A,N,N,A,A,A,N,A,A,N
FILS;POLE1;POLE;CRCS12,N,N,N,N,N,N,N,N,N,N,N,N,N,N,N,N,N,N,N,N,N,N,N,N,N,N,N,N,N,N,N,N
DPE2;POLE2,A,A,A,N,A,N,A,A,N,N,A,A,A,A,A,A,A,N,N,N,A,A,N,A,A,A,A,N,A,A,N,A
p49;PRIM1,N,D,N,N,D,D,N,D,N,N,D,N,D,N,N,D,N,N,D,D,N,D,D,N,N,D,N,N,D,N,D,N
PRIM2A;p58;PRIM2,N,N,A,N,N,N,N,A,A,N,N,N,N,N,A,N,N,A,N,A,N,A,A,N,N,A,N,N,N,N,N,N
p12;POLE4;YHHQ1,A,A,A,A,A,A,A,A,A,N,A,N,A,A,A,A,A,A,A,A,A,N,A,A,A,A,A,A,A,A,A,A
POLD4;p12;POLDS,N,N,A,N,N,A,N,A,A,N,A,N,N,A,N,A,A,N,A,N,A,A,N,A,N,N,N,N,N,N,A,N
UNQ2492;GLSR2492;NTPDase-8;E-NTPDase;ENTPD8,N,N,A,N,N,N,N,N,A,N,N,N,N,N,N,N,A,N,N,N,N,N,N,N,N,A,N,N,N,N,A,N
SPG64;ENTPD1;ATPDase;CD39;NTPDase-1,N,N,A,N,N,N,N,N,A,N,N,N,N,N,N,N,A,N,N,N,N,N,N,N,N,A,N,N,N,N,A,N
NTPDase-3;HB6;CD39L3;ENTPD3,N,N,A,N,N,N,N,N,A,N,N,N,N,N,N,N,A,N,N,N,N,N,N,N,N,A,N,N,N,N,A,N
NTPDase-2;ENTPD2;CD39L1,N,N,A,N,N,N,N,N,A,N,N,N,N,N,N,N,A,N,N,N,N,N,N,N,N,A,N,N,N,N,A,N
NDK_6;NM23-H6;IPIA-ALPHA;NME6,D,N,N,D,D,D,D,N,D,N,D,D,N,D,D,D,N,N,D,N,D,D,D,N,D,D,N,N,N,N,D,N
C6orf199;AK_9;AKD2;AKD1;AK9;dJ70A9.1;C6orf224,D,N,D,D,D,D,D,D,D,N,D,D,N,D,D,N,D,D,D,N,D,D,D,D,D,N,D,D,D,N,D,D
nm23-H7;CFAP67;NDK7;MN23H7;NDK_7;NME7,D,N,N,D,D,D,D,N,D,N,D,D,N,D,D,D,N,N,D,N,D,D,D,N,D,D,N,N,N,N,D,N
NB;NDPK-A;NME1;AWD;NBS;GAAD;NDKA;NM23-H1;NM23;NDPKA,D,N,N,D,D,D,D,N,D,N,D,D,N,D,D,D,N,N,D,N,D,D,D,N,D,D,N,N,N,N,D,N
NME2;NM23-H2;NDPKB;NDKB;PUF;NM23B;NDPK-B,D,N,N,D,D,D,D,N,D,N,D,D,N,D,D,D,N,N,D,N,D,D,D,N,D,D,N,N,N,N,D,N
DR-nm23;NDPKC;NME3;NM23-H3;NDPK-C;c371H6.2;NM23H3,D,N,N,D,D,D,D,N,D,N,D,D,N,D,D,D,N,N,D,N,D,D,D,N,D,D,N,N,N,N,D,N
NME4;NDPK-D;nm23-H4;NM23H4,D,N,N,D,D,D,D,N,D,N,D,D,N,D,D,D,N,N,D,N,D,D,D,N,D,D,N,N,N,N,D,N
NME1-NME2;NMELV;NM23-LV,D,N,N,D,D,D,D,N,D,N,D,D,N,D,D,D,N,N,D,N,D,D,D,N,D,D,N,N,N,N,D,N
AD-004;CINAP;AK6;CGI-137;CIP;hCINAP,N,N,N,N,N,N,N,N,N,N,N,N,N,N,N,N,N,N,N,N,N,N,N,N,N,N,N,N,N,N,N,N
AK7;AK_7,B,N,B,B,N,N,N,B,B,N,B,N,N,B,B,N,N,N,B,N,N,N,B,B,N,N,B,N,B,N,B,N
DDX31;AK_8;C9orf98;AK8,D,N,D,D,D,D,N,D,D,N,D,D,N,D,D,N,D,D,D,N,N,D,D,D,D,N,D,D,D,N,D,D
HTL-S-58j;AK1,D,N,D,D,D,D,N,D,D,N,D,D,N,D,D,N,D,D,D,N,N,D,D,D,D,N,D,D,D,N,D,D
ADK2;AK2,D,N,D,D,D,D,N,D,D,N,D,D,N,D,D,N,D,D,D,N,N,D,D,D,D,N,D,D,D,N,D,D
AK3L2;AK_4;AK3L1;AK3;AK4,D,N,D,D,D,D,N,D,D,N,D,D,N,D,D,N,D,D,D,N,N,D,D,D,D,N,D,D,D,N,D,D
AK5;AK6,D,N,D,D,D,D,N,D,D,N,D,D,N,D,D,N,D,D,D,N,N,D,D,D,D,N,D,D,D,N,D,D
95,D,N,D,D,D,D,N,D,D,N,D,N,N,D,D,N,D,D,D,N,N,D,D,D,N,N,D,D,D,N,D,N
MPD5;ADSSL1,D,D,D,N,N,D,D,D,N,N,D,D,N,D,D,D,D,D,D,N,D,N,N,D,D,D,D,N,N,N,D,D
ADSS;ADSS_2;ADEH,D,D,D,N,N,D,D,D,N,N,D,D,N,D,D,D,D,D,D,N,D,N,N,D,D,D,D,N,N,N,D,D
MADA;MAD;MMDD;AMPD1,B,B,N,N,B,N,N,B,N,N,N,N,N,N,B,B,B,N,N,N,N,N,B,N,B,N,N,N,B,N,B,N
AMPD2;SPG63;PCH9,B,B,N,N,B,N,N,B,N,N,N,N,N,N,B,B,B,N,N,N,N,N,B,N,B,N,N,N,B,N,B,N
AMPD3,B,B,N,N,B,N,N,B,N,N,N,N,N,N,B,B,B,N,N,N,N,N,B,N,B,N,N,N,B,N,B,N
NT5C1B-RDH14,N,B,B,N,N,N,N,N,B,N,N,N,N,N,N,N,B,N,N,N,N,N,N,N,N,N,B,N,N,N,B,N
NT5C3L;cN-IIIB;NT5C3B,N,N,N,N,N,N,N,N,N,N,N,N,N,N,N,N,N,N,N,N,N,N,N,N,N,N,N,N,N,N,N,N
PNT5;SPG65;SPG45;NT5C2;GMP;NT5B;cN-II,D,D,D,D,D,D,D,D,D,N,D,D,D,D,D,D,D,D,D,D,D,D,D,D,D,D,D,D,D,D,D,D
PN-I;UMPH2;P5N2;cdN;DNT;HEL74;dNT-1;PN-II;NT5C;DNT1,D,D,D,D,D,D,D,D,D,D,D,D,D,D,D,D,D,D,D,D,D,D,D,D,D,D,D,D,D,D,D,D
E5NT;CALJA;NTE;eNT;eN;NT5;CD73;NT;NT5E,D,N,N,N,D,N,N,D,N,N,D,N,N,D,D,N,D,D,N,N,D,N,N,N,N,N,N,N,N,D,D,N
cN-III;P5'N-1;POMP;PN-I;UMPH;NT5C3A;NT5C3;UMPH1;P5N-1;hUMP1;PSN1;p36,N,N,N,N,N,N,N,N,N,N,N,N,N,N,N,N,N,N,N,N,N,N,N,N,N,N,N,N,N,N,N,N
mdN;NT5M;dNT-2;dNT2,D,D,D,D,D,D,D,D,D,D,D,D,D,D,D,D,D,D,D,D,D,D,D,D,D,D,D,D,D,D,D,D
CN1A;CNI;NT5C1A;CN-IA;CN-I;CN1,N,B,B,N,N,N,N,N,B,N,N,N,N,N,N,N,B,N,N,N,N,N,N,N,N,N,B,N,N,N,B,N
CN1B;AIRP;NT5C1B;CN-IB,N,B,B,N,N,N,N,N,B,N,N,N,N,N,N,N,B,N,N,N,N,N,N,N,N,N,B,N,N,N,B,N
ADK;AK,N,B,N,N,N,N,N,N,B,N,N,B,N,N,N,N,N,N,N,N,N,N,B,N,N,N,N,N,N,N,N,N
APRTD;APRT;AMP,D,D,N,D,D,N,N,N,D,N,D,N,N,N,D,N,N,N,N,N,D,N,D,N,N,N,N,N,N,D,D,N
ADA,N,N,N,N,B,N,N,B,B,N,B,B,N,B,B,N,B,B,N,N,N,N,B,N,B,N,N,N,N,B,B,N
NP;PUNP;PRO1837;PNP,N,N,N,N,N,N,N,N,N,N,N,N,N,N,N,N,N,N,N,N,N,N,N,N,N,N,N,N,N,N,N,N
PAN;CECR1;ADGF;SNEDS;ADA2;IDGFL,B,B,N,N,B,N,N,B,B,N,B,B,N,B,B,B,B,B,N,N,N,N,B,N,B,N,N,N,B,B,B,N
GMPR1;GMPR_1;GMPR,N,D,N,N,N,N,N,N,D,N,D,N,D,D,N,N,N,D,N,N,N,N,N,N,D,D,N,D,N,N,D,D
GMPR2;GMPR_2,N,D,N,N,N,N,N,N,D,N,D,N,D,D,N,N,N,D,N,N,N,N,N,N,D,D,N,D,N,N,D,D
IMPD1;IMPDH-I;LCA11;RP10;IMPDH1;sWSS2608;IMPD,N,D,N,N,N,N,N,N,D,N,D,N,D,D,N,N,N,D,N,N,N,N,N,N,D,D,N,D,N,N,D,D
IMPDH-II;IMPD2;IMPDH2,N,D,N,N,N,N,N,N,D,N,D,N,D,D,N,N,N,D,N,N,N,N,N,N,D,D,N,D,N,N,D,D
GATD7;GMPS,N,N,N,N,N,N,N,N,N,N,N,N,N,N,N,N,N,N,N,N,N,N,N,N,N,N,N,N,N,N,N,N
DBQD;SCAN1;SCAN-1;DBQD1;SHAPY;CANT1,A,N,N,N,N,N,A,N,N,N,A,A,A,N,N,A,N,A,N,A,N,A,A,N,N,A,N,N,N,N,A,N
NTPDase-6;IL-6SAG;ENTPD6;CD39L2;IL6ST2;dJ738P15.3,N,N,A,N,N,N,N,N,A,N,N,N,N,N,N,N,A,N,N,N,N,N,N,N,N,A,N,N,N,N,A,N
NTPDase-5;ENTPD5;PCPH;CD39L4,N,N,A,N,N,N,N,N,A,N,N,N,N,N,N,N,A,N,N,N,N,N,N,N,N,A,N,N,N,N,A,N
ENTPD4;UDPase;LAP70;LYSAL1;LALP70;NTPDase-4,N,N,A,N,N,N,N,N,A,N,N,N,N,N,N,N,A,N,N,N,N,N,N,N,N,A,N,N,N,N,A,N
HPRT;HGPRT;HPRT1,N,N,N,N,N,N,N,N,N,N,N,N,N,N,N,N,N,N,N,N,N,N,N,N,N,N,N,N,N,N,N,N
GMK;GUK1,D,D,D,D,D,D,D,D,D,N,D,D,D,D,D,D,D,D,D,D,D,D,D,D,D,D,D,D,D,D,D,D
GDA;CYPIN;GAH;NEDASIN;GUANASE,N,N,N,N,N,N,N,B,N,N,B,N,N,N,B,N,N,N,N,N,B,N,N,N,N,N,N,N,N,N,N,N
ALLC;ALC,B,B,B,N,N,N,N,B,N,N,B,N,N,B,N,B,N,N,B,B,N,N,N,N,B,N,N,B,N,N,B,N
HDDC3;MESH1;(ppGpp)ase,N,B,N,N,N,B,N,N,N,N,B,N,B,N,N,N,N,N,N,N,N,N,N,N,N,N,N,N,N,N,B,N
H-PRUNE;DRES17;HTCD37;DRES-17;NMIHBA;PRUNE;PRUNE1,C,N,N,N,N,N,N,N,N,N,C,N,N,N,N,N,N,C,N,C,N,N,N,N,N,N,N,N,N,N,C,N
GUCY1A2;GUC1A2;GC-SA2,D,D,D,D,D,D,D,D,D,N,D,D,D,D,D,D,D,D,D,D,D,D,D,D,D,D,D,D,D,D,D,D
GUCY1A3;GC-SA3;GUCSA3;MYMY6;GUCA3;GUC1A3;GUCY1A1,D,D,D,D,D,D,D,D,D,N,D,D,D,D,D,D,D,D,D,D,D,D,D,D,D,D,D,D,D,D,D,D
GUCY1B3;GUCB3;GUC1B3;GC-S-beta-1;GUCSB3;GUCY1B1;GC-SB3,D,D,D,D,D,D,D,D,D,N,D,D,D,D,D,D,D,D,D,D,D,D,D,D,D,D,D,D,D,D,D,D
MECIL;GUC2C;GUCY2C;DIAR6;MUCIL;STAR;GC-C,D,D,D,D,D,D,D,D,D,N,D,D,D,D,D,D,D,D,D,D,D,D,D,D,D,D,D,D,D,D,D,D
RETGC-2;CYGF;GUC2DL;GC-F;ROS-GC2;GUCY2F;GUC2F,D,D,D,D,D,D,D,D,D,D,D,D,D,D,D,D,D,D,D,D,D,D,D,D,D,D,D,D,D,D,D,D
CYGD;RETGC-1;LCA;LCA1;GUCY2D;RCD2;CORD6;ROSGC;retGC;GUC1A4;ROS-GC1;GUC2D;CORD5,D,D,D,D,D,D,D,D,D,D,D,D,D,D,D,D,D,D,D,D,D,D,D,D,D,D,D,D,D,D,D,D
NPRA;ANPa;GUCY2A;NPR1;ANPRA;GUC2A,D,D,D,D,D,D,D,D,D,D,D,D,D,D,D,D,D,D,D,D,D,D,D,D,D,D,D,D,D,D,D,D
ECDM;ANPRB;ANPb;SNSK;GUCY2B;NPRBi;NPRB;GUC2B;AMDM;NPR2,D,D,D,D,D,D,D,D,D,D,D,D,D,D,D,D,D,D,D,D,D,D,D,D,D,D,D,D,D,D,D,D
CGPR-A;RP43;PDEA;PDE6A,B,B,B,B,B,N,N,B,N,N,B,B,B,B,B,B,B,B,B,N,B,B,B,B,B,B,N,B,B,N,B,B
PDEA2;ACHM5;COD4;PDE6C,B,B,B,B,B,N,N,B,N,N,B,B,B,B,B,B,B,B,B,N,B,B,B,B,B,B,N,B,B,N,B,B
PDE6D;JBTS22;PDED,N,N,A,N,N,N,N,A,N,N,A,N,N,N,N,N,N,N,N,N,N,N,N,A,N,A,N,N,N,N,N,A
PDEG;RP57;PDE6G,N,N,N,N,N,N,N,N,N,N,N,N,N,N,N,N,N,N,N,N,N,N,N,N,N,N,N,N,N,N,N,N
RCD3;ACHM6;PDE6H,N,N,N,N,N,N,N,N,N,N,N,N,N,N,N,N,N,N,N,N,N,N,N,N,N,N,N,N,N,N,N,N
PDE9A;HSPDE9A2,B,B,B,B,B,N,N,B,N,N,B,B,B,B,B,B,B,B,B,N,B,B,B,B,B,B,N,B,B,N,B,B
rd1;CSNB3;PDE6B;RP40;CSNBAD2;GMP-PDEbeta;PDEB,B,B,B,B,B,N,N,B,N,N,B,B,B,B,B,B,B,B,B,N,B,B,B,B,B,B,N,B,B,N,B,B
CN5A;PDE5A;CGB-PDE;PDE5,B,B,B,B,B,N,N,B,N,N,B,B,B,B,B,B,B,B,B,N,B,B,B,B,B,B,N,B,B,N,B,B
ATPSK2;BCYM4;PAPSS2;SK2,N,A,A,N,N,N,N,N,A,N,N,N,N,N,A,N,N,N,N,N,N,N,N,N,N,N,N,N,A,N,A,N
PAPSS1;SK1;ATPSK1;PAPSS,N,A,A,N,N,N,N,N,A,N,N,N,N,N,A,N,N,N,N,N,N,N,N,N,N,N,N,N,A,N,A,N
FGAMS;FGAR-AT;GATD8;FGARAT;PFAS;PURL,N,N,N,N,N,N,N,N,N,N,N,N,N,N,N,N,N,N,N,N,N,N,N,N,N,N,N,N,N,N,N,N
dJ794I6.3;HLC14-06-P;My049;C20orf37;ITPA;ITPase;NTPase,N,B,N,B,N,N,N,B,N,N,B,N,N,B,N,N,N,N,N,N,N,N,N,N,N,B,N,N,N,N,B,N
APAH1;NUDT2,D,D,N,D,D,N,D,N,D,N,D,N,N,D,D,N,N,N,N,N,N,N,D,N,D,D,N,D,N,N,D,D
MTDPS3;PEOB4;DGUOK;dGK;NCPH,N,N,N,N,N,N,N,N,N,N,N,N,N,N,N,N,N,N,N,N,N,N,N,N,N,N,N,N,N,N,N,N
MSTP006;PGM2,N,N,N,N,N,N,N,N,N,N,N,N,N,N,N,N,N,N,N,N,N,N,N,N,N,N,N,N,N,N,N,N
YSAH1;hNUDT5;NUDT5;YSA1;YSA1H,N,N,N,N,N,N,N,N,N,N,N,N,N,N,N,N,N,N,N,N,N,N,N,N,N,N,N,N,N,N,N,N
NUDT10;NUDT9,N,N,N,N,N,N,N,A,N,N,A,N,A,A,N,N,N,N,N,A,N,N,A,N,N,A,N,N,N,N,A,A
NBLA03831;MDS006;ADPRM;C17orf48,N,N,B,N,N,B,N,N,B,N,B,B,N,N,N,N,B,N,N,N,N,N,B,N,N,N,N,N,N,N,B,N
FRA3B;FHIT;AP3Aase,N,D,N,N,N,N,N,N,D,N,D,N,N,N,N,N,N,N,N,D,N,N,N,N,N,N,N,N,N,N,N,N
ENPP4;NPP4,B,N,N,N,N,N,N,N,B,N,N,N,N,N,B,B,N,N,B,N,N,N,B,N,N,B,N,N,N,N,N,N
PKR;PK1;PKRL;PKL;RPK;PKLR,D,D,D,D,D,D,D,D,D,N,D,D,D,D,D,N,D,D,D,D,D,D,D,D,D,D,D,D,D,D,D,D
PKM2;HEL-S-30;THBP1;OIP3;PKM;CTHBP;PK3;TCB,D,D,D,D,D,D,D,D,D,N,D,D,D,D,D,N,D,D,D,D,D,D,D,D,D,D,D,D,D,D,D,D
DCK,N,N,N,N,N,N,N,N,N,N,N,N,N,N,N,N,N,N,N,N,N,N,N,N,N,N,N,N,N,N,N,N
NTPCR;HCR-NTPase;C1orf57,N,N,N,N,N,N,N,N,N,N,N,N,N,N,N,N,N,N,N,N,N,N,N,N,N,N,N,N,N,N,N,N
PRHOXNB;URAD,D,N,N,N,N,N,D,N,D,N,D,N,N,N,N,N,N,N,D,D,N,N,N,N,N,D,N,N,N,N,N,D
bA472E5.1;PDE7B,B,B,B,B,B,N,N,B,N,N,B,B,B,B,B,B,B,B,B,N,B,B,B,B,B,B,N,B,B,N,B,B
PDE4;PDE4A;PDE46;DPDE2,B,B,B,B,B,N,N,B,N,N,B,B,B,B,B,B,B,B,B,N,B,B,B,B,B,B,N,B,B,N,B,B
PDE4B;DPDE4;PDEIVB,B,B,B,B,B,N,N,B,N,N,B,B,B,B,B,B,B,B,B,N,B,B,B,B,B,B,N,B,B,N,B,B
DPDE1;PDE21;PDE4C,B,B,B,B,B,N,N,B,N,N,B,B,B,B,B,B,B,B,B,N,B,B,B,B,B,B,N,B,B,N,B,B
DPDE3;PDE4DN2;PDE4D;PDE43;HSPDE4D;ACRDYS2;STRK1,B,B,B,B,B,N,N,B,N,N,B,B,B,B,B,B,B,B,B,N,B,B,B,B,B,B,N,B,B,N,B,B
PDE7;PDE7A;HCP1,B,B,B,B,B,N,N,B,N,N,B,B,B,B,B,B,B,B,B,N,B,B,B,B,B,B,N,B,B,N,B,B
HsT19550;PDE8A,B,B,B,B,B,N,N,B,N,N,B,B,B,B,B,B,B,B,B,N,B,B,B,B,B,B,N,B,B,N,B,B
PPNAD3;ADSD;PDE8B,B,B,B,B,B,N,N,B,N,N,B,B,B,B,B,B,B,B,B,N,B,B,B,B,B,B,N,B,B,N,B,B
CDG1T;PGM1;GSD14,N,N,N,N,N,N,N,N,N,N,N,N,N,N,N,N,N,N,N,N,N,N,N,N,N,N,N,N,N,N,N,N
NUDT16,N,N,N,N,N,N,N,N,N,N,N,N,N,N,N,N,N,N,N,N,N,N,N,N,N,N,N,N,N,N,N,N
FIX;AK6;AK3L1;AKL3L1;AK3;AKL3L,D,N,D,D,D,D,N,D,D,N,D,D,N,D,D,N,D,D,D,N,N,D,D,D,D,N,D,D,D,N,D,D
ARHR2;COLED;NPP1;NPPS;M6S1;PC-1;PDNP1;PCA1;ENPP1,B,N,N,N,N,N,N,N,B,N,N,N,N,N,B,B,N,N,B,N,N,N,B,N,N,B,N,N,N,N,N,N
ENPP3;B10;NPP3;PDNP3;PD-IBETA;CD203c,B,N,N,N,N,N,N,N,B,N,N,N,N,N,B,B,N,N,B,N,N,N,B,N,N,B,N,N,N,N,N,N
