GPX8,B,N,B,N,B,N,N,B,N,N,B,B,B,B,B,N,N,N,N,N,N,B,B,N,N,B,N,N,N,N,B,B
GPX1,B,N,B,N,B,N,N,B,N,N,B,B,B,B,B,N,N,N,N,N,N,B,B,N,N,B,N,N,N,N,B,B
GPX2,B,N,B,N,B,N,N,B,N,N,B,B,B,B,B,N,N,N,N,N,N,B,B,N,N,B,N,N,N,N,B,B
GPX3,B,N,B,N,B,N,N,B,N,N,B,B,B,B,B,N,N,N,N,N,N,B,B,N,N,B,N,N,N,N,B,B
GPX4,B,N,B,N,B,N,N,B,N,N,B,B,B,B,B,N,N,N,N,N,N,B,B,N,N,B,N,N,N,N,B,B
GPX5,B,N,B,N,B,N,N,B,N,N,B,B,B,B,B,N,N,N,N,N,N,B,B,N,N,B,N,N,N,N,B,B
GPX6,B,N,B,N,B,N,N,B,N,N,B,B,B,B,B,N,N,N,N,N,N,B,B,N,N,B,N,N,N,N,B,B
GPX7,B,N,B,N,B,N,N,B,N,N,B,B,B,B,B,N,N,N,N,N,N,B,B,N,N,B,N,N,N,N,B,B
PLA2-ALPHA,N,N,N,N,N,N,N,N,N,N,N,N,N,N,N,N,N,N,N,N,N,N,N,N,N,N,N,N,N,N,N,N
SDP1-LIKE,N,N,A,N,N,N,N,N,N,N,A,N,N,N,A,N,A,A,N,N,N,N,A,A,N,N,N,N,N,N,N,N
SDP1,N,N,A,N,N,N,N,N,N,N,A,N,N,N,A,N,A,A,N,N,N,N,A,A,N,N,N,N,N,N,N,N
12,D,D,N,N,D,N,N,D,D,N,D,N,N,D,D,D,N,D,N,N,N,N,D,D,N,N,D,N,N,N,D,D
GGT3,N,N,N,N,N,D,D,N,N,N,D,D,N,D,N,N,N,N,N,N,N,D,N,D,N,N,N,D,N,N,D,N
GGT4,N,N,N,N,N,D,D,N,N,N,D,D,N,D,N,N,N,N,N,N,N,D,N,D,N,N,N,D,N,N,D,N
GGT1,N,N,N,N,N,D,D,N,N,N,D,D,N,D,N,N,N,N,N,N,N,D,N,D,N,N,N,D,N,N,D,N
GGT2,N,N,N,N,N,D,D,N,N,N,D,D,N,D,N,N,N,N,N,N,N,D,N,D,N,N,N,D,N,N,D,N
17,N,N,N,N,N,N,N,N,N,N,N,N,N,N,N,N,N,N,N,N,N,N,N,N,N,N,N,N,N,N,N,N
