SIAH1;SIAH1A,N,A,N,N,N,N,N,N,A,N,A,N,A,N,N,N,N,N,A,N,A,N,N,N,N,N,N,N,N,N,A,N
IBP3;IGFBP3;BP-53,N,N,N,N,N,N,N,N,N,N,N,N,N,N,N,N,N,N,N,N,N,N,N,N,N,N,N,N,N,N,N,N
DDIT2;GRP17;GADD45gamma;CR6;GADD45G,C,N,C,N,N,N,N,C,N,N,C,N,N,N,N,N,N,N,N,N,C,N,N,C,C,N,N,C,C,N,C,N
DDIT1;GADD45;GADD45A,C,N,C,N,N,N,N,C,N,N,C,N,N,N,N,N,N,N,N,N,C,N,N,C,C,N,N,C,C,N,C,N
GADD45B;MYD118;GADD45BETA,C,N,C,N,N,N,N,C,N,N,C,N,N,N,N,N,N,N,N,N,C,N,N,C,C,N,N,C,C,N,C,N
MDM4;MRP1;HDMX;MDMX,C,C,C,N,N,N,N,N,C,N,C,N,N,C,C,C,N,N,N,C,N,N,N,N,N,C,N,N,N,N,C,C
CHEK1;CHK1,D,D,D,D,D,D,D,D,D,D,D,D,D,D,D,D,D,D,D,D,D,D,D,D,D,D,D,D,D,D,D,D
FRP1;SCKL1;MEC1;SCKL;ATR;FCTCS,C,C,C,C,C,C,C,C,C,C,C,C,C,C,C,C,C,C,C,C,C,C,C,C,C,C,C,C,C,C,C,C
HuCds1;LFS2;CDS1;CHK2;CHEK2;hCds1;RAD53;PP1425,D,D,D,D,D,D,D,D,D,D,D,D,D,D,D,D,D,D,D,D,D,D,D,D,D,D,D,D,D,D,D,D
AT1;ATA;ATDC;ATC;ATE;ATM;TEL1;ATD;TELO1,B,B,B,B,B,B,N,B,B,B,B,B,B,B,B,B,B,B,B,B,B,B,B,B,B,B,B,B,B,B,B,B
REPRIMO;RPRM,N,N,N,N,N,N,N,N,N,N,N,N,N,N,N,N,N,N,N,N,N,N,N,N,N,N,N,N,N,N,N,N
YWHAS;SFN,A,A,A,A,A,N,A,A,A,N,A,N,A,A,A,A,A,N,A,N,A,A,A,A,A,A,A,A,N,N,A,A
CDKN2;CDK2;p33(CDK2),D,D,D,D,D,D,D,D,D,D,D,D,D,D,D,D,D,D,D,D,D,D,D,D,D,D,D,D,D,D,D,D
pCCNE1;CCNE1;CCNE,A,A,A,A,A,A,A,A,A,N,A,A,A,A,A,A,A,A,N,A,A,A,A,A,A,A,A,A,A,A,A,A
CYCE2;CCNE2,A,A,A,A,A,A,A,A,A,N,A,A,A,A,A,A,A,A,N,A,A,A,A,A,A,A,A,A,A,A,A,A
LAM;PPP1R160;TSC4;TSC2,D,D,D,D,D,D,D,D,D,N,D,D,D,D,D,D,D,D,D,D,D,D,D,D,D,D,D,D,D,D,D,D
WIP1;PPM1D;IDDGIP;PP2C-DELTA,D,D,D,D,D,D,D,D,D,N,D,D,D,D,D,D,D,D,D,D,D,D,D,D,D,D,D,D,D,D,D,D
P73;TP73,N,N,N,N,N,N,N,N,N,N,N,N,N,N,N,N,N,N,N,N,N,N,N,N,N,N,N,N,N,N,N,N
CCNG1;CCNG,A,N,N,A,A,A,N,A,A,N,A,A,A,A,A,N,N,A,N,N,N,A,N,N,N,A,A,N,N,A,A,A
CCNG2,A,N,A,A,A,A,N,A,A,N,A,A,A,A,A,A,A,A,N,A,A,N,A,A,A,A,A,A,N,N,A,A
RNF200;COP1;RFWD2,D,D,D,D,D,D,D,D,D,D,D,D,D,D,D,D,D,D,D,D,D,D,D,D,D,D,D,D,D,D,D,D
P53R2;RRM2B;MTDPS8A;MTDPS8B,N,N,A,N,N,A,N,N,N,N,N,N,N,N,N,N,A,N,N,A,A,N,N,N,A,N,N,A,N,N,A,N
RR2;RRM2;R2;RR2M,N,N,A,N,N,A,N,N,N,N,N,N,N,N,N,N,A,N,N,A,A,N,N,N,A,N,N,A,N,N,A,N
UV-DDB2;DDB2;XPE;DDBB,D,D,D,D,D,D,D,D,D,D,D,D,D,D,D,D,D,D,D,D,D,D,D,D,D,D,D,D,D,D,D,D
dudlin-2;TSAP6;STMP3;STEAP3;pHyde;AHMIO2;dudulin-2,N,N,N,N,N,N,N,N,N,N,N,N,N,N,N,N,N,N,N,N,N,N,N,N,N,N,N,N,N,N,N,N
10q23del;PTEN1;BZS;PTEN;TEP1;MHAM;CWS1;PTENbeta;MMAC1;DEC;GLM2,D,D,D,N,D,D,N,D,D,N,D,D,N,D,D,N,N,N,D,N,D,D,D,D,D,D,D,D,D,D,D,D
maspin;SERPINB5;PI5,N,N,B,B,N,N,N,N,B,N,N,N,N,N,B,N,B,N,N,N,N,N,B,N,N,B,N,N,N,N,B,N
CD82;KAI1;GR15;R2;C33;4F9;ST6;TSPAN27;IA4;SAR2,N,N,N,N,N,N,N,N,N,N,N,N,N,N,N,N,N,N,N,N,N,N,N,N,N,N,N,N,N,N,N,N
THBS-1;THBS1;THBS;TSP-1;TSP;TSP1,D,D,D,N,D,N,N,D,D,N,D,D,D,D,D,D,D,D,D,D,D,D,D,D,D,D,D,N,N,D,D,D
IGF1;IGF-I;MGF;IGFI,N,N,N,N,N,N,N,N,N,N,N,N,N,N,N,N,N,N,N,N,N,N,N,N,N,N,N,N,N,N,N,N
PAI1;SERPINE1;PAI-1;PLANH1;PAI,N,N,B,B,N,N,N,N,B,N,N,N,N,N,B,N,B,N,N,N,N,N,B,N,N,B,N,N,N,N,B,N
ADGRB1;BAI1;GDAIF,D,D,D,N,D,D,D,D,D,N,D,D,D,D,D,D,D,D,D,D,D,D,D,D,D,D,D,D,D,D,D,D
CMM2;CDKN2A;P14;INK4;P16INK4;ARF;TP16;MLM;MTS-1;P16-INK4A;P16INK4A;P19;P14ARF;MTS1;INK4A;CDKN2;CDK4I;P16;P19ARF,D,D,D,D,D,D,D,D,D,N,D,D,D,D,D,D,D,D,D,D,D,D,D,D,D,D,D,D,D,D,D,D
CDKN1A;CDKN1;P21;WAF1;CIP1;MDA-6;p21CIP1;CAP20;SDI1,D,N,N,N,D,D,D,D,D,N,D,N,D,D,N,N,N,D,D,D,D,D,D,D,N,D,D,D,N,D,D,D
ZMAT3;WIG-1;WIG1;PAG608,N,N,N,N,N,N,N,N,N,N,N,N,N,N,N,N,N,N,N,N,N,N,N,N,N,N,N,N,N,N,N,N
FP497;BID,N,N,N,N,N,N,N,N,N,N,N,N,N,N,N,N,N,N,N,N,N,N,N,N,N,N,N,N,N,N,N,N
PIG8;TP53I8;EI24;EPG4,N,A,N,N,N,N,N,A,A,N,N,A,N,N,N,A,A,N,A,N,A,N,N,A,N,A,N,N,N,N,A,N
TP53I3;PIG3,D,D,D,N,D,D,D,D,D,N,D,D,D,D,D,D,N,D,D,D,D,D,D,D,D,D,D,D,D,D,D,D
FAS1;FAS;TNFRSF6;ALPS1A;FASTM;APO-1;APT1;CD95,N,N,N,N,N,N,N,N,N,N,N,N,N,N,N,N,N,N,N,N,N,N,N,N,N,N,N,N,N,N,N,N
B99;GTSE1,N,N,N,N,N,N,N,N,N,N,N,N,N,N,N,N,N,N,N,N,N,N,N,N,N,N,N,N,N,N,N,N
BCL2L4;BAX,N,N,N,N,N,N,N,N,N,N,N,N,N,N,N,N,N,N,N,N,N,N,N,N,N,N,N,N,N,N,N,N
PIDD1;PIDD;LRDD,D,D,D,D,D,D,D,D,D,N,D,D,D,D,D,D,D,D,D,D,D,D,D,D,D,D,D,D,D,D,D,D
KILLER/DR5;TRICKB;TNFRSF10B;TRAILR2;TRAIL-R2;TRICK2A;ZTNFR9;TRICK2;DR5;CD262;TRICK2B;KILLER,N,N,N,N,N,N,N,N,N,N,N,N,N,N,N,N,N,N,N,N,N,N,N,N,N,N,N,N,N,N,N,N
CAP4;MCH5;FLICE;MACH;Casp-8;ALPS2B;CASP8,N,N,N,N,N,N,N,N,N,N,N,N,N,N,N,N,N,N,N,N,N,N,N,N,N,N,N,N,N,N,N,N
CDC2;CDK1;P34CDC2;CDC28A,D,D,D,D,D,D,D,D,D,D,D,D,D,D,D,D,D,D,D,D,D,D,D,D,D,D,D,D,D,D,D,D
CED4;APAF1;APAF-1,D,D,D,D,D,D,D,D,D,D,D,D,D,D,D,D,D,D,D,D,D,D,D,D,D,D,D,D,D,D,D,D
CYC;THC4;HCS;CYCS,N,B,B,N,N,B,N,N,B,N,B,N,N,B,N,B,N,N,B,N,B,N,N,B,B,B,N,B,B,N,B,B
APAF-3;ICE-LAP6;APAF3;PPP1R56;CASP9;MCH6,N,N,N,N,N,N,N,N,N,N,N,N,N,N,N,N,N,N,N,N,N,N,N,N,N,N,N,N,N,N,N,N
hdm2;ACTFS;HDMX;MDM2,D,D,D,D,D,D,D,D,D,N,D,D,D,D,D,D,D,D,D,D,D,D,D,D,D,D,D,D,D,D,D,D
BCC7;LFS1;TP53;P53;TRP53,N,N,N,N,N,N,N,N,N,N,N,N,N,N,N,N,N,N,N,N,N,N,N,N,N,N,N,N,N,N,N,N
CHIMP;ZCHY;PRO1996;RCHY1;ZNF363;PIRH2;ARNIP;RNF199,A,A,A,A,A,A,A,N,A,N,A,A,N,A,A,N,A,A,A,A,A,A,A,A,A,A,N,A,N,A,A,A
PSK-J3;CDK4;CMM3,D,D,D,D,D,D,D,D,D,D,D,D,D,D,D,D,D,D,D,D,D,D,D,D,D,D,D,D,D,D,D,D
CDK6;MCPH12;PLSTIRE,D,D,D,D,D,D,D,D,D,D,D,D,D,D,D,D,D,D,D,D,D,D,D,D,D,D,D,D,D,D,D,D
D11S287E;PRAD1;BCL1;CCND1;U21B31,A,A,A,A,A,A,N,A,A,N,A,A,A,A,A,A,A,A,N,A,A,A,A,A,A,A,A,A,A,A,A,A
MPPH3;KIAK0002;CCND2,A,A,A,A,A,A,N,A,A,N,A,A,A,A,A,A,A,A,N,A,A,A,A,A,A,A,A,A,A,A,A,A
CCND3,A,A,A,A,A,A,N,A,A,N,A,A,A,A,A,A,A,A,N,A,A,A,A,A,A,A,A,A,A,A,A,A
THW;PERP;dJ496H19.1;KRTCAP1;PIGPC1;KCP1,N,N,N,N,N,N,N,N,N,N,N,N,N,N,N,N,N,N,N,N,N,N,N,N,N,N,N,N,N,N,N,N
SHISA5;SCOTIN,N,N,N,N,N,N,N,N,N,N,N,N,N,N,N,N,N,N,N,N,N,N,N,N,N,N,N,N,N,N,N,N
SESN3;SEST3,N,N,N,N,N,N,N,N,N,N,N,N,N,N,N,N,N,N,N,N,N,N,N,N,N,N,N,N,N,N,N,N
SESN1;SEST1;PA26,N,N,N,N,N,N,N,N,N,N,N,N,N,N,N,N,N,N,N,N,N,N,N,N,N,N,N,N,N,N,N,N
HI95;SESN2;SES2;SEST2,N,N,N,N,N,N,N,N,N,N,N,N,N,N,N,N,N,N,N,N,N,N,N,N,N,N,N,N,N,N,N,N
CCNB;CCNB1,A,A,A,A,A,A,A,A,A,N,A,A,A,A,A,A,A,A,N,A,A,A,A,A,A,A,A,A,A,A,A,A
CCNB2;HsT17299,A,A,A,A,A,A,A,A,A,N,A,A,A,A,A,A,A,A,N,A,A,A,A,A,A,A,A,A,A,A,A,A
CPP32B;CPP32;SCA-1;CASP3,N,N,N,N,N,N,N,N,N,N,N,N,N,N,N,N,N,N,N,N,N,N,N,N,N,N,N,N,N,N,N,N
TP53AIP1;P53AIP1,N,N,N,N,N,N,N,N,N,N,N,N,N,N,N,N,N,N,N,N,N,N,N,N,N,N,N,N,N,N,N,N
JFY1;JFY-1;PUMA;BBC3,N,N,N,N,N,N,N,N,N,N,N,N,N,N,N,N,N,N,N,N,N,N,N,N,N,N,N,N,N,N,N,N
NOXA;APR;PMAIP1,N,N,N,N,N,N,N,N,N,N,N,N,N,N,N,N,N,N,N,N,N,N,N,N,N,N,N,N,N,N,N,N
GO;GORAB;SCYL1BP1;NTKLBP1,N,N,N,N,N,N,N,N,N,N,N,N,N,N,N,N,N,N,N,N,N,N,N,N,N,N,N,N,N,N,N,N
