TPO;TPX;TDH2A;MSA,D,D,D,D,D,D,D,D,D,N,D,D,D,D,D,D,D,D,D,D,D,D,D,D,D,D,D,D,D,D,D,D
FAHD1;YISKL;C16orf36,N,N,N,N,N,N,N,B,N,N,B,N,B,N,N,N,N,N,N,N,N,N,B,N,N,N,N,N,N,N,N,N
MAAI;MAAID;MAI;GSTZ1-1;GSTZ1,N,B,B,N,N,N,B,N,B,N,B,N,N,B,B,N,B,N,B,N,B,B,N,N,N,B,N,B,N,N,B,B
AKU;HGO;HGD,B,N,N,N,N,B,N,B,N,N,B,N,N,N,N,N,N,N,N,N,N,B,B,B,N,N,N,B,N,N,N,N
ASTQTL1;AST1;cAspAT;cCAT;GIG18;GOT1,N,N,D,D,N,N,D,D,N,N,D,N,D,N,N,D,D,N,N,D,D,N,N,N,D,D,N,N,N,N,D,N
mitAAT;KYAT4;KAT4;KATIV;GOT2,N,N,D,D,N,N,D,D,N,N,D,N,D,N,N,D,D,N,N,D,D,N,N,N,D,D,N,N,N,N,D,N
GIF;MMIF;GLIF;MIF,N,N,N,B,B,B,N,N,B,N,B,N,B,B,N,N,N,N,N,B,N,N,N,N,N,B,B,N,N,N,B,B
PPD;GLOD3;4-HPPD;HPD;HPPDASE;4HPPD,N,B,N,N,N,B,N,N,N,N,N,N,N,N,N,N,B,N,B,N,B,N,N,N,N,B,N,B,N,B,N,N
ALDH3A1;ALDHIII;ALDH3,D,D,D,N,D,D,D,D,D,N,D,D,D,D,D,D,D,D,D,D,D,D,D,D,D,D,D,D,D,D,D,N
ALDH1A3;ALDH6;ALDH1A6;RALDH3;MCOP8,D,D,D,N,D,D,D,D,D,N,D,D,D,D,D,D,D,D,D,D,D,D,D,D,D,D,D,D,D,D,D,N
ALDH4;ALDH7;ALDH3B1,D,D,D,N,D,D,D,D,D,N,D,D,D,D,D,D,D,D,D,D,D,D,D,D,D,D,D,D,D,D,D,N
ALDH3B2;ALDH8,D,D,D,N,D,D,D,D,D,N,D,D,D,D,D,D,D,D,D,D,D,D,D,D,D,D,D,D,D,D,D,N
MAO-A;MAOA;BRNRS,B,N,N,N,N,N,N,B,N,N,B,N,N,B,N,N,N,N,N,N,B,N,B,N,N,N,N,N,N,N,B,N
MAOB,N,B,N,N,N,N,N,B,N,N,B,N,B,B,N,N,N,N,N,N,N,N,B,N,N,N,N,N,N,N,N,N
OCA1A;TYR;ATN;OCA1;OCAIA;SHEP3;CMM8,B,B,B,N,N,N,N,B,B,N,B,N,B,B,N,N,B,N,N,N,B,B,N,B,N,B,B,N,B,N,B,B
FIG1;LAO;IL4I1;LAAO,A,N,N,N,N,N,N,N,N,N,A,N,N,A,N,N,N,N,N,N,A,N,N,N,N,N,N,N,N,N,A,N
TAT,D,N,D,D,D,D,N,D,D,N,D,D,D,D,D,D,D,D,D,D,D,D,D,D,N,N,N,D,D,N,D,D
AADC;DDC,N,N,N,N,N,N,N,N,N,N,N,N,N,N,N,N,N,N,N,N,N,N,N,N,N,N,N,N,N,N,N,N
RAO;AOC2;DAO2;SSAO,N,N,N,N,N,N,N,N,B,N,B,N,N,N,B,N,N,N,N,B,N,N,N,N,N,N,N,B,N,N,N,N
SSAO;VAP1;VAP-1;AOC3;HPAO,N,N,N,N,N,N,N,N,B,N,B,N,N,N,B,N,N,N,N,B,N,N,N,N,N,N,N,B,N,N,N,N
AO;AOH1;AOX1,N,N,N,N,N,N,N,B,N,N,B,N,N,B,N,N,N,N,N,N,B,N,N,N,N,N,N,N,N,N,B,B
FAH,N,N,N,N,N,N,N,B,N,N,B,N,B,N,N,N,N,N,N,N,N,N,B,N,N,N,N,N,N,N,N,N
TRP-2;DCT;TYRP2,B,B,B,N,N,N,N,B,N,N,N,N,N,N,N,N,B,N,N,N,B,B,N,B,N,B,B,N,N,N,B,B
COMT;HEL-S-98n,B,N,B,N,N,N,B,B,B,N,B,N,B,B,N,N,N,B,N,N,B,N,N,N,N,B,N,B,N,N,B,B
ADH1;ADH1A,A,N,N,N,A,N,N,N,N,N,A,N,N,N,N,N,N,A,N,N,N,N,N,N,N,N,N,N,N,A,N,N
HEL-S-117;ADH2;ADH1B,A,N,N,N,A,N,N,N,N,N,A,N,N,N,N,N,N,A,N,N,N,N,N,N,N,N,N,N,N,A,N,N
ADH1C;ADH3,A,N,N,N,A,N,N,N,N,N,A,N,N,N,N,N,N,A,N,N,N,N,N,N,N,N,N,N,N,A,N,N
ADH4;ADH-2;HEL-S-4,A,N,N,N,A,N,N,N,N,N,A,N,N,N,N,N,N,A,N,N,N,N,N,N,N,N,N,N,N,A,N,N
FALDH;ADHX;ADH5;GSH-FDH;FDH;HEL-S-60p;ADH-3;GSNOR,A,N,N,N,A,N,N,N,N,N,A,N,N,N,N,N,N,A,N,N,N,N,N,N,N,N,N,N,N,A,N,N
ADH-5;ADH6,A,N,N,N,A,N,N,N,N,N,A,N,N,N,N,N,N,A,N,N,N,N,N,N,N,N,N,N,N,A,N,N
ADH7;ADH4,A,N,N,N,A,N,N,N,N,N,A,N,N,N,N,N,N,A,N,N,N,N,N,N,N,N,N,N,N,A,N,N
PENT;PNMT;PNMTase,N,N,N,N,N,N,N,N,N,N,N,N,N,N,N,N,N,N,N,N,N,N,N,N,N,N,N,N,N,N,N,N
DBM;DBH,D,D,N,N,N,N,N,D,N,N,D,N,N,N,N,N,D,N,N,N,D,N,N,D,N,D,N,D,N,N,D,D
TH;TYH;DYT14;DYT5b,N,N,N,N,N,N,N,N,N,N,N,N,N,N,N,N,N,N,N,N,N,N,N,N,N,N,N,N,N,N,N,N
TYRP;CAS2;GP75;OCA3;CATB;b-PROTEIN;TRP1;TRP;TYRP1,B,B,B,N,N,N,N,B,N,N,B,N,B,N,N,N,B,N,N,N,B,B,N,B,N,B,B,N,B,N,B,B
