MCM7;CDC47,D,D,D,N,D,N,N,N,D,N,D,N,D,D,D,D,D,D,N,D,D,D,D,D,D,N,N,N,N,D,D,D
MCM6,D,D,D,N,D,N,N,N,D,N,D,N,D,D,D,D,D,D,N,D,D,D,D,D,D,N,N,N,N,D,D,D
BOB1;CDC46;MCM5,D,D,D,N,D,N,N,N,D,N,D,N,D,D,D,D,D,D,N,D,D,D,D,D,D,N,N,N,N,D,D,D
CDC54;HCD21;MCM4,D,D,D,N,D,N,N,N,D,N,D,N,D,D,D,D,D,D,N,D,D,D,D,D,D,N,N,N,N,D,D,D
MCM3,D,D,D,N,D,N,N,N,D,N,D,N,D,D,D,D,D,D,N,D,D,D,D,D,D,N,N,N,N,D,D,D
MCM2,D,D,D,N,D,N,N,N,D,N,D,N,D,D,D,D,D,D,N,D,D,D,D,D,D,N,N,N,N,D,D,D
ORC6,N,N,N,N,N,N,N,N,N,N,N,N,N,N,N,N,N,N,N,N,N,N,N,N,N,N,N,N,N,N,N,N
ORC5,N,N,N,N,N,N,N,N,N,N,N,N,N,N,N,N,N,N,N,N,N,N,N,N,N,N,N,N,N,N,N,N
ORC4,A,N,N,N,N,N,N,A,N,N,N,A,N,N,N,N,N,N,N,N,N,N,N,A,A,N,N,N,N,N,N,N
ORC3,N,N,N,N,N,N,N,N,N,N,N,N,N,N,N,N,N,N,N,N,N,N,N,N,N,N,N,N,N,N,N,N
RRR1;ORC2;SIR5,A,A,A,A,A,A,A,A,A,N,A,A,A,A,A,A,A,A,A,A,A,A,A,A,A,A,A,A,A,A,A,A
ORC1,N,N,N,N,N,N,N,N,N,N,N,N,N,N,N,N,N,N,N,N,N,N,N,N,N,N,N,N,N,N,N,N
RGT2,B,B,N,B,N,N,N,B,B,N,B,B,B,B,B,B,B,B,N,N,B,N,N,B,B,B,B,B,N,B,B,N
SNF3,B,B,N,B,N,N,N,B,B,N,B,B,B,B,B,B,B,B,N,N,B,N,N,B,B,B,B,B,N,B,B,N
HXT15;HLT2,B,B,N,B,N,N,N,B,B,N,B,B,B,B,B,B,B,B,N,N,B,N,N,B,B,B,B,B,N,B,B,N
HXT7,B,B,N,B,N,N,N,B,B,N,B,B,B,B,B,B,B,B,N,N,B,N,N,B,B,B,B,B,N,B,B,N
HXT6,B,B,N,B,N,N,N,B,B,N,B,B,B,B,B,B,B,B,N,N,B,N,N,B,B,B,B,B,N,B,B,N
HXT3,B,B,N,B,N,N,N,B,B,N,B,B,B,B,B,B,B,B,N,N,B,N,N,B,B,B,B,B,N,B,B,N
HXT13;HLT1,B,B,N,B,N,N,N,B,B,N,B,B,B,B,B,B,B,B,N,N,B,N,N,B,B,B,B,B,N,B,B,N
HXT10,B,B,N,B,N,N,N,B,B,N,B,B,B,B,B,B,B,B,N,N,B,N,N,B,B,B,B,B,N,B,B,N
HXT4;LGT1;RAG1,B,B,N,B,N,N,N,B,B,N,B,B,B,B,B,B,B,B,N,N,B,N,N,B,B,B,B,B,N,B,B,N
HXT1;HOR4,B,B,N,B,N,N,N,B,B,N,B,B,B,B,B,B,B,B,N,N,B,N,N,B,B,B,B,B,N,B,B,N
HXT5,B,B,N,B,N,N,N,B,B,N,B,B,B,B,B,B,B,B,N,N,B,N,N,B,B,B,B,B,N,B,B,N
HXT8,B,B,N,B,N,N,N,B,B,N,B,B,B,B,B,B,B,B,N,N,B,N,N,B,B,B,B,B,N,B,B,N
HXT9,B,B,N,B,N,N,N,B,B,N,B,B,B,B,B,B,B,B,N,N,B,N,N,B,B,B,B,B,N,B,B,N
HXT16;HLT3,B,B,N,B,N,N,N,B,B,N,B,B,B,B,B,B,B,B,N,N,B,N,N,B,B,B,B,B,N,B,B,N
GAL2,B,B,N,B,N,N,N,B,B,N,B,B,B,B,B,B,B,B,N,N,B,N,N,B,B,B,B,B,N,B,B,N
HXT2,B,B,N,B,N,N,N,B,B,N,B,B,B,B,B,B,B,B,N,N,B,N,N,B,B,B,B,B,N,B,B,N
HLT4;HXT17,B,B,N,B,N,N,N,B,B,N,B,B,B,B,B,B,B,B,N,N,B,N,N,B,B,B,B,B,N,B,B,N
LGT3;HXT11,B,B,N,B,N,N,N,B,B,N,B,B,B,B,B,B,B,B,N,N,B,B,N,B,B,B,B,B,N,B,B,N
GPR1,N,N,N,N,N,N,N,N,N,N,N,N,N,N,N,N,N,N,N,N,N,N,N,N,N,N,N,N,N,N,N,N
SSP101;GPA2,C,N,N,N,N,N,C,C,N,N,N,N,C,C,C,N,N,N,C,N,C,N,N,C,N,C,N,C,N,C,C,N
TSL7;RAS2;GLC5;CTN5;CYR3,D,D,D,D,D,D,D,D,D,D,D,D,D,D,D,D,D,D,D,D,D,D,D,D,D,D,D,D,D,D,D,D
SRA3;PKA1;TPK1,D,D,D,D,D,D,D,D,D,D,D,D,D,D,D,D,D,D,D,D,D,D,D,D,D,D,D,D,D,D,D,D
TPK3,D,D,D,D,D,D,D,D,D,D,D,D,D,D,D,D,D,D,D,D,D,D,D,D,D,D,D,D,D,D,D,D
PKA3;YKR1;TPK2;PKA2,D,D,D,D,D,D,D,D,D,D,D,D,D,D,D,D,D,D,D,D,D,D,D,D,D,D,D,D,D,D,D,D
SOK2,N,N,N,N,N,N,N,N,N,N,N,N,N,N,N,N,N,N,N,N,N,N,N,N,N,N,N,N,N,N,N,N
RIM15;TAK1,D,D,D,D,D,D,D,D,D,D,D,D,D,D,D,D,D,D,D,D,D,D,D,D,D,D,D,D,D,D,D,D
MSN4,D,D,D,D,D,D,D,D,D,N,D,D,D,D,D,D,N,N,D,D,D,D,D,D,D,D,D,D,D,D,D,D
MSN2,D,D,D,D,D,D,D,D,D,N,D,D,D,D,D,D,N,N,D,D,D,D,D,D,D,D,D,D,D,D,D,D
CCR1;CAT1;HAF3;SNF1;GLC2;PAS14,D,D,D,D,D,D,D,D,D,D,D,D,D,D,D,D,D,D,D,D,D,D,D,D,D,D,D,D,D,D,D,D
DRR2;TOR2,C,C,C,C,C,C,C,C,C,C,C,C,C,C,C,C,C,C,C,C,C,C,C,C,C,C,C,C,C,C,C,C
CLN3;DAF1;WHI1;FUN10,A,A,A,A,A,A,N,A,A,N,A,A,A,A,A,N,A,A,N,N,N,A,A,A,N,A,A,N,A,A,A,A
CLN2,N,N,N,A,N,N,N,N,A,N,N,N,N,A,A,N,N,N,N,N,A,N,N,N,A,N,N,N,N,N,N,A
IME1,N,N,N,N,N,N,N,N,N,N,N,N,N,N,N,N,N,N,N,N,N,N,N,N,N,N,N,N,N,N,N,N
IME2;SME1,D,D,D,D,D,D,D,D,D,D,D,D,D,D,D,D,D,D,D,D,D,D,D,D,D,D,D,D,D,D,D,D
HMRA1;YCR097WB,N,N,N,N,N,N,N,N,N,N,N,N,N,N,N,N,N,N,N,N,N,N,N,N,N,N,N,N,N,N,N,N
HMLALPHA2;ALPHA2,A,A,A,N,N,A,A,A,A,N,N,A,N,A,N,N,N,A,A,A,A,A,A,A,A,A,A,A,A,N,A,A
MATALPHA2;ALPHA2,A,A,A,N,N,A,A,A,A,N,N,A,N,A,N,N,N,A,A,A,A,A,A,A,A,A,A,A,A,N,A,A
HMRA2;A2,A,A,A,N,N,A,A,A,A,N,N,A,N,A,N,N,N,A,A,A,A,A,A,A,A,A,A,A,A,N,A,A
NDT80,N,N,N,N,N,N,N,N,N,N,N,N,N,N,N,N,N,N,N,N,N,N,N,N,N,N,N,N,N,N,N,N
SPO11,D,N,D,N,D,N,D,D,D,N,D,N,N,D,N,N,N,N,N,D,N,N,N,N,D,D,N,N,N,N,D,D
DMC1;ISC2,B,B,N,N,B,N,B,N,B,N,N,N,N,N,N,N,N,B,B,N,B,N,N,B,B,N,N,N,N,N,B,N
ZIP1,D,D,D,D,D,D,D,D,D,N,D,D,D,D,D,D,D,D,D,D,D,D,D,D,D,D,D,D,D,D,D,D
CDC5;MSD2;PKX2,D,D,D,D,D,D,D,D,D,D,D,D,D,D,D,D,D,D,D,D,D,D,D,D,D,D,D,D,D,D,D,D
SCB1;CLB1,A,A,A,A,A,A,A,A,A,N,A,A,A,A,A,A,A,A,N,A,A,A,A,A,A,A,A,A,A,A,A,A
CLB3,A,A,A,A,A,A,A,A,A,N,A,A,A,A,A,A,A,A,N,A,A,A,A,A,A,A,A,A,A,A,A,A
CLB4,A,A,A,A,A,A,A,A,A,N,A,A,A,A,A,A,A,A,N,A,A,A,A,A,A,A,A,A,A,A,A,A
BYC1;SIC1;SDB25,N,N,N,N,N,N,N,N,N,N,N,N,N,N,N,N,N,N,N,N,N,N,N,N,N,N,N,N,N,N,N,N
HSL5;CDK1;CDC28;SRM5,D,D,D,D,D,D,D,D,D,D,D,D,D,D,D,D,D,D,D,D,D,D,D,D,D,D,D,D,D,D,D,D
CLB6,A,A,A,A,A,A,A,A,A,N,A,A,A,A,A,A,A,A,N,A,A,A,A,A,A,A,A,A,A,A,A,A
CLB5,A,A,A,A,A,A,A,A,A,N,A,A,A,A,A,A,A,A,N,A,A,A,A,A,A,A,A,A,A,A,A,A
RME1;CSP1,N,N,N,N,N,N,N,N,N,N,N,N,N,N,N,N,N,N,N,N,N,N,N,N,N,N,N,N,N,N,N,N
CDC6,N,N,N,N,N,N,N,N,N,N,N,N,N,N,N,N,N,N,N,N,N,N,N,N,N,N,N,N,N,N,N,N
CDT1;TAH11;SID2,N,N,N,N,N,N,N,N,N,N,N,N,N,N,N,N,N,N,N,N,N,N,N,N,N,N,N,N,N,N,N,N
CDC45;SLD4,N,A,N,N,N,A,N,N,N,N,A,N,N,N,N,N,N,N,N,N,N,N,N,N,N,N,N,N,N,N,A,N
LSD6;SAS1;CDC7,D,D,D,D,D,D,D,D,D,D,D,D,D,D,D,D,D,D,D,D,D,D,D,D,D,D,D,D,D,D,D,D
LSD7;DNA52;DBF4,N,N,N,N,N,N,N,N,N,N,N,N,N,N,N,N,N,N,N,N,N,N,N,N,N,N,N,N,N,N,N,N
WEE1;SWE1,D,D,D,D,D,D,D,D,D,D,D,D,D,D,D,D,D,D,D,D,D,D,D,D,D,D,D,D,D,D,D,D
SUM1,N,N,N,N,N,N,N,N,N,N,N,N,N,N,N,N,N,N,N,N,N,N,N,N,N,N,N,N,N,N,N,N
MAM1,N,N,N,N,N,N,N,N,N,N,N,N,N,N,N,N,N,N,N,N,N,N,N,N,N,N,N,N,N,N,N,N
LRS4,N,N,N,N,N,N,N,N,N,N,N,N,N,N,N,N,N,N,N,N,N,N,N,N,N,N,N,N,N,N,N,N
SMC3,D,D,D,D,D,D,D,D,D,D,D,D,D,D,D,D,D,D,D,D,D,D,D,D,D,D,D,D,D,D,D,D
SMC1;CHL10,D,D,D,D,D,D,D,D,D,D,D,D,D,D,D,D,D,D,D,D,D,D,D,D,D,D,D,D,D,D,D,D
REC8;SPO69,N,N,N,N,N,N,N,N,N,N,N,N,N,N,N,N,N,N,N,N,N,N,N,N,N,N,N,N,N,N,N,N
IRR1;SCC3,N,A,N,N,N,A,N,N,N,N,A,N,A,N,N,N,N,A,N,N,N,N,N,N,A,N,N,N,N,N,A,N
APC3;CDC27;SNB1,D,D,D,D,D,D,D,D,D,N,D,D,D,D,D,D,D,D,D,D,D,D,D,D,D,D,D,D,D,D,D,D
APC11,C,C,C,C,C,C,C,C,C,N,C,C,C,C,C,C,C,C,C,C,C,C,C,C,C,C,C,C,C,C,C,C
APC4,N,N,N,N,N,N,N,N,N,N,N,N,N,N,N,N,N,N,N,N,N,N,N,N,N,N,N,N,N,N,N,N
APC13;SWM1,N,N,N,N,N,N,N,N,N,N,N,N,N,N,N,N,N,N,N,N,N,N,N,N,N,N,N,N,N,N,N,N
CDC26;SCD26;HIT3,N,N,N,N,N,N,N,N,N,N,N,N,N,N,N,N,N,N,N,N,N,N,N,N,N,N,N,N,N,N,N,N
APC10;DOC1,D,D,D,N,D,D,D,D,D,N,D,D,D,D,D,D,D,D,D,D,D,D,D,D,D,D,D,D,D,D,D,D
CDC23,D,D,D,D,D,D,D,D,D,N,D,D,D,D,D,D,D,D,D,D,D,D,D,D,D,D,D,D,D,D,D,D
CDC16,D,D,D,D,D,D,D,D,D,N,D,D,D,D,D,D,D,D,D,D,D,D,D,D,D,D,D,D,D,D,D,D
APC9,N,N,N,N,N,N,N,N,N,N,N,N,N,N,N,N,N,N,N,N,N,N,N,N,N,N,N,N,N,N,N,N
RSI1;APC2;TID2,N,A,N,N,A,A,N,A,A,N,A,N,N,A,A,N,N,A,N,A,A,N,A,A,N,A,N,A,N,N,A,N
APC1,N,N,C,N,C,N,N,C,C,N,C,C,C,N,N,N,C,N,N,N,C,N,C,N,N,N,N,N,N,N,N,N
APC5;RMC1,B,N,B,B,B,B,N,B,B,N,B,B,B,B,N,N,N,B,N,B,B,B,B,B,B,N,N,B,B,N,N,N
SPO70;AMA1,D,D,D,D,D,D,D,D,D,D,D,D,D,D,D,D,D,D,D,D,D,D,D,D,D,D,D,D,D,D,D,D
ESP1,A,N,N,A,N,N,N,A,A,N,A,N,N,N,N,N,N,A,A,N,A,N,A,N,N,N,N,N,A,N,A,N
PDS1,N,N,N,N,N,N,N,N,N,N,N,N,N,N,N,N,N,N,N,N,N,N,N,N,N,N,N,N,N,N,N,N
PAC5;CDC20,D,D,D,D,D,D,D,D,D,D,D,D,D,D,D,D,D,D,D,D,D,D,D,D,D,D,D,D,D,D,D,D
MND2,N,N,N,N,N,N,N,N,N,N,N,N,N,N,N,N,N,N,N,N,N,N,N,N,N,N,N,N,N,N,N,N
YOR29-24;SGO1,N,N,N,N,N,N,N,N,N,N,N,N,N,N,N,N,N,N,N,N,N,N,N,N,N,N,N,N,N,N,N,N
OAF3;CDC14,D,N,D,D,N,N,N,D,N,N,N,N,N,N,D,N,D,N,D,N,D,D,N,D,N,N,D,N,N,D,D,N
RIM11;MDS1;GSK3,D,D,D,D,D,D,D,D,D,D,D,D,D,D,D,D,D,D,D,D,D,D,D,D,D,D,D,D,D,D,D,D
GIP1,N,N,N,N,N,N,N,N,N,N,N,N,N,N,N,N,N,N,N,N,N,N,N,N,N,N,N,N,N,N,N,N
SPS1,D,D,D,D,D,D,D,D,D,D,D,D,D,D,D,D,D,D,D,D,D,D,D,D,D,D,D,D,D,D,D,D
SPR3,D,D,D,D,D,N,N,D,D,N,N,N,D,D,D,D,N,N,D,D,D,N,D,D,D,D,N,D,N,D,D,D
SPS4,N,N,N,N,N,N,N,N,N,N,N,N,N,N,N,N,N,N,N,N,N,N,N,N,N,N,N,N,N,N,N,N
CHK1,D,D,D,D,D,D,D,D,D,D,D,D,D,D,D,D,D,D,D,D,D,D,D,D,D,D,D,D,D,D,D,D
RAD9,N,N,N,N,N,N,N,N,N,N,N,N,N,N,N,N,N,N,N,N,N,N,N,N,N,N,N,N,N,N,N,N
DDC1,N,N,N,N,N,N,N,N,N,N,N,N,N,N,N,N,N,N,N,N,N,N,N,N,N,N,N,N,N,N,N,N
MEC3;PSO9;PIP3,N,N,N,N,N,N,N,N,N,N,N,N,N,N,N,N,N,N,N,N,N,N,N,N,N,N,N,N,N,N,N,N
RAD24,N,N,N,N,N,N,N,N,N,N,N,N,N,N,N,N,N,N,N,N,N,N,N,N,N,N,N,N,N,N,N,N
RAD17,N,N,N,N,N,N,N,N,N,N,N,N,N,N,N,N,N,N,N,N,N,N,N,N,N,N,N,N,N,N,N,N
MEC1;ESR1;RAD31;SAD3,A,A,A,A,A,A,N,A,A,A,A,A,A,A,A,A,A,A,A,A,A,A,A,A,A,A,A,A,A,A,A,A
LSD1;RAD53;SPK1;MEC2,D,D,D,D,D,D,D,D,D,D,D,D,D,D,D,D,D,D,D,D,D,D,D,D,D,D,D,D,D,D,D,D
MRE4;MEK1,D,D,D,D,D,D,D,D,D,D,D,D,D,D,D,D,D,D,D,D,D,D,D,D,D,D,D,D,D,D,D,D
RED1,N,N,N,N,N,N,N,N,N,N,N,N,N,N,N,N,N,N,N,N,N,N,N,N,N,N,N,N,N,N,N,N
PPZ2,D,D,D,D,D,D,D,D,D,N,D,D,D,D,D,D,D,D,D,D,D,D,D,D,D,D,D,D,D,D,D,D
GLC7;CID1;DIS2,D,D,D,D,D,D,D,D,D,N,D,D,D,D,D,D,D,D,D,D,D,D,D,D,D,D,D,D,D,D,D,D
PPZ1,D,D,D,D,D,D,D,D,D,N,D,D,D,D,D,D,D,D,D,D,D,D,D,D,D,D,D,D,D,D,D,D
PPQ1;SAL6,D,D,D,D,D,D,D,D,D,N,D,D,D,D,D,D,D,D,D,D,D,D,D,D,D,D,D,D,D,D,D,D
HOP1,A,N,N,N,N,N,N,N,N,N,A,A,N,N,N,N,N,N,N,N,N,N,N,N,A,N,N,N,N,N,A,N
SDB21;SPO12,N,N,N,N,N,N,N,N,N,N,N,N,N,N,N,N,N,N,N,N,N,N,N,N,N,N,N,N,N,N,N,N
SLK19,D,D,D,D,D,D,D,D,D,N,D,D,D,D,D,D,D,D,D,D,D,D,D,D,D,D,D,D,D,D,D,D
SSP1;SPO3,N,N,N,N,N,N,N,N,N,N,N,N,N,N,N,N,N,N,N,N,N,N,N,N,N,N,N,N,N,N,N,N
MAD2,A,A,A,N,A,N,N,N,A,N,N,N,N,N,N,N,N,A,A,A,A,A,A,N,A,A,A,N,A,N,A,N
MAD1,N,N,A,N,N,A,A,A,N,N,N,N,N,N,N,N,N,A,N,N,N,N,N,N,A,N,N,N,A,N,N,N
CDC15;LYT1,D,D,D,D,D,D,D,D,D,D,D,D,D,D,D,D,D,D,D,D,D,D,D,D,D,D,D,D,D,D,D,D
SDS11;SWI6;PSL8,D,D,D,D,D,D,D,D,D,N,D,D,D,D,D,D,D,D,D,D,D,D,D,D,D,D,D,D,D,D,D,D
ART1;SWI4,D,D,D,D,D,D,D,D,D,N,D,D,D,D,D,D,D,D,D,D,D,D,D,D,D,D,D,D,D,D,D,D
TSM0185;CYR1;SRA4;FIL1;CDC35;HSR1,D,D,D,D,D,D,D,D,D,N,D,D,D,D,D,D,D,D,D,D,D,D,D,D,D,D,D,D,D,D,D,D
RIM16;CAR80;NIM2;UME6,N,N,N,N,N,N,N,N,N,N,N,N,N,N,N,N,N,N,N,N,N,N,N,N,N,N,N,N,N,N,N,N
RTS1;SCS1,N,A,A,N,N,N,N,A,A,N,A,A,N,N,N,N,A,A,N,A,N,N,A,N,N,A,N,N,N,N,A,A
TPD3;FUN32,N,N,A,A,A,A,A,N,A,N,A,N,A,N,N,N,A,N,N,A,A,A,N,N,N,A,A,A,N,N,A,N
PPH21,D,D,D,D,D,D,D,D,D,N,D,D,D,D,D,D,D,D,D,D,D,D,D,D,D,D,D,D,D,D,D,D
PPH2;PPH22,D,D,D,D,D,D,D,D,D,N,D,D,D,D,D,D,D,D,D,D,D,D,D,D,D,D,D,D,D,D,D,D
BUB1,D,D,D,D,N,N,D,D,D,N,D,D,D,D,D,N,D,D,D,D,D,D,D,D,D,D,D,D,D,D,D,D
