LOS1,N,N,A,N,A,A,N,N,A,N,A,A,N,N,N,N,N,N,N,N,A,N,A,N,N,N,N,A,N,N,A,N
GSP1;CNR1;CST17,D,D,D,D,D,D,D,D,D,D,D,D,D,D,D,D,D,D,D,D,D,D,D,D,D,D,D,D,D,D,D,D
CNR2;GSP2,D,D,D,D,D,D,D,D,D,D,D,D,D,D,D,D,D,D,D,D,D,D,D,D,D,D,D,D,D,D,D,D
XPO1;CRM1;KAP124,N,N,A,N,A,A,N,A,A,N,A,A,A,N,N,N,N,A,N,N,A,N,A,N,N,N,N,A,N,A,A,N
STO1;GCR3;CBC1;SUT1;CBP80,N,N,N,N,N,N,N,N,N,N,N,N,N,N,N,N,N,N,N,N,N,N,N,N,N,N,N,N,N,N,N,N
SAE1;CBP20;MUD13;CBC2,B,N,B,B,B,B,B,B,B,N,B,B,B,B,B,B,B,B,B,B,B,B,B,B,B,B,B,B,B,N,B,B
TGS1,N,D,N,N,N,N,N,N,D,N,D,D,D,D,N,N,N,D,N,N,N,N,N,N,N,N,D,N,N,N,D,N
RSL1;KAP95,A,A,N,N,A,N,A,N,A,N,A,A,A,A,N,N,A,N,N,A,N,A,N,A,N,N,N,N,N,N,A,A
FAL1,D,D,D,D,D,D,D,D,D,D,D,D,D,D,D,D,D,D,D,D,D,D,D,D,D,D,D,D,D,D,D,D
MEX67,N,N,N,N,A,N,N,N,N,N,A,N,N,N,A,N,N,N,N,N,N,N,N,N,N,A,N,N,A,N,A,A
SHE11;YRA1,N,N,N,N,N,N,N,N,N,N,N,N,N,N,N,N,N,N,N,N,N,N,N,N,N,N,N,N,N,N,N,N
MTR2,N,N,N,N,N,N,N,N,N,N,N,N,N,N,N,N,N,N,N,N,N,N,N,N,N,N,N,N,N,N,N,N
NUP49;NSP49,N,A,N,N,N,N,N,A,N,N,A,N,N,A,N,A,N,A,A,A,N,A,N,N,A,N,N,A,N,A,A,N
NUP192,N,N,N,N,N,N,N,N,N,N,N,N,N,N,N,N,N,N,N,N,N,N,N,N,N,N,N,N,N,N,N,N
NUP188,N,N,N,N,N,N,N,N,N,N,N,N,N,N,N,N,N,N,N,N,N,N,N,N,N,N,N,N,N,N,N,N
NSP1,D,D,N,N,D,D,N,D,D,N,N,N,D,N,D,D,N,N,N,D,D,D,N,D,N,D,D,D,N,N,D,D
MLP2,D,D,D,D,D,D,D,D,D,N,D,D,D,D,D,D,D,D,D,D,D,D,D,D,D,D,D,D,D,D,D,D
MPL1;MLP1,D,D,D,D,D,D,D,D,D,N,D,D,D,D,D,D,D,D,D,D,D,D,D,D,D,D,D,D,D,D,D,D
NIC96,A,N,N,N,N,N,N,A,N,N,A,N,N,N,N,N,N,N,N,N,N,N,N,N,N,N,N,A,N,N,A,N
NUP57,A,A,A,A,N,N,N,A,A,N,A,A,A,A,N,A,A,A,A,A,A,A,N,A,A,A,A,A,A,A,A,A
NLE3;NUP170,N,A,N,N,A,A,A,A,N,N,A,N,N,N,A,N,A,A,N,N,A,N,A,N,A,N,N,N,N,N,N,N
NUP157,N,A,N,N,A,A,A,A,N,N,A,N,N,N,A,N,A,A,N,N,A,N,A,N,A,N,N,N,N,N,N,N
NUP100;NSP100,N,N,N,N,N,N,N,N,N,N,N,N,N,N,N,N,N,N,N,N,N,N,N,N,N,N,N,N,N,N,N,N
NSP116;NUP116,N,A,N,N,N,N,N,A,N,N,A,N,N,A,N,A,N,A,A,A,N,A,N,N,A,N,N,A,N,A,A,N
SEC13;ANU3,D,D,D,D,D,D,D,D,D,D,D,D,D,D,D,D,D,D,D,D,D,D,D,D,D,D,D,D,D,D,D,D
NUP120;RAT2,N,N,N,N,N,N,N,N,N,N,N,N,N,N,N,N,N,N,N,N,N,N,N,N,N,N,N,N,N,N,N,N
NUP84,N,N,N,N,N,N,N,N,N,N,N,N,N,N,N,N,N,N,N,N,N,N,N,N,N,N,N,N,N,N,N,N
RAT9;NUP85,N,N,N,N,N,N,N,N,N,N,N,N,N,N,N,N,N,N,N,N,N,N,N,N,N,N,N,N,N,N,N,N
SEH1,D,D,D,D,D,D,D,D,D,D,D,D,D,D,D,D,D,D,D,D,D,D,D,D,D,D,D,D,D,D,D,D
GLE2;RAE1,D,D,D,D,D,D,D,D,D,D,D,D,D,D,D,D,D,D,D,D,D,D,D,D,D,D,D,D,D,D,D,D
NUP133;RAT3,N,N,N,N,N,N,N,N,N,N,N,N,N,N,N,N,N,N,N,N,N,N,N,N,N,N,N,N,N,N,N,N
NDC1,N,N,N,N,N,N,N,N,N,N,N,N,N,N,N,N,N,N,N,N,N,N,N,N,N,N,N,N,N,N,N,N
UBC9,D,D,D,D,D,D,D,D,D,D,D,D,D,D,D,D,D,D,D,D,D,D,D,D,D,D,D,D,D,D,D,D
RNA1,B,B,B,B,B,B,B,B,B,N,B,B,B,B,B,B,B,B,B,B,B,B,B,B,N,B,B,B,B,B,B,B
SMT3,A,A,N,A,N,A,N,A,N,N,A,A,N,N,N,N,A,N,N,N,N,N,A,A,N,A,N,N,N,A,A,A
HSL7,N,C,N,N,C,N,N,N,C,N,C,N,N,C,N,N,C,N,N,C,N,C,N,N,N,N,N,N,N,C,C,N
MSN5;STE21;KAP142,N,N,A,N,N,N,N,A,A,N,N,N,A,N,N,N,N,A,N,N,N,N,N,N,N,N,N,N,N,A,N,N
TEF2,D,D,D,D,D,D,D,D,D,D,D,D,D,D,D,D,D,D,D,D,D,D,D,D,D,D,D,D,D,D,D,D
TEF1,D,D,D,D,D,D,D,D,D,D,D,D,D,D,D,D,D,D,D,D,D,D,D,D,D,D,D,D,D,D,D,D
SRC5;NMD3,N,N,N,A,A,A,N,A,N,N,A,N,N,N,N,N,A,N,N,N,N,N,A,A,N,N,A,A,N,N,A,N
SUP113;NAM7;SUT2;IFS2;UPF1;MOF4,D,D,D,D,D,D,D,D,D,D,D,D,D,D,D,D,D,D,D,D,D,D,D,D,D,D,D,D,D,D,D,N
SUB2,D,D,D,D,D,D,D,D,D,D,D,D,D,D,D,D,D,D,D,D,D,D,D,D,D,D,D,D,D,D,D,D
TIF11,D,D,D,N,N,N,D,D,D,D,D,D,D,N,N,D,D,D,N,D,D,D,D,N,D,D,D,D,N,N,D,D
SUI1;RFR1;MOF2,N,A,N,A,N,N,N,N,A,N,A,A,A,N,N,N,A,N,A,N,N,N,N,A,N,N,N,N,N,N,A,N
RPG1;TIF32,D,D,D,D,D,D,D,D,D,N,D,D,D,D,D,D,D,D,D,D,D,D,D,D,D,D,D,D,D,D,D,D
TIF35,B,B,B,B,B,B,B,B,B,B,B,B,B,B,B,B,B,B,B,B,B,B,B,B,B,B,B,B,B,B,B,B
HCR1,N,N,N,N,N,N,N,N,N,N,N,N,N,N,N,N,N,N,N,N,N,N,N,N,N,N,N,N,N,N,N,N
TIF34,D,D,D,D,D,D,D,D,D,D,D,D,D,D,D,D,D,D,D,D,D,D,D,D,D,D,D,D,D,D,D,D
NIP1,N,N,A,N,A,N,N,N,A,N,N,N,N,N,N,N,N,N,N,N,N,A,N,N,N,N,N,N,N,N,A,N
CDC63;DNA26;PRT1,D,D,D,D,D,D,D,D,D,N,D,D,D,D,D,D,D,D,D,D,D,D,D,D,D,D,D,D,D,D,D,D
CCA1;TNT1,N,N,B,B,N,B,B,N,N,N,N,N,N,N,N,N,N,N,N,N,B,N,N,N,N,N,N,N,N,N,N,N
FUN53;POP5,C,N,C,N,N,C,N,C,N,N,N,C,N,N,N,N,N,N,N,N,N,N,N,C,N,N,N,N,N,N,N,N
POP8,N,N,N,N,N,N,N,N,N,N,N,N,N,N,N,N,N,N,N,N,N,N,N,N,N,N,N,N,N,N,N,N
POP7;RPP2,N,N,N,N,N,N,N,N,N,N,N,N,N,N,N,N,N,N,N,N,N,N,N,N,N,N,N,N,N,N,N,N
POP4,A,N,N,N,N,N,N,A,A,N,A,A,N,A,A,N,N,N,N,N,N,N,A,A,A,A,N,N,N,N,A,A
POP6,N,N,N,N,N,N,N,N,N,N,N,N,N,N,N,N,N,N,N,N,N,N,N,N,N,N,N,N,N,N,N,N
RPP1,A,A,A,N,N,N,A,N,N,N,A,A,N,A,N,N,N,N,N,A,N,N,N,N,A,A,N,A,A,N,A,N
RPR2,N,N,N,N,N,N,N,N,N,N,N,N,N,N,N,N,N,N,N,N,N,N,N,N,N,N,N,N,N,N,N,N
RPM2,N,N,N,N,N,N,N,N,N,N,N,N,N,N,N,N,N,N,N,N,N,N,N,N,N,N,N,N,N,N,N,N
POP1,N,N,N,N,N,N,N,N,N,N,N,N,N,N,N,N,N,N,N,N,N,N,N,N,N,N,N,N,N,N,N,N
POP3,N,N,N,N,N,N,N,N,N,N,N,N,N,N,N,N,N,N,N,N,N,N,N,N,N,N,N,N,N,N,N,N
TRZ1,B,B,N,N,N,N,B,B,N,B,B,N,B,B,N,B,N,N,N,N,N,N,N,B,N,N,N,N,N,N,B,N
LDB5;RLR1;THO2;ZRG13,N,B,N,N,B,N,N,B,B,N,N,N,N,B,B,N,B,N,N,N,B,N,N,B,N,N,N,N,N,N,N,N
TEX1,D,D,D,D,D,D,D,D,D,D,D,D,D,D,D,D,D,D,D,D,D,D,D,D,D,D,D,D,D,D,D,D
PAB1,D,D,D,D,D,D,D,D,D,D,D,D,D,D,D,D,D,D,D,D,D,D,D,D,D,D,D,D,D,D,D,D
SUI4;GCD11,D,D,D,D,D,D,D,D,D,D,D,D,D,D,D,D,D,D,D,N,D,N,D,D,N,D,D,D,D,N,D,D
SUI2,N,D,N,D,D,D,D,D,D,D,D,D,D,D,N,D,D,D,D,D,N,D,N,D,D,D,D,N,N,N,D,N
SUI3,D,D,D,N,N,N,D,N,D,N,D,D,N,D,N,N,D,N,N,D,N,D,D,D,N,N,D,D,D,D,D,D
TIF2,D,D,D,D,D,D,D,D,D,D,D,D,D,D,D,D,D,D,D,D,D,D,D,D,D,D,D,D,D,D,D,D
TIF1,D,D,D,D,D,D,D,D,D,D,D,D,D,D,D,D,D,D,D,D,D,D,D,D,D,D,D,D,D,D,D,D
TIF45;CDC33,A,A,A,N,A,A,A,A,A,A,A,A,N,A,A,N,A,A,A,A,N,A,A,A,A,A,A,A,N,N,A,A
TIF4632,A,N,A,N,A,N,N,N,A,N,A,A,A,N,N,N,A,A,A,N,A,N,N,A,N,A,A,N,N,N,A,A
TIF4631,A,N,A,N,A,N,N,N,A,N,A,A,A,N,N,N,A,A,A,N,A,N,N,A,N,A,A,N,N,N,A,A
TIF5;SUI5,D,D,D,N,N,N,D,N,D,N,D,D,N,D,N,N,D,N,N,D,N,D,D,D,N,N,D,D,D,D,D,D
NMD2;IFS1;SUP111;SUA1;UPF2,N,A,N,N,N,N,A,N,N,N,N,N,N,N,N,N,A,N,N,N,A,N,N,N,N,A,N,N,N,N,N,N
SUA6;UPF3;SUP112,N,N,N,N,N,N,N,N,N,N,N,N,N,N,N,N,N,N,N,N,N,N,N,N,N,N,N,N,N,N,N,N
STM1;TIF3;RBL3,N,N,N,N,A,N,A,N,N,N,N,N,A,A,N,N,A,N,N,N,N,N,A,N,A,N,N,N,A,N,A,N
FUN12;yIF2,D,D,D,D,D,D,D,D,D,D,D,D,D,D,D,D,D,D,D,D,D,D,D,D,D,D,D,D,D,D,D,D
GCD6,A,A,N,N,N,N,N,N,A,N,A,N,N,N,N,N,N,N,N,N,N,A,N,A,N,A,N,A,N,N,N,N
GCD12;GCD2,N,N,D,D,N,D,N,N,D,N,D,N,N,N,D,N,N,D,N,D,N,D,N,D,N,N,D,D,D,D,D,N
AAS2;GCN3,N,N,D,D,N,D,N,N,D,N,D,N,N,N,D,N,N,D,N,D,N,D,N,D,N,N,D,D,D,D,D,N
GCD7,N,N,D,D,N,D,N,N,D,N,D,N,N,N,D,N,N,D,N,D,N,D,N,D,N,N,D,D,D,D,D,N
GCD1;TRA3,A,A,N,N,N,N,N,N,A,N,A,N,N,N,N,N,N,N,N,N,N,A,N,A,N,A,N,A,N,N,N,N
NUP53,N,N,N,N,N,N,N,N,N,N,N,N,N,N,N,N,N,N,N,N,N,N,N,N,N,N,N,N,N,N,N,N
85,N,N,N,N,N,N,N,N,N,N,N,N,N,N,N,N,N,N,N,N,N,N,N,N,N,N,N,N,N,N,N,N
86,N,N,N,N,N,N,N,N,N,N,N,N,N,N,N,N,N,N,N,N,N,N,N,N,N,N,N,N,N,N,N,N
87,N,N,N,N,N,N,N,N,N,N,N,N,N,N,N,N,N,N,N,N,N,N,N,N,N,N,N,N,N,N,N,N
88,N,N,N,N,N,N,N,N,N,N,N,N,N,N,N,N,N,N,N,N,N,N,N,N,N,N,N,N,N,N,N,N
89,N,N,N,N,N,N,N,N,N,N,N,N,N,N,N,N,N,N,N,N,N,N,N,N,N,N,N,N,N,N,N,N
90,N,N,N,N,N,N,N,N,N,N,N,N,N,N,N,N,N,N,N,N,N,N,N,N,N,N,N,N,N,N,N,N
91,N,N,N,N,N,N,N,N,N,N,N,N,N,N,N,N,N,N,N,N,N,N,N,N,N,N,N,N,N,N,N,N
92,N,N,N,N,N,N,N,N,N,N,N,N,N,N,N,N,N,N,N,N,N,N,N,N,N,N,N,N,N,N,N,N
KRE28,N,N,N,N,N,N,N,N,N,N,N,N,N,N,N,N,N,N,N,N,N,N,N,N,N,N,N,N,N,N,N,N
