TAT,D,N,D,D,D,D,N,D,D,N,D,D,D,D,D,D,D,D,D,D,D,D,D,D,N,N,N,D,D,N,D,D
SIPL;HMFT1638;ARD;Fe-ARD;ADI1;mtnD;MTCBP1;APL1;Ni-ARD,B,B,N,N,N,B,N,N,B,N,N,N,N,N,N,N,B,N,N,B,N,N,N,B,N,B,N,N,N,N,B,N
MMRP19;APIP2;APIP;CGI29;CGI-29;hAPIP,N,N,N,N,N,N,N,N,N,N,N,N,N,N,N,N,N,N,N,N,N,N,N,N,N,N,N,N,N,N,N,N
MRDI;MRI1;MTNA;M1Pi;Ypr118w,N,N,D,D,N,D,N,N,D,N,D,N,N,N,D,N,N,D,N,D,N,D,N,D,N,N,D,D,D,D,D,N
DMSMFH;BDMF;c86fus;LGMBF;HEL-249;MTAP;MSAP;DMSFH,N,N,N,N,N,N,N,N,N,N,N,N,N,N,N,N,N,N,N,N,N,N,N,N,N,N,N,N,N,N,N,N
PAPT;SRM;SPS1;SPDSY;SRML1,D,N,D,N,N,N,N,D,D,N,D,D,N,N,N,N,N,D,N,D,N,N,N,N,D,D,D,N,N,N,D,N
AMD;AMD1;ADOMETDC;SAMDC,N,B,B,N,B,B,N,N,B,N,B,N,N,B,N,N,B,B,N,N,N,N,N,B,B,B,N,N,N,B,B,B
CTH,N,N,D,N,D,N,D,D,N,N,N,N,N,D,D,N,D,N,N,N,N,N,N,D,N,N,N,N,D,N,N,N
CBSL,N,D,N,N,N,D,N,D,D,N,D,N,D,N,N,D,D,N,D,N,D,N,N,D,N,N,N,D,N,N,N,N
CBS;HIP4,N,D,N,N,N,D,N,D,D,N,D,N,D,N,N,D,D,N,D,N,D,N,N,D,N,N,N,D,N,N,N,N
HMAG;cblG;MTR;MS,N,N,N,N,N,B,N,N,N,N,B,N,N,N,N,N,N,N,N,B,N,N,B,N,N,N,N,N,N,N,N,N
BHMT;HEL-S-61p;BHMT1,N,N,N,N,N,N,N,N,N,N,N,N,N,N,N,N,N,N,N,N,N,N,N,N,N,N,N,N,N,N,N,N
TGR;MAT-II;MATIIbeta;SDR23E1;MAT2B;Nbla02999,N,N,N,N,N,N,N,N,N,N,N,N,N,N,N,N,N,N,N,N,N,N,N,N,N,N,N,N,N,N,N,N
SAMS;MAT;MATA1;MAT1A;SAMS1,D,D,D,D,D,D,D,D,D,N,D,D,D,D,D,D,D,D,D,D,D,D,D,D,D,D,D,D,D,D,D,D
MAT2A;SAMS2;MATII;MATA2,D,D,D,D,D,D,D,D,D,N,D,D,D,D,D,D,D,D,D,D,D,D,D,D,D,D,D,D,D,D,D,D
DCAL;PPP1R78;PRO0233;IRBIT;XPVKONA;AHCYL1,D,D,N,N,D,D,D,D,D,N,D,D,D,D,N,D,D,D,N,D,D,N,D,D,N,N,N,D,N,D,D,D
adoHcyase;AHCY;SAHH,D,D,N,N,D,D,D,D,D,N,D,D,D,D,N,D,D,D,N,D,D,N,D,D,N,N,N,D,N,D,D,D
ADOHCYASE3;IRBIT2;AHCYL2,D,D,N,N,D,D,D,D,D,N,D,D,D,D,N,D,D,D,N,D,D,N,D,D,N,N,N,D,N,D,D,D
AIM;MCMT;CXXC9;ADCADN;DNMT1;DNMT;HSN1E;m.HsaI,D,N,N,N,D,N,D,D,D,N,D,N,D,D,N,D,N,D,N,N,D,N,N,N,N,N,N,D,N,D,D,D
DNMT3A;DNMT3A2;TBRS;M.HsaIIIA,N,N,N,N,N,N,N,N,N,N,N,N,N,N,N,N,N,N,N,N,N,N,N,N,N,N,N,N,N,N,N,N
ICF;M.HsaIIIB;ICF1;DNMT3B,N,N,N,N,N,N,N,N,N,N,N,N,N,N,N,N,N,N,N,N,N,N,N,N,N,N,N,N,N,N,N,N
FIG1;LAO;IL4I1;LAAO,A,N,N,N,N,N,N,N,N,N,A,N,N,A,N,N,N,N,N,N,A,N,N,N,N,N,N,N,N,N,A,N
BHMT2,N,N,N,N,N,N,N,N,N,N,N,N,N,N,N,N,N,N,N,N,N,N,N,N,N,N,N,N,N,N,N,N
E1;MASA;MST145;mtnC;ENOPH1,A,A,N,N,A,A,N,N,N,N,A,N,A,N,N,N,A,N,N,N,N,A,N,N,N,N,N,N,N,N,A,N
SDH;SDS,N,D,N,N,N,D,N,D,D,N,D,N,D,N,N,D,D,N,D,N,D,N,N,D,N,N,N,D,N,N,N,N
SDSL;cSDH;SDS-RS1;SDH_2;TDH,N,D,N,N,N,D,N,D,D,N,D,N,D,N,N,D,D,N,D,N,D,N,N,D,N,N,N,D,N,N,N,N
ASTQTL1;AST1;cAspAT;cCAT;GIG18;GOT1,N,N,D,D,N,N,D,D,N,N,D,N,D,N,N,D,D,N,N,D,D,N,N,N,D,D,N,N,N,N,D,N
mitAAT;KYAT4;KAT4;KATIV;GOT2,N,N,D,D,N,N,D,D,N,N,D,N,D,N,N,D,D,N,N,D,D,N,N,N,D,D,N,N,N,N,D,N
CDO1;CDO-I,A,N,N,N,N,N,N,A,N,N,A,N,N,N,N,N,N,N,N,N,N,A,N,N,N,N,N,N,N,N,N,N
MPST;MST;TST2;TUM1,D,N,N,N,N,N,D,D,D,N,D,N,N,N,N,N,D,D,N,N,N,N,N,N,N,N,N,N,N,N,D,D
RDS;TST,D,N,N,N,N,N,D,D,D,N,D,N,N,N,N,N,D,D,N,N,N,N,N,N,N,N,N,N,N,N,D,D
LDH6A;LDHAL6A,B,N,N,N,N,N,N,B,N,N,B,N,N,N,N,B,B,N,N,N,N,N,B,N,N,N,N,N,N,N,B,N
LDHA;PIG19;GSD11;LDHM;HEL-S-133P,B,B,N,N,N,N,N,B,B,N,B,N,N,N,N,B,B,N,N,N,B,N,B,N,N,N,N,N,N,N,B,N
LDH-H;LDHBD;HEL-S-281;TRG-5;LDH-B;LDHB,B,B,N,N,N,N,N,B,B,N,B,N,N,N,N,B,B,N,N,N,B,N,B,N,N,N,N,N,N,N,B,N
LDH3;LDHX;CT32;LDHC,B,B,N,N,N,N,N,B,B,N,B,N,N,N,N,B,B,N,N,N,B,N,B,N,N,N,N,N,N,N,B,N
LDHAL6;LDHAL6B;LDHL;LDH6B,B,N,N,N,N,N,N,B,N,N,B,N,N,N,N,B,B,N,N,N,N,N,B,N,N,N,N,N,N,N,B,N
SMS;MRSR;SPMSY;SRS;SpS,D,N,D,N,N,N,N,D,D,N,D,D,N,N,N,N,N,D,N,D,N,N,N,N,D,D,D,N,N,N,D,N
HEL-S-32;MOR2;MGC:1375;MDHA;MDH-s;MDH1,B,B,N,N,N,N,N,B,B,N,B,N,N,N,N,B,B,N,N,N,B,N,B,N,N,N,N,N,N,N,B,N
MOR1;MDH;MGC:3559;M-MDH;MDH2;EIEE51,B,B,N,N,N,N,N,B,B,N,B,N,N,N,N,B,B,N,N,N,B,N,B,N,N,N,N,N,N,N,B,N
PP18;MECA39;BCT1;ECA39;BCATC;PNAS121;BCAT1,D,D,D,D,D,D,D,D,D,N,D,N,N,D,D,D,D,D,D,D,D,D,D,D,N,D,D,D,D,D,D,D
PP18;BCAM;BCT2;BCATM;BCAT2,D,D,D,D,D,D,D,D,D,N,D,N,N,D,D,D,D,D,D,D,D,D,D,D,N,D,D,D,D,D,D,D
BAIBA;DAIBAT;AGT2;AGXT2,D,D,D,N,N,D,N,D,D,N,D,D,D,D,D,D,D,D,D,D,D,D,D,D,N,D,D,D,D,D,D,D
GLCL;GCS;GCLC;GCL;GLCLC,A,A,N,N,N,A,A,N,N,N,A,A,A,A,A,A,A,A,N,A,A,N,N,N,A,A,A,N,A,N,A,N
GLCLR;GCLM,A,N,A,N,N,N,N,A,N,N,N,A,N,N,N,N,N,N,N,N,N,N,A,N,N,A,N,N,N,A,A,N
GSS;HEL-S-64p;GSHS;HEL-S-88n,B,B,B,N,N,B,N,N,N,N,B,B,N,B,N,B,B,B,B,B,B,B,N,B,B,B,B,N,N,B,B,B
