gtf2h4,A,N,N,A,A,N,A,N,N,A,N,N,A,N,A,N,N,N,N,N,N,N,N,A,A,A,N,A,A,A,N,A
gtf2h3,N,A,A,N,N,N,A,N,A,N,A,N,N,A,N,N,A,N,N,N,N,N,N,A,A,N,N,A,A,N,A,N
gtf2h2,A,A,A,N,A,A,A,N,A,N,N,N,N,N,N,A,A,A,N,N,N,N,A,N,N,N,N,A,A,A,A,A
gtf2h1,N,A,A,N,N,A,N,N,N,N,A,A,N,N,N,N,N,N,N,N,A,N,N,A,N,N,N,N,N,N,N,N
repD,D,N,D,N,D,D,N,D,D,N,D,D,N,D,D,D,N,D,D,N,D,D,D,D,D,D,D,D,N,D,D,D
gtf2h5,A,A,A,N,N,A,N,N,A,N,N,A,A,N,N,A,N,N,A,N,A,N,N,A,A,A,N,A,N,N,A,A
repB,B,N,B,N,B,N,N,B,N,N,B,N,B,B,N,N,B,B,B,B,N,N,B,N,N,B,N,N,N,N,B,B
cycH,D,D,D,D,D,D,D,D,D,N,D,D,D,D,D,D,D,D,D,D,D,D,D,D,D,D,D,D,D,D,D,D
mnat1,B,B,B,N,N,B,B,B,B,N,B,N,B,N,N,N,N,N,B,N,N,N,B,N,B,B,N,N,N,N,N,N
cdk7,D,D,D,D,D,D,D,D,D,D,D,D,D,D,D,D,D,D,D,D,D,D,D,D,D,D,D,D,D,D,D,D
repE,A,A,A,N,N,A,N,N,A,A,A,A,N,A,A,A,A,A,A,A,N,N,A,A,N,A,A,A,A,N,A,N
culD,A,A,A,N,A,A,A,A,A,N,A,A,A,A,A,A,A,A,A,A,A,N,A,A,N,A,N,A,N,N,A,A
rbx1,C,C,C,C,C,C,C,C,C,N,C,C,C,C,C,C,C,C,C,C,C,C,C,C,C,C,C,C,C,C,C,C
polA,N,N,B,N,B,N,N,N,B,N,B,N,N,B,N,B,B,N,N,N,B,N,B,N,N,N,N,N,N,B,N,N
lig1,D,D,D,D,D,D,D,D,D,N,D,D,D,D,D,D,D,D,D,D,D,D,D,D,D,D,D,D,D,D,D,D
rfc5,D,D,D,D,D,D,D,D,D,N,D,D,D,D,D,D,D,D,D,D,D,D,N,D,D,D,D,D,N,D,D,D
rfc1,D,D,D,D,D,D,D,D,D,N,D,D,D,D,D,D,D,D,D,D,D,D,N,D,D,D,D,D,N,D,D,D
rfc4,D,D,N,D,D,D,D,D,D,N,D,D,D,D,D,D,D,D,D,D,D,D,N,D,D,D,D,D,N,D,D,D
rfc2,D,D,D,D,D,D,D,D,D,N,D,D,D,D,D,D,D,D,D,D,D,D,N,D,D,D,D,N,N,D,D,D
rfc3,D,D,N,N,D,D,D,D,D,N,D,D,D,D,D,D,D,D,D,D,D,D,N,D,D,D,D,N,N,D,D,D
pcna,C,C,N,N,N,N,N,C,C,N,N,C,N,N,N,N,N,N,N,N,N,N,C,N,N,N,N,C,C,N,N,N
ybl1,C,C,C,N,N,C,N,N,C,N,C,C,C,N,C,N,N,C,N,C,C,N,C,C,C,C,C,C,C,C,C,C
23,A,A,A,A,A,A,A,A,A,N,A,N,A,A,A,A,A,A,A,A,A,N,A,A,A,A,A,A,A,A,A,A
24,A,A,A,N,A,N,A,A,N,N,A,A,A,A,A,A,A,N,N,N,A,A,N,A,A,A,A,N,A,A,N,A
25,N,N,N,N,N,N,N,N,N,N,N,N,N,N,N,N,N,N,N,N,N,N,N,N,N,N,N,N,N,N,N,N
ercc4,N,C,C,C,C,N,N,C,C,N,C,C,C,N,C,N,C,C,N,N,N,C,C,N,N,N,N,N,N,N,C,C
polD2,N,N,N,N,A,N,N,A,N,N,A,N,N,A,N,A,N,A,A,N,N,N,A,N,N,A,A,A,N,A,A,N
polD1,D,D,D,D,D,D,D,D,D,N,D,D,D,D,D,D,D,D,D,D,D,D,D,D,D,D,D,D,D,D,D,D
29,D,D,D,D,D,D,D,D,D,N,D,D,D,D,D,D,D,D,D,D,D,D,D,D,D,D,D,D,D,D,D,D
30,N,N,N,N,N,N,D,N,N,N,D,N,N,N,N,N,D,N,D,N,N,N,D,N,N,N,N,N,N,N,D,N
rfa1,N,N,D,N,N,N,D,D,D,N,D,N,D,D,N,N,D,N,D,N,N,N,D,D,N,N,N,N,D,D,D,D
ercc1,A,N,N,N,N,A,N,N,N,N,A,N,N,N,N,N,N,N,N,N,N,N,N,N,N,N,N,N,N,N,A,N
rcbA,D,D,D,D,D,D,D,D,D,D,D,D,D,D,D,D,D,D,D,D,D,D,D,D,D,D,D,D,D,D,D,D
ercc8,D,D,D,D,D,D,D,D,D,D,D,D,D,D,D,D,D,D,D,D,D,D,D,D,D,D,D,D,D,D,D,D
ercc6,D,D,D,D,D,D,D,D,D,N,D,D,D,D,D,D,D,D,D,D,D,D,D,D,D,D,D,D,D,D,D,D
rad4,N,N,N,N,A,N,N,N,N,N,A,A,N,N,N,N,N,N,N,N,N,N,N,N,N,N,N,N,N,A,N,N
