CMS15;ALG14,C,N,C,C,N,C,N,C,C,N,N,N,C,C,C,C,C,C,C,C,C,C,N,C,N,C,C,C,C,C,C,C
CDG1O;DPM3,A,A,N,N,N,N,N,N,A,N,N,N,N,N,N,A,N,A,N,A,A,N,N,N,N,A,N,N,N,N,A,N
CDG1U;DPM2,A,A,N,N,A,N,N,N,A,N,N,A,N,N,A,N,N,N,A,N,N,N,N,A,N,N,N,N,N,A,A,A
ALG6;CDG1C,D,D,D,N,D,D,D,D,D,N,D,D,D,D,D,D,D,D,D,D,D,D,D,D,D,D,D,D,D,N,D,D
ECM39;ALG12;PP14673;hALG12;CDG1G,N,A,A,N,N,N,N,N,A,N,N,N,N,N,A,A,A,N,N,N,A,A,N,A,A,N,N,A,N,N,N,N
ALG9;GIKANIS;DIBD1;CDG1L;LOH11CR1J,N,B,B,N,B,N,N,N,B,N,B,N,N,B,B,B,B,B,N,N,B,B,N,B,B,N,N,B,N,N,B,B
D16Ertd36e;NOT56L;ALG3;Not56;CDGS6;not;CDGS4;CDG1D,N,D,D,N,N,D,D,D,D,N,D,N,D,D,N,N,D,D,D,N,D,D,D,D,D,D,D,D,D,N,D,N
GnT-VB;GnT-IX;MGAT5B,N,N,N,N,N,N,N,N,N,N,N,N,N,N,N,N,N,N,N,N,N,N,N,N,N,N,N,N,N,N,N,N
MGAT5;GNT-VA;GNT-V,N,N,N,N,N,N,N,N,N,N,N,N,N,N,N,N,N,N,N,N,N,N,N,N,N,N,N,N,N,N,N,N
DOLPP1;LSFR2,N,N,A,N,N,A,N,N,A,N,A,N,N,A,N,N,A,N,N,N,A,N,N,N,A,N,N,N,A,N,A,A
FUT8,N,N,A,N,N,N,N,N,N,N,A,N,N,A,N,N,N,N,N,N,N,A,N,N,N,N,N,N,N,N,N,A
MGAT4C;HGNT-IV-H;GNTIVH,N,N,N,N,N,N,N,N,N,N,N,N,N,N,N,N,N,N,N,N,N,N,N,N,N,N,N,N,N,N,N,N
GGTB2;GTB;B4GAL-T1;GT1;beta4Gal-T1;CDG2D;B4GALT1,N,N,N,N,N,N,N,N,N,N,N,N,N,N,N,N,N,N,N,N,N,N,N,N,N,N,N,N,N,N,N,N
B4GALT3;beta4Gal-T3,N,N,N,N,N,N,N,N,N,N,N,N,N,N,N,N,N,N,N,N,N,N,N,N,N,N,N,N,N,N,N,N
B4Gal-T3;B4Gal-T2;B4GALT2;beta4Gal-T2,N,N,N,N,N,N,N,N,N,N,N,N,N,N,N,N,N,N,N,N,N,N,N,N,N,N,N,N,N,N,N,N
SIAT1;ST6GalI;ST6N;ST6GAL1,N,N,N,N,N,N,N,N,N,N,N,N,N,N,N,N,N,N,N,N,N,N,N,N,N,N,N,N,N,N,N,N
ST6GalII;SIAT2;ST6GAL2,N,N,N,N,N,N,N,N,N,N,N,N,N,N,N,N,N,N,N,N,N,N,N,N,N,N,N,N,N,N,N,N
GNT-III;GNT3;MGAT3,A,A,N,N,N,N,N,N,A,N,N,N,N,N,N,N,A,N,A,A,N,N,N,N,N,N,N,N,A,N,N,N
CDGS2;GNT2;CDG2A;GNT-II;MGAT2;GLCNACTII,N,N,N,N,N,N,N,N,N,N,N,N,N,N,N,N,N,N,N,N,N,N,N,N,N,N,N,N,N,N,N,N
MAN2A2;MANA2X,D,D,D,N,D,N,N,N,D,N,D,N,N,D,N,N,N,D,D,D,D,N,D,D,D,N,N,N,N,N,D,N
MAN2A1;GOLIM7;AMan_II;MANII;MANA2,D,D,D,N,D,N,N,N,D,N,D,N,N,D,N,N,N,D,D,D,D,N,D,D,D,N,N,N,N,N,D,N
MAN1A2;MAN1B,D,D,D,N,D,D,D,D,D,N,D,N,D,D,N,D,D,D,D,D,D,D,D,D,N,D,D,N,N,D,D,N
MANA-ER;ERMAN1;MAN1B1;ERManI;MRT15,D,D,D,N,D,D,D,D,D,N,D,N,D,D,N,D,D,D,D,D,D,D,D,D,N,D,D,N,N,D,D,N
HUMM9;MAN1A1;MAN9;HUMM3,D,D,D,N,D,D,D,D,D,N,D,N,D,D,N,D,D,D,D,D,D,D,D,D,N,D,D,N,N,D,D,N
HMIC;pp6318;MAN1C1;MAN1C;MAN1A3,D,D,D,N,D,D,D,D,D,N,D,N,D,D,N,D,D,D,D,D,D,D,D,D,N,D,D,N,N,D,D,N
GNT-IVB;GNT-IV;MGAT4B,N,N,N,N,N,N,N,N,N,N,N,N,N,N,N,N,N,N,N,N,N,N,N,N,N,N,N,N,N,N,N,N
MGAT4A;GNT-IV;GNT-IVA;GnT-4a,N,N,N,N,N,N,N,N,N,N,N,N,N,N,N,N,N,N,N,N,N,N,N,N,N,N,N,N,N,N,N,N
GnT1IP;MGAT4D,N,N,N,N,N,N,N,N,N,N,N,N,N,N,N,N,N,N,N,N,N,N,N,N,N,N,N,N,N,N,N,N
GANAB;GLUII;GIIA;PKD3;G2AN,N,N,N,N,N,C,N,N,C,N,C,N,N,N,C,N,N,N,N,N,C,C,N,N,N,N,N,N,N,N,C,C
CDG2B;DER7;MOGS;CWH41;GCS1,N,N,D,N,N,N,N,N,D,N,D,N,N,D,N,N,D,N,D,N,D,D,N,N,D,N,D,D,D,N,N,N
ALG11;CDG1P;GT8,N,N,N,N,N,N,N,A,N,N,A,N,N,N,N,N,N,A,N,N,N,N,N,N,N,N,N,A,N,N,N,N
STT3-B;STT3B;CDG1X;SIMP,D,D,N,D,N,N,N,D,N,N,D,D,N,N,D,N,D,N,N,N,N,N,D,N,N,N,N,N,N,D,N,N
STT3-A;STT3A;TMC;ITM1,D,D,N,D,N,N,N,D,N,N,D,D,N,N,D,N,D,N,N,N,N,N,D,N,N,N,N,N,N,D,N,N
bA421P11.2;ALG5,N,N,N,N,N,N,N,N,N,N,N,N,N,N,N,N,N,N,N,N,N,N,N,N,N,N,N,N,N,N,N,N
ALG2;CMSTA3;hALPG2;CDGIi;CDG1I;CMS14;NET38,N,N,N,N,N,N,N,A,N,N,A,N,N,N,N,N,N,A,N,N,N,N,N,N,N,N,N,A,N,N,N,N
HMT-1;Mat-1;CDG1K;hMat-1;HMAT1;MT-1;HMT1;ALG1,B,N,B,N,N,N,N,N,B,N,B,N,N,N,B,N,N,N,B,B,B,N,B,N,N,B,B,N,N,B,B,N
ALG13;CXorf45;YGL047W;GLT28D1;MDS031;TDRD13;EIEE36;CDG1S,B,B,B,N,B,B,B,B,B,N,B,B,B,B,B,B,N,N,B,B,B,N,B,N,N,B,N,N,N,N,B,B
MPDS;CDGIE;DPM1,N,N,N,N,N,N,N,N,N,N,N,N,N,N,N,N,N,N,N,N,N,N,N,N,N,N,N,N,N,N,N,N
CDG-Ij;DPAGT1;D11S366;G1PT;DGPT;ALG7;CMSTA2;DPAGT2;CMS13;DPAGT;UAGT;CDG1J;GPT;UGAT,N,N,N,N,N,N,N,N,N,N,N,N,N,N,N,N,N,N,N,N,N,N,N,N,N,N,N,N,N,N,N,N
DK1;DK;DOLK;SEC59;CDG1M;TMEM15,N,A,N,N,N,N,N,N,N,N,A,N,N,A,N,N,N,N,N,N,A,N,N,N,A,N,A,A,N,N,N,A
ALG10B;ALG10;KCR1,N,A,A,N,N,A,A,N,A,N,N,N,N,A,N,A,N,N,N,A,N,N,A,A,N,A,A,N,A,N,A,N
KCR1;ALG10;ALG10A;DIE2,N,A,A,N,N,A,A,N,A,N,N,N,N,A,N,A,N,N,N,A,N,N,A,A,N,A,A,N,A,N,A,N
CDG1H;ALG8,D,D,D,N,D,D,D,D,D,N,D,D,D,D,D,D,D,D,D,D,D,D,D,D,D,D,D,D,D,N,D,D
GNT-I;GLCT1;MGAT1;MGAT;GLYT1;GLCNAC-TI;GnTI;GNT-1,N,D,D,D,N,N,D,N,D,N,D,N,D,D,N,D,D,D,D,N,D,D,D,D,N,D,D,N,D,N,D,D
DAD1;OST2,A,A,A,N,N,N,A,A,A,N,N,N,N,N,N,A,A,N,N,A,A,N,N,N,N,A,A,A,N,N,A,A
OST;DDOST;OST48;AGER1;CDG1R;WBP1;OKSWcl45;GATD6,N,A,A,N,N,N,N,A,A,N,N,N,N,A,N,N,N,N,N,A,A,N,A,N,N,A,N,A,N,N,A,A
RBPH1;RPN1;OST1,A,A,A,N,N,A,A,A,A,N,A,A,N,N,A,A,N,A,A,A,A,N,N,A,A,N,A,A,N,N,A,A
SWP1;RPNII;RPN-II;RIBIIR;RPN2,N,N,N,N,N,N,N,N,N,N,N,N,N,N,N,N,N,N,N,N,N,N,N,N,N,N,N,N,N,N,N,N
OST3A;MRT22;MRT7;N33;D8S1992;TUSC3;M33,N,N,N,N,N,N,N,N,N,N,N,N,N,N,N,N,N,N,N,N,N,N,N,N,N,N,N,N,N,N,N,N
