STAM2B;STAM2A;STAM2;Hbp,A,A,A,A,A,N,N,N,A,N,A,A,A,A,A,A,A,A,A,A,A,A,A,A,A,A,A,A,A,A,A,A
STAM;STAM1;STAM-1,D,D,D,D,D,D,D,D,D,N,D,D,D,D,D,D,D,D,D,D,D,D,D,D,D,D,D,D,D,D,D,D
HGS;HRS,D,D,D,D,D,D,D,D,D,N,D,D,D,D,D,D,D,D,D,D,D,D,D,D,D,D,D,D,D,D,D,D
STAMBP;MICCAP;AMSH,D,D,D,N,N,N,D,D,D,N,D,D,N,D,D,D,D,N,D,N,D,D,D,D,D,D,N,D,N,D,D,D
UBPY;SPG59;HumORF8;USP8,B,B,B,B,B,B,B,B,B,N,B,B,B,B,B,B,B,B,B,B,B,B,B,B,B,B,B,B,B,B,B,B
DNM1;EIEE31;DNM,D,D,D,D,D,D,D,D,D,N,D,N,D,D,D,D,D,D,D,D,D,D,D,D,D,D,D,D,N,N,D,N
DNM2;CMT2M;DI-CMTB;LCCS5;DYN2;CMTDIB;DYNII;CMTDI1,A,A,A,A,A,A,A,A,A,N,A,N,A,A,A,A,A,A,A,A,A,A,A,A,A,A,A,A,N,N,A,N
Dyna_III;DNM3,A,A,A,A,A,A,A,A,A,N,A,N,A,A,A,A,A,A,A,A,A,A,A,A,A,A,A,A,N,N,A,N
RNF41;NRDP1;SBBI03;FLRF,B,B,B,B,N,N,B,N,B,N,B,B,N,B,N,B,B,B,B,B,B,B,N,B,N,B,N,N,B,B,B,B
WWP1;Tiul1;hSDRP1;AIP5,D,D,D,D,D,D,D,D,D,N,D,D,D,D,D,D,D,D,D,D,D,D,D,D,D,D,D,D,D,D,D,D
RSP5;PVNH7;hNEDD4-2;NEDD4.2;NEDD4L;NEDD4-2,D,D,D,D,D,D,D,D,D,N,D,D,D,D,D,D,D,D,D,D,D,D,D,D,D,D,D,D,D,D,D,D
CBL-SL;CBLC;CBL-3;RNF57,A,A,A,A,N,A,N,A,A,N,A,A,A,A,A,A,A,A,A,A,A,A,A,A,A,A,N,N,A,A,A,A
hdm2;ACTFS;HDMX;MDM2,D,D,D,D,D,D,D,D,D,N,D,D,D,D,D,D,D,D,D,D,D,D,D,D,D,D,D,D,D,D,D,D
NEDD4;RPF1;NEDD4-1,D,D,D,D,D,D,D,D,D,N,D,D,D,D,D,D,D,D,D,D,D,D,D,D,D,D,D,D,D,D,D,D
SMURF1,D,D,D,D,D,D,D,D,D,N,D,D,D,D,D,D,D,D,D,D,D,D,D,D,D,D,D,D,D,D,D,D
SMURF2,D,D,D,D,D,D,D,D,D,N,D,D,D,D,D,D,D,D,D,D,D,D,D,D,D,D,D,D,D,D,D,D
RNF85;TRAF6;MGC:3310,C,C,C,C,C,C,C,C,C,N,C,C,N,C,C,C,C,N,C,C,C,C,C,N,C,C,N,N,C,C,C,C
AIP4;ADMFD;NAPP1;AIF4;ITCH,D,D,D,D,D,D,D,D,D,N,D,D,D,D,D,D,D,D,D,D,D,D,D,D,D,D,D,D,D,D,D,D
NSLL;CBL;C-CBL;RNF55;FRA11B;CBL2,A,A,A,A,N,A,N,A,A,N,A,A,A,A,A,A,A,A,A,A,A,A,A,A,A,A,N,N,A,A,A,A
Cbl-b;RNF56;Nbla00127;CBLB,A,A,A,A,N,A,N,A,A,N,A,A,A,A,A,A,A,A,A,A,A,A,A,A,A,A,N,N,A,A,A,A
FH;LDLCQ2;LDLR;FHC,D,D,D,D,D,N,N,D,D,N,D,D,D,D,D,D,D,D,D,D,D,D,D,D,D,D,D,N,D,D,D,D
LCA;CLTA,N,N,N,N,N,N,N,N,N,N,N,N,N,N,N,N,N,N,N,N,N,N,N,N,N,N,N,N,N,N,N,N
CLTB;LCB,N,N,N,N,N,N,N,N,N,N,N,N,N,N,N,N,N,N,N,N,N,N,N,N,N,N,N,N,N,N,N,N
CHC17;CHC;CLTC;CLTCL2;Hc;CLH-17,A,N,A,A,A,N,A,A,N,N,A,A,N,N,N,N,N,A,N,A,A,N,A,N,N,A,N,N,N,N,A,A
CLTCL1;CLH22;CLTD;CLTCL;CHC22,A,N,A,A,A,N,A,A,N,N,A,A,N,N,N,N,N,A,N,A,A,N,A,N,N,A,N,N,N,N,A,A
AP50;CLAPM1;AP2M1;mu2,A,A,A,A,A,A,N,A,A,N,A,A,A,A,A,A,A,A,N,A,A,A,A,A,A,A,A,A,A,A,A,A
HHC3;FBH3;AP17;AP2S1;CLAPS2;FBHOk,A,A,A,A,A,A,N,A,A,N,A,A,A,A,A,A,A,A,A,A,A,A,A,A,A,A,A,A,N,A,A,A
ADTAA;AP2-ALPHA;AP2A1;CLAPA1,A,A,A,A,A,A,A,N,A,N,A,A,A,A,A,A,A,N,A,A,A,A,A,A,A,A,A,A,A,A,A,N
ADTAB;HIP9;AP2A2;HIP-9;HYPJ;CLAPA2,A,A,A,A,A,A,A,N,A,N,A,A,A,A,A,A,A,N,A,A,A,A,A,A,A,A,A,A,A,A,A,N
ADTB2;AP2-BETA;CLAPB1;AP2B1;AP105B,B,B,B,B,B,B,B,B,B,N,B,B,B,B,B,B,B,B,B,B,B,B,B,B,N,N,B,B,B,B,B,N
FAM125B;MVB12B;C9orf28,N,N,N,N,N,N,N,N,N,N,N,N,N,N,N,N,N,N,N,N,N,N,N,N,N,N,N,N,N,N,N,N
MVB12A;CFBP;FAM125A,N,N,N,N,N,N,N,N,N,N,N,N,N,N,N,N,N,N,N,N,N,N,N,N,N,N,N,N,N,N,N,N
PQBP2;VPS37A;HCRP1;SPG53,N,N,N,N,N,N,N,N,N,N,N,N,N,N,N,N,N,N,N,N,N,N,N,N,N,N,N,N,N,N,N,N
VPS37D;WBSCR24,N,N,N,N,N,N,N,N,N,N,N,N,N,N,N,N,N,N,N,N,N,N,N,N,N,N,N,N,N,N,N,N
VPS37C,N,N,N,N,N,N,N,N,N,N,N,N,N,N,N,N,N,N,N,N,N,N,N,N,N,N,N,N,N,N,N,N
VPS37B,N,N,N,N,N,N,N,N,N,N,N,N,N,N,N,N,N,N,N,N,N,N,N,N,N,N,N,N,N,N,N,N
VPS28,N,A,N,N,A,N,A,A,A,N,N,A,A,A,N,N,N,A,A,A,N,A,N,A,A,A,N,A,A,A,A,N
HSP72;HEL-S-103;HSPA1A;HSPA1;HSP70.1;HSP70-1A;HSP70I;HSP70-1,D,D,D,D,D,D,D,D,D,N,D,D,D,D,D,D,D,D,D,D,D,D,D,D,N,D,D,D,D,D,D,D
HSP70-1B;HSP70.2;HSP70-2;HSPA1B,D,D,D,D,D,D,D,D,D,N,D,D,D,D,D,D,D,D,D,D,D,D,D,D,N,D,D,D,D,D,D,D
HSPA1L;HSP70-HOM;HSP70T;hum70t;HSP70-1L,D,D,D,D,D,D,D,D,D,N,D,D,D,D,D,D,D,D,D,D,D,D,D,D,N,D,D,D,D,D,D,D
HSPA2;HSP70-2;HSP70-3,D,D,D,D,D,D,D,D,D,N,D,D,D,D,D,D,D,D,D,D,D,D,D,D,N,D,D,D,D,D,D,D
HSP70B';HSPA6,D,D,D,D,D,D,D,D,D,N,D,D,D,D,D,D,D,D,D,D,D,D,D,D,N,D,D,D,D,D,D,D
HSPA10;HSC70;NIP71;LAP1;LAP-1;HEL-S-72p;HSP71;HSP73;HSPA8;HEL-33;HSC54;HSC71,D,D,D,D,D,D,D,D,D,N,D,D,D,D,D,D,D,D,D,D,D,D,D,D,N,D,D,D,D,D,D,D
DJC6;PARK19;DNAJC6,D,D,D,D,D,D,D,D,D,N,D,D,D,D,D,D,D,D,D,D,D,D,D,D,D,D,D,D,D,D,D,D
C13orf9;CGI-145;VPS36;EAP45,A,N,N,N,A,N,N,N,N,N,N,N,N,A,N,N,A,N,A,N,N,N,A,A,N,N,N,N,N,N,N,N
TSG101;TSG10;VPS23,N,A,N,A,A,A,A,N,A,N,N,A,N,N,N,N,N,N,N,N,A,N,N,N,N,N,N,N,N,N,A,A
FAP20;DERP9;VPS25;EAP20,N,A,N,N,N,N,N,N,A,N,N,N,N,N,N,N,A,N,N,N,N,N,A,N,N,N,N,N,N,N,A,N
VPS22;EAP30;SNF8;Dot3,D,D,D,D,D,D,D,D,D,N,D,D,D,D,D,D,D,D,D,D,D,D,D,D,D,D,D,D,D,D,D,D
VPS20;CHMP6,A,A,N,N,N,A,N,A,A,N,N,A,N,N,N,N,A,N,A,A,N,N,A,A,N,N,N,A,A,N,N,A
RNF103-CHMP3;RNF103-VPS24,A,A,A,N,A,A,A,A,A,N,A,A,A,A,A,A,A,A,A,A,A,A,A,A,A,N,A,A,A,A,A,A
NEDF;CGI-149;VPS24;CHMP3,A,A,N,N,A,A,N,A,A,N,A,N,A,A,A,N,A,N,N,A,A,A,N,N,A,N,N,A,N,A,A,A
C20orf178;SNF7-2;Shax1;CHMP4A;SNF7;dJ553F4.4;VPS32B;CHMP4B;CTRCT31;Vps32-2;CTPP3,A,A,N,N,N,A,N,A,A,N,N,A,N,N,N,N,A,N,A,A,N,N,A,A,N,N,N,A,A,N,N,A
SNF7-1;VPS32A;VPS32-1;CHMP4A;CHMP4;SNF7;CHMP4B;SHAX2;C14orf123;HSPC134,A,A,N,N,N,A,N,A,A,N,N,A,N,N,N,N,A,N,A,A,N,N,A,A,N,N,N,A,A,N,N,A
CHMP4C;Shax3;SNF7-3;VPS32C,A,A,N,N,N,A,N,A,A,N,N,A,N,N,N,N,A,N,A,A,N,N,A,A,N,N,N,A,A,N,N,A
VPS46-1;CHMP1;VPS46A;PCOLN3;PCH8;PRSM1;CHMP1A,A,A,N,N,A,A,N,N,A,N,A,N,A,A,A,N,N,N,N,A,A,A,N,N,A,N,N,A,N,A,A,A
Vps46B;C18orf2;C18-ORF2;CHMP1.5;C10orf2;hVps46-2;Vps46-2;CHMP1B,A,A,N,N,A,A,N,A,A,N,A,N,A,A,A,N,A,N,N,A,A,A,N,N,A,N,N,A,N,A,A,A
DMT1;CHMP2.5;CHMP2B;VPS2B;VPS2-2;ALS17,A,A,N,N,A,A,N,A,A,N,A,N,A,A,A,N,A,N,N,A,A,A,N,N,A,N,N,A,N,A,A,A
VPS2;VPS2A;CHMP2;CHMP2A;BC2;BC-2,A,A,N,N,A,A,N,A,A,N,A,N,A,A,A,N,A,N,N,A,A,A,N,N,A,N,N,A,N,A,A,A
HP95;PDCD6IP;DRIP4;ALIX;AIP1,B,N,B,N,B,B,N,N,N,N,B,N,N,B,B,B,N,N,N,N,N,B,B,N,N,N,B,N,B,N,B,B
VPS4-1;SKD1;VPS4A;SKD2;VPS4;SKD1A,D,D,D,D,D,D,D,D,D,D,D,D,D,D,D,D,D,D,D,D,D,D,D,D,D,D,D,D,D,D,D,D
VPS4-2;SKD1;SKD1B;VPS4B;MIG1,D,D,D,D,D,D,D,D,D,D,D,D,D,D,D,D,D,D,D,D,D,D,D,D,D,D,D,D,D,D,D,D
C6orf55;DRG-1;LIP5;SBP1;DRG1;My012;HSPC228;VTA1,D,D,D,N,D,N,D,D,D,N,D,D,D,D,D,D,D,D,D,D,D,D,D,D,D,D,N,D,D,D,D,D
C9orf83;HSPC177;CGI-34;Vps60;SNF7DC2;PNAS-2;CHMP5,A,A,N,N,N,A,N,A,A,N,N,A,N,N,N,N,A,N,A,A,N,N,A,A,N,N,N,A,A,N,N,A
TKS;CDC42Hs;CDC42;G25K,D,D,D,D,D,D,D,D,D,D,D,D,D,D,D,D,D,D,D,D,D,D,D,D,D,D,D,D,D,D,D,D
PKCI;DXS1179E;PRKCI;nPKC-iota,D,D,D,D,D,D,D,D,D,D,D,D,D,D,D,D,D,D,D,D,D,D,D,D,D,D,D,D,D,D,D,D
PKC-ZETA;PRKCZ;PKC2,D,D,D,D,D,D,D,D,D,D,D,D,D,D,D,D,D,D,D,D,D,D,D,D,D,D,D,D,D,D,D,D
PAR6C;PAR6;PAR-6A;TIP-40;PARD6A;PAR6alpha;TAX40,D,D,D,D,D,D,D,D,D,N,D,N,N,D,D,D,D,D,D,D,D,D,D,D,D,D,D,D,D,D,D,D
PAR6gamma;PARD6G;PAR-6G,D,D,D,D,D,D,D,D,D,N,D,N,N,D,D,D,D,D,D,D,D,D,D,D,D,D,D,D,D,D,D,D
PARD6B;PAR6B,D,D,D,D,D,D,D,D,D,N,D,N,N,D,D,D,D,D,D,D,D,D,D,D,D,D,D,D,D,D,D,D
PARD3A;PARD3;SE2-5L16;PPP1R118;ASIP;PAR3alpha;Baz;SE2-5T2;SE2-5LT1;PAR3;PARD-3,D,D,D,D,D,D,D,D,D,N,D,N,N,D,D,D,D,D,D,D,D,D,D,D,N,D,D,D,D,D,D,D
ARF6,D,D,D,D,D,D,D,D,D,D,D,D,D,D,D,D,D,D,D,D,D,D,D,D,D,D,D,D,D,D,D,D
C-H-RAS;HAMSV;H-RASIDX;RASH1;C-HA-RAS1;p21ras;C-BAS/HAS;HRAS1;CTLO;HRAS,D,D,D,D,D,D,D,D,D,D,D,D,D,D,D,D,D,D,D,D,D,D,D,D,D,D,D,D,D,D,D,D
SRC;ASV;c-SRC;p60-Src;THC6;SRC1,D,D,D,D,D,D,D,D,D,D,D,D,D,D,D,D,D,D,D,D,D,D,D,D,D,D,D,D,D,D,D,D
RAB11A;YL8,D,D,D,D,D,D,D,D,D,D,D,D,D,D,D,D,D,D,D,D,D,D,D,D,D,D,D,D,D,D,D,D
H-YPT3;RAB11B,D,D,D,D,D,D,D,D,D,D,D,D,D,D,D,D,D,D,D,D,D,D,D,D,D,D,D,D,D,D,D,D
TFRC;TFR1;CD71;p90;IMD46;TRFR;TR;T9;TFR,N,N,B,N,N,B,N,N,N,N,N,N,B,N,N,N,N,N,N,N,B,N,B,B,N,N,N,B,N,N,B,B
EPN2;EHB21,D,N,N,N,D,D,D,D,D,N,D,N,D,D,N,D,N,D,D,D,D,D,D,D,N,D,D,D,N,D,D,D
EPN1,D,N,N,N,D,D,D,D,D,N,D,N,D,D,N,D,N,D,D,D,D,D,D,D,N,D,D,D,N,D,D,D
EPN3,D,N,N,N,D,D,D,D,D,N,D,N,D,D,N,D,N,D,D,D,D,D,D,D,N,D,D,D,N,D,D,D
MLLT5;AF1P;AF-1P;EPS15,D,D,D,D,D,N,N,N,D,N,D,D,D,D,D,D,D,D,D,D,D,D,D,D,D,D,D,D,D,D,D,D
EPS15L1;EPS15R,D,D,D,D,D,N,N,N,D,N,D,D,D,D,D,D,D,D,D,D,D,D,D,D,D,D,D,D,D,D,D,D
RAB5;RAB5A,D,D,D,D,D,D,D,D,D,D,D,D,D,D,D,D,D,D,D,D,D,D,D,D,D,D,D,D,D,D,D,D
RAB5B,D,D,D,D,D,D,D,D,D,D,D,D,D,D,D,D,D,D,D,D,D,D,D,D,D,D,D,D,D,D,D,D
RAB5L;RAB5CL;RAB5C;RABL;L1880,D,D,D,D,D,D,D,D,D,D,D,D,D,D,D,D,D,D,D,D,D,D,D,D,D,D,D,D,D,D,D,D
LDLRAP1;FHCB1;ARH1;ARH2;ARH;FHCB2,D,D,D,D,D,D,D,D,D,N,D,D,D,D,D,D,D,D,D,D,D,D,D,D,D,D,D,D,D,D,D,D
DOC-2;DOC2;DAB2,N,N,N,N,N,N,N,N,N,N,N,N,N,N,N,N,N,N,N,N,N,N,N,N,N,N,N,N,N,N,N,N
CCR-5;CCR5;CC-CKR-5;CKR-5;CKR5;IDDM22;CCCKR5;CD195;CMKBR5,N,N,N,N,N,N,N,N,N,N,N,N,N,N,N,N,N,N,N,N,N,N,N,N,N,N,N,N,N,N,N,N
CKR-1;C-C-CKR-1;CD128;IL8RBA;IL8RA;CD181;CMKAR1;C-C;IL8R1;CDw128a;CXCR1,N,N,N,N,N,N,N,N,N,N,N,N,N,N,N,N,N,N,N,N,N,N,N,N,N,N,N,N,N,N,N,N
CMKAR2;IL8RB;CXCR2;IL8RA;CDw128b;CD182;IL8R2,N,N,N,N,N,N,N,N,N,N,N,N,N,N,N,N,N,N,N,N,N,N,N,N,N,N,N,N,N,N,N,N
WHIMS;CXCR4;LCR1;HM89;D2S201E;HSY3RR;NPYY3R;LAP-3;FB22;CD184;NPY3R;WHIM;NPYR;LAP3;NPYRL;LESTR,N,N,N,N,N,N,N,N,N,N,N,N,N,N,N,N,N,N,N,N,N,N,N,N,N,N,N,N,N,N,N,N
mENA;EGFR;PIG61;ERBB1;NISBD2;ERBB;HER1,D,D,D,D,D,D,D,D,D,N,D,D,D,D,D,D,D,D,D,D,D,D,D,D,D,D,D,D,D,D,D,D
JTK4;ACH;HSFGFR3EX;CD333;FGFR3;CEK2,D,D,D,D,D,D,D,D,D,N,D,D,D,D,D,D,D,D,D,D,D,D,D,D,D,D,D,D,D,D,D,D
ECT1;CFD1;FGFR2;CD332;BBDS;BEK;KGFR;K-SAM;TK14;BFR-1;CEK3;JWS;TK25,D,D,D,D,D,D,D,D,D,D,D,D,D,D,D,D,D,D,D,D,D,D,D,D,D,D,D,D,D,D,D,D
CD334;FGFR4;TKF;JTK2,D,D,D,D,D,D,D,D,D,N,D,D,D,D,D,D,D,D,D,D,D,D,D,D,D,D,D,D,D,D,D,D
CD221;JTK13;IGFR;IGF1R;IGFIR,D,D,D,D,D,D,D,D,D,N,D,D,D,D,D,D,D,D,D,D,D,D,D,D,D,D,D,D,D,D,D,D
PDGFRA;PDGFR-2;PDGFR2;CD140A,D,D,D,D,D,D,D,D,D,D,D,D,D,D,D,D,D,D,D,D,D,D,D,D,D,D,D,D,D,D,D,D
MIG18;CD2BP3;HSB1;SH3KBP1;GIG10;HSB-1;CIN85,A,A,A,N,A,N,N,N,A,N,A,N,A,A,A,N,A,N,A,A,A,A,A,A,A,A,A,A,A,A,A,A
CGI-61;SH3GLB1;Bif-1;dJ612B15.2;PPP1R70,A,A,A,N,N,N,N,N,A,N,A,N,A,A,A,N,N,N,A,A,A,A,A,A,A,A,A,A,A,A,A,A
PP6569;SH3GLB2;RRIG1;PP9455,A,A,A,N,N,N,N,N,A,N,A,N,A,A,A,N,N,N,A,A,A,A,A,A,A,A,A,A,A,A,A,A
EEN;CNSA1;SH3D2B;SH3P8;SH3GL1,A,A,A,N,A,N,N,N,A,N,A,N,A,A,A,N,N,N,A,A,A,A,A,A,A,A,A,A,A,A,A,A
SH3GL2;CNSA2;SH3P4;SH3D2A;EEN-B1,A,A,A,N,A,N,N,N,A,N,A,N,A,A,A,N,A,N,A,A,A,A,A,A,A,A,A,A,A,A,A,A
SH3D2C;SH3P13;HsT19371;EEN-B2;SH3GL3;CNSA3,A,A,A,N,A,N,N,N,A,N,A,N,A,A,A,N,A,N,A,A,A,A,A,A,A,A,A,A,A,A,A,A
GRK7;GPRK7,D,D,D,D,D,D,D,D,D,D,D,D,D,D,D,D,D,D,D,D,D,D,D,D,D,D,D,D,D,D,D,D
BETA-ARK1;BARK1;ADRBK1;GRK2,D,D,D,D,D,D,D,D,D,D,D,D,D,D,D,D,D,D,D,D,D,D,D,D,D,D,D,D,D,D,D,D
ADRBK2;GRK3;BARK2,D,D,D,D,D,D,D,D,D,D,D,D,D,D,D,D,D,D,D,D,D,D,D,D,D,D,D,D,D,D,D,D
GRK4;GPRK2L;GRK4a;GPRK4;IT11,D,D,D,D,D,D,D,D,D,D,D,D,D,D,D,D,D,D,D,D,D,D,D,D,D,D,D,D,D,D,D,D
GRK5;GPRK5,D,D,D,D,D,D,D,D,D,D,D,D,D,D,D,D,D,D,D,D,D,D,D,D,D,D,D,D,D,D,D,D
GRK6;GPRK6,D,D,D,D,D,D,D,D,D,D,D,D,D,D,D,D,D,D,D,D,D,D,D,D,D,D,D,D,D,D,D,D
GRK1;RK;RHOK;GPRK1,D,D,D,D,D,D,D,D,D,D,D,D,D,D,D,D,D,D,D,D,D,D,D,D,D,D,D,D,D,D,D,D
ARRB1;ARR1;ARB1,N,N,N,N,N,N,N,N,N,N,N,N,N,N,N,N,N,N,N,N,N,N,N,N,N,N,N,N,N,N,N,N
ARRB2;BARR2;ARB2;ARR2,N,N,N,N,N,N,N,N,N,N,N,N,N,N,N,N,N,N,N,N,N,N,N,N,N,N,N,N,N,N,N,N
RAB11FIP2;nRip11;Rab11-FIP2,A,A,A,N,N,N,N,N,A,N,A,N,N,A,A,A,A,A,A,N,A,A,A,N,A,A,N,A,A,N,A,A
RAB11FIP5;GAF1;RIP11;pp75,N,N,A,N,N,N,N,N,A,N,N,N,N,A,A,N,N,N,A,N,N,N,N,N,N,N,N,N,N,N,A,N
RCP;rab11-FIP1;RAB11FIP1;NOEL1A,N,N,A,N,N,N,N,N,A,N,N,N,N,A,A,N,N,N,A,N,N,N,N,N,N,N,N,N,N,N,A,N
PLD1;CVDD,D,D,N,N,N,N,D,N,D,N,D,D,D,D,N,N,D,N,N,D,D,D,D,N,N,D,N,D,N,N,D,N
PLD2;PLD1C,D,D,N,N,N,N,D,N,D,N,D,D,D,D,N,N,D,N,N,D,D,D,D,N,N,D,N,D,N,N,D,N
PIP5KL1;PIPKH;bA203J24.5,D,D,D,D,D,D,D,D,D,N,D,D,D,D,D,D,D,D,D,D,D,D,D,D,N,D,D,D,D,D,D,D
PIP5K1-gamma;PIP5Kgamma;PIP5K-GAMMA;PIP5K1C;LCCS3,D,D,D,D,D,D,D,D,D,N,D,D,D,D,D,D,D,D,D,D,D,D,D,D,N,D,D,D,D,D,D,D
PIP5K1A,D,D,D,D,D,D,D,D,D,N,D,D,D,D,D,D,D,D,D,D,D,D,D,D,N,D,D,D,D,D,D,D
STM7;PIP5K1B;MSS4,D,D,D,D,D,D,D,D,D,N,D,D,D,D,D,D,D,D,D,D,D,D,D,D,N,D,D,D,D,D,D,D
MST105;ZFYVE2;EEA1;MSTP105,D,D,D,D,D,D,D,D,D,N,D,D,D,D,D,D,D,D,D,D,D,D,D,D,D,D,D,D,D,D,D,D
RABPT5;RAB5EP;RABEP1,D,D,D,D,D,D,D,D,D,N,D,D,D,D,D,D,D,D,D,D,D,D,D,D,D,D,D,D,D,D,D,D
BIG2;PVNH2;dJ1164I10.1;ARFGEF2,D,D,D,D,D,D,D,D,D,N,D,D,D,D,D,D,D,D,D,D,D,D,D,D,D,D,D,D,D,D,D,D
ARFGEP1;BIG1;P200;ARFGEF1,D,D,D,D,D,D,D,D,D,N,D,D,D,D,D,D,D,D,D,D,D,D,D,D,D,D,D,D,D,D,D,D
IQSEC2;BRAG1;MRX78;MRX1;MRX18,D,D,D,D,D,D,D,D,D,N,D,D,D,D,D,D,D,D,D,D,D,D,D,D,D,D,D,D,D,D,D,D
EFA6R;EFA6D;HCA67;PSD3,D,D,D,D,D,D,D,D,D,N,D,D,D,D,D,D,D,D,D,D,D,D,D,D,D,D,D,D,D,D,D,D
TIC;EFA6B;PSD4,D,D,D,D,D,D,D,D,D,N,D,D,D,D,D,D,D,D,D,D,D,D,D,D,D,D,D,D,D,D,D,D
cytohesin-4;PSCD4;CYTH4;CYT4;DJ63G5.1,D,D,D,D,D,D,D,D,D,N,D,D,D,D,D,D,D,D,D,D,D,D,D,D,D,D,D,D,D,D,D,D
IQSEC3,D,D,D,D,D,D,D,D,D,N,D,D,D,D,D,D,D,D,D,D,D,D,D,D,D,D,D,D,D,D,D,D
TYL;EFA6;PSD1;EFA6A;PSD,D,D,D,D,D,D,D,D,D,N,D,D,D,D,D,D,D,D,D,D,D,D,D,D,D,D,D,D,D,D,D,D
PSD2;EFA6C,D,D,D,D,D,D,D,D,D,N,D,D,D,D,D,D,D,D,D,D,D,D,D,D,D,D,D,D,D,D,D,D
GBF1;ARF1GEF,D,D,D,D,D,D,D,D,D,N,D,D,D,D,D,D,D,D,D,D,D,D,D,D,D,D,D,D,D,D,D,D
CYTH3;cytohesin-3;PSCD3;GRP1;ARNO3,D,D,D,D,D,D,D,D,D,N,D,D,D,D,D,D,D,D,D,D,D,D,D,D,D,D,D,D,D,D,D,D
Sec7p-L;CTS18;PSCD2L;PSCD2;cytohesin-2;Sec7p-like;ARNO;SEC7L;CTS18.1;CYTH2,D,D,D,D,D,D,D,D,D,N,D,D,D,D,D,D,D,D,D,D,D,D,D,D,D,D,D,D,D,D,D,D
CYTH1;D17S811E;SEC7;B2-1;CYTOHESIN-1;PSCD1,D,D,D,D,D,D,D,D,D,N,D,D,D,D,D,D,D,D,D,D,D,D,D,D,D,D,D,D,D,D,D,D
BRAG2;GEP100;ARF-GEP100;IQSEC1;ARFGEP100,D,D,D,D,D,D,D,D,D,N,D,D,D,D,D,D,D,D,D,D,D,D,D,D,D,D,D,D,D,D,D,D
ACAP3;CENTB5,D,D,D,D,D,D,D,D,D,N,D,D,D,D,D,D,D,D,D,D,D,D,D,D,D,D,D,D,D,D,D,D
PARX;ARAP2;CENTD1,D,D,D,D,D,D,D,D,D,N,D,D,D,D,D,D,D,D,D,D,D,D,D,D,D,D,D,D,D,D,D,D
CENTD2;ARAP1,D,D,D,D,D,D,D,D,D,N,D,D,D,D,D,D,D,D,D,D,D,D,D,D,D,D,D,D,D,D,D,D
CENTG1;PIKE;AGAP2;GGAP2,D,D,D,D,D,D,D,D,D,N,D,D,D,D,D,D,D,D,D,D,D,D,D,D,D,D,D,D,D,D,D,D
CENTG2;cnt-g2;GGAP1;AGAP1;AGAP-1,D,D,D,D,D,D,D,D,D,N,D,D,D,D,D,D,D,D,D,D,D,D,D,D,D,D,D,D,D,D,D,D
AGAP3;MRIP-1;CENTG3;AGAP-3;cnt-g3;CRAG,D,D,D,D,D,D,D,D,D,N,D,D,D,D,D,D,D,D,D,D,D,D,D,D,D,D,D,D,D,D,D,D
ACAP2;CENTB2;CNT-B2,D,D,D,D,D,D,D,D,D,N,D,D,D,D,D,D,D,D,D,D,D,D,D,D,D,D,D,D,D,D,D,D
ARFGAP1;ARFGAP3,D,D,D,D,D,D,D,D,D,N,D,D,D,D,D,D,D,D,D,D,D,D,D,D,D,D,D,D,D,D,D,D
GIT1,D,D,D,D,D,D,D,D,D,N,D,D,D,D,D,D,D,D,D,D,D,D,D,D,D,D,D,D,D,D,D,D
DDEF1;PAG2;ASAP1;ZG14P;PAP;CENTB4;AMAP1,D,D,D,D,D,D,D,D,D,N,D,D,D,D,D,D,D,D,D,D,D,D,D,D,D,D,D,D,D,D,D,D
UPLC1;DDEFL1;ACAP4;CENTB6;ASAP3,D,D,D,D,D,D,D,D,D,N,D,D,D,D,D,D,D,D,D,D,D,D,D,D,D,D,D,D,D,D,D,D
ARFGAP1;HRIHFB2281;ARF1GAP,D,D,D,D,D,D,D,D,D,N,D,D,D,D,D,D,D,D,D,D,D,D,D,D,D,D,D,D,D,D,D,D
SMAP1;SMAP-1,D,D,D,D,D,D,D,D,D,N,D,D,D,D,D,D,D,D,D,D,D,D,D,D,D,D,D,D,D,D,D,D
ARAP3;CENTD3;DRAG1,D,D,D,D,D,D,D,D,D,N,D,D,D,D,D,D,D,D,D,D,D,D,D,D,D,D,D,D,D,D,D,D
SMAP2;SMAP1L,D,D,D,D,D,D,D,D,D,N,D,D,D,D,D,D,D,D,D,D,D,D,D,D,D,D,D,D,D,D,D,D
ARFGAP2;ZFP289;ZNF289;IRZ;NBLA10535,D,D,D,D,D,D,D,D,D,N,D,D,D,D,D,D,D,D,D,D,D,D,D,D,D,D,D,D,D,D,D,D
ASAP2;Pap-alpha;DDEF2;SHAG1;PAP;PAG3;CENTB3;AMAP2,D,D,D,D,D,D,D,D,D,N,D,D,D,D,D,D,D,D,D,D,D,D,D,D,D,D,D,D,D,D,D,D
ACAP1;CENTB1,D,D,D,D,D,D,D,D,D,N,D,D,D,D,D,D,D,D,D,D,D,D,D,D,D,D,D,D,D,D,D,D
PKL;GIT2;CAT-2;CAT2,D,D,D,D,D,D,D,D,D,N,D,D,D,D,D,D,D,D,D,D,D,D,D,D,D,D,D,D,D,D,D,D
EHD3;PAST3,D,D,D,D,D,N,N,N,D,N,D,D,D,D,D,D,D,D,D,D,D,D,D,D,D,D,D,D,D,D,D,D
H-PAST;EHD1;PAST1;HPAST1;PAST,D,D,D,D,D,N,N,N,D,N,D,D,D,D,D,D,D,D,D,D,D,D,D,D,D,D,D,D,D,D,D,D
HRES1;HRES-1;RAB4A;RAB4;HRES-1/RAB4,D,D,D,D,D,D,D,D,D,D,D,D,D,D,D,D,D,D,D,D,D,D,D,D,D,D,D,D,D,D,D,D
EHD4;PAST4,D,D,D,D,D,N,N,N,D,N,D,D,D,D,D,D,D,D,D,D,D,D,D,D,D,D,D,D,D,D,D,D
EHD2;PAST2,D,D,D,D,D,N,N,N,D,N,D,D,D,D,D,D,D,D,D,D,D,D,D,D,D,D,D,D,D,D,D,D
RBSN;Rabenosyn-5;ZFYVE20,A,A,A,A,A,N,N,N,A,N,A,A,A,A,N,A,A,A,A,A,A,A,A,A,A,A,A,A,A,A,A,A
ZFYVE12;RUFY1;RABIP4,D,D,D,D,D,D,D,D,D,N,D,D,D,D,D,D,D,D,D,D,D,D,D,D,D,D,D,D,D,D,D,D
VPS45B;H1;VSP45;VSP45A;VPS54A;VPS45;H1VPS45;SCN5;VPS45A,A,N,A,A,A,A,A,N,A,N,A,A,N,A,A,A,A,N,A,A,N,N,A,A,A,N,A,N,N,A,A,A
HLAA;HLA-A,N,N,N,N,N,N,N,N,N,N,N,N,N,N,N,N,N,N,N,N,N,N,N,N,N,N,N,N,N,N,N,N
AS;HLAB;HLA-B;B-4901,N,N,N,N,N,N,N,N,N,N,N,N,N,N,N,N,N,N,N,N,N,N,N,N,N,N,N,N,N,N,N,N
HLC-C;PSORS1;HLA-C;MHC;HLA-JY3;D6S204;HLAC,N,N,N,N,N,N,N,N,N,N,N,N,N,N,N,N,N,N,N,N,N,N,N,N,N,N,N,N,N,N,N,N
HLA-E;QA1;HLA-6.2,N,N,N,N,N,N,N,N,N,N,N,N,N,N,N,N,N,N,N,N,N,N,N,N,N,N,N,N,N,N,N,N
HLAF;HLA-CDA12;HLA-F;HLA-5.4;CDA12,N,N,N,N,N,N,N,N,N,N,N,N,N,N,N,N,N,N,N,N,N,N,N,N,N,N,N,N,N,N,N,N
HLA-G;MHC-G,N,N,N,N,N,N,N,N,N,N,N,N,N,N,N,N,N,N,N,N,N,N,N,N,N,N,N,N,N,N,N,N
PRO2706;RAB7A;RAB7,D,D,D,D,D,D,D,D,D,D,D,D,D,D,D,D,D,D,D,D,D,D,D,D,D,D,D,D,D,D,D,D
LDS1;SKR4;ACVRLK4;AAT5;MSSE;LDS1A;ESS1;ALK-5;LDS2A;TGFR-1;ALK5;TGFBR1;tbetaR-I,D,D,D,D,D,D,D,D,D,D,D,D,D,D,D,D,D,D,D,D,D,D,D,D,D,D,D,D,D,D,D,D
MFS2;TGFBR2;LDS2;TGFbeta-RII;TAAD2;LDS2B;FAA3;AAT3;RIIC;TGFR-2;LDS1B,D,D,D,D,D,D,D,D,D,D,D,D,D,D,D,D,D,D,D,D,D,D,D,D,D,D,D,D,D,D,D,D
SMADIP;PPP1R173;NSP;SARA;ZFYVE9;MADHIP,D,D,D,D,D,D,D,D,D,N,D,D,D,D,D,D,D,D,D,D,D,D,D,D,D,D,D,D,D,D,D,D
PPP1R69;ZFYVE16,D,D,D,D,D,D,D,D,D,N,D,D,D,D,D,D,D,D,D,D,D,D,D,D,D,D,D,D,D,D,D,D
MADH2;MADR2;hMAD-2;JV18-1;SMAD2;JV18;hSMAD2,N,N,N,N,N,N,N,N,N,N,N,N,N,N,N,N,N,N,N,N,N,N,N,N,N,N,N,N,N,N,N,N
MADH3;HSPC193;SMAD3;LDS1C;LDS3;JV15-2;HsT17436,N,N,N,N,N,N,N,N,N,N,N,N,N,N,N,N,N,N,N,N,N,N,N,N,N,N,N,N,N,N,N,N
PP8675;RNF71;MYL;PML;TRIM19,D,D,D,D,D,D,D,D,D,D,D,D,D,D,D,D,D,D,D,D,D,D,D,D,D,D,D,D,D,D,D,D
CGL3;LCCNS;CAV;CAV1;PPH3;VIP21;MSTP085;BSCL3,N,N,N,N,N,N,N,N,N,N,N,N,N,N,N,N,N,N,N,N,N,N,N,N,N,N,N,N,N,N,N,N
CAV2;CAV,N,N,N,N,N,N,N,N,N,N,N,N,N,N,N,N,N,N,N,N,N,N,N,N,N,N,N,N,N,N,N,N
VIP-21;LGMD1C;CAV3;VIP21;LQT9,N,N,N,N,N,N,N,N,N,N,N,N,N,N,N,N,N,N,N,N,N,N,N,N,N,N,N,N,N,N,N,N
IL2RA;IL2R;p55;TCGFR;CD25;IDDM10;IMD41,N,N,N,N,N,N,N,N,N,N,N,N,N,N,N,N,N,N,N,N,N,N,N,N,N,N,N,N,N,N,N,N
IL2RB;P70-75;CD122;IL15RB,N,N,N,N,N,N,N,N,N,N,N,N,N,N,N,N,N,N,N,N,N,N,N,N,N,N,N,N,N,N,N,N
CIDX;IL2RG;SCIDX;CD132;P64;SCIDX1;IL-2RG;IMD4,N,N,N,N,N,N,N,N,N,N,N,N,N,N,N,N,N,N,N,N,N,N,N,N,N,N,N,N,N,N,N,N
ARHA;ARH12;RHOH12;RHO12;RHOA,D,D,D,D,D,D,D,D,D,D,D,D,D,D,D,D,D,D,D,D,D,D,D,D,D,D,D,D,D,D,D,D
FBP;FOLR;FOLR1,N,N,N,N,N,N,N,N,N,N,N,N,N,N,N,N,N,N,N,N,N,N,N,N,N,N,N,N,N,N,N,N
FR-BETA;FR-P3;FBP;BETA-HFR;FBP/PL-1;FOLR2,N,N,N,N,N,N,N,N,N,N,N,N,N,N,N,N,N,N,N,N,N,N,N,N,N,N,N,N,N,N,N,N
FOLR3;FR-gamma;gamma-hFR;FR-G,N,N,N,N,N,N,N,N,N,N,N,N,N,N,N,N,N,N,N,N,N,N,N,N,N,N,N,N,N,N,N,N
Folbp3;FOLR4;IZUMO1R;JUNO,N,N,N,N,N,N,N,N,N,N,N,N,N,N,N,N,N,N,N,N,N,N,N,N,N,N,N,N,N,N,N,N
CHMP7,A,A,N,N,N,A,N,A,A,N,N,A,N,N,N,N,A,N,A,A,N,N,A,A,N,N,N,A,A,N,N,A
ARF1,D,D,D,D,D,D,D,D,D,N,D,D,D,D,D,D,D,D,D,D,D,D,D,D,D,D,D,D,D,D,D,D
ARF3,D,D,D,D,D,D,D,D,D,N,D,D,D,D,D,D,D,D,D,D,D,D,D,D,D,D,D,D,D,D,D,D
ARF5,D,D,D,D,D,D,D,D,D,N,D,D,D,D,D,D,D,D,D,D,D,D,D,D,D,D,D,D,D,D,D,D
SPG33;ZFYVE27;PROTRUDIN,C,C,C,C,C,N,N,N,C,N,C,C,C,C,N,C,C,C,C,C,C,C,C,C,C,C,C,C,C,C,C,C
KIF5A;D12S1889;MY050;SPG10;NEIMY;NKHC,D,D,D,D,D,D,D,D,D,D,D,D,D,D,D,D,D,D,D,D,D,D,D,D,D,D,D,D,D,D,D,D
KNS1;HEL-S-61;KINH;KNS;KIF5B;UKHC,D,D,D,D,D,D,D,D,D,D,D,D,D,D,D,D,D,D,D,D,D,D,D,D,D,D,D,D,D,D,D,D
KINN;KIF5C;CDCBM2;NKHC2;NKHC-2;NKHC,D,D,D,D,D,D,D,D,D,D,D,D,D,D,D,D,D,D,D,D,D,D,D,D,D,D,D,D,D,D,D,D
WASH;FAM39E;WASH1;WASHC1,N,N,N,N,N,N,N,N,N,N,N,N,N,N,N,N,N,N,N,N,N,N,N,N,N,N,N,N,N,N,N,N
WASHC2C;FAM21A;VPEF;FAM21C,D,D,D,N,D,N,D,N,D,N,D,D,D,D,D,D,D,D,D,D,D,D,N,D,D,D,N,D,N,D,D,D
WASHC2A;FAM21A;FAM21B;bA56A21.1;bA98I6.1,D,D,D,N,D,N,D,N,D,N,D,D,D,D,D,D,D,D,D,D,D,D,N,D,D,D,N,D,N,D,D,D
WASHC3;CCDC53;CGI-116,A,A,N,N,A,N,N,N,N,N,N,A,A,N,N,N,N,A,N,N,A,N,A,N,N,N,N,N,N,N,A,N
KIAA1033;MRT43;SWIP;WASHC4,B,B,N,N,B,N,N,N,B,N,B,B,N,B,B,N,N,N,N,N,B,N,N,B,N,B,N,N,N,N,B,N
WASHC5;RTSC1;KIAA0196;SPG8;RTSC,N,N,A,N,A,N,N,N,N,N,N,N,N,A,N,N,N,N,N,N,A,N,A,N,N,A,N,N,N,A,A,N
CAZ1;CAPZA1;CAPZ;CAPPA1,A,A,A,N,N,N,N,N,A,N,N,A,A,N,N,N,N,N,N,N,A,A,N,N,N,A,A,A,N,A,A,A
CAPZA2;CAPPA2;CAPZ,A,A,A,N,N,N,N,N,A,N,N,A,A,N,N,N,N,N,N,N,A,A,N,N,N,A,A,A,N,A,A,A
CAPPA3;HEL-S-86;Gsg3;CAPZA3,A,A,A,N,N,N,N,N,A,N,N,A,A,N,N,N,N,N,N,N,A,A,N,N,N,A,A,A,N,A,A,A
TAHCCP1;SPG20;SPART,N,N,A,N,N,N,N,A,A,N,A,N,N,A,N,N,N,N,N,N,N,N,A,A,N,N,N,N,N,N,N,N
CAPZ;CAPB;CAPZB;CAPPB,N,N,A,N,N,N,N,N,A,N,A,A,A,A,N,N,A,N,A,N,N,N,N,A,A,N,N,N,A,N,A,N
H-ray;RAB1C;RAB35;RAY,D,D,D,D,D,D,D,D,D,D,D,D,D,D,D,D,D,D,D,D,D,D,D,D,D,D,D,D,D,D,D,D
RAB10,D,D,D,D,D,D,D,D,D,D,D,D,D,D,D,D,D,D,D,D,D,D,D,D,D,D,D,D,D,D,D,D
SNX4;ATG24B,A,A,A,N,A,N,N,N,A,N,A,N,A,A,A,N,A,A,N,N,A,A,A,A,N,N,N,A,N,A,A,A
Pep8b;VPS26B,A,A,A,A,A,N,N,N,A,N,A,N,A,A,A,N,A,N,N,N,N,N,A,A,A,N,A,N,A,A,A,N
PEP8A;VPS26A;VPS26;Hbeta58;HB58,A,A,A,A,A,N,N,N,A,N,A,N,A,A,A,N,A,N,N,N,N,N,A,A,A,N,A,N,A,A,A,N
Rab22B;RAB31,D,D,D,D,D,D,D,D,D,D,D,D,D,D,D,D,D,D,D,D,D,D,D,D,D,D,D,D,D,D,D,D
RAB22A,D,D,D,D,D,D,D,D,D,D,D,D,D,D,D,D,D,D,D,D,D,D,D,D,D,D,D,D,D,D,D,D
PEP11;DC7;DC15;VPS29,N,N,N,N,N,N,N,N,N,N,N,N,N,N,N,N,N,N,N,N,N,N,N,N,N,N,N,N,N,N,N,N
VPS35;PARK17;MEM3,A,A,N,A,A,A,N,A,A,N,A,N,A,A,A,N,A,A,A,N,N,N,A,A,N,N,A,A,N,A,N,A
RAB8A;RAB8;MEL,D,D,D,D,D,D,D,D,D,D,D,D,D,D,D,D,D,D,D,D,D,D,D,D,D,D,D,D,D,D,D,D
FIP4-Rab11;RAB11-FIP4;RAB11FIP4,D,D,D,D,D,D,D,D,D,N,D,D,D,D,D,D,D,D,D,D,D,D,D,D,D,D,D,D,D,D,D,D
Rab11-FIP3;RAB11FIP3;CART1,D,D,D,D,D,D,D,D,D,N,D,D,D,D,D,D,D,D,D,D,D,D,D,D,D,D,D,D,D,D,D,D
AMPH;AMPH1,A,N,A,N,A,N,N,N,A,N,N,N,A,A,N,N,N,N,N,N,A,A,A,A,N,A,A,A,A,N,A,N
AMPH2;BIN1;SH3P9;AMPHL,N,N,N,N,N,N,N,N,N,N,N,N,N,N,N,N,N,N,N,N,N,N,N,N,N,N,N,N,N,N,N,N
GL010;BM-019;MAST;SPG21;ACP33,N,N,N,N,N,N,N,N,N,N,N,N,N,N,N,N,N,N,N,N,N,N,N,N,N,N,N,N,N,N,N,N
p16-Arc;ARPC5;ARC16;dJ127C7.3,A,N,A,N,N,N,N,N,A,N,A,N,N,N,A,N,N,N,A,N,N,N,A,N,N,A,N,A,N,A,A,A
ARC20;ARPC4;P20-ARC,N,A,A,N,A,N,N,N,A,N,A,A,A,A,N,N,N,N,A,N,A,A,A,A,A,A,N,A,N,A,A,N
ARC21;ARPC3;p21-Arc,A,A,A,N,N,N,N,N,A,N,A,A,A,A,A,N,N,N,A,N,A,A,A,A,A,A,A,N,A,A,A,A
ARPC1B;ARC41;p40-ARC;p41-ARC,A,A,N,N,A,N,A,A,A,N,A,N,N,A,A,A,N,N,A,N,A,A,A,A,N,N,N,A,N,N,A,A
PNAS-139;PRO2446;p34-Arc;ARC34;ARPC2,N,N,N,N,N,N,N,N,A,N,A,N,A,N,N,N,N,N,N,N,A,N,A,N,N,N,N,N,N,N,N,A
SOP2L;ARPC1A;HEL-S-307;Arc40;HEL-68;SOP2Hs,A,A,N,N,A,N,A,A,A,N,A,N,N,A,A,A,N,N,A,N,A,A,A,A,N,N,N,A,N,N,A,A
ARPC5L;ARC16-2,A,N,A,N,N,N,N,N,A,N,A,N,N,N,A,N,N,N,A,N,N,N,A,N,N,A,N,A,N,A,A,A
SNX12,A,A,A,N,A,N,N,N,A,N,A,N,A,A,A,N,A,A,N,N,A,A,A,A,N,N,N,A,N,A,A,A
MCOPS8;Grd19;SNX3;SDP3,A,A,A,N,A,N,N,N,A,N,A,N,A,A,A,N,A,A,N,N,A,A,A,A,N,N,N,A,N,A,A,A
SNX1;VPS5;HsT17379,A,A,A,N,A,N,N,N,A,N,A,N,A,A,A,N,A,A,N,N,A,A,A,A,N,N,N,A,N,A,A,A
TRG-9;SNX2,A,A,A,N,A,N,N,N,A,N,A,N,A,A,A,N,A,A,N,N,A,A,A,A,N,N,N,A,N,A,A,A
SNX6B;SNX32,A,N,A,N,N,N,N,N,A,N,A,N,A,A,A,N,N,A,N,N,A,A,A,N,N,N,N,A,N,A,A,A
SNX5,A,N,A,N,N,N,N,N,A,N,A,N,A,A,A,N,N,A,N,N,A,A,A,N,N,N,N,A,N,A,A,A
TFAF2;SNX6;MSTP010,A,N,A,N,N,N,N,N,A,N,A,N,A,A,A,N,N,A,N,N,A,A,A,N,N,N,N,A,N,A,A,A
M6P-R;CIMPR;CI-M6PR;MPR1;IGF2R;MPR300;MPR_300;CD222;MPRI;M6P/IGF2R,B,B,B,N,B,B,B,B,B,N,B,B,B,B,B,B,B,B,B,B,B,B,B,B,B,B,B,B,B,B,B,B
WASP;SCNX;WASPA;WAS;IMD2;THC;THC1,N,A,A,N,N,N,N,A,A,N,A,N,A,A,N,N,N,N,N,A,A,A,N,N,N,N,N,N,N,N,A,N
WASPB;N-WASP;WASL;NWASP,D,D,D,N,D,N,D,D,D,N,D,D,D,D,D,D,D,D,D,D,D,D,N,D,D,D,N,D,N,D,D,D
WIRE;WICH;WIPF2,D,D,D,N,D,N,D,N,D,N,D,D,D,D,D,D,D,D,D,D,D,D,N,D,D,D,N,D,N,D,D,D
CR16;WIPF3,D,D,D,N,D,N,D,N,D,N,D,D,D,D,D,D,D,D,D,D,D,D,N,D,D,D,N,D,N,D,D,D
WIPF1;WASPIP;PRPL-2;WIP;WAS2,N,N,N,N,N,N,N,N,N,N,N,N,N,N,N,N,N,N,N,N,N,N,N,N,N,N,N,N,N,N,N,N
OLC1;IST1;KIAA0174,A,A,A,N,A,A,N,N,A,N,A,A,A,N,N,N,A,N,A,N,N,N,A,N,A,A,A,N,A,N,A,A
UBB;HEL-S-50,D,D,D,D,D,D,D,D,D,D,D,D,D,D,D,D,D,D,D,D,D,D,D,D,D,D,D,D,D,D,D,D
