ENO1;MPB1;HEL-S-17;NNE;ENO1L1;PPH,D,D,D,D,D,D,D,N,D,N,D,D,D,D,D,D,D,D,D,D,D,N,N,D,N,D,D,D,D,D,D,D
NSE;HEL-S-279;ENO2,D,D,D,D,D,D,D,N,D,N,D,D,D,D,D,D,D,D,D,D,D,N,N,D,N,D,D,D,D,D,D,D
MSE;GSD13;ENO3,D,D,D,D,D,D,D,N,D,N,D,D,D,D,D,D,D,D,D,D,D,N,N,D,N,D,D,D,D,D,D,D
ENO4;C10orf134,D,D,D,D,D,D,D,N,D,N,D,D,D,D,D,D,D,D,D,D,D,N,N,D,N,D,D,D,D,D,D,D
OLD35;PNPASE;DFNB70;COXPD13;PNPT1;old-35,N,D,N,N,N,D,D,D,D,D,D,D,D,D,N,D,N,D,D,D,N,D,N,D,N,N,N,N,N,N,D,N
Ski6p;EXOSC4;p12A;hRrp41p;SKI6;Rrp41p;RRP41A;RRP41,N,D,N,N,N,D,D,D,D,N,D,N,D,D,N,D,D,D,D,D,N,D,N,D,D,D,N,N,N,N,D,N
p8;hRrp42p;Rrp42p;EXOSC7;EAP1;RRP42,N,C,N,N,C,N,C,N,C,N,C,C,N,N,N,N,C,C,C,C,N,C,N,C,N,N,N,C,C,N,C,C
CSL4;Csl4p;EXOSC1;p13;CGI-108;SKI4;Ski4p,N,A,N,A,N,N,N,N,N,N,N,N,N,N,N,N,A,A,N,N,N,N,N,N,A,N,N,N,N,N,N,N
EXOSC2;Rrp4p;p7;hRrp4p;RRP4,N,N,N,N,N,D,N,N,N,N,D,N,N,D,N,N,N,N,N,N,N,N,N,N,D,N,N,N,N,N,N,N
Ski3;KIAA0372;THES;TTC37,D,D,D,D,D,D,D,D,D,N,D,D,D,D,D,D,D,D,D,D,D,D,D,D,D,D,D,D,D,D,D,D
SKI8;REC14;WDR61,D,D,D,D,D,D,D,D,D,D,D,D,D,D,D,D,D,D,D,D,D,D,D,D,D,D,D,D,D,D,D,D
EXOSC11;dis3p;KIAA1008;DIS3;2810028N01Rik;RRP44,D,D,N,D,D,N,D,D,D,N,D,D,D,D,D,D,D,D,D,D,D,D,D,D,N,D,D,D,D,D,D,D
DDX13;HLP;THES2;SKIV2L;SKIV2L1;SKI2W;170A;SKIV2;SKI2,D,D,D,D,D,D,D,D,D,D,D,D,D,D,D,D,D,D,D,D,D,D,D,D,D,D,D,D,D,D,D,D
p5;PMSCL1;p6;Rrp45p;EXOSC9;PM/Scl-75;RRP45,N,C,N,N,C,N,C,N,C,N,C,C,N,N,N,N,C,C,C,C,N,C,N,C,N,N,N,C,C,N,C,C
p11;hMtr3p;EAP4;Mtr3p;EXOSC6;MTR3,N,D,N,N,N,D,D,D,D,N,D,N,D,D,N,D,D,D,D,D,N,D,N,D,D,D,N,N,N,N,D,N
RRP43;bA421P11.3;PCH1C;Rrp43p;OIP2;EAP2;CIP3;p9;EXOSC8,N,C,N,N,C,N,C,N,C,N,C,C,N,N,N,N,C,C,C,C,N,C,N,C,N,N,N,C,C,N,C,C
p12B;RRP46;EXOSC5;RRP41B;Rrp46p;hRrp46p,N,D,N,N,N,D,D,D,D,N,D,N,D,D,N,D,D,D,D,D,N,D,N,D,D,D,N,N,N,N,D,N
EXOSC3;PCH1B;p10;hRrp-40;RRP40;Rrp40p;CGI-102;bA3J10.7,N,N,N,N,N,D,N,N,N,N,D,N,N,D,N,N,N,N,N,N,N,N,N,N,D,N,N,N,N,N,N,N
hC1D;LRP1;SUN-CoR;Rrp47;C1D;SUNCOR,A,N,N,N,N,N,N,A,A,N,A,A,N,A,A,N,A,N,A,N,A,N,N,A,N,A,A,A,N,N,A,N
PMSCL;PM-Scl;p2;p4;Rrp6p;p3;EXOSC10;RRP6;PMSCL2;PM/Scl-100,D,D,D,D,D,D,D,D,D,N,D,D,D,D,D,D,D,D,D,D,D,D,D,D,D,D,D,D,D,D,D,D
MPP-6;MPP;MPHOSPH6;MPP6,N,N,N,N,N,N,N,N,N,N,N,N,N,N,N,N,N,N,N,N,N,N,N,N,N,N,N,N,N,N,N,N
PAPD7;POLK;TRF4;TRF41;TUTASE5;LAK-1;POLS;TRF4-1;LAK1,A,A,A,A,A,N,A,A,A,N,A,A,N,A,A,N,A,A,A,N,N,N,A,A,A,A,A,A,N,N,A,A
PAPD5;TRF4-2,A,A,A,A,A,N,N,A,A,N,A,A,N,A,A,N,A,A,A,N,N,N,A,A,A,A,A,A,N,N,A,A
ZCCHC7;AIR1;HSPC086,B,B,B,N,B,N,N,N,B,N,B,N,B,B,B,N,B,B,B,N,B,B,B,B,B,B,B,B,B,B,B,B
fSAP118;SKIV2L2;Mtr4;KIAA0052;Dob1,D,D,D,D,D,D,D,D,D,D,D,D,D,D,D,D,D,D,D,D,D,D,D,D,D,D,D,D,D,D,D,D
NOT1H;AD-005;NOT1;CDC39;CNOT1,A,N,N,N,A,N,N,N,A,N,N,A,A,A,A,A,A,A,N,A,A,N,A,A,N,N,A,A,N,A,A,A
HSPC131;CNOT2;NOT2H;CDC36;NOT2,N,A,N,N,A,N,A,N,A,N,A,A,A,N,A,A,N,A,A,N,A,N,A,A,N,A,A,A,A,N,A,N
NOT3;CNOT3;NOT3H;LENG2,B,B,B,N,B,N,B,N,B,N,B,B,B,B,B,B,N,B,B,N,B,B,B,B,N,B,B,B,B,N,B,N
CNOT4;NOT4;NOT4H;CLONE243,B,B,B,B,B,B,B,B,B,N,B,B,B,N,B,N,N,B,B,B,B,B,B,B,B,B,B,B,B,B,B,B
CNOT6L;CCR4b,D,D,D,D,D,D,D,D,D,N,D,D,D,D,D,D,D,D,D,D,D,D,D,D,D,D,D,D,D,D,D,D
CNOT6;Ccr4a;CCR4,D,D,D,D,D,D,D,D,D,N,D,D,D,D,D,D,D,D,D,D,D,D,D,D,D,D,D,D,D,D,D,D
hCAF-1;CNOT7;Caf1a;CAF-1;CAF1,N,A,A,N,N,A,N,A,A,A,N,A,A,A,A,N,A,A,A,A,N,N,N,A,A,A,A,N,N,N,A,A
Caf1b;hCAF1;CNOT8;POP2;CAF1;CALIF,N,A,A,N,N,A,N,A,A,A,N,A,A,A,A,N,A,A,A,A,N,N,N,A,A,A,A,N,N,N,A,A
RQCD1;CT129;RCD-1;CAF40;CNOT9;RCD1,N,A,A,N,A,A,A,A,A,N,A,A,A,A,A,A,A,A,N,A,A,A,N,N,N,A,N,A,A,A,A,A
CNOT10,N,A,N,N,A,N,A,N,A,N,A,A,N,N,N,N,N,A,A,A,A,A,A,N,N,N,N,N,N,N,A,A
HINT-5;HSPC015;HSL1;ARS;DCS1;DCPS;HINT5,A,A,A,A,N,N,N,A,N,N,N,A,A,N,A,N,A,N,A,N,A,A,N,N,A,A,A,A,A,N,A,N
DCP1;DCP1B,D,D,D,N,D,N,D,N,D,N,D,D,D,D,D,D,D,D,D,D,D,D,N,D,D,D,N,D,N,D,D,D
SMAD4IP1;Nbla00360;DCP1A;HSA275986;SMIF,D,D,D,N,D,N,D,N,D,N,D,D,D,D,D,D,D,D,D,D,D,D,N,D,D,D,N,D,N,D,D,D
DCP2;NUDT20,D,D,N,D,D,N,D,N,D,N,D,N,N,D,D,D,N,D,D,N,N,N,N,D,D,N,N,D,D,N,D,D
YJL124C;CASM;LSM1,C,C,C,C,C,C,C,C,C,C,C,C,N,C,N,N,C,C,C,C,C,C,C,C,C,C,C,C,N,C,C,C
C6orf28;YBL026W;LSM2;snRNP;G7B,D,D,D,D,D,D,D,D,D,N,D,D,D,D,D,D,D,D,D,D,D,N,N,D,D,D,D,D,D,N,D,D
USS2;LSM3;SMX4;YLR438C,D,D,D,D,D,D,D,D,D,N,D,D,D,D,D,D,D,D,D,N,D,D,N,D,D,N,D,D,D,D,D,D
LSM4;GRP;YER112W,D,D,D,D,D,D,D,D,D,D,D,D,D,D,D,D,D,D,D,D,D,N,N,D,D,D,D,D,D,N,D,D
LSM5;YER146W,C,C,N,C,N,N,C,C,C,N,N,N,C,N,N,C,C,N,N,N,C,N,N,C,N,N,N,N,C,C,C,C
YDR378C;LSM6,D,D,D,D,D,D,D,D,D,D,D,D,D,D,D,D,D,D,D,D,D,D,D,D,D,D,N,D,D,D,D,D
LSM7;YNL147W,C,C,C,C,C,C,C,C,C,C,C,C,C,N,N,N,C,C,C,C,C,N,N,C,C,C,C,C,C,C,C,C
LSM8;NAA38,C,C,C,C,C,C,C,C,C,C,C,C,N,C,N,N,C,C,C,C,C,C,C,C,C,C,C,C,N,C,C,C
SEP1;XRN1,B,B,B,B,B,B,B,N,B,B,B,B,B,B,B,B,B,B,B,B,B,B,B,B,B,N,N,B,B,B,B,B
XRN2,B,B,B,B,B,B,B,N,B,B,B,B,B,B,B,B,B,B,B,B,B,B,B,B,B,N,N,B,B,B,B,B
RCK;HLR2;P54;DDX6,D,D,D,D,D,D,D,D,D,D,D,D,D,D,D,D,D,D,D,D,D,D,D,D,D,D,D,D,D,D,D,D
hYjeF_N2-15q23;YJEFN2;LSM16;MRT50;EDC3;YJDC,N,N,N,N,N,N,N,N,N,N,N,N,N,N,N,N,N,N,N,N,N,N,N,N,N,N,N,N,N,N,N,N
GE1;RCD-8;RCD8;HEDLS;HEDL5;EDC4;Ge-1,N,N,N,N,N,N,N,N,N,N,N,N,N,N,N,N,N,N,N,N,N,N,N,N,N,N,N,N,N,N,N,N
Pat1b;PATL1;hPat1b,N,A,N,N,N,N,N,N,A,N,N,N,N,N,N,N,N,A,A,N,A,N,A,A,N,N,N,A,N,N,A,N
HsPNLDC1;PNLDC1,A,N,N,N,N,N,A,A,A,N,A,N,N,N,N,N,N,N,A,A,N,N,N,N,N,A,A,N,A,A,A,A
DKCB6;DAN;PFBMFT4;PARN,A,N,N,N,N,N,A,A,A,N,A,N,N,N,N,N,N,N,A,A,N,N,N,N,N,A,A,N,A,A,A,A
PBP74;MTHSP75;SIDBA4;HEL-S-124m;MOT;CRP40;CSA;MOT2;HSPA9B;SAAN;HSPA9;GRP75;GRP-75;EVPLS,B,B,B,B,B,B,B,B,B,N,B,B,N,B,B,B,B,B,B,B,B,B,B,B,N,B,B,B,N,B,B,B
GROEL;HuCHA60;HSP-60;CPN60;HSP60;HSPD1;HLD4;HSP65;SPG13,D,D,D,D,D,D,D,D,D,D,D,D,D,D,D,D,D,D,D,D,D,D,D,D,D,D,D,D,D,D,D,D
DHX36;MLEL1;G4R1;RHAU;DDX36,D,D,D,D,D,D,D,D,D,D,D,D,D,D,D,D,D,D,D,D,D,D,D,D,D,D,D,D,D,D,D,D
APRO5;TOB;TROB1;TROB;APRO6;PIG49;TOB1,N,N,N,N,N,N,N,N,N,N,N,N,N,N,N,N,N,N,N,N,N,N,N,N,N,N,N,N,N,N,N,N
TOB2;APRO5;TROB2;TOBL;TOB4,N,N,N,N,N,N,N,N,N,N,N,N,N,N,N,N,N,N,N,N,N,N,N,N,N,N,N,N,N,N,N,N
TOB55;ANA/BTG3;ANA;BTG3;APRO4;TOB5;TOFA,N,N,N,N,N,N,N,N,N,N,N,N,N,N,N,N,N,N,N,N,N,N,N,N,N,N,N,N,N,N,N,N
BTG4;PC3B;APRO3,N,N,N,N,N,N,N,N,N,N,N,N,N,N,N,N,N,N,N,N,N,N,N,N,N,N,N,N,N,N,N,N
BTG1;APRO2,N,N,N,N,N,N,N,N,N,N,N,N,N,N,N,N,N,N,N,N,N,N,N,N,N,N,N,N,N,N,N,N
APRO1;PC3;BTG2;TIS21,N,N,N,N,N,N,N,N,N,N,N,N,N,N,N,N,N,N,N,N,N,N,N,N,N,N,N,N,N,N,N,N
PABPC4L,D,D,D,D,D,D,D,D,D,D,D,D,D,D,D,D,D,D,D,D,D,D,D,D,D,D,D,D,D,D,D,D
PABPC5;PABP5,D,D,D,D,D,D,D,D,D,D,D,D,D,D,D,D,D,D,D,D,D,D,D,D,D,D,D,D,D,D,D,D
PABP1;PABPC1;PAB1;PABP;PABPL1;PABPC2,D,D,D,D,D,D,D,D,D,D,D,D,D,D,D,D,D,D,D,D,D,D,D,D,D,D,D,D,D,D,D,D
PABPC1L2A;RBM32A,B,B,B,B,B,B,B,B,B,N,B,B,B,B,B,B,B,B,B,B,B,B,B,B,B,B,B,B,B,B,B,B
PABP3;PABPL3;tPABP;PABPC3,D,D,D,D,D,D,D,D,D,D,D,D,D,D,D,D,D,D,D,D,D,D,D,D,D,D,D,D,D,D,D,D
RBM32B;PABPC1L2B,B,B,B,B,B,B,B,B,B,N,B,B,B,B,B,B,B,B,B,B,B,B,B,B,B,B,B,B,B,B,B,B
dJ1069P2.3;EPAB;PABPC1L;PABPC1L1;C20orf119,B,B,B,B,B,B,B,B,B,B,B,B,B,B,B,B,B,B,B,B,B,B,B,B,B,B,B,B,B,B,B,B
iPABP;APP1;PABP4;PABPC4;APP-1,D,D,D,D,D,D,D,D,D,D,D,D,D,D,D,D,D,D,D,D,D,D,D,D,D,D,D,D,D,D,D,D
USP52;PAN2,B,B,N,N,B,B,N,B,B,N,B,B,N,N,B,B,N,B,B,B,N,B,B,B,B,B,N,B,B,B,B,B
PAN3,B,B,B,N,B,B,N,B,B,N,B,B,B,B,B,B,B,B,B,N,B,B,B,B,B,B,B,B,B,B,B,B
NUDT16,N,N,N,N,N,N,N,N,N,N,N,N,N,N,N,N,N,N,N,N,N,N,N,N,N,N,N,N,N,N,N,N
DIS3L1;DIS3L,D,D,N,D,D,N,D,D,D,N,D,D,D,D,D,D,D,D,D,D,D,D,D,D,N,D,D,D,D,D,D,D
PFK-L;PFKL;ATP-PFK;PFK-B,B,B,B,B,N,N,B,N,B,N,B,N,N,B,N,N,N,B,N,B,B,N,N,B,B,N,B,N,B,N,B,N
PFK-1;PPP1R122;PFKX;PFKM;PFK1;GSD7;PFKA;PFK-A;ATP-PFK,B,B,B,B,N,N,B,N,B,N,B,N,N,B,N,N,N,B,N,B,B,N,N,B,B,N,B,N,B,N,B,N
PFK-P;PFK-C;PFKP;PFKF;ATP-PFK,B,B,B,B,N,N,B,N,B,N,B,N,N,B,N,N,N,B,N,B,B,N,N,B,B,N,B,N,B,N,B,N
