ALG14,C,N,C,C,N,C,N,C,C,N,N,N,C,C,C,C,C,C,C,C,C,C,N,C,N,C,C,C,C,C,C,C
2,N,N,N,N,N,N,N,N,N,N,N,N,N,N,N,N,N,N,N,N,N,N,N,N,N,N,N,N,N,N,N,N
ALG6,D,D,D,N,D,D,D,D,D,N,D,D,D,D,D,D,D,D,D,D,D,D,D,D,D,D,D,D,D,N,D,D
ALG12;ECM39,N,A,A,N,N,N,N,N,A,N,N,N,N,N,A,A,A,N,N,N,A,A,N,A,A,N,N,A,N,N,N,N
ALG9,N,B,B,N,B,N,N,N,B,N,B,N,N,B,B,B,B,B,N,N,B,B,N,B,B,N,N,B,N,N,B,B
ALG3;RHK1,N,D,D,N,N,D,D,D,D,N,D,N,D,D,N,N,D,D,D,N,D,D,D,D,D,D,D,D,D,N,D,N
CAX4;CWH8,N,N,A,N,N,A,N,N,A,N,A,N,N,A,N,N,A,N,N,N,A,N,N,N,A,N,N,N,A,N,A,A
MNS1,D,D,D,N,D,D,D,D,D,N,D,N,D,D,N,D,D,D,D,D,D,D,D,D,N,D,D,N,N,D,D,N
MNL2,N,B,B,N,N,N,B,N,B,N,B,N,B,N,N,N,N,B,B,B,N,B,B,N,N,B,B,N,N,N,N,N
ROT2;GLS2,N,N,N,N,N,C,N,N,C,N,C,N,N,N,C,N,N,N,N,N,C,C,N,N,N,N,N,N,N,N,C,C
CWH41;GLS1;DER7,N,N,D,N,N,N,N,N,D,N,D,N,N,D,N,N,D,N,D,N,D,D,N,N,D,N,D,D,D,N,N,N
ALG11,N,N,N,N,N,N,N,A,N,N,A,N,N,N,N,N,N,A,N,N,N,N,N,N,N,N,N,A,N,N,N,N
STT3,D,D,N,D,N,N,N,D,N,N,D,D,N,N,D,N,D,N,N,N,N,N,D,N,N,N,N,N,N,D,N,N
ALG5,N,N,N,N,N,N,N,N,N,N,N,N,N,N,N,N,N,N,N,N,N,N,N,N,N,N,N,N,N,N,N,N
ALG2,N,N,N,N,N,N,N,A,N,N,A,N,N,N,N,N,N,A,N,N,N,N,N,N,N,N,N,A,N,N,N,N
ALG1,B,N,B,N,N,N,N,N,B,N,B,N,N,N,B,N,N,N,B,B,B,N,B,N,N,B,B,N,N,B,B,N
ALG13,A,N,A,N,N,A,A,A,A,N,N,N,N,N,N,N,N,N,N,A,A,N,N,N,N,A,N,N,N,N,A,N
SED3;DPM1,N,N,N,N,N,N,N,N,N,N,N,N,N,N,N,N,N,N,N,N,N,N,N,N,N,N,N,N,N,N,N,N
TUR1;ALG7,N,N,N,N,N,N,N,N,N,N,N,N,N,N,N,N,N,N,N,N,N,N,N,N,N,N,N,N,N,N,N,N
SEC59,N,A,N,N,N,N,N,N,N,N,A,N,N,A,N,N,N,N,N,N,A,N,N,N,A,N,A,A,N,N,N,A
ALG10;DIE2,N,A,A,N,N,A,A,N,A,N,N,N,N,A,N,A,N,N,N,A,N,N,A,A,N,A,A,N,A,N,A,N
YOR29-18;ALG8,D,D,D,N,D,D,D,D,D,N,D,D,D,D,D,D,D,D,D,D,D,D,D,D,D,D,D,D,D,N,D,D
OST4,N,N,N,N,N,N,N,N,N,N,N,N,N,N,N,N,N,N,N,N,N,N,N,N,N,N,N,N,N,N,N,N
WBP1,N,A,A,N,N,N,N,A,A,N,N,N,N,A,N,N,N,N,N,A,A,N,A,N,N,A,N,A,N,N,A,A
OST5,N,N,N,N,N,N,N,N,N,N,N,N,N,N,N,N,N,N,N,N,N,N,N,N,N,N,N,N,N,N,N,N
NLT1;OST1,A,A,A,N,N,A,A,A,A,N,A,A,N,N,A,A,N,A,A,A,A,N,N,A,A,N,A,A,N,N,A,A
OST6,N,N,N,N,N,N,N,N,N,N,N,N,N,N,N,N,N,N,N,N,N,N,N,N,N,N,N,N,N,N,N,N
SWP1,N,N,N,N,N,N,N,N,N,N,N,N,N,N,N,N,N,N,N,N,N,N,N,N,N,N,N,N,N,N,N,N
OST3,N,N,N,N,N,N,N,N,N,N,N,N,N,N,N,N,N,N,N,N,N,N,N,N,N,N,N,N,N,N,N,N
OST2,A,A,A,N,N,N,A,A,A,N,N,N,N,N,N,A,A,N,N,A,A,N,N,N,N,A,A,A,N,N,A,A
