sec20,A,A,A,N,A,A,N,A,A,N,A,A,A,A,A,A,A,A,A,A,A,A,A,A,A,A,N,A,A,A,A,A
2,N,A,N,N,N,N,N,A,N,N,N,N,N,N,N,N,N,N,N,A,N,N,A,N,N,A,N,N,N,N,A,N
3,A,N,N,N,N,N,N,N,A,N,N,N,N,N,A,A,N,N,N,N,A,N,N,N,N,N,N,N,N,N,A,N
ykt6,A,A,A,N,N,N,N,N,A,N,A,A,N,A,A,N,N,A,A,A,N,A,N,N,N,A,N,A,N,A,A,A
5,A,A,A,N,N,N,N,N,A,N,A,A,N,A,A,N,N,A,A,A,N,A,N,N,N,A,N,A,N,A,A,A
6,A,A,A,N,A,N,A,N,A,N,A,A,N,N,A,N,N,N,N,N,N,A,N,A,N,N,A,N,N,N,A,A
syn5,N,A,A,N,N,A,A,N,A,N,A,A,A,A,A,A,A,N,A,N,A,A,N,A,N,N,N,A,A,A,A,A
8,A,A,A,N,N,N,A,A,A,N,A,A,A,A,A,N,N,N,A,A,A,A,N,N,N,A,A,N,N,A,A,A
9,N,A,N,N,N,N,N,N,A,N,N,A,N,N,N,N,N,N,N,N,N,N,N,N,N,N,A,N,N,N,N,A
syn6,A,A,N,N,N,N,N,N,A,N,N,A,N,N,A,A,N,N,N,N,A,N,N,N,N,N,N,N,N,N,A,A
syn10,A,A,A,N,N,N,N,N,A,N,N,A,N,N,A,A,N,N,N,A,A,N,N,A,N,N,A,N,N,N,A,A
syn16B,N,A,A,N,N,N,A,N,A,N,N,A,A,N,A,N,N,N,A,N,A,N,N,A,N,N,N,A,N,A,N,A
syn16A,N,A,A,N,N,N,A,N,A,N,N,A,A,N,A,N,N,N,A,N,A,N,N,A,N,N,N,A,N,A,N,A
vti1B,A,A,A,N,A,A,N,N,A,N,A,A,A,N,N,A,A,N,A,A,A,N,A,A,N,N,A,N,N,N,N,N
vti1A,A,A,A,N,A,A,N,N,A,N,A,A,A,A,N,A,A,N,A,A,A,N,A,A,N,N,A,N,N,A,N,N
syn8B,N,A,A,N,A,N,A,A,A,N,N,A,N,N,N,N,A,A,N,N,N,A,A,A,N,A,N,N,N,N,A,A
sybA,A,A,A,N,N,N,N,A,A,N,A,A,N,A,A,N,N,N,A,A,N,A,N,N,N,A,A,N,N,A,A,A
sybB,A,A,A,N,N,N,A,A,A,N,A,A,A,A,A,N,N,N,A,A,A,A,N,N,N,A,A,N,N,A,A,A
19,N,A,A,N,N,N,N,N,A,N,N,A,N,N,A,N,N,N,N,A,N,N,N,A,N,N,A,N,N,N,N,N
syn1B,B,B,B,B,B,N,B,B,B,N,B,B,B,B,B,B,N,N,B,N,B,B,N,B,N,B,N,B,N,B,B,B
syn1A,B,B,B,B,B,N,B,B,B,N,B,B,B,B,B,B,N,N,B,N,B,B,N,B,N,B,N,B,N,B,B,B
vamp7B,A,A,A,N,N,N,A,A,A,N,A,A,A,A,A,N,N,A,A,A,A,A,N,N,N,A,A,A,N,A,A,A
vamp7A,A,A,A,N,N,N,A,A,A,N,A,A,A,A,A,N,N,N,A,A,A,A,N,N,N,A,A,N,N,A,A,A
