1,D,D,D,D,D,D,D,D,D,D,D,D,D,D,D,D,D,D,D,D,D,D,D,D,D,D,D,D,D,D,D,D
2,D,D,D,D,D,D,D,D,D,D,D,D,D,D,D,D,D,D,D,D,D,D,D,D,D,D,D,D,D,D,D,D
UAP56b,D,D,D,D,D,D,D,D,D,D,D,D,D,D,D,D,D,D,D,D,D,D,D,D,D,D,D,D,D,D,D,D
U1-70K,D,D,D,D,D,D,D,D,D,N,D,D,D,D,D,D,D,D,D,D,D,D,D,D,D,D,D,D,D,D,D,D
U1A,A,N,A,N,N,N,N,A,A,N,A,A,A,N,N,N,A,N,N,N,A,A,N,A,N,A,A,N,N,N,A,N
6,N,N,N,N,N,N,A,N,N,A,A,N,N,N,A,N,N,N,N,N,N,N,N,N,N,N,N,N,A,N,N,N
ESP3,D,D,D,D,D,D,D,D,D,D,D,D,D,D,D,D,D,D,D,D,D,D,D,D,D,D,D,D,D,D,D,D
MEE29,D,D,D,D,D,D,D,D,D,D,D,D,D,D,D,D,D,D,D,D,D,D,D,D,D,D,D,D,D,D,D,D
9,D,D,D,D,D,D,D,D,D,D,D,D,D,D,D,D,D,D,D,D,D,D,D,D,D,D,D,D,D,D,D,D
EMB3011,D,D,D,D,D,D,D,D,D,D,D,D,D,D,D,D,D,D,D,D,D,D,D,D,D,D,D,D,D,D,D,D
11,D,D,D,D,D,D,D,D,D,D,D,D,D,D,D,D,D,D,D,D,D,D,D,D,D,D,D,D,D,D,D,D
PRP40A,N,A,A,N,A,N,A,A,A,N,A,A,A,A,N,N,A,A,N,N,A,N,A,N,N,A,N,N,N,N,A,A
PRP40B,N,A,A,N,A,N,A,A,A,N,A,A,A,A,N,N,A,A,N,N,A,N,A,N,N,A,N,N,N,N,A,A
14,D,D,D,D,D,D,D,D,D,N,D,D,D,D,D,D,D,D,D,D,D,D,D,D,D,D,D,D,D,D,D,D
15,D,D,D,D,D,D,D,D,D,D,D,D,D,D,D,D,D,D,D,D,D,D,D,D,D,D,D,D,D,D,D,D
16,D,D,D,D,D,D,D,D,D,D,D,D,D,D,D,D,D,D,D,D,D,D,D,D,D,D,D,D,D,D,D,D
17,D,D,D,D,D,D,D,D,D,D,D,D,D,D,D,D,D,D,D,D,D,D,D,D,D,D,D,D,D,D,D,D
18,D,D,D,D,D,D,D,D,D,D,D,D,D,D,D,D,D,D,D,D,D,D,D,D,D,D,D,D,D,D,D,D
19,D,D,D,D,D,D,D,D,D,D,D,D,D,D,D,D,D,D,D,D,D,D,D,D,D,D,D,D,D,D,D,D
20,D,D,D,D,D,D,D,D,D,D,D,D,D,D,D,D,D,D,D,D,D,D,D,D,D,D,D,D,D,D,D,D
21,D,D,D,D,D,D,D,D,D,D,D,D,D,D,D,D,D,D,D,D,D,D,D,D,D,D,D,D,D,D,D,D
22,D,D,D,D,D,D,D,D,D,D,D,D,D,D,D,D,D,D,D,D,D,D,D,D,D,D,D,D,D,D,D,D
23,D,D,D,D,D,D,D,D,D,D,D,D,D,D,D,D,D,D,D,D,D,N,N,D,D,D,D,D,D,N,D,D
SmD3,D,D,D,D,D,D,D,D,D,N,D,D,D,D,D,D,D,D,D,D,D,N,N,D,D,D,D,D,D,N,D,D
25,D,D,D,D,D,D,D,D,D,D,D,D,D,D,D,D,D,D,D,D,D,D,D,D,D,D,N,D,D,N,D,D
26,D,D,D,D,D,D,D,D,D,D,D,N,D,N,N,D,D,D,D,N,D,N,N,D,N,D,N,N,D,D,D,D
SNRNP-G,D,D,D,D,D,D,D,D,D,D,D,D,D,N,N,D,D,D,D,D,D,N,N,D,D,D,D,D,D,D,D,D
28,C,C,C,C,N,C,C,C,C,N,C,C,C,C,C,C,C,C,C,N,C,C,N,C,C,N,C,C,C,C,C,C
29,C,C,C,C,N,C,C,C,C,N,C,C,C,C,N,N,C,N,C,N,C,N,N,N,C,N,C,C,C,N,C,C
30,D,D,D,D,D,D,D,D,D,D,D,D,D,N,N,D,D,D,D,D,D,N,N,D,D,D,D,D,D,D,D,D
31,C,C,C,C,N,C,C,C,C,N,C,C,C,C,C,C,C,C,C,N,C,C,N,C,C,N,C,C,C,C,C,C
32,C,C,C,C,N,C,C,C,C,N,C,C,C,C,N,C,C,C,C,N,C,N,N,N,C,N,C,C,C,N,C,C
smB,C,C,C,C,C,C,C,C,C,N,C,C,C,C,N,C,C,C,C,C,C,C,C,C,C,N,C,C,C,C,C,C
RUXF,D,D,D,D,D,D,D,D,D,D,D,D,D,D,D,D,D,D,D,D,D,D,D,D,D,D,N,D,D,D,D,D
35,D,D,D,D,D,D,D,D,D,D,D,N,D,N,N,D,D,D,D,N,D,N,N,D,N,D,N,N,D,D,D,D
36,C,C,C,C,C,C,C,C,C,N,C,C,C,C,N,C,C,C,C,C,C,C,C,C,C,N,C,C,C,C,C,C
RH20,D,D,D,D,D,D,D,D,D,D,D,D,D,D,D,D,D,D,D,D,D,D,D,D,D,D,D,D,D,D,D,D
DRH1,D,D,D,D,D,D,D,D,D,D,D,D,D,D,D,D,D,D,D,D,D,D,D,D,D,D,D,D,D,D,D,D
39,D,D,D,D,D,D,D,D,D,D,D,D,D,D,D,D,D,D,D,D,D,D,D,D,D,D,D,D,D,D,D,D
40,D,D,D,D,D,D,D,D,D,D,D,D,D,D,D,D,D,D,D,D,D,D,D,D,D,D,D,D,D,D,D,D
41,D,D,D,D,D,D,D,D,D,D,D,D,D,D,D,D,D,D,D,D,D,D,D,D,D,D,D,D,D,D,D,D
PRP40C,N,A,A,N,A,N,A,A,A,N,A,A,A,A,N,N,A,A,N,N,A,N,A,N,N,A,N,N,N,N,A,A
U2A',D,D,D,D,D,D,D,D,D,N,D,D,D,D,D,D,D,D,D,D,D,D,D,D,D,D,D,D,D,D,D,D
44,A,N,A,N,N,N,N,A,A,N,A,A,A,N,N,N,A,N,N,N,A,A,N,A,N,A,A,N,N,N,A,N
U2B'',A,N,A,N,N,N,N,A,A,N,A,A,A,N,N,N,A,N,N,N,A,A,N,A,N,A,A,N,N,N,A,N
46,C,C,C,N,C,N,C,C,C,N,C,N,C,C,C,C,N,N,C,N,C,C,C,N,N,N,C,C,C,C,C,N
47,C,C,C,N,C,N,C,C,C,N,C,N,C,C,C,C,N,N,C,N,C,C,C,N,N,N,C,C,C,C,C,N
48,A,A,N,N,N,N,A,A,A,N,A,N,N,A,A,A,A,A,A,A,A,N,N,A,N,A,A,A,A,A,N,A
49,A,A,N,N,N,N,N,N,A,N,N,N,N,N,A,A,N,N,A,N,N,N,N,N,N,N,N,N,A,A,A,N
50,A,A,N,N,N,N,N,N,A,N,N,N,N,N,A,A,N,N,A,N,N,N,N,N,N,N,N,N,A,A,A,N
51,C,C,N,N,C,N,C,C,C,N,C,N,C,C,C,C,C,N,C,N,C,C,C,N,N,N,C,C,C,C,C,N
ATO,N,N,N,N,A,A,N,N,N,N,N,A,N,N,A,A,A,A,A,N,N,N,A,N,A,N,A,N,N,N,N,A
53,C,C,N,N,C,N,C,C,C,N,C,N,C,C,C,C,N,N,C,N,C,C,C,N,N,N,C,C,C,C,C,N
54,A,A,N,N,N,A,A,A,A,N,A,N,N,A,A,A,A,A,A,A,A,A,N,A,A,A,A,A,N,A,A,A
55,A,A,N,A,A,N,N,A,A,N,A,N,A,N,N,N,A,A,A,A,A,N,A,N,N,N,A,N,A,A,A,N
emb2444,B,B,B,B,B,B,B,B,B,N,B,B,B,B,B,B,B,B,B,B,B,B,B,B,B,B,B,B,B,B,B,B
57,A,A,N,N,N,A,A,A,A,N,A,N,N,A,A,A,A,A,A,A,A,A,N,A,A,A,A,A,N,A,A,A
58,D,D,D,D,D,D,D,D,D,D,D,D,D,D,D,D,D,D,D,D,D,D,D,D,D,D,D,D,D,D,D,D
59,A,A,A,N,N,A,N,N,A,A,A,A,N,A,A,A,A,A,A,A,N,N,A,A,N,N,A,A,A,N,A,N
60,A,A,N,N,A,N,A,A,A,N,A,A,A,A,N,A,A,A,A,A,A,N,N,A,N,N,N,N,A,A,A,A
SAP130a,A,A,A,N,N,A,N,N,A,A,A,A,N,A,A,A,A,A,A,A,N,N,A,A,N,N,A,A,A,N,A,N
SAP130b,A,A,A,N,N,A,N,N,A,A,A,A,N,A,A,A,A,A,A,A,N,N,A,A,N,N,A,A,A,N,A,N
63,B,B,B,B,B,B,B,B,B,N,B,B,B,B,B,B,B,B,B,B,B,B,B,B,B,B,B,B,B,B,B,B
64,A,A,N,N,A,N,A,A,A,N,A,A,A,A,N,A,A,A,A,A,A,N,N,A,N,N,N,N,A,A,A,A
65,D,D,D,D,D,D,D,D,D,N,D,D,D,D,D,D,D,D,D,D,D,D,D,D,D,D,D,D,D,D,D,D
66,B,B,B,B,B,B,B,B,B,N,B,B,B,B,B,B,B,B,B,B,B,B,B,B,B,B,B,B,B,B,B,B
67,A,A,N,N,N,N,A,N,N,N,A,N,N,N,N,N,A,N,N,A,A,N,N,N,A,A,N,N,N,N,N,N
ATU2AF35A,B,B,B,B,N,N,B,B,B,N,B,B,B,B,B,B,B,B,B,N,B,B,B,B,B,B,B,B,B,N,B,B
69,B,B,B,B,B,B,B,B,B,N,B,B,B,B,B,B,B,B,B,B,B,B,B,B,B,B,B,B,B,B,B,B
70,B,B,B,B,B,B,B,B,B,N,B,B,B,B,B,B,B,B,B,B,B,B,B,B,B,B,B,B,B,B,B,B
71,B,B,B,B,N,N,B,B,B,N,B,B,B,B,B,B,B,B,B,N,B,B,B,B,B,B,B,B,B,N,B,B
ATU2AF65A,B,B,B,B,B,B,B,B,B,N,B,B,B,B,B,B,B,B,B,B,B,B,B,B,B,B,B,B,B,B,B,B
U2AF35B,B,B,B,B,N,N,B,B,B,N,B,B,B,B,B,B,B,B,B,N,B,B,B,B,B,B,B,B,B,N,B,B
74,N,A,A,N,N,N,N,A,A,N,A,N,N,A,N,N,A,N,N,N,A,A,A,A,N,N,N,A,A,A,A,N
DRT111,A,A,N,N,A,N,N,A,A,N,A,A,A,A,A,A,A,A,N,N,A,A,A,A,A,N,A,A,A,A,A,N
76,D,D,D,N,N,D,D,D,D,N,D,D,D,D,D,D,D,D,D,D,D,D,D,D,D,D,D,D,D,N,D,D
RRC1,D,D,D,N,N,D,D,D,D,N,D,D,D,D,D,D,D,D,D,D,D,D,D,D,D,D,D,D,D,N,D,D
ABH1,N,N,N,N,N,N,N,N,N,N,N,N,N,N,N,N,N,N,N,N,N,N,N,N,N,N,N,N,N,N,N,N
CBP20,B,B,B,B,B,B,B,B,B,N,B,B,B,B,B,B,B,B,B,B,B,B,B,B,B,B,B,B,B,B,B,B
80,D,D,D,D,D,D,D,D,D,N,D,D,D,D,D,D,D,D,D,D,D,D,D,D,D,D,D,D,D,D,D,D
AtRZ-1b,B,B,B,B,B,B,B,B,B,N,B,B,B,B,B,B,B,B,B,B,B,B,B,B,B,B,B,B,B,B,B,B
GR-RBP5,B,B,B,B,B,B,B,B,B,N,B,B,B,B,B,B,B,B,B,B,B,B,B,B,B,B,B,B,B,B,B,B
83,D,D,D,D,D,D,D,D,D,D,D,D,D,D,D,D,D,D,D,D,D,D,D,D,D,D,D,D,D,D,D,D
84,D,D,D,D,D,D,D,D,D,N,D,D,D,D,D,D,D,D,D,D,D,D,D,D,D,D,D,D,D,D,D,D
85,B,B,B,B,B,B,B,B,B,N,B,B,B,B,B,B,B,B,B,B,B,B,B,B,B,B,B,B,B,B,B,B
ATRZ-1A,B,B,B,B,B,B,B,B,B,N,B,B,B,B,B,B,B,B,B,B,B,B,B,B,B,B,B,B,B,B,B,B
UBA2A,B,B,B,B,B,B,B,B,B,N,B,B,B,B,B,B,B,B,B,B,B,B,B,B,B,B,B,B,B,B,B,B
AtRZ-1c,B,B,B,B,B,B,B,B,B,N,B,B,B,B,B,B,B,B,B,B,B,B,B,B,B,B,B,B,B,B,B,B
89,B,B,B,B,B,B,B,B,B,N,B,B,B,B,B,B,B,B,B,B,B,B,B,B,B,B,B,B,B,B,B,B
GR-RBP3,B,B,B,B,B,B,B,B,B,B,B,B,B,B,B,B,B,B,B,B,B,B,B,B,B,B,B,B,B,B,B,B
SR34,B,B,B,B,B,B,B,B,B,N,B,B,B,B,B,B,B,B,B,B,B,B,B,B,B,B,B,B,B,B,B,B
SR30,B,B,B,B,B,B,B,B,B,N,B,B,B,B,B,B,B,B,B,B,B,B,B,B,B,B,B,B,B,B,B,B
RSZ21,B,B,B,B,B,B,B,B,B,N,B,B,B,B,B,B,B,B,B,B,B,B,B,B,B,B,B,B,B,B,B,B
SCL33,B,B,B,B,B,B,B,B,B,B,B,B,B,B,B,B,B,B,B,B,B,B,B,B,B,B,B,B,B,B,B,B
RSZ22a,B,B,B,B,B,B,B,B,B,N,B,B,B,B,B,B,B,B,B,B,B,B,B,B,B,B,B,B,B,B,B,B
RS2Z33,B,B,B,B,B,N,B,B,B,N,B,B,B,B,B,B,B,B,B,B,B,B,B,B,B,B,B,B,B,B,B,B
RS31a,B,B,B,B,B,B,B,B,B,B,B,B,B,B,B,B,B,B,B,B,B,B,B,B,B,B,B,B,B,B,B,B
SCL30A,B,B,B,B,B,B,B,B,B,B,B,B,B,B,B,B,B,B,B,B,B,B,B,B,B,B,B,B,B,B,B,B
SR34a,D,D,D,D,D,D,D,D,D,N,D,D,D,D,D,D,D,D,D,D,D,D,D,D,D,D,D,D,D,D,D,D
RS2Z32,B,B,B,B,B,N,B,B,B,N,B,B,B,B,B,B,B,B,B,B,B,B,B,B,B,B,B,B,B,B,B,B
SCL30,B,B,B,B,B,B,B,B,B,B,B,B,B,B,B,B,B,B,B,B,B,B,B,B,B,B,B,B,B,B,B,B
RS31,B,B,B,B,B,B,B,B,B,B,B,B,B,B,B,B,B,B,B,B,B,B,B,B,B,B,B,B,B,B,B,B
SR34b,B,B,B,B,B,B,B,B,B,N,B,B,B,B,B,B,B,B,B,B,B,B,B,B,B,B,B,B,B,B,B,B
RS40,B,B,B,B,B,B,B,B,B,N,B,B,B,B,B,B,B,B,B,B,B,B,B,B,B,B,B,B,B,B,B,B
RSZ22,B,B,B,B,B,B,B,B,B,N,B,B,B,B,B,B,B,B,B,B,B,B,B,B,B,B,B,B,B,B,B,B
106,B,B,B,B,B,B,B,B,B,N,B,B,B,B,B,B,B,B,B,B,B,B,B,B,B,B,B,B,B,B,B,B
SCL28,B,B,B,B,B,B,B,B,B,B,B,B,B,B,B,B,B,B,B,B,B,B,B,B,B,B,B,B,B,B,B,B
RS41,B,B,B,B,B,B,B,B,B,B,B,B,B,B,B,B,B,B,B,B,B,B,B,B,B,B,B,B,B,B,B,B
SC35,B,B,B,B,B,B,B,B,B,B,B,B,B,B,B,B,B,B,B,B,B,B,B,B,B,B,B,B,B,B,B,B
MAC3A,D,D,D,D,D,D,D,D,D,D,D,D,D,D,D,D,D,D,D,D,D,D,D,D,D,D,D,D,D,D,D,D
MAC3B,D,D,D,D,D,D,D,D,D,D,D,D,D,D,D,D,D,D,D,D,D,D,D,D,D,D,D,D,D,D,D,D
CDC5,A,A,A,A,A,A,A,A,A,A,A,A,A,A,A,A,A,A,A,A,A,A,A,A,A,A,A,A,A,A,A,A
MOS4,N,N,N,N,N,N,N,N,N,N,N,N,N,N,N,N,N,N,N,N,N,N,N,N,N,N,N,N,N,N,N,N
PRL1,D,D,D,D,D,D,D,D,D,D,D,D,D,D,D,D,D,D,D,D,D,D,D,D,D,D,D,D,D,D,D,D
EMB2769,A,A,A,N,N,N,A,A,N,N,N,A,N,A,A,A,A,N,A,A,A,A,N,A,N,A,N,A,N,N,N,A
116,N,N,N,N,N,N,N,N,N,N,N,N,N,N,N,N,N,N,N,N,N,N,N,N,N,N,N,N,N,N,N,N
Hsp70b,D,D,D,D,D,D,D,D,D,N,D,D,D,D,D,D,D,D,D,D,D,D,D,D,N,D,D,D,D,D,D,D
ERD2,D,D,D,D,D,D,D,D,D,N,D,D,D,D,D,D,D,D,D,D,D,D,D,D,N,D,D,D,D,D,D,D
119,D,D,D,D,D,D,D,D,D,N,D,D,D,D,D,D,D,D,D,D,D,D,D,D,N,D,D,D,D,D,D,D
HSP70,D,D,D,D,D,D,D,D,D,N,D,D,D,D,D,D,D,D,D,D,D,D,D,D,N,D,D,D,D,D,D,D
cpHsc70-1,D,D,D,D,D,D,D,D,D,N,D,D,D,D,D,D,D,D,D,D,D,D,D,D,N,D,D,D,D,D,D,D
Hsp70-2,D,D,D,D,D,D,D,D,D,N,D,D,D,D,D,D,D,D,D,D,D,D,D,D,N,D,D,D,D,D,D,D
HSC70-1,D,D,D,D,D,D,D,D,D,N,D,D,D,D,D,D,D,D,D,D,D,D,D,D,N,D,D,D,D,D,D,D
cpHsc70-2,D,D,D,D,D,D,D,D,D,N,D,D,D,D,D,D,D,D,D,D,D,D,D,D,N,D,D,D,D,D,D,D
125,N,A,A,N,A,N,A,A,A,N,A,A,A,A,N,N,A,A,A,A,A,A,A,A,N,A,N,N,N,N,A,A
126,B,B,B,N,N,N,N,B,B,N,B,N,B,B,N,B,B,N,N,N,B,B,N,B,N,B,N,B,N,B,B,N
127,B,B,B,N,B,B,B,B,B,N,B,B,B,B,N,B,B,B,B,B,B,B,B,B,B,B,B,B,B,B,B,B
128,D,D,D,D,D,D,D,D,D,N,D,D,D,D,D,D,D,D,D,D,D,D,D,D,D,D,D,D,D,D,D,D
SKIP,A,N,A,N,N,N,A,A,A,N,A,A,A,A,N,A,A,A,A,A,A,A,N,A,A,A,A,A,A,A,A,A
130,A,A,N,N,A,N,N,N,A,N,A,A,A,A,A,A,A,A,A,A,A,A,A,A,A,A,A,A,A,A,A,A
131,D,D,D,D,D,D,D,D,D,N,D,D,D,D,D,D,D,D,D,D,D,D,D,D,D,D,D,D,D,D,D,D
132,N,N,N,N,N,N,N,N,A,N,A,N,N,N,N,N,A,N,N,N,A,N,N,N,N,N,N,N,A,N,N,A
MAC5A,B,B,B,B,B,B,B,B,B,N,B,B,B,B,B,B,B,B,B,B,B,B,B,B,B,B,B,B,B,B,B,B
MAC5B,B,B,B,B,B,B,B,B,B,N,B,B,B,B,B,B,B,B,B,B,B,B,B,B,B,B,B,B,B,B,B,B
135,B,B,B,N,N,N,B,B,B,N,B,B,N,N,B,B,B,B,N,B,N,N,B,B,B,N,B,B,N,B,B,N
MAC5C,B,B,B,B,B,B,B,B,B,N,B,B,B,B,B,B,B,B,B,B,B,B,B,B,B,B,B,B,B,B,B,B
EMB2765,D,D,D,D,D,D,D,D,D,D,D,D,D,D,D,D,D,D,D,D,D,D,D,D,D,D,D,D,D,D,D,N
LSM2,D,D,D,D,D,D,D,D,D,N,D,D,D,D,D,D,D,D,D,N,D,N,N,N,D,D,D,D,D,N,D,D
LSM3A,D,D,D,D,D,D,D,D,D,N,D,D,D,D,D,D,D,D,D,N,D,D,N,D,D,N,D,D,D,D,D,D
LSM8,C,C,C,C,C,C,C,C,C,C,C,C,C,C,N,N,C,C,C,C,C,C,C,C,C,C,C,C,C,C,C,C
LSM3B,D,D,D,D,D,D,D,D,D,N,D,D,D,D,D,D,D,D,D,N,D,D,N,D,D,N,D,D,D,D,D,D
EMB2816,D,D,D,D,D,D,D,D,D,D,D,D,D,N,D,D,D,D,D,D,D,N,N,D,D,D,D,D,D,D,D,D
LSM6B,D,D,D,D,D,D,D,D,D,D,D,D,D,D,D,D,D,D,D,D,D,D,D,D,D,D,N,D,D,D,D,D
LSM6A,D,D,D,D,D,D,D,D,D,D,D,D,D,D,D,D,D,D,D,D,D,D,D,D,D,D,N,D,D,D,D,D
emb1644,D,D,D,D,D,D,D,D,D,D,D,D,D,D,D,D,D,D,D,D,D,N,N,D,D,D,D,D,D,N,D,D
SAD1,C,C,N,C,N,N,C,C,C,N,N,N,C,N,N,C,C,N,N,N,C,N,N,C,N,N,N,N,C,C,C,C
emb1220,C,C,C,C,C,C,C,C,C,C,C,C,C,C,C,C,C,C,C,C,C,C,C,C,C,C,C,C,C,C,C,C
148,D,D,D,D,D,D,D,D,D,N,D,D,D,D,D,D,D,D,D,D,D,D,D,D,D,D,D,D,D,D,D,D
LIS,D,D,D,D,D,D,D,D,D,D,D,D,D,D,D,D,D,D,D,D,D,D,D,D,D,D,D,D,D,D,D,D
150,D,N,D,N,N,D,D,D,D,N,D,D,N,D,D,D,D,D,D,N,D,N,D,D,N,D,N,N,N,D,D,D
151,D,N,D,N,N,D,D,D,D,N,D,D,N,D,D,D,D,D,D,N,D,N,D,D,N,D,N,N,N,D,D,D
152,C,C,C,C,C,N,C,C,C,C,C,C,C,C,C,C,N,C,C,C,C,C,C,C,C,C,C,C,C,C,C,C
153,C,C,C,C,C,N,C,C,C,C,C,C,C,C,C,C,C,C,C,C,C,C,C,C,C,C,C,C,C,C,C,C
154,C,C,C,C,C,N,C,N,C,C,C,C,C,C,C,C,N,C,C,C,C,C,C,C,C,C,C,C,C,C,C,C
MEE5,D,D,D,N,D,D,D,D,D,D,D,D,D,D,D,D,D,D,D,D,D,D,D,D,N,D,D,D,D,D,D,D
156,D,D,D,N,D,D,D,N,D,D,D,D,D,D,D,D,D,D,N,D,D,N,D,D,N,D,D,D,D,D,D,N
emb1507,D,D,D,D,D,D,D,D,D,D,D,D,D,D,D,D,D,D,D,D,D,D,D,D,D,D,D,D,D,D,D,D
158,D,D,D,D,D,D,D,D,D,D,D,D,D,D,D,D,D,D,D,D,D,D,D,D,D,D,D,D,D,D,D,D
EMB2770,A,A,A,N,A,A,A,A,A,N,A,A,A,A,A,A,A,A,A,A,A,A,A,A,A,A,A,A,A,A,A,A
SUS2,A,A,A,A,N,N,A,A,A,A,N,A,A,A,A,A,A,A,A,A,A,A,A,A,A,A,A,A,N,N,A,A
161,A,A,A,A,N,N,A,A,A,A,N,A,A,A,A,A,A,A,A,A,A,A,A,A,A,A,A,A,N,N,A,A
162,D,D,D,D,D,D,D,D,D,D,D,D,D,D,D,D,D,D,D,D,D,D,D,D,D,D,D,D,D,D,D,D
163,D,D,D,D,D,D,D,D,D,D,D,D,D,D,D,D,D,D,D,D,D,D,D,D,D,D,D,D,D,D,D,D
164,D,D,D,D,D,D,D,D,D,D,D,D,D,D,D,D,D,D,D,D,D,D,D,D,D,D,D,D,D,D,D,D
YLS8,N,N,A,N,N,N,N,A,A,A,A,A,N,A,A,A,A,A,A,A,A,N,N,A,A,N,A,A,N,N,A,A
166,N,N,N,N,N,N,N,A,N,N,A,A,N,A,A,N,N,N,N,N,N,N,N,N,N,N,N,A,N,N,N,N
167,B,B,B,B,B,N,N,B,B,N,B,B,B,B,B,B,B,B,B,B,B,B,B,B,B,B,B,B,B,B,B,B
168,B,B,B,B,B,N,N,B,B,N,B,B,B,B,B,B,B,B,B,B,B,B,B,B,B,B,B,B,B,B,B,B
169,B,B,B,B,B,N,N,B,B,N,B,B,B,B,B,B,B,B,B,B,B,B,B,B,B,B,B,B,B,B,B,B
170,N,A,N,N,N,N,A,N,A,N,A,N,N,A,A,N,N,N,N,N,N,A,A,A,N,A,N,A,N,N,A,N
DOT2,D,D,D,D,D,D,D,D,D,N,D,D,D,D,D,D,D,D,D,D,D,D,D,D,D,D,D,D,D,D,D,D
172,B,B,B,N,N,N,B,N,B,N,B,N,N,N,B,B,B,N,B,B,B,B,B,B,N,B,N,N,B,N,B,N
173,D,D,D,D,D,D,D,D,D,D,D,D,D,D,D,D,D,D,D,D,D,D,D,D,D,D,D,D,D,D,D,D
EIF4A-III,D,D,D,D,D,D,D,D,D,D,D,D,D,D,D,D,D,D,D,D,D,D,D,D,D,D,D,D,D,D,D,D
Y14,B,B,B,B,B,B,B,B,B,N,B,B,B,B,B,B,B,B,B,B,B,B,B,B,B,B,B,B,B,B,B,B
MAGO,A,A,N,N,A,N,N,A,A,N,A,A,A,A,A,A,A,A,A,A,A,A,A,A,N,A,N,N,A,A,A,A
THO2,N,B,N,N,B,N,N,B,B,N,N,N,N,B,B,N,B,N,N,N,B,N,N,B,N,N,N,N,N,N,N,N
178,B,N,B,N,N,N,B,N,B,N,B,N,B,B,B,B,N,B,B,N,B,N,B,B,B,B,N,B,N,N,B,B
179,B,B,B,B,B,B,B,B,B,N,B,B,B,B,B,B,B,B,B,B,B,B,B,B,B,B,B,B,B,B,B,B
THO1,D,D,N,N,D,N,D,N,D,N,D,D,D,D,D,N,N,N,D,D,D,N,D,N,N,D,D,D,D,D,D,N
ALY4,B,N,B,N,N,N,B,N,B,N,B,N,B,B,B,B,N,B,B,N,B,N,B,B,B,B,N,B,N,N,B,B
TEX1,D,D,D,D,D,D,D,D,D,D,D,D,D,D,D,D,D,D,D,D,D,D,D,D,D,D,D,D,D,D,D,D
183,B,B,B,B,B,B,B,B,B,N,B,B,B,B,B,B,B,B,B,B,B,B,B,B,B,B,B,B,B,B,B,B
SMP1,N,A,A,N,N,N,N,N,A,N,A,N,N,A,A,N,A,N,N,N,A,N,A,A,A,N,N,A,N,A,N,N
185,N,A,A,N,N,N,N,N,A,N,A,N,N,A,A,N,A,N,N,N,A,N,A,A,A,N,N,A,N,A,N,N
SMP2,N,A,A,N,N,N,N,N,A,N,A,N,N,A,A,N,A,N,N,N,A,N,A,A,A,N,N,A,N,A,N,N
187,N,A,N,N,N,N,N,A,A,N,A,A,N,N,A,A,A,A,N,A,N,A,A,A,N,N,N,A,N,N,N,N
188,D,D,D,N,N,D,D,D,D,N,D,N,D,D,D,N,D,D,D,N,D,D,D,D,D,N,N,D,D,N,D,N
ATSRL1,N,A,A,N,N,N,A,N,A,N,A,N,A,A,A,N,N,N,N,N,A,A,A,N,N,N,N,N,A,N,A,N
190,A,A,N,N,A,N,N,N,A,N,A,N,A,N,A,N,N,N,N,A,A,N,N,A,N,N,A,N,N,A,A,N
191,A,A,N,N,A,N,N,N,A,N,A,N,A,N,A,N,N,N,N,A,A,N,N,A,N,N,A,N,N,A,A,N
192,N,A,A,N,N,A,A,N,A,N,N,N,N,N,N,A,A,A,N,A,N,A,N,A,N,A,N,N,A,N,A,A
