ACO3,D,N,D,N,N,N,D,N,D,N,D,D,N,D,N,N,N,N,N,D,D,N,N,N,N,N,N,N,D,D,N,D
ACO2,D,N,D,N,N,N,D,N,D,N,D,D,N,D,N,N,N,N,N,D,D,N,N,N,N,N,N,N,D,D,N,D
ACO1,D,N,D,N,N,N,D,N,D,N,D,D,N,D,N,N,N,N,N,D,D,N,N,N,N,N,N,N,D,D,N,D
ICL,A,N,N,N,N,N,N,N,N,N,A,N,N,N,A,N,N,N,N,N,N,N,A,N,N,N,N,N,N,N,N,N
5,N,N,N,N,N,N,N,N,N,N,N,N,N,N,N,N,N,N,N,N,N,N,N,N,N,N,N,N,N,N,N,N
6,N,N,N,N,N,N,N,N,N,N,N,N,N,N,N,N,N,N,N,N,N,N,N,N,N,N,N,N,N,N,N,N
7,N,N,N,N,N,N,N,N,N,N,N,N,N,N,N,N,N,N,N,N,N,N,N,N,N,N,N,N,N,N,N,N
8,N,N,N,N,N,N,N,N,N,N,N,N,N,N,N,N,N,N,N,N,N,N,N,N,N,N,N,N,N,N,N,N
HAOX1,D,D,D,D,D,D,D,D,D,N,D,D,D,D,D,D,D,D,D,D,D,D,D,D,D,D,N,D,D,D,D,D
HAOX2,D,D,D,D,D,D,D,D,D,N,D,D,D,D,D,D,D,D,D,D,D,D,D,D,D,D,N,D,D,D,D,D
GOX2,D,D,D,D,D,D,D,D,D,N,D,D,D,D,D,D,D,D,D,D,D,D,D,D,D,D,N,D,D,D,D,D
GOX1,D,D,D,D,D,D,D,D,D,N,D,D,D,D,D,D,D,D,D,D,D,D,D,D,D,D,N,D,D,D,D,D
GOX3,D,D,D,D,D,D,D,D,D,N,D,D,D,D,D,D,D,D,D,D,D,D,D,D,D,D,N,D,D,D,D,D
GLYR2,D,N,D,N,N,D,D,N,D,N,D,N,D,N,D,N,N,N,D,D,N,N,N,N,D,N,D,N,D,N,D,N
GLYR1,D,N,D,N,N,D,D,N,D,N,D,N,D,N,D,N,N,N,D,D,N,N,N,N,D,N,D,N,D,N,D,N
AAE3,D,D,D,D,D,D,D,D,D,N,D,D,D,D,D,D,D,D,D,D,D,D,D,D,D,D,D,D,D,D,D,D
FDH,D,N,N,N,N,N,D,D,D,N,D,N,D,D,N,N,N,D,D,N,N,D,D,N,N,N,N,N,N,N,D,D
CSY3,B,B,N,N,N,N,B,N,B,N,N,N,N,B,N,B,B,B,N,N,N,B,N,N,N,N,N,N,N,N,B,B
ATCS,B,B,N,N,N,N,B,N,B,N,N,N,N,B,N,B,B,B,N,N,N,B,N,N,N,N,N,N,N,N,B,B
CSY1,B,B,N,N,N,N,B,N,B,N,N,N,N,B,N,B,B,B,N,N,N,B,N,N,N,N,N,N,N,N,B,B
CSY2,B,B,N,N,N,N,B,N,B,N,N,N,N,B,N,B,B,B,N,N,N,B,N,N,N,N,N,N,N,N,B,B
CSY5,B,B,N,N,N,N,N,N,B,N,N,N,N,B,N,N,B,N,N,N,N,N,N,N,N,N,N,N,N,N,B,N
MLS,B,B,B,N,N,N,N,B,N,N,B,B,N,B,B,B,N,N,B,B,N,N,N,B,B,N,N,B,B,N,B,N
c-NAD-MDH1,B,B,N,N,N,N,N,B,B,N,B,N,N,N,N,B,B,N,N,N,B,N,B,N,N,N,N,N,N,N,B,N
mMDH1,B,B,N,N,N,N,N,B,B,N,B,N,N,N,N,B,B,N,N,N,B,N,B,N,N,N,N,N,N,N,B,N
PMDH1,B,B,N,N,N,N,N,B,B,N,B,N,N,N,N,B,B,N,N,N,B,N,B,N,N,N,N,N,N,N,B,N
mMDH2,B,B,N,N,N,N,N,B,B,N,B,N,N,N,N,B,B,N,N,N,B,N,B,N,N,N,N,N,N,N,B,N
MDH,B,B,N,N,N,N,N,B,B,N,B,N,N,N,N,B,B,N,N,N,B,N,B,N,N,N,N,N,N,N,B,N
PMDH2,B,B,N,N,N,N,N,B,B,N,B,N,N,N,N,B,B,N,N,N,B,N,B,N,N,N,N,N,N,N,B,N
c-NAD-MDH2,B,B,N,N,N,N,N,B,B,N,B,N,N,N,N,B,B,N,N,N,B,N,B,N,N,N,N,N,N,N,B,N
c-NAD-MDH3,B,B,N,N,N,N,N,B,B,N,B,N,N,N,N,B,B,N,N,N,B,N,B,N,N,N,N,N,N,N,B,N
32,N,N,N,N,N,N,N,N,N,N,N,N,N,N,N,N,N,N,N,N,N,N,N,N,N,N,N,N,N,N,N,N
RBCS1A,N,N,N,N,N,N,N,N,N,N,N,N,N,N,N,N,N,N,N,N,N,N,N,N,N,N,N,N,N,N,N,N
RBCS3B,N,N,N,N,N,N,N,N,N,N,N,N,N,N,N,N,N,N,N,N,N,N,N,N,N,N,N,N,N,N,N,N
RBCS2B,N,N,N,N,N,N,N,N,N,N,N,N,N,N,N,N,N,N,N,N,N,N,N,N,N,N,N,N,N,N,N,N
RBCS1B,N,N,N,N,N,N,N,N,N,N,N,N,N,N,N,N,N,N,N,N,N,N,N,N,N,N,N,N,N,N,N,N
rbcL,N,N,N,N,N,N,N,N,N,N,N,N,N,N,N,N,N,N,N,N,N,N,N,N,N,N,N,N,N,N,N,N
PGLP1,N,N,N,N,N,N,N,B,B,N,B,B,N,N,N,B,N,B,N,N,N,N,N,N,N,B,N,B,N,N,B,B
39,N,N,N,N,N,N,N,B,B,N,B,B,N,N,N,B,N,B,N,N,N,N,N,N,N,B,N,B,N,N,B,B
PGLP2,N,N,N,N,N,N,N,B,B,N,B,B,N,N,N,B,N,B,N,N,N,N,N,N,N,B,N,B,N,N,B,B
HPR3,D,N,N,N,N,N,D,D,D,N,D,N,D,D,N,N,N,D,D,N,N,D,D,N,N,N,N,N,N,N,D,D
HPR,D,N,N,N,N,N,D,D,D,N,D,N,D,D,N,N,N,D,D,N,N,D,D,N,N,N,N,N,N,N,D,D
43,D,N,N,N,N,N,D,D,D,N,D,N,D,D,N,N,N,D,D,N,N,D,D,N,N,N,N,N,N,N,D,D
AACT1,D,N,D,N,D,D,D,N,D,N,D,D,D,D,D,N,D,D,D,N,D,D,D,N,D,D,N,D,N,D,D,N
ACAT2,D,N,D,N,D,D,D,N,D,N,D,D,D,D,D,N,D,D,D,N,D,D,D,N,D,D,N,D,N,D,D,N
AGT,D,N,N,D,N,N,D,N,D,N,D,D,N,N,D,N,D,N,D,N,N,D,N,D,D,N,N,N,N,D,D,N
SHM6,D,D,D,N,D,D,D,D,D,N,D,D,D,D,D,D,D,D,D,D,D,D,D,D,D,D,D,D,D,D,D,D
SHM7,D,D,D,N,D,D,D,D,D,N,D,D,D,D,D,D,D,D,D,D,D,D,D,D,D,D,D,D,D,D,D,D
EDA36,D,D,D,N,D,D,D,D,D,N,D,D,D,D,D,D,D,D,D,D,D,D,D,D,D,D,D,D,D,D,D,D
SHM4,D,D,D,N,D,D,D,D,D,N,D,D,D,D,D,D,D,D,D,D,D,D,D,D,D,D,D,D,D,D,D,D
SHM3,D,D,D,N,D,D,D,D,D,N,D,D,D,D,D,D,D,D,D,D,D,D,D,D,D,D,D,D,D,D,D,D
SHM1,D,D,D,N,D,D,D,D,D,N,D,D,D,D,D,D,D,D,D,D,D,D,D,D,D,D,D,D,D,D,D,D
SHM2,D,D,D,N,D,D,D,D,D,N,D,D,D,D,D,D,D,D,D,D,D,D,D,D,D,D,D,D,D,D,D,D
54,N,N,D,N,D,N,N,N,N,N,N,N,N,N,N,N,N,N,N,D,N,N,N,D,N,N,N,N,N,N,N,N
55,N,D,D,N,D,N,D,D,N,N,N,D,N,D,N,N,N,D,N,N,D,D,N,N,N,N,N,N,N,N,D,N
mtLPD1,B,N,N,N,N,N,N,N,N,N,B,N,N,B,N,N,N,N,N,N,N,B,N,N,B,N,N,N,N,N,N,N
GLDP2,N,D,N,N,D,N,N,N,D,N,N,N,N,N,N,N,N,D,N,D,N,N,N,N,N,D,N,D,N,N,N,D
58,N,D,D,N,D,N,D,D,N,N,N,D,N,D,N,N,N,D,N,N,D,D,N,N,N,N,N,N,N,N,D,N
GDCH,N,D,D,N,D,N,D,D,N,N,N,D,N,D,N,N,N,D,N,N,D,D,N,N,N,N,N,N,N,N,D,N
LPD1,B,N,N,N,N,N,N,N,N,N,B,N,N,B,N,N,N,N,N,N,N,B,N,N,B,N,N,N,N,N,N,N
mtLPD2,B,N,N,N,N,N,N,N,N,N,B,N,N,B,N,N,N,N,N,N,N,B,N,N,B,N,N,N,N,N,N,N
62,B,N,N,N,N,N,N,N,N,N,B,N,N,B,N,N,N,N,N,N,N,B,N,N,B,N,N,N,N,N,N,N
GLDP1,N,D,N,N,D,N,N,N,D,N,N,N,N,N,N,N,N,D,N,D,N,N,N,N,N,D,N,D,N,N,N,D
CAT3,B,N,B,N,N,B,B,B,B,N,B,B,N,N,B,N,N,N,B,N,B,N,N,N,B,N,N,B,N,N,N,B
CAT1,B,N,B,N,N,B,B,B,B,N,B,B,N,N,B,N,N,N,B,N,B,N,N,N,B,N,N,B,N,N,N,B
CAT2,B,N,B,N,N,B,B,B,B,N,B,B,N,N,B,N,N,N,B,N,B,N,N,N,B,N,N,B,N,N,N,B
GGT1,D,N,N,N,N,D,N,N,D,N,N,D,D,N,N,N,N,N,N,D,N,N,N,D,N,N,N,D,N,N,D,D
AOAT2,D,N,N,N,N,D,N,N,D,N,N,D,D,N,N,N,N,N,N,D,N,N,N,D,N,N,N,D,N,N,D,D
GLU2,D,N,N,N,N,N,N,N,N,N,D,N,D,D,D,N,N,N,N,N,N,N,N,N,N,N,N,N,D,N,N,N
GLU1,D,N,N,N,N,N,N,N,N,N,D,N,D,D,D,N,N,N,N,N,N,N,N,N,N,N,N,N,D,N,N,N
GLN1;5,N,N,N,N,N,N,N,N,N,N,N,N,N,N,N,N,N,N,N,N,N,N,N,N,N,N,N,N,N,N,N,N
GLN1.3,N,N,N,N,N,N,N,N,N,N,N,N,N,N,N,N,N,N,N,N,N,N,N,N,N,N,N,N,N,N,N,N
GLN1;4,N,N,N,N,N,N,N,N,N,N,N,N,N,N,N,N,N,N,N,N,N,N,N,N,N,N,N,N,N,N,N,N
GS2,N,N,N,N,N,N,N,N,N,N,N,N,N,N,N,N,N,N,N,N,N,N,N,N,N,N,N,N,N,N,N,N
GSR_1,N,N,N,N,N,N,N,N,N,N,N,N,N,N,N,N,N,N,N,N,N,N,N,N,N,N,N,N,N,N,N,N
