CYP46A1;CYP46;CP46,D,D,D,D,D,D,D,D,D,N,D,D,D,D,D,D,D,D,D,D,D,D,D,D,D,D,D,D,D,D,D,D
SPG5A;CP7B;CYP7B1;CBAS3,D,D,D,N,D,D,D,D,D,N,D,N,D,D,D,D,D,D,D,D,D,D,D,D,D,D,N,D,D,N,D,D
CYP7A1;CYP7;CP7A;CYPVII,D,D,D,N,D,D,D,D,D,N,D,N,D,D,D,D,D,D,D,D,D,D,D,D,N,D,N,D,D,N,D,D
3o5bred;AKR1D1;SRD5B1;CBAS2,D,N,N,N,N,D,N,D,D,N,D,N,D,N,D,N,N,D,N,D,N,D,N,D,D,D,N,N,N,N,D,N
CHDR;AKR1C4;DD-4;C11;CDR;3-alpha-HSD;HAKRA;DD4,D,N,N,N,N,D,N,D,D,N,D,N,D,N,D,N,N,D,N,D,N,D,N,D,D,D,N,N,N,N,D,N
CYP27;CYP27A1;CP27;CTX,D,D,D,N,D,D,D,D,D,N,D,D,D,D,D,D,D,D,D,D,D,D,D,D,N,D,D,D,D,D,D,D
RACE;RM;P504S;AMACRD;AMACR;CBAS4,D,N,D,N,N,N,N,D,N,N,N,N,D,D,D,N,D,N,D,N,N,N,N,N,N,N,N,N,N,N,D,N
BCOX;BRCACOX;BRCOX;CBAS6;THCCox;ACOX2,N,N,N,N,N,N,N,A,N,N,A,N,N,N,N,N,N,N,A,N,A,N,N,N,N,N,N,N,N,N,N,N
C25H;CH25H,A,A,A,N,A,A,N,N,A,N,A,N,N,A,A,N,A,A,N,A,A,A,A,N,N,A,N,A,N,N,A,N
PRLTS1;MFE-2;HSD17B4;DBP;MPF-2;SDR8C1,D,D,D,D,D,D,D,D,D,N,D,D,D,D,D,D,D,D,D,D,D,D,D,D,D,D,D,D,D,D,D,D
SCP-CHI;SCP2;NLTP;SCP-2;NSL-TP;SCP-X;SCPX,D,N,D,N,D,D,N,D,D,N,D,D,D,D,D,N,D,D,N,N,N,D,D,N,D,D,N,D,N,D,D,N
ACSB;FATP5;ACSVL6;BAL;FATP-5;BACS;VLACSR;VLCS-H2;FACVL3;VLCSH2;SLC27A5,D,D,D,N,D,D,N,D,D,N,D,D,D,D,N,N,N,N,D,D,D,N,D,N,D,D,D,D,N,D,D,D
BAT;BACAT;BAAT,N,N,N,N,N,N,N,N,N,N,N,N,N,N,N,N,N,N,N,N,N,N,N,N,N,N,N,N,N,N,N,N
HSD3B7;CBAS1;SDR11E3;PFIC4,B,N,N,N,N,N,N,N,B,N,N,N,N,B,N,N,N,N,N,N,N,N,N,N,N,N,N,N,N,N,B,N
CYP8B1;CYP12;CP8B,D,D,D,N,D,D,D,D,D,N,D,N,D,D,D,N,D,D,D,D,D,D,D,D,N,D,N,D,D,N,D,D
CYP39A1,D,D,D,D,D,D,D,D,D,N,D,D,D,D,D,D,D,D,D,D,D,D,D,D,D,D,N,D,D,D,D,D
PTE2;PTE1;PTE-1;hACTE-III;ACOT8;PTE-2;hTE;HNAACTE;NAP1,N,N,A,N,N,N,N,N,N,N,A,N,N,N,N,N,A,N,N,N,A,N,N,N,A,N,N,N,N,N,N,N
