gpi,N,N,N,N,N,N,N,N,N,N,N,N,N,N,N,N,N,N,N,N,N,N,N,N,N,N,N,N,N,N,N,N
rbsk,N,B,N,N,N,N,N,N,B,N,N,B,N,N,N,N,N,N,N,N,N,N,B,N,N,N,N,N,N,N,N,N
prsB,N,N,D,D,D,D,D,N,D,N,D,N,D,N,N,N,N,D,D,N,N,N,D,N,D,D,D,D,N,D,D,N
prsC,N,N,D,D,D,D,D,N,D,N,D,N,D,N,N,N,N,D,D,N,N,N,D,N,D,D,D,D,N,D,D,N
prsA,N,N,D,D,D,D,D,N,D,N,D,N,D,N,N,N,N,D,D,N,N,N,D,N,D,D,D,D,N,D,D,N
tkt-1,D,N,N,N,D,N,D,D,D,N,D,N,N,D,D,D,N,D,D,N,N,N,N,D,N,N,D,N,N,N,D,N
tkt-2,D,N,N,N,D,N,D,D,D,N,D,N,N,D,D,D,N,D,D,N,N,N,N,D,N,N,D,N,N,N,D,N
rpiA,D,N,D,N,N,D,D,D,D,N,D,N,D,D,N,D,N,D,N,N,N,N,N,N,N,D,D,N,N,N,D,N
rpe,D,D,D,D,D,D,D,D,D,N,D,N,D,N,N,D,N,D,D,D,D,N,N,D,N,N,D,N,D,D,D,N
fba,N,B,B,B,B,N,B,B,B,N,B,N,B,B,B,B,B,B,B,B,B,B,B,B,N,B,N,N,B,B,B,B
pfkA,B,B,B,B,N,N,B,N,B,N,B,N,N,B,N,N,N,B,N,B,B,N,N,B,B,N,B,N,B,N,B,N
fbp,D,D,D,N,D,N,D,D,D,N,D,N,D,D,D,N,D,N,N,N,D,N,D,D,N,N,N,N,N,N,D,N
gnd,D,N,D,N,N,D,D,N,D,N,N,N,D,N,D,N,N,N,D,D,N,N,N,N,D,N,D,N,D,N,D,N
pgl,N,N,B,N,N,N,B,B,N,N,B,N,N,B,N,N,N,N,N,N,N,N,N,B,N,N,N,N,N,N,B,N
g6pd-1,B,B,B,B,B,B,B,B,B,N,B,B,B,B,B,B,B,B,B,B,B,B,B,B,B,B,B,B,B,N,B,B
g6pd-2,B,B,B,B,B,B,B,B,B,N,B,B,B,B,B,B,B,B,B,B,B,B,B,B,B,B,B,B,B,N,B,B
17,N,N,N,N,N,N,N,N,N,N,N,N,N,N,N,N,N,N,N,N,N,N,N,N,N,N,N,N,N,N,N,N
tal,N,N,N,N,N,N,N,N,B,N,B,N,N,N,N,B,N,N,N,N,B,B,N,N,N,N,N,N,N,N,N,N
pgmB,N,N,N,N,N,N,N,N,N,N,N,N,N,N,N,N,N,N,N,N,N,N,N,N,N,N,N,N,N,N,N,N
pgmA,N,N,N,N,N,N,N,N,N,N,N,N,N,N,N,N,N,N,N,N,N,N,N,N,N,N,N,N,N,N,N,N
tkrA,D,N,N,N,N,N,D,D,D,N,D,N,D,D,N,N,N,D,D,N,N,D,D,N,N,N,N,N,N,N,D,D
