accA,N,N,C,N,C,N,N,C,C,N,N,N,N,C,C,C,N,N,C,N,C,N,C,C,C,C,C,C,C,N,C,C
accD,N,D,N,N,N,D,D,N,N,N,N,D,N,D,N,D,D,D,D,D,N,D,N,D,D,N,D,D,N,D,N,N
accB,N,N,B,N,N,N,N,B,B,N,N,N,N,N,N,N,B,B,N,B,B,N,N,N,N,N,N,B,N,N,B,N
accC,N,D,D,N,N,D,D,D,D,N,N,D,N,D,N,D,D,D,D,D,D,D,N,D,D,N,D,D,N,D,D,N
puuE,D,D,D,N,N,D,N,D,D,N,D,D,D,D,D,D,D,D,D,D,D,D,D,D,N,D,D,D,D,D,D,D
gabT,D,D,D,N,N,D,N,D,D,N,D,D,D,D,D,D,D,D,D,D,D,D,D,D,N,D,D,D,D,D,D,D
pta,N,N,N,N,N,N,N,N,N,N,N,N,N,N,N,N,N,N,N,N,N,N,N,N,N,N,N,N,N,N,N,N
ybiW,N,N,N,N,N,N,N,N,N,N,N,N,N,N,N,N,N,N,N,N,N,N,N,N,N,N,N,N,N,N,N,N
pflB,N,N,N,N,N,N,N,N,N,N,N,N,N,N,N,N,N,N,N,N,N,N,N,N,N,N,N,N,N,N,N,N
tdcE,N,N,N,N,N,N,N,N,N,N,N,N,N,N,N,N,N,N,N,N,N,N,N,N,N,N,N,N,N,N,N,N
pflD,N,N,N,N,N,N,N,N,N,N,N,N,N,N,N,N,N,N,N,N,N,N,N,N,N,N,N,N,N,N,N,N
tdcD,N,N,N,N,N,N,N,N,N,N,N,N,N,N,N,N,N,N,N,N,N,N,N,N,N,N,N,N,N,N,N,N
scpB,D,D,D,N,D,D,D,D,D,N,D,D,D,D,D,N,D,D,D,D,D,D,D,D,N,D,N,D,D,N,D,D
prpE,D,D,D,D,D,D,D,D,D,N,D,D,D,D,D,D,D,D,D,D,D,D,D,D,D,D,D,D,D,D,D,D
acs,D,D,D,D,D,D,D,D,D,N,D,D,D,D,D,D,D,D,D,D,D,D,D,D,D,D,D,D,D,D,D,D
ackA,N,N,N,N,N,N,N,N,N,N,N,N,N,N,N,N,N,N,N,N,N,N,N,N,N,N,N,N,N,N,N,N
paaF,D,D,D,N,D,D,D,D,D,N,D,D,D,D,D,D,D,D,D,D,D,D,D,D,N,D,N,D,D,N,D,D
fadJ,D,D,D,N,N,N,D,D,D,N,D,D,D,D,D,D,D,D,D,D,D,D,D,D,N,D,N,D,D,N,D,D
fadB,D,D,D,N,N,N,D,D,D,N,D,D,D,D,D,D,D,D,D,D,D,D,D,D,N,D,N,D,D,N,D,D
prpD,N,N,N,N,N,N,N,N,N,N,N,N,N,N,N,N,N,N,N,N,N,N,N,N,N,N,N,N,N,N,N,N
scpA,N,N,N,N,B,N,N,N,N,N,B,N,N,B,N,N,N,B,N,N,N,B,N,B,N,B,B,N,N,B,N,N
prpC,B,B,N,N,N,N,B,N,B,N,N,N,N,B,N,B,B,B,N,N,N,B,N,N,N,N,N,N,N,N,B,B
acnB,D,N,D,N,N,N,D,N,D,N,D,D,N,D,N,N,N,N,N,D,D,N,N,N,N,N,N,N,D,D,N,D
sucC,B,B,N,N,N,N,B,N,B,N,B,N,N,N,N,B,N,B,N,N,N,B,N,B,N,N,N,N,N,N,N,B
sucD,N,D,D,N,D,N,D,N,D,N,D,D,N,N,N,D,D,D,N,D,N,D,D,N,N,N,D,N,N,N,N,D
prpB,A,N,N,N,N,N,N,N,N,N,A,N,N,N,A,N,N,N,N,N,N,N,A,N,N,N,N,N,N,N,N,N
atoB,D,N,D,N,D,D,D,N,D,N,D,D,D,D,D,N,D,D,D,N,D,D,D,N,D,D,N,D,N,D,D,N
yqeF,D,N,D,N,D,D,D,N,D,N,D,D,D,D,D,N,D,D,D,N,D,D,D,N,D,D,N,D,N,D,D,N
ydiF,N,N,N,N,N,N,N,N,N,N,N,N,N,N,N,N,N,N,N,N,N,N,N,N,N,N,N,N,N,N,N,N
atoD,N,N,N,N,N,N,N,N,N,N,N,N,N,N,N,N,N,N,N,N,N,N,N,N,N,N,N,N,N,N,N,N
atoA,N,N,N,N,N,N,N,N,N,N,N,N,N,N,N,N,N,N,N,N,N,N,N,N,N,N,N,N,N,N,N,N
mgsA,N,N,N,N,N,N,N,N,N,N,N,N,N,N,N,N,N,N,N,N,N,N,N,N,N,N,N,N,N,N,N,N
fucO,N,N,N,N,N,N,N,N,N,N,N,N,N,N,N,N,N,N,N,N,N,N,N,N,N,N,N,N,N,N,N,N
gldA,N,N,N,N,N,N,N,N,N,N,N,N,N,N,N,N,N,N,N,N,N,N,N,N,N,N,N,N,N,N,N,N
ydjG,D,N,N,N,N,D,N,D,D,N,D,N,D,N,D,N,N,D,N,D,N,D,N,D,D,D,N,N,N,N,D,N
yqhD,N,N,N,N,N,N,N,N,N,N,N,N,N,N,N,N,N,N,N,N,N,N,N,N,N,N,N,N,N,N,N,N
lpd,B,N,N,N,N,N,N,N,N,N,B,N,N,B,N,N,N,N,N,N,N,B,N,N,B,N,N,N,N,N,N,N
acuI,D,D,D,N,D,D,D,D,D,N,D,D,D,D,D,D,N,D,D,D,D,D,D,D,D,D,D,D,D,N,D,D
scpC,N,N,N,N,N,N,N,N,N,N,N,N,N,N,N,N,N,N,N,N,N,N,N,N,N,N,N,N,N,N,N,N
