XPO3;XPOT,N,N,A,N,A,A,N,N,A,N,A,A,N,N,N,N,N,N,N,N,A,N,A,N,N,N,N,A,N,N,A,N
ARA24;TC4;RAN;Gsp1,D,D,D,D,D,D,D,D,D,D,D,D,D,D,D,D,D,D,D,D,D,D,D,D,D,D,D,D,D,D,D,D
emb;exp1;XPO1;CRM1,N,N,A,N,A,A,N,A,A,N,A,A,A,N,N,N,N,A,N,N,A,N,A,N,N,N,N,A,N,A,A,N
NIP1;PIG55;NCBP2;CBP20;CBC2,B,B,B,B,B,B,B,B,B,N,B,B,B,B,B,B,B,B,B,B,B,B,B,B,B,B,B,B,B,B,B,B
NCBP;NCBP1;Sto1;CBP80,N,N,N,N,N,N,N,N,N,N,N,N,N,N,N,N,N,N,N,N,N,N,N,N,N,N,N,N,N,N,N,N
RNUXA;PHAX,D,D,D,D,D,D,D,D,D,N,D,D,D,D,D,D,D,D,D,D,D,D,D,D,D,D,D,D,D,D,D,D
CLNS1B;CLNS1A;ICln;CLCI,N,N,N,N,N,N,N,N,N,N,N,N,N,N,N,N,N,N,N,N,N,N,N,N,N,N,N,N,N,N,N,N
SIP1-delta;GEMIN2;SIP1,A,N,N,N,N,N,N,N,A,N,N,A,N,A,N,N,A,N,N,N,N,N,N,N,N,A,N,N,N,N,A,A
SMA3;SMNT;TDRD16A;GEMIN1;SMN;SMN1;SMA@;SMA4;BCD541;T-BCD541;SMA;SMA2;SMA1,N,B,N,N,N,N,N,B,B,N,B,B,N,N,B,N,B,N,N,N,B,B,B,B,N,N,N,B,N,N,B,N
SMN2;C-BCD541;GEMIN1;BCD541;SMNC;TDRD16B,N,B,N,N,N,N,N,B,B,N,B,B,N,N,B,N,B,N,N,N,B,B,B,B,N,N,N,B,N,N,B,N
DDX20;GEMIN3;DP103,D,D,D,D,D,D,D,D,D,D,D,D,D,D,D,D,D,D,D,D,D,D,D,D,D,D,D,D,D,D,D,D
GEMIN-5;GEMIN5,D,D,D,D,D,D,D,D,D,D,D,D,D,D,D,D,D,D,D,D,D,D,D,D,D,D,D,D,D,D,D,D
p97;HC56;HHRF-1;GEMIN4;HCAP1,N,N,N,N,N,N,N,N,N,N,N,N,N,N,N,N,N,N,N,N,N,N,N,N,N,N,N,N,N,N,N,N
SIP3;GEMIN7,N,N,N,N,N,N,N,N,N,N,N,N,N,N,N,N,N,N,N,N,N,N,N,N,N,N,N,N,N,N,N,N
FAM51A1;GEMIN8,N,N,N,N,N,N,N,N,N,N,N,N,N,N,N,N,N,N,N,N,N,N,N,N,N,N,N,N,N,N,N,N
STRAP;MAWD;UNRIP;PT-WD,D,D,D,D,D,D,D,D,D,D,D,D,D,D,D,D,D,D,D,D,D,D,D,D,D,D,D,D,D,D,D,D
TGS1;NCOA6IP;PIMT;PIPMT,N,D,N,N,N,N,N,N,D,N,D,D,D,D,N,N,N,D,N,N,N,N,N,N,N,N,D,N,N,N,D,N
GEMIN6,N,N,N,N,N,N,N,N,N,N,N,N,N,N,N,N,N,N,N,N,N,N,N,N,N,N,N,N,N,N,N,N
KPNB1;IPO1;NTF97;IPOB;IMB1;Impnb,A,A,N,N,A,N,A,N,A,N,A,A,A,A,N,N,A,N,N,A,N,A,N,A,N,N,N,N,N,N,A,A
SNUPN;KPNBL;RNUT1;Snurportin1,A,A,N,N,N,N,N,N,A,N,A,A,A,N,A,N,N,N,A,N,N,N,N,N,N,N,N,A,N,N,A,N
MDS014;RBM8;Y14;BOV-1A;ZRNP1;RBM8A;TAR;BOV-1C;ZNRP;BOV-1B;C1DELq21.1;RBM8B;DEL1q21.1,B,B,B,B,B,B,B,B,B,N,B,B,B,B,B,B,B,B,B,B,B,B,B,B,B,B,B,B,B,B,B,B
MAGOH;MAGOHA;MAGOH1,A,A,N,N,A,N,N,A,A,N,A,A,A,A,A,A,A,A,A,A,A,A,A,A,N,A,N,N,A,A,A,A
MGN2;magoh;mago;MAGOHB,A,A,N,N,A,N,N,A,A,N,A,A,A,A,A,A,A,A,A,A,A,A,A,A,N,A,N,N,A,A,A,A
Fal1;NMP265;RCPS;MUK34;EIF4A3;DDX48;NUK34;eIF4AIII,D,D,D,D,D,D,D,D,D,D,D,D,D,D,D,D,D,D,D,D,D,D,D,D,D,D,D,D,D,D,D,D
CASC3;MLN51;BTZ,N,N,N,N,N,N,N,N,N,N,N,N,N,N,N,N,N,N,N,N,N,N,N,N,N,N,N,N,N,N,N,N
ACINUS;ACIN1;ACN;fSAP152,B,B,B,N,N,N,B,N,B,N,B,N,N,N,B,B,B,N,B,B,B,B,B,B,N,B,N,N,B,N,B,N
E5.1;RNPS1,B,N,B,N,N,B,B,N,B,N,B,B,B,B,B,B,B,B,B,N,B,N,B,B,B,B,N,B,N,N,B,B
SAP18;2HOR0202;SAP18P,A,A,N,N,N,N,N,A,A,N,A,N,N,A,N,N,N,N,A,N,N,N,N,N,N,N,N,N,A,N,A,N
SRRM1;SRM160;160-KD;POP101,A,N,N,N,N,N,N,N,A,N,A,A,N,A,N,N,N,N,N,N,A,A,N,A,N,N,N,N,N,N,A,A
NXF1;MEX67;TAP,N,N,N,N,A,N,N,N,N,N,A,N,N,N,A,N,N,N,N,N,N,N,N,N,N,A,N,N,A,N,A,A
NXF5,N,N,N,N,A,N,N,N,N,N,A,N,N,N,A,N,N,N,N,N,N,N,N,N,N,A,N,N,A,N,A,A
NXF3,N,N,N,N,A,N,N,N,N,N,A,N,N,N,A,N,N,N,N,N,N,N,N,N,N,A,N,N,A,N,A,A
TAPL-2;CT39;NXF2;TCP11X2,N,N,N,N,A,N,N,N,N,N,A,N,N,N,A,N,N,N,N,N,N,N,N,N,N,A,N,N,A,N,A,A
TCP11X1;bA353J17.1;NXF2B,N,N,N,N,A,N,N,N,N,N,A,N,N,N,A,N,N,N,N,N,N,N,N,N,N,A,N,N,A,N,A,A
DRSP;memA;PNN;DRS;SDK3,D,D,D,D,D,D,D,D,D,N,D,D,D,D,D,D,D,D,D,D,D,D,D,D,D,D,D,D,D,D,D,D
THOC4;ALY/REF;BEF;REF;ALY;ALYREF,B,N,B,B,B,N,N,B,B,N,B,B,B,B,B,B,B,B,B,B,B,B,B,B,N,B,B,B,B,N,B,B
P15;MTR2;NXT1,A,A,N,N,A,N,N,A,A,N,N,N,A,A,N,N,A,N,N,A,A,A,N,N,N,A,N,A,N,N,A,N
P15-2;NXT2,A,A,N,N,A,N,N,A,A,N,N,N,A,A,N,N,A,N,N,A,A,A,N,N,N,A,N,A,N,N,A,N
NUPL1;NUP45;PRO2463;NUP58,D,D,N,N,D,N,N,D,D,N,N,N,D,N,D,D,N,N,N,D,D,D,N,N,N,D,D,D,N,N,D,D
NUP205;C7orf14;NPHS13,N,N,N,N,N,N,N,N,N,N,N,N,N,N,N,N,N,N,N,N,N,N,N,N,N,N,N,N,N,N,N,N
NUP188;KIAA0169;hNup188,N,N,N,N,N,N,N,N,N,N,N,N,N,N,N,N,N,N,N,N,N,N,N,N,N,N,N,N,N,N,N,N
NUP62;p62;IBSN;SNDI,D,D,N,N,D,D,D,D,D,N,D,N,D,D,D,D,N,D,D,D,D,D,D,D,N,D,D,D,N,D,D,D
TPR,D,D,D,D,D,D,D,D,D,N,D,D,D,D,D,D,D,D,D,D,D,D,D,D,D,D,D,D,D,D,D,D
HNUP153;NUP153;N153,A,N,A,N,N,N,N,A,N,N,N,N,N,N,N,N,N,N,A,N,N,N,N,A,N,N,N,N,N,A,A,A
NIC96;NUP93,A,N,N,N,N,N,N,A,N,N,A,N,N,N,N,N,N,N,N,N,N,N,N,N,N,N,N,A,N,N,A,N
NUP54,A,A,A,A,N,N,N,A,A,N,A,A,A,A,N,A,A,A,A,A,A,A,N,A,A,A,A,A,A,A,A,A
NPAP60;NUP50;NPAP60L,A,A,A,A,N,N,N,N,A,N,N,N,N,N,N,N,A,N,N,N,A,N,A,A,N,A,N,A,A,N,A,A
ATFB15;N155;NUP155,N,A,N,N,A,A,A,A,N,N,A,N,N,N,A,N,A,A,N,N,A,N,A,N,A,N,N,N,N,N,N,N
AXAM2;SENP2;SMT3IP2,N,N,A,N,N,N,A,A,A,N,A,N,N,A,A,N,A,N,A,A,A,A,A,A,A,A,N,N,N,A,A,N
ADIR2;NUP96;NUP196;NUP98,A,A,A,A,N,N,N,A,N,N,A,A,A,A,N,A,A,A,A,A,N,A,N,A,A,A,A,A,A,A,A,A
p37;NUP37,D,D,D,D,D,D,D,D,D,D,D,D,D,D,D,D,D,D,D,D,D,D,D,D,D,D,D,D,D,D,D,D
SEC13;SEC13L1;npp-20;D3S1231E;SEC13R,D,D,D,D,D,D,D,D,D,D,D,D,D,D,D,D,D,D,D,D,D,D,D,D,D,D,D,D,D,D,D,D
NUP160,N,N,A,N,N,N,N,N,A,N,N,N,N,A,N,N,N,N,A,N,N,A,N,N,N,N,N,N,N,N,A,A
NPHS11;NUP107;NUP84,N,A,A,N,N,N,A,N,N,N,N,A,N,N,N,N,N,N,N,N,N,N,N,N,N,N,N,N,A,N,A,N
FROUNT;Nup75;NUP85,N,N,N,N,N,N,N,N,N,N,N,N,N,N,N,N,N,N,N,N,N,N,N,N,N,N,N,N,N,N,N,N
SEH1L;SEC13L;SEH1A;SEH1B;Seh1,D,D,D,D,D,D,D,D,D,D,D,D,D,D,D,D,D,D,D,D,D,D,D,D,D,D,D,D,D,D,D,D
dJ481F12.3;Mnrp41;RAE1;MRNP41;dJ800J21.1;MIG14,D,D,D,D,D,D,D,D,D,D,D,D,D,D,D,D,D,D,D,D,D,D,D,D,D,D,D,D,D,D,D,D
NUP43;bA350J20.1;p42,B,B,B,B,B,B,B,B,B,B,B,N,B,B,B,B,B,B,B,B,B,B,B,B,B,B,B,B,B,B,B,B
NUP133;hNUP133,N,N,N,N,N,N,N,N,N,N,N,N,N,N,N,N,N,N,N,N,N,N,N,N,N,N,N,N,N,N,N,N
POM210;NUP210;GP210,N,N,A,N,N,N,A,N,N,N,A,N,N,N,N,N,N,N,A,N,A,N,A,N,N,N,N,N,N,N,N,N
NUP210L,N,N,A,N,N,N,A,N,N,N,A,N,N,N,N,N,N,N,A,N,A,N,A,N,N,N,N,N,N,N,N,N
POM121C;POM121-2,N,A,N,N,N,N,N,A,N,N,A,N,N,A,N,A,N,A,A,A,N,A,N,N,A,N,N,A,N,A,A,N
POM121-L;POM121L2;POM121L,N,A,N,N,N,N,N,A,N,N,A,N,N,A,N,A,N,A,A,A,N,A,N,N,A,N,N,A,N,A,A,N
P145;POM121;POM121A,D,D,N,N,D,D,D,D,D,N,D,N,D,D,N,D,N,D,D,D,D,D,D,D,D,D,D,D,N,D,D,D
TMEM48;NDC1;NET3,N,N,N,N,N,N,N,N,N,N,N,N,N,N,N,N,N,N,N,N,N,N,N,N,N,N,N,N,N,N,N,N
CAIN;CAN;NUP214,N,A,N,N,N,N,N,A,N,N,A,N,N,A,N,A,N,A,A,A,N,A,N,N,A,N,N,A,N,A,A,N
NUP88,N,N,N,N,N,N,N,N,N,N,N,N,N,N,N,N,N,N,N,N,N,N,N,N,N,N,N,N,N,N,N,N
RGP4;RGPD4,D,D,D,D,D,N,D,D,D,N,D,D,D,D,D,D,D,D,D,D,D,D,D,D,N,D,D,D,D,D,D,D
RGPD2;RGPD1;RGP1;RanBP2L2,D,D,D,D,D,N,D,D,D,N,D,D,D,D,D,D,D,D,D,D,D,D,D,D,N,D,D,D,D,D,D,D
IIAE3;TRP2;ADANE;NUP358;TRP1;ANE1;RANBP2,D,D,D,D,D,D,D,D,D,N,D,D,D,D,D,D,D,D,D,D,D,D,D,D,D,D,D,D,D,D,D,D
RGP3;RGPD3,D,D,D,D,D,N,D,D,D,N,D,D,D,D,D,D,D,D,D,D,D,D,D,D,N,D,D,D,D,D,D,D
RGP8;RANBP2L1;RGPD8;RanBP2alpha,D,D,D,D,D,N,D,D,D,N,D,D,D,D,D,D,D,D,D,D,D,D,D,D,N,D,D,D,D,D,D,D
RGPD2;NUP358;RANBP2L2;RGP2,D,D,D,D,D,N,D,D,D,N,D,D,D,D,D,D,D,D,D,D,D,D,D,D,N,D,D,D,D,D,D,D
RGP5;BS63;BS-63;HEL161;RGPD5,D,D,D,D,D,N,D,D,D,N,D,D,D,D,D,D,D,D,D,D,D,D,D,D,N,D,D,D,D,D,D,D
C358B7.1;UBC9;UBE2I;P18,D,D,D,D,D,D,D,D,D,D,D,D,D,D,D,D,D,D,D,D,D,D,D,D,D,D,D,D,D,D,D,D
RANGAP;SD;RANGAP1;Fug1,B,B,B,B,B,B,B,B,B,N,B,B,B,B,B,B,B,B,B,B,B,B,B,B,N,B,B,B,B,B,B,B
IDDM5;dJ281H8.4;SUMO-4;SMT3H4;SUMO4,A,A,N,A,N,A,N,A,N,N,A,A,N,N,N,N,A,N,N,N,N,N,A,A,N,A,N,N,N,A,A,A
SMT3H1;SUMO3;Smt3B;SMT3A;SUMO-3,A,A,N,A,N,A,N,A,N,N,A,A,N,N,N,N,A,N,N,N,N,N,A,A,N,A,N,N,N,A,A,A
SUMO2;HSMT3;SUMO3;SMT3H2;SMT3B;Smt3A,A,A,N,A,N,A,N,A,N,N,A,A,N,N,N,N,A,N,N,N,N,N,A,A,N,A,N,N,N,A,A,A
GMP1;DAP1;SMT3H3;SMT3;UBL1;SENP2;SMT3C;PIC1;SUMO1;OFC10,A,A,N,A,N,A,N,A,N,N,A,A,N,N,N,N,A,N,N,N,N,N,A,A,N,A,N,N,N,A,A,A
NLP_1;NLP-1;CG1;hCG1;NUPL2,N,N,N,N,N,N,N,N,N,N,N,N,N,N,N,N,N,N,N,N,N,N,N,N,N,N,N,N,N,N,N,N
ALADIN;GL003;ADRACALA;AAASb;AAA;AAAS;ADRACALIN,D,D,D,D,D,D,D,D,D,D,D,D,D,D,D,D,D,D,D,D,D,D,D,D,D,D,D,D,D,D,D,D
SKB1Hs;IBP72;SKB1;HRMT1L5;JBP1;PRMT5,N,C,N,N,C,N,N,N,C,N,C,N,N,C,N,N,C,N,N,C,N,C,N,N,N,N,N,N,N,C,C,N
exp5;XPO5,N,N,A,N,N,N,N,A,A,N,N,N,A,N,N,N,N,A,N,N,N,N,N,N,N,N,N,N,N,A,N,N
HNGC:16303;GRAF-1EF;EF1A;PTI1;EEF-1;CCS3;eEF1A-1;EEF1A1;EE1A1;CCS-3;EF-Tu;LENG7;EEF1A,D,D,D,D,D,D,D,D,D,D,D,D,D,D,D,D,D,D,D,N,D,D,D,D,D,D,D,D,D,D,D,D
STN;EF1A;HS1;EF-1-alpha-2;EEF1A2;STNL;EEF1AL;EIEE33;MRD38,D,D,D,D,D,D,D,D,D,D,D,D,D,D,D,D,D,D,D,N,D,D,D,D,D,D,D,D,D,D,D,D
CGI-07;NMD3,N,N,N,A,A,A,N,A,N,N,A,N,N,N,N,N,A,N,N,N,N,N,A,A,N,N,A,A,N,N,A,N
RENT1;HUPF1;pNORF1;NORF1;UPF1;smg-2,D,D,D,D,D,D,D,D,D,D,D,D,D,D,D,D,D,D,D,D,D,D,D,D,D,D,D,D,D,D,D,N
UAP56;D6S81E;BAT1;DDX39B,D,D,D,D,D,D,D,D,D,D,D,D,D,D,D,D,D,D,D,D,D,D,D,D,D,D,D,D,D,D,D,D
PYM;PYM1;WIBG,N,N,N,N,N,N,N,N,N,N,N,N,N,N,N,N,N,N,N,N,N,N,N,N,N,N,N,N,N,N,N,N
EIF1;EIF1A;SUI1;A121;EIF-1;ISO1,N,A,N,A,N,N,N,N,A,N,A,A,A,N,N,N,A,N,A,N,N,N,N,A,N,N,N,N,N,N,A,N
GC20;EIF1B,N,A,N,A,N,N,N,N,A,N,A,A,A,N,N,N,A,N,A,N,N,N,N,A,N,N,N,N,N,N,A,N
EIF1AP1;EIF1AX;EIF1A;eIF-4C;EIF4C;eIF-1A,D,D,D,N,N,N,D,D,D,D,D,D,D,N,N,D,D,D,N,D,D,D,D,N,D,D,D,D,N,N,D,D
EIF1AY;eIF-4C,D,D,D,N,N,N,D,D,D,D,D,D,D,N,N,D,D,D,N,D,D,D,D,N,D,D,D,D,N,N,D,D
eIF3-p46;EIF3S6;EIF3-P48;EIF3E;INT6,N,A,N,N,A,A,N,A,A,N,N,A,N,N,N,N,N,A,N,N,N,N,A,A,N,A,N,N,N,N,N,N
EIF3CL,N,N,A,N,A,N,N,N,A,N,N,N,N,N,N,N,N,N,N,N,N,A,N,N,N,N,N,N,N,N,A,N
EIF3;p180;EIF3A;P167;eIF3-theta;TIF32;p185;EIF3S10;eIF3-p170,D,D,D,D,D,D,D,D,D,N,D,D,D,D,D,D,D,D,D,D,D,D,D,D,D,D,D,D,D,D,D,D
EIF3-P116;EIF3B;EIF3-ETA;PRT1;EIF3-P110;EIF3S9,D,D,D,D,D,D,D,D,D,N,D,D,D,D,D,D,D,D,D,D,D,D,D,D,D,D,D,D,D,D,D,D
EIF3CL;EIF3C;EIF3S8;eIF3-p110,N,N,A,N,A,N,N,N,A,N,N,N,N,N,N,N,N,N,N,N,N,A,N,N,N,N,N,N,N,N,A,N
EIF3S7;eIF3-zeta;eIF3-p66;EIF3D,A,A,A,N,A,N,N,A,A,N,A,A,A,A,N,A,A,N,A,N,A,N,A,A,A,N,A,N,A,N,A,N
EIF3S5;eIF3-p47;EIF3F,C,C,C,C,C,N,C,C,C,N,C,C,N,C,C,C,C,C,C,C,C,C,C,C,C,C,N,C,N,C,C,C
EIF3S4;eIF3-delta;EIF3G;eIF3-p44;EIF3-P42,B,B,B,B,B,B,B,B,B,B,B,B,B,B,B,B,B,B,B,B,B,B,B,B,B,B,B,B,B,B,B,B
eIF3-gamma;eIF3-p40;EIF3S3;EIF3H,C,C,C,N,N,C,C,C,C,N,C,C,N,C,C,C,C,C,C,C,C,C,C,C,C,C,N,C,N,C,C,C
EIF3I;PRO2242;eIF3-beta;EIF3S2;TRIP1;eIF3-p36;TRIP-1,D,D,D,D,D,D,D,D,D,D,D,D,D,D,D,D,D,D,D,D,D,D,D,D,D,D,D,D,D,D,D,D
EIF3S1;EIF3J;eIF3-alpha;eIF3-p35,N,N,N,N,N,N,N,N,A,N,A,A,N,N,N,N,A,N,N,N,N,N,N,N,N,N,A,N,N,N,N,N
CCA1;SIFD;MtCCA;TRNT1;RPEM;CGI-47,N,N,B,B,N,B,B,N,N,N,N,N,N,N,N,N,N,N,N,N,B,N,N,N,N,N,N,N,N,N,N,N
RPP20;RPP2;POP7;0610037N12Rik,N,C,N,N,N,N,C,N,N,N,N,N,N,N,N,C,N,N,N,N,N,N,N,N,N,N,N,N,N,N,N,C
TSG15;RPP30,A,A,A,N,A,N,A,N,A,N,A,A,N,A,A,N,N,N,N,A,N,N,A,N,A,A,N,A,A,N,A,N
RPP38,N,N,N,N,N,N,N,N,C,N,C,N,N,C,N,N,N,N,C,N,C,N,N,N,N,C,C,N,C,N,C,N
RPP29;POP4,A,N,N,N,N,N,N,A,A,N,A,A,N,A,A,N,N,N,N,N,N,N,A,A,A,A,N,N,N,N,A,A
RNASEP1;RPP40;bA428J1.3,N,N,N,N,N,N,N,N,N,N,N,N,N,N,N,N,N,N,N,N,N,N,N,N,N,N,N,N,N,N,N,N
ANXD2;POP1,N,N,N,N,N,N,N,N,N,N,N,N,N,N,N,N,N,N,N,N,N,N,N,N,N,N,N,N,N,N,N,N
RPP14;P14,N,N,N,N,N,N,N,N,N,N,N,N,N,N,N,N,N,N,N,N,N,N,N,N,N,N,N,N,N,N,N,N
RPP25L;bA296L22.5;C9orf23,N,C,N,N,N,N,C,C,C,N,C,N,C,C,C,C,C,N,C,N,C,N,N,N,C,N,N,N,N,N,N,C
HSPC004;RPP20;hPop5;POP5;RPP2,C,N,C,N,N,C,N,C,N,N,N,C,N,N,N,N,N,N,N,N,N,N,N,C,N,N,N,N,N,N,N,N
RPP25,N,C,N,N,N,N,C,C,C,N,C,N,C,C,C,C,C,N,C,N,C,N,N,N,C,N,N,N,N,N,N,C
CAT60;C6orf135;RPP21,N,N,N,N,N,N,N,N,N,N,N,N,N,N,N,N,N,N,N,N,N,N,N,N,N,N,N,N,N,N,N,N
ELAC1;D29,B,B,N,N,N,N,B,B,N,B,B,N,B,B,N,B,N,N,N,N,N,N,N,B,N,N,N,N,N,N,B,N
ELC2;HPC2;COXPD17;ELAC2,B,B,N,N,N,N,B,B,N,B,B,N,B,B,N,B,N,N,N,N,N,N,N,B,N,N,N,N,N,N,B,N
P84;HPR1;THOC1;P84N5,D,D,N,N,D,N,D,N,D,N,D,D,D,D,D,N,N,N,D,D,D,N,D,N,N,D,D,D,D,D,D,N
THOC2;hTREX120;MRX12;CXorf3;MRX35;dJ506G2.1;THO2,N,B,N,N,B,N,N,B,B,N,N,N,N,B,B,N,B,N,N,N,B,N,N,B,N,N,N,N,N,N,N,N
THOC3;THO3;hTREX45,D,D,D,D,D,D,D,D,D,D,D,D,D,D,D,D,D,D,D,D,D,D,D,D,D,D,D,D,D,D,D,D
Fmip;PK1.3;THOC5;C22orf19;fSAP79,N,N,A,N,N,N,A,N,N,N,A,N,N,N,N,N,N,N,N,N,N,N,A,N,N,N,N,N,N,N,A,N
THOC6;fSAP35;WDR58,D,D,D,D,D,D,D,D,D,D,D,D,D,D,D,D,D,D,D,D,D,D,D,D,D,D,D,D,D,D,D,D
THOC7;hTREX30;fSAP24;NIF3L1BP1,N,N,N,N,N,N,N,A,N,N,A,A,N,N,N,N,N,N,N,A,N,A,N,N,N,N,N,A,N,N,N,N
PABPC4L,D,D,D,D,D,D,D,D,D,D,D,D,D,D,D,D,D,D,D,D,D,D,D,D,D,D,D,D,D,D,D,D
PABPC5;PABP5,D,D,D,D,D,D,D,D,D,D,D,D,D,D,D,D,D,D,D,D,D,D,D,D,D,D,D,D,D,D,D,D
PABP1;PABPC1;PAB1;PABP;PABPL1;PABPC2,D,D,D,D,D,D,D,D,D,D,D,D,D,D,D,D,D,D,D,D,D,D,D,D,D,D,D,D,D,D,D,D
PABPC1L2A;RBM32A,B,B,B,B,B,B,B,B,B,N,B,B,B,B,B,B,B,B,B,B,B,B,B,B,B,B,B,B,B,B,B,B
PABP3;PABPL3;tPABP;PABPC3,D,D,D,D,D,D,D,D,D,D,D,D,D,D,D,D,D,D,D,D,D,D,D,D,D,D,D,D,D,D,D,D
RBM32B;PABPC1L2B,B,B,B,B,B,B,B,B,B,N,B,B,B,B,B,B,B,B,B,B,B,B,B,B,B,B,B,B,B,B,B,B
dJ1069P2.3;EPAB;PABPC1L;PABPC1L1;C20orf119,B,B,B,B,B,B,B,B,B,B,B,B,B,B,B,B,B,B,B,B,B,B,B,B,B,B,B,B,B,B,B,B
iPABP;APP1;PABP4;PABPC4;APP-1,D,D,D,D,D,D,D,D,D,D,D,D,D,D,D,D,D,D,D,D,D,D,D,D,D,D,D,D,D,D,D,D
EIF-2alpha;EIF2S1;EIF2A;EIF-2A;EIF2;EIF-2,N,D,N,D,D,D,D,D,D,D,D,D,D,D,N,D,D,D,D,D,N,D,N,D,D,D,D,N,N,N,D,N
eIF-2gA;EIF2G;MRXSBRK;EIF2S3;EIF2gamma;EIF2,D,D,D,D,D,D,D,D,D,D,D,D,D,D,D,D,D,D,D,N,D,N,D,D,N,D,D,D,D,N,D,D
PPP1R67;eIF-2-beta;EIF2S2;EIF2B;EIF2beta;EIF2,D,D,D,N,N,N,D,N,D,N,D,D,N,D,N,N,D,N,N,D,N,D,D,D,N,N,D,D,D,D,D,D
PAIP1,A,N,N,N,A,N,N,N,A,N,A,A,N,N,N,N,A,A,N,N,A,N,N,A,N,A,N,N,N,N,A,A
EIF-4A;eIF4A-I;EIF4A;EIF4A1;eIF-4A-I;DDX2A,D,D,D,D,D,D,D,D,D,D,D,D,D,D,D,D,D,D,D,D,D,D,D,D,D,D,D,D,D,D,D,D
BM-010;DDX2B;EIF4A;eIF4A-II;EIF4F;EIF4A2;eIF-4A-II,D,D,D,D,D,D,D,D,D,D,D,D,D,D,D,D,D,D,D,D,D,D,D,D,D,D,D,D,D,D,D,D
AUTS19;EIF4EL1;EIF4E1;eIF-4E;EIF4F;EIF4E;CBP,A,A,A,N,A,A,A,A,A,A,A,A,N,A,A,N,A,A,A,A,N,A,A,A,A,A,A,A,N,N,A,A
EIF4E1B,A,A,A,N,A,A,A,A,A,A,A,A,N,A,A,N,A,A,A,A,N,A,A,A,A,A,A,A,N,N,A,A
h4EHP;4E-LP;4EHP;EIF4E2;IF4e;EIF4EL3,A,A,A,N,A,A,A,A,A,A,A,A,N,A,A,N,A,A,A,A,N,A,A,A,A,A,A,A,N,N,A,A
EIF4G;EIF-4G1;EIF4GI;P220;PARK18;EIF4F;EIF4G1,A,N,A,N,A,N,N,N,A,N,A,A,A,N,N,N,A,A,A,N,A,N,N,A,N,A,A,N,N,N,A,A
AAG1;DAP5;P97;NAT1;EIF4G2,A,N,A,N,A,N,N,N,A,N,A,A,A,N,N,N,A,A,A,N,A,N,N,A,N,A,A,N,N,N,A,A
eIF-4G_3;EIF4G3;eIF4GII;eIF4G_3,A,N,A,N,A,N,N,N,A,N,A,A,A,N,N,N,A,A,A,N,A,N,N,A,N,A,A,N,N,N,A,A
EIF-5A;EIF5;EIF-5,D,D,D,N,N,N,D,N,D,N,D,D,N,D,N,N,D,N,N,D,N,D,D,D,N,N,D,D,D,D,D,D
RENT2;HUPF2;smg-3;UPF2,N,A,N,N,N,N,A,N,N,N,N,N,N,N,N,N,A,N,N,N,A,N,N,N,N,A,N,N,N,N,N,N
UPF3BP3;UPF3B;UPF3BP1;MRXS14;Upf3p-X;UPF3BP2;MRX62;RENT3B;HUPF3B;UPF3X,N,N,N,N,N,N,N,N,N,N,N,N,N,N,N,N,N,N,N,N,N,N,N,N,N,N,N,N,N,N,N,N
UPF3A;HUPF3A;UPF3;RENT3A,N,N,N,N,N,N,N,N,N,N,N,N,N,N,N,N,N,N,N,N,N,N,N,N,N,N,N,N,N,N,N,N
PRO1843;EIF4B;EIF-4B,B,N,B,N,B,N,B,N,B,N,B,N,B,B,B,B,B,B,B,N,B,N,B,B,B,B,N,B,B,N,B,B
4EBP1;EIF4EBP1;BP-1;PHAS-I;4E-BP1,N,N,N,N,N,N,N,N,N,N,N,N,N,N,N,N,N,N,N,N,N,N,N,N,N,N,N,N,N,N,N,N
4EBP2;EIF4EBP2;PHASII,N,N,N,N,N,N,N,N,N,N,N,N,N,N,N,N,N,N,N,N,N,N,N,N,N,N,N,N,N,N,N,N
EIF4EBP3;4E-BP3;4EBP3,N,N,N,N,N,N,N,N,N,N,N,N,N,N,N,N,N,N,N,N,N,N,N,N,N,N,N,N,N,N,N,N
ERIC-1;TACC3;ERIC1,N,N,N,N,N,N,N,N,N,N,N,N,N,N,N,N,N,N,N,N,N,N,N,N,N,N,N,N,N,N,N,N
IF2;EIF5B,D,D,D,D,D,D,D,D,D,D,D,D,D,D,D,D,D,D,D,D,D,D,D,D,D,D,D,D,D,D,D,D
EIF2B1;EIF2B;EIF2BA,N,N,D,D,N,D,N,N,D,N,D,N,N,N,D,N,N,D,N,D,N,D,N,D,N,N,D,D,D,D,D,N
EIF2B;EIF2B4;EIF2Bdelta;EIF-2B,N,N,D,D,N,D,N,N,D,N,D,N,N,N,D,N,N,D,N,D,N,D,N,D,N,N,D,D,D,D,D,N
EIF2B3;EIF-2B;EIF2Bgamma,A,A,N,N,N,N,N,N,A,N,A,N,N,N,N,N,N,N,N,N,N,A,N,A,N,A,N,A,N,N,N,N
EIF2B2;EIF2B;EIF-2Bbeta,N,N,D,D,N,D,N,N,D,N,D,N,N,N,D,N,N,D,N,D,N,D,N,D,N,N,D,D,D,D,D,N
CACH;EIF2Bepsilon;EIF2B5;EIF-2B;LVWM;CLE,A,A,N,N,N,N,N,N,A,N,A,N,N,N,N,N,N,N,N,N,N,A,N,A,N,A,N,A,N,N,N,N
NUP53;MP-44;NUP35;NP44;MP44,N,N,N,N,N,N,N,N,N,N,N,N,N,N,N,N,N,N,N,N,N,N,N,N,N,N,N,N,N,N,N,N
RNU6A;RNU6-1;U6-1;U6;RNU6,N,N,N,N,N,N,N,N,N,N,N,N,N,N,N,N,N,N,N,N,N,N,N,N,N,N,N,N,N,N,N,N
SNORD3B-1;U3b1;U3b2;RNU3A1;U3a,N,N,N,N,N,N,N,N,N,N,N,N,N,N,N,N,N,N,N,N,N,N,N,N,N,N,N,N,N,N,N,N
U3;SNORD3A;RNU3,N,N,N,N,N,N,N,N,N,N,N,N,N,N,N,N,N,N,N,N,N,N,N,N,N,N,N,N,N,N,N,N
U3b2;U3-2B;SNORD3B-2,N,N,N,N,N,N,N,N,N,N,N,N,N,N,N,N,N,N,N,N,N,N,N,N,N,N,N,N,N,N,N,N
U3-3;RNU3-3;SNORD3C,N,N,N,N,N,N,N,N,N,N,N,N,N,N,N,N,N,N,N,N,N,N,N,N,N,N,N,N,N,N,N,N
SRA1;SHYC;P140SRA-1;SRA-1;CYFIP1,N,N,N,N,N,N,N,N,N,N,N,N,N,N,N,N,N,N,N,N,N,N,N,N,N,N,N,N,N,N,N,N
PIR121;CYFIP2,N,N,N,N,N,N,N,N,N,N,N,N,N,N,N,N,N,N,N,N,N,N,N,N,N,N,N,N,N,N,N,N
POF1;FMRP;POF;FMR1;FRAXA,N,N,A,N,N,N,N,N,N,N,A,N,A,N,A,A,A,N,N,N,N,N,N,N,N,N,N,N,N,N,A,N
FXR1P;FXR1,N,N,A,N,N,N,N,N,N,N,A,N,A,N,A,A,A,N,N,N,N,N,N,N,N,N,N,N,N,N,A,N
FMR1L2;FXR2P;FXR2,N,N,A,N,N,N,N,N,N,N,A,N,A,N,A,A,A,N,N,N,N,N,N,N,N,N,N,N,N,N,A,N
