LKRSDH;LORSDH;AASS;LKR/SDH,D,D,D,N,D,N,N,D,D,N,D,N,N,D,N,N,N,N,N,N,N,N,D,N,D,N,N,N,N,D,D,N
SCEH;ECHS1D;ECHS1,D,D,D,N,D,D,D,D,D,N,D,D,D,D,D,N,D,D,D,D,D,D,D,D,N,D,N,D,D,N,D,D
PBFE;LBP;L-PBE;ECHD;FRTS3;EHHADH;LBFP,D,D,D,N,N,N,D,D,D,N,D,D,D,D,D,D,D,D,D,D,D,D,D,D,N,D,N,D,D,N,D,D
ECHA;MTPA;TP-ALPHA;HADHA;GBP;LCHAD;LCEH;HADH,D,D,D,N,N,N,D,D,D,N,D,D,D,D,D,D,D,D,D,D,D,D,D,D,N,D,N,D,D,N,D,D
HHF4;SCHAD;HAD;HADH1;MSCHAD;HCDH;HADHSC;HADH,D,D,D,N,N,N,D,D,D,N,D,D,D,D,D,D,D,D,D,D,D,D,D,D,N,D,N,D,D,N,D,D
ATQ1;ALDH7A1;PDE;EPD,D,D,D,N,D,D,D,D,D,N,D,D,D,D,D,D,D,D,D,D,D,D,D,D,D,D,D,D,D,D,D,N
AADAT;KAT2;KYAT2;KATII,D,N,D,D,D,D,N,D,D,N,D,D,D,D,D,D,D,D,D,N,D,D,D,D,N,N,N,D,D,N,D,N
AKGDH;OGDC;OGDH;E1k,D,D,D,D,D,D,D,D,D,N,D,D,D,D,D,D,D,D,D,D,D,D,D,D,D,D,D,D,D,D,D,D
OGDHL,D,D,D,D,D,D,D,D,D,N,D,D,D,D,D,D,D,D,D,D,D,D,D,D,D,D,D,D,D,D,D,D
ACAT1;MAT;THIL;T2;ACAT,D,N,D,N,D,D,D,N,D,N,D,D,D,D,D,N,D,D,D,N,D,D,D,N,D,D,N,D,N,D,D,N
ACAT2,D,N,D,N,D,D,D,N,D,N,D,D,D,D,D,N,D,D,D,N,D,D,D,N,D,D,N,D,N,D,D,N
ACAD5;GCDH;GCD,D,D,D,D,D,D,D,D,D,N,D,D,D,D,D,D,D,D,D,D,D,D,D,D,D,D,N,D,D,D,D,D
PIPOX;LPIPOX,N,N,N,N,N,N,N,N,N,N,N,N,N,N,N,N,N,N,N,N,N,N,N,N,N,N,N,N,N,N,N,N
DLST;DLTS,D,D,D,D,D,D,D,D,D,N,D,D,D,D,D,D,D,D,D,D,D,D,D,D,D,D,D,D,D,D,D,D
G-BBH;BBOX;BBOX1;BBH;gamma-BBH,A,N,A,N,N,N,N,N,N,N,A,N,A,N,N,N,N,N,N,A,A,N,N,N,A,N,N,N,A,N,A,A
E3;ALDH7;TMABADH;ALDH4;ALDH9;ALDH9A1,D,D,D,N,D,D,D,D,D,N,D,D,D,D,D,D,D,D,D,D,D,D,D,D,D,D,D,D,D,D,D,N
AUTSX6;BBOX2;TMLHED;XAP130;TMLD;TMLHE;TMLH,A,N,A,N,N,N,N,N,N,N,A,N,A,N,N,N,N,N,N,A,A,N,N,N,A,N,N,N,A,N,A,A
CAMKMT;CLNMT;KMT;CaM_KMT;C2orf34;Cam,D,D,D,D,D,D,D,D,D,N,D,D,D,D,D,D,D,D,D,D,D,D,D,D,D,D,D,D,D,D,D,D
G9A;EHMT2;NG36;C6orf30;GAT8;BAT8;KMT1C,D,D,D,D,D,D,D,D,D,N,D,D,D,D,D,D,D,D,D,D,D,D,D,D,D,D,D,D,D,D,D,D
PRDM7;PFM4;ZNF910,D,D,D,D,D,D,D,D,D,N,D,D,D,D,D,D,N,N,D,D,D,D,D,D,D,D,D,D,D,D,D,D
EZH1;KMT6B,D,D,D,D,D,D,D,D,D,N,D,D,D,D,D,D,D,D,D,D,D,D,D,D,D,D,D,D,D,D,D,D
EZH2;WVS2;KMT6;WVS;ENX-1;ENX1;KMT6A;EZH2b,D,D,D,D,D,D,D,D,D,N,D,D,D,D,D,D,D,D,D,D,D,D,D,D,D,D,D,D,D,D,D,D
SETD1B;KMT2G;Set1B,D,D,D,D,D,D,D,D,D,N,D,D,D,D,D,D,D,D,D,D,D,D,D,D,D,D,D,D,D,D,D,D
LLS;HBP231;HIP-1;SETD2;p231HBP;HYPB;SET2;HIF-1;HSPC069;KMT3A,D,D,D,D,D,D,D,D,D,N,D,D,D,D,D,D,D,D,D,D,D,D,D,D,D,D,D,D,D,D,D,D
KMT5A;PR-Set7;SETD8;SET07;SET8,D,D,D,D,D,D,D,D,D,N,D,D,D,D,D,D,D,D,D,D,D,D,D,D,D,D,D,D,D,D,D,D
CXXC7;TRX1;MLL;KMT2A;WDSTS;HTRX1;MLL1;ALL-1;HRX;MLL1A,D,D,D,D,D,D,D,D,D,N,D,D,D,D,D,D,D,D,D,D,D,D,D,D,D,D,D,D,D,D,D,D
KMT5B;CGI-85;CGI85;SUV420H1,N,N,B,N,N,N,N,B,B,N,B,N,N,B,N,N,N,N,N,N,N,B,B,B,N,N,N,N,B,N,B,N
pp14328;KMT3G;KMT3F;WHSC1L1;WHISTLE;NSD3,D,D,D,D,D,D,D,D,D,N,D,D,D,D,D,D,D,D,D,D,D,D,D,D,D,D,D,D,D,D,D,D
KMT2H;ASH1;ASH1L;ASH1L1,D,D,D,D,D,D,D,D,D,N,D,D,D,D,D,D,D,D,D,D,D,D,D,D,D,D,D,D,D,D,D,D
KMT2E;MLL5;HDCMC04P;NKp44L,B,N,B,N,N,B,B,B,B,N,B,B,B,B,B,N,N,B,N,B,B,N,B,B,B,N,B,B,N,N,B,N
PFM6;MEISETZ;KMT8B;PRDM9;ZNF899;MSBP3,D,D,D,D,D,D,D,D,D,N,D,D,D,D,D,D,N,N,D,D,D,D,D,D,D,D,D,D,D,D,D,D
KMT2C;HALR;MLL3,D,D,D,D,D,D,D,D,D,N,D,D,D,D,D,D,D,D,D,D,D,D,D,D,D,D,D,D,D,D,D,D
SETMAR;METNASE;Mar1,D,D,D,D,D,D,D,D,D,N,D,D,D,D,D,D,D,D,D,D,D,D,D,D,D,D,D,D,D,D,D,D
KMT3B;STO;NSD1;ARA267;SOTOS1;SOTOS,D,D,D,D,D,D,D,D,D,N,D,D,D,D,D,D,D,D,D,D,D,D,D,D,D,D,D,D,D,D,D,D
SUV39H1;SUV39H;KMT1A;MG44;H3-K9-HMTase_1,D,D,D,D,D,D,D,D,D,N,D,D,D,D,D,D,D,D,D,D,D,D,D,D,D,D,D,D,D,D,D,D
KMT3G;NSD2;MMSET;WHSC1;TRX5;KMT3F;REIIBP;WHS,D,D,D,D,D,D,D,D,D,N,D,D,D,D,D,D,D,D,D,D,D,D,D,D,D,D,D,D,D,D,D,D
HUMHOXY1;RIZ;RIZ2;KMT8;RIZ1;PRDM2;KMT8A;MTB-ZF,D,D,D,D,D,D,D,D,D,N,D,D,D,D,D,D,N,N,D,D,D,D,D,D,D,D,D,D,D,D,D,D
SUV39H2;KMT1B,D,D,D,D,D,D,D,D,D,N,D,D,D,D,D,D,D,D,D,D,D,D,D,D,D,D,D,D,D,D,D,D
EUHMTASE1;GLP;FP13812;Eu-HMTase1;KMT1D;EHMT1;GLP1;EHMT1-IT1,D,D,D,D,D,D,D,D,D,N,D,D,D,D,D,D,D,D,D,D,D,D,D,D,D,D,D,D,D,D,D,D
TNRC21;CAGL114;MLL4;MLL2;KMT2D;AAD10;ALR;KMS;KABUK1,D,D,D,D,D,D,D,D,D,N,D,D,D,D,D,D,D,D,D,D,D,D,D,D,D,D,D,D,D,D,D,D
KMT7;SET9;SETD7;SET7/9;SET7,D,D,D,D,D,N,N,D,D,N,D,D,D,D,D,D,D,D,D,D,D,D,D,D,N,D,D,D,D,D,D,D
KMT1F;CLLL8;C13orf4;CLLD8;SETDB2,D,D,D,D,D,D,D,D,D,N,D,D,D,D,D,D,D,D,D,D,D,D,D,D,D,D,D,D,D,D,D,D
C14orf154;SETD3,A,N,A,N,A,A,A,A,A,N,A,N,A,A,N,N,N,N,A,A,A,N,A,A,A,N,A,N,A,A,A,N
KMT4;DOT1;DOT1L,N,B,B,N,B,N,B,B,N,N,B,B,B,N,N,N,B,B,N,N,B,B,B,B,N,B,N,B,N,B,B,B
Suv4-20h2;SUV420H2;KMT5C,N,N,B,N,N,N,N,B,B,N,B,N,N,B,N,N,N,N,N,N,N,B,B,B,N,N,N,N,B,N,B,N
PDA3;PRDM6;KMT8C;PRISM,D,D,D,D,D,D,D,D,D,N,D,D,D,D,D,D,N,N,D,D,D,D,D,D,D,D,D,D,D,D,D,D
KMT2F;SETD1A;Set1;Set1A,D,D,D,D,D,D,D,D,D,N,D,D,D,D,D,D,D,D,D,D,D,D,D,D,D,D,D,D,D,D,D,D
WBP-7;CXXC10;MLL4;MLL2;MLL1B;WBP7;DYT28;HRX2;KMT2B;TRX2,D,D,D,D,D,D,D,D,D,N,D,D,D,D,D,D,D,D,D,D,D,D,D,D,D,D,D,D,D,D,D,D
SETDB1;KG1T;ESET;TDRD21;H3-K9-HMTase4;KMT1E,D,D,D,D,D,D,D,D,D,N,D,D,D,D,D,D,D,D,D,D,D,D,D,D,D,D,D,D,D,D,D,D
COLGALT2;C1orf17;GLT25D2,B,B,B,N,N,N,B,B,B,N,B,N,B,B,N,N,B,N,B,N,B,B,N,N,N,N,N,N,N,N,B,B
COLGALT1;GLT25D1,B,B,B,N,N,N,B,B,B,N,B,N,B,B,N,N,B,N,B,N,B,B,N,N,N,N,N,N,N,N,B,B
PLOD3;LH3,D,D,D,D,D,D,D,D,D,N,D,D,D,D,D,D,D,D,D,D,D,D,D,D,D,D,D,D,D,D,D,D
LH1;PLOD;LH;LLH;PLOD1;EDS6,D,D,D,D,D,D,D,D,D,N,D,D,D,D,D,D,D,D,D,D,D,D,D,D,D,D,D,D,D,D,D,D
LH2;PLOD2;BRKS2;TLH,A,A,A,N,N,N,A,A,A,N,A,N,A,A,N,N,A,N,A,N,A,N,N,N,N,N,N,N,N,N,A,A
ALDH-E2;ALDM;ALDH2;ALDHI,D,D,D,N,D,D,D,D,D,N,D,D,D,D,D,D,D,D,D,D,D,D,D,D,D,D,D,D,D,D,D,N
ALDH1B1;ALDHX;ALDH5,D,D,D,N,D,D,D,D,D,N,D,D,D,D,D,D,D,D,D,D,D,D,D,D,D,D,D,D,D,D,D,N
ALDH10;FALDH;ALDH3A2;SLS,D,D,D,N,D,D,D,D,D,N,D,D,D,D,D,D,D,D,D,D,D,D,D,D,D,D,D,D,D,D,D,N
PHYKPL;AGXT2L2;PHLU,D,D,D,N,N,D,N,D,D,N,D,D,D,D,D,D,D,D,D,D,D,D,D,D,N,D,D,D,D,D,D,D
HYKK;AGPHD1,N,N,N,N,N,N,N,N,N,N,N,N,N,N,N,N,N,N,N,N,N,N,N,N,N,N,N,N,N,N,N,N
