MMSDH;MMSADHA;ALDH6A1,D,D,D,N,D,D,D,D,D,N,D,D,D,D,D,D,D,D,D,D,D,D,D,D,D,D,D,N,N,D,D,N
ACC1;ACACA;ACC;ACAC;ACCA;ACACAD,N,D,D,N,N,D,D,D,D,N,N,D,N,D,N,D,D,D,D,D,D,D,N,D,D,N,D,D,N,D,D,N
ACACB;ACC2;HACC275;ACCB,N,D,D,N,N,D,D,D,D,N,N,D,N,D,N,D,D,D,D,D,D,D,N,D,D,N,D,D,N,D,D,N
MLYCD;MCD,N,B,N,N,B,N,N,N,N,N,N,N,N,B,N,N,N,N,N,N,N,N,N,N,N,N,N,N,N,N,B,B
GABAT;NPD009;GABA-AT;ABAT,D,N,N,N,N,N,N,N,D,N,D,D,D,N,D,N,N,D,N,N,N,N,N,D,N,D,N,D,N,N,N,N
HIBYLCOAH;HIBCH,D,D,D,N,D,D,D,D,D,N,D,D,D,D,D,N,D,D,D,D,D,D,D,D,N,D,N,D,D,N,D,D
GLOD2;MCEE,N,N,N,N,N,N,N,N,N,N,N,N,N,N,N,N,N,N,N,N,N,N,N,N,N,N,N,N,N,N,N,N
PCCA,N,D,D,N,N,D,D,D,D,N,N,D,N,D,N,D,D,D,D,D,D,D,N,D,D,N,D,D,N,D,D,N
PCCB,N,D,N,N,N,D,D,N,N,N,N,D,N,D,N,D,D,D,D,D,N,D,N,D,D,N,D,D,N,D,N,N
ECHDC1;dJ351K20.2;HEL-S-76;MMCD,D,D,D,N,N,N,D,D,D,N,D,D,D,D,D,N,D,D,D,D,D,D,D,D,N,D,N,D,D,N,D,D
ACSS3,D,D,D,D,D,D,D,D,D,N,D,D,D,D,D,D,D,D,D,D,D,D,D,D,D,D,D,D,D,D,D,D
ACECS;ACAS2;ACSS2;ACS;dJ1161H23.1;ACSA,D,D,D,D,D,D,D,D,D,N,D,D,D,D,D,D,D,D,D,D,D,D,D,D,D,D,D,D,D,N,D,D
ACECS1;AceCS2L;ACAS2L;ACSS1,D,D,D,D,D,D,D,D,D,N,D,D,D,D,D,D,D,D,D,D,D,D,D,D,D,D,D,D,D,D,D,D
LDH6A;LDHAL6A,B,N,N,N,N,N,N,B,N,N,B,N,N,N,N,B,B,N,N,N,N,N,B,N,N,N,N,N,N,N,B,N
LDHA;PIG19;GSD11;LDHM;HEL-S-133P,B,B,N,N,N,N,N,B,B,N,B,N,N,N,N,B,B,N,N,N,B,N,B,N,N,N,N,N,N,N,B,N
LDH-H;LDHBD;HEL-S-281;TRG-5;LDH-B;LDHB,B,B,N,N,N,N,N,B,B,N,B,N,N,N,N,B,B,N,N,N,B,N,B,N,N,N,N,N,N,N,B,N
LDH3;LDHX;CT32;LDHC,B,B,N,N,N,N,N,B,B,N,B,N,N,N,N,B,B,N,N,N,B,N,B,N,N,N,N,N,N,N,B,N
LDHAL6;LDHAL6B;LDHL;LDH6B,B,N,N,N,N,N,N,B,N,N,B,N,N,N,N,B,B,N,N,N,N,N,B,N,N,N,N,N,N,N,B,N
SCEH;ECHS1D;ECHS1,D,D,D,N,D,D,D,D,D,N,D,D,D,D,D,N,D,D,D,D,D,D,D,D,N,D,N,D,D,N,D,D
PBFE;LBP;L-PBE;ECHD;FRTS3;EHHADH;LBFP,D,D,D,N,N,N,D,D,D,N,D,D,D,D,D,D,D,D,D,D,D,D,D,D,N,D,N,D,D,N,D,D
ECHA;MTPA;TP-ALPHA;HADHA;GBP;LCHAD;LCEH;HADH,D,D,D,N,N,N,D,D,D,N,D,D,D,D,D,D,D,D,D,D,D,D,D,D,N,D,N,D,D,N,D,D
MCAD;ACADM;MCADH;ACAD1,D,D,D,D,D,D,D,D,D,N,D,D,D,D,D,D,D,D,D,D,D,D,D,D,D,D,N,D,D,D,D,D
MCM;MUT,D,D,D,N,D,D,D,D,D,N,D,D,D,D,D,D,D,D,D,D,D,D,D,D,D,D,D,D,D,D,D,D
GBETA;SUCLG2;GTPSCS;G-SCS,B,B,N,N,N,N,B,N,B,N,B,N,N,N,N,B,N,B,N,N,N,B,N,B,N,N,N,N,N,N,N,B
SUCLG1;GALPHA;SUCLA1;MTDPS9,N,D,D,N,D,N,D,N,D,N,D,D,N,N,N,D,D,D,N,D,N,D,D,N,N,N,D,N,N,N,N,D
MTDPS5;SCS-betaA;SUCLA2;A-BETA;A-SCS,B,B,N,N,N,N,B,N,B,N,B,N,N,N,N,B,N,B,N,N,N,B,N,B,N,N,N,N,N,N,N,B
ACAT1;MAT;THIL;T2;ACAT,D,N,D,N,D,D,D,N,D,N,D,D,D,D,D,N,D,D,D,N,D,D,D,N,D,D,N,D,N,D,D,N
ACAT2,D,N,D,N,D,D,D,N,D,N,D,D,D,D,D,N,D,D,D,N,D,D,D,N,D,D,N,D,N,D,D,N
E3;DLDD;GCSL;DLDH;LAD;DLD;PHE3,B,N,N,N,N,N,N,N,N,N,B,N,N,B,N,N,N,N,N,N,N,B,N,N,B,N,N,N,N,N,N,N
OVD1A;BCKDHA;MSU;BCKDE1A;MSUD1,D,D,N,N,D,N,D,D,D,N,D,N,D,D,D,D,N,D,D,N,D,N,D,D,N,N,D,N,N,N,D,N
BCKDE1B;BCKDHB;BCKDH_E1-beta;E1B,D,D,N,N,D,D,D,D,D,N,D,D,D,D,D,D,N,D,D,N,D,N,D,D,N,N,D,D,N,N,D,N
E2B;BCKADE2;BCKAD-E2;BCATE2;DBT;BCOADC-E2;E2,D,D,D,D,D,D,D,D,D,N,D,D,D,D,D,D,D,D,D,D,D,D,D,D,D,D,D,D,D,D,D,D
