SUN2;RPN3,N,N,A,N,A,A,N,A,A,N,A,N,N,A,A,N,N,N,N,N,A,N,A,A,A,A,A,N,A,A,A,A
NAS5;RPN5,A,A,A,A,A,A,A,A,A,N,A,A,A,A,A,A,A,A,A,A,A,A,A,A,A,A,A,A,A,A,A,A
NAS4;RPN6,A,A,A,N,A,A,A,A,A,N,A,A,N,N,A,A,A,A,A,N,N,A,A,A,N,A,N,N,A,N,A,N
RPN7,A,A,A,N,A,A,N,A,A,N,A,A,A,A,A,A,N,A,A,A,A,A,A,N,N,A,N,N,A,A,A,A
RPN8,C,C,C,C,C,N,C,C,C,N,C,C,N,C,C,C,C,C,C,C,C,C,C,C,C,C,N,C,N,C,C,C
NAS7;RPN9,A,A,A,N,N,N,A,N,A,N,A,A,A,N,A,A,A,A,N,A,A,N,A,A,N,A,N,A,N,A,A,N
MPR1;RPN11,C,C,C,N,N,C,C,C,C,N,C,C,N,C,C,C,C,C,C,C,C,C,C,C,C,C,N,C,N,C,C,C
NIN1;RPN12,N,N,N,N,A,N,N,N,N,N,A,N,N,N,N,N,N,N,A,N,N,N,N,N,N,N,A,A,N,N,A,A
HOD1;DSS1;SEM1,N,N,N,N,N,N,N,N,N,N,N,N,N,N,N,N,N,N,N,N,N,N,N,N,N,N,N,N,N,N,N,N
SUN1;RPN10;MCB1,A,N,N,N,A,A,A,A,N,N,N,A,N,A,A,A,A,A,N,A,N,N,A,N,A,A,A,N,N,A,A,N
HRD2;NAS1;RPN1,N,N,N,A,A,N,A,A,N,A,A,N,A,A,A,N,N,N,N,A,N,A,A,A,N,A,A,A,N,N,A,N
SEN3;RPN2,N,N,N,A,A,N,A,A,N,A,A,N,A,A,A,N,N,N,N,A,N,A,A,A,N,A,A,A,N,N,A,N
RPN13,N,N,N,N,N,A,N,N,A,N,A,N,N,A,N,N,N,N,N,A,A,N,A,A,A,N,N,N,N,N,N,N
RPT1;YTA3;CIM5,D,D,D,D,D,D,D,D,D,D,D,D,D,D,D,D,D,D,D,D,D,D,D,D,D,D,D,D,D,D,D,D
YTA5;RPT2;YHS4,D,D,D,D,D,D,D,D,D,D,D,D,D,D,D,D,D,D,D,D,D,D,D,D,D,D,D,D,D,D,D,D
YTA2;YNT1;RPT3,D,D,D,D,D,D,D,D,D,D,D,D,D,D,D,D,D,D,D,D,D,D,D,D,D,D,D,D,D,D,D,D
RPT4;PCS1;SUG2;CRL13,D,D,D,D,D,D,D,D,D,D,D,D,D,D,D,D,D,D,D,D,D,D,D,D,D,D,D,D,D,D,D,D
RPT5;YTA1,D,D,D,D,D,D,D,D,D,D,D,D,D,D,D,D,D,D,D,D,D,D,D,D,D,D,D,D,D,D,D,D
SCB68;CRL3;RPT6;SUG1;CIM3,D,D,D,D,D,D,D,D,D,D,D,D,D,D,D,D,D,D,D,D,D,D,D,D,D,D,D,D,D,D,D,D
BLM10;YFL006W,A,A,N,N,N,A,A,N,N,N,N,N,N,A,A,A,N,N,N,N,A,N,N,N,N,A,N,A,N,N,N,N
PRC2;SCL1,D,D,D,D,D,D,D,D,D,D,D,D,D,D,D,D,D,D,D,D,D,D,D,D,D,N,D,D,D,N,D,D
PRE8,D,D,D,D,D,D,D,D,D,D,D,D,D,D,D,D,D,D,D,D,D,D,D,D,D,N,D,D,D,N,D,D
PRE9,D,D,D,D,D,D,D,D,D,D,D,D,D,D,D,D,D,D,D,D,D,D,D,D,D,N,D,D,D,N,D,D
PRE6,D,D,D,D,D,D,D,D,D,D,D,D,D,D,D,D,D,D,D,D,D,D,D,D,D,N,D,D,D,N,D,D
DOA5;PUP2,D,D,D,D,D,D,D,D,D,D,D,D,D,D,D,D,D,D,D,D,D,D,D,D,D,N,D,D,D,N,D,D
PRE5,D,D,D,D,D,D,D,D,D,D,D,D,D,D,D,D,D,D,D,D,D,D,D,D,D,N,D,D,D,N,D,D
PRE10,D,D,D,D,D,D,D,D,D,D,D,D,D,D,D,D,D,D,D,D,D,D,D,D,D,N,D,D,D,N,D,D
PRE3;CRL21,D,D,D,D,D,D,D,D,D,D,D,D,D,D,D,D,D,D,D,D,D,D,D,D,D,N,D,D,D,N,D,D
PUP1,D,D,D,D,D,D,D,D,D,D,D,D,D,D,D,D,D,D,D,D,D,D,D,D,D,N,D,D,D,N,D,D
SCS32;PUP3,D,D,D,D,D,D,D,D,D,D,N,D,D,D,D,D,D,N,D,D,N,D,D,D,D,N,D,D,D,N,D,N
PRE1,D,D,D,D,D,D,D,D,D,D,D,D,D,D,D,D,D,D,D,D,N,D,D,D,D,N,D,D,D,N,D,N
PRE2;DOA3;PRG1;SRR2,D,D,D,D,D,D,D,D,D,D,D,D,D,D,D,D,D,D,D,D,D,D,D,D,D,N,D,D,D,N,D,D
PRE7;PRS3,D,D,D,D,D,D,D,D,D,D,N,D,D,D,D,D,D,N,D,D,N,D,D,D,D,N,D,D,D,N,D,D
PRE4,D,D,D,D,D,D,D,D,D,D,N,D,D,D,D,D,D,N,D,D,N,D,D,D,D,N,N,D,D,N,D,D
UMP1;RNS2,N,N,N,N,N,N,N,N,N,N,N,N,N,N,N,N,N,N,N,N,N,N,N,N,N,N,N,N,N,N,N,N
