GNK;NAGK;HSA242910,A,A,N,N,N,N,N,N,N,N,A,N,N,N,N,N,N,N,N,A,N,N,A,N,N,A,N,N,N,N,A,N
IMD23;AGM1;PGM3;PGM_3;PAGM,N,N,N,N,N,N,N,N,N,N,N,N,N,N,N,N,N,N,N,N,N,N,N,N,N,N,N,N,N,N,N,N
SPAG2;AGX;AGX2;UAP1;AGX1,B,N,B,N,B,N,B,B,B,N,B,N,B,N,N,B,N,B,N,N,B,B,N,B,N,B,N,B,B,B,B,N
UAP1L1,B,N,B,N,B,N,B,B,B,N,B,N,B,N,N,B,N,B,N,N,B,B,N,B,N,B,N,B,B,B,B,N
NM;GNE;Uae1;IBM2;DMRV;GLCNE,N,N,N,N,N,N,N,N,N,N,N,N,N,N,N,N,N,N,N,N,N,N,N,N,N,N,N,N,N,N,N,N
HEL-S-100;NANS;SEMDCG;SAS;SEMDG,N,N,N,N,N,N,N,N,N,N,N,N,N,N,N,N,N,N,N,N,N,N,N,N,N,N,N,N,N,N,N,N
HDHD4;dJ694B14.3;C20orf147;NANP,N,N,N,N,N,N,N,N,N,N,N,N,N,N,N,N,N,N,N,N,N,N,N,N,N,N,N,N,N,N,N,N
GNPDA;GPI;GNPI;HLN;GNP1;GNPDA1,N,B,B,N,N,N,N,N,N,N,B,N,N,B,N,N,N,N,N,N,N,N,B,N,N,N,N,N,N,N,B,N
GNP2;GNPDA2;SB52,N,B,B,N,N,N,N,N,N,N,B,N,N,B,N,N,N,N,N,N,N,N,B,N,N,N,N,N,N,N,B,N
CGI-14;AMDHD2,N,N,N,N,N,N,N,N,N,N,N,N,N,N,N,N,N,N,N,N,N,N,N,N,N,N,N,N,N,N,N,N
GFPT1;MSLG;CMSTA1;GFAT;GFPT1L;GFAT_1;GFAT1;GFPT;GFAT1m;CMS12;GFA,N,B,N,B,N,N,N,B,N,N,N,N,N,N,N,N,N,N,N,N,N,N,N,N,N,N,N,N,N,N,B,N
GFAT_2;GFPT2;GFAT;GFAT2,N,B,N,B,N,N,N,B,N,N,N,N,N,N,N,N,N,N,N,N,N,N,N,N,N,N,N,N,N,N,B,N
GNPNAT;GNA1;GNPNAT1;Gpnat1,N,B,B,N,N,N,N,N,N,N,B,N,N,B,B,N,N,N,N,N,N,N,N,B,N,B,N,N,N,B,B,B
RENBP;RBP;RNBP,N,N,N,N,N,N,N,N,N,N,N,N,N,N,N,N,N,N,N,N,N,N,N,N,N,N,N,N,N,N,N,N
TSD;HEXA,B,B,N,B,N,N,N,N,N,N,B,N,B,B,N,N,N,B,N,N,B,B,N,N,N,N,N,N,N,N,B,B
HEL-S-111;HEXB;HEL-248;ENC-1AS,B,B,N,B,N,N,N,N,N,N,B,N,B,B,N,N,N,B,N,N,B,B,N,N,N,N,N,N,N,N,B,B
CHITD;CHI3;CHIT;CHIT1,D,D,N,N,D,D,N,D,D,N,D,D,D,D,D,N,D,D,D,D,D,D,D,D,D,D,D,D,D,D,D,D
CHIT2;CHIA;AMCASE;TSA1902,D,D,N,N,D,D,N,D,D,N,D,D,D,D,D,N,D,D,D,D,D,D,D,D,D,D,D,D,D,D,D,D
NPL1;C1orf13;NAL;C112;NPL,D,N,N,N,D,D,N,D,N,N,D,N,D,N,N,D,N,N,N,N,N,N,N,N,N,N,N,N,N,N,D,D
HK1;hexokinase;HMSNR;RP79;HK1-tc;HKI;HKD;HK1-tb;HXK1;HK1-ta;HK,N,N,N,N,A,N,N,N,A,N,N,N,N,N,N,N,A,N,N,N,N,N,N,N,A,A,N,N,N,N,A,A
HXK2;HKII;HK2,N,N,N,N,A,N,N,N,A,N,N,N,N,N,N,N,A,N,N,N,N,N,N,N,A,A,N,N,N,N,A,A
HK3;HXK3;HKIII,N,N,N,N,A,N,N,N,A,N,N,N,N,N,N,N,A,N,N,N,N,N,N,N,A,A,N,N,N,N,A,A
HKDC1,N,N,N,N,A,N,N,N,A,N,N,N,N,N,N,N,A,N,N,N,N,N,N,N,A,A,N,N,N,N,A,A
CMAS;CSS,N,N,N,N,N,N,N,N,N,N,N,N,N,N,N,N,N,N,N,N,N,N,N,N,N,N,N,N,N,N,N,N
B5R;DIA1;CYB5R3,D,D,D,D,D,D,D,D,D,N,D,D,D,D,D,D,D,D,D,D,D,D,D,D,D,D,N,D,D,D,D,D
dJ676J13.1;cb5/cb5R;CYB5R4;NCB5OR,D,D,D,D,D,D,D,D,D,N,D,D,D,D,D,D,D,D,D,D,D,D,D,D,D,D,N,D,D,D,D,D
B5R.2;CYB5R2,D,D,D,D,D,D,D,D,D,N,D,D,D,D,D,D,D,D,D,D,D,D,D,D,D,D,N,D,D,D,D,D
B5R1;CYB5R1;NQO3A2;humb5R2;B5R2;B5R.1,D,D,D,D,D,D,D,D,D,N,D,D,D,D,D,D,D,D,D,D,D,D,D,D,D,D,N,D,D,D,D,D
CYB5RL,D,D,D,D,D,D,D,D,D,N,D,D,D,D,D,D,D,D,D,D,D,D,D,D,D,D,N,D,D,D,D,D
GALT,N,N,N,N,N,N,N,N,N,N,N,N,N,N,N,N,N,N,N,N,N,N,N,N,N,N,N,N,N,N,N,N
SDR1E1;GALE,N,N,N,N,A,N,N,N,N,N,A,N,N,N,N,N,N,N,N,A,N,N,N,N,N,A,N,N,N,N,N,N
UDP-GlcDH;GDH;UGDH;UDPGDH;UGD,N,N,D,N,N,D,D,D,D,N,D,N,D,D,D,N,D,N,D,N,D,D,D,N,N,D,D,D,N,N,D,N
SDR6E1;UXS1;UGD,N,N,N,N,A,N,N,N,N,N,A,N,N,N,N,N,N,N,N,A,N,N,N,N,N,A,N,N,N,N,N,N
PMI;PMI1;MPI;CDG1B,N,B,B,N,N,B,N,B,N,N,B,N,B,B,B,B,B,N,B,B,B,B,B,N,N,N,B,B,N,N,B,B
Sec53;PMM1,D,D,D,N,D,D,D,D,D,N,D,D,D,D,D,D,D,D,D,D,D,N,D,D,D,D,D,D,D,D,D,D
PMI1;CDGS;CDG1;PMM_2;CDG1a;PMI;PMM2,D,D,D,N,D,D,D,D,D,N,D,D,D,D,D,D,D,D,D,D,D,N,D,D,D,D,D,D,D,D,D,D
CDG1T;PGM1;GSD14,N,N,N,N,N,N,N,N,N,N,N,N,N,N,N,N,N,N,N,N,N,N,N,N,N,N,N,N,N,N,N,N
MSTP006;PGM2,N,N,N,N,N,N,N,N,N,N,N,N,N,N,N,N,N,N,N,N,N,N,N,N,N,N,N,N,N,N,N,N
GALK1;HEL-S-19;GALK;GK1,B,N,N,N,B,N,N,B,B,N,B,N,N,N,N,N,N,N,N,N,N,N,N,N,N,N,N,N,N,N,B,N
MDDGC14;MDDGB14;MDDGA14;GMPPB,N,N,N,N,N,N,N,N,N,N,N,N,N,N,N,N,N,N,N,N,N,N,N,N,N,N,N,N,N,N,N,N
AAMR;GMPPA,A,A,N,N,N,N,N,N,A,N,A,N,N,N,N,N,N,N,N,N,N,A,N,A,N,A,N,A,N,N,N,N
FPGT;GFPP,D,D,D,D,D,D,D,D,D,N,D,D,D,D,D,D,D,D,D,D,D,D,D,D,D,D,D,D,D,D,D,D
1110046B12Rik;FUK,N,N,D,N,D,N,N,N,D,N,N,D,D,N,N,N,N,N,N,N,N,D,D,N,N,N,N,N,N,D,D,D
SDR3E1;GMDS;GMD,N,N,N,N,N,N,N,A,N,N,A,A,N,A,A,N,A,N,A,N,A,N,A,A,N,N,N,N,N,N,A,N
TSTA3;FX;P35B;SDR4E1,N,N,N,N,N,N,N,N,N,N,N,N,N,N,N,N,N,N,N,N,N,N,N,N,N,N,N,N,N,N,N,N
GPI;NLK;GNPI;PHI;SA-36;SA36;AMF;PGI,N,N,N,N,N,N,N,N,N,N,N,N,N,N,N,N,N,N,N,N,N,N,N,N,N,N,N,N,N,N,N,N
pHC379;UDPGP2;UGPP2;UGP1;UGP2;UDPGP;UDPG;UGPP1,B,N,B,N,B,N,B,B,B,N,B,N,B,N,N,B,N,B,N,N,B,B,N,B,N,B,N,B,B,B,B,N
GK;GLK;FGQTL3;MODY2;HXKP;GCK;LGLK;HHF3;HKIV;HK4,N,N,N,N,A,N,N,N,A,N,N,N,N,N,N,N,A,N,N,N,N,N,N,N,A,A,N,N,N,N,A,A
