ppt1,N,N,B,B,N,N,B,B,B,N,B,B,N,B,B,N,N,N,N,N,B,N,N,N,N,N,N,N,N,N,B,B
ppt2,N,N,B,B,N,N,B,B,B,N,B,B,N,B,B,N,N,N,N,N,B,N,N,N,N,N,N,N,N,N,B,B
ppt3,N,N,B,B,N,N,B,B,B,N,B,B,N,B,B,N,N,N,N,N,B,N,N,N,N,N,N,N,N,N,B,B
mecr,N,N,B,B,N,N,B,B,B,N,B,N,B,B,N,B,B,N,B,N,B,B,B,B,B,B,B,N,B,N,B,N
echs1,D,D,D,N,D,D,D,D,D,N,D,D,D,D,D,D,D,D,D,D,D,D,D,D,N,D,N,D,D,N,D,D
6,D,D,D,N,D,D,D,D,D,N,D,D,D,D,D,D,D,D,D,D,D,D,D,D,N,D,N,D,D,N,D,D
7,D,D,D,D,D,D,D,D,D,N,D,D,D,D,D,D,D,D,D,D,D,D,D,D,D,D,D,D,D,D,D,D
gpsn2,A,N,A,A,A,N,N,N,A,N,A,N,N,A,N,A,A,N,A,N,A,N,N,A,N,A,A,A,N,N,N,A
9,A,A,A,A,A,A,A,A,A,N,A,A,A,A,N,A,A,A,A,N,A,A,A,A,N,A,A,N,N,A,A,A
10,A,A,A,A,A,A,A,A,A,N,A,A,A,A,N,A,A,A,A,N,A,A,A,A,N,A,A,N,N,A,A,A
11,A,A,A,N,A,A,A,N,N,N,A,A,A,A,N,A,A,A,A,A,N,A,A,A,A,A,A,A,N,A,A,N
12,A,A,A,N,A,A,A,N,N,N,A,A,A,A,N,A,A,A,A,A,N,A,A,A,A,A,A,A,N,A,A,N
cutA,N,N,N,N,N,N,N,N,N,N,N,N,N,N,N,N,N,N,N,N,N,N,N,N,N,N,N,N,N,N,N,N
