GUSB;BG;MPS7,B,N,N,N,N,N,N,N,B,N,B,N,N,B,N,N,N,N,N,N,N,N,B,N,N,N,N,N,N,N,N,N
KL,N,N,N,N,N,N,N,D,D,N,D,D,N,D,N,N,N,D,N,D,N,N,N,N,N,N,D,N,N,N,D,N
RPE;RPE2-1,D,D,D,D,D,D,D,D,D,N,D,N,D,N,N,D,N,D,D,D,D,N,N,D,N,N,D,N,D,D,D,N
RPEL1,D,D,D,D,D,D,D,D,D,N,D,N,D,N,N,D,N,D,D,D,D,N,N,D,N,N,D,N,D,D,D,N
MDDGA7;ISPD;Nip;hISPD;hCG_1745121;MDDGC7,N,N,N,N,N,N,N,N,N,N,N,N,N,N,N,N,N,N,N,N,N,N,N,N,N,N,N,N,N,N,N,N
XYLB,N,N,N,N,N,N,N,N,N,N,N,N,N,N,N,N,N,N,N,N,N,N,N,N,N,N,N,N,N,N,N,N
AR;ALDR1;ALR2;ADR;AKR1B1,D,N,N,N,N,D,N,D,D,N,D,N,D,N,D,N,N,D,N,D,N,D,N,D,D,D,N,N,N,N,D,N
AKR1B11;AKR1B12;HSI;ARL1;AKR1B10;HIS;ALDRLn;ARL-1,D,N,N,N,N,D,N,D,D,N,D,N,D,N,D,N,N,D,N,D,N,D,N,D,D,D,N,N,N,N,D,N
SDR20C1;P34H;DCXR;HCRII;XR;DCR;PNTSU;HCR2;KIDCR,D,D,D,D,D,D,D,D,D,N,D,D,D,D,D,D,D,D,D,D,D,D,D,D,D,D,D,D,D,D,D,D
HEL30;GDH;lambda-CRY;CRYL1,D,D,D,N,N,N,D,D,D,N,D,D,D,D,D,D,D,D,D,D,D,D,D,D,N,D,N,D,D,N,D,D
pHC379;UDPGP2;UGPP2;UGP1;UGP2;UDPGP;UDPG;UGPP1,B,N,B,N,B,N,B,B,B,N,B,N,B,N,N,B,N,B,N,N,B,B,N,B,N,B,N,B,B,B,B,N
UGT2B11,N,A,N,N,N,N,N,N,A,N,A,A,N,N,N,N,N,N,N,A,N,N,N,N,N,N,N,N,N,N,A,A
UDPGT2A1;UGT2A1,N,A,N,N,N,N,N,N,A,N,A,A,N,N,N,N,N,N,N,A,N,N,N,N,N,N,N,N,N,N,A,A
UGT2B28,N,A,N,N,N,N,N,N,A,N,A,A,N,N,N,N,N,N,N,A,N,N,N,N,N,N,N,N,N,N,A,A
UGT1-10;UGT1A10;UGT1.10;UGT1J;UGT-1J;UDPGT,N,A,N,N,N,N,N,N,A,N,A,A,N,N,N,N,N,N,N,A,N,N,N,N,N,N,N,N,N,N,A,A
UGT-1H;UGT1A8;UGT1A8S;UGT1.8;UGT1H;UGT1-08;UDPGT_1-8;UDPGT,N,A,N,N,N,N,N,N,A,N,A,A,N,N,N,N,N,N,N,A,N,N,N,N,N,N,N,N,N,N,A,A
UGT1A7;UGT1.7;UDPGT_1-7;UGT1G;UGT1-07;UGT-1G;UDPGT,N,A,N,N,N,N,N,N,A,N,A,A,N,N,N,N,N,N,N,A,N,N,N,N,N,N,N,N,N,N,A,A
UGT1A6;UDPGT_1-6;UGT1A6S;UGT1;HLUGP;GNT1;UGT1F;HLUGP1;UDPGT,N,A,N,N,N,N,N,N,A,N,A,A,N,N,N,N,N,N,N,A,N,N,N,N,N,N,N,N,N,N,A,A
UGT1A5;UDPGT_1-5;UGT1E;UDPGT,N,A,N,N,N,N,N,N,A,N,A,A,N,N,N,N,N,N,N,A,N,N,N,N,N,N,N,N,N,N,A,A
UGT1I;LUGP4;UGT-1I;UGT1-9;UGT1.9;UDPGT_1-9;UGT1AI;UGT1A9;HLUGP4;UGT1A9S;UGT1-09;UDPGT,N,A,N,N,N,N,N,N,A,N,A,A,N,N,N,N,N,N,N,A,N,N,N,N,N,N,N,N,N,N,A,A
UGT-1D;UGT1A4S;UGT1A4;UGT1D;UDPGT_1-4;UGT1.4;UGT1-04;HUG-BR2;UDPGT,N,A,N,N,N,N,N,N,A,N,A,A,N,N,N,N,N,N,N,A,N,N,N,N,N,N,N,N,N,N,A,A
HUG-BR1;BILIQTL1;UGT1;UGT1A;GNT1;UGT1A1;UDPGT_1-1;UDPGT,N,A,N,N,N,N,N,N,A,N,A,A,N,N,N,N,N,N,N,A,N,N,N,N,N,N,N,N,N,N,A,A
UDPGT_1-3;UGT1C;UGT1-03;UGT1A3;UGT1.3;UGT-1C;UGT1A3S;UDPGT,N,A,N,N,N,N,N,N,A,N,A,A,N,N,N,N,N,N,N,A,N,N,N,N,N,N,N,N,N,N,A,A
UGT2A2,N,A,N,N,N,N,N,N,A,N,A,A,N,N,N,N,N,N,N,A,N,N,N,N,N,N,N,N,N,N,A,A
UDPGT2B4;UGT2B11;UGT2B4;HLUG25;UDPGTh-1;UDPGTH1,N,A,N,N,N,N,N,N,A,N,A,A,N,N,N,N,N,N,N,A,N,N,N,N,N,N,N,N,N,N,A,A
UDPGT_2B7;UGT2B9;UDPGTh-2;UDPGTH2;UGT2B7;UDPGT_2B9;UDPGT2B7,N,A,N,N,N,N,N,N,A,N,A,A,N,N,N,N,N,N,N,A,N,N,N,N,N,N,N,N,N,N,A,A
UDPGT2B10;UGT2B10,N,A,N,N,N,N,N,N,A,N,A,A,N,N,N,N,N,N,N,A,N,N,N,N,N,N,N,N,N,N,A,A
UGT2B8;UDPGTH3;UDPGT2B15;HLUG4;UDPGT_2B8;UGT2B15,N,A,N,N,N,N,N,N,A,N,A,A,N,N,N,N,N,N,N,A,N,N,N,N,N,N,N,N,N,N,A,A
BMND12;UDPGT2B17;UGT2B17,N,A,N,N,N,N,N,N,A,N,A,A,N,N,N,N,N,N,N,A,N,N,N,N,N,N,N,N,N,N,A,A
UGT2A3,N,A,N,N,N,N,N,N,A,N,A,A,N,N,N,N,N,N,N,A,N,N,N,N,N,N,N,N,N,N,A,A
UDP-GlcDH;GDH;UGDH;UDPGDH;UGD,N,N,D,N,N,D,D,D,D,N,D,N,D,D,D,N,D,N,D,N,D,D,D,N,N,D,D,D,N,N,D,N
DHDH;HUM2DD;2DD,N,N,N,N,N,N,N,N,N,N,N,N,N,N,N,N,N,N,N,N,N,N,N,N,N,N,N,N,N,N,N,N
SORD;SORD1;HEL-S-95n,A,N,N,N,A,N,N,N,N,N,A,N,N,N,N,N,N,A,N,N,N,N,N,N,N,N,N,N,N,A,N,N
ARM;HEL-S-6;DD3;AKR1A1;ALR;ALDR1,D,N,N,N,N,D,N,D,D,N,D,N,D,N,D,N,N,D,N,D,N,D,N,D,D,D,N,N,N,N,D,N
