MYHRS;SMAD4;DPC4;MADH4;JIP,N,N,N,N,N,N,N,N,N,N,N,N,N,N,N,N,N,N,N,N,N,N,N,N,N,N,N,N,N,N,N,N
UVO;ECAD;CDH1;LCAM;Arc-1;CD324;CDHE,D,D,D,D,N,N,N,D,N,N,N,D,D,N,D,D,D,N,D,N,D,D,D,D,D,D,D,D,D,D,D,D
CAP102;MDPT2;CTNNA1,N,N,N,N,N,N,N,N,N,N,N,N,N,N,N,N,N,N,N,N,N,N,N,N,N,N,N,N,N,N,N,N
CTNNA2;CT114;CTNR;CAPR;CAP-R,N,N,N,N,N,N,N,N,N,N,N,N,N,N,N,N,N,N,N,N,N,N,N,N,N,N,N,N,N,N,N,N
ARVD13;CTNNA3;VR22,N,N,N,N,N,N,N,N,N,N,N,N,N,N,N,N,N,N,N,N,N,N,N,N,N,N,N,N,N,N,N,N
p120;CTNND1;P120CAS;P120CTN;p120(CTN);CAS;p120(CAS);CTNND,D,D,D,N,D,D,N,D,D,N,D,D,D,D,D,D,D,D,D,D,D,D,D,D,D,D,D,D,D,D,D,D
LEF-1;TCF7L3;LEF1;TCF1ALPHA;TCF10,A,A,A,N,N,N,N,A,A,N,A,A,A,A,A,A,A,A,A,A,A,A,A,A,A,A,A,A,A,A,A,A
TCF-1;TCF7,A,A,A,N,N,N,N,A,A,N,A,A,A,A,A,A,A,A,A,A,A,A,A,A,A,A,A,A,A,A,A,A
TCF4;TCF7L2;TCF-4,A,A,A,N,N,N,N,A,A,N,A,A,A,A,A,A,A,A,A,A,A,A,A,A,A,A,A,A,A,A,A,A
TCF7L1;TCF-3;TCF3,A,A,A,N,N,N,N,A,A,N,A,A,A,A,A,A,A,A,A,A,A,A,A,A,A,A,A,A,A,A,A,A
NLK,D,D,D,D,D,D,D,D,D,D,D,D,D,D,D,D,D,D,D,D,D,D,D,D,D,D,D,D,D,D,D,D
CSCF;TAK1;MEKK7;FMD2;MAP3K7;TGF1a,D,D,D,D,D,D,D,D,D,N,D,D,D,D,D,D,D,D,D,D,D,D,D,D,D,D,D,D,D,D,D,D
CREBBP;RSTS1;RSTS;KAT3A;CBP,D,D,D,D,D,D,D,D,D,N,D,D,D,D,D,D,D,D,D,D,D,D,D,D,D,D,D,D,D,D,D,D
EP300;KAT3B;RSTS2;p300,D,D,D,D,D,D,D,D,D,N,D,D,D,D,D,D,D,D,D,D,D,D,D,D,D,D,D,D,D,D,D,D
MADH2;MADR2;hMAD-2;JV18-1;SMAD2;JV18;hSMAD2,N,N,N,N,N,N,N,N,N,N,N,N,N,N,N,N,N,N,N,N,N,N,N,N,N,N,N,N,N,N,N,N
MADH3;HSPC193;SMAD3;LDS1C;LDS3;JV15-2;HsT17436,N,N,N,N,N,N,N,N,N,N,N,N,N,N,N,N,N,N,N,N,N,N,N,N,N,N,N,N,N,N,N,N
HsT441;c-yes;P61-YES;YES1;Yes,D,D,D,D,D,D,D,D,D,D,D,D,D,D,D,D,D,D,D,D,D,D,D,D,D,D,D,D,D,D,D,D
SYN;FYN;p59-FYN;SLK,D,D,D,D,D,D,D,D,D,D,D,D,D,D,D,D,D,D,D,D,D,D,D,D,D,D,D,D,D,D,D,D
FER;PPP1R74;TYK3;p94-Fer,D,D,D,D,D,D,D,D,D,D,D,D,D,D,D,D,D,D,D,D,D,D,D,D,D,D,D,D,D,D,D,D
SNAIL;SNAIL1;SLUGH2;SNA;SNAH;dJ710H13.1;SNAI1,D,D,D,D,D,D,D,D,D,N,D,D,D,D,D,D,N,N,D,D,D,D,D,D,D,D,D,D,D,D,D,D
SLUGH;SLUG;WS2D;SNAIL2;SLUGH1;SNAI2,D,D,D,D,D,D,D,D,D,N,D,D,D,D,D,D,N,N,D,D,D,D,D,D,D,D,D,D,D,D,D,D
MAPK1;ERK;PRKM1;p41mapk;p42-MAPK;p41;MAPK2;p40;p38;ERK-2;ERK2;ERT1;PRKM2;P42MAPK,D,D,D,D,D,D,D,D,D,D,D,D,D,D,D,D,D,D,D,D,D,D,D,D,D,D,D,D,D,D,D,D
PRKM3;HS44KDAP;ERT2;P44ERK1;ERK-1;HUMKER1A;p44-MAPK;ERK1;p44-ERK1;P44MAPK;MAPK3,D,D,D,D,D,D,D,D,D,D,D,D,D,D,D,D,D,D,D,D,D,D,D,D,D,D,D,D,D,D,D,D
LDS1;SKR4;ACVRLK4;AAT5;MSSE;LDS1A;ESS1;ALK-5;LDS2A;TGFR-1;ALK5;TGFBR1;tbetaR-I,D,D,D,D,D,D,D,D,D,D,D,D,D,D,D,D,D,D,D,D,D,D,D,D,D,D,D,D,D,D,D,D
MFS2;TGFBR2;LDS2;TGFbeta-RII;TAAD2;LDS2B;FAA3;AAT3;RIIC;TGFR-2;LDS1B,D,D,D,D,D,D,D,D,D,D,D,D,D,D,D,D,D,D,D,D,D,D,D,D,D,D,D,D,D,D,D,D
FGFR-1;HRTFDS;FLT2;FLG;HBGFR;KAL2;BFGFR;HH2;OGD;ECCL;CEK;FGFBR;FLT-2;bFGF-R-1;FGFR1;CD331;N-SAM,D,D,D,D,D,D,D,D,D,N,D,D,D,D,D,D,D,D,D,D,D,D,D,D,D,D,D,D,D,D,D,D
mENA;EGFR;PIG61;ERBB1;NISBD2;ERBB;HER1,D,D,D,D,D,D,D,D,D,N,D,D,D,D,D,D,D,D,D,D,D,D,D,D,D,D,D,D,D,D,D,D
HER-2/neu;HER2;NGL;MLN_19;CD340;ERBB2;HER-2;NEU;TKR1,D,D,D,D,D,D,D,D,D,N,D,D,D,D,D,D,D,D,D,D,D,D,D,D,D,D,D,D,D,D,D,D
DFNB97;MET;RCCP2;AUTS9;HGFR;c-Met,D,D,D,D,D,D,D,D,D,D,D,D,D,D,D,D,D,D,D,D,D,D,D,D,D,D,D,D,D,D,D,D
INSR;CD220;HHF5,D,D,D,D,D,D,D,D,D,D,D,D,D,D,D,D,D,D,D,D,D,D,D,D,D,D,D,D,D,D,D,D
CD221;JTK13;IGFR;IGF1R;IGFIR,D,D,D,D,D,D,D,D,D,N,D,D,D,D,D,D,D,D,D,D,D,D,D,D,D,D,D,D,D,D,D,D
CSNK2A1;CK2A1;CKII;Cka1;OCNDS;CSNK2A3;Cka2,D,D,D,D,D,D,D,D,D,D,D,D,D,D,D,D,D,D,D,D,D,D,D,D,D,D,D,D,D,D,D,D
CK2alpha';CK2A2;CSNK2A1;CSNK2A2,D,D,D,D,D,D,D,D,D,D,D,D,D,D,D,D,D,D,D,D,D,D,D,D,D,D,D,D,D,D,D,D
CSK2B;Ckb2;Ckb1;CSNK2B;G5A;CK2B;CK2N,A,A,A,N,N,A,N,A,A,N,A,A,A,A,N,A,A,A,N,A,A,N,A,N,A,A,A,A,A,N,N,A
CSNK2A1P;CSNK2A3,D,D,D,D,D,D,D,D,D,D,D,D,D,D,D,D,D,D,D,D,D,D,D,D,D,D,D,D,D,D,D,D
SCC1;DEP1;PTPRJ;CD148;R-PTP-ETA;HPTPeta,D,D,D,D,D,D,D,D,D,N,D,D,D,D,D,D,D,D,D,D,D,D,D,D,D,D,D,D,D,D,D,D
HCP;PTPN6;SHP-1;HPTP1C;SH-PTP1;HCPH;SHP1;SHP-1L;PTP-1C,D,D,D,D,D,D,D,D,D,N,D,D,D,D,D,D,D,D,D,D,D,D,D,D,D,D,D,D,D,D,D,D
PTP1B;PTPN1,D,D,D,D,D,D,D,D,D,N,D,D,D,D,D,D,D,D,D,D,D,D,D,D,D,D,D,D,D,D,D,D
PTPRF;LAR;BNAH2,D,D,D,D,D,D,D,D,D,N,D,D,D,D,D,D,D,D,D,D,D,D,D,D,D,D,D,D,D,D,D,D
R-PTP-BETA;PTPRB;PTPB;HPTPB;VEPTP;HPTP-BETA,D,D,D,D,D,D,D,D,D,N,D,D,D,D,D,D,D,D,D,D,D,D,D,D,D,D,D,D,D,D,D,D
RPTPM;PTPRL1;RPTPU;R-PTP-MU;hR-PTPu;PTPRM,D,D,D,D,D,D,D,D,D,N,D,D,D,D,D,D,D,D,D,D,D,D,D,D,D,D,D,D,D,D,D,D
LMW-PTP;LMWPTP;ACP1;HAAP,N,N,N,N,N,N,D,N,N,N,D,N,N,D,N,N,N,N,N,N,D,D,N,N,D,N,N,N,N,N,N,N
ARHA;ARH12;RHOH12;RHO12;RHOA,D,D,D,D,D,D,D,D,D,D,D,D,D,D,D,D,D,D,D,D,D,D,D,D,D,D,D,D,D,D,D,D
WASF4;WASF2;SCAR2;WAVE2;dJ393P12.2;IMD2,A,N,A,N,N,N,N,N,A,N,N,N,N,A,N,N,N,N,A,N,A,A,A,A,N,A,N,N,N,A,A,N
SCAR3;Brush-1;WAVE3;WASF3,A,N,A,N,N,N,N,N,A,N,N,N,N,A,N,N,N,N,A,N,N,A,N,A,N,A,N,N,N,N,A,N
WASF1;WAVE;SCAR1;WAVE1,D,D,D,N,D,N,D,N,D,N,D,D,D,D,D,D,D,D,D,D,D,D,N,D,D,D,N,D,N,D,D,D
BAIAP2;FLAF3;BAP2;IRSP53,N,N,N,N,N,N,N,N,N,N,N,N,N,N,N,N,N,N,N,N,N,N,N,N,N,N,N,N,N,N,N,N
WASP;SCNX;WASPA;WAS;IMD2;THC;THC1,N,A,A,N,N,N,N,A,A,N,A,N,A,A,N,N,N,N,N,A,A,A,N,N,N,N,N,N,N,N,A,N
WASPB;N-WASP;WASL;NWASP,D,D,D,N,D,N,D,D,D,N,D,D,D,D,D,D,D,D,D,D,D,D,N,D,D,D,N,D,N,D,D,D
MIG5;RAC1;p21-Rac1;TC-25;Rac-1,D,D,D,D,D,D,D,D,D,D,D,D,D,D,D,D,D,D,D,D,D,D,D,D,D,D,D,D,D,D,D,D
RAC2;Gx;EN-7;p21-Rac2;HSPC022,D,D,D,D,D,D,D,D,D,D,D,D,D,D,D,D,D,D,D,D,D,D,D,D,D,D,D,D,D,D,D,D
RAC3,D,D,D,D,D,D,D,D,D,D,D,D,D,D,D,D,D,D,D,D,D,D,D,D,D,D,D,D,D,D,D,D
TKS;CDC42Hs;CDC42;G25K,D,D,D,D,D,D,D,D,D,D,D,D,D,D,D,D,D,D,D,D,D,D,D,D,D,D,D,D,D,D,D,D
PS1TP5BP1;BRWS1;ACTB,D,D,D,D,D,D,D,D,D,D,D,D,D,D,D,D,D,D,D,D,D,D,D,D,D,D,D,D,D,D,D,D
ACTG1;ACT;DFNA26;HEL-176;ACTG;DFNA20,D,D,D,D,D,D,D,D,D,D,D,D,D,D,D,D,D,D,D,D,D,D,D,D,D,D,D,D,D,D,D,D
ZO-1;TJP1,D,D,D,D,D,D,D,D,D,N,D,D,D,D,D,D,D,D,D,D,D,D,D,D,N,D,D,D,D,D,D,D
MV;HEL114;MVCL;CMH15;CMD1W;VCL,N,N,N,N,N,N,N,N,N,N,N,N,N,N,N,N,N,N,N,N,N,N,N,N,N,N,N,N,N,N,N,N
CAP;SH3D5;SH3P12;SORBS1;FLAF2;SORB1;R85FL,A,A,A,N,A,N,N,N,A,N,A,N,A,A,A,N,A,N,A,A,A,A,A,A,A,A,A,A,A,A,A,A
FSGS;FSGS1;ACTN4;ACTININ-4,D,D,D,D,D,D,D,D,D,N,D,D,D,D,D,D,D,D,D,D,D,D,D,D,D,D,D,D,D,D,D,D
BDPLT15;ACTN1,D,D,D,D,D,D,D,D,D,N,D,D,D,D,D,D,D,D,D,D,D,D,D,D,D,D,D,D,D,D,D,D
ADIP;SSX2IP;hMsd1,N,N,N,N,N,N,N,N,N,N,N,N,N,N,N,N,N,N,N,N,N,N,N,N,N,N,N,N,N,N,N,N
LMO7;FBX20;LOMP;FBXO20;LMO7b,D,D,D,D,D,D,D,D,D,N,D,D,D,D,D,D,D,D,D,D,D,D,D,D,D,D,D,D,D,D,D,D
MLL-AF6;MLLT4;AFDN;AF6;l-afadin,D,D,D,D,D,D,D,D,D,N,D,D,D,D,D,D,D,D,D,D,D,D,D,D,D,D,D,D,D,D,D,D
CTNNB1;CTNNB;EVR7;armadillo;MRD19,D,D,D,D,D,D,D,D,D,N,D,D,D,D,D,D,D,D,D,D,D,D,D,D,D,D,D,D,D,D,D,D
SAR1;p195;IQGAP1;HUMORFA01,D,D,D,D,D,D,D,D,D,N,D,D,D,D,D,D,D,D,D,D,D,D,D,D,D,D,D,D,D,D,D,D
SRC;ASV;c-SRC;p60-Src;THC6;SRC1,D,D,D,D,D,D,D,D,D,D,D,D,D,D,D,D,D,D,D,D,D,D,D,D,D,D,D,D,D,D,D,D
PVRR3;PVRL3;PRR3;PPR3;CD113;NECTIN3;CDW113;NECTIN-3,D,N,D,N,D,N,N,D,D,N,D,D,D,D,D,D,D,D,N,D,D,D,D,D,D,D,D,N,N,D,D,D
PVRR;SK-12;PRR1;PVRR1;NECTIN1;HIgR;HV1S;OFC7;PRR;CD111;HVEC;nectin-1;PVRL1;ED4;CLPED1,D,N,D,N,D,N,N,D,D,N,D,D,D,D,D,D,D,D,N,D,D,D,D,D,D,D,D,N,N,D,D,D
HVEB;PVRL2;NECTIN2;CD112;PRR2;PVRR2,D,N,D,N,D,N,N,D,D,N,D,D,D,D,D,D,D,D,N,D,D,D,D,D,D,D,D,N,N,D,D,D
PRR4;nectin-4;NECTIN4;PVRL4;LNIR;EDSS1,D,N,D,N,D,N,N,D,D,N,D,D,D,D,D,D,D,D,N,D,D,D,D,D,D,D,D,N,N,D,D,D
PARD3A;PARD3;SE2-5L16;PPP1R118;ASIP;PAR3alpha;Baz;SE2-5T2;SE2-5LT1;PAR3;PARD-3,D,D,D,D,D,D,D,D,D,N,D,N,N,D,D,D,D,D,D,D,D,D,D,D,N,D,D,D,D,D,D,D
FARP2;FIR;PLEKHC3;FRG,D,D,D,D,D,D,D,D,D,N,D,D,D,D,D,D,D,D,D,D,D,D,D,D,D,D,D,D,D,D,D,D
