psmD3,N,N,A,N,A,A,N,A,A,N,A,N,N,A,A,N,N,N,N,N,A,N,A,A,A,A,A,N,A,A,A,A
psmD12,A,A,A,A,A,A,A,A,A,N,A,A,A,A,A,A,A,A,A,A,A,A,A,A,A,A,A,A,A,A,A,A
psmD11,A,A,A,N,A,A,A,A,A,N,A,A,N,N,A,A,A,A,A,N,N,A,A,A,N,A,N,N,A,N,A,N
psmD6,A,A,A,N,A,A,N,A,A,N,A,A,A,A,A,A,N,A,A,A,A,A,A,N,N,A,N,N,A,A,A,A
psmD7,C,C,C,C,C,N,C,C,C,N,C,C,N,C,C,C,C,C,C,C,C,C,C,C,C,C,N,C,N,C,C,C
psmD13,A,A,A,N,N,N,A,N,A,N,A,A,A,N,A,A,A,A,N,A,A,N,A,A,N,A,N,A,N,A,A,N
psmD14,C,C,C,N,N,C,C,C,C,N,C,C,N,C,C,C,C,C,C,C,C,C,C,C,C,C,N,C,N,C,C,C
psmD8-1,N,N,N,N,A,N,N,N,N,N,A,N,N,N,N,N,N,N,A,N,N,N,N,N,N,N,A,A,N,N,A,A
psmD8-2,N,N,N,N,A,N,N,N,N,N,A,N,N,N,N,N,N,N,A,N,N,N,N,N,N,N,A,A,N,N,A,A
10,N,A,N,N,N,N,N,N,A,N,N,N,N,N,N,N,N,N,N,A,N,N,N,N,N,N,A,N,N,N,A,N
psmD4,A,N,N,N,A,A,A,A,N,N,N,A,N,A,A,A,A,A,N,A,N,N,A,N,A,A,A,N,N,A,A,N
psmD2,N,N,N,A,A,N,A,A,N,A,A,N,A,A,A,N,N,N,N,A,N,A,A,A,N,A,A,A,N,N,A,N
psmD1,N,N,N,A,A,N,A,A,N,A,A,N,A,A,A,N,N,N,N,A,N,A,A,A,N,A,A,A,N,N,A,N
adrm1-1,N,N,N,N,A,A,N,N,A,N,A,N,N,A,N,A,N,N,N,A,A,A,A,A,A,N,N,A,N,N,N,A
psmC2,D,D,D,D,D,D,D,D,D,D,D,D,D,D,D,D,D,D,D,D,D,D,D,D,D,D,D,D,D,D,D,D
psmC1,D,D,D,D,D,D,D,D,D,D,D,D,D,D,D,D,D,D,D,D,D,D,D,D,D,D,D,D,D,D,D,D
psmC4,D,D,D,D,D,D,D,D,D,D,D,D,D,D,D,D,D,D,D,D,D,D,D,D,D,D,D,D,D,D,D,D
psmC6,D,D,D,D,D,D,D,D,D,D,D,D,D,D,D,D,D,D,D,D,D,D,D,D,D,D,D,D,D,D,D,D
psmC3,D,D,D,D,D,D,D,D,D,D,D,D,D,D,D,D,D,D,D,D,D,D,D,D,D,D,D,D,D,D,D,D
psmC5,D,D,D,D,D,D,D,D,D,D,D,D,D,D,D,D,D,D,D,D,D,D,D,D,D,D,D,D,D,D,D,D
psmE3,N,N,N,N,N,N,N,N,N,N,N,N,N,N,N,N,N,N,N,N,N,N,N,N,N,N,N,N,N,N,N,N
psmE4,A,A,N,N,N,A,A,N,N,N,N,N,N,A,A,A,N,N,N,N,A,N,N,N,N,A,N,A,N,N,N,N
psmA6,D,D,D,D,D,D,D,D,D,D,D,D,D,D,D,D,D,D,D,D,D,D,D,D,D,N,D,D,D,N,D,D
psmA2,D,D,D,D,D,D,D,D,D,D,D,D,D,D,D,D,D,D,D,D,D,D,D,D,D,N,D,D,D,N,D,D
psmA4,D,D,D,D,D,D,D,D,D,D,D,D,D,D,D,D,D,D,D,D,D,D,D,D,D,N,D,D,D,N,D,D
psmA7,D,D,D,D,D,D,D,D,D,D,D,D,D,D,D,D,D,D,D,D,D,D,D,D,D,N,D,D,D,N,D,D
psmA5,D,D,D,D,D,D,D,D,D,D,D,D,D,D,D,D,D,D,D,D,D,D,D,D,D,N,D,D,D,N,D,D
psmA1,D,D,D,D,D,D,D,D,D,D,D,D,D,D,D,D,D,D,D,D,D,D,D,D,D,N,D,D,D,N,D,D
psmA3,D,D,D,D,D,D,D,D,D,D,D,D,D,D,D,D,D,D,D,D,D,D,D,D,D,N,D,D,D,N,D,D
psmB6,D,D,D,D,D,D,D,D,D,D,D,D,D,D,D,D,D,D,D,D,D,D,D,D,D,N,D,D,D,N,D,D
psmB7,D,D,D,D,D,D,D,D,D,D,D,D,D,D,D,D,D,D,D,D,D,D,D,D,D,N,D,D,D,N,D,D
psmB3,D,D,D,D,D,D,D,D,D,D,N,D,D,D,D,D,D,N,D,D,N,D,D,D,D,N,D,D,D,N,D,N
psmB2,C,C,C,C,N,C,N,C,C,C,C,C,N,C,N,N,N,C,C,N,N,C,N,C,C,N,N,N,N,N,C,N
psmB5,D,D,D,D,D,D,D,D,D,D,D,D,D,D,D,D,D,D,D,D,D,D,D,D,D,N,D,D,D,N,D,D
psmB1,D,D,D,D,D,D,D,D,D,D,N,D,D,D,D,D,D,N,D,D,N,D,D,D,D,N,D,D,D,N,D,N
psmB4-1,D,D,D,D,D,D,D,D,D,D,N,D,D,D,D,D,D,N,D,D,N,D,D,D,D,N,N,D,D,N,D,D
psmB4-2,D,D,D,D,D,D,D,D,D,D,N,D,D,D,D,D,D,N,D,D,N,D,D,D,D,N,N,D,D,N,D,D
psmF1,N,N,N,N,N,N,N,N,N,N,N,N,N,N,N,N,N,N,N,N,N,N,N,N,N,N,N,N,N,N,N,N
39,N,N,N,N,N,N,N,N,N,N,N,N,N,N,N,N,N,N,N,N,N,N,N,N,N,N,N,N,N,N,N,N
