leuD,N,N,N,N,N,N,N,N,N,N,N,N,N,N,N,N,N,N,N,N,N,N,N,N,N,N,N,N,N,N,N,N
leuC,D,N,D,N,N,N,D,N,D,N,D,D,N,D,N,N,N,N,N,D,D,N,N,N,N,N,N,N,D,D,N,D
sucC,B,B,N,N,N,N,B,N,B,N,B,N,N,N,N,B,N,B,N,N,N,B,N,B,N,N,N,N,N,N,N,B
sucD,N,D,D,N,D,N,D,N,D,N,D,D,N,N,N,D,D,D,N,D,N,D,D,N,N,N,D,N,N,N,N,D
ilvI,N,D,N,N,N,N,N,D,D,N,D,N,N,N,N,N,N,N,N,N,N,N,N,N,D,N,N,N,N,N,D,N
ilvH,N,N,N,N,N,N,N,N,N,N,N,N,N,N,N,N,N,N,N,N,N,N,N,N,N,N,N,N,N,N,N,N
ilvN,N,N,N,N,N,N,N,N,N,N,N,N,N,N,N,N,N,N,N,N,N,N,N,N,N,N,N,N,N,N,N,N
ilvB,N,D,N,N,N,N,N,D,D,N,D,N,N,N,N,N,N,N,N,N,N,N,N,N,D,N,N,N,N,N,D,N
ilvM,N,N,N,N,N,N,N,N,N,N,N,N,N,N,N,N,N,N,N,N,N,N,N,N,N,N,N,N,N,N,N,N
leuB,N,A,N,N,A,N,N,N,A,N,A,N,N,A,A,N,N,N,A,N,A,N,A,N,N,A,N,N,N,N,N,A
