SOR2,A,N,N,N,A,N,N,N,N,N,A,N,N,N,N,N,N,A,N,N,N,N,N,N,N,N,N,N,N,A,N,N
SOR1;SDH1,A,N,N,N,A,N,N,N,N,N,A,N,N,N,N,N,N,A,N,N,N,N,N,N,N,N,N,N,N,A,N,N
DSF1;MAN1,B,N,N,N,N,N,N,N,N,N,B,N,B,B,N,N,N,N,N,N,B,N,N,N,N,B,N,N,N,N,N,N
MAN2,B,N,N,N,N,N,N,N,N,N,B,N,B,B,N,N,N,N,N,N,B,N,N,N,N,B,N,N,N,N,N,N
HOR3;GLK1,N,N,N,N,A,N,N,N,A,N,N,N,N,N,N,N,A,N,N,N,N,N,N,N,A,A,N,N,N,N,A,A
EMI2,N,N,N,N,A,N,N,N,A,N,N,N,N,N,N,N,A,N,N,N,N,N,N,N,A,A,N,N,N,N,A,A
HXK1,N,N,N,N,A,N,N,N,A,N,N,N,N,N,N,N,A,N,N,N,N,N,N,N,A,A,N,N,N,N,A,A
HXK2;HKB;HEX1;SCI2,N,N,N,N,A,N,N,N,A,N,N,N,N,N,N,N,A,N,N,N,N,N,N,N,A,A,N,N,N,N,A,A
9,N,N,N,N,A,N,N,N,A,N,N,N,N,N,N,N,A,N,N,N,N,N,N,N,A,A,N,N,N,N,A,A
FBP26,D,D,D,D,D,D,D,D,D,N,D,D,D,D,D,D,D,D,D,D,D,D,D,D,D,D,D,D,D,D,D,D
11,D,D,D,D,D,D,D,D,D,N,D,D,D,D,D,D,D,D,D,D,D,D,D,D,D,D,D,D,D,D,D,D
PFK26,D,D,D,D,D,D,D,D,D,N,D,D,D,D,D,D,D,D,D,D,D,D,D,D,D,D,D,D,D,D,D,D
PFK27,D,D,D,D,D,D,D,D,D,N,D,D,D,D,D,D,D,D,D,D,D,D,D,D,D,D,D,D,D,D,D,D
PMI40,N,B,B,N,N,B,N,B,N,N,B,N,B,B,B,B,B,N,B,B,B,B,B,N,N,N,B,B,N,N,B,B
ALG4;SEC53,D,D,D,N,D,D,D,D,D,N,D,D,D,D,D,D,D,D,D,D,D,N,D,D,D,D,D,D,D,D,D,D
PSA1;MPG1;SRB1;VIG9,A,A,N,N,N,N,N,N,A,N,A,N,N,N,N,N,N,N,N,N,N,A,N,A,N,A,N,A,N,N,N,N
PFK1,B,B,B,B,N,N,B,N,B,N,B,N,N,B,N,N,N,B,N,B,B,N,N,B,B,N,B,N,B,N,B,N
PFK2,B,B,B,B,N,N,B,N,B,N,B,N,N,B,N,N,N,B,N,B,B,N,N,B,B,N,B,N,B,N,B,N
TPI1,N,N,D,D,D,N,N,N,D,N,N,D,D,N,N,D,D,N,N,N,N,N,N,N,N,N,N,D,N,D,D,D
FBA1;LOT1,N,N,N,N,N,N,N,N,N,N,N,N,N,N,N,N,N,N,N,N,N,N,N,N,N,N,N,N,N,N,N,N
DAK2,N,N,N,N,N,N,N,N,N,N,N,N,N,N,N,N,N,N,N,N,N,N,N,N,N,N,N,N,N,N,N,N
DAK1,N,N,N,N,N,N,N,N,N,N,N,N,N,N,N,N,N,N,N,N,N,N,N,N,N,N,N,N,N,N,N,N
ACN8;FBP1,D,D,D,N,D,N,D,D,D,N,D,N,D,D,D,N,D,N,N,N,D,N,D,D,N,N,N,N,N,N,D,N
