VTC4,N,N,D,N,N,N,N,D,D,N,D,D,D,N,D,D,D,N,D,D,N,N,N,D,N,N,D,N,N,N,D,N
IMPL2,N,N,D,N,N,N,N,D,D,N,D,D,D,N,D,D,D,N,D,D,N,N,N,D,N,N,D,N,N,N,D,N
VTC2,A,N,N,N,N,N,N,A,A,N,N,N,N,A,N,N,A,N,N,A,N,N,A,N,N,N,N,N,N,N,A,A
VTC5,A,N,N,N,N,N,N,A,A,N,N,N,N,A,N,N,A,N,N,A,N,N,A,N,N,N,N,N,N,N,A,A
GME,N,N,N,N,N,N,N,N,N,N,N,N,N,N,N,N,N,N,N,N,N,N,N,N,N,N,N,N,N,N,N,N
MIOX1,B,B,N,N,N,N,N,B,B,N,B,B,N,B,N,N,B,B,B,N,B,B,B,N,N,B,N,B,N,N,B,N
MIOX2,B,B,N,N,N,N,N,B,B,N,B,B,N,B,N,N,B,B,B,N,B,B,B,N,N,B,N,B,N,N,B,N
MIOX4,B,B,N,N,N,N,N,B,B,N,B,B,N,B,N,N,B,B,B,N,B,B,B,N,N,B,N,B,N,N,B,N
MIOX5,B,B,N,N,N,N,N,B,B,N,B,B,N,B,N,N,B,B,B,N,B,B,B,N,N,B,N,B,N,N,B,N
GLCAK,N,N,D,N,D,N,N,N,D,N,N,D,D,N,N,N,N,N,N,N,N,D,D,N,N,N,N,N,N,D,D,D
11,N,N,D,N,D,N,N,N,D,N,N,D,D,N,N,N,N,N,N,N,N,D,D,N,N,N,N,N,N,D,D,D
UGD1,N,N,D,N,N,D,D,D,D,N,D,N,D,D,D,N,D,N,D,N,D,D,D,N,N,D,D,D,N,N,D,N
13,N,N,D,N,N,D,D,D,D,N,D,N,D,D,D,N,D,N,D,N,D,D,D,N,N,D,D,D,N,N,D,N
UGD2,N,N,D,N,N,D,D,D,D,N,D,N,D,D,D,N,D,N,D,N,D,D,D,N,N,D,D,D,N,N,D,N
UGD3,N,N,D,N,N,D,D,D,D,N,D,N,D,D,D,N,D,N,D,N,D,D,D,N,N,D,D,D,N,N,D,N
UDG4,N,N,D,N,N,D,D,D,D,N,D,N,D,D,D,N,D,N,D,N,D,D,D,N,N,D,D,D,N,N,D,N
GLDH,B,N,B,N,N,N,B,N,B,N,B,N,N,B,N,N,N,N,B,B,N,N,B,N,N,N,N,N,N,N,N,B
USP,B,B,B,B,B,B,B,B,B,N,B,B,B,B,B,B,B,B,B,B,B,B,B,B,N,B,B,B,B,B,B,B
19,D,N,N,N,N,D,N,N,N,N,D,N,D,N,N,N,N,D,N,D,N,N,N,N,D,N,N,N,N,N,N,N
ALDH2B7,D,D,D,N,D,D,D,D,D,N,D,D,D,D,D,D,D,D,D,D,D,D,D,D,D,D,D,D,D,D,D,N
ALDH3H1,D,D,D,N,D,D,D,D,D,N,D,D,D,D,D,D,D,D,D,D,D,D,D,D,D,D,D,D,D,D,D,N
ALDH7B4,D,D,D,N,D,D,D,D,D,N,D,D,D,D,D,D,D,D,D,D,D,D,D,D,D,D,D,D,D,D,D,N
ALDH2B4,D,D,D,N,D,D,D,D,D,N,D,D,D,D,D,D,D,D,D,D,D,D,D,D,D,D,D,D,D,D,D,N
ALDH3I1,D,D,D,N,D,D,D,D,D,N,D,D,D,D,D,D,D,D,D,D,D,D,D,D,D,D,D,D,D,D,D,N
ALDH3F1,D,D,D,N,D,D,D,D,D,N,D,D,D,D,D,D,D,D,D,D,D,D,D,D,D,D,D,D,D,D,D,N
26,N,N,B,N,N,N,B,B,B,N,B,N,N,B,B,N,B,N,N,B,N,B,N,N,N,B,N,B,N,N,B,B
DHAR1,N,N,B,N,N,N,B,B,B,N,B,N,N,B,B,N,B,N,N,B,N,B,N,N,N,B,N,B,N,N,B,B
DHAR2,N,N,B,N,N,N,B,B,B,N,B,N,N,B,B,N,B,N,N,B,N,B,N,N,N,B,N,B,N,N,B,B
DHAR3,N,N,B,N,N,N,B,B,B,N,B,N,N,B,B,N,B,B,N,B,N,B,N,B,N,B,N,B,N,N,B,B
APX1,N,N,D,N,D,N,N,N,D,N,D,N,D,D,N,N,D,D,N,N,N,D,D,N,N,N,N,N,N,N,N,N
TAPX,N,N,D,N,D,N,N,N,D,N,D,N,D,D,N,N,N,D,N,N,N,N,D,N,N,N,N,N,N,N,N,N
APX2,N,N,D,N,D,N,N,N,D,N,D,N,D,D,N,N,D,D,N,N,N,D,D,N,N,N,N,N,N,N,N,N
SAPX,N,N,D,N,D,N,N,N,D,N,D,N,D,D,N,N,N,D,N,N,N,N,D,N,N,N,N,N,N,N,N,N
TL29,N,N,N,N,N,N,N,N,N,N,N,N,N,N,N,N,N,N,N,N,N,N,N,N,N,N,N,N,N,N,N,N
APX6,N,N,D,N,D,N,N,N,D,N,D,N,D,D,N,N,N,D,N,N,N,N,D,N,N,N,N,N,N,N,N,N
APX3,N,N,D,N,D,N,N,N,D,N,D,N,D,D,N,N,D,D,N,N,N,D,D,N,N,N,N,N,N,N,N,N
APX5,N,N,D,N,D,N,N,N,D,N,D,N,D,D,N,N,D,D,N,N,N,D,D,N,N,N,N,N,N,N,N,N
sks12,D,D,D,N,D,D,D,D,D,N,D,D,D,D,D,D,D,D,D,D,D,D,D,D,D,D,D,D,D,D,D,D
sks11,D,D,D,N,D,D,D,D,D,N,D,D,D,D,D,D,D,D,D,D,D,D,D,D,D,D,D,D,D,D,D,D
40,D,D,D,N,D,D,D,D,D,N,D,D,D,D,D,D,D,D,D,D,D,D,D,D,D,D,D,D,D,D,D,D
41,D,D,D,N,D,D,D,D,D,N,D,D,D,D,D,D,D,D,D,D,D,D,D,D,D,D,D,D,D,D,D,D
MDAR6,N,N,N,N,N,N,N,N,N,N,N,N,N,N,N,N,N,N,N,N,N,N,N,N,N,N,N,N,N,N,N,N
MDHAR,N,N,N,N,N,N,N,N,N,N,N,N,N,N,N,N,N,N,N,N,N,N,N,N,N,N,N,N,N,N,N,N
MDAR4,N,N,N,N,N,N,N,N,N,N,N,N,N,N,N,N,N,N,N,N,N,N,N,N,N,N,N,N,N,N,N,N
MDAR1,N,N,N,N,N,N,N,N,N,N,N,N,N,N,N,N,N,N,N,N,N,N,N,N,N,N,N,N,N,N,N,N
ATMDAR2,N,N,N,N,N,N,N,N,N,N,N,N,N,N,N,N,N,N,N,N,N,N,N,N,N,N,N,N,N,N,N,N
