ALDH6B2,D,D,D,N,D,D,D,D,D,N,D,D,D,D,D,D,D,D,D,D,D,D,D,D,D,D,D,N,N,D,D,N
ACC1,N,D,D,N,N,D,D,D,D,N,N,D,N,D,N,D,D,D,D,D,D,D,N,D,D,N,D,D,N,D,D,N
ACC2,N,D,D,N,N,D,D,D,D,N,N,D,D,D,N,D,D,D,D,D,D,D,N,D,D,N,D,D,N,D,D,N
CAC3,N,N,C,N,C,N,N,C,C,N,N,N,N,C,C,C,N,N,C,N,C,N,C,C,C,C,C,C,C,N,C,C
BCCP2,N,N,B,N,N,N,N,B,B,N,N,N,N,N,N,N,B,B,N,B,B,N,N,N,N,N,N,B,N,N,B,N
CAC1,N,N,B,N,N,N,N,B,B,N,N,N,N,N,N,N,B,B,N,B,B,N,N,N,N,N,N,B,N,N,B,N
CAC2,N,D,D,N,N,D,D,D,D,N,N,D,N,D,N,D,D,D,D,D,D,D,N,D,D,N,D,D,N,D,D,N
accD,N,D,N,N,N,D,D,N,N,N,N,D,N,D,N,D,D,D,D,D,N,D,N,D,D,N,D,D,N,D,N,N
9,N,B,N,N,B,N,N,N,N,N,N,N,N,B,N,N,N,N,N,N,N,N,N,N,N,N,N,N,N,N,B,B
10,D,D,D,N,D,D,D,D,D,N,D,D,D,D,D,N,D,D,D,D,D,D,D,D,N,D,N,D,D,N,D,D
11,D,D,D,N,N,N,D,D,D,N,D,D,D,D,D,N,D,D,D,D,D,D,D,D,N,D,N,D,D,N,D,D
12,D,D,D,N,D,D,D,D,D,N,D,D,D,D,D,N,D,D,D,D,D,D,D,D,N,D,N,D,D,N,D,D
13,D,D,D,N,D,D,D,D,D,N,D,D,D,D,D,N,D,D,D,D,D,D,D,D,N,D,N,D,D,N,D,D
14,D,D,D,N,N,N,D,D,D,N,D,D,D,D,D,N,D,D,D,D,D,D,D,D,N,D,N,D,D,N,D,D
CHY1,D,D,D,N,N,N,D,D,D,N,D,D,D,D,D,N,D,D,D,D,D,D,D,D,N,D,N,D,D,N,D,D
ACS,D,D,D,D,D,D,D,D,D,N,D,D,D,D,D,D,D,D,D,D,D,D,D,D,D,D,D,D,D,D,D,D
17,B,B,N,N,N,N,N,B,B,N,B,N,N,N,N,B,B,N,N,N,B,N,B,N,N,N,N,N,N,N,B,N
IBR3,D,D,D,D,D,D,D,D,D,N,D,D,D,D,D,D,D,D,D,D,D,D,D,D,D,D,N,D,D,D,D,D
19,B,B,N,N,N,N,B,N,B,N,B,N,N,N,N,B,N,B,N,N,N,B,N,B,N,N,N,N,N,N,N,B
20,N,D,D,N,D,N,D,N,D,N,D,D,N,N,N,D,D,D,N,D,N,D,D,N,N,N,D,N,N,N,N,D
21,N,D,D,N,D,N,D,N,D,N,D,D,N,N,N,D,D,D,N,D,N,D,D,N,N,N,D,N,N,N,N,D
AACT1,D,N,D,N,D,D,D,N,D,N,D,D,D,D,D,N,D,D,D,N,D,D,D,N,D,D,N,D,N,D,D,N
ACAT2,D,N,D,N,D,D,D,N,D,N,D,D,D,D,D,N,D,D,D,N,D,D,D,N,D,D,N,D,N,D,D,N
mtLPD1,B,N,N,N,N,N,N,N,N,N,B,N,N,B,N,N,N,N,N,N,N,B,N,N,B,N,N,N,N,N,N,N
LPD1,B,N,N,N,N,N,N,N,N,N,B,N,N,B,N,N,N,N,N,N,N,B,N,N,B,N,N,N,N,N,N,N
mtLPD2,B,N,N,N,N,N,N,N,N,N,B,N,N,B,N,N,N,N,N,N,N,B,N,N,B,N,N,N,N,N,N,N
27,B,N,N,N,N,N,N,N,N,N,B,N,N,B,N,N,N,N,N,N,N,B,N,N,B,N,N,N,N,N,N,N
28,D,D,N,N,D,N,D,D,D,N,D,N,D,D,D,D,N,D,D,N,D,N,D,D,N,N,D,N,N,N,D,N
BCDH_BETA1,D,D,N,N,D,D,D,D,D,N,D,D,D,D,D,D,N,D,D,N,D,N,D,D,N,N,D,D,N,N,D,N
DIN4,D,D,N,N,D,D,D,D,D,N,D,D,D,D,D,D,N,D,D,N,D,N,D,D,N,N,D,D,N,N,D,N
31,D,D,N,N,D,N,D,D,D,N,D,N,D,D,D,D,N,D,D,N,D,N,D,D,N,N,D,N,N,N,D,N
32,D,D,D,D,D,D,D,D,D,D,D,D,D,D,D,D,D,D,D,D,D,D,D,D,D,D,D,D,D,D,D,D
BCE2,D,D,D,D,D,D,D,D,D,N,D,D,D,D,D,D,D,D,D,D,D,D,D,D,D,D,D,D,D,D,D,D
