TFIIH;P52;TFB2;GTF2H4,A,N,N,A,A,N,A,N,N,A,N,N,A,N,A,N,N,N,N,N,N,N,N,A,A,A,N,A,A,A,N,A
BTF2;GTF2H3;TFIIH;TFB4;P34,N,A,A,N,N,N,A,N,A,N,A,N,N,A,N,N,A,N,N,N,N,N,N,A,A,N,N,A,A,N,A,N
BTF2;T-BTF2P44;BTF2P44;TFIIH;GTF2H2;p44,A,A,A,N,A,A,A,N,A,N,N,N,N,N,N,A,A,A,N,N,N,N,A,N,N,N,N,A,A,A,A,A
GTF2H2C;GTF2H2C_2,A,A,A,N,A,A,A,N,A,N,N,N,N,N,N,A,A,A,N,N,N,N,A,N,N,N,N,A,A,A,A,A
GTF2H2D;GTF2H2C_2,A,A,A,N,A,A,A,N,A,N,N,N,N,N,N,A,A,A,N,N,N,N,A,N,N,N,N,A,A,A,A,A
BTF2;TFB1;P62;GTF2H1;TFIIH,N,A,A,N,N,A,N,N,N,N,A,A,N,N,N,N,N,N,N,N,A,N,N,A,N,N,N,N,N,N,N,N
ERCC2;EM9;COFS2;TFIIH;TTD1;TTD;XPD,D,N,D,N,D,D,N,D,D,N,D,D,N,D,D,D,N,D,D,N,D,D,D,D,D,D,D,D,N,D,D,D
TGF2H5;TTDA;bA120J8.2;TTD-A;TFB5;TFIIH;TTD;C6orf175;GTF2H5;TTD3,A,A,A,N,N,A,N,N,A,N,N,A,A,N,N,A,N,N,A,N,A,N,N,A,A,A,N,A,N,N,A,A
GTF2H;RAD25;ERCC3;BTF2;TTD2;TFIIH;XPB,B,N,B,N,B,N,N,B,N,N,B,N,B,B,N,N,B,B,B,B,N,N,B,N,N,B,N,N,N,N,B,B
p34;p37;CAK;CCNH;CycH,N,A,N,N,N,N,N,N,A,N,A,A,N,A,N,N,N,N,N,N,A,N,N,N,A,N,N,A,N,N,A,A
RNF66;MAT1;MNAT1;TFB3;CAP35,B,B,B,N,N,B,B,B,B,N,B,N,B,N,N,N,N,N,B,N,N,N,B,N,B,B,N,N,N,N,N,N
STK1;CAK1;p39MO15;MO15;CAK;HCAK;CDK7;CDKN7,D,D,D,D,D,D,D,D,D,D,D,D,D,D,D,D,D,D,D,D,D,D,D,D,D,D,D,D,D,D,D,D
XPE-BF;UV-DDB1;XAP1;XPE;XPCE;DDB1;DDBA,A,A,A,N,N,A,N,N,A,A,A,A,N,A,A,A,A,A,A,A,N,N,A,A,N,A,A,A,A,N,A,N
MRXSC;CUL-4B;SFM2;MRXS15;MRXHF2;CUL4B,A,A,A,N,A,A,A,A,A,N,A,A,A,A,A,A,A,A,A,A,A,N,A,A,N,A,N,A,N,N,A,A
CUL4A,A,A,A,N,A,A,A,A,A,N,A,A,A,A,A,A,A,A,A,A,A,N,A,A,N,A,N,A,N,N,A,A
RBX1;BA554C12.1;RNF75;ROC1,C,C,C,C,C,C,C,C,C,N,C,C,C,C,C,C,C,C,C,C,C,C,C,C,C,C,C,C,C,C,C,C
LIG1,N,N,D,N,N,N,N,N,D,N,D,N,D,D,D,D,N,N,N,D,D,D,D,N,N,D,N,N,N,N,D,D
RFC;RECC1;RFC140;PO-GA;MHCBFB;RFC1;A1,D,D,D,D,D,D,N,D,D,N,D,D,D,D,D,D,D,D,D,D,D,D,N,D,D,D,D,D,N,D,D,D
RFC40;RFC2,D,D,N,D,D,D,D,D,D,N,D,D,D,D,D,D,D,D,D,D,D,D,N,D,D,D,D,D,N,D,D,D
RFC38;RFC3,D,D,N,N,D,D,D,D,D,N,D,D,D,D,D,D,D,D,D,D,D,D,N,D,D,D,D,N,N,D,D,D
RFC37;RFC4;A1,D,D,D,D,D,D,D,D,D,N,D,D,D,D,D,D,D,D,D,D,D,D,N,D,D,D,D,D,N,D,D,D
RFC5;RFC36,D,D,D,D,D,D,D,D,D,N,D,D,D,D,D,D,D,D,D,D,D,D,N,D,D,D,D,D,N,D,D,D
PCNA;ATLD2,C,C,N,N,N,N,N,C,C,N,N,C,N,N,N,N,N,N,N,N,N,N,C,N,N,N,N,C,C,N,N,N
p17;YBL1;CHARAC17;POLE3;CHRAC17,C,C,C,N,N,C,N,N,C,N,C,C,C,N,C,N,N,C,N,C,C,N,C,C,C,C,C,C,C,C,C,C
FILS;POLE1;POLE;CRCS12,N,N,N,N,N,N,N,N,N,N,N,N,N,N,N,N,N,N,N,N,N,N,N,N,N,N,N,N,N,N,N,N
DPE2;POLE2,A,A,A,N,A,N,A,A,N,N,A,A,A,A,A,A,A,N,N,N,A,A,N,A,A,A,A,N,A,A,N,A
p12;POLE4;YHHQ1,A,A,A,A,A,A,A,A,A,N,A,N,A,A,A,A,A,A,A,A,A,N,A,A,A,A,A,A,A,A,A,A
ERCC4;FANCQ;XFEPS;XPF;RAD1;ERCC11,N,C,C,C,C,N,N,C,C,N,C,C,C,N,C,N,C,C,N,N,N,C,C,N,N,N,N,N,N,N,C,C
BIVM-ERCC5;ERCC5-202,N,N,D,D,D,N,D,D,D,N,D,N,D,D,D,N,D,D,N,D,D,D,D,D,D,D,N,D,D,N,D,D
ERCM2;COFS3;ERCC5-201;XPGC;XPG;ERCC5;UVDR,N,N,D,D,D,N,D,D,D,N,D,N,D,D,D,N,D,D,N,D,D,D,D,D,D,D,N,D,D,N,D,D
POLD3;PPP1R128;P66;P68,A,N,N,N,N,N,N,N,A,N,N,N,N,A,N,N,N,N,N,N,N,N,N,N,N,N,N,N,N,N,A,N
MDPL;POLD;CRCS10;CDC2;POLD1,D,D,D,D,D,D,D,D,D,N,D,D,D,D,D,D,D,D,D,D,D,D,D,D,D,D,D,D,D,D,D,D
POLD2,N,N,N,N,A,N,N,A,N,N,A,N,N,A,N,A,N,A,A,N,N,N,A,N,N,A,A,A,N,A,A,N
POLD4;p12;POLDS,N,N,A,N,N,A,N,A,A,N,A,N,N,A,N,A,A,N,A,N,A,A,N,A,N,N,N,N,N,N,A,N
RPA4;HSU24186,A,N,N,N,N,N,N,N,N,N,A,A,A,A,N,N,A,N,A,N,N,N,A,A,N,A,N,N,A,N,A,N
MST075;REPA1;RF-A;HSSB;RP-A;RPA1;RPA70,D,D,D,N,D,D,D,D,D,N,D,D,D,D,D,N,D,D,D,D,D,D,D,D,D,D,D,D,D,D,D,D
RP-A_p32;RP-A_p34;RPA2;RPA32;REPA2,A,N,N,N,N,N,N,N,N,N,A,A,A,A,N,N,A,N,A,N,N,N,A,A,N,A,N,N,A,N,A,N
REPA3;RP-A_p14;RPA3,N,N,N,N,N,N,N,N,N,N,N,N,N,N,N,N,N,N,N,N,N,N,N,N,N,N,N,N,N,N,N,N
UV20;COFS4;RAD10;ERCC1,A,N,N,N,N,A,N,N,N,N,A,N,N,N,N,N,N,N,N,N,N,N,N,N,N,N,N,N,N,N,A,N
XP1;XPA;XPAC,N,N,N,N,N,N,N,N,N,N,N,N,N,N,N,N,N,N,N,N,N,N,N,N,N,N,N,N,N,N,N,N
UV-DDB2;DDB2;XPE;DDBB,D,D,D,D,D,D,D,D,D,D,D,D,D,D,D,D,D,D,D,D,D,D,D,D,D,D,D,D,D,D,D,D
CALT;CEN2;CETN2,D,D,D,D,D,D,D,D,D,N,D,D,D,D,D,D,D,D,D,D,D,D,D,D,D,D,D,D,D,D,D,D
RAD23A;HR23A;HHR23A,D,D,D,D,D,D,D,D,D,D,D,D,D,D,D,D,D,D,D,D,D,D,D,D,D,D,D,D,D,D,D,D
HHR23B;P58;RAD23B;HR23B,D,D,D,D,D,D,D,D,D,D,D,D,D,D,D,D,D,D,D,D,D,D,D,D,D,D,D,D,D,D,D,D
ERCC8;CSA;UVSS2;CKN1,D,D,D,D,D,D,D,D,D,D,D,D,D,D,D,D,D,D,D,D,D,D,D,D,D,D,D,D,D,D,D,D
COFS;RAD26;POF11;CKN2;CSB;UVSS1;COFS1;ARMD5;ERCC6,D,D,D,D,D,D,D,D,D,N,D,D,D,D,D,D,D,D,D,D,D,D,D,D,D,D,D,D,D,D,D,D
XPC;XPCC;RAD4;XP3;p125,N,N,N,N,A,N,N,N,N,N,A,A,N,N,N,N,N,N,N,N,N,N,N,N,N,N,N,N,N,A,N,N
