GSP1;CNR1;CST17,D,D,D,D,D,D,D,D,D,D,D,D,D,D,D,D,D,D,D,D,D,D,D,D,D,D,D,D,D,D,D,D
CNR2;GSP2,D,D,D,D,D,D,D,D,D,D,D,D,D,D,D,D,D,D,D,D,D,D,D,D,D,D,D,D,D,D,D,D
XPO1;CRM1;KAP124,N,N,A,N,A,A,N,A,A,N,A,A,A,N,N,N,N,A,N,N,A,N,A,N,N,N,N,A,N,A,A,N
SRC5;NMD3,N,N,N,A,A,A,N,A,N,N,A,N,N,N,N,N,A,N,N,N,N,N,A,A,N,N,A,A,N,N,A,N
5,N,N,N,N,N,N,N,N,N,N,N,N,N,N,N,N,N,N,N,N,N,N,N,N,N,N,N,N,N,N,N,N
6,N,N,N,N,N,N,N,N,N,N,N,N,N,N,N,N,N,N,N,N,N,N,N,N,N,N,N,N,N,N,N,N
15S_RRNA,N,N,N,N,N,N,N,N,N,N,N,N,N,N,N,N,N,N,N,N,N,N,N,N,N,N,N,N,N,N,N,N
8,N,N,N,N,N,N,N,N,N,N,N,N,N,N,N,N,N,N,N,N,N,N,N,N,N,N,N,N,N,N,N,N
9,N,N,N,N,N,N,N,N,N,N,N,N,N,N,N,N,N,N,N,N,N,N,N,N,N,N,N,N,N,N,N,N
10,N,N,N,N,N,N,N,N,N,N,N,N,N,N,N,N,N,N,N,N,N,N,N,N,N,N,N,N,N,N,N,N
11,N,N,N,N,N,N,N,N,N,N,N,N,N,N,N,N,N,N,N,N,N,N,N,N,N,N,N,N,N,N,N,N
12,N,N,N,N,N,N,N,N,N,N,N,N,N,N,N,N,N,N,N,N,N,N,N,N,N,N,N,N,N,N,N,N
21S_RRNA,N,N,N,N,N,N,N,N,N,N,N,N,N,N,N,N,N,N,N,N,N,N,N,N,N,N,N,N,N,N,N,N
14,N,N,N,N,N,N,N,N,N,N,N,N,N,N,N,N,N,N,N,N,N,N,N,N,N,N,N,N,N,N,N,N
15,N,N,N,N,N,N,N,N,N,N,N,N,N,N,N,N,N,N,N,N,N,N,N,N,N,N,N,N,N,N,N,N
16,N,N,N,N,N,N,N,N,N,N,N,N,N,N,N,N,N,N,N,N,N,N,N,N,N,N,N,N,N,N,N,N
17,N,N,N,N,N,N,N,N,N,N,N,N,N,N,N,N,N,N,N,N,N,N,N,N,N,N,N,N,N,N,N,N
18,N,N,N,N,N,N,N,N,N,N,N,N,N,N,N,N,N,N,N,N,N,N,N,N,N,N,N,N,N,N,N,N
19,N,N,N,N,N,N,N,N,N,N,N,N,N,N,N,N,N,N,N,N,N,N,N,N,N,N,N,N,N,N,N,N
20,N,N,N,N,N,N,N,N,N,N,N,N,N,N,N,N,N,N,N,N,N,N,N,N,N,N,N,N,N,N,N,N
21,N,N,N,N,N,N,N,N,N,N,N,N,N,N,N,N,N,N,N,N,N,N,N,N,N,N,N,N,N,N,N,N
SNU13,C,C,C,C,C,N,C,C,C,C,C,C,C,C,C,C,C,C,C,C,C,C,C,C,C,C,C,C,C,C,C,C
NOP58;NOP5,C,C,C,C,C,C,C,C,C,C,C,C,C,C,C,C,C,C,C,C,C,C,C,C,C,C,C,C,C,C,C,C
SIK1;NOP56,C,C,C,C,C,C,C,C,C,C,C,C,C,C,C,C,C,C,C,C,C,C,C,C,C,C,C,C,C,C,C,C
NOP1;LOT3,D,D,D,D,D,D,D,D,D,D,D,D,D,D,D,D,D,D,D,D,D,D,D,D,D,D,D,D,N,D,D,D
NOP10,N,C,N,N,C,N,N,C,C,N,C,N,N,N,N,N,C,N,C,N,N,N,N,N,N,N,C,C,N,N,N,N
NHP2,C,C,C,C,C,N,C,C,C,C,C,C,C,C,C,C,C,C,C,C,C,C,C,C,C,C,C,C,C,C,C,C
GAR1,C,C,C,C,C,N,N,N,C,N,C,C,C,C,C,C,C,C,C,N,C,C,N,C,C,N,C,N,C,C,C,C
CBF5,D,D,N,N,N,N,D,N,D,N,N,D,N,D,D,N,N,D,D,N,D,N,D,N,D,D,N,N,N,D,N,D
UTP24;FCF1,C,C,C,C,C,N,C,N,C,N,N,C,C,N,N,N,C,N,C,N,N,N,N,C,C,N,C,N,N,C,N,C
RNT1,N,B,B,N,N,N,N,N,B,N,N,N,N,N,N,B,N,N,N,N,N,N,N,N,B,N,N,N,N,N,B,B
KRE33;RRA1,A,A,A,A,N,N,N,N,N,A,N,A,N,N,A,N,A,N,A,A,A,N,N,A,N,A,N,N,A,A,A,N
UTP14,D,D,D,D,D,D,D,D,D,N,D,D,D,D,D,D,D,D,D,D,D,D,D,D,D,D,D,D,D,D,D,D
BMS1,A,A,A,A,A,A,A,A,A,N,A,A,A,A,A,A,A,A,A,N,A,A,A,A,A,A,N,A,A,A,A,N
RCL1,N,N,N,N,N,N,N,N,N,N,N,N,N,N,N,N,N,N,N,N,N,N,N,N,N,N,N,N,N,N,N,N
KTI14;HRR25,D,D,D,D,D,D,D,D,D,D,D,D,D,D,D,D,D,D,D,D,D,D,D,D,D,D,D,D,D,D,D,D
FUN53;POP5,C,N,C,N,N,C,N,C,N,N,N,C,N,N,N,N,N,N,N,N,N,N,N,C,N,N,N,N,N,N,N,N
POP8,N,N,N,N,N,N,N,N,N,N,N,N,N,N,N,N,N,N,N,N,N,N,N,N,N,N,N,N,N,N,N,N
POP7;RPP2,N,N,N,N,N,N,N,N,N,N,N,N,N,N,N,N,N,N,N,N,N,N,N,N,N,N,N,N,N,N,N,N
POP4,A,N,N,N,N,N,N,A,A,N,A,A,N,A,A,N,N,N,N,N,N,N,A,A,A,A,N,N,N,N,A,A
SNM1,N,N,N,N,N,N,N,N,N,N,N,N,N,N,N,N,N,N,N,N,N,N,N,N,N,N,N,N,N,N,N,N
POP6,N,N,N,N,N,N,N,N,N,N,N,N,N,N,N,N,N,N,N,N,N,N,N,N,N,N,N,N,N,N,N,N
RPP1,A,A,A,N,N,N,A,N,N,N,A,A,N,A,N,N,N,N,N,A,N,N,N,N,A,A,N,A,A,N,A,N
RMP1,N,N,N,N,N,N,N,N,N,N,N,N,N,N,N,N,N,N,N,N,N,N,N,N,N,N,N,N,N,N,N,N
POP1,N,N,N,N,N,N,N,N,N,N,N,N,N,N,N,N,N,N,N,N,N,N,N,N,N,N,N,N,N,N,N,N
POP3,N,N,N,N,N,N,N,N,N,N,N,N,N,N,N,N,N,N,N,N,N,N,N,N,N,N,N,N,N,N,N,N
SEP1;KEM1;DST2;SKI1;RAR5;XRN1,B,B,B,B,B,B,B,N,B,B,B,B,B,B,B,B,B,B,B,B,B,B,B,B,B,N,N,B,B,B,B,B
TAP1;HKE1;XRN2;RAT1,B,B,B,B,B,B,B,N,B,B,B,B,B,B,B,B,B,B,B,B,B,B,B,B,B,N,N,B,B,B,B,B
NOG1,D,D,D,N,D,D,D,D,D,N,D,D,D,D,D,D,D,D,D,D,D,D,D,D,D,D,D,D,D,N,D,D
NUG1,D,D,D,N,D,D,D,D,D,D,D,D,D,D,N,D,D,D,D,D,N,D,D,D,D,N,D,D,D,D,D,D
NUG2;NOG2,D,D,D,N,D,D,D,D,D,D,D,D,D,D,N,D,D,D,D,D,N,D,D,D,D,N,D,D,D,D,D,D
MDN1;REA1,D,D,D,D,D,D,D,D,D,N,D,D,D,D,D,D,D,D,D,D,D,D,D,D,D,D,D,D,D,D,D,D
RIX7,D,D,D,D,D,D,D,D,D,D,D,D,D,D,D,D,D,D,D,D,D,D,D,D,D,D,D,D,D,D,D,D
RNA82;REX1;RNH70,B,B,N,N,B,B,N,B,B,N,B,B,N,N,B,B,N,B,B,B,N,B,B,B,B,B,N,B,B,B,B,B
REX2;YNT20,B,N,N,N,N,B,N,N,N,N,B,N,N,N,B,N,B,N,N,N,N,N,B,B,N,B,N,N,N,N,B,N
MEX67,N,N,N,N,A,N,N,N,N,N,A,N,N,N,A,N,N,N,N,N,N,N,N,N,N,A,N,N,A,N,A,A
MTR2,N,N,N,N,N,N,N,N,N,N,N,N,N,N,N,N,N,N,N,N,N,N,N,N,N,N,N,N,N,N,N,N
MPP10,A,N,N,A,N,N,N,A,N,N,A,N,N,N,N,N,A,A,N,A,N,N,N,N,A,A,N,N,N,N,N,A
IMP4,A,A,N,N,A,N,N,A,A,A,A,A,N,A,A,N,N,N,N,A,N,A,N,A,A,A,N,A,N,N,A,A
IMP3,B,N,N,B,N,N,N,B,B,N,N,B,N,N,N,N,B,N,B,B,B,B,N,B,B,B,B,B,N,N,N,B
UTP9,N,N,N,N,N,N,N,N,N,N,N,N,N,N,N,N,N,N,N,N,N,N,N,N,N,N,N,N,N,N,N,N
UTP17;NAN1,D,D,D,D,D,D,D,D,D,D,D,D,D,D,D,D,D,D,D,D,D,D,D,D,D,D,D,D,D,D,D,D
UTP15,D,D,D,D,D,D,D,D,D,D,D,D,D,D,D,D,D,D,D,D,D,D,D,D,D,D,D,D,D,D,D,D
UTP4,D,D,D,D,D,D,D,D,D,D,D,D,D,D,D,D,D,D,D,D,D,D,D,D,D,D,D,D,D,D,D,D
UTP10,N,N,B,B,N,N,N,B,B,N,B,B,N,N,N,N,N,B,N,B,B,N,B,B,N,N,B,N,B,N,N,N
UTP8,N,N,N,N,N,N,N,N,N,N,N,N,N,N,N,N,N,N,N,N,N,N,N,N,N,N,N,N,N,N,N,N
UTP5,D,D,D,D,D,D,D,D,D,D,D,D,D,D,D,D,D,D,D,D,D,D,D,D,D,D,D,D,D,D,D,D
UTP18,D,D,D,D,D,D,D,D,D,D,D,D,D,D,D,D,D,D,D,D,D,D,D,D,D,D,D,D,D,D,D,D
UTP13,D,D,D,D,D,D,D,D,D,D,D,D,D,D,D,D,D,D,D,D,D,D,D,D,D,D,D,D,D,D,D,D
UTP6,A,N,A,N,A,N,N,A,A,N,A,A,A,A,A,A,A,A,A,A,A,N,A,A,N,A,N,N,A,N,N,A
YCR055C;YCR058C;UTP1;PWP2,D,D,D,D,D,D,D,D,D,D,D,D,D,D,D,D,D,D,D,D,D,D,D,D,D,D,D,D,D,D,D,D
UTP21,D,D,D,D,D,D,D,D,D,D,D,D,D,D,D,D,D,D,D,D,D,D,D,D,D,D,D,D,D,D,D,D
DIP2;UTP12,D,D,D,D,D,D,D,D,D,D,D,D,D,D,D,D,D,D,D,D,D,D,D,D,D,D,D,D,D,D,D,D
CKA1,D,D,D,D,D,D,D,D,D,D,D,D,D,D,D,D,D,D,D,D,D,D,D,D,D,D,D,D,D,D,D,D
YOR29-12;CKA2,D,D,D,D,D,D,D,D,D,D,D,D,D,D,D,D,D,D,D,D,D,D,D,D,D,D,D,D,D,D,D,D
CKB1,A,A,A,N,N,A,N,A,A,N,A,A,A,A,N,A,A,A,N,A,A,N,A,N,A,A,A,A,A,N,N,A
CKB2,A,A,A,N,N,A,N,A,A,N,A,A,A,A,N,A,A,A,N,A,A,N,A,N,A,A,A,A,A,N,N,A
UTP22,N,N,N,N,A,N,N,A,N,N,N,N,N,N,N,N,A,N,N,N,N,N,N,A,A,N,N,N,N,N,N,N
LSG1;KRE35,D,D,D,N,D,D,D,D,D,D,D,D,D,D,N,D,D,D,D,D,N,D,D,D,D,N,D,D,D,D,D,D
EFL1;RIA1,D,D,D,D,D,D,D,D,D,D,D,D,D,D,D,D,D,D,D,D,D,D,D,D,D,D,D,D,D,D,D,D
RRP7,N,N,N,N,N,N,N,N,N,N,N,N,N,N,N,N,N,N,N,N,N,N,N,N,N,N,N,N,N,N,N,N
RIO1;RRP10,N,N,N,N,N,C,N,N,N,N,C,N,N,N,C,N,N,N,N,N,N,C,N,N,N,N,N,N,N,N,C,N
DRG1;AFG2,D,D,D,D,D,D,D,D,D,D,D,D,D,D,D,D,D,D,D,D,D,D,D,D,D,D,D,D,D,D,D,D
RIO2,N,N,N,N,N,C,N,N,N,N,C,N,N,N,C,N,N,N,N,N,N,C,N,N,N,N,N,N,N,N,C,N
FAP7,N,N,N,N,N,N,N,N,N,N,N,N,N,N,N,N,N,N,N,N,N,N,N,N,N,N,N,N,N,N,N,N
86,N,N,N,N,N,N,N,N,N,N,N,N,N,N,N,N,N,N,N,N,N,N,N,N,N,N,N,N,N,N,N,N
CDC95;TIF6,N,C,C,N,N,C,C,N,C,C,C,N,C,C,N,C,C,C,C,C,C,C,N,N,C,C,C,C,N,C,C,C
EMG1;NEP1,C,N,C,C,N,N,N,N,C,N,C,N,C,N,N,N,N,C,C,C,C,N,N,N,N,N,C,N,N,C,C,N
SDO1,D,N,N,D,N,N,D,N,N,N,N,N,D,D,N,N,N,D,N,N,N,N,N,N,N,D,N,N,N,N,N,N
NOP77;NOP4,B,B,B,B,B,B,B,B,B,B,B,B,B,B,B,B,B,B,B,B,B,B,B,B,B,B,B,B,B,B,B,B
YOR29-07;NOB1,C,N,N,N,N,N,N,N,N,N,C,C,N,N,N,N,N,N,N,N,N,N,N,N,N,N,N,N,C,N,N,N
