FNRB;MSK12;ITGB1;MDF2;VLA-BETA;CD29;GPIIA;VLAB,D,D,D,D,D,D,N,D,D,N,D,D,D,D,D,D,D,D,D,D,D,D,D,D,D,D,D,N,N,D,D,D
GT;BDPLT2;CD61;GPIIIa;ITGB3;GP3A;BDPLT16,D,D,D,D,D,D,N,D,D,N,D,D,D,D,D,D,D,D,D,D,D,D,D,D,D,D,D,N,N,D,D,D
GP150;CD104;ITGB4,D,D,D,D,D,D,D,D,D,N,D,D,D,D,D,D,D,D,D,D,D,D,D,D,D,D,D,N,N,D,D,D
ITGB5,D,D,D,D,D,D,N,D,D,N,D,D,D,D,D,D,D,D,D,D,D,D,D,D,D,D,D,N,N,D,D,D
AI1H;ITGB6,D,D,D,D,D,D,N,D,D,N,D,D,D,D,D,D,D,D,D,D,D,D,D,D,D,D,D,N,N,D,D,D
ITGB7,D,D,D,D,D,D,N,D,D,N,D,D,D,D,D,D,D,D,D,D,D,D,D,D,D,D,D,N,N,D,D,D
ITGB8,D,D,D,D,D,D,N,D,D,N,D,D,D,D,D,D,D,D,D,D,D,D,D,D,D,D,D,N,N,D,D,D
HsT18964;ITGA11,D,D,D,N,D,N,N,D,D,N,D,D,D,D,D,D,D,D,D,D,D,D,D,D,D,D,D,D,N,D,D,D
ITGA6B;VLA-6;CD49f;ITGA6,B,B,B,N,N,N,N,N,N,N,B,N,B,N,N,N,N,N,N,N,B,N,B,N,N,B,N,B,N,N,B,B
ITGA1;CD49a;VLA1,D,D,D,N,D,N,N,D,D,N,D,D,D,D,D,D,D,D,D,D,D,D,D,D,D,D,D,D,N,D,D,D
VLA-2;ITGA2;CD49B;GPIa;BR;HPA-5;VLAA2,D,D,D,N,D,N,N,D,D,N,D,D,D,D,D,D,D,D,D,D,D,D,D,D,D,D,D,D,N,D,D,D
GTA;GT;CD41B;GP2B;PPP1R93;ITGA2B;BDPLT2;CD41;GPIIb;HPA3;BDPLT16,B,B,B,N,N,N,N,N,N,N,B,N,B,N,N,N,N,N,N,N,B,N,B,N,N,B,N,B,N,N,B,B
VCA-2;GAPB3;GAP-B3;VLA3a;VL3A;CD49C;ILNEB;FRP-2;ITGA3;MSK18,B,B,B,N,N,N,N,N,N,N,B,N,B,N,N,N,N,N,N,N,B,N,B,N,N,B,N,B,N,N,B,B
IA4;ITGA4;CD49D,B,B,B,N,N,N,N,N,N,N,B,N,B,N,N,N,N,N,N,N,B,N,B,N,N,B,N,B,N,N,B,B
FNRA;ITGA5;VLA5A;CD49e;VLA-5,B,B,B,N,N,N,N,N,N,N,B,N,B,N,N,N,N,N,N,N,B,N,B,N,N,B,N,B,N,N,B,B
ITGA7,B,B,B,N,N,N,N,N,N,N,B,N,B,N,N,N,N,N,N,N,B,N,B,N,N,B,N,B,N,N,B,B
ITGA9;ALPHA-RLC;RLC;ITGA4L,B,B,B,N,N,N,N,N,N,N,B,N,B,N,N,N,N,N,N,N,B,N,B,N,N,B,N,B,N,N,B,B
MSK8;CD51;ITGAV;VTNR;VNRA,B,B,B,N,N,N,N,N,N,N,B,N,B,N,N,N,N,N,N,N,B,N,B,N,N,B,N,B,N,N,B,B
ITGA10;PRO827,D,D,D,N,D,N,N,D,D,N,D,D,D,D,D,D,D,D,D,D,D,D,D,D,D,D,D,D,N,D,D,D
ITGA8,B,B,B,N,N,N,N,N,N,N,B,N,B,N,N,N,N,N,N,N,B,N,B,N,N,B,N,B,N,N,B,B
CSBS;FLN;FLN1;OPD2;OPD;ABPX;ABP-280;FLN-A;FLNA;MNS;NHBP;XMVD;OPD1;FMD;CVD1;XLVD,B,B,B,B,B,B,B,B,B,N,B,B,B,B,B,B,B,B,B,B,B,B,B,B,N,B,B,B,B,B,B,B
TAP;SCT;FLNB;FH1;FLN1L;LRS1;FLN-B;ABP-278;AOI;TABP;ABP-280,B,B,B,B,B,B,B,B,B,N,B,B,B,B,B,B,B,B,B,B,B,B,B,B,N,B,B,B,B,B,B,B
MPD4;MFM5;ABPA;FLN2;RCM5;ABPL;ABP-280;ABP280A;CMH26;FLNC,D,D,D,D,D,D,D,D,D,N,D,D,D,D,D,D,D,D,D,D,D,D,D,D,N,D,D,D,D,D,D,D
TKS;CDC42Hs;CDC42;G25K,D,D,D,D,D,D,D,D,D,D,D,D,D,D,D,D,D,D,D,D,D,D,D,D,D,D,D,D,D,D,D,D
SgK085;MYLK4,D,D,D,D,D,D,D,D,D,D,D,D,D,D,D,D,D,D,D,D,D,D,D,D,D,D,D,D,D,D,D,D
AAT7;MLCK210;KRP;MLCK1;MLCK108;MYLK;MSTP083;MYLK1;MLCK;smMLCK,D,D,D,D,D,D,D,D,D,D,D,D,D,D,D,D,D,D,D,D,D,D,D,D,D,D,D,D,D,D,D,D
MYLK2;MLCK2;KMLC;skMLCK;MLCK,D,D,D,D,D,D,D,D,D,D,D,D,D,D,D,D,D,D,D,D,D,D,D,D,D,D,D,D,D,D,D,D
caMLCK;MLCK;MYLK3;MLCK2,D,D,D,D,D,D,D,D,D,D,D,D,D,D,D,D,D,D,D,D,D,D,D,D,D,D,D,D,D,D,D,D
MLC-B;MRLC2;MYL12B,B,B,B,B,B,N,B,B,B,N,B,B,B,B,B,B,B,B,B,B,B,B,B,B,B,B,B,B,B,B,B,B
MYRL2;MLC-2C;MLC2;LC20;MRLC1;MYL9,B,B,B,B,B,N,B,B,B,N,B,B,B,B,B,B,B,B,B,B,B,B,B,B,B,B,B,B,B,B,B,B
HEL-S-24;MLC-2B;MYL12A;MRLC3;MLCB;MRCL3;MYL2B,B,B,B,B,B,N,B,B,B,N,B,B,B,B,B,B,B,B,B,B,B,B,B,B,B,B,B,B,B,B,B,B
HUMMLC2B;MLC2B;MYL11;MRLC2;MYLPF,B,B,B,B,B,N,B,B,B,N,B,B,B,B,B,B,B,B,B,B,B,B,B,B,N,B,B,B,B,B,B,B
CMH10;MLC-2s/v;MLC2;MYL2,B,B,B,B,B,N,B,B,B,N,B,B,B,B,B,B,B,B,B,B,B,B,B,B,B,B,B,B,B,B,B,B
MYLC2;MYL5,B,B,B,B,B,N,B,B,B,N,B,B,B,B,B,B,B,B,B,B,B,B,B,B,N,B,B,B,B,B,B,B
MYLC2A;MYL2A;MYL7,B,B,B,B,B,N,B,B,B,N,B,B,B,B,B,B,B,B,B,B,B,B,B,B,N,B,B,B,B,B,B,B
PLRLC;MYLC2PL;MYL10,B,B,B,B,B,N,B,B,B,N,B,B,B,B,B,B,B,B,B,B,B,B,B,B,N,B,B,B,B,B,B,B
DFNA1;SCBMS;DRF1;hDIA1;DIA1;LFHL1;DIAPH1,D,D,D,D,D,D,D,D,D,N,D,D,D,D,D,D,D,D,D,D,D,D,D,D,D,D,D,D,D,D,D,D
M130;MYPT1;PPP1R12A;MBS,D,D,D,D,D,D,D,D,D,N,D,D,D,D,D,D,D,D,D,D,D,D,D,D,D,D,D,D,D,D,D,D
PP1bp55;PPP1R12B;MYPT2,D,D,D,D,D,D,D,D,D,D,D,D,D,D,D,D,D,D,D,D,D,D,D,D,D,D,D,D,D,D,D,D
p85;MBS85;PPP1R12C;LENG3;AAVS1;p84,D,D,D,D,D,D,D,D,D,D,D,D,D,D,D,D,D,D,D,D,D,D,D,D,D,D,D,D,D,D,D,D
PPP1A;PP1A;PP-1A;PP1alpha;PPP1CA,D,D,D,D,D,D,D,D,D,N,D,D,D,D,D,D,D,D,D,D,D,D,D,D,D,D,D,D,D,D,D,D
PPP1CD;PPP1CB;PP1B;NSLH2;PP1beta;PP-1B;HEL-S-80p,D,D,D,D,D,D,D,D,D,N,D,D,D,D,D,D,D,D,D,D,D,D,D,D,D,D,D,D,D,D,D,D
PPP1G;PP1C;PPP1CC;PP-1G,D,D,D,D,D,D,D,D,D,N,D,D,D,D,D,D,D,D,D,D,D,D,D,D,D,D,D,D,D,D,D,D
ROCK-I;P160ROCK;ROCK1,D,D,D,D,D,D,D,D,D,D,D,D,D,D,D,D,D,D,D,D,D,D,D,D,D,D,D,D,D,D,D,D
ROCK-II;ROCK2,D,D,D,D,D,D,D,D,D,D,D,D,D,D,D,D,D,D,D,D,D,D,D,D,D,D,D,D,D,D,D,D
PKB-GAMMA;STK-2;MPPH2;MPPH;RAC-gamma;RAC-PK-gamma;PRKBG;AKT3;PKBG,D,D,D,D,D,D,D,D,D,D,D,D,D,D,D,D,D,D,D,D,D,D,D,D,D,D,D,D,D,D,D,D
RAC-ALPHA;RAC;PKB-ALPHA;AKT;PRKBA;CWS6;AKT1;PKB,D,D,D,D,D,D,D,D,D,D,D,D,D,D,D,D,D,D,D,D,D,D,D,D,D,D,D,D,D,D,D,D
PKBB;PRKBB;AKT2;PKBBETA;HIHGHH;RAC-BETA,D,D,D,D,D,D,D,D,D,D,D,D,D,D,D,D,D,D,D,D,D,D,D,D,D,D,D,D,D,D,D,D
PRO0461;PDPK2;PDPK1;PDK1;PDPK2P,D,D,D,D,D,D,D,D,D,D,D,D,D,D,D,D,D,D,D,D,D,D,D,D,D,D,D,D,D,D,D,D
PARVB;CGI-56,N,N,N,N,N,N,N,N,N,N,N,N,N,N,N,N,N,N,N,N,N,N,N,N,N,N,N,N,N,N,N,N
PARVA;CH-ILKBP;MXRA2,N,N,N,N,N,N,N,N,N,N,N,N,N,N,N,N,N,N,N,N,N,N,N,N,N,N,N,N,N,N,N,N
PARVG,N,N,N,N,N,N,N,N,N,N,N,N,N,N,N,N,N,N,N,N,N,N,N,N,N,N,N,N,N,N,N,N
ILK-2;ILK;p59ILK;P59;HEL-S-28;ILK-1,D,D,D,D,D,D,D,D,D,N,D,D,D,D,D,D,D,D,D,D,D,D,D,D,D,D,D,D,D,D,D,D
MV;HEL114;MVCL;CMH15;CMD1W;VCL,N,N,N,N,N,N,N,N,N,N,N,N,N,N,N,N,N,N,N,N,N,N,N,N,N,N,N,N,N,N,N,N
VASP,D,D,D,D,D,N,D,D,D,N,D,D,D,D,D,D,D,D,D,D,D,D,D,D,D,D,D,D,D,D,D,D
10q23del;PTEN1;BZS;PTEN;TEP1;MHAM;CWS1;PTENbeta;MMAC1;DEC;GLM2,D,D,D,N,D,D,N,D,D,N,D,D,N,D,D,N,N,N,D,N,D,D,D,D,D,D,D,D,D,D,D,D
MCM;CWS5;PIK3CA;MCAP;CLOVE;PI3K-alpha;MCMTC;PI3K;p110-alpha,B,B,B,B,B,B,B,B,B,N,B,B,B,B,B,B,B,B,B,B,B,B,B,B,B,B,B,B,B,B,B,B
P110BETA;PI3KBETA;PIK3C1;PIK3CB;PI3K,B,B,B,B,B,B,B,B,B,B,B,B,B,B,B,B,B,B,B,B,B,B,B,B,B,B,B,B,B,B,B,B
APDS;PIK3CD;IMD14;p110D;PI3K;P110DELTA,B,B,B,B,B,B,B,B,B,N,B,B,B,B,B,B,B,B,B,B,B,B,B,B,B,B,B,B,B,B,B,B
GRB1;IMD36;p85;AGM7;p85-ALPHA;PIK3R1,A,A,A,N,N,N,N,A,A,N,A,A,N,A,A,A,N,N,A,N,A,A,A,A,A,A,A,A,A,A,A,A
PIK3R2;p85;MPPH;p85-BETA;MPPH1;P85B,N,N,N,N,N,N,N,N,N,N,N,N,N,N,N,N,N,N,N,N,N,N,N,N,N,N,N,N,N,N,N,N
p55PIK;p55;PIK3R3;p55-GAMMA,N,N,N,N,N,N,N,N,N,N,N,N,N,N,N,N,N,N,N,N,N,N,N,N,N,N,N,N,N,N,N,N
ILWEQ;TLN;TLN1;talin-1,D,D,D,D,D,D,D,D,D,N,D,D,D,D,D,D,D,D,D,D,D,D,D,D,D,D,D,D,D,D,D,D
ILWEQ;TLN2,D,D,D,D,D,D,D,D,D,N,D,D,D,D,D,D,D,D,D,D,D,D,D,D,D,D,D,D,D,D,D,D
ZYX;HED-2;ESP-2,A,A,A,N,N,N,N,N,A,N,A,A,N,A,A,N,N,N,A,N,A,A,A,A,A,A,A,A,A,A,A,A
PIP5K1-gamma;PIP5Kgamma;PIP5K-GAMMA;PIP5K1C;LCCS3,D,D,D,D,D,D,D,D,D,N,D,D,D,D,D,D,D,D,D,D,D,D,D,D,N,D,D,D,D,D,D,D
FSGS;FSGS1;ACTN4;ACTININ-4,D,D,D,D,D,D,D,D,D,N,D,D,D,D,D,D,D,D,D,D,D,D,D,D,D,D,D,D,D,D,D,D
BDPLT15;ACTN1,D,D,D,D,D,D,D,D,D,N,D,D,D,D,D,D,D,D,D,D,D,D,D,D,D,D,D,D,D,D,D,D
FRNK;FADK;PPP1R71;PTK2;p125FAK;pp125FAK;FAK;FAK1,D,D,D,D,D,D,D,D,D,D,D,D,D,D,D,D,D,D,D,D,D,D,D,D,D,D,D,D,D,D,D,D
CANPL2;CANPml;mCANP;CANP2;CAPN2,D,D,D,N,D,D,D,D,D,N,D,D,D,D,D,D,D,D,D,D,D,D,D,D,D,D,D,D,D,D,D,D
PXN,A,A,A,N,N,N,N,N,A,N,A,A,N,A,A,N,N,N,A,N,A,A,A,A,A,A,A,A,A,A,A,A
GRF-1;ARHGAP35;P190-A;p190ARhoGAP;p190RhoGAP;P190A;GRLF1,B,B,B,B,B,N,N,B,B,N,B,B,B,B,B,B,B,B,B,B,B,B,B,B,B,B,B,B,B,B,B,B
GFI2;ARHGAP5;RhoGAP5;p190BRhoGAP;p190-B,B,B,B,B,B,N,N,B,B,N,B,B,B,B,B,B,B,B,B,B,B,B,B,B,B,B,B,B,B,B,B,B
PKCA;PKC-alpha;PRKACA;PRKCA;AAG6,D,D,D,D,D,D,D,D,D,D,D,D,D,D,D,D,D,D,D,D,D,D,D,D,D,D,D,D,D,D,D,D
PRKCB2;PKCB;PRKCB1;PKC-beta;PRKCB,D,D,D,D,D,D,D,D,D,D,D,D,D,D,D,D,D,D,D,D,D,D,D,D,D,D,D,D,D,D,D,D
SCA14;PKCG;PKC-gamma;PRKCG;PKCC,D,D,D,D,D,D,D,D,D,D,D,D,D,D,D,D,D,D,D,D,D,D,D,D,D,D,D,D,D,D,D,D
SRC;ASV;c-SRC;p60-Src;THC6;SRC1,D,D,D,D,D,D,D,D,D,D,D,D,D,D,D,D,D,D,D,D,D,D,D,D,D,D,D,D,D,D,D,D
SYN;FYN;p59-FYN;SLK,D,D,D,D,D,D,D,D,D,D,D,D,D,D,D,D,D,D,D,D,D,D,D,D,D,D,D,D,D,D,D,D
ARHA;ARH12;RHOH12;RHO12;RHOA,D,D,D,D,D,D,D,D,D,D,D,D,D,D,D,D,D,D,D,D,D,D,D,D,D,D,D,D,D,D,D,D
PP13187;GRF1;ras-GRF1;RASGRF1;GRF55;GNRP;H-GRF55;CDC25;CDC25L,D,D,D,D,D,D,D,D,D,N,D,D,D,D,D,D,D,D,D,D,D,D,D,D,D,D,D,D,D,D,D,D
LAMC3;OCCM,D,D,D,D,D,N,D,D,D,N,D,D,D,D,D,D,D,D,D,D,D,D,D,D,D,D,D,D,D,D,D,D
SLRR4A;CHAD,D,D,D,D,D,D,D,D,D,N,D,D,D,D,D,D,D,D,D,D,D,D,D,D,D,D,D,D,D,D,D,D
OI3;EDSC;OI2;OI1;COL1A1;OI4,D,D,D,D,D,D,D,N,D,N,D,D,D,D,D,D,D,D,D,D,D,D,D,D,D,D,D,D,N,D,D,D
OI4;COL1A2,D,D,D,D,N,N,N,N,D,N,D,D,D,D,D,D,N,D,D,D,D,D,D,D,D,D,D,D,N,D,D,D
SEDC;COL11A3;AOM;COL2A1;STL1;ANFH,D,D,D,D,D,D,N,N,D,N,D,D,D,D,D,D,D,D,D,D,D,D,D,D,D,D,D,D,N,D,D,D
RATOR;BSVD;COL4A1,D,D,D,N,N,N,N,N,D,N,D,D,N,N,D,D,N,N,N,D,D,D,D,D,D,D,D,D,N,D,D,D
COL4A2;POREN2;ICH,D,D,D,N,N,N,N,N,D,N,D,D,N,N,D,D,N,N,N,D,D,D,D,D,D,D,D,D,N,D,D,D
COL4A3,D,D,D,N,N,N,N,N,D,N,D,D,N,N,D,D,N,N,N,D,D,D,D,D,D,D,D,D,N,D,D,D
COL4A4;CA44,D,D,D,N,N,N,N,N,D,N,D,D,N,N,D,D,N,N,N,D,D,D,D,D,D,D,D,D,N,D,D,D
CA54;ATS;COL4A5;ASLN,D,D,D,D,N,N,N,N,D,N,D,D,D,D,D,D,N,D,D,D,D,D,D,D,D,D,D,D,N,D,D,D
COL4A6;DFNX6;CXDELq22.3;DELXq22.3,D,D,D,N,N,N,N,N,D,N,D,D,N,N,D,D,N,N,N,D,D,D,D,D,D,D,D,D,N,D,D,D
COL6A1;UCHMD1;BTHLM1;OPLL,D,D,D,N,N,N,D,D,D,N,D,D,D,D,D,D,D,D,D,D,D,D,D,D,D,D,D,D,N,D,D,D
COL6A2;PP3610;BTHLM1;UCMD1,D,D,D,N,D,N,D,D,D,N,D,D,D,D,D,D,D,D,D,D,D,D,D,D,D,D,D,D,N,D,D,D
COL6A3;BTHLM1;UCMD1;DYT27,D,D,D,D,D,N,D,D,D,N,D,D,D,D,D,D,D,D,D,D,D,D,D,D,D,D,D,D,N,D,D,D
COL9A1;STL4;MED;EDM6;DJ149L1.1.2,D,D,D,N,N,N,N,N,D,N,D,D,N,N,D,D,N,N,N,D,D,D,D,D,D,D,D,D,N,D,D,D
DJ39G22.4;STL5;MED;EDM2;COL9A2,D,D,D,N,N,N,D,N,D,N,D,D,N,D,D,D,N,N,N,D,D,D,D,D,D,D,D,D,N,D,D,D
MED;COL9A3;EDM3;DJ885L7.4.1;IDD,D,D,D,N,N,N,N,N,D,N,D,D,N,N,D,D,N,N,N,D,D,D,D,D,D,D,D,D,N,D,D,D
TSP5;EPD1;EDM1;MED;PSACH;THBS5;COMP,D,D,D,D,D,N,D,D,D,N,D,D,D,D,D,D,D,D,D,D,D,D,D,D,D,D,D,D,N,D,D,D
COL6A6,D,D,D,N,D,N,D,D,D,N,D,D,D,D,D,D,D,D,D,D,D,D,D,D,D,D,D,D,N,D,D,D
LAMB4,D,D,D,D,D,N,D,D,D,N,D,D,D,D,D,D,D,D,D,D,D,D,D,D,D,D,D,D,D,D,D,D
FN1;GFND2;FN;FINC;ED-B;CIG;FNZ;LETS;MSF;GFND,D,D,D,D,D,D,D,D,D,N,D,D,D,D,D,D,D,D,D,D,D,D,D,D,D,D,D,D,D,D,D,D
COL6A5;COL29A1;VWA4,D,D,D,N,D,N,D,D,D,N,D,D,D,D,D,D,D,D,D,D,D,D,D,D,D,D,D,D,N,D,D,D
LAMA1;PTBHS;LAMA;S-LAM-alpha,D,D,D,D,D,D,D,D,D,N,D,D,D,D,D,D,D,D,D,D,D,D,D,D,D,D,D,D,D,D,D,D
GMEM;150-225;HXB;JI;GP;TN-C;TNC;TN;DFNA56,D,D,D,D,D,D,D,D,D,N,D,D,D,D,D,D,D,D,D,D,D,D,D,D,D,D,D,D,D,D,D,D
SP-II;BSP;BNSP;IBSP;BSP-II,N,N,N,N,N,N,N,N,N,N,N,N,N,N,N,N,N,N,N,N,N,N,N,N,N,N,N,N,N,N,N,N
LAMM;LAMA2,D,D,D,D,D,D,D,D,D,N,D,D,D,D,D,D,D,D,D,D,D,D,D,D,D,D,D,D,D,D,D,D
BM600;E170;LAMNA;LAMA3;LOCS,D,D,D,D,D,D,D,D,D,N,D,D,D,D,D,D,D,D,D,D,D,D,D,D,D,D,D,D,D,D,D,D
LAMA4;LAMA3;CMD1JJ;LAMA4*-1,D,D,D,D,D,D,D,D,D,N,D,D,D,D,D,D,D,D,D,D,D,D,D,D,D,D,D,D,D,D,D,D
LAMA5,D,D,D,D,D,D,D,D,D,N,D,D,D,D,D,D,D,D,D,D,D,D,D,D,D,D,D,D,D,D,D,D
LAMB1;LIS5;CLM,D,D,D,D,D,N,D,D,D,N,D,D,D,D,D,D,D,D,D,D,D,D,D,D,D,D,D,D,D,D,D,D
LAMB2;NPHS5;LAMS,D,D,D,D,D,N,D,D,D,N,D,D,D,D,D,D,D,D,D,D,D,D,D,D,D,D,D,D,D,D,D,D
BM600-125KDA;AI1A;LAMB3;LAM5;LAMNB1,D,D,D,D,D,D,D,D,D,N,D,D,D,D,D,D,D,D,D,D,D,D,D,D,D,D,D,D,D,D,D,D
LAMB2;LAMC1,D,D,D,D,D,D,D,D,D,N,D,D,D,D,D,D,D,D,D,D,D,D,D,D,D,D,D,D,D,D,D,D
BM600;LAMB2T;EBR2;B2T;LAMNB2;EBR2A;CSF;LAMC2,D,D,D,D,D,D,D,D,D,N,D,D,D,D,D,D,D,D,D,D,D,D,D,D,D,D,D,D,D,D,D,D
ETL7;RL;LIS2;RELN;PRO1598,N,A,A,N,N,N,N,N,N,N,A,N,N,A,N,A,N,N,N,N,A,A,N,N,N,A,N,N,N,N,A,A
TNN;TN-W,D,D,D,D,D,D,D,D,D,N,D,D,D,D,D,D,D,D,D,D,D,D,D,D,D,D,D,D,D,D,D,D
ETA-1;OPN;SPP1;BNSP;BSPI,N,N,N,N,N,N,N,N,N,N,N,N,N,N,N,N,N,N,N,N,N,N,N,N,N,N,N,N,N,N,N,N
THBS-1;THBS1;THBS;TSP-1;TSP;TSP1,D,D,D,N,D,N,N,D,D,N,D,D,D,D,D,D,D,D,D,D,D,D,D,D,D,D,D,N,N,D,D,D
THBS2;TSP2,D,D,D,N,D,N,N,D,D,N,D,D,D,D,D,D,D,D,D,D,D,D,D,D,D,D,D,N,N,D,D,D
THBS3;TSP3,D,D,D,D,D,N,N,D,D,N,D,D,D,D,D,D,D,D,D,D,D,D,D,D,D,D,D,N,N,D,D,D
THBS4;TSP-4;TSP4,D,D,D,D,D,N,D,D,D,N,D,D,D,D,D,D,D,D,D,D,D,D,D,D,D,D,D,D,N,D,D,D
TNR;TN-R,D,D,D,D,D,D,D,D,D,N,D,D,D,D,D,D,D,D,D,D,D,D,D,D,D,D,D,D,D,D,D,D
TNXBS;TN-X;XB;XBS;EDS3;VUR8;TNXB1;TNXB2;TENX;TNX;TNXB;HXBL,D,D,D,D,D,D,D,D,D,N,D,D,D,D,D,D,D,D,D,D,D,D,D,D,D,D,D,D,D,D,D,D
VNT;VN;V75;VTN,N,N,N,N,N,N,N,N,N,N,N,N,N,N,N,N,N,N,N,N,N,N,N,N,N,N,N,N,N,N,N,N
VWF;VWD;F8VWF,D,D,D,N,N,N,N,D,D,N,D,D,D,D,D,D,D,D,D,D,D,D,D,D,N,D,D,D,D,N,D,D
CGL3;LCCNS;CAV;CAV1;PPH3;VIP21;MSTP085;BSCL3,N,N,N,N,N,N,N,N,N,N,N,N,N,N,N,N,N,N,N,N,N,N,N,N,N,N,N,N,N,N,N,N
CAV2;CAV,N,N,N,N,N,N,N,N,N,N,N,N,N,N,N,N,N,N,N,N,N,N,N,N,N,N,N,N,N,N,N,N
VIP-21;LGMD1C;CAV3;VIP21;LQT9,N,N,N,N,N,N,N,N,N,N,N,N,N,N,N,N,N,N,N,N,N,N,N,N,N,N,N,N,N,N,N,N
API1;MIHB;RNF48;BIRC2;c-IAP1;cIAP1;HIAP2;Hiap-2,D,D,D,D,D,N,D,D,D,N,D,D,D,D,D,D,D,D,D,D,D,D,D,D,N,D,N,N,N,D,D,D
HAIP1;HIAP1;c-IAP2;MIHC;RNF49;API2;CIAP2;BIRC3;AIP1;MALT2,A,A,A,A,A,N,A,A,A,N,A,A,A,A,A,A,A,A,A,A,A,A,A,A,N,A,N,N,N,A,A,A
hIAP-3;hIAP3;API3;IAP-3;MIHA;ILP1;XLP2;BIRC4;XIAP,D,D,D,D,D,N,D,D,D,N,D,D,D,N,D,D,D,N,D,N,D,D,D,D,N,D,D,N,N,D,D,N
BBC2;BCL2L8;BAD,N,N,N,N,N,N,N,N,N,N,N,N,N,N,N,N,N,N,N,N,N,N,N,N,N,N,N,N,N,N,N,N
PPP1R50;Bcl-2;BCL2,N,N,N,N,N,N,N,N,N,N,N,N,N,N,N,N,N,N,N,N,N,N,N,N,N,N,N,N,N,N,N,N
ELK1,N,N,N,N,N,N,N,N,N,N,N,N,N,N,N,N,N,N,N,N,N,N,N,N,N,N,N,N,N,N,N,N
MAPK1;ERK;PRKM1;p41mapk;p42-MAPK;p41;MAPK2;p40;p38;ERK-2;ERK2;ERT1;PRKM2;P42MAPK,D,D,D,D,D,D,D,D,D,D,D,D,D,D,D,D,D,D,D,D,D,D,D,D,D,D,D,D,D,D,D,D
PRKM3;HS44KDAP;ERT2;P44ERK1;ERK-1;HUMKER1A;p44-MAPK;ERK1;p44-ERK1;P44MAPK;MAPK3,D,D,D,D,D,D,D,D,D,D,D,D,D,D,D,D,D,D,D,D,D,D,D,D,D,D,D,D,D,D,D,D
D11S287E;PRAD1;BCL1;CCND1;U21B31,A,A,A,A,A,A,N,A,A,N,A,A,A,A,A,A,A,A,N,A,A,A,A,A,A,A,A,A,A,A,A,A
MPPH3;KIAK0002;CCND2,A,A,A,A,A,A,N,A,A,N,A,A,A,A,A,A,A,A,N,A,A,A,A,A,A,A,A,A,A,A,A,A
CCND3,A,A,A,A,A,A,N,A,A,N,A,A,A,A,A,A,A,A,N,A,A,A,A,A,A,A,A,A,A,A,A,A
MKK1;PRKMK1;MEK1;CFC3;MAPKK1;MAP2K1,D,D,D,D,D,D,D,D,D,D,D,D,D,D,D,D,D,D,D,D,D,D,D,D,D,D,D,D,D,D,D,D
BRAF;NS7;B-RAF1;BRAF1;RAFB1;B-raf,D,D,D,D,D,D,D,D,D,D,D,D,D,D,D,D,D,D,D,D,D,D,D,D,D,D,D,D,D,D,D,D
RAF1;NS5;CMD1NN;Raf-1;CRAF;c-Raf,D,D,D,D,D,D,D,D,D,N,D,D,D,D,D,D,D,D,D,D,D,D,D,D,D,D,D,D,D,D,D,D
C-H-RAS;HAMSV;H-RASIDX;RASH1;C-HA-RAS1;p21ras;C-BAS/HAS;HRAS1;CTLO;HRAS,D,D,D,D,D,D,D,D,D,D,D,D,D,D,D,D,D,D,D,D,D,D,D,D,D,D,D,D,D,D,D,D
HGF;SOS1;GGF1;NS4;GINGF;GF1,D,D,D,D,D,D,D,D,D,N,D,D,D,D,D,D,D,D,D,D,D,D,D,D,D,D,D,D,D,D,D,D
SOS2;NS9;SOS-2,D,D,D,D,D,D,D,D,D,N,D,D,D,D,D,D,D,D,D,D,D,D,D,D,D,D,D,D,D,D,D,D
NCKAP2;MSTP084;Grb3-3;EGFRBP-GRB2;MST084;ASH;GRB2,D,D,D,D,D,D,D,D,D,N,D,D,D,D,D,D,D,D,D,D,D,D,D,D,D,D,D,D,D,D,D,D
mENA;EGFR;PIG61;ERBB1;NISBD2;ERBB;HER1,D,D,D,D,D,D,D,D,D,N,D,D,D,D,D,D,D,D,D,D,D,D,D,D,D,D,D,D,D,D,D,D
HER-2/neu;HER2;NGL;MLN_19;CD340;ERBB2;HER-2;NEU;TKR1,D,D,D,D,D,D,D,D,D,N,D,D,D,D,D,D,D,D,D,D,D,D,D,D,D,D,D,D,D,D,D,D
FLT-1;VEGFR-1;FLT1;FLT;VEGFR1,D,D,D,D,D,D,D,D,D,N,D,D,D,D,D,D,D,D,D,D,D,D,D,D,D,D,D,D,D,D,D,D
LMPH1A;FLT-4;FLT41;PCL;FLT4;VEGFR3;VEGFR-3,D,D,D,D,D,D,D,D,D,D,D,D,D,D,D,D,D,D,D,D,D,D,D,D,D,D,D,D,D,D,D,D
CD221;JTK13;IGFR;IGF1R;IGFIR,D,D,D,D,D,D,D,D,D,N,D,D,D,D,D,D,D,D,D,D,D,D,D,D,D,D,D,D,D,D,D,D
VEGFR2;VEGFR;KDR;FLK1;CD309,D,D,D,D,D,D,D,D,D,D,D,D,D,D,D,D,D,D,D,D,D,D,D,D,D,D,D,D,D,D,D,D
DFNB97;MET;RCCP2;AUTS9;HGFR;c-Met,D,D,D,D,D,D,D,D,D,D,D,D,D,D,D,D,D,D,D,D,D,D,D,D,D,D,D,D,D,D,D,D
PDGFRA;PDGFR-2;PDGFR2;CD140A,D,D,D,D,D,D,D,D,D,D,D,D,D,D,D,D,D,D,D,D,D,D,D,D,D,D,D,D,D,D,D,D
IBGC4;PDGFR-1;PENTT;IMF1;PDGFRB;JTK12;KOGS;PDGFR;CD140B;PDGFR1,D,D,D,D,D,D,D,D,D,D,D,D,D,D,D,D,D,D,D,D,D,D,D,D,D,D,D,D,D,D,D,D
EGF;HOMG4;URG,D,D,D,D,D,D,D,D,D,N,D,D,D,D,D,D,D,D,D,D,D,D,D,D,D,D,D,D,D,D,D,D
VEGF-D;FIGF;VEGFD,B,B,B,N,N,N,N,B,N,N,N,N,N,N,N,N,B,N,N,N,B,B,N,B,N,B,B,N,N,N,B,B
HGF;SF;F-TCF;DFNB39;HGFB;HPTA,D,D,D,D,D,D,D,D,D,N,D,D,D,D,D,D,D,D,D,D,D,D,D,D,D,D,D,D,D,D,D,D
IGF1;IGF-I;MGF;IGFI,N,N,N,N,N,N,N,N,N,N,N,N,N,N,N,N,N,N,N,N,N,N,N,N,N,N,N,N,N,N,N,N
PDGF-A;PDGF1;PDGFA,N,N,N,N,N,N,N,N,N,N,N,N,N,N,N,N,N,N,N,N,N,N,N,N,N,N,N,N,N,N,N,N
PDGF2;SIS;PDGF-2;c-sis;IBGC5;PDGFB;SSV,N,N,N,N,N,N,N,N,N,N,N,N,N,N,N,N,N,N,N,N,N,N,N,N,N,N,N,N,N,N,N,N
PGFL;PlGF-2;D12S1900;PIGF;SHGC-10760;PGF;PLGF,B,B,B,N,N,N,N,B,N,N,N,N,N,N,N,N,B,N,N,N,B,B,N,B,N,B,B,N,N,N,B,B
PDGFC;FALLOTEIN;SCDGF,B,B,B,N,N,N,N,B,N,N,N,N,N,N,N,N,B,N,N,N,B,B,N,B,N,B,B,N,N,N,B,B
VEGFA;MVCD1;VPF;VEGF,B,B,B,N,N,N,N,B,N,N,N,N,N,N,N,N,B,N,N,N,B,B,N,B,N,B,B,N,N,N,B,B
VEGFB;VRF;VEGFL,B,B,B,N,N,N,N,B,N,N,N,N,N,N,N,N,B,N,N,N,B,B,N,B,N,B,B,N,N,N,B,B
VRP;Flt4-L;LMPH1D;VEGFC,B,B,B,N,N,N,N,B,N,N,N,N,N,N,N,N,B,N,N,N,B,B,N,B,N,B,B,N,N,N,B,B
SCDGF-B;MSTP036;IEGF;PDGFD;SCDGFB,B,B,B,N,N,N,N,B,N,N,N,N,N,N,N,N,B,N,N,N,B,B,N,B,N,B,B,N,N,N,B,B
SHC2;SCK;SLI;SHCB,A,N,N,N,N,N,N,A,A,N,N,A,N,N,A,N,N,A,N,N,A,A,N,N,N,N,N,N,N,N,A,A
RaLP;SHCD;SHC4,N,N,N,N,N,N,N,N,N,N,N,N,N,N,N,N,N,N,N,N,N,N,N,N,N,N,N,N,N,N,N,N
NSHC;RAI;SHC3;SHCC;N-Shc,A,N,A,N,N,A,N,N,N,N,N,N,N,A,A,N,N,N,N,N,A,A,N,N,N,A,N,N,N,N,A,N
SHCA;SHC;SHC1,A,N,A,N,N,A,N,N,N,N,N,N,N,A,A,N,N,N,N,N,A,A,N,N,N,A,N,N,N,N,A,N
BCAR1;CASS1;P130Cas;CRKAS;CAS;CAS1,C,C,C,N,C,N,N,N,C,N,C,N,C,C,C,N,C,N,C,C,C,C,C,C,C,C,C,C,C,C,C,C
CRKII;CRK;p38,A,A,A,N,A,N,N,N,A,N,A,N,A,A,A,N,N,N,A,A,A,A,A,A,A,A,A,A,A,A,A,A
CRKL,A,A,A,N,N,N,N,N,A,N,A,N,A,A,A,N,N,N,A,A,A,A,A,A,A,A,A,A,A,A,A,A
RAPGEF1;C3G;GRF2,D,D,D,D,D,D,D,D,D,N,D,D,D,D,D,D,D,D,D,D,D,D,D,D,D,D,D,D,D,D,D,D
C21KG;G-22K;KREV-1;RAP1A;RAP1;KREV1;SMGP21,D,D,D,D,D,D,D,D,D,D,D,D,D,D,D,D,D,D,D,D,D,D,D,D,D,D,D,D,D,D,D,D
K-REV;RAL1B;RAP1B,D,D,D,D,D,D,D,D,D,D,D,D,D,D,D,D,D,D,D,D,D,D,D,D,D,D,D,D,D,D,D,D
ced5;DOCK1;DOCK180,B,N,N,N,N,N,N,N,B,N,B,N,N,B,N,B,N,N,B,N,B,B,N,B,B,N,N,N,N,N,B,N
SAPK1;JNK;SAPK1c;PRKM8;JNK21B1/2;MAPK8;JNK1A2;JNK1;JNK-46,D,D,D,D,D,D,D,D,D,D,D,D,D,D,D,D,D,D,D,D,D,D,D,D,D,D,D,D,D,D,D,D
p54aSAPK;MAPK9;p54a;JNK2B;JNK-55;JNK2BETA;SAPK;JNK2;SAPK1a;JNK2ALPHA;JNK2A;PRKM9,D,D,D,D,D,D,D,D,D,D,D,D,D,D,D,D,D,D,D,D,D,D,D,D,D,D,D,D,D,D,D,D
JNK3;SAPK1b;MAPK10;JNK3A;PRKM10;p54bSAPK;p493F12,D,D,D,D,D,D,D,D,D,D,D,D,D,D,D,D,D,D,D,D,D,D,D,D,D,D,D,D,D,D,D,D
JUN;AP1;p39;AP-1;c-Jun,N,N,N,N,N,N,N,N,N,N,N,N,N,N,N,N,N,N,N,N,N,N,N,N,N,N,N,N,N,N,N,N
PAK4,D,D,D,D,D,D,D,D,D,D,D,D,D,D,D,D,D,D,D,D,D,D,D,D,D,D,D,D,D,D,D,D
BUB1B-PAK6,D,D,D,D,D,D,D,D,D,D,D,D,D,D,D,D,D,D,D,D,D,D,D,D,D,D,D,D,D,D,D,D
PAK1;PAKalpha,D,D,D,D,D,D,D,D,D,D,D,D,D,D,D,D,D,D,D,D,D,D,D,D,D,D,D,D,D,D,D,D
PAK65;PAK2;PAKgamma,D,D,D,D,D,D,D,D,D,D,D,D,D,D,D,D,D,D,D,D,D,D,D,D,D,D,D,D,D,D,D,D
PAK-3;beta-PAK;OPHN3;MRX47;MRX30;PAK3;bPAK;ARA;PAK3beta,D,D,D,D,D,D,D,D,D,D,D,D,D,D,D,D,D,D,D,D,D,D,D,D,D,D,D,D,D,D,D,D
PAK6;PAK5,D,D,D,D,D,D,D,D,D,D,D,D,D,D,D,D,D,D,D,D,D,D,D,D,D,D,D,D,D,D,D,D
PAK5;PAK7,D,D,D,D,D,D,D,D,D,D,D,D,D,D,D,D,D,D,D,D,D,D,D,D,D,D,D,D,D,D,D,D
MIG5;RAC1;p21-Rac1;TC-25;Rac-1,D,D,D,D,D,D,D,D,D,D,D,D,D,D,D,D,D,D,D,D,D,D,D,D,D,D,D,D,D,D,D,D
RAC2;Gx;EN-7;p21-Rac2;HSPC022,D,D,D,D,D,D,D,D,D,D,D,D,D,D,D,D,D,D,D,D,D,D,D,D,D,D,D,D,D,D,D,D
RAC3,D,D,D,D,D,D,D,D,D,D,D,D,D,D,D,D,D,D,D,D,D,D,D,D,D,D,D,D,D,D,D,D
VAV3,D,D,D,D,D,D,D,D,D,N,D,D,D,D,D,D,D,D,D,D,D,D,D,D,D,D,D,D,D,D,D,D
VAV1;VAV,D,D,D,D,D,N,D,D,D,N,D,D,D,D,D,D,D,D,D,D,D,D,D,D,D,D,D,D,D,D,D,D
VAV-2;VAV2,D,D,D,D,D,N,D,D,D,N,D,D,D,D,D,D,D,D,D,D,D,D,D,D,D,D,D,D,D,D,D,D
CTNNB1;CTNNB;EVR7;armadillo;MRD19,D,D,D,D,D,D,D,D,D,N,D,D,D,D,D,D,D,D,D,D,D,D,D,D,D,D,D,D,D,D,D,D
GSK3B,D,D,D,D,D,D,D,D,D,D,D,D,D,D,D,D,D,D,D,D,D,D,D,D,D,D,D,D,D,D,D,D
PS1TP5BP1;BRWS1;ACTB,D,D,D,D,D,D,D,D,D,D,D,D,D,D,D,D,D,D,D,D,D,D,D,D,D,D,D,D,D,D,D,D
ACTG1;ACT;DFNA26;HEL-176;ACTG;DFNA20,D,D,D,D,D,D,D,D,D,D,D,D,D,D,D,D,D,D,D,D,D,D,D,D,D,D,D,D,D,D,D,D
