SLC7A11;CCBR1;xCT,N,N,N,N,N,N,N,N,N,N,N,N,N,N,N,N,N,N,N,N,N,N,N,N,N,N,N,N,N,N,N,N
BCC7;LFS1;TP53;P53;TRP53,N,N,N,N,N,N,N,N,N,N,N,N,N,N,N,N,N,N,N,N,N,N,N,N,N,N,N,N,N,N,N,N
GSHPx-4;GPx-4;GPX4;SMDS;snPHGPx;snGPx;PHGPx;MCSP,B,N,B,N,B,N,N,B,N,N,B,B,B,B,B,N,N,N,N,N,N,B,B,N,N,B,N,N,N,N,B,B
POR;VDAC2,N,A,N,N,N,N,N,N,A,N,N,A,N,N,N,N,N,N,N,N,N,N,N,N,N,N,N,N,N,N,A,N
VDAC3;VDAC-3;HD-VDAC3,N,A,N,N,N,N,N,N,A,N,N,A,N,N,N,N,N,N,N,N,N,N,N,N,N,N,N,N,N,N,A,N
GLCL;GCS;GCLC;GCL;GLCLC,A,A,N,N,N,A,A,N,N,N,A,A,A,A,A,A,A,A,N,A,A,N,N,N,A,A,A,N,A,N,A,N
GLCLR;GCLM,A,N,A,N,N,N,N,A,N,N,N,A,N,N,N,N,N,N,N,N,N,N,A,N,N,A,N,N,N,A,A,N
4T2HC;SLC3A2;MDU1;CD98HC;NACAE;4F2;4F2HC;CD98,N,N,B,N,N,N,B,N,N,N,N,N,N,N,N,N,N,N,B,N,N,N,N,N,N,N,N,N,N,N,B,N
TFRC;TFR1;CD71;p90;IMD46;TRFR;TR;T9;TFR,N,N,B,N,N,B,N,N,N,N,N,N,B,N,N,N,N,N,N,N,B,N,B,B,N,N,N,B,N,N,B,B
TF;HEL-S-71p;PRO2086;PRO1557;TFQTL1,N,N,N,N,N,N,N,N,N,N,N,N,N,N,N,N,N,N,N,N,N,N,N,N,N,N,N,N,N,N,N,N
CP;CP-2,N,N,N,N,N,N,N,N,N,N,N,N,N,N,N,N,N,N,N,N,N,N,N,N,N,N,N,N,N,N,N,N
dudlin-2;TSAP6;STMP3;STEAP3;pHyde;AHMIO2;dudulin-2,N,N,N,N,N,N,N,N,N,N,N,N,N,N,N,N,N,N,N,N,N,N,N,N,N,N,N,N,N,N,N,N
GSS;HEL-S-64p;GSHS;HEL-S-88n,B,B,B,N,N,B,N,N,N,N,B,B,N,B,N,B,B,B,B,B,B,B,N,B,B,B,B,N,N,B,B,B
HNRPX;HEL-S-85;HNRPE1;hnRNP-E1;PCBP1;hnRNP-X,N,N,A,N,N,N,A,A,A,N,A,N,A,A,A,A,A,A,A,A,A,A,A,A,A,A,N,A,N,A,A,A
HNRNPE2;hnRNP-E2;HNRPE2;PCBP2,N,N,A,N,N,N,A,A,A,N,A,N,A,A,N,A,A,A,A,A,A,A,A,A,A,A,N,A,N,A,A,A
MTP1;SLC11A3;SLC40A1;IREG1;MSTP079;HFE4;FPN1;MST079,A,A,N,N,N,N,N,A,A,N,A,N,A,A,N,N,A,A,N,A,A,N,N,A,N,A,N,N,N,N,A,N
FTH1;FTHL6;HFE5;PIG15;FTH;PLIF;FHC,N,N,N,N,N,N,N,N,N,N,N,N,N,N,N,N,N,N,N,N,N,N,N,N,N,N,N,N,N,N,N,N
FTL;LFTD;NBIA3,N,N,N,N,N,N,N,N,N,N,N,N,N,N,N,N,N,N,N,N,N,N,N,N,N,N,N,N,N,N,N,N
APG7L;APG7-LIKE;ATG7;GSA7,N,D,D,N,N,N,N,D,D,N,N,N,N,N,D,N,N,N,N,N,N,N,N,N,N,D,N,D,N,N,N,N
APG5L;APG5-LIKE;SCAR25;hAPG5;ATG5;APG5;ASP,N,N,N,N,N,N,N,N,N,N,N,N,N,N,N,N,N,N,N,N,N,N,N,N,N,N,N,N,N,N,N,N
HMNDYT2;ZIP14;SLC39A14;NET34;LZT-Hs4;cig19,D,D,D,N,N,N,N,D,D,N,D,D,N,D,D,D,D,N,D,N,D,N,D,D,D,D,D,D,N,N,D,D
SLC39A8;PP3105;ZIP8;CDG2N;LZT-Hs6;BIGM103,D,D,D,N,N,N,N,D,D,N,D,D,N,D,D,D,D,N,D,N,D,N,D,D,D,D,D,D,N,N,D,D
DMT1;SLC11A2;AHMIO1;NRAMP2;DCT1,D,N,N,N,N,N,D,N,D,N,D,N,N,N,D,N,D,N,N,N,D,N,N,N,N,D,N,N,N,N,D,N
ATG8J;MAP1LC3C;LC3C,N,A,N,N,A,N,N,N,A,N,A,N,A,N,A,N,N,A,N,A,A,N,A,A,A,N,N,A,A,A,A,N
MAP1LC3B;LC3B;MAP1A/1BLC3;MAP1LC3B-a;ATG8F,N,A,N,N,A,N,N,N,A,N,A,N,A,N,A,N,N,A,N,A,A,N,A,A,A,N,N,A,A,A,A,N
MAP1BLC3;MAP1LC3A;LC3;ATG8E;MAP1ALC3;LC3A,N,A,N,N,A,N,N,N,A,N,A,N,A,N,A,N,N,A,N,A,A,N,A,A,A,N,N,A,A,A,A,N
PTC3;ARA70;NCOA4;RFG;ELE1,N,N,N,N,N,N,N,N,N,N,N,N,N,N,N,N,N,N,N,N,N,N,N,N,N,N,N,N,N,N,N,N
SSAT2;SAT2,N,N,B,N,N,N,N,N,N,N,B,N,N,N,B,N,N,N,N,N,N,N,N,N,N,N,N,N,N,B,B,N
SAT1;SAT;DC21;KFSD;KFSDX;SSAT-1;SSAT,N,N,B,N,N,N,N,N,N,N,B,N,N,N,B,N,N,N,N,N,N,N,N,N,N,N,N,N,N,B,B,N
CJD;PrP;PrP33-35C;PrP27-30;KURU;p27-30;AltPrP;GSS;PrPc;PRNP;PRIP;CD230;ASCR,N,N,N,N,N,N,N,N,N,N,N,N,N,N,N,N,N,N,N,N,N,N,N,N,N,N,N,N,N,N,N,N
HMOX1D;bK286B10;HSP32;HO-1;HMOX1,N,N,N,N,N,N,B,N,N,N,B,B,N,B,N,N,N,N,N,N,N,N,N,N,N,N,N,N,N,B,N,N
GP91-1;CGD;AMCBX2;GP91-PHOX;IMD34;CYBB;p91-PHOX;NOX2;GP91PHOX,B,B,B,N,N,B,B,B,B,N,B,B,B,B,B,B,B,B,B,N,B,B,B,B,N,B,B,B,B,B,B,N
ACS1;FACL2;LACS;LACS1;LACS2;ACSL1;FACL1,D,D,D,D,D,D,N,D,D,N,D,D,D,D,D,D,D,D,D,D,D,N,D,D,D,D,D,D,N,D,D,D
LACS3;FACL3;ACS3;LACS_3;PRO2194;ACSL3,D,D,D,D,D,D,N,D,D,N,D,D,D,D,D,D,D,D,D,D,D,N,D,D,D,D,D,D,N,D,D,D
ACSL4;MRX63;FACL4;ACS4;MRX68;LACS4,D,D,D,D,D,D,N,D,D,N,D,D,D,D,D,D,D,D,D,D,D,N,D,D,D,D,D,D,N,D,D,D
FACL6;ACS2;LACS2;LACS5;ACSL6;LACS_6,D,D,D,D,D,D,N,D,D,N,D,D,D,D,D,D,D,D,D,D,D,N,D,D,D,D,D,D,N,D,D,D
FACL5;ACS5;ACSL5;ACS2,D,D,D,D,D,D,N,D,D,N,D,D,D,D,D,D,D,D,D,D,D,N,D,D,D,D,D,D,N,D,D,D
LPLAT_5;LPSAT;C3F;OACT5;LPCAT3;LPCAT;nessy;MBOAT5,A,N,N,N,N,N,N,N,A,N,A,N,N,N,N,N,A,N,A,N,N,N,N,N,N,A,N,N,A,A,A,N
LOG15;15-LOX-1;12-LOX;ALOX15;15-LOX,B,B,N,N,N,N,N,B,B,N,B,B,N,B,B,N,B,N,N,N,B,B,B,N,B,B,N,B,N,N,B,B
FTMT;MTF,N,N,N,N,N,N,N,N,N,N,N,N,N,N,N,N,N,N,N,N,N,N,N,N,N,N,N,N,N,N,N,N
