dJ734G22.2;Pex14p;PEX14;NAPP2;PBD13A,A,N,N,N,N,N,N,N,A,N,N,N,N,N,N,N,N,N,A,A,N,N,N,A,N,N,N,N,N,N,A,A
PMP35;PEX2;PMP3;RNF72;PAF1;PXMP3;ZWS3;PBD5A;PBD5B,N,B,B,N,N,B,B,B,B,N,B,B,N,N,B,B,N,N,B,N,B,N,B,B,B,N,N,N,N,B,B,N
HMLR1;ZWS1;PBD1B;PEX1;PBD1A;ZWS,D,D,D,D,D,D,D,D,D,D,D,D,D,D,D,D,D,D,D,D,D,D,D,D,D,D,D,D,D,D,D,D
HMLR2;PEX6;PAF2;PBD4A;PXAAA1;PDB4B;PAF-2,D,D,D,D,D,D,D,D,D,D,D,D,D,D,D,D,D,D,D,D,D,D,D,D,D,D,D,D,D,D,D,D
PBD7A;PEX26;PEX26M1T;PBD7B;Pex26pM1T,N,N,N,N,N,N,N,N,N,N,N,N,N,N,N,N,N,N,N,N,N,N,N,N,N,N,N,N,N,N,N,N
PBD11B;PEX13;NALD;PBD11A;ZWS,A,A,A,N,N,N,N,N,A,N,A,N,A,A,A,N,N,N,A,A,A,A,A,A,A,A,A,A,A,A,A,A
PBD6B;RNF69;PEX10;PBD6A;NALD,A,A,A,A,N,A,N,A,A,N,A,A,N,A,A,A,A,N,A,A,A,N,A,A,A,A,N,N,A,A,A,A
PAF-3;PBD3A;PEX12,A,A,A,N,A,A,A,A,A,N,N,A,N,A,A,A,N,N,N,A,A,N,N,A,N,A,A,N,N,A,N,N
PXR2B;PEX5R;PXR2;PEX5RP;TRIP8b;PEX5L,D,D,D,D,D,D,D,D,D,N,D,D,D,D,D,D,D,D,D,D,D,D,D,D,D,D,D,D,D,D,D,D
PBD2B;PTS1R;PEX5;PBD2A;RCDP5;PTS1-BP;PXR1,D,D,D,D,D,D,D,D,D,N,D,D,D,D,D,D,D,D,D,D,D,D,D,D,D,D,D,D,D,D,D,D
RCDP1;RD;PTS2R;PBD9B;PEX7,D,D,D,D,D,D,D,D,D,D,D,D,D,D,D,D,D,D,D,D,D,D,D,D,D,D,D,D,D,D,D,D
PEX19;PXF;D1S2223E;HK33;PXMP1;PBD12A;PMP1;PMPI,N,N,N,N,N,N,N,N,N,N,N,N,N,N,N,N,N,N,N,N,N,N,N,N,N,N,N,N,N,N,N,N
PEX14B;PEX11B;PEX11-BETA,N,N,N,N,N,N,N,A,N,N,A,N,N,A,N,N,N,N,N,N,N,N,N,N,N,N,N,N,N,N,N,A
PMP28;PEX11-ALPHA;PEX11A;hsPEX11p,N,N,N,N,N,N,N,A,N,N,A,N,N,A,N,N,N,N,N,N,N,N,N,N,N,N,N,N,N,N,N,A
PEX11G,N,N,N,N,N,N,N,N,N,N,N,N,N,N,N,N,N,N,N,N,N,N,N,N,N,N,N,N,N,N,N,N
PBD8A;PEX16;PBD8B,N,N,N,N,N,N,N,N,N,N,N,N,N,N,N,N,N,N,N,N,N,N,N,N,N,N,N,N,N,N,N,N
PEX3;PBD10B;PBD10A;TRG18,A,N,A,N,N,N,N,N,N,N,A,N,N,N,N,N,N,N,N,A,N,N,N,N,N,N,N,N,N,N,A,A
ABCD3;ZWS2;PXMP1;CBAS5;ABC43;PMP70,D,D,D,D,D,D,D,D,D,N,D,D,D,D,D,D,D,D,D,D,D,D,D,D,D,D,D,D,D,D,D,D
GNPAT;RCDP2;DAP-AT;DHAPAT;DAPAT,N,N,B,N,N,N,B,B,B,N,N,B,N,N,N,N,N,N,N,N,N,N,N,N,N,N,N,N,N,N,B,N
RCDP3;ADAP-S;AGPS;ADPS;ALDHPSY;ADAS;ADHAPS,D,N,D,N,D,D,N,N,D,N,D,N,N,D,N,N,N,D,D,N,N,N,N,D,N,N,N,N,N,N,N,D
PHYH;LN1;LNAP1;RD;PAHX;PHYH1,B,N,N,N,B,N,N,N,N,N,B,N,N,B,N,N,N,N,N,N,B,B,N,N,N,N,N,N,N,N,N,N
PTHIO;ACAA1;ACAA;THIO,D,N,D,N,D,D,D,N,D,N,D,D,D,D,D,N,D,D,D,N,D,D,D,N,D,D,N,D,N,D,D,N
PALMCOX;SCOX;ACOX;ACOX1,N,N,N,N,N,N,N,A,N,N,A,N,N,N,N,N,N,N,A,N,A,N,N,N,N,N,N,N,N,N,N,N
BCOX;BRCACOX;BRCOX;CBAS6;THCCox;ACOX2,N,N,N,N,N,N,N,A,N,N,A,N,N,N,N,N,N,N,A,N,A,N,N,N,N,N,N,N,N,N,N,N
ACOX3,N,N,N,N,N,N,N,A,N,N,A,N,N,N,N,N,N,N,A,N,A,N,N,N,N,N,N,N,N,N,N,N
PRLTS1;MFE-2;HSD17B4;DBP;MPF-2;SDR8C1,D,D,D,D,D,D,D,D,D,N,D,D,D,D,D,D,D,D,D,D,D,D,D,D,D,D,D,D,D,D,D,D
CAT,B,N,B,N,N,B,B,B,B,N,B,B,N,N,B,N,N,N,B,N,B,N,N,N,B,N,N,B,N,N,N,B
SCP-CHI;SCP2;NLTP;SCP-2;NSL-TP;SCP-X;SCPX,D,N,D,N,D,D,N,D,D,N,D,D,D,D,D,N,D,D,N,N,N,D,D,N,D,D,N,D,N,D,D,N
PIPOX;LPIPOX,N,N,N,N,N,N,N,N,N,N,N,N,N,N,N,N,N,N,N,N,N,N,N,N,N,N,N,N,N,N,N,N
AGT;AGXT;SPAT;AGT1;PH1;TLH6;SPT;AGXT1,D,N,N,D,N,N,D,N,D,N,D,D,N,N,D,N,D,N,D,N,N,D,N,D,D,N,N,N,N,D,D,N
RACE;RM;P504S;AMACRD;AMACR;CBAS4,D,N,D,N,N,N,N,D,N,N,N,N,D,D,D,N,D,N,D,N,N,N,N,N,N,N,N,N,N,N,D,N
MVLK;LRBP;MVK;POROK3;MK,N,D,D,N,D,N,D,N,D,N,N,D,D,D,D,D,D,N,N,N,D,D,D,D,N,N,D,N,N,D,D,D
HPXEL;ECH1,D,D,D,N,D,D,D,D,D,N,D,D,D,D,D,N,D,D,D,D,D,D,D,D,N,D,N,D,D,N,D,D
PAOX;PAO,B,B,N,N,N,N,N,B,B,N,B,N,B,B,N,N,N,N,N,N,B,N,B,N,N,N,N,B,N,N,B,N
HUMPMKI;PMKASE;PMK;PMVK;PMKA;POROK1,N,N,N,N,N,N,N,N,N,N,N,N,N,N,N,N,N,N,N,N,N,N,N,N,N,N,N,N,N,N,N,N
COT;CROT,N,N,A,N,A,N,N,N,N,N,A,A,N,N,N,N,N,A,N,N,N,N,N,N,A,A,N,N,A,N,A,N
BAT;BACAT;BAAT,N,N,N,N,N,N,N,N,N,N,N,N,N,N,N,N,N,N,N,N,N,N,N,N,N,N,N,N,N,N,N,N
HL;HMGCL,N,N,B,N,N,N,B,N,N,N,B,N,N,N,N,N,N,N,N,N,N,N,N,N,N,B,N,N,N,N,N,N
bA418P12.1;HMGCLL1;er-cHL,N,N,B,N,N,N,B,N,N,N,B,N,N,N,N,N,N,N,N,N,N,N,N,N,N,B,N,N,N,N,N,N
CAT1;CAT;CRAT,N,N,A,N,A,N,N,N,N,N,A,A,N,N,N,N,N,A,N,N,N,N,N,N,A,A,N,N,A,N,A,N
DAO;OXDA;DAMOX;DAAO,N,N,N,N,N,N,N,N,N,N,N,N,N,N,N,N,N,N,N,N,N,N,N,N,N,N,N,N,N,N,N,N
DDO-1;DDO-2;DASOX;DDO,N,N,N,N,N,N,N,N,N,N,N,N,N,N,N,N,N,N,N,N,N,N,N,N,N,N,N,N,N,N,N,N
SCAD-SRL;PHCR;PSCD;CR;SDR25C2;NRDR;DHRS4;SDR25C1;SDR-SRL,D,D,D,D,D,D,D,D,D,N,D,D,D,D,D,D,D,D,D,D,D,D,D,D,D,D,D,D,D,D,D,D
SDR25C4;DHRS4L1,D,D,D,N,D,D,D,D,D,N,D,D,D,D,D,D,N,D,D,D,D,D,D,D,N,D,N,D,D,D,D,D
MLYCD;MCD,N,B,N,N,B,N,N,N,N,N,N,N,N,B,N,N,N,N,N,N,N,N,N,N,N,N,N,N,N,N,B,B
HACL1;PHYH2;2-HPCL;HPCL;HPCL2,N,D,N,N,N,N,N,D,D,N,D,N,N,N,N,N,N,N,N,N,N,N,N,N,D,N,N,N,N,N,D,N
PBFE;LBP;L-PBE;ECHD;FRTS3;EHHADH;LBFP,D,D,D,N,N,N,D,D,D,N,D,D,D,D,D,D,D,D,D,D,D,D,D,D,N,D,N,D,D,N,D,D
DCRRP;PVIARL;HSA250303;SDR29C1;TERP;PECR;HPDHASE,D,D,D,D,D,D,D,D,D,N,D,D,D,D,D,D,D,D,D,D,D,D,D,D,D,D,D,D,D,D,D,D
dJ1013A10.3;DRS-1;DRS1;ACBD2;ECI2;PECI;HCA88,D,D,D,D,D,D,D,D,D,N,D,D,D,D,D,D,D,D,D,D,D,D,D,D,D,D,D,D,D,D,D,D
NUDT12,D,D,D,D,D,D,D,D,D,N,D,D,D,D,D,D,D,D,D,D,D,D,D,D,D,D,D,D,D,D,D,D
PTE2;PTE1;PTE-1;hACTE-III;ACOT8;PTE-2;hTE;HNAACTE;NAP1,N,N,A,N,N,N,N,N,N,N,A,N,N,N,N,N,A,N,N,N,A,N,N,N,A,N,N,N,N,N,N,N
RP2;NUDT19,N,N,N,N,N,N,N,N,N,N,N,N,N,N,N,N,N,N,N,N,N,N,N,N,N,N,N,N,N,N,N,N
PDCR;DECR2;SDR17C1,D,D,D,D,D,D,D,D,D,N,D,D,D,D,D,D,D,D,D,D,D,D,D,D,D,D,D,D,D,D,D,D
AMN;ALD;ABC42;ABCD1;ALDP,D,D,D,D,D,D,D,D,D,N,D,D,D,D,D,D,D,D,D,D,D,D,D,D,D,D,D,D,D,D,D,D
ABCD2;ALDL1;ALDRP;ABC39;hALDR;ALDR,D,D,D,D,D,D,D,D,D,N,D,D,D,D,D,D,D,D,D,D,D,D,D,D,D,D,D,D,D,D,D,D
PMP69;ABCD4;P79R;ABC41;P70R;PXMP1L;EST352188;MAHCJ,D,D,D,D,D,D,D,D,D,N,D,D,D,D,D,D,D,D,D,D,D,D,D,D,D,D,D,D,D,D,D,D
ACS1;FACL2;LACS;LACS1;LACS2;ACSL1;FACL1,D,D,D,D,D,D,N,D,D,N,D,D,D,D,D,D,D,D,D,D,D,N,D,D,D,D,D,D,N,D,D,D
LACS3;FACL3;ACS3;LACS_3;PRO2194;ACSL3,D,D,D,D,D,D,N,D,D,N,D,D,D,D,D,D,D,D,D,D,D,N,D,D,D,D,D,D,N,D,D,D
ACSL4;MRX63;FACL4;ACS4;MRX68;LACS4,D,D,D,D,D,D,N,D,D,N,D,D,D,D,D,D,D,D,D,D,D,N,D,D,D,D,D,D,N,D,D,D
FACL6;ACS2;LACS2;LACS5;ACSL6;LACS_6,D,D,D,D,D,D,N,D,D,N,D,D,D,D,D,D,D,D,D,D,D,N,D,D,D,D,D,D,N,D,D,D
FACL5;ACS5;ACSL5;ACS2,D,D,D,D,D,D,N,D,D,N,D,D,D,D,D,D,D,D,D,D,D,N,D,D,D,D,D,D,N,D,D,D
FATP2;FACVL1;hFACVL1;VLACS;HsT17226;ACSVL1;SLC27A2;VLCS,D,D,D,N,D,D,N,D,D,N,D,D,D,D,D,D,D,N,D,D,D,N,D,D,D,D,D,D,N,D,D,D
IDPC;IDH;IDP;IDCD;HEL-S-26;HEL-216;PICD;IDH1,A,N,N,N,N,N,N,N,A,N,N,N,N,N,N,A,A,N,N,N,N,N,A,N,N,N,N,N,N,N,A,N
D2HGA2;mNADP-IDH;IDH;ICD-M;IDP;IDHM;IDPM;IDH2,A,N,N,N,N,N,N,N,A,N,N,N,N,N,N,A,A,N,N,N,N,N,A,N,N,N,N,N,N,N,A,N
HAOX2;HAO2;GIG16,D,D,D,D,D,D,D,D,D,N,D,D,D,D,D,D,D,D,D,D,D,D,D,D,D,D,N,D,D,D,D,D
GOX1;GOX;HAO1;HAOX1,D,D,D,D,D,D,D,D,D,N,D,D,D,D,D,D,D,D,D,D,D,D,D,D,D,D,N,D,D,D,D,D
XO;XDH;XAN1;XOR,N,N,N,N,N,N,N,B,N,N,B,N,N,B,N,N,N,N,N,N,B,N,N,N,N,N,N,N,N,N,B,B
MLSTD1;FAR2;HEL-S-81;SDR10E2,D,D,D,N,N,N,N,N,D,N,N,N,N,D,N,N,N,N,N,N,D,N,N,N,D,D,D,N,N,D,D,D
FAR1;SDR10E1;PFCRD;MLSTD2,D,D,D,N,N,N,N,N,D,N,N,N,N,D,N,N,N,N,N,N,D,N,N,N,D,D,D,N,N,D,D,D
AOEB166;PLP;PRDX5;PRDX6;PMP20;PRXV;SBBI10;HEL-S-55;prx-V;B166;ACR1,N,A,A,N,N,N,A,A,A,N,A,N,A,A,N,A,A,N,N,A,A,N,N,N,A,N,N,A,N,N,N,A
homodimer;IPOA;ALS;SOD;SOD1;ALS1;HEL-S-44;hSod1,N,B,N,N,N,N,B,N,B,N,B,B,B,N,N,N,B,N,N,N,N,N,N,N,N,N,N,B,N,N,B,B
SOD2;IPO-B;MNSOD;Mn-SOD;IPOB;MVCD6,D,D,D,D,D,D,D,D,D,N,D,D,D,D,D,D,D,D,D,D,D,D,D,D,D,D,D,D,D,D,D,D
GST13;hGSTK1;GST_13-13;GST13-13;GSTK1;GST;GSTK1-1,N,N,N,N,N,N,N,N,N,N,N,N,N,N,N,N,N,N,N,N,N,N,N,N,N,N,N,N,N,N,N,N
CEH;EPHX2;SEH,D,N,N,D,N,D,D,D,D,N,D,N,N,N,D,D,D,N,D,N,D,N,D,N,N,D,N,D,D,N,N,D
INOS;NOS;NOS2A;HEP-NOS;NOS2,B,B,B,B,B,N,B,B,N,N,B,N,B,B,B,B,B,B,N,N,B,B,N,N,N,B,N,N,B,B,B,B
NKEF-A;MSP23;TDPX2;NKEFA;PRXI;PRX1;PAGB;PAGA;PRDX1;PAG,D,N,D,N,D,D,N,D,D,N,D,D,N,D,D,N,D,N,N,N,N,D,D,D,N,D,N,N,D,N,D,N
PXMP2;PMP22,A,N,N,N,N,A,N,A,N,N,A,N,A,N,N,N,N,N,N,N,N,N,N,N,N,N,N,N,N,N,N,N
MPV17L1;M-LPH;MLPH1;MPV17L;MLPH2,A,N,N,N,N,A,N,A,N,N,A,N,A,N,N,N,N,N,N,N,N,N,N,N,N,N,N,N,N,N,N,N
MTDPS6;MPV17;SYM1,A,N,N,N,N,A,N,A,N,N,A,N,A,N,N,N,N,N,N,N,N,N,N,N,N,N,N,N,N,N,N,N
MPV17L2;FKSG24,A,N,N,N,N,A,N,A,N,N,A,N,A,N,N,N,N,N,N,N,N,N,N,N,N,N,N,N,N,N,N,N
PMP24;PXMP4,A,N,N,N,A,N,N,A,A,N,N,A,N,N,A,N,N,N,A,N,N,N,A,N,N,A,N,N,N,A,A,N
PMP34;SLC25A17,B,B,B,N,B,B,B,B,B,N,B,B,B,B,B,B,B,B,B,B,B,B,B,B,B,B,B,B,B,B,B,B
NUDT7,D,N,N,N,N,N,N,N,D,N,D,N,N,N,N,N,N,N,N,D,N,N,N,N,N,N,N,N,N,N,N,N
