NIT2;HEL-S-8a,N,N,N,N,N,N,N,N,N,N,N,N,N,N,N,N,N,N,N,N,N,N,N,N,N,N,N,N,N,N,N,N
ASNS;TS11;ASNSD,N,B,N,B,N,N,N,B,N,N,N,N,N,N,N,N,N,N,N,N,N,N,N,N,N,N,N,N,N,N,B,N
NAT8-LIKE;NACED;NAT8L;CML3,N,N,N,N,N,N,N,N,N,N,N,N,N,N,N,N,N,N,N,N,N,N,N,N,N,N,N,N,N,N,N,N
FIG1;LAO;IL4I1;LAAO,A,N,N,N,N,N,N,N,N,N,A,N,N,A,N,N,N,N,N,N,A,N,N,N,N,N,N,N,N,N,A,N
ASTQTL1;AST1;cAspAT;cCAT;GIG18;GOT1,N,N,D,D,N,N,D,D,N,N,D,N,D,N,N,D,D,N,N,D,D,N,N,N,D,D,N,N,N,N,D,N
mitAAT;KYAT4;KAT4;KATIV;GOT2,N,N,D,D,N,N,D,D,N,N,D,N,D,N,N,D,D,N,N,D,D,N,N,N,D,D,N,N,N,N,D,N
DDO-1;DDO-2;DASOX;DDO,N,N,N,N,N,N,N,N,N,N,N,N,N,N,N,N,N,N,N,N,N,N,N,N,N,N,N,N,N,N,N,N
ASS1;CTLN1;ASS,N,N,N,N,D,N,D,N,D,N,D,N,D,D,N,N,N,D,N,D,N,D,N,D,D,N,N,D,N,N,N,D
MPD5;ADSSL1,D,D,D,N,N,D,D,D,N,N,D,D,N,D,D,D,D,D,D,N,D,N,N,D,D,D,D,N,N,N,D,D
ADSS;ADSS_2;ADEH,D,D,D,N,N,D,D,D,N,N,D,D,N,D,D,D,D,D,D,N,D,N,N,D,D,D,D,N,N,N,D,D
ASAL;ASL,A,N,N,N,N,A,N,N,N,N,A,N,N,N,A,N,A,N,N,N,N,N,N,N,N,N,N,N,N,N,N,A
ASL;ADSL;AMPS;ASASE,N,N,N,N,N,N,N,N,N,N,N,N,N,N,N,N,N,N,N,N,N,N,N,N,N,N,N,N,N,N,N,N
AGT;AGXT;SPAT;AGT1;PH1;TLH6;SPT;AGXT1,D,N,N,D,N,N,D,N,D,N,D,D,N,N,D,N,D,N,D,N,N,D,N,D,D,N,N,N,N,D,D,N
BAIBA;DAIBAT;AGT2;AGXT2,D,D,D,N,N,D,N,D,D,N,D,D,D,D,D,D,D,D,D,D,D,D,D,D,N,D,D,D,D,D,D,D
ALT1;AAT1;GPT1;GPT,D,N,N,N,N,D,N,N,D,N,N,D,D,N,N,N,N,N,N,N,N,N,N,N,N,N,N,D,N,N,D,N
ALT2;GPT_2;GPT2;MRT49,D,N,N,N,N,D,N,N,D,N,N,D,D,N,N,N,N,N,N,N,N,N,N,N,N,N,N,D,N,N,D,N
GATD4;CDG1Z;CAD;EIEE50,N,D,N,D,N,D,D,N,N,N,N,D,N,D,N,D,D,D,D,D,N,D,D,D,D,N,D,D,N,D,N,N
ALDH5A1;SSADH;SSDH,D,D,D,N,D,D,D,D,D,N,D,D,D,D,D,D,D,D,D,D,D,D,D,D,D,D,D,D,D,D,D,N
GDH;GLUD1;GLUD;GDH1,N,D,N,N,N,N,N,N,D,N,N,N,D,D,N,N,N,D,N,N,N,N,N,D,N,N,N,N,N,N,N,N
GLUD2;GDH2;GLUDP1,N,D,N,N,N,N,N,N,D,N,N,N,D,D,N,N,N,D,N,N,N,N,N,D,N,N,N,N,N,N,N,N
GABAT;NPD009;GABA-AT;ABAT,D,N,N,N,N,N,N,N,D,N,D,D,D,N,D,N,N,D,N,N,N,N,N,D,N,D,N,D,N,N,N,N
SCP;GAD;CPSQ1;GAD1,N,N,N,N,N,N,N,N,N,N,N,N,N,N,N,N,N,N,N,N,N,N,N,N,N,N,N,N,N,N,N,N
GAD2;GAD65,N,N,N,N,N,N,N,N,N,N,N,N,N,N,N,N,N,N,N,N,N,N,N,N,N,N,N,N,N,N,N,N
PIG59;GS;PIG43;GLUL;GLNS,N,N,N,N,N,N,N,N,N,N,N,N,N,N,N,N,N,N,N,N,N,N,N,N,N,N,N,N,N,N,N,N
LGA;hLGA;GLS;GLS2;GA,D,D,D,D,D,D,D,D,D,N,D,D,D,D,D,D,D,D,D,D,D,D,D,D,D,D,D,D,D,D,D,D
GLS;KGA;GAM;AAD20;GLS1;GAC,D,D,D,D,D,D,D,D,D,N,D,D,D,D,D,D,D,D,D,D,D,D,D,D,D,D,D,D,D,D,D,D
CPS1;CPSASE1;PHN,N,D,N,N,N,D,D,N,N,N,N,D,N,D,N,D,D,D,D,D,N,D,N,D,D,N,D,D,N,D,N,N
P5CD;ALDH4;ALDH4A1;P5CDh,D,D,D,N,D,D,D,D,D,N,D,D,D,D,D,D,D,D,D,D,D,D,D,D,D,D,D,N,N,D,D,N
GFPT1;MSLG;CMSTA1;GFAT;GFPT1L;GFAT_1;GFAT1;GFPT;GFAT1m;CMS12;GFA,N,B,N,B,N,N,N,B,N,N,N,N,N,N,N,N,N,N,N,N,N,N,N,N,N,N,N,N,N,N,B,N
GFAT_2;GFPT2;GFAT;GFAT2,N,B,N,B,N,N,N,B,N,N,N,N,N,N,N,N,N,N,N,N,N,N,N,N,N,N,N,N,N,N,B,N
PPAT;PRAT;GPAT;ATASE,N,N,N,N,N,N,N,N,N,N,N,N,N,N,N,N,N,N,N,N,N,N,N,N,N,N,N,N,N,N,N,N
ASPA;ACY2;ASP,D,N,N,N,N,N,N,N,N,N,D,N,D,N,N,N,N,D,N,N,N,N,N,N,N,N,N,N,N,N,D,N
RIMKLA;NAAGS;NAAGS-II;FAM80A,N,N,N,N,N,N,N,N,N,N,N,N,N,N,N,N,N,N,N,N,N,N,N,N,N,N,N,N,N,N,N,N
RIMKLB;NAAGS;NAAGS-I;FAM80B,N,N,N,N,N,N,N,N,N,N,N,N,N,N,N,N,N,N,N,N,N,N,N,N,N,N,N,N,N,N,N,N
GCP2;NAALAdase;FOLH;FGCP;FOLH1;mGCP;GCPII;NAALAD1;PSMA;PSM,N,N,B,N,N,B,N,N,N,N,N,N,B,N,N,N,N,N,N,N,B,N,B,B,N,N,N,B,N,N,B,B
