POLR2B;RPB2;hRPB140;POL2RB,N,N,N,N,N,D,D,D,D,N,D,N,N,N,D,D,D,D,N,D,D,N,D,N,D,D,D,D,D,D,D,N
RpIILS;POLR2A;hRPB220;hsRPB1;POLRA;RPB1;RPO2;RPBh1;RPOL2;POLR2,D,D,D,N,D,D,D,D,D,D,D,D,D,D,D,D,D,D,D,D,D,D,D,D,D,D,D,D,D,D,D,D
hsRPB3;POLR2C;hRPB33;RPB31;RPB3,N,D,D,D,D,N,N,N,D,D,D,D,D,D,D,D,D,D,D,D,D,N,N,D,D,D,D,D,N,N,D,D
RPB16;POLR2D;HSRPB4;RBP4;HSRBP4,N,A,A,N,N,N,A,N,N,N,N,N,N,N,N,N,A,N,N,N,N,N,N,N,N,N,N,N,N,N,A,N
RPB5;POLR2E;hsRPB5;hRPB25;RPABC1;XAP4,D,D,D,N,N,N,N,D,D,N,N,N,N,N,N,D,D,D,D,D,N,D,N,D,N,N,N,N,D,D,D,N
RPC15;RPABC2;POLRF;RPABC14.4;RPB6;POLR2F;HRBP14.4;RPB14.4,D,D,N,N,D,D,D,D,D,D,N,D,D,N,N,D,D,D,D,D,N,N,D,D,D,D,N,N,N,N,D,N
hsRPB7;RPB7;POLR2G;hRPB19;RPB19,N,D,N,N,N,N,N,D,N,N,N,N,N,N,N,N,N,D,N,N,N,N,N,N,N,N,N,D,N,N,D,N
RPB8;POLR2H;RPB17;RPABC3,A,A,N,A,A,A,N,A,A,N,N,N,N,A,A,A,A,A,A,A,A,N,A,A,N,A,A,N,N,A,N,N
hRPB14.5;POLR2I;RPB9,N,D,D,D,N,N,N,D,D,N,N,D,D,N,N,D,D,N,N,D,D,D,N,D,N,N,D,D,N,D,D,D
RBP10;RPB10beta;POLR2L;RPABC5;RPB7.6;hRPB7.6;RPB10,N,D,N,N,D,D,D,N,D,D,D,D,D,D,N,D,D,D,D,D,D,N,N,N,D,D,D,D,D,D,D,D
HRPB11B;RPB11b1;POLR2J2,D,N,N,D,D,N,D,D,D,D,D,D,D,D,D,D,N,D,N,D,D,D,N,N,N,N,N,D,N,D,D,N
hRPB14;RPB11;POLR2J;POLR2J1;RPB11A;RPB11m,D,N,N,D,D,N,D,D,D,D,D,D,D,D,D,D,N,D,N,D,D,D,N,N,N,N,N,D,N,D,D,N
POLR2J2;RPB11b2;RPB11b1;POLR2J3,D,N,N,D,D,N,D,D,D,D,D,D,D,D,D,D,N,D,N,D,D,D,N,N,N,N,N,D,N,D,D,N
RPABC4;ABC10-alpha;hsRPB10a;hRPB7.0;RPB7.0;RPB10alpha;RPB12;POLR2K,N,B,N,N,N,N,N,B,N,B,B,N,B,B,N,B,N,N,N,N,N,N,N,B,N,N,N,N,N,N,N,N
POLR3B;INMAP;C128;RPC2;HLD8,N,N,N,N,N,D,D,D,D,N,D,N,N,N,D,D,D,D,N,D,D,N,D,N,D,D,D,D,D,D,D,N
HLD7;RPC155;hRPC155;ADDH;POLR3A;RPC1,D,D,D,N,N,N,D,N,D,D,D,N,D,D,D,N,D,D,N,D,N,D,D,D,D,D,N,D,D,D,D,N
RPC3;RPC62;POLR3C,A,N,A,N,A,N,N,A,N,A,A,A,N,N,A,N,N,A,N,N,N,A,N,A,N,N,N,N,A,A,A,N
RPC4;TSBN51;BN51T;RPC53;POLR3D,A,N,A,N,N,N,N,A,A,N,A,A,N,A,N,N,A,N,A,N,N,N,N,A,A,N,A,A,N,A,N,A
RPC40;RPA5;TCS3;RPA39;HLD11;RPA40;RPAC1;AC40;POLR1C,N,D,D,D,D,N,N,N,D,D,D,D,D,D,D,D,D,D,D,D,D,N,N,D,D,D,D,D,N,N,D,D
C11-RNP3;RPC11;My010;C11;RPC10;RPC12.5;POLR3K,N,D,D,D,N,N,N,D,D,N,N,D,D,N,N,D,D,N,N,D,D,D,N,D,N,N,D,D,N,D,D,D
RPA16;AC19;TCS2;RPO1-3;RPA9;POLR1D;RPC16;RPAC2;POLR1C,D,N,N,D,D,N,D,D,D,D,D,D,D,D,D,D,N,D,N,D,D,D,N,N,N,N,N,D,N,D,D,N
POLR3H;RPC8;RPC22.9,N,D,N,N,N,N,N,D,N,N,N,N,N,N,N,N,N,D,N,N,N,N,N,N,N,N,N,D,N,N,D,N
POLR3G;RPC7;RPC32,N,N,N,N,N,N,N,N,N,N,N,N,N,N,N,N,N,N,N,N,N,N,N,N,N,N,N,N,N,N,N,N
RPC32HOM;POLR3GL;flj32422,N,N,N,N,N,N,N,N,N,N,N,N,N,N,N,N,N,N,N,N,N,N,N,N,N,N,N,N,N,N,N,N
RPC6;RPC39;POLR3F,A,A,A,N,A,A,A,N,A,N,A,A,N,A,N,A,A,A,A,A,A,A,A,N,N,A,A,A,A,A,A,N
POLR1B;RPA2;Rpo1-2;RPA135,N,N,N,N,N,D,D,D,D,N,D,N,N,N,D,D,D,D,N,D,D,N,D,N,D,D,D,D,D,D,D,N
RPO14;RPO1-4;AFDCIN;POLR1A;A190;RPA1;RPA194,D,D,D,N,N,N,D,N,D,D,D,N,D,D,D,N,D,D,N,D,N,D,D,D,D,D,N,D,D,D,D,N
TCTEX6;HTEX-6;HTEX6;Rpa12;ZNRD1;TEX6;ZR14;hZR14;tctex-6,N,D,D,D,N,N,N,D,D,N,N,D,D,N,N,D,D,N,N,D,D,N,N,D,N,N,D,D,N,D,D,D
TWISTNB,C,C,N,C,N,N,N,N,N,N,C,C,N,N,C,N,C,N,C,N,C,C,C,C,C,N,N,C,C,C,C,C
POLR1E;PAF53;PRAF1,N,N,N,N,N,N,N,N,N,N,N,N,N,N,N,N,N,N,N,N,N,N,N,N,N,N,N,N,N,N,N,N
31,N,C,C,C,N,N,N,C,N,N,N,N,N,N,C,N,C,N,N,N,N,N,N,N,C,N,N,N,N,N,C,N
SIN;RPC5;POLR3E,N,C,C,C,N,N,N,C,N,N,N,N,N,N,C,N,C,N,N,N,N,N,N,N,C,N,N,N,N,N,C,N
