narG,N,N,N,N,N,N,N,N,N,N,N,N,N,N,N,N,N,N,N,N,N,N,N,N,N,N,N,N,N,N,N,N
narH,N,N,N,N,N,N,N,N,N,N,N,N,N,N,N,N,N,N,N,N,N,N,N,N,N,N,N,N,N,N,N,N
narI,N,N,N,N,N,N,N,N,N,N,N,N,N,N,N,N,N,N,N,N,N,N,N,N,N,N,N,N,N,N,N,N
narV,N,N,N,N,N,N,N,N,N,N,N,N,N,N,N,N,N,N,N,N,N,N,N,N,N,N,N,N,N,N,N,N
narY,N,N,N,N,N,N,N,N,N,N,N,N,N,N,N,N,N,N,N,N,N,N,N,N,N,N,N,N,N,N,N,N
narZ,N,N,N,N,N,N,N,N,N,N,N,N,N,N,N,N,N,N,N,N,N,N,N,N,N,N,N,N,N,N,N,N
napB,N,N,N,N,N,N,N,N,N,N,N,N,N,N,N,N,N,N,N,N,N,N,N,N,N,N,N,N,N,N,N,N
napA,N,N,N,N,N,N,N,N,N,N,N,N,N,N,N,N,N,N,N,N,N,N,N,N,N,N,N,N,N,N,N,N
hcp,N,N,N,N,N,N,N,N,N,N,N,N,N,N,N,N,N,N,N,N,N,N,N,N,N,N,N,N,N,N,N,N
nrfA,N,N,N,N,N,N,N,N,N,N,N,N,N,N,N,N,N,N,N,N,N,N,N,N,N,N,N,N,N,N,N,N
cynS,N,N,N,N,N,N,N,N,A,N,A,N,A,N,N,N,N,A,N,N,N,N,A,N,N,N,N,A,N,N,N,N
can,D,N,N,N,D,N,N,D,N,N,D,D,N,N,D,N,N,N,N,N,N,N,N,D,N,N,N,N,N,N,N,N
cynT,D,N,N,N,D,N,N,D,N,N,D,D,N,N,D,N,N,N,N,N,N,N,N,D,N,N,N,N,N,N,N,N
yahI,N,N,N,N,N,N,N,N,N,N,N,N,N,N,N,N,N,N,N,N,N,N,N,N,N,N,N,N,N,N,N,N
ybcF,N,N,N,N,N,N,N,N,N,N,N,N,N,N,N,N,N,N,N,N,N,N,N,N,N,N,N,N,N,N,N,N
yqeA,N,N,N,N,N,N,N,N,N,N,N,N,N,N,N,N,N,N,N,N,N,N,N,N,N,N,N,N,N,N,N,N
narK,N,N,N,N,N,N,N,N,N,N,N,N,N,N,N,N,N,N,N,N,N,N,N,N,N,N,N,N,N,N,N,N
narU,N,N,N,N,N,N,N,N,N,N,N,N,N,N,N,N,N,N,N,N,N,N,N,N,N,N,N,N,N,N,N,N
glnA,N,N,N,N,N,N,N,N,N,N,N,N,N,N,N,N,N,N,N,N,N,N,N,N,N,N,N,N,N,N,N,N
gltB,D,N,N,N,N,N,N,N,N,N,D,N,D,D,D,N,N,N,N,N,N,N,N,N,N,N,N,N,D,N,N,N
gltD,D,N,N,N,D,N,D,D,N,N,D,N,D,D,D,N,D,D,N,D,D,D,D,D,D,N,N,N,D,N,N,D
gdhA,N,D,N,N,N,N,N,N,D,N,N,N,D,D,N,N,N,D,N,N,N,N,N,D,N,N,N,N,N,N,N,N
nirB,N,N,N,N,N,N,N,N,N,N,N,N,N,N,N,N,N,N,N,N,N,N,N,N,N,N,N,N,N,N,N,N
nirD,D,N,N,N,N,N,N,D,N,N,N,N,N,N,N,D,N,N,N,N,D,N,N,N,N,N,N,N,N,N,N,N
