1,N,N,N,N,N,N,N,N,N,N,N,N,N,N,N,N,N,N,N,N,N,N,N,N,N,N,N,N,N,N,N,N
2,N,N,N,N,N,B,N,N,N,N,B,N,N,B,N,N,N,N,N,B,N,N,N,N,N,B,N,N,N,N,N,N
3,D,D,D,N,D,D,D,D,D,N,D,D,D,D,D,D,D,D,D,D,D,D,D,D,D,D,D,D,D,D,D,N
4,N,D,D,N,N,D,D,D,D,N,N,D,N,D,N,D,D,D,D,D,D,D,N,D,D,N,D,D,N,D,D,N
5,N,N,B,N,N,N,N,B,B,N,N,N,N,N,N,N,B,B,N,B,B,N,N,N,N,N,N,B,N,N,B,N
6,N,N,N,N,N,N,N,N,N,N,N,N,N,N,N,N,N,N,N,N,N,N,N,N,N,N,N,N,N,N,N,N
7,N,N,N,N,N,N,N,N,N,N,N,N,N,N,N,N,N,N,N,N,N,N,N,N,N,N,N,N,N,N,N,N
8,N,N,N,N,N,N,N,N,N,N,N,N,N,N,N,N,N,N,N,N,N,N,N,N,N,N,N,N,N,N,N,N
9,N,N,N,N,N,N,N,N,N,N,N,N,N,N,N,N,N,N,N,N,N,N,N,N,N,N,N,N,N,N,N,N
10,D,D,D,D,D,D,N,D,D,N,D,D,D,D,D,D,D,D,D,D,D,N,D,D,D,D,D,D,N,D,D,D
11,N,N,D,N,D,N,D,N,D,N,D,D,N,N,N,N,D,N,N,D,N,N,D,N,N,N,D,N,N,N,N,N
12,N,N,D,N,N,D,N,N,D,N,D,D,D,D,D,N,D,D,N,N,N,D,D,N,D,D,N,D,N,D,D,N
13,N,N,B,N,N,N,B,B,B,N,B,N,N,N,N,N,B,B,N,B,B,N,N,N,N,B,N,B,N,N,B,N
14,N,N,B,N,N,N,B,B,B,N,B,N,N,N,N,N,B,B,N,B,B,N,N,N,N,B,N,B,N,N,B,N
15,B,N,N,N,N,N,N,N,N,N,B,N,N,B,N,N,N,N,N,N,N,B,N,N,B,N,N,N,N,N,N,N
16,D,N,D,N,D,N,N,D,N,N,N,N,D,N,N,D,D,D,N,D,N,N,N,N,N,N,D,N,N,N,N,D
17,D,N,D,N,D,N,N,D,N,N,N,N,D,N,N,D,D,D,N,D,N,N,N,N,N,N,D,N,N,N,N,D
18,D,N,D,N,D,N,N,D,N,N,N,N,D,N,N,D,D,D,N,D,N,N,N,N,N,N,D,N,N,N,N,D
19,D,N,D,N,D,N,N,D,N,N,N,N,D,N,N,D,D,D,N,D,N,N,N,N,N,N,D,N,N,N,N,D
20,N,N,N,N,N,N,N,N,N,N,N,N,N,N,N,N,N,N,N,N,N,N,N,N,N,N,N,N,N,N,N,N
21,N,N,N,N,N,N,N,N,N,N,N,N,N,N,N,N,N,N,N,N,N,N,N,N,N,N,N,N,N,N,N,N
