COLGALT2;C1orf17;GLT25D2,B,B,B,N,N,N,B,B,B,N,B,N,B,B,N,N,B,N,B,N,B,B,N,N,N,N,N,N,N,N,B,B
COLGALT1;GLT25D1,B,B,B,N,N,N,B,B,B,N,B,N,B,B,N,N,B,N,B,N,B,B,N,N,N,N,N,N,N,N,B,B
PLOD3;LH3,D,D,D,D,D,D,D,D,D,N,D,D,D,D,D,D,D,D,D,D,D,D,D,D,D,D,D,D,D,D,D,D
B3GLCT;B3Glc-T;Gal-T;B3GALTL;B3GTL;beta3Glc-T,N,N,N,N,N,N,N,N,N,N,N,N,N,N,N,N,N,N,N,N,N,N,N,N,N,N,N,N,N,N,N,N
SIAT1;ST6GalI;ST6N;ST6GAL1,N,N,N,N,N,N,N,N,N,N,N,N,N,N,N,N,N,N,N,N,N,N,N,N,N,N,N,N,N,N,N,N
ST3GALII;EIEE15;ST3Gal_III;ST3GalIII;SIAT6;ST3N;ST3GAL3;MRT12,N,N,N,N,N,N,N,N,N,N,N,N,N,N,N,N,N,N,N,N,N,N,N,N,N,N,N,N,N,N,N,N
ST6GalII;SIAT2;ST6GAL2,N,N,N,N,N,N,N,N,N,N,N,N,N,N,N,N,N,N,N,N,N,N,N,N,N,N,N,N,N,N,N,N
LFNG;SCDO3,N,N,N,N,N,N,N,N,N,N,N,N,N,N,N,N,N,N,N,N,N,N,N,N,N,N,N,N,N,N,N,N
MFNG,N,N,N,N,N,N,N,N,N,N,N,N,N,N,N,N,N,N,N,N,N,N,N,N,N,N,N,N,N,N,N,N
RFNG,N,N,N,N,N,N,N,N,N,N,N,N,N,N,N,N,N,N,N,N,N,N,N,N,N,N,N,N,N,N,N,N
GGTB2;GTB;B4GAL-T1;GT1;beta4Gal-T1;CDG2D;B4GALT1,N,N,N,N,N,N,N,N,N,N,N,N,N,N,N,N,N,N,N,N,N,N,N,N,N,N,N,N,N,N,N,N
B4GALT3;beta4Gal-T3,N,N,N,N,N,N,N,N,N,N,N,N,N,N,N,N,N,N,N,N,N,N,N,N,N,N,N,N,N,N,N,N
B4Gal-T3;B4Gal-T2;B4GALT2;beta4Gal-T2,N,N,N,N,N,N,N,N,N,N,N,N,N,N,N,N,N,N,N,N,N,N,N,N,N,N,N,N,N,N,N,N
C21orf80;POFUT2;FUT13,N,N,N,N,N,N,N,N,N,N,N,N,N,N,N,N,N,N,N,N,N,N,N,N,N,N,N,N,N,N,N,N
FUT12;DDD2;O-FUT;O-Fuc-T;POFUT1;OFUCT1;O-FucT-1,N,N,N,N,N,N,N,N,N,N,N,N,N,N,N,N,N,N,N,N,N,N,N,N,N,N,N,N,N,N,N,N
Rumi;CLP46;KTELC1;C3orf9;MDSRP;hCLP46;POGLUT1;MDS010;LGMD2Z;KDELCL1,N,N,N,N,N,B,N,B,B,N,B,B,B,N,B,B,B,B,N,B,B,B,B,B,N,N,B,N,B,N,B,B
GLT8D3;GXYLT1,N,N,N,N,N,N,N,N,N,N,N,N,N,N,N,N,N,N,N,N,N,N,N,N,N,N,N,N,N,N,N,N
GXYLT2;GLT8D4,N,N,N,N,N,N,N,N,N,N,N,N,N,N,N,N,N,N,N,N,N,N,N,N,N,N,N,N,N,N,N,N
EOGT;EOGT1;AER61;AOS4;C3orf64,A,N,N,N,N,A,A,A,A,N,A,N,N,N,N,N,A,A,A,A,A,A,N,N,N,N,A,N,N,N,A,N
HRNT1;O-GLCNAC;OGT1;MRX106;HINCUT-1;OGT,D,D,D,D,D,D,D,D,D,N,D,D,D,D,D,D,D,D,D,D,D,D,D,D,D,D,D,D,D,D,D,D
MDDGB1;POMT1;LGMD2K;RT;MDDGA1;MDDGC1,A,A,N,N,N,A,N,A,A,N,N,N,N,A,N,A,N,N,N,N,N,A,N,A,A,A,N,A,N,N,A,N
POMT2;MDDGC2;MDDGA2;LGMD2N;MDDGB2,A,A,N,N,N,A,N,A,A,N,N,N,N,A,N,A,N,N,N,N,N,A,N,A,A,A,N,A,N,N,A,N
