mocs3,D,D,D,N,D,D,D,D,D,N,D,D,D,D,D,D,D,D,D,D,D,D,D,D,D,D,D,D,D,D,D,D
2,A,A,A,A,A,A,N,A,A,N,N,N,N,N,N,A,N,N,A,N,A,A,N,A,A,A,A,N,N,A,A,N
3,N,N,B,N,N,N,N,N,B,N,B,N,N,N,N,N,N,N,N,B,N,N,N,N,N,N,N,N,N,N,N,N
ctu2,N,N,N,N,A,N,N,A,N,N,N,N,N,N,A,N,N,N,N,N,N,N,N,N,N,N,N,N,A,N,A,N
ctu1,N,N,N,N,N,N,N,N,N,N,N,N,N,N,N,N,N,N,N,N,N,N,N,N,N,N,N,N,N,N,N,N
6,D,N,N,N,N,N,D,D,D,N,D,N,N,N,N,N,D,D,N,N,N,N,N,N,N,N,N,N,N,N,D,D
mocs2l,N,N,N,N,N,N,N,N,N,N,N,N,N,N,N,N,N,N,N,N,N,N,N,N,N,N,N,N,N,N,N,N
mocs1,N,N,N,N,D,D,N,D,N,N,D,N,N,N,N,N,D,N,N,N,N,N,N,N,N,N,N,N,N,N,N,N
mocs2s,N,B,N,N,N,N,N,N,B,N,B,N,N,N,N,N,N,N,B,N,N,N,N,N,N,B,N,N,N,N,B,N
