1,D,D,D,D,D,D,D,D,D,N,D,D,D,D,D,D,D,D,D,D,D,D,D,D,D,D,D,D,D,D,D,D
2,D,D,D,N,D,D,D,D,D,N,D,D,D,D,N,N,D,D,D,D,D,D,D,D,N,D,D,D,D,D,D,D
3,N,N,N,N,B,N,B,N,B,N,B,N,B,B,N,B,B,B,N,N,N,B,N,N,N,B,N,B,N,N,B,B
4,D,D,D,N,D,D,D,D,D,N,D,D,D,D,N,N,D,D,D,D,D,D,D,D,N,D,D,D,D,D,D,D
5,N,D,N,N,N,D,D,N,N,N,N,D,N,D,N,D,D,D,D,D,N,D,N,D,D,N,D,D,N,D,N,N
6,D,N,N,N,N,D,N,N,N,N,D,N,N,D,N,N,D,N,N,N,N,N,N,N,N,N,N,D,N,N,N,N
7,N,N,N,N,N,N,N,N,N,N,N,N,N,N,N,N,N,N,N,N,N,N,N,N,N,N,N,N,N,N,N,N
8,N,N,N,N,N,N,N,N,N,N,N,N,N,N,N,N,N,N,N,N,N,N,N,N,N,N,N,N,N,N,N,N
9,N,N,N,N,N,N,N,N,N,N,N,N,N,N,N,N,N,N,N,N,N,N,N,N,N,N,N,N,N,N,N,N
10,D,D,D,D,D,D,D,D,D,N,D,D,D,D,D,D,D,D,D,D,D,D,D,D,D,D,D,D,D,D,D,D
11,D,D,D,D,D,D,D,D,D,N,D,D,D,D,D,D,D,D,D,D,D,D,D,D,D,D,D,D,D,D,D,D
