PAL1,N,D,D,N,N,N,N,N,D,N,D,N,N,N,N,N,N,N,D,N,N,N,D,D,N,N,N,N,N,N,D,N
PAL4,N,D,D,N,N,N,N,N,D,N,D,N,N,N,N,N,N,N,D,N,N,N,D,D,N,N,N,N,N,N,D,N
PAL2,N,D,D,N,N,N,N,N,D,N,D,N,N,N,N,N,N,N,D,N,N,N,D,D,N,N,N,N,N,N,D,N
PAL3,N,D,D,N,N,N,N,N,D,N,D,N,N,N,N,N,N,N,D,N,N,N,D,D,N,N,N,N,N,N,D,N
5,N,N,N,N,N,N,N,N,B,N,B,N,N,N,B,N,N,N,N,B,N,N,N,N,N,N,N,B,N,N,N,N
6,N,N,N,N,N,N,N,N,B,N,B,N,N,N,B,N,N,N,N,B,N,N,N,N,N,N,N,B,N,N,N,N
7,N,N,N,N,N,N,N,N,B,N,B,N,N,N,B,N,N,N,N,B,N,N,N,N,N,N,N,B,N,N,N,N
CuAO1,N,N,N,N,N,N,N,N,B,N,B,N,N,N,B,N,N,N,N,B,N,N,N,N,N,N,N,B,N,N,N,N
9,N,N,N,N,N,N,N,N,B,N,B,N,N,N,B,N,N,N,N,B,N,N,N,N,N,N,N,B,N,N,N,N
10,N,N,N,N,N,N,N,N,B,N,B,N,N,N,B,N,N,N,N,B,N,N,N,N,N,N,N,B,N,N,N,N
11,N,N,N,N,N,N,N,N,B,N,B,N,N,N,B,N,N,N,N,B,N,N,N,N,N,N,N,B,N,N,N,N
AO1,N,N,N,N,N,N,N,N,B,N,B,N,N,N,B,N,N,N,N,B,N,N,N,N,N,N,N,B,N,N,N,N
PDS1,N,B,N,N,N,B,N,N,N,N,N,N,N,N,N,N,B,N,B,N,B,N,N,N,N,B,N,B,N,B,N,N
HISN6B,D,N,N,N,N,D,N,N,D,N,N,D,D,N,N,N,N,N,N,D,N,N,N,D,N,N,N,D,N,N,D,D
HPA1,D,N,N,N,N,D,N,N,D,N,N,D,D,N,N,N,N,N,N,D,N,N,N,D,N,N,N,D,N,N,D,D
TAT3,D,N,D,D,D,D,N,D,D,N,D,D,D,D,D,D,D,D,D,D,D,D,D,D,N,N,N,D,D,N,D,D
17,D,N,D,D,D,D,N,D,D,N,D,D,D,D,D,D,D,D,D,D,D,D,D,D,N,N,N,D,D,N,D,D
18,D,N,D,D,D,D,N,D,D,N,D,D,D,D,D,D,D,D,D,D,D,D,D,D,N,N,N,D,D,N,D,D
19,D,N,D,D,D,D,N,D,D,N,D,D,D,D,D,D,D,D,D,D,D,D,D,D,N,N,N,D,D,N,D,D
20,D,N,D,D,D,D,N,D,D,N,D,D,D,D,D,D,D,D,D,D,D,D,D,D,N,N,N,D,D,N,D,D
TAT7,D,N,D,D,D,D,N,D,D,N,D,D,D,D,D,D,D,D,D,D,D,D,D,D,N,N,N,D,D,N,D,D
ASP4,N,N,D,D,N,N,D,D,N,N,D,N,D,N,N,D,D,N,N,D,D,N,N,N,D,D,N,N,N,N,D,N
AAT,D,N,D,D,D,D,N,D,D,N,D,D,D,D,D,D,D,D,D,D,D,D,D,D,N,N,N,D,D,N,D,D
ASP1,N,N,D,D,N,N,D,D,N,N,D,N,D,N,N,D,D,N,N,D,D,N,N,N,D,D,N,N,N,N,D,N
ASP5,N,N,D,D,N,N,D,D,N,N,D,N,D,N,N,D,D,N,N,D,D,N,N,N,D,D,N,N,N,N,D,N
ASP3,N,N,D,D,N,N,D,D,N,N,D,N,D,N,N,D,D,N,N,D,D,N,N,N,D,D,N,N,N,N,D,N
ASP2,N,N,D,D,N,N,D,D,N,N,D,N,D,N,N,D,D,N,N,D,D,N,N,N,D,D,N,N,N,N,D,N
AMI1,D,D,D,D,D,D,D,D,D,N,D,D,D,D,D,D,D,D,D,D,D,D,D,D,D,D,D,D,D,D,D,D
29,D,D,D,D,D,D,D,D,D,N,D,D,D,D,D,D,D,D,D,D,D,D,D,D,D,D,D,D,D,D,D,D
C4H,D,D,D,N,D,D,D,D,D,N,D,D,D,D,D,D,D,D,D,D,D,D,D,D,N,D,D,D,D,D,D,D
4CL1,D,D,D,D,D,D,D,D,D,N,D,D,D,D,D,D,D,D,D,D,D,D,D,D,D,D,D,D,D,D,D,D
ACOS5,D,D,D,D,D,D,D,D,D,N,D,D,D,D,D,D,D,D,D,D,D,D,D,D,D,D,D,D,D,D,D,D
4CL3,D,D,D,D,D,D,N,D,D,N,D,D,D,D,D,D,D,D,D,D,D,N,D,D,D,D,D,D,N,D,D,D
4CL5,D,D,D,D,D,D,D,D,D,N,D,D,D,D,D,D,D,D,D,D,D,D,D,D,D,D,D,D,N,D,D,D
4CL2,D,D,D,D,D,D,D,D,D,N,D,D,D,D,D,D,D,D,D,D,D,D,D,D,D,D,D,D,D,D,D,D
36,D,D,D,D,D,D,D,D,D,N,D,D,D,D,D,D,D,D,D,D,D,D,D,D,D,D,D,D,D,D,D,D
37,D,D,D,D,D,D,D,D,D,N,D,D,D,D,D,D,D,D,D,D,D,D,D,D,D,D,D,D,D,D,D,D
38,B,N,B,N,N,N,B,B,B,N,B,N,B,B,N,N,N,B,N,N,B,N,N,N,N,B,N,B,N,N,B,B
CCOAMT,B,N,B,N,N,N,B,B,B,N,B,N,B,B,N,N,N,B,N,N,B,N,N,N,N,B,N,B,N,N,B,B
40,B,N,B,N,N,N,B,B,B,N,B,N,B,B,N,N,N,B,N,N,B,N,N,N,N,B,N,B,N,N,B,B
CCoAOMT1,B,N,B,N,N,N,B,B,B,N,B,N,B,B,N,N,N,B,N,N,B,N,N,N,N,B,N,B,N,N,B,B
42,D,D,D,N,N,N,D,D,D,N,D,D,D,D,D,D,D,D,D,D,D,D,D,D,N,D,N,D,D,N,D,D
