AGTRL1;APLNR;APJ;APJR;HG11,N,N,N,N,N,N,N,N,N,N,N,N,N,N,N,N,N,N,N,N,N,N,N,N,N,N,N,N,N,N,N,N
WPWS;H91620p;AAKG;CMH6;PRKAG2;AAKG2,A,N,N,N,N,N,N,A,N,N,N,N,N,A,N,N,N,N,N,N,N,N,N,N,A,N,N,N,N,A,N,N
AMPKG3;PRKAG3,A,N,N,N,N,N,N,A,N,N,N,N,N,A,N,N,N,N,N,N,N,N,N,N,A,N,N,N,N,A,N,N
AMPKa1;AMPK;PRKAA1,D,D,D,D,D,D,D,D,D,D,D,D,D,D,D,D,D,D,D,D,D,D,D,D,D,D,D,D,D,D,D,D
PRKAA;AMPK;PRKAA2;AMPK2;AMPKa2,D,D,D,D,D,D,D,D,D,D,D,D,D,D,D,D,D,D,D,D,D,D,D,D,D,D,D,D,D,D,D,D
PRKAB1;HAMPKb;AMPK,A,N,A,A,A,A,N,N,A,N,N,N,A,A,N,N,N,N,A,N,N,N,N,A,A,A,N,N,N,A,N,N
PRKAB2,A,N,A,A,A,A,N,N,A,N,N,N,A,A,N,N,N,N,A,N,N,N,N,A,A,A,N,N,N,A,N,N
AMPKG;PRKAG1,A,N,N,N,N,N,N,A,N,N,N,N,N,A,N,N,N,N,N,N,N,N,N,N,A,N,N,N,N,A,N,N
SPK_2;SPHK2;SK_2;SPK-2;SK-2,B,N,B,N,B,N,N,B,B,N,B,N,N,B,B,N,N,N,N,N,B,B,B,N,N,B,N,N,N,N,B,N
SPHK1;SPHK,B,N,B,N,B,N,N,B,B,N,B,N,N,B,B,N,N,N,N,N,B,B,B,N,N,B,N,N,N,N,B,N
PAI1;SERPINE1;PAI-1;PLANH1;PAI,N,N,B,B,N,N,N,N,B,N,N,N,N,N,B,N,B,N,N,N,N,N,B,N,N,B,N,N,N,N,B,N
LADCI;IDDCA;GB5;GNB5,D,D,D,D,D,D,D,D,D,D,D,D,D,D,D,D,D,D,D,D,D,D,D,D,D,D,D,D,D,D,D,D
GNAI1;Gi,C,N,C,N,N,N,C,C,C,N,C,C,C,C,C,C,N,N,C,C,C,C,N,C,N,C,N,C,C,C,C,C
GNAI2;GIP;H_LUCA16.1;H_LUCA15.1;GNAI2B,C,N,N,N,N,N,C,C,N,N,N,N,C,C,C,N,N,N,C,N,C,N,N,C,N,C,N,C,N,C,C,N
87U6;ARCND1;GNAI3,C,N,C,N,N,N,C,C,C,N,C,C,C,C,C,C,N,N,C,C,C,C,N,C,N,C,N,C,C,C,C,C
GNB1;MRD42,D,D,D,D,D,D,D,D,D,D,D,D,D,D,D,D,D,D,D,D,D,D,D,D,D,D,D,D,D,D,D,D
GNB2,D,D,D,D,D,D,D,D,D,D,D,D,D,D,D,D,D,D,D,D,D,D,D,D,D,D,D,D,D,D,D,D
CSNB1H;GNB3,D,D,D,D,D,D,D,D,D,D,D,D,D,D,D,D,D,D,D,D,D,D,D,D,D,D,D,D,D,D,D,D
GNG3,N,N,N,N,N,N,N,N,N,N,N,N,N,N,N,N,N,N,N,N,N,N,N,N,N,N,N,N,N,N,N,N
GNG4,N,N,N,N,N,N,N,N,N,N,N,N,N,N,N,N,N,N,N,N,N,N,N,N,N,N,N,N,N,N,N,N
GNG5,N,N,N,N,N,N,N,N,N,N,N,N,N,N,N,N,N,N,N,N,N,N,N,N,N,N,N,N,N,N,N,N
GNG7,N,N,N,N,N,N,N,N,N,N,N,N,N,N,N,N,N,N,N,N,N,N,N,N,N,N,N,N,N,N,N,N
GNG10,N,N,N,N,N,N,N,N,N,N,N,N,N,N,N,N,N,N,N,N,N,N,N,N,N,N,N,N,N,N,N,N
GNG11;GNGT11,N,N,N,N,N,N,N,N,N,N,N,N,N,N,N,N,N,N,N,N,N,N,N,N,N,N,N,N,N,N,N,N
GNGT1;GNG1,N,N,N,N,N,N,N,N,N,N,N,N,N,N,N,N,N,N,N,N,N,N,N,N,N,N,N,N,N,N,N,N
G-GAMMA-C;GNG8;GNG9;GNGT8;G-GAMMA-8;GNGT2,N,N,N,N,N,N,N,N,N,N,N,N,N,N,N,N,N,N,N,N,N,N,N,N,N,N,N,N,N,N,N,N
G(gamma)13;GNG13;h2-35,N,N,N,N,N,N,N,N,N,N,N,N,N,N,N,N,N,N,N,N,N,N,N,N,N,N,N,N,N,N,N,N
GNG2,N,N,N,N,N,N,N,N,N,N,N,N,N,N,N,N,N,N,N,N,N,N,N,N,N,N,N,N,N,N,N,N
GNG12,N,N,N,N,N,N,N,N,N,N,N,N,N,N,N,N,N,N,N,N,N,N,N,N,N,N,N,N,N,N,N,N
GNB4;CMTD1F,D,D,D,D,D,D,D,D,D,D,D,D,D,D,D,D,D,D,D,D,D,D,D,D,D,D,D,D,D,D,D,D
GNG8,N,N,N,N,N,N,N,N,N,N,N,N,N,N,N,N,N,N,N,N,N,N,N,N,N,N,N,N,N,N,N,N
p87PIKAP;PIK3R6;p84_PIKAP;HsT41028;p87(PIKAP);C17orf38,N,N,N,N,N,N,N,N,N,N,N,N,N,N,N,N,N,N,N,N,N,N,N,N,N,N,N,N,N,N,N,N
PIK3R5;p101;P101-PI3K;FOAP-2;F730038I15Rik,N,N,N,N,N,N,N,N,N,N,N,N,N,N,N,N,N,N,N,N,N,N,N,N,N,N,N,N,N,N,N,N
PI3CG;PIK3;p110gamma;p120-PI3K;PIK3CG;PI3K;PI3Kgamma,B,B,B,B,B,B,B,B,B,B,B,B,B,B,B,B,B,B,B,B,B,B,B,B,B,B,B,B,B,B,B,B
PKB-GAMMA;STK-2;MPPH2;MPPH;RAC-gamma;RAC-PK-gamma;PRKBG;AKT3;PKBG,D,D,D,D,D,D,D,D,D,D,D,D,D,D,D,D,D,D,D,D,D,D,D,D,D,D,D,D,D,D,D,D
RAC-ALPHA;RAC;PKB-ALPHA;AKT;PRKBA;CWS6;AKT1;PKB,D,D,D,D,D,D,D,D,D,D,D,D,D,D,D,D,D,D,D,D,D,D,D,D,D,D,D,D,D,D,D,D
PKBB;PRKBB;AKT2;PKBBETA;HIHGHH;RAC-BETA,D,D,D,D,D,D,D,D,D,D,D,D,D,D,D,D,D,D,D,D,D,D,D,D,D,D,D,D,D,D,D,D
MKK1;PRKMK1;MEK1;CFC3;MAPKK1;MAP2K1,D,D,D,D,D,D,D,D,D,D,D,D,D,D,D,D,D,D,D,D,D,D,D,D,D,D,D,D,D,D,D,D
MAPKK2;PRKMK2;MEK2;MAP2K2;CFC4;MKK2,D,D,D,D,D,D,D,D,D,D,D,D,D,D,D,D,D,D,D,D,D,D,D,D,D,D,D,D,D,D,D,D
MAPK1;ERK;PRKM1;p41mapk;p42-MAPK;p41;MAPK2;p40;p38;ERK-2;ERK2;ERT1;PRKM2;P42MAPK,D,D,D,D,D,D,D,D,D,D,D,D,D,D,D,D,D,D,D,D,D,D,D,D,D,D,D,D,D,D,D,D
PRKM3;HS44KDAP;ERT2;P44ERK1;ERK-1;HUMKER1A;p44-MAPK;ERK1;p44-ERK1;P44MAPK;MAPK3,D,D,D,D,D,D,D,D,D,D,D,D,D,D,D,D,D,D,D,D,D,D,D,D,D,D,D,D,D,D,D,D
S6K;STK14A;p70(S6K)-alpha;S6K1;RPS6KB1;S6K-beta-1;PS6K;p70-alpha;p70-S6K;p70_S6KA,D,D,D,D,D,D,D,D,D,D,D,D,D,D,D,D,D,D,D,D,D,D,D,D,D,D,D,D,D,D,D,D
SRK;KLS;P70-beta;P70-beta-1;STK14B;S6K-beta2;p70(S6K)-beta;RPS6KB2;S6K2;p70S6Kb;P70-beta-2,D,D,D,D,D,D,D,D,D,D,D,D,D,D,D,D,D,D,D,D,D,D,D,D,D,D,D,D,D,D,D,D
PI-PLC;PLCB1A;PLC-I;EIEE12;PLC154;PLCB1B;PLC-154;PLCB1;PLC-beta-1,D,D,D,D,D,D,D,D,D,N,D,D,D,D,D,D,D,D,D,D,D,D,D,D,D,D,D,D,D,D,D,D
PLCB2;PLC-beta-2,D,D,D,D,D,D,D,D,D,N,D,D,D,D,D,D,D,D,D,D,D,D,D,D,D,D,D,D,D,D,D,D
PLCB3,D,D,D,D,D,D,D,D,D,N,D,D,D,D,D,D,D,D,D,D,D,D,D,D,D,D,D,D,D,D,D,D
PI-PLC;PLCB4;ARCND2,D,D,D,D,D,D,D,D,D,N,D,D,D,D,D,D,D,D,D,D,D,D,D,D,D,D,D,D,D,D,D,D
SCA16;IP3R1;PPP1R94;IP3R;ACV;INSP3R1;ITPR1;SCA15;CLA4;SCA29,A,N,N,A,N,N,N,N,N,N,A,N,A,A,A,N,N,N,N,A,N,N,N,N,N,N,N,N,N,N,A,N
ITPR2;CFAP48;IP3R2;ANHD;INSP3R2,A,N,N,A,N,N,N,N,N,N,A,N,A,A,A,N,N,N,N,A,N,N,N,N,N,N,N,N,N,N,A,N
ITPR3;IP3R;IP3R3,A,N,N,A,N,N,N,N,N,N,A,N,A,A,A,N,N,N,N,A,N,N,N,N,N,N,N,N,N,N,A,N
RYDR;MHS1;PPP1R137;SKRR;RYR1;MHS;RYR-1;RYR;CCO,D,D,D,D,D,D,D,D,D,N,D,D,D,D,D,D,D,D,D,D,D,D,D,D,D,D,D,D,D,D,D,D
RyR;ARVC2;RYR2;ARVD2;VTSIP;RYR-2,D,D,D,D,D,D,D,D,D,N,D,D,D,D,D,D,D,D,D,D,D,D,D,D,D,D,D,D,D,D,D,D
RYR3;RYR-3,D,D,D,D,D,D,D,D,D,N,D,D,D,D,D,D,D,D,D,D,D,D,D,D,D,D,D,D,D,D,D,D
MTOR;RAFT1;FRAP2;FRAP1;SKS;RAPT1;FRAP,B,B,B,B,B,B,B,B,B,B,B,B,B,B,B,B,B,B,B,B,B,B,B,B,B,B,B,B,B,B,B,B
TC21;RRAS2,D,D,D,D,D,D,D,D,D,D,D,D,D,D,D,D,D,D,D,D,D,D,D,D,D,D,D,D,D,D,D,D
RRAS3;R-RAS3;M-RAs;MRAS,D,D,D,D,D,D,D,D,D,D,D,D,D,D,D,D,D,D,D,D,D,D,D,D,D,D,D,D,D,D,D,D
C-H-RAS;HAMSV;H-RASIDX;RASH1;C-HA-RAS1;p21ras;C-BAS/HAS;HRAS1;CTLO;HRAS,D,D,D,D,D,D,D,D,D,D,D,D,D,D,D,D,D,D,D,D,D,D,D,D,D,D,D,D,D,D,D,D
K-RAS4B;KI-RAS;K-RAS4A;NS;c-Ki-ras2;KRAS1;C-K-RAS;NS3;RALD;KRAS2;K-RAS2A;RASK2;CFC2;KRAS;K-RAS2B;K-Ras,D,D,D,D,D,D,D,D,D,D,D,D,D,D,D,D,D,D,D,D,D,D,D,D,D,D,D,D,D,D,D,D
CMNS;ALPS4;NRAS1;NS6;N-ras;NCMS;NRAS,D,D,D,D,D,D,D,D,D,D,D,D,D,D,D,D,D,D,D,D,D,D,D,D,D,D,D,D,D,D,D,D
R-Ras;RRAS,D,D,D,D,D,D,D,D,D,D,D,D,D,D,D,D,D,D,D,D,D,D,D,D,D,D,D,D,D,D,D,D
RAF1;NS5;CMD1NN;Raf-1;CRAF;c-Raf,D,D,D,D,D,D,D,D,D,N,D,D,D,D,D,D,D,D,D,D,D,D,D,D,D,D,D,D,D,D,D,D
LKLF;KLF2,D,D,D,D,D,D,D,D,D,N,D,D,D,D,D,D,N,N,D,D,D,D,D,D,D,D,D,D,D,D,D,D
LDS1;SKR4;ACVRLK4;AAT5;MSSE;LDS1A;ESS1;ALK-5;LDS2A;TGFR-1;ALK5;TGFBR1;tbetaR-I,D,D,D,D,D,D,D,D,D,D,D,D,D,D,D,D,D,D,D,D,D,D,D,D,D,D,D,D,D,D,D,D
NOV2;CCN2;IGFBP8;HCS24;CTGF,N,N,N,N,N,N,N,N,N,N,N,N,N,N,N,N,N,N,N,N,N,N,N,N,N,N,N,N,N,N,N,N
PGC1A;PGC-1alpha;PGC-1(alpha);LEM6;PGC1;PPARGC1;PGC-1v;PPARGC1A,N,N,N,N,N,N,N,N,N,N,N,N,N,N,N,N,N,N,N,N,N,N,N,N,N,N,N,N,N,N,N,N
TCF6L2;TCF6L3;TCF6;TCF6L1;MTTFA;TFAM;MTTF1;MTDPS15,A,A,A,N,N,N,N,A,A,N,A,A,A,A,A,A,A,A,A,A,A,A,A,A,A,A,A,A,A,A,A,A
ALPHA-PAL;NRF1,N,N,N,N,N,N,N,N,N,N,N,N,N,N,N,N,N,N,N,N,N,N,N,N,N,N,N,N,N,N,N,N
SgK085;MYLK4,D,D,D,D,D,D,D,D,D,D,D,D,D,D,D,D,D,D,D,D,D,D,D,D,D,D,D,D,D,D,D,D
AAT7;MLCK210;KRP;MLCK1;MLCK108;MYLK;MSTP083;MYLK1;MLCK;smMLCK,D,D,D,D,D,D,D,D,D,D,D,D,D,D,D,D,D,D,D,D,D,D,D,D,D,D,D,D,D,D,D,D
MYLK2;MLCK2;KMLC;skMLCK;MLCK,D,D,D,D,D,D,D,D,D,D,D,D,D,D,D,D,D,D,D,D,D,D,D,D,D,D,D,D,D,D,D,D
caMLCK;MLCK;MYLK3;MLCK2,D,D,D,D,D,D,D,D,D,D,D,D,D,D,D,D,D,D,D,D,D,D,D,D,D,D,D,D,D,D,D,D
CMH10;MLC-2s/v;MLC2;MYL2,B,B,B,B,B,N,B,B,B,N,B,B,B,B,B,B,B,B,B,B,B,B,B,B,B,B,B,B,B,B,B,B
MLC1SB;CMH8;VLC1;VLCl;MLC1V;MLC-lV/sb;MYL3,B,B,B,B,B,N,N,B,B,N,B,B,B,B,B,B,B,B,B,B,B,B,B,B,B,B,B,B,B,B,B,B
ALC1;MYL4;PRO1957;GT1;AMLC,B,B,B,B,B,N,N,B,B,N,B,B,B,B,B,B,B,B,B,B,B,B,B,B,B,B,B,B,B,B,B,B
nPKC-epsilon;PRKCE;PKCE,D,D,D,D,D,D,D,D,D,D,D,D,D,D,D,D,D,D,D,D,D,D,D,D,D,D,D,D,D,D,D,D
NCX2;SLC8A2,N,N,D,N,N,N,D,D,D,N,D,D,D,D,D,N,D,D,D,N,D,D,N,D,N,D,D,D,N,D,D,D
SLC8A1;NCX1,N,N,D,N,N,N,D,D,D,N,D,D,D,D,D,N,D,D,D,N,D,D,N,D,N,D,D,D,N,D,D,D
SLC8A3;NCX3,N,N,D,N,N,N,D,D,D,N,D,D,D,D,D,N,D,D,D,N,D,D,N,D,N,D,D,D,N,D,D,D
D11S287E;PRAD1;BCL1;CCND1;U21B31,A,A,A,A,A,A,N,A,A,N,A,A,A,A,A,A,A,A,N,A,A,A,A,A,A,A,A,A,A,A,A,A
ADCY1;AC1;DFNB44,D,D,D,D,D,D,D,D,D,N,D,D,D,D,D,D,D,D,D,D,D,D,D,D,D,D,D,D,D,D,D,D
ADCY2;AC2;HBAC2,D,D,D,D,D,D,D,D,D,N,D,D,D,D,D,D,D,D,D,D,D,D,D,D,D,D,D,D,D,D,D,D
AC3;AC-III;ADCY3,D,D,D,D,D,D,D,D,D,N,D,D,D,D,D,D,D,D,D,D,D,D,D,D,D,D,D,D,D,D,D,D
FDFM;AC5;ADCY5,D,D,D,D,D,D,D,D,D,N,D,D,D,D,D,D,D,D,D,D,D,D,D,D,D,D,D,D,D,D,D,D
AC6;LCCS8;ADCY6,D,D,D,D,D,D,D,D,D,N,D,D,D,D,D,D,D,D,D,D,D,D,D,D,D,D,D,D,D,D,D,D
ADCY7;AC7,D,D,D,D,D,D,D,D,D,N,D,D,D,D,D,D,D,D,D,D,D,D,D,D,D,D,D,D,D,D,D,D
ADCY8;AC8;HBAC1;ADCY3,D,D,D,D,D,D,D,D,D,N,D,D,D,D,D,D,D,D,D,D,D,D,D,D,D,D,D,D,D,D,D,D
ADCY9;AC9;ACIX,D,D,D,D,D,D,D,D,D,N,D,D,D,D,D,D,D,D,D,D,D,D,D,D,D,D,D,D,D,D,D,D
AC4;ADCY4,D,D,D,D,D,D,D,D,D,N,D,D,D,D,D,D,D,D,D,D,D,D,D,D,D,D,D,D,D,D,D,D
ADCY10;HEL-S-7a;SACI;HCA2;Sacy;SAC;hsAC,D,D,D,N,D,D,D,D,D,N,D,D,D,D,D,D,D,D,D,D,D,D,D,D,D,D,D,D,D,D,D,D
PPNAD4;PKACA;PRKACA,D,D,D,D,D,D,D,D,D,D,D,D,D,D,D,D,D,D,D,D,D,D,D,D,D,D,D,D,D,D,D,D
PKACB;PRKACB;PKA_C-beta,D,D,D,D,D,D,D,D,D,D,D,D,D,D,D,D,D,D,D,D,D,D,D,D,D,D,D,D,D,D,D,D
BDPLT19;PRKACG;KAPG;PKACg,D,D,D,D,D,D,D,D,D,D,D,D,D,D,D,D,D,D,D,D,D,D,D,D,D,D,D,D,D,D,D,D
SLC25A7;UCP;UCP1,A,A,A,N,A,A,A,A,A,N,A,A,A,A,A,A,A,A,A,A,A,A,A,A,A,A,A,A,A,A,A,A
HcGIP1;PDE3B;cGIPDE1,B,B,B,B,B,N,N,B,N,N,B,B,B,B,B,B,B,B,B,N,B,B,B,B,B,B,N,B,B,N,B,B
LIPE;LHS;HSL;FPLD6;AOMS4,D,D,N,N,N,N,N,N,D,N,D,N,N,D,N,N,N,N,D,N,N,N,N,N,N,D,N,D,N,N,D,D
IHPS1;NC-NOS;nNOS;NOS;bNOS;NOS1;N-NOS,B,B,B,B,B,N,B,B,N,N,B,N,B,B,B,B,B,B,N,N,B,B,N,N,N,B,N,N,B,B,B,B
INOS;NOS;NOS2A;HEP-NOS;NOS2,B,B,B,B,B,N,B,B,N,N,B,N,B,B,B,B,B,B,N,N,B,B,N,N,N,B,N,N,B,B,B,B
NOS3;ECNOS;eNOS,B,B,B,B,B,N,B,B,N,N,B,N,B,B,B,B,B,B,N,N,B,B,N,N,N,B,N,N,B,B,B,B
RSRFR2;MEF2B,A,A,N,A,N,A,N,A,A,N,A,A,N,N,N,N,N,N,A,N,A,A,N,A,A,N,N,A,N,A,A,A
RSRFC9;ADCAD1;mef2;RSRFC4;MEF2A,A,A,N,A,N,A,N,A,A,N,A,A,N,N,N,N,N,N,A,N,A,A,N,A,A,N,N,A,N,A,A,A
MEF2BNB-MEF2B;MEF2B;LOC729991-MEF2B;BORCS8-MEF2B,A,A,N,A,N,A,N,A,A,N,A,A,N,N,N,N,N,N,A,N,A,A,N,A,A,N,N,A,N,A,A,A
DEL5q14.3;C5DELq14.3;MEF2C,A,A,N,A,N,A,N,A,A,N,A,A,N,N,N,N,N,N,A,N,A,A,N,A,A,N,N,A,N,A,A,A
MEF2D,A,A,N,A,N,A,N,A,A,N,A,A,N,N,N,N,N,N,A,N,A,A,N,A,A,N,N,A,N,A,A,A
HDAC5;NY-CO-9;HD5,D,D,D,D,D,D,D,D,D,D,D,D,D,D,D,D,D,D,D,D,D,D,D,D,D,D,D,D,D,D,D,D
HDAC4;HD4;HA6116;HDAC-A;HDAC-4;AHO3;HDACA;BDMR,D,D,D,D,D,D,D,D,D,D,D,D,D,D,D,D,D,D,D,D,D,D,D,D,D,D,D,D,D,D,D,D
GNA13;G13,C,N,N,N,N,N,C,C,N,N,N,N,C,C,C,N,N,N,C,N,C,N,N,C,N,C,N,C,N,C,C,N
PIK3R4;VPS15;p150,D,D,D,D,D,D,D,D,D,N,D,D,D,D,D,D,D,D,D,D,D,D,D,D,D,D,D,D,D,D,D,D
hVps34;VPS34;PIK3C3,B,B,B,B,B,B,B,B,B,B,B,B,B,B,B,B,B,B,B,B,B,B,B,B,B,B,B,B,B,B,B,B
ATG8A;GABARAP-a;MM46;GABARAP,N,A,N,N,A,N,N,N,A,N,A,N,A,N,A,N,N,A,N,A,A,N,A,A,A,N,N,A,A,A,A,N
GEF-2;GABARAPL2;GATE-16;ATG8C;ATG8;GATE16;GEF2,N,A,N,N,A,N,N,N,A,N,A,N,A,N,A,N,N,A,N,A,A,N,A,A,A,N,N,A,A,A,A,N
GABARAPL1;ATG8B;GEC1;APG8L;ATG8L;ATG8;APG8-LIKE,N,A,N,N,A,N,N,N,A,N,A,N,A,N,A,N,N,A,N,A,A,N,A,A,A,N,N,A,A,A,A,N
BECN1L1;BECN2;BECN1P1,N,A,A,N,N,N,N,A,A,N,A,N,A,N,N,N,N,A,A,N,N,N,A,A,N,N,N,A,N,N,A,N
VPS30;BECN1;ATG6;beclin1,N,A,A,N,N,N,N,A,A,N,A,N,A,N,N,N,N,A,A,N,N,N,A,A,N,N,N,A,N,N,A,N
AT225;KROX-24;TIS8;EGR1;NGFI-A;ZNF225;ZIF-268;G0S30,D,D,D,D,D,D,D,D,D,N,D,D,D,D,D,D,N,N,D,D,D,D,D,D,D,D,D,D,D,D,D,D
ETA-1;OPN;SPP1;BNSP;BSPI,N,N,N,N,N,N,N,N,N,N,N,N,N,N,N,N,N,N,N,N,N,N,N,N,N,N,N,N,N,N,N,N
IMF2;NOTCH3;CADASIL;CASIL;CADASIL1;LMNS,D,D,D,D,D,D,D,D,D,N,D,D,D,D,D,D,D,D,D,D,D,D,D,D,D,D,D,D,D,D,D,D
AWS;JAG1;AGS1;HJ1;JAGL1;CD339;AGS;AHD,D,D,D,D,D,D,D,D,D,N,D,D,D,D,D,D,D,D,D,D,D,D,D,D,D,D,D,D,D,D,D,D
T-PA;TPA;PLAT,D,D,D,D,D,D,D,D,D,N,D,D,D,D,D,D,D,D,N,D,D,D,D,D,D,D,D,D,D,D,D,D
MYHRS;SMAD4;DPC4;MADH4;JIP,N,N,N,N,N,N,N,N,N,N,N,N,N,N,N,N,N,N,N,N,N,N,N,N,N,N,N,N,N,N,N,N
MADH2;MADR2;hMAD-2;JV18-1;SMAD2;JV18;hSMAD2,N,N,N,N,N,N,N,N,N,N,N,N,N,N,N,N,N,N,N,N,N,N,N,N,N,N,N,N,N,N,N,N
MADH3;HSPC193;SMAD3;LDS1C;LDS3;JV15-2;HsT17436,N,N,N,N,N,N,N,N,N,N,N,N,N,N,N,N,N,N,N,N,N,N,N,N,N,N,N,N,N,N,N,N
ACTSA;ACTA2,D,D,D,D,D,D,D,D,D,D,D,D,D,D,D,D,D,D,D,D,D,D,D,D,D,D,D,D,D,D,D,D
UVO;ECAD;CDH1;LCAM;Arc-1;CD324;CDHE,D,D,D,D,N,N,N,D,N,N,N,D,D,N,D,D,D,N,D,N,D,D,D,D,D,D,D,D,D,D,D,D
S6;RPS6,N,N,N,N,N,N,N,N,N,N,N,N,N,N,N,N,N,N,N,N,N,N,N,N,N,N,N,N,N,N,N,N
FPLD4;PLIN1;PERI;PLIN,N,N,N,N,N,N,N,N,N,N,N,N,N,N,N,N,N,N,N,N,N,N,N,N,N,N,N,N,N,N,N,N
SLC9A1;APNH;NHE1;LIKNS;PPP1R143;NHE-1,D,N,N,N,N,N,N,N,D,N,D,N,N,D,D,N,N,N,D,N,N,D,N,N,N,D,N,N,N,N,D,D
GAQ;CMC1;G-ALPHA-q;GNAQ;SWS,C,N,N,N,N,N,C,C,N,N,N,N,C,C,C,N,N,N,C,N,C,N,N,C,N,C,N,C,N,C,C,N
CAMK4;CaMK-GR;caMK;CaMK_IV,D,D,D,D,D,D,D,D,D,D,D,D,D,D,D,D,D,D,D,D,D,D,D,D,D,D,D,D,D,D,D,D
CAGLP;CALML6,B,B,B,B,B,B,B,B,B,N,B,B,B,B,B,B,B,B,B,B,B,B,B,B,B,B,B,B,B,B,B,B
CLSP;CALML5,D,D,D,D,D,D,D,D,D,D,D,D,D,D,D,D,D,D,D,D,D,D,D,D,D,D,D,D,D,D,D,D
PHKD;CPVT4;DD132;LQT14;caM;CAMI;CALM1;CALML2,D,D,D,D,D,D,D,D,D,D,D,D,D,D,D,D,D,D,D,D,D,D,D,D,D,D,D,D,D,D,D,D
PHKD;PHKD2;caM;CALM2;LQT15;CAMII,D,D,D,D,D,D,D,D,D,D,D,D,D,D,D,D,D,D,D,D,D,D,D,D,D,D,D,D,D,D,D,D
CaM;PHKD;HEL-S-72;CaMIII;PHKD3;CALM3,D,D,D,D,D,D,D,D,D,D,D,D,D,D,D,D,D,D,D,D,D,D,D,D,D,D,D,D,D,D,D,D
CALML3;CLP,D,D,D,D,D,D,D,D,D,D,D,D,D,D,D,D,D,D,D,D,D,D,D,D,D,D,D,D,D,D,D,D
NY-BR-20;CALML4,B,B,B,B,B,N,B,B,B,N,B,B,B,B,B,B,B,B,B,B,B,B,B,B,B,B,B,B,B,B,B,B
XNPEP2;APEL;APLN,N,N,N,N,N,N,N,N,N,N,N,N,N,N,N,N,N,N,N,N,N,N,N,N,N,N,N,N,N,N,N,N
AT1B;AG2S;AT1AR;AT1;AGTR1B;AT2R1;HAT1R;AT1R;AGTR1;AT1BR,N,N,N,N,N,N,N,N,N,N,N,N,N,N,N,N,N,N,N,N,N,N,N,N,N,N,N,N,N,N,N,N
