1,N,N,D,N,N,D,N,N,D,N,D,D,D,D,D,N,D,D,N,N,N,D,D,N,D,D,N,D,N,D,D,N
2,N,N,N,N,N,N,N,N,N,N,N,N,N,N,N,N,N,N,N,N,N,N,N,N,N,N,N,N,N,N,N,N
3,N,N,N,N,N,N,N,N,N,N,N,N,N,N,N,N,N,N,N,N,N,N,N,N,N,N,N,N,N,N,N,N
4,N,N,N,N,N,N,N,N,N,N,N,N,N,N,N,N,N,N,N,N,N,N,N,N,N,N,N,N,N,N,N,N
5,N,N,N,N,N,N,N,N,N,N,N,N,N,N,N,N,N,N,N,N,N,N,N,N,N,N,N,N,N,N,N,N
6,N,N,N,N,N,N,N,N,N,N,N,N,N,N,N,N,N,N,N,N,N,N,N,N,N,N,N,N,N,N,N,N
7,D,N,D,N,D,N,N,D,N,N,N,N,D,N,N,D,D,D,N,D,N,N,N,N,N,N,D,N,N,N,N,D
8,D,N,D,N,D,N,N,D,N,N,N,N,D,N,N,D,D,D,N,D,N,N,N,N,N,N,D,N,N,N,N,D
9,D,N,D,N,D,N,N,D,N,N,N,N,D,N,N,D,D,D,N,D,N,N,N,N,N,N,D,N,N,N,N,D
10,D,N,D,N,D,N,N,D,N,N,N,N,D,N,N,D,D,D,N,D,N,N,N,N,N,N,D,N,N,N,N,D
11,N,D,D,N,D,N,D,N,D,N,D,D,N,N,N,D,D,D,N,D,N,D,D,N,N,N,D,N,N,N,N,D
12,B,B,N,N,N,N,B,N,B,N,B,N,N,N,N,B,N,B,N,N,N,B,N,B,N,N,N,N,N,N,N,B
13,N,N,N,N,N,N,N,N,N,N,N,N,N,N,N,N,N,N,N,N,N,N,N,N,N,N,N,N,N,N,N,N
14,N,N,N,N,N,N,N,N,N,N,N,N,N,N,N,N,N,N,N,N,N,N,N,N,N,N,N,N,N,N,N,N
15,N,N,N,N,N,N,N,N,N,N,N,N,N,N,N,N,N,N,N,N,N,N,N,N,N,N,N,N,N,N,N,N
16,N,N,N,N,N,N,N,N,N,N,N,N,N,N,N,N,N,N,N,N,N,N,N,N,N,N,N,N,N,N,N,N
17,D,D,D,D,D,D,N,D,D,N,D,D,D,D,D,D,D,D,D,D,D,N,D,D,D,D,D,D,N,D,D,D
18,N,D,D,N,N,D,D,D,D,N,N,D,N,D,N,D,D,D,D,D,D,D,N,D,D,N,D,D,N,D,D,N
19,N,N,B,N,N,N,N,B,B,N,N,N,N,N,N,N,B,B,N,B,B,N,N,N,N,N,N,B,N,N,B,N
20,N,N,N,N,N,N,N,N,N,N,N,N,N,N,N,N,N,N,N,N,N,N,N,N,N,N,N,N,N,N,N,N
21,N,N,N,N,D,D,N,D,N,N,N,N,N,D,N,N,D,D,N,D,N,D,N,N,N,N,D,N,N,N,N,N
22,D,D,D,D,D,D,D,D,D,N,D,D,D,D,D,D,D,D,D,D,D,D,D,D,D,D,N,D,D,D,D,D
