1,D,D,D,N,D,D,N,D,D,N,D,N,D,D,D,D,N,D,N,N,D,N,D,D,N,N,D,D,N,N,D,D
GGT3,N,N,N,N,N,D,D,N,N,N,D,D,N,D,N,N,N,N,N,N,N,D,N,D,N,N,N,D,N,N,D,N
GGT4,N,N,N,N,N,D,D,N,N,N,D,D,N,D,N,N,N,N,N,N,N,D,N,D,N,N,N,D,N,N,D,N
GGT1,N,N,N,N,N,D,D,N,N,N,D,D,N,D,N,N,N,N,N,N,N,D,N,D,N,N,N,D,N,N,D,N
GGT2,N,N,N,N,N,D,D,N,N,N,D,D,N,D,N,N,N,N,N,N,N,D,N,D,N,N,N,D,N,N,D,N
GPX8,B,N,B,N,B,N,N,B,N,N,B,B,B,B,B,N,N,N,N,N,N,B,B,N,N,B,N,N,N,N,B,B
GPX1,B,N,B,N,B,N,N,B,N,N,B,B,B,B,B,N,N,N,N,N,N,B,B,N,N,B,N,N,N,N,B,B
GPX2,B,N,B,N,B,N,N,B,N,N,B,B,B,B,B,N,N,N,N,N,N,B,B,N,N,B,N,N,N,N,B,B
GPX3,B,N,B,N,B,N,N,B,N,N,B,B,B,B,B,N,N,N,N,N,N,B,B,N,N,B,N,N,N,N,B,B
GPX4,B,N,B,N,B,N,N,B,N,N,B,B,B,B,B,N,N,N,N,N,N,B,B,N,N,B,N,N,N,N,B,B
GPX5,B,N,B,N,B,N,N,B,N,N,B,B,B,B,B,N,N,N,N,N,N,B,B,N,N,B,N,N,N,N,B,B
GPX6,B,N,B,N,B,N,N,B,N,N,B,B,B,B,B,N,N,N,N,N,N,B,B,N,N,B,N,N,N,N,B,B
GPX7,B,N,B,N,B,N,N,B,N,N,B,B,B,B,B,N,N,N,N,N,N,B,B,N,N,B,N,N,N,N,B,B
14,N,N,B,N,N,N,B,B,B,N,B,N,N,B,B,N,B,N,N,B,N,B,N,N,N,B,N,B,N,N,B,B
DHAR1,N,N,B,N,N,N,B,B,B,N,B,N,N,B,B,N,B,N,N,B,N,B,N,N,N,B,N,B,N,N,B,B
DHAR2,N,N,B,N,N,N,B,B,B,N,B,N,N,B,B,N,B,N,N,B,N,B,N,N,N,B,N,B,N,N,B,B
DHAR3,N,N,B,N,N,N,B,B,B,N,B,N,N,B,B,N,B,B,N,B,N,B,N,B,N,B,N,B,N,N,B,B
G6PD4,B,B,B,B,B,B,B,B,B,N,B,B,B,B,B,B,B,B,B,B,B,B,B,B,B,B,B,B,B,N,B,B
G6PD3,B,B,B,B,B,B,B,B,B,N,B,B,B,B,B,B,B,B,B,B,B,B,B,B,B,B,B,B,B,N,B,B
G6PD5,B,B,B,B,B,B,B,B,B,N,B,B,B,B,B,B,B,B,B,B,B,B,B,B,B,B,B,B,B,N,B,B
G6PD2,B,B,B,B,B,B,B,B,B,N,B,B,B,B,B,B,B,B,B,B,B,B,B,B,B,B,B,B,B,N,B,B
G6PD1,B,B,B,B,B,B,B,B,B,N,B,B,B,B,B,B,B,B,B,B,B,B,B,B,B,B,B,B,B,N,B,B
G6PD6,B,B,B,B,B,B,B,B,B,N,B,B,B,B,B,B,B,B,B,B,B,B,B,B,B,B,B,B,B,N,B,B
ICDH,A,N,N,N,N,N,N,N,A,N,N,N,N,N,N,A,A,N,N,N,N,N,A,N,N,N,N,N,N,N,A,N
cICDH,A,N,N,N,N,N,N,N,A,N,N,N,N,N,N,A,A,N,N,N,N,N,A,N,N,N,N,N,N,N,A,N
26,A,N,N,N,N,N,N,N,A,N,N,N,N,N,N,A,A,N,N,N,N,N,A,N,N,N,N,N,N,N,A,N
GSH2,B,B,B,N,N,B,N,N,N,N,B,B,N,B,N,B,B,B,B,B,B,B,N,B,B,B,B,N,N,B,B,B
GSH1,N,N,N,N,N,N,N,N,N,N,N,N,N,N,N,N,N,N,N,N,N,N,N,N,N,N,N,N,N,N,N,N
OXP1,N,N,N,N,N,N,N,N,N,N,N,N,N,N,N,N,N,N,N,N,N,N,N,N,N,N,N,N,N,N,N,N
GSTF7,N,B,N,N,B,N,N,N,B,N,B,B,B,B,N,N,N,N,B,N,B,N,N,N,N,B,N,B,N,N,B,B
GSTF6,N,N,N,N,B,N,N,N,B,N,B,B,B,B,N,N,N,N,N,N,N,N,N,N,N,B,N,B,N,N,B,B
GSTF5,N,B,N,N,B,N,N,N,B,N,B,B,B,B,N,N,N,N,B,N,B,N,N,N,N,B,N,B,N,N,B,B
GSTF4,N,B,N,N,B,N,N,N,B,N,B,B,B,N,N,N,N,N,B,N,B,N,N,N,N,B,N,B,N,N,B,N
GSTU18,N,N,B,N,B,N,B,N,B,N,B,B,B,B,B,N,B,N,N,N,N,B,N,N,N,B,N,B,N,N,B,B
ERD9,N,N,B,N,B,N,B,N,B,N,B,B,B,B,B,N,B,N,N,N,N,B,N,N,N,B,N,B,N,N,B,B
GSTU24,N,N,B,N,B,N,B,N,B,N,B,B,B,B,B,N,B,N,N,N,N,B,N,N,N,B,N,B,N,N,B,B
GSTU25,N,N,B,N,B,N,B,N,B,N,B,B,B,B,B,N,B,N,N,N,N,B,N,N,N,B,N,B,N,N,B,B
GSTU26,N,N,B,N,B,N,B,N,B,N,B,B,B,B,B,N,B,N,N,N,N,B,N,N,N,B,N,B,N,N,B,B
GSTU13,N,N,B,N,B,N,B,N,B,N,B,B,B,B,B,N,B,N,N,N,N,B,N,N,N,B,N,B,N,N,B,B
GSTU14,N,N,B,N,B,N,B,N,B,N,B,B,B,B,B,N,B,N,N,N,N,B,N,N,N,B,N,B,N,N,B,B
GSTF14,N,B,B,N,B,N,B,N,B,N,B,B,B,B,B,N,B,N,B,N,B,B,N,N,N,B,N,B,N,N,B,B
GSTU28,N,N,B,N,B,N,B,N,B,N,B,B,B,B,B,N,B,N,N,N,N,B,N,N,N,B,N,B,N,N,B,B
GSTU15,N,N,B,N,B,N,B,N,B,N,B,B,B,B,B,N,B,N,N,N,N,B,N,N,N,B,N,B,N,N,B,B
GSTU16,N,N,B,N,B,N,B,N,B,N,B,B,B,B,B,N,B,N,N,N,N,B,N,N,N,B,N,B,N,N,B,B
45,A,N,A,N,N,A,A,N,A,N,A,N,A,A,A,N,N,A,A,N,A,N,N,N,N,N,N,A,N,N,A,A
GSTU12,N,N,B,N,B,N,B,N,B,N,B,B,B,B,B,N,B,N,N,N,N,B,N,N,N,B,N,B,N,N,B,B
GSTU11,N,N,B,N,B,N,B,N,B,N,B,B,B,B,B,N,B,N,N,N,N,B,N,N,N,B,N,B,N,N,B,B
GSTU10,N,N,B,N,B,N,B,N,B,N,B,B,B,B,B,N,B,N,N,N,N,B,N,N,N,B,N,B,N,N,B,B
GSTU23,N,N,B,N,B,N,B,N,B,N,B,B,B,B,B,N,B,N,N,N,N,B,N,N,N,B,N,B,N,N,B,B
GSTU22,N,N,B,N,B,N,B,N,B,N,B,B,B,B,B,N,B,N,N,N,N,B,N,N,N,B,N,B,N,N,B,B
GSTU21,N,N,B,N,B,N,B,N,B,N,B,B,B,B,B,N,B,N,N,N,N,B,N,N,N,B,N,B,N,N,B,B
GSTU20,N,N,B,N,B,N,B,N,B,N,B,B,B,B,B,N,B,N,N,N,N,B,N,N,N,B,N,B,N,N,B,B
GSTU19,N,N,B,N,B,N,B,N,B,N,B,B,B,B,B,N,B,N,N,N,N,B,N,N,N,B,N,B,N,N,B,B
GSTF3,N,B,B,N,B,N,B,N,B,N,B,B,B,B,B,N,B,N,B,N,B,B,N,N,N,B,N,B,N,N,B,B
GSTU7,N,N,B,N,B,N,B,N,B,N,B,B,B,B,B,N,B,N,N,N,N,B,N,N,N,B,N,B,N,N,B,B
GSTU6,N,N,B,N,B,N,B,N,B,N,B,B,B,B,B,N,B,N,N,N,N,B,N,N,N,B,N,B,N,N,B,B
GSTU5,N,N,B,N,B,N,B,N,B,N,B,B,B,B,B,N,B,N,N,N,N,B,N,N,N,B,N,B,N,N,B,B
GSTU4,N,N,B,N,B,N,B,N,B,N,B,B,B,B,B,N,B,N,N,N,N,B,N,N,N,B,N,B,N,N,B,B
GSTU3,N,N,B,N,B,N,B,N,B,N,B,B,B,B,B,N,B,N,N,N,N,B,N,N,N,B,N,B,N,N,B,B
GSTU2,N,N,B,N,B,N,B,N,B,N,B,B,B,B,B,N,B,N,N,N,N,B,N,N,N,B,N,B,N,N,B,B
GSTU1,N,N,B,N,B,N,B,N,B,N,B,B,B,B,B,N,B,N,N,N,N,B,N,N,N,B,N,B,N,N,B,B
GSTF9,N,B,B,N,B,N,B,N,B,N,B,B,B,B,B,N,B,N,B,N,B,B,N,N,N,B,N,B,N,N,B,B
GSTF10,N,B,B,N,B,N,B,N,B,N,B,B,B,B,B,N,B,N,B,N,B,B,N,N,N,B,N,B,N,N,B,B
GSTF8,N,B,B,N,N,N,B,N,B,N,B,N,N,B,B,N,B,N,B,N,B,B,N,N,N,B,N,B,N,N,B,B
GSTF11,N,B,N,N,B,N,N,N,B,N,B,B,B,N,N,N,N,N,B,N,B,N,N,N,N,B,N,B,N,N,B,N
GSTU8,N,N,B,N,B,N,B,N,B,N,B,B,B,B,B,N,B,N,N,N,N,B,N,N,N,B,N,B,N,N,B,B
GSTU27,N,N,B,N,B,N,B,N,B,N,B,B,B,B,B,N,B,N,N,N,N,B,N,N,N,B,N,B,N,N,B,B
GSTL2,N,N,B,N,N,N,B,B,B,N,B,N,N,B,B,N,B,N,N,B,N,B,N,N,N,B,N,B,N,N,B,B
ATGSTF13,N,B,B,N,B,N,B,N,B,N,B,B,B,B,B,N,B,N,B,N,B,B,N,N,N,B,N,B,N,N,B,B
GSTF2,N,B,N,N,B,N,N,N,B,N,B,B,B,B,N,N,N,N,B,N,B,N,N,N,N,B,N,B,N,N,B,B
GSTL1,N,N,B,N,N,N,B,B,B,N,B,N,N,B,B,N,B,N,N,B,N,B,N,N,N,B,N,B,N,N,B,B
GSTL3,N,N,B,N,N,N,B,B,B,N,B,N,N,B,B,N,B,N,N,B,N,B,N,N,N,B,N,B,N,N,B,B
GSTF12,N,B,N,N,B,N,N,N,B,N,B,B,B,B,N,N,N,N,B,N,B,N,N,N,N,B,N,B,N,N,B,B
GSTT1,N,B,B,N,N,N,B,N,B,N,B,N,N,B,B,N,B,N,B,N,B,B,N,N,N,B,N,B,N,N,B,B
GSTU9,N,N,B,N,B,N,B,N,B,N,B,B,B,B,B,N,B,N,N,N,N,B,N,N,N,B,N,B,N,N,B,B
GR1,B,N,N,N,N,N,N,N,N,N,B,N,N,B,N,N,N,N,N,N,N,B,N,N,B,N,N,N,N,N,N,N
GR,B,N,N,N,N,N,N,N,N,N,B,N,N,B,N,N,N,N,N,N,N,B,N,N,B,N,N,N,N,N,N,N
78,D,N,D,N,N,D,D,N,D,N,N,N,D,N,D,N,N,N,D,D,N,N,N,N,D,N,D,N,D,N,D,N
79,D,N,D,N,N,D,D,N,D,N,N,N,D,N,D,N,N,N,D,D,N,N,N,N,D,N,D,N,D,N,D,N
80,D,N,D,N,N,D,D,N,D,N,N,N,D,N,D,N,N,N,D,D,N,N,N,N,D,N,D,N,D,N,D,N
SPDS1,D,N,D,N,N,N,N,D,D,N,D,D,N,N,N,N,N,D,N,D,N,N,N,N,D,D,D,N,N,N,D,N
SPDS2,D,N,D,N,N,N,N,D,D,N,D,D,N,N,N,N,N,D,N,D,N,N,N,N,D,D,D,N,N,N,D,N
SPDS3,D,N,D,N,N,N,N,D,D,N,D,D,N,N,N,N,N,D,N,D,N,N,N,N,D,D,D,N,N,N,D,N
APX1,N,N,D,N,D,N,N,N,D,N,D,N,D,D,N,N,D,D,N,N,N,D,D,N,N,N,N,N,N,N,N,N
TAPX,N,N,D,N,D,N,N,N,D,N,D,N,D,D,N,N,N,D,N,N,N,N,D,N,N,N,N,N,N,N,N,N
APX2,N,N,D,N,D,N,N,N,D,N,D,N,D,D,N,N,D,D,N,N,N,D,D,N,N,N,N,N,N,N,N,N
SAPX,N,N,D,N,D,N,N,N,D,N,D,N,D,D,N,N,N,D,N,N,N,N,D,N,N,N,N,N,N,N,N,N
TL29,N,N,N,N,N,N,N,N,N,N,N,N,N,N,N,N,N,N,N,N,N,N,N,N,N,N,N,N,N,N,N,N
APX6,N,N,D,N,D,N,N,N,D,N,D,N,D,D,N,N,N,D,N,N,N,N,D,N,N,N,N,N,N,N,N,N
APX3,N,N,D,N,D,N,N,N,D,N,D,N,D,D,N,N,D,D,N,N,N,D,D,N,N,N,N,N,N,N,N,N
APX5,N,N,D,N,D,N,N,N,D,N,D,N,D,D,N,N,D,D,N,N,N,D,D,N,N,N,N,N,N,N,N,N
RNR1,D,N,D,N,N,D,D,D,D,N,D,N,D,D,N,D,D,D,D,D,D,D,D,D,N,D,N,D,D,N,D,N
RNR2A,N,N,A,N,N,A,N,N,N,N,N,N,N,N,N,N,A,N,N,A,A,N,N,N,A,N,N,A,N,N,A,N
TSO2,N,N,A,N,N,A,N,N,N,N,N,N,N,N,N,N,A,N,N,A,A,N,N,N,A,N,N,A,N,N,A,N
LAP1,N,D,N,N,D,D,D,D,D,N,D,N,D,N,D,D,D,D,D,D,D,D,D,D,N,D,D,D,N,D,D,D
96,N,D,N,N,D,D,D,D,D,N,D,N,D,N,D,D,D,D,D,D,D,D,D,D,N,D,D,D,N,D,D,D
LAP2,N,D,N,N,D,D,D,D,D,N,D,N,D,N,D,D,D,D,D,D,D,D,D,D,N,D,D,D,N,D,D,D
