gluA,N,A,A,N,N,N,N,N,N,N,A,N,N,A,N,A,N,N,N,N,N,A,N,N,N,N,N,N,N,A,A,N
2,N,N,N,N,N,N,N,N,N,N,N,N,N,N,N,N,N,N,N,N,N,N,N,N,N,N,N,N,N,N,N,N
gaa,N,N,N,N,N,C,N,N,C,N,C,N,N,N,C,N,N,N,N,N,C,C,N,N,N,N,N,N,N,N,C,C
4,D,N,D,N,N,N,N,D,D,N,D,D,D,N,N,D,N,N,D,N,D,D,N,D,D,N,N,N,N,N,N,N
celA,D,D,D,N,D,D,D,D,D,N,D,D,D,D,D,D,D,D,D,D,D,D,D,D,D,D,D,D,D,D,D,D
6,D,D,D,N,N,D,N,D,D,N,D,D,D,D,N,D,D,D,D,D,D,D,D,D,N,D,D,D,D,D,D,D
7,D,D,D,N,N,D,N,D,D,N,D,D,D,D,D,D,D,D,D,D,D,D,D,D,D,D,D,D,D,D,D,D
8,D,D,D,N,N,D,N,D,D,N,D,D,D,D,N,D,D,D,D,D,D,D,D,D,N,D,D,N,D,D,D,D
9,D,D,D,N,N,D,N,D,D,N,D,D,D,D,N,D,D,D,D,D,D,D,D,D,N,D,D,N,D,D,D,D
10,D,D,D,N,N,D,N,D,D,N,D,D,D,D,N,D,D,D,D,D,D,D,D,D,N,D,D,D,D,D,D,D
11,D,N,D,N,N,N,N,D,D,N,D,D,D,N,N,D,N,N,D,N,D,D,N,D,D,N,N,N,N,N,N,N
dcsA,N,N,N,N,N,N,N,N,N,N,N,N,N,N,N,N,N,N,N,N,N,N,N,N,N,N,N,N,N,N,N,N
ugpB,B,N,B,N,B,N,B,B,B,N,B,N,B,N,N,B,N,B,N,N,B,B,N,B,N,B,N,B,B,B,B,N
uppA,B,N,B,N,B,N,B,B,B,N,B,N,B,N,N,B,N,B,N,N,B,B,N,B,N,B,N,B,B,B,B,N
tpsB,N,B,N,N,N,N,N,B,B,N,B,N,B,B,B,N,B,B,N,B,N,N,N,B,N,N,B,B,B,N,N,N
tpsA,N,B,N,N,N,N,N,B,B,N,B,N,B,B,B,N,B,B,N,B,N,N,N,B,N,N,B,B,B,N,N,N
tpsC,N,B,N,N,N,N,N,B,B,N,B,N,B,B,B,N,B,B,N,B,N,N,N,B,N,N,B,B,B,N,N,N
glcS,N,N,N,N,N,N,N,N,N,N,N,N,N,N,N,N,N,N,N,N,N,N,N,N,N,N,N,N,N,N,N,N
pgmB,N,N,N,N,N,N,N,N,N,N,N,N,N,N,N,N,N,N,N,N,N,N,N,N,N,N,N,N,N,N,N,N
pgmA,N,N,N,N,N,N,N,N,N,N,N,N,N,N,N,N,N,N,N,N,N,N,N,N,N,N,N,N,N,N,N,N
21,B,B,N,B,N,N,B,N,N,N,N,N,N,N,B,N,N,N,B,N,N,B,N,N,N,N,N,N,N,N,N,N
gpi,N,N,N,N,N,N,N,N,N,N,N,N,N,N,N,N,N,N,N,N,N,N,N,N,N,N,N,N,N,N,N,N
glgB,N,N,B,N,N,N,B,N,N,N,N,N,N,N,N,N,N,N,B,N,N,N,N,N,N,N,N,N,N,N,B,N
24,N,N,D,N,N,N,N,N,D,N,N,N,N,D,N,N,D,N,N,N,N,N,N,N,N,N,N,D,D,N,N,N
amyA,N,N,B,N,N,N,B,N,N,N,N,N,N,N,N,N,N,N,B,N,N,N,N,N,N,N,N,N,N,N,B,N
glpV,N,N,N,N,N,N,N,N,N,N,N,N,N,N,N,N,N,N,N,N,N,N,N,N,N,N,N,N,N,N,N,N
agl,N,N,D,N,N,N,D,N,N,N,N,N,N,N,N,D,N,N,N,N,N,N,N,N,N,N,D,N,N,N,N,N
glpD,N,N,N,N,N,N,N,N,N,N,N,N,N,N,N,N,N,N,N,N,N,N,N,N,N,N,N,N,N,N,N,N
29,N,N,N,N,N,N,N,N,N,N,N,N,N,N,N,N,N,N,N,N,N,N,N,N,N,N,N,N,N,N,N,N
30,N,A,N,N,N,N,N,N,N,N,A,A,A,A,N,N,N,N,N,N,A,N,N,N,N,N,N,N,N,N,N,N
31,N,N,N,N,N,N,N,N,N,N,N,N,N,N,N,N,N,N,N,N,N,N,N,N,N,N,N,N,N,N,N,N
