CACNG3,N,N,N,N,N,N,N,N,N,N,N,N,N,N,N,N,N,N,N,N,N,N,N,N,N,N,N,N,N,N,N,N
MRD10;CACNG2,N,N,N,N,N,N,N,N,N,N,N,N,N,N,N,N,N,N,N,N,N,N,N,N,N,N,N,N,N,N,N,N
CACNG5,N,N,N,N,N,N,N,N,N,N,N,N,N,N,N,N,N,N,N,N,N,N,N,N,N,N,N,N,N,N,N,N
CACNG4,N,N,N,N,N,N,N,N,N,N,N,N,N,N,N,N,N,N,N,N,N,N,N,N,N,N,N,N,N,N,N,N
HSA272268;CACNA2D3,N,N,N,N,N,N,N,N,N,N,N,N,N,N,N,N,N,N,N,N,N,N,N,N,N,N,N,N,N,N,N,N
CACNG8,N,N,N,N,N,N,N,N,N,N,N,N,N,N,N,N,N,N,N,N,N,N,N,N,N,N,N,N,N,N,N,N
CACNG7,N,N,N,N,N,N,N,N,N,N,N,N,N,N,N,N,N,N,N,N,N,N,N,N,N,N,N,N,N,N,N,N
CACNG6,N,N,N,N,N,N,N,N,N,N,N,N,N,N,N,N,N,N,N,N,N,N,N,N,N,N,N,N,N,N,N,N
CACNA1C;CCHL1A1;CACH2;CaV1.2;TS;LQT8;CACN2;CACNL1A1,B,B,B,N,B,N,B,B,B,N,B,B,B,B,B,B,B,B,B,B,B,B,B,B,B,B,N,B,B,N,B,B
SANDD;CACH3;CCHL1A2;CACNL1A2;PASNA;CACNA1D;CACN4;Cav1.3,B,B,B,N,B,N,B,B,B,N,B,B,B,B,B,B,B,B,B,B,B,B,B,B,B,B,N,B,B,N,B,B
COD3;AIED;Cav1.4;CSNBX2;OA2;COD4;JMC8;CORDX;JM8;CORDX3;CACNA1F;CSNB2;Cav1.4alpha1;CSNB2A,B,B,B,N,B,N,B,B,B,N,B,B,B,B,B,B,B,B,B,B,B,B,B,B,B,B,N,B,B,N,B,B
CACNA1S;HOKPP;CACNL1A3;TTPP1;Cav1.1;MHS5;CCHL1A3;HOKPP1;hypoPP,B,B,B,N,B,N,B,B,B,N,B,B,B,B,B,B,B,B,B,B,B,B,B,B,B,B,N,B,B,N,B,B
CACNL2A;lncRNA-N3;MHS3;CACNA2;CCHL2A;LINC01112;CACNA2D1,N,N,N,N,N,N,N,N,N,N,N,N,N,N,N,N,N,N,N,N,N,N,N,N,N,N,N,N,N,N,N,N
CAB1;CCHLB1;CACNB1;CACNLB1,D,D,D,D,D,D,D,D,D,N,D,N,N,D,D,D,D,D,D,D,D,D,D,D,N,D,D,D,D,D,D,D
CACNLB2;MYSB;CAVB2;CACNB2,D,D,D,D,D,D,D,D,D,N,D,N,N,D,D,D,D,D,D,D,D,D,D,D,N,D,D,D,D,D,D,D
CACNLB3;CACNB3;CAB3,D,D,D,D,D,D,D,D,D,N,D,N,N,D,D,D,D,D,D,D,D,D,D,D,N,D,D,D,D,D,D,D
EJM;CAB4;CACNB4;EIG9;EJM4;EA5;CACNLB4;EJM6,D,D,D,D,D,D,D,D,D,N,D,N,N,D,D,D,D,D,D,D,D,D,D,D,N,D,D,D,D,D,D,D
CACNLG;CACNG1,N,N,N,N,N,N,N,N,N,N,N,N,N,N,N,N,N,N,N,N,N,N,N,N,N,N,N,N,N,N,N,N
CACNA2D;CACNA2D2,N,N,N,N,N,N,N,N,N,N,N,N,N,N,N,N,N,N,N,N,N,N,N,N,N,N,N,N,N,N,N,N
RCD4;CACNA2D4,N,N,N,N,N,N,N,N,N,N,N,N,N,N,N,N,N,N,N,N,N,N,N,N,N,N,N,N,N,N,N,N
RyR;ARVC2;RYR2;ARVD2;VTSIP;RYR-2,D,D,D,D,D,D,D,D,D,N,D,D,D,D,D,D,D,D,D,D,D,D,D,D,D,D,D,D,D,D,D,D
SLC8A1;NCX1,N,N,D,N,N,N,D,D,D,N,D,D,D,D,D,N,D,D,D,N,D,D,N,D,N,D,D,D,N,D,D,D
DAR;DD;ATP2A2;ATP2B;SERCA2,D,D,D,D,D,D,D,D,D,N,D,D,D,D,D,D,D,D,D,D,D,D,D,D,D,D,D,D,D,D,D,D
TNNC1;TN-C;TNC;TNNC;CMD1Z;CMH13,B,B,B,B,B,B,B,B,B,B,B,B,B,B,B,B,B,B,B,B,B,B,B,B,B,B,B,B,B,B,B,B
CMD2A;TNNC1;TNNI3;CMH7;CMD1FF;RCM1;cTnI,N,N,N,N,N,N,N,N,N,N,N,N,N,N,N,N,N,N,N,N,N,N,N,N,N,N,N,N,N,N,N,N
TnTC;CMD1D;CMPD2;cTnT;CMH2;LVNC6;TNNT2;RCM3,D,D,D,D,D,D,D,D,D,N,D,D,D,D,D,D,D,D,D,D,D,D,D,D,D,D,D,D,D,D,D,D
LVNC4;CMD1R;CMH11;ACTC;ASD5;ACTC1,D,D,D,D,D,D,D,D,D,D,D,D,D,D,D,D,D,D,D,D,D,D,D,D,D,D,D,D,D,D,D,D
LVNC9;C15orf13;TPM1;TMSA;CMH3;HEL-S-265;CMD1Y;HTM-alpha,D,D,D,D,D,D,D,D,D,N,D,D,D,D,D,D,D,D,D,D,D,D,D,D,D,D,D,D,D,D,D,D
TPM2;DA1;DA2B;AMCD1;TMSB;NEM4;HEL-S-273,D,D,D,D,D,D,D,D,D,N,D,D,D,D,D,D,D,D,D,D,D,D,D,D,D,D,D,D,D,D,D,D
CAPM1;CFTD;TM3;OK/SW-cl.5;TM5;TM-5;TM30nm;HEL-189;TPM3;NEM1;TPMsk3;TRK;hscp30;HEL-S-82p;TM30,D,D,D,D,D,D,D,D,D,N,D,D,D,D,D,D,D,D,D,D,D,D,D,D,D,D,D,D,D,D,D,D
TPM4;HEL-S-108,D,D,D,D,D,D,D,D,D,N,D,D,D,D,D,D,D,D,D,D,D,D,D,D,D,D,D,D,D,D,D,D
CMH14;MYHC;MYH6;MYHCA;alpha-MHC;SSS3;ASD3;CMD1EE,D,D,D,D,D,D,D,D,D,N,D,D,D,D,D,D,D,D,D,D,D,D,D,D,D,D,D,D,D,D,D,D
MPD1;SPMM;CMH1;SPMD;CMD1S;MYH7;MYHCB,D,D,D,D,D,D,D,D,D,N,D,D,D,D,D,D,D,D,D,D,D,D,D,D,D,D,D,D,D,D,D,D
CMH10;MLC-2s/v;MLC2;MYL2,B,B,B,B,B,N,B,B,B,N,B,B,B,B,B,B,B,B,B,B,B,B,B,B,B,B,B,B,B,B,B,B
MLC1SB;CMH8;VLC1;VLCl;MLC1V;MLC-lV/sb;MYL3,B,B,B,B,B,N,N,B,B,N,B,B,B,B,B,B,B,B,B,B,B,B,B,B,B,B,B,B,B,B,B,B
ALC1;MYL4;PRO1957;GT1;AMLC,B,B,B,B,B,N,N,B,B,N,B,B,B,B,B,B,B,B,B,B,B,B,B,B,B,B,B,B,B,B,B,B
NHE6;MRSA;SLC9A6,D,N,N,N,N,N,N,N,D,N,D,N,N,D,D,N,N,N,D,N,N,D,N,N,N,D,N,N,N,N,D,D
UQCR;UQCR11;QCR10;0710008D09Rik,N,N,N,N,N,N,N,N,N,N,N,N,N,N,N,N,N,N,N,N,N,N,N,N,N,N,N,N,N,N,N,N
CT59;COX6B2;COXVIB2,A,A,N,N,A,A,N,N,A,N,N,N,N,N,N,N,N,A,A,N,N,A,N,N,N,N,N,N,N,A,A,A
COX_IV-1;COX4;COXIV;COXIV-1;COX4I1;COX4-1,N,N,N,N,N,N,N,N,N,N,N,N,N,N,N,N,N,N,N,N,N,N,N,N,N,N,N,N,N,N,N,N
COXVB;COX5B,A,N,A,N,N,A,N,A,A,N,A,A,N,N,N,N,A,N,A,N,A,N,N,A,N,A,N,N,N,N,A,A
COX6A1;COX6AL;COX6A;CMTRID,N,N,A,N,N,A,A,N,A,N,A,N,N,A,N,N,N,N,N,N,N,N,N,A,N,N,N,N,N,N,N,N
COX6AH;COX6A2;COXVIAH,N,N,A,N,N,A,A,N,A,N,A,N,N,A,N,N,N,N,N,N,N,N,N,A,N,N,N,N,N,N,N,N
COX6B1;COXVIb1;COXG;COX6B,A,A,N,N,A,A,N,N,A,N,N,N,N,N,N,N,N,A,A,N,N,A,N,N,N,N,N,N,N,A,A,A
COX6C,N,N,N,N,N,N,N,N,N,N,N,N,N,N,N,N,N,N,N,N,N,N,N,N,N,N,N,N,N,N,N,N
COX7AM;COX7A;COX7AH;COX7A1,N,N,N,N,N,N,N,N,N,N,N,N,N,N,N,N,N,N,N,N,N,N,N,N,N,N,N,N,N,N,N,N
COX7A2;COXVIIa-L;VIIAL;COX7AL;COXVIIAL;COX7AL1,N,N,N,N,N,N,N,N,N,N,N,N,N,N,N,N,N,N,N,N,N,N,N,N,N,N,N,N,N,N,N,N
COX7B;LSDMCA2;APLCC,N,N,N,N,N,N,N,N,N,N,N,N,N,N,N,N,N,N,N,N,N,N,N,N,N,N,N,N,N,N,N,N
COX7C,N,N,N,N,N,N,N,N,N,N,N,N,N,N,N,N,N,N,N,N,N,N,N,N,N,N,N,N,N,N,N,N
COX;COX8L;COX8;VIII-L;COX8A;VIII;COX8-2,N,N,N,N,N,N,N,N,N,N,N,N,N,N,N,N,N,N,N,N,N,N,N,N,N,N,N,N,N,N,N,N
MC3DN6;CYC1;UQCR4,B,B,B,N,B,B,B,B,B,N,B,N,N,B,B,N,N,N,B,B,B,B,B,N,B,N,N,B,B,B,N,B
COX7B2,N,N,N,N,N,N,N,N,N,N,N,N,N,N,N,N,N,N,N,N,N,N,N,N,N,N,N,N,N,N,N,N
UQCR7;QPC;QCR8;QP-C;MC3DN4;UQCRQ,N,N,N,N,N,N,N,N,N,N,N,N,N,N,N,N,N,N,N,N,N,N,N,N,N,N,N,N,N,N,N,N
HSPC151;HSPC051;UCRC;QCR9;HSPC119;UQCR10;UCCR7.2,N,A,N,N,N,N,A,N,A,N,N,N,N,A,N,N,N,N,A,A,N,N,N,N,A,A,N,A,N,N,A,N
COX8-3;COX8C,N,N,N,N,N,N,N,N,N,N,N,N,N,N,N,N,N,N,N,N,N,N,N,N,N,N,N,N,N,N,N,N
UQCRHL,N,N,N,N,N,N,N,N,A,N,A,N,N,A,A,A,A,N,N,N,N,A,N,N,N,N,N,N,N,N,N,A
COI;MT-CO1;MTCO1;COX1,N,N,N,N,N,N,N,N,N,N,N,N,N,N,N,N,N,N,N,N,N,N,N,N,N,N,N,N,N,N,N,N
COX2;MT-CO2;COII;MTCO2,N,N,N,N,N,N,N,N,N,N,N,N,N,N,N,N,N,N,N,N,N,N,N,N,N,N,N,N,N,N,N,N
MT-CO3;COIII;COX3;MTCO3,N,N,N,N,N,N,N,N,N,N,N,N,N,N,N,N,N,N,N,N,N,N,N,N,N,N,N,N,N,N,N,N
MTCYB;CYTB;MT-CYB,N,D,N,N,N,D,N,D,D,N,N,N,D,N,N,N,N,D,N,D,N,N,D,N,N,D,N,N,N,N,D,N
QCR7;QPC;UQBC;UQCR6;UQPC;MC3DN3;UQBP;QP-C;UQCRB,A,N,N,N,N,N,N,N,A,N,N,A,N,A,N,N,N,N,N,N,N,N,N,N,N,N,N,A,A,A,A,A
UQCRC1;QCR1;D3S3191;UQCR1,N,B,N,B,N,N,N,B,N,N,N,N,N,N,B,N,B,N,N,N,N,N,B,N,B,N,B,N,N,N,B,N
UQCR2;UQCRC2;QCR2;MC3DN5,N,B,N,B,N,N,N,B,N,N,N,N,N,N,B,N,B,N,N,N,N,N,B,N,B,N,B,N,N,N,B,N
UQCRFS1;RIS1;RISP;RIP1;UQCR5,N,N,N,N,B,N,B,B,B,N,B,N,B,B,N,N,B,B,B,N,B,B,B,B,B,B,N,B,N,B,B,B
UQCR8;QCR6;UQCRH,N,N,N,N,N,N,N,N,A,N,A,N,N,A,A,A,A,N,N,N,N,A,N,N,N,N,N,N,N,N,N,A
COX4-2;COX4I2;COXIV-2;COX4L2;COX4;dJ857M17.2;COX4B,N,N,N,N,N,N,N,N,N,N,N,N,N,N,N,N,N,N,N,N,N,N,N,N,N,N,N,N,N,N,N,N
EB1;SIG81;COX7RP;COX7AR;COX7A2L,N,N,N,N,N,N,N,N,N,N,N,N,N,N,N,N,N,N,N,N,N,N,N,N,N,N,N,N,N,N,N,N
COX;COX-VA;VA;COX5A,N,N,N,N,N,N,N,N,N,N,N,N,N,N,N,N,N,N,N,N,N,N,N,N,N,N,N,N,N,N,N,N
ATP1B4,N,N,N,N,N,N,N,N,N,N,N,N,N,N,N,N,N,N,N,N,N,N,N,N,N,N,N,N,N,N,N,N
ATP1A1,D,D,D,D,D,D,D,D,D,N,D,D,D,D,D,D,D,D,D,D,D,D,D,D,D,D,D,D,D,D,D,D
ATP1A2;MHP2;FHM2,D,D,D,D,D,D,D,D,D,N,D,D,D,D,D,D,D,D,D,D,D,D,D,D,D,D,D,D,D,D,D,D
ATP1A3;AHC2;ATP1A1;DYT12;CAPOS;RDP,D,D,D,D,D,D,D,D,D,N,D,D,D,D,D,D,D,D,D,D,D,D,D,D,D,D,D,D,D,D,D,D
ATP1A1;ATP1AL2;ATP1A4,D,D,D,D,D,D,D,D,D,N,D,D,D,D,D,D,D,D,D,D,D,D,D,D,D,D,D,D,D,D,D,D
ATP1B;ATP1B1,N,N,N,N,N,N,N,N,N,N,N,N,N,N,N,N,N,N,N,N,N,N,N,N,N,N,N,N,N,N,N,N
AMOG;ATP1B2,N,N,N,N,N,N,N,N,N,N,N,N,N,N,N,N,N,N,N,N,N,N,N,N,N,N,N,N,N,N,N,N
ATPB-3;CD298;ATP1B3,N,N,N,N,N,N,N,N,N,N,N,N,N,N,N,N,N,N,N,N,N,N,N,N,N,N,N,N,N,N,N,N
ATP1G1;FXYD2;HOMG2,N,N,N,N,N,N,N,N,N,N,N,N,N,N,N,N,N,N,N,N,N,N,N,N,N,N,N,N,N,N,N,N
SLC9A1;APNH;NHE1;LIKNS;PPP1R143;NHE-1,D,N,N,N,N,N,N,N,D,N,D,N,N,D,D,N,N,N,D,N,N,D,N,N,N,D,N,N,N,N,D,D
