TNF;TNFA;TNFSF2;DIF;TNLG1F;TNF-alpha,N,N,N,N,N,N,N,N,N,N,N,N,N,N,N,N,N,N,N,N,N,N,N,N,N,N,N,N,N,N,N,N
TNFR1;p60;TNF-R55;p55;TNF-R;TNFRSF1A;TBP1;CD120a;TNFR60;p55-R;TNFR55;TNFAR;FPF;TNF-R-I,N,N,N,N,N,N,N,N,N,N,N,N,N,N,N,N,N,N,N,N,N,N,N,N,N,N,N,N,N,N,N,N
TRADD;Hs.89862,N,N,N,N,N,N,N,N,N,N,N,N,N,N,N,N,N,N,N,N,N,N,N,N,N,N,N,N,N,N,N,N
TRAP;TRAP3;TRAF2;MGC:45012,A,N,A,N,N,N,A,N,N,N,A,N,N,A,N,N,A,N,N,N,A,N,N,N,N,N,N,N,N,N,A,N
TRAF5;MGC:39780;RNF84,A,A,A,A,N,A,A,A,N,N,A,A,N,A,A,A,A,N,A,A,A,N,A,N,A,A,N,N,N,A,A,A
MLKL;hMLKL,D,D,D,D,D,D,D,D,D,N,D,D,D,D,D,D,D,D,D,D,D,D,D,D,D,D,D,D,D,D,D,D
CD284;TLR4;ARMD10;TOLL;TLR-4,D,D,D,D,D,D,D,D,D,N,D,D,D,D,D,D,D,D,D,D,D,D,D,D,D,D,D,D,D,D,D,D
IFNAR1;IFN-alpha-REC;IFRC;IFNBR;IFNAR;AVP,N,N,N,N,N,N,N,N,N,N,N,N,N,N,N,N,N,N,N,N,N,N,N,N,N,N,N,N,N,N,N,N
IFN-alpha-REC;IMD45;IFNAR2;IFNABR;IFNARB;IFN-R,N,N,N,N,N,N,N,N,N,N,N,N,N,N,N,N,N,N,N,N,N,N,N,N,N,N,N,N,N,N,N,N
IMD27A;IMD27B;IFNGR1;CD119;IFNGR,N,N,N,N,N,N,N,N,N,N,N,N,N,N,N,N,N,N,N,N,N,N,N,N,N,N,N,N,N,N,N,N
IFNGR2;IFNGT1;IMD28;AF-1;IFGR2,N,N,N,N,N,N,N,N,N,N,N,N,N,N,N,N,N,N,N,N,N,N,N,N,N,N,N,N,N,N,N,N
IFN;IFNA13;IFN-ALPHA;IFN-alphaD;IFNA@;IFNA1;IFL,N,N,N,N,N,N,N,N,N,N,N,N,N,N,N,N,N,N,N,N,N,N,N,N,N,N,N,N,N,N,N,N
IFN-alphaA;IFNA2B;IFNA;IFNA2;INFA2,N,N,N,N,N,N,N,N,N,N,N,N,N,N,N,N,N,N,N,N,N,N,N,N,N,N,N,N,N,N,N,N
IFN-alpha4a;IFNA4;INFA4,N,N,N,N,N,N,N,N,N,N,N,N,N,N,N,N,N,N,N,N,N,N,N,N,N,N,N,N,N,N,N,N
IFN-alphaG;leIF_G;IFN-alpha-5;INA5;INFA5;IFNA5,N,N,N,N,N,N,N,N,N,N,N,N,N,N,N,N,N,N,N,N,N,N,N,N,N,N,N,N,N,N,N,N
IFN-alphaK;IFNA6,N,N,N,N,N,N,N,N,N,N,N,N,N,N,N,N,N,N,N,N,N,N,N,N,N,N,N,N,N,N,N,N
IFN-alphaJ;IFNA7;IFNA-J,N,N,N,N,N,N,N,N,N,N,N,N,N,N,N,N,N,N,N,N,N,N,N,N,N,N,N,N,N,N,N,N
IFNA8;IFN-alphaB,N,N,N,N,N,N,N,N,N,N,N,N,N,N,N,N,N,N,N,N,N,N,N,N,N,N,N,N,N,N,N,N
IFNA10;IFN-alphaC,N,N,N,N,N,N,N,N,N,N,N,N,N,N,N,N,N,N,N,N,N,N,N,N,N,N,N,N,N,N,N,N
IFNA13,N,N,N,N,N,N,N,N,N,N,N,N,N,N,N,N,N,N,N,N,N,N,N,N,N,N,N,N,N,N,N,N
IFNA14;IFN-alphaH;LEIF2H,N,N,N,N,N,N,N,N,N,N,N,N,N,N,N,N,N,N,N,N,N,N,N,N,N,N,N,N,N,N,N,N
IFN-alpha-16;IFN-alphaO;IFNA16,N,N,N,N,N,N,N,N,N,N,N,N,N,N,N,N,N,N,N,N,N,N,N,N,N,N,N,N,N,N,N,N
IFNA17;IFNA;INFA;IFN-alphaI;LEIF2C1,N,N,N,N,N,N,N,N,N,N,N,N,N,N,N,N,N,N,N,N,N,N,N,N,N,N,N,N,N,N,N,N
IFNA21;LeIF_F;IFN-alphaI;leIF-F,N,N,N,N,N,N,N,N,N,N,N,N,N,N,N,N,N,N,N,N,N,N,N,N,N,N,N,N,N,N,N,N
IFNB;IFF;IFB;IFNB1;IFN-beta,N,N,N,N,N,N,N,N,N,N,N,N,N,N,N,N,N,N,N,N,N,N,N,N,N,N,N,N,N,N,N,N
IFI;IFG;IFNG,N,N,N,N,N,N,N,N,N,N,N,N,N,N,N,N,N,N,N,N,N,N,N,N,N,N,N,N,N,N,N,N
JTK3;JAK1A;JAK1B;JAK1,D,D,D,D,D,D,D,D,D,N,D,D,D,D,D,D,D,D,D,D,D,D,D,D,D,D,D,D,D,D,D,D
JTK10;THCYT3;JAK2,D,D,D,D,D,D,D,D,D,N,D,D,D,D,D,D,D,D,D,D,D,D,D,D,D,D,D,D,D,D,D,D
JAKL;JAK3_HUMAN;JAK3;L-JAK;JAK-3;LJAK,D,D,D,D,D,D,D,D,D,N,D,D,D,D,D,D,D,D,D,D,D,D,D,D,D,D,D,D,D,D,D,D
IMD35;TYK2;JTK1,D,D,D,D,D,D,D,D,D,D,D,D,D,D,D,D,D,D,D,D,D,D,D,D,D,D,D,D,D,D,D,D
TRAIL-R4;DCR2;TRUNDD;TRAILR4;CD264;TNFRSF10D,N,N,N,N,N,N,N,N,N,N,N,N,N,N,N,N,N,N,N,N,N,N,N,N,N,N,N,N,N,N,N,N
TRAILR3;CD263;DCR1-TNFR;TNFRSF10C;DCR1;TRAIL-R3;LIT;TRID,N,N,N,N,N,N,N,N,N,N,N,N,N,N,N,N,N,N,N,N,N,N,N,N,N,N,N,N,N,N,N,N
KILLER/DR5;TRICKB;TNFRSF10B;TRAILR2;TRAIL-R2;TRICK2A;ZTNFR9;TRICK2;DR5;CD262;TRICK2B;KILLER,N,N,N,N,N,N,N,N,N,N,N,N,N,N,N,N,N,N,N,N,N,N,N,N,N,N,N,N,N,N,N,N
DR4;TRAILR1;CD261;APO2;TNFRSF10A;TRAILR-1,N,N,N,N,N,N,N,N,N,N,N,N,N,N,N,N,N,N,N,N,N,N,N,N,N,N,N,N,N,N,N,N
TRAIL;TNFSF10;Apo-2L;CD253;APO2L;TL2;TNLG6A,N,N,N,N,N,N,N,N,N,N,N,N,N,N,N,N,N,N,N,N,N,N,N,N,N,N,N,N,N,N,N,N
FAS1;FAS;TNFRSF6;ALPS1A;FASTM;APO-1;APT1;CD95,N,N,N,N,N,N,N,N,N,N,N,N,N,N,N,N,N,N,N,N,N,N,N,N,N,N,N,N,N,N,N,N
ALPS1B;FASL;APTL;TNLG1A;FASLG;CD95L;APT1LG1;CD95-L;CD178;TNFSF6,N,N,N,N,N,N,N,N,N,N,N,N,N,N,N,N,N,N,N,N,N,N,N,N,N,N,N,N,N,N,N,N
API1;MIHB;RNF48;BIRC2;c-IAP1;cIAP1;HIAP2;Hiap-2,D,D,D,D,D,N,D,D,D,N,D,D,D,D,D,D,D,D,D,D,D,D,D,D,N,D,N,N,N,D,D,D
HAIP1;HIAP1;c-IAP2;MIHC;RNF49;API2;CIAP2;BIRC3;AIP1;MALT2,A,A,A,A,A,N,A,A,A,N,A,A,A,A,A,A,A,A,A,A,A,A,A,A,N,A,N,N,N,A,A,A
hIAP-3;hIAP3;API3;IAP-3;MIHA;ILP1;XLP2;BIRC4;XIAP,D,D,D,D,D,N,D,D,D,N,D,D,D,N,D,D,D,N,D,N,D,D,D,D,N,D,D,N,N,D,D,N
CAP4;MCH5;FLICE;MACH;Casp-8;ALPS2B;CASP8,N,N,N,N,N,N,N,N,N,N,N,N,N,N,N,N,N,N,N,N,N,N,N,N,N,N,N,N,N,N,N,N
FLIP;c-FLIPR;CFLAR;c-FLIPS;Casper;c-FLIP;MRIT;c-FLIPL;FLAME;CASH;FLAME-1;FLAME1;CLARP;I-FLICE;CASP8AP1,N,N,N,N,N,N,N,N,N,N,N,N,N,N,N,N,N,N,N,N,N,N,N,N,N,N,N,N,N,N,N,N
MFT;CYLDI;USPL2;CYLD;EAC;SBS;TEM;BRSS;CDMT;MFT1;CYLD1,A,A,A,A,A,A,A,A,A,N,A,A,A,A,A,N,A,A,A,A,A,A,A,A,A,A,A,A,A,A,A,A
TRP-PLIK;CHAK1;TRPM7;LTrpC-7;CHAK;LTRPC7;ALSPDC,D,D,D,D,D,D,D,D,D,N,D,D,D,D,D,D,D,D,D,D,D,D,D,D,D,D,D,D,D,D,D,D
IIAE2;CD283;TLR3,D,D,D,D,D,D,D,D,D,N,D,D,D,D,D,D,D,D,D,D,D,D,D,D,D,D,D,D,D,D,D,D
RIPK1;RIP;RIP1;RIP-1,D,D,D,D,D,D,D,D,D,D,D,D,D,D,D,D,D,D,D,D,D,D,D,D,D,D,D,D,D,D,D,D
MORT1;GIG3;FADD,N,N,N,N,N,N,N,N,N,N,N,N,N,N,N,N,N,N,N,N,N,N,N,N,N,N,N,N,N,N,N,N
OTUD7C;AISBL;TNFA1P2;A20;TNFAIP3,N,A,A,N,N,N,N,A,N,N,A,N,N,A,A,A,N,N,A,A,N,N,N,N,N,N,N,N,A,N,A,A
CGI-03;UBXD12;FAF1;UBXN3A;HFAF1s;hFAF1,A,A,N,N,N,N,A,A,A,N,A,A,N,A,N,N,A,A,N,N,N,N,N,N,A,A,N,N,A,N,A,A
PKR;EIF2AK1;EIF2AK2;PPP1R83;PRKR,D,D,D,D,D,D,D,D,D,D,D,D,D,D,D,D,D,D,D,D,D,D,D,D,D,D,D,D,D,D,D,D
RIPK3;RIP3,D,D,D,D,D,D,D,D,D,D,D,D,D,D,D,D,D,D,D,D,D,D,D,D,D,D,D,D,D,D,D,D
IIAE6;PRVTIRB;MyD88-3;TRIF;TICAM1;TICAM-1,N,A,N,N,N,A,N,N,N,N,N,N,N,N,A,N,N,N,N,N,N,N,N,N,N,N,N,N,N,N,A,N
RBCK2;PGBM1;UBCE7IP3;PBMEI;RBCK1;C20orf18;HOIL1;XAP3;ZRANB4;XAP4;RNF54;HOIL-1,C,C,C,C,C,N,C,C,C,N,C,C,C,C,C,C,C,C,C,C,C,C,C,C,C,C,C,C,N,C,C,C
HOIP;RNF31;Paul;ZIBRA,D,N,D,N,D,N,N,D,D,N,D,N,N,D,D,N,D,N,D,D,D,N,D,D,N,D,N,N,N,D,D,D
SHARPIN;SIPL1,N,N,N,N,N,N,N,N,N,N,N,N,N,N,N,N,N,N,N,N,N,N,N,N,N,N,N,N,N,N,N,N
TICAM-2;TIRAP3;TRAM;TIRP;MyD88-4;TICAM2,N,A,N,N,N,A,N,N,N,N,N,N,N,N,A,N,N,N,N,N,N,N,N,N,N,N,N,N,N,N,A,N
ISGF3;IRF9;ISGF3G;IRF-9;p48,N,N,N,N,N,N,N,N,N,N,N,N,N,N,N,N,N,N,N,N,N,N,N,N,N,N,N,N,N,N,N,N
IMD31C;ISGF-3;CANDF7;STAT1;IMD31B;IMD31A;STAT91,N,N,N,N,N,N,N,N,N,N,N,N,N,N,N,N,N,N,N,N,N,N,N,N,N,N,N,N,N,N,N,N
P113;STAT113;ISGF-3;STAT2;IMD44,N,N,N,N,N,N,N,N,N,N,N,N,N,N,N,N,N,N,N,N,N,N,N,N,N,N,N,N,N,N,N,N
ADMIO;HIES;ADMIO1;APRF;STAT3,N,N,N,N,N,N,N,N,N,N,N,N,N,N,N,N,N,N,N,N,N,N,N,N,N,N,N,N,N,N,N,N
STAT4;SLEB11,N,N,N,N,N,N,N,N,N,N,N,N,N,N,N,N,N,N,N,N,N,N,N,N,N,N,N,N,N,N,N,N
STAT5A;STAT5;MGF,N,N,N,N,N,N,N,N,N,N,N,N,N,N,N,N,N,N,N,N,N,N,N,N,N,N,N,N,N,N,N,N
STAT5;STAT5B,N,N,N,N,N,N,N,N,N,N,N,N,N,N,N,N,N,N,N,N,N,N,N,N,N,N,N,N,N,N,N,N
STAT6;IL-4-STAT;D12S1644;STAT6C;STAT6B,N,N,N,N,N,N,N,N,N,N,N,N,N,N,N,N,N,N,N,N,N,N,N,N,N,N,N,N,N,N,N,N
NF-HEV;NFEHEV;DVS27;IL1F11;C9orf26;IL33,N,N,N,N,N,N,N,N,N,N,N,N,N,N,N,N,N,N,N,N,N,N,N,N,N,N,N,N,N,N,N,N
IL1A;IL1;IL1-ALPHA;IL-1A;IL1F1,N,N,N,N,N,N,N,N,N,N,N,N,N,N,N,N,N,N,N,N,N,N,N,N,N,N,N,N,N,N,N,N
HMG3;HMG1;HMGB1;HMG-1;SBP-1,A,A,A,A,A,A,A,A,A,N,A,A,A,A,A,A,A,A,A,A,A,A,A,A,A,A,A,A,A,A,A,A
HSP90N;LAP-2;HEL-S-65p;Hsp89;HSPC1;LAP2;EL52;HSP86;Hsp103;HSP90AA1;HSPCA;HSPN;HSPCAL4;Hsp90;HSPCAL1;HSP89A;HSP90A,B,B,B,B,B,B,B,B,B,B,B,N,B,B,B,N,B,B,B,B,B,N,B,B,B,B,N,B,N,B,B,B
HSP84;D6S182;HSP90AB1;HSPC2;HSP90B;HSPCB,B,B,B,B,B,B,B,B,B,B,B,N,B,B,B,N,B,B,B,B,B,N,B,B,B,B,N,B,N,B,B,B
DLM-1;ZBP1;DAI;C20orf183;DLM1,N,N,N,N,N,N,N,N,N,N,N,N,N,N,N,N,N,N,N,N,N,N,N,N,N,N,N,N,N,N,N,N
tamo;SPATA2L;C16orf76,N,N,N,N,N,N,N,N,N,N,N,N,N,N,N,N,N,N,N,N,N,N,N,N,N,N,N,N,N,N,N,N
PPP1R145;tamo;PD1;SPATA2,N,N,N,N,N,N,N,N,N,N,N,N,N,N,N,N,N,N,N,N,N,N,N,N,N,N,N,N,N,N,N,N
USP16;USP23;USP21,B,B,B,B,B,B,B,B,B,N,B,B,B,B,B,B,B,B,B,B,B,B,B,B,B,B,B,B,B,B,B,B
GPBB;PYGB,N,N,N,N,N,N,N,N,N,N,N,N,N,N,N,N,N,N,N,N,N,N,N,N,N,N,N,N,N,N,N,N
PYGL;GSD6,N,N,N,N,N,N,N,N,N,N,N,N,N,N,N,N,N,N,N,N,N,N,N,N,N,N,N,N,N,N,N,N
PYGM,N,N,N,N,N,N,N,N,N,N,N,N,N,N,N,N,N,N,N,N,N,N,N,N,N,N,N,N,N,N,N,N
PIG59;GS;PIG43;GLUL;GLNS,N,N,N,N,N,N,N,N,N,N,N,N,N,N,N,N,N,N,N,N,N,N,N,N,N,N,N,N,N,N,N,N
GDH;GLUD1;GLUD;GDH1,N,D,N,N,N,N,N,N,D,N,N,N,D,D,N,N,N,D,N,N,N,N,N,D,N,N,N,N,N,N,N,N
GLUD2;GDH2;GLUDP1,N,D,N,N,N,N,N,N,D,N,N,N,D,D,N,N,N,D,N,N,N,N,N,D,N,N,N,N,N,N,N,N
PEO2;T1;PEO3;AAC1;ANT;PEOA2;ANT_1;MTDPS12A;MTDPS12;SLC25A4;ANT1,A,A,A,N,A,A,A,A,A,N,A,A,A,A,A,A,A,A,A,A,A,A,A,A,A,A,A,A,A,A,A,A
T2;AAC2;2F1;SLC25A5;T3;ANT2,A,A,A,N,A,A,A,A,A,N,A,A,A,A,A,A,A,A,A,A,A,A,A,A,A,A,A,A,A,A,A,A
ANT_3;ANT;ANT3;SLC25A6;ANT_2;ANT3Y;AAC3,A,A,A,N,A,A,A,A,A,N,A,A,A,A,A,A,A,A,A,A,A,A,A,A,A,A,A,A,A,A,A,A
AAC4;SFEC35kDa;SLC25A31;ANT_4;ANT4,A,A,A,N,A,A,A,A,A,N,A,A,A,A,A,A,A,A,A,A,A,A,A,A,A,A,A,A,A,A,A,A
SMPD1;ASMASE;NPD;ASM,N,N,N,N,N,N,N,N,N,N,N,N,N,N,N,N,N,N,N,N,N,N,N,N,N,N,N,N,N,N,N,N
BXLBV68;PGAM5,N,N,N,N,N,N,N,N,N,N,N,N,N,N,N,N,N,N,N,N,N,N,N,N,N,N,N,N,N,N,N,N
EMPF;DLP1;OPA5;DRP1;EMPF1;HDYNIV;DNM1L;DYMPLE;DVLP,A,A,A,A,A,A,A,A,A,N,A,N,A,A,A,A,A,A,A,A,A,A,A,A,A,A,A,A,N,N,A,N
PYPAF1;CIAS1;AII;FCU;FCAS1;MWS;FCAS;C1orf7;AGTAVPRL;AVP;NLRP3;NALP3;CLR1.1,D,D,D,D,D,D,D,D,D,N,D,D,D,D,D,D,D,D,D,D,D,D,D,D,D,D,D,D,D,D,D,D
IL1B;IL1F2;IL1-BETA;IL-1,N,N,N,N,N,N,N,N,N,N,N,N,N,N,N,N,N,N,N,N,N,N,N,N,N,N,N,N,N,N,N,N
CARD5;TMS1;TMS-1;ASC;TMS;PYCARD,N,N,N,N,N,N,N,N,N,N,N,N,N,N,N,N,N,N,N,N,N,N,N,N,N,N,N,N,N,N,N,N
CASP1;ICE;P45;IL1BC,N,N,N,N,N,N,N,N,N,N,N,N,N,N,N,N,N,N,N,N,N,N,N,N,N,N,N,N,N,N,N,N
SAPK1;JNK;SAPK1c;PRKM8;JNK21B1/2;MAPK8;JNK1A2;JNK1;JNK-46,D,D,D,D,D,D,D,D,D,D,D,D,D,D,D,D,D,D,D,D,D,D,D,D,D,D,D,D,D,D,D,D
p54aSAPK;MAPK9;p54a;JNK2B;JNK-55;JNK2BETA;SAPK;JNK2;SAPK1a;JNK2ALPHA;JNK2A;PRKM9,D,D,D,D,D,D,D,D,D,D,D,D,D,D,D,D,D,D,D,D,D,D,D,D,D,D,D,D,D,D,D,D
JNK3;SAPK1b;MAPK10;JNK3A;PRKM10;p54bSAPK;p493F12,D,D,D,D,D,D,D,D,D,D,D,D,D,D,D,D,D,D,D,D,D,D,D,D,D,D,D,D,D,D,D,D
FTH1;FTHL6;HFE5;PIG15;FTH;PLIF;FHC,N,N,N,N,N,N,N,N,N,N,N,N,N,N,N,N,N,N,N,N,N,N,N,N,N,N,N,N,N,N,N,N
FTL;LFTD;NBIA3,N,N,N,N,N,N,N,N,N,N,N,N,N,N,N,N,N,N,N,N,N,N,N,N,N,N,N,N,N,N,N,N
CANP1;CANPL1;SPG76;muCANP;CAPN1;muCL;CANP,D,D,D,N,D,D,D,D,D,N,D,D,D,D,D,D,D,D,D,D,D,D,D,D,D,D,D,D,D,D,D,D
CANPL2;CANPml;mCANP;CANP2;CAPN2,D,D,D,N,D,D,D,D,D,N,D,D,D,D,D,D,D,D,D,D,D,D,D,D,D,D,D,D,D,D,D,D
FP497;BID,N,N,N,N,N,N,N,N,N,N,N,N,N,N,N,N,N,N,N,N,N,N,N,N,N,N,N,N,N,N,N,N
H2AA;TH2A;HIST1H2AA;bA317E16.2;H2AFR,B,B,B,B,B,B,B,B,B,B,B,B,B,B,B,B,B,B,B,B,B,B,B,B,B,B,B,B,B,B,B,B
HIST1H2AE;H2A.1;H2AFA;H2A/a;H2A.2,B,B,B,B,B,B,B,B,B,B,B,B,B,B,B,B,B,B,B,B,B,B,B,B,B,B,B,B,B,B,B,B
HIST1H2AD;H2A.3;H2A/g;H2AFG,B,B,B,B,B,B,B,B,B,B,B,B,B,B,B,B,B,B,B,B,B,B,B,B,B,B,B,B,B,B,B,B
H2AX;H2AFX;H2A/X;H2A.X,B,B,B,B,B,B,B,B,B,B,B,B,B,B,B,B,B,B,B,B,B,B,B,B,B,B,B,B,B,B,B,B
H2A.z;H2AZ;H2AFZ;H2A.Z-1;H2A/z,B,B,B,B,B,B,B,B,B,B,B,B,B,B,B,B,B,B,B,B,B,B,B,B,B,B,B,B,B,B,B,B
HIST2H2AB;H2AB,B,B,B,B,B,B,B,B,B,B,B,B,B,B,B,B,B,B,B,B,B,B,B,B,B,B,B,B,B,B,B,B
H2A.Bbd;H2AFB2,B,B,B,B,B,B,B,B,B,B,B,B,B,B,B,B,B,B,B,B,B,B,B,B,B,B,B,B,B,B,B,B
H2A.B;H2A.Bbd;H2AFB1,B,B,B,B,B,B,B,B,B,B,B,B,B,B,B,B,B,B,B,B,B,B,B,B,B,B,B,B,B,B,B,B
macroH2A2;H2AFY2,D,D,D,D,D,D,D,D,D,D,D,D,D,D,D,D,D,D,D,D,D,D,D,D,D,D,D,D,D,D,D,D
H2AFJ;H2AJ,B,B,B,B,B,B,B,B,B,B,B,B,B,B,B,B,B,B,B,B,B,B,B,B,B,B,B,B,B,B,B,B
H2A/R;HIST2H2AA4,B,B,B,B,B,B,B,B,B,B,B,B,B,B,B,B,B,B,B,B,B,B,B,B,B,B,B,B,B,B,B,B
H2A/c;HIST1H2AI;H2AFC,B,B,B,B,B,B,B,B,B,B,B,B,B,B,B,B,B,B,B,B,B,B,B,B,B,B,B,B,B,B,B,B
HIST1H2AK;H2AFD;H2A/d,B,B,B,B,B,B,B,B,B,B,B,B,B,B,B,B,B,B,B,B,B,B,B,B,B,B,B,B,B,B,B,B
dJ160A22.4;HIST1H2AJ;H2A/E;H2AFE,B,B,B,B,B,B,B,B,B,B,B,B,B,B,B,B,B,B,B,B,B,B,B,B,B,B,B,B,B,B,B,B
H2A.i;H2AFI;HIST1H2AL;H2A/i;dJ193B12.9,B,B,B,B,B,B,B,B,B,B,B,B,B,B,B,B,B,B,B,B,B,B,B,B,B,B,B,B,B,B,B,B
H2A/l;dJ221C16.4;HIST1H2AC;H2AFL,B,B,B,B,B,B,B,B,B,B,B,B,B,B,B,B,B,B,B,B,B,B,B,B,B,B,B,B,B,B,B,B
H2A/m;H2AFM;HIST1H2AB,B,B,B,B,B,B,B,B,B,B,B,B,B,B,B,B,B,B,B,B,B,B,B,B,B,B,B,B,B,B,B,B
HIST1H2AM;H2A/n;dJ193B12.1;H2A.1;H2AFN,B,B,B,B,B,B,B,B,B,B,B,B,B,B,B,B,B,B,B,B,B,B,B,B,B,B,B,B,B,B,B,B
HIST2H2AA3;H2A/q;H2A;H2A/O;HIST2H2AA;H2A.2;H2AFO;H2a-615,B,B,B,B,B,B,B,B,B,B,B,B,B,B,B,B,B,B,B,B,B,B,B,B,B,B,B,B,B,B,B,B
H2A/q;H2AFQ;H2A;H2A-GL101;HIST2H2AC,B,B,B,B,B,B,B,B,B,B,B,B,B,B,B,B,B,B,B,B,B,B,B,B,B,B,B,B,B,B,B,B
H2AFB;H2ABBD;H2AFB3,B,B,B,B,B,B,B,B,B,B,B,B,B,B,B,B,B,B,B,B,B,B,B,B,B,B,B,B,B,B,B,B
HIST1H2AH;H2A/S;H2AFALii;dJ86C11.1;H2AH,B,B,B,B,B,B,B,B,B,B,B,B,B,B,B,B,B,B,B,B,B,B,B,B,B,B,B,B,B,B,B,B
H2A/p;H2AFP;HIST1H2AG;pH2A/f;H2AG;H2A.1b,B,B,B,B,B,B,B,B,B,B,B,B,B,B,B,B,B,B,B,B,B,B,B,B,B,B,B,B,B,B,B,B
HIST3H2A,B,B,B,B,B,B,B,B,B,B,B,B,B,B,B,B,B,B,B,B,B,B,B,B,B,B,B,B,B,B,B,B
H2AFV;H2A.Z-2;H2AV,B,B,B,B,B,B,B,B,B,B,B,B,B,B,B,B,B,B,B,B,B,B,B,B,B,B,B,B,B,B,B,B
MACROH2A1.1;H2AF12M;H2A/y;macroH2A1.2;H2A.y;mH2A1;H2AFY,D,D,D,D,D,D,D,D,D,D,D,D,D,D,D,D,D,D,D,D,D,D,D,D,D,D,D,D,D,D,D,D
NADMR;CMTX4;CMT2D;AIFM1;AIF;PDCD8;COXPD6;NAMSD;COWCK;DFNX5,N,N,N,N,N,N,N,N,N,N,N,N,N,N,N,N,N,N,N,N,N,N,N,N,N,N,N,N,N,N,N,N
BCL2L4;BAX,N,N,N,N,N,N,N,N,N,N,N,N,N,N,N,N,N,N,N,N,N,N,N,N,N,N,N,N,N,N,N,N
ARTD2;pADPRT-2;ADPRTL2;ADPRT2;PARP-2;PARP2;ADPRTL3,D,D,D,D,D,D,D,D,D,N,D,D,D,D,D,D,D,D,D,D,D,D,D,D,D,D,D,D,D,D,D,D
PADPRT-3;PARP3;IRT1;ADPRTL2;ARTD3;ADPRTL3;ADPRT3,D,D,D,D,D,D,D,D,D,N,D,D,D,D,D,D,D,D,D,D,D,D,D,D,D,D,D,D,D,D,D,D
ADPRT;PPOL;PARP;PARP1;ADPRT_1;PARP-1;ADPRT1;pADPRT-1;ARTD1,D,D,D,D,D,D,D,D,D,N,D,D,D,D,D,D,D,D,D,D,D,D,D,D,D,D,D,D,D,D,D,D
PARP-4;VWA5C;PH5P;VAULT3;PARPL;PARP4;VPARP;ARTD4;ADPRTL1;p193,D,D,D,D,D,D,D,D,D,N,D,D,D,D,D,D,D,D,D,D,D,D,D,D,D,D,D,D,D,D,D,D
PPP1R50;Bcl-2;BCL2,N,N,N,N,N,N,N,N,N,N,N,N,N,N,N,N,N,N,N,N,N,N,N,N,N,N,N,N,N,N,N,N
PPIA;HEL-S-69p;CYPH;CYPA,D,D,D,D,D,D,D,D,D,N,D,D,D,D,D,D,D,D,D,D,D,D,D,D,D,D,D,D,D,D,D,D
HsT16992;cPLA2-beta;PLA2G4B,B,B,B,N,B,N,B,B,B,N,B,N,B,B,B,B,B,B,B,B,B,B,B,B,B,B,B,B,N,B,B,B
PLA2G4E,B,B,B,N,B,N,N,B,B,N,B,N,B,B,B,B,B,B,B,N,B,B,B,B,B,N,B,B,N,B,B,B
PLA2G4F;PLA2G4FZ,B,B,B,N,B,B,B,B,B,N,B,N,B,B,B,B,B,B,B,B,B,B,B,B,B,N,B,B,B,B,B,B
PLA2G4D;cPLA2delta,B,B,B,N,B,B,N,B,B,N,B,N,B,B,B,B,B,B,B,B,B,B,B,B,B,B,B,B,B,B,B,B
cPLA2-alpha;cPLA2;PLA2G4;PLA2G4A,B,B,B,N,B,B,N,B,B,N,B,N,B,B,B,B,B,B,B,B,B,B,B,B,B,N,B,B,B,B,B,B
CPLA2-gamma;PLA2G4C,N,B,B,N,N,N,N,N,N,N,B,N,B,B,N,N,N,N,N,N,N,N,N,B,B,N,N,N,N,N,N,N
HsT16992;cPLA2-beta;JMJD7-PLA2G4B,B,B,B,N,B,N,N,B,B,N,B,N,B,B,B,B,B,B,B,B,B,B,B,B,B,N,B,B,N,B,B,B
CAMK2A;CAMKA,D,D,D,D,D,D,D,D,D,D,D,D,D,D,D,D,D,D,D,D,D,D,D,D,D,D,D,D,D,D,D,D
CAMK2;CAMKB;CAM2;CAMK2B,D,D,D,D,D,D,D,D,D,D,D,D,D,D,D,D,D,D,D,D,D,D,D,D,D,D,D,D,D,D,D,D
CAMK2D;CAMKD,D,D,D,D,D,D,D,D,D,D,D,D,D,D,D,D,D,D,D,D,D,D,D,D,D,D,D,D,D,D,D,D
CAMK-II;CAMK2G;CAMKG;CAMK,D,D,D,D,D,D,D,D,D,D,D,D,D,D,D,D,D,D,D,D,D,D,D,D,D,D,D,D,D,D,D,D
GP91-1;CGD;AMCBX2;GP91-PHOX;IMD34;CYBB;p91-PHOX;NOX2;GP91PHOX,B,B,B,N,N,B,B,B,B,N,B,B,B,B,B,B,B,B,B,N,B,B,B,B,N,B,B,B,B,B,B,N
RNF103-CHMP3;RNF103-VPS24,A,A,A,N,A,A,A,A,A,N,A,A,A,A,A,A,A,A,A,A,A,A,A,A,A,N,A,A,A,A,A,A
C20orf178;SNF7-2;Shax1;CHMP4A;SNF7;dJ553F4.4;VPS32B;CHMP4B;CTRCT31;Vps32-2;CTPP3,A,A,N,N,N,A,N,A,A,N,N,A,N,N,N,N,A,N,A,A,N,N,A,A,N,N,N,A,A,N,N,A
DMT1;CHMP2.5;CHMP2B;VPS2B;VPS2-2;ALS17,A,A,N,N,A,A,N,A,A,N,A,N,A,A,A,N,A,N,N,A,A,A,N,N,A,N,N,A,N,A,A,A
VPS4-1;SKD1;VPS4A;SKD2;VPS4;SKD1A,D,D,D,D,D,D,D,D,D,D,D,D,D,D,D,D,D,D,D,D,D,D,D,D,D,D,D,D,D,D,D,D
VPS2;VPS2A;CHMP2;CHMP2A;BC2;BC-2,A,A,N,N,A,A,N,A,A,N,A,N,A,A,A,N,A,N,N,A,A,A,N,N,A,N,N,A,N,A,A,A
SNF7-1;VPS32A;VPS32-1;CHMP4A;CHMP4;SNF7;CHMP4B;SHAX2;C14orf123;HSPC134,A,A,N,N,N,A,N,A,A,N,N,A,N,N,N,N,A,N,A,A,N,N,A,A,N,N,N,A,A,N,N,A
VPS46-1;CHMP1;VPS46A;PCOLN3;PCH8;PRSM1;CHMP1A,A,A,N,N,A,A,N,N,A,N,A,N,A,A,A,N,N,N,N,A,A,A,N,N,A,N,N,A,N,A,A,A
C9orf83;HSPC177;CGI-34;Vps60;SNF7DC2;PNAS-2;CHMP5,A,A,N,N,N,A,N,A,A,N,N,A,N,N,N,N,A,N,A,A,N,N,A,A,N,N,N,A,A,N,N,A
NEDF;CGI-149;VPS24;CHMP3,A,A,N,N,A,A,N,A,A,N,A,N,A,A,A,N,A,N,N,A,A,A,N,N,A,N,N,A,N,A,A,A
Vps46B;C18orf2;C18-ORF2;CHMP1.5;C10orf2;hVps46-2;Vps46-2;CHMP1B,A,A,N,N,A,A,N,A,A,N,A,N,A,A,A,N,A,N,N,A,A,A,N,N,A,N,N,A,N,A,A,A
VPS20;CHMP6,A,A,N,N,N,A,N,A,A,N,N,A,N,N,N,N,A,N,A,A,N,N,A,A,N,N,N,A,A,N,N,A
CHMP7,A,A,N,N,N,A,N,A,A,N,N,A,N,N,N,N,A,N,A,A,N,N,A,A,N,N,N,A,A,N,N,A
CHMP4C;Shax3;SNF7-3;VPS32C,A,A,N,N,N,A,N,A,A,N,N,A,N,N,N,N,A,N,A,A,N,N,A,A,N,N,N,A,A,N,N,A
VPS4-2;SKD1;SKD1B;VPS4B;MIG1,D,D,D,D,D,D,D,D,D,D,D,D,D,D,D,D,D,D,D,D,D,D,D,D,D,D,D,D,D,D,D,D
NADGP;p62B;p60;A170;FTDALS3;PDB3;p62;ZIP3;SQSTM1;DMRV;OSIL,N,N,N,N,N,N,N,N,N,N,N,N,N,N,N,N,N,N,N,N,N,N,N,N,N,N,N,N,N,N,N,N
LOG15;15-LOX-1;12-LOX;ALOX15;15-LOX,B,B,N,N,N,N,N,B,B,N,B,B,N,B,B,N,B,N,N,N,B,B,B,N,B,B,N,B,N,N,B,B
VDAC-1;VDAC1;PORIN,N,A,N,N,N,N,N,N,A,N,N,A,N,N,N,N,N,N,N,N,N,N,N,N,N,N,N,N,N,N,A,N
POR;VDAC2,N,A,N,N,N,N,N,N,A,N,N,A,N,N,N,N,N,N,N,N,N,N,N,N,N,N,N,N,N,N,A,N
VDAC3;VDAC-3;HD-VDAC3,N,A,N,N,N,N,N,N,A,N,N,A,N,N,N,N,N,N,N,N,N,N,N,N,N,N,N,N,N,N,A,N
PPID;CYPD;CYP-40,D,D,D,D,D,D,D,D,D,N,D,D,D,D,D,D,D,D,D,D,D,D,D,D,D,D,D,D,D,D,D,D
