NTRA,N,N,N,N,N,N,N,N,N,N,N,N,N,N,N,N,N,N,N,N,N,N,N,N,N,N,N,N,N,N,N,N
NTRC,D,D,D,D,D,D,D,D,D,N,D,D,D,D,D,D,D,D,D,D,D,D,D,D,D,D,D,D,D,D,D,D
NTRB,N,N,N,N,N,N,N,N,N,N,N,N,N,N,N,N,N,N,N,N,N,N,N,N,N,N,N,N,N,N,N,N
MMT,N,C,N,N,C,N,N,N,C,N,N,N,C,N,N,N,C,C,N,N,N,N,N,N,N,N,N,N,N,N,N,N
MGL,N,N,D,N,D,N,D,D,D,N,D,N,D,D,D,N,D,N,D,N,N,N,N,D,N,N,N,N,D,N,N,D
OVA1,D,D,D,N,D,N,D,D,N,N,D,D,N,D,D,D,D,D,N,D,D,D,D,D,D,N,D,N,D,N,D,D
7,D,D,D,N,D,N,D,D,N,N,D,D,N,D,D,D,D,D,N,D,D,D,D,D,D,N,D,N,D,N,D,D
8,N,N,D,N,D,N,D,D,N,N,N,N,N,D,D,N,D,N,N,N,N,N,N,D,N,N,N,N,D,N,N,N
MTO1,N,N,D,N,D,N,D,D,N,N,N,N,N,D,D,N,D,N,N,N,N,N,N,D,N,N,N,N,D,N,N,N
CPNIFS,N,N,B,N,N,N,N,N,B,N,B,N,N,N,N,N,N,N,N,B,N,N,N,N,N,N,N,N,N,N,N,N
APS2,N,A,A,N,N,N,N,N,A,N,N,N,N,N,A,N,N,N,N,N,N,N,N,N,N,N,N,N,A,N,A,N
APS1,N,A,A,N,N,N,N,N,A,N,N,N,N,N,A,N,N,N,N,N,N,N,N,N,N,N,N,N,A,N,A,N
APS3,N,A,A,N,N,N,N,N,A,N,N,N,N,N,A,N,N,N,N,N,N,N,N,N,N,N,N,N,A,N,A,N
APS4,N,A,A,N,N,N,N,N,A,N,N,N,N,N,A,N,N,N,N,N,N,N,N,N,N,N,N,N,A,N,A,N
CBL,N,N,D,N,D,N,D,D,N,N,N,N,N,D,D,N,D,N,N,N,N,N,N,D,N,N,N,N,D,N,N,N
MS2,N,N,N,N,N,N,N,N,N,N,N,N,N,N,N,N,N,N,N,N,N,N,N,N,N,N,N,N,N,N,N,N
ATMS1,N,N,N,N,N,N,N,N,N,N,N,N,N,N,N,N,N,N,N,N,N,N,N,N,N,N,N,N,N,N,N,N
MS3,N,N,N,N,N,N,N,N,N,N,N,N,N,N,N,N,N,N,N,N,N,N,N,N,N,N,N,N,N,N,N,N
