tat,D,N,D,D,D,D,N,D,D,N,D,D,D,D,D,D,D,D,D,D,D,D,D,D,N,N,N,D,D,N,D,D
adi1,B,B,N,N,N,B,N,N,B,N,N,N,N,N,N,N,B,N,N,B,N,N,N,B,N,B,N,N,N,N,B,N
3,N,N,N,N,N,N,N,N,N,N,N,N,N,N,N,N,N,N,N,N,N,N,N,N,N,N,N,N,N,N,N,N
spsA,D,N,D,N,N,N,N,D,D,N,D,D,N,N,N,N,N,D,N,D,N,N,N,N,D,D,D,N,N,N,D,N
amd1,N,B,B,N,B,B,N,N,B,N,B,N,N,B,N,N,B,B,N,N,N,N,N,B,B,B,N,N,N,B,B,B
cysA,N,N,D,N,D,N,D,D,N,N,N,N,N,D,D,N,D,N,N,N,N,N,N,D,N,N,N,N,D,N,N,N
cysB,N,D,N,N,N,D,N,D,D,N,D,N,D,N,N,D,D,N,D,N,D,N,N,D,N,N,N,D,N,N,N,N
mtr,N,N,N,N,N,B,N,N,N,N,B,N,N,N,N,N,N,N,N,B,N,N,B,N,N,N,N,N,N,N,N,N
9,N,N,N,N,N,N,N,N,N,N,N,N,N,N,N,N,N,N,N,N,N,N,N,N,N,N,N,N,N,N,N,N
10,N,N,N,N,N,N,N,N,N,N,N,N,N,N,N,N,N,N,N,N,N,N,N,N,N,N,N,N,N,N,N,N
metK,D,D,D,D,D,D,D,D,D,N,D,D,D,D,D,D,D,D,D,D,D,D,D,D,D,D,D,D,D,D,D,D
sahA,D,D,N,N,D,D,D,D,D,N,D,D,D,D,N,D,D,D,N,D,D,N,D,D,N,N,N,D,N,D,D,D
cysK,N,D,N,N,N,D,N,D,D,N,D,N,D,N,N,D,D,N,D,N,D,N,N,D,N,N,N,D,N,N,N,N
sds,N,D,N,N,N,D,N,D,D,N,D,N,D,N,N,D,D,N,D,N,D,N,N,D,N,N,N,D,N,N,N,N
aatA,N,N,D,D,N,N,D,D,N,N,D,N,D,N,N,D,D,N,N,D,D,N,N,N,D,D,N,N,N,N,D,N
aatB,N,N,D,D,N,N,D,D,N,N,D,N,D,N,N,D,D,N,N,D,D,N,N,N,D,D,N,N,N,N,D,N
17,A,N,N,N,N,N,N,A,N,N,A,N,N,N,N,N,N,N,N,N,N,A,N,N,N,N,N,N,N,N,N,N
18,D,N,N,N,N,N,D,D,D,N,D,N,N,N,N,N,D,D,N,N,N,N,N,N,N,N,N,N,N,N,D,D
mdhC,B,B,N,N,N,N,N,B,B,N,B,N,N,N,N,B,B,N,N,N,B,N,B,N,N,N,N,N,N,N,B,N
mdhA,B,B,N,N,N,N,N,B,B,N,B,N,N,N,N,B,B,N,N,N,B,N,B,N,N,N,N,N,N,N,B,N
mdhB,B,B,N,N,N,N,N,B,B,N,B,N,N,N,N,B,B,N,N,N,B,N,B,N,N,N,N,N,N,N,B,N
bcaA,D,D,D,D,D,D,D,D,D,N,D,N,N,D,D,D,D,D,D,D,D,D,D,D,N,D,D,D,D,D,D,D
gcsA,A,A,N,N,N,A,A,N,N,N,A,A,A,A,A,A,A,A,N,A,A,N,N,N,A,A,A,N,A,N,A,N
gshB,B,B,B,N,N,B,N,N,N,N,B,B,N,B,N,B,B,B,B,B,B,B,N,B,B,B,B,N,N,B,B,B
25,N,N,N,N,N,N,N,B,N,N,B,N,N,N,B,N,N,N,N,N,B,N,N,N,N,N,N,N,N,N,N,N
