ALDH3A1;ALDHIII;ALDH3,D,D,D,N,D,D,D,D,D,N,D,D,D,D,D,D,D,D,D,D,D,D,D,D,D,D,D,D,D,D,D,N
ALDH1A3;ALDH6;ALDH1A6;RALDH3;MCOP8,D,D,D,N,D,D,D,D,D,N,D,D,D,D,D,D,D,D,D,D,D,D,D,D,D,D,D,D,D,D,D,N
ALDH4;ALDH7;ALDH3B1,D,D,D,N,D,D,D,D,D,N,D,D,D,D,D,D,D,D,D,D,D,D,D,D,D,D,D,D,D,D,D,N
ALDH3B2;ALDH8,D,D,D,N,D,D,D,D,D,N,D,D,D,D,D,D,D,D,D,D,D,D,D,D,D,D,D,D,D,D,D,N
ACGNAT;GLYAT;GAT;CAT,N,N,N,N,N,N,N,N,N,N,N,N,N,N,N,N,N,N,N,N,N,N,N,N,N,N,N,N,N,N,N,N
AADC;DDC,N,N,N,N,N,N,N,N,N,N,N,N,N,N,N,N,N,N,N,N,N,N,N,N,N,N,N,N,N,N,N,N
RAO;AOC2;DAO2;SSAO,N,N,N,N,N,N,N,N,B,N,B,N,N,N,B,N,N,N,N,B,N,N,N,N,N,N,N,B,N,N,N,N
SSAO;VAP1;VAP-1;AOC3;HPAO,N,N,N,N,N,N,N,N,B,N,B,N,N,N,B,N,N,N,N,B,N,N,N,N,N,N,N,B,N,N,N,N
MAO-A;MAOA;BRNRS,B,N,N,N,N,N,N,B,N,N,B,N,N,B,N,N,N,N,N,N,B,N,B,N,N,N,N,N,N,N,B,N
MAOB,N,B,N,N,N,N,N,B,N,N,B,N,B,B,N,N,N,N,N,N,N,N,B,N,N,N,N,N,N,N,N,N
PPD;GLOD3;4-HPPD;HPD;HPPDASE;4HPPD,N,B,N,N,N,B,N,N,N,N,N,N,N,N,N,N,B,N,B,N,B,N,N,N,N,B,N,B,N,B,N,N
TAT,D,N,D,D,D,D,N,D,D,N,D,D,D,D,D,D,D,D,D,D,D,D,D,D,N,N,N,D,D,N,D,D
ASTQTL1;AST1;cAspAT;cCAT;GIG18;GOT1,N,N,D,D,N,N,D,D,N,N,D,N,D,N,N,D,D,N,N,D,D,N,N,N,D,D,N,N,N,N,D,N
mitAAT;KYAT4;KAT4;KATIV;GOT2,N,N,D,D,N,N,D,D,N,N,D,N,D,N,N,D,D,N,N,D,D,N,N,N,D,D,N,N,N,N,D,N
GIF;MMIF;GLIF;MIF,N,N,N,B,B,B,N,N,B,N,B,N,B,B,N,N,N,N,N,B,N,N,N,N,N,B,B,N,N,N,B,B
FIG1;LAO;IL4I1;LAAO,A,N,N,N,N,N,N,N,N,N,A,N,N,A,N,N,N,N,N,N,A,N,N,N,N,N,N,N,N,N,A,N
PAH;PKU;PKU1;PH,N,N,N,N,N,N,N,N,N,N,N,N,N,N,N,N,N,N,N,N,N,N,N,N,N,N,N,N,N,N,N,N
