MIOX;ALDRL6,B,B,N,N,N,N,N,B,B,N,B,B,N,B,N,N,B,B,B,N,B,B,B,N,N,B,N,B,N,N,B,N
UDP-GlcDH;GDH;UGDH;UDPGDH;UGD,N,N,D,N,N,D,D,D,D,N,D,N,D,D,D,N,D,N,D,N,D,D,D,N,N,D,D,D,N,N,D,N
SMP30;RGN;HEL-S-41;RC;GNL,N,N,N,N,N,N,N,N,N,N,N,N,N,N,N,N,N,N,N,N,N,N,N,N,N,N,N,N,N,N,N,N
UGT2B11,N,A,N,N,N,N,N,N,A,N,A,A,N,N,N,N,N,N,N,A,N,N,N,N,N,N,N,N,N,N,A,A
UDPGT2A1;UGT2A1,N,A,N,N,N,N,N,N,A,N,A,A,N,N,N,N,N,N,N,A,N,N,N,N,N,N,N,N,N,N,A,A
UGT2B28,N,A,N,N,N,N,N,N,A,N,A,A,N,N,N,N,N,N,N,A,N,N,N,N,N,N,N,N,N,N,A,A
UGT1-10;UGT1A10;UGT1.10;UGT1J;UGT-1J;UDPGT,N,A,N,N,N,N,N,N,A,N,A,A,N,N,N,N,N,N,N,A,N,N,N,N,N,N,N,N,N,N,A,A
UGT-1H;UGT1A8;UGT1A8S;UGT1.8;UGT1H;UGT1-08;UDPGT_1-8;UDPGT,N,A,N,N,N,N,N,N,A,N,A,A,N,N,N,N,N,N,N,A,N,N,N,N,N,N,N,N,N,N,A,A
UGT1A7;UGT1.7;UDPGT_1-7;UGT1G;UGT1-07;UGT-1G;UDPGT,N,A,N,N,N,N,N,N,A,N,A,A,N,N,N,N,N,N,N,A,N,N,N,N,N,N,N,N,N,N,A,A
UGT1A6;UDPGT_1-6;UGT1A6S;UGT1;HLUGP;GNT1;UGT1F;HLUGP1;UDPGT,N,A,N,N,N,N,N,N,A,N,A,A,N,N,N,N,N,N,N,A,N,N,N,N,N,N,N,N,N,N,A,A
UGT1A5;UDPGT_1-5;UGT1E;UDPGT,N,A,N,N,N,N,N,N,A,N,A,A,N,N,N,N,N,N,N,A,N,N,N,N,N,N,N,N,N,N,A,A
UGT1I;LUGP4;UGT-1I;UGT1-9;UGT1.9;UDPGT_1-9;UGT1AI;UGT1A9;HLUGP4;UGT1A9S;UGT1-09;UDPGT,N,A,N,N,N,N,N,N,A,N,A,A,N,N,N,N,N,N,N,A,N,N,N,N,N,N,N,N,N,N,A,A
UGT-1D;UGT1A4S;UGT1A4;UGT1D;UDPGT_1-4;UGT1.4;UGT1-04;HUG-BR2;UDPGT,N,A,N,N,N,N,N,N,A,N,A,A,N,N,N,N,N,N,N,A,N,N,N,N,N,N,N,N,N,N,A,A
HUG-BR1;BILIQTL1;UGT1;UGT1A;GNT1;UGT1A1;UDPGT_1-1;UDPGT,N,A,N,N,N,N,N,N,A,N,A,A,N,N,N,N,N,N,N,A,N,N,N,N,N,N,N,N,N,N,A,A
UDPGT_1-3;UGT1C;UGT1-03;UGT1A3;UGT1.3;UGT-1C;UGT1A3S;UDPGT,N,A,N,N,N,N,N,N,A,N,A,A,N,N,N,N,N,N,N,A,N,N,N,N,N,N,N,N,N,N,A,A
UGT2A2,N,A,N,N,N,N,N,N,A,N,A,A,N,N,N,N,N,N,N,A,N,N,N,N,N,N,N,N,N,N,A,A
UDPGT2B4;UGT2B11;UGT2B4;HLUG25;UDPGTh-1;UDPGTH1,N,A,N,N,N,N,N,N,A,N,A,A,N,N,N,N,N,N,N,A,N,N,N,N,N,N,N,N,N,N,A,A
UDPGT_2B7;UGT2B9;UDPGTh-2;UDPGTH2;UGT2B7;UDPGT_2B9;UDPGT2B7,N,A,N,N,N,N,N,N,A,N,A,A,N,N,N,N,N,N,N,A,N,N,N,N,N,N,N,N,N,N,A,A
UDPGT2B10;UGT2B10,N,A,N,N,N,N,N,N,A,N,A,A,N,N,N,N,N,N,N,A,N,N,N,N,N,N,N,N,N,N,A,A
UGT2B8;UDPGTH3;UDPGT2B15;HLUG4;UDPGT_2B8;UGT2B15,N,A,N,N,N,N,N,N,A,N,A,A,N,N,N,N,N,N,N,A,N,N,N,N,N,N,N,N,N,N,A,A
BMND12;UDPGT2B17;UGT2B17,N,A,N,N,N,N,N,N,A,N,A,A,N,N,N,N,N,N,N,A,N,N,N,N,N,N,N,N,N,N,A,A
UGT2A3,N,A,N,N,N,N,N,N,A,N,A,A,N,N,N,N,N,N,N,A,N,N,N,N,N,N,N,N,N,N,A,A
ALDH-E2;ALDM;ALDH2;ALDHI,D,D,D,N,D,D,D,D,D,N,D,D,D,D,D,D,D,D,D,D,D,D,D,D,D,D,D,D,D,D,D,N
ALDH1B1;ALDHX;ALDH5,D,D,D,N,D,D,D,D,D,N,D,D,D,D,D,D,D,D,D,D,D,D,D,D,D,D,D,D,D,D,D,N
E3;ALDH7;TMABADH;ALDH4;ALDH9;ALDH9A1,D,D,D,N,D,D,D,D,D,N,D,D,D,D,D,D,D,D,D,D,D,D,D,D,D,D,D,D,D,D,D,N
ALDH10;FALDH;ALDH3A2;SLS,D,D,D,N,D,D,D,D,D,N,D,D,D,D,D,D,D,D,D,D,D,D,D,D,D,D,D,D,D,D,D,N
ATQ1;ALDH7A1;PDE;EPD,D,D,D,N,D,D,D,D,D,N,D,D,D,D,D,D,D,D,D,D,D,D,D,D,D,D,D,D,D,D,D,N
