YDC1,N,A,N,N,N,N,N,N,A,N,N,N,N,A,N,N,N,N,A,N,N,N,N,N,A,N,N,N,N,N,A,A
YPC1,N,A,N,N,N,N,N,N,A,N,N,N,N,A,N,N,N,N,A,N,N,N,N,N,A,N,N,N,N,N,A,A
LCB3;YSR2;LBP1,N,B,N,N,N,B,N,N,N,N,B,N,N,N,N,N,N,N,N,N,N,B,N,B,N,N,N,N,N,B,N,N
YSR3;LBP2,N,B,N,N,N,B,N,N,N,N,B,N,N,N,N,N,N,N,N,N,N,B,N,B,N,N,N,N,N,B,N,N
LAG1,N,A,N,A,N,N,N,A,N,N,A,N,N,N,A,N,N,A,N,N,A,N,A,N,N,A,N,N,A,N,A,N
DGT1;LAC1,N,A,N,A,N,N,N,A,N,N,A,N,N,N,A,N,N,A,N,N,A,N,A,N,N,A,N,N,A,N,A,N
SYR2;SUR2,A,A,A,N,A,N,N,N,A,N,A,N,N,N,A,N,A,A,N,A,A,A,N,N,N,A,N,A,N,N,A,N
ISC1,N,N,N,A,N,A,N,N,N,N,N,N,N,N,N,N,N,N,A,N,N,N,A,A,N,N,N,N,A,N,A,N
TSC1;SCS1;LCB2,D,D,D,D,D,D,D,D,D,N,D,D,D,D,N,D,D,D,D,D,D,D,N,D,D,D,N,D,D,D,D,D
LCB1;TSC2;END8,D,D,D,D,D,D,D,D,D,N,D,D,D,D,N,D,D,D,D,D,D,D,N,D,D,D,N,D,D,D,D,D
TSC10,D,D,D,D,D,D,N,N,D,N,D,D,D,D,N,N,N,D,D,D,D,D,D,D,N,D,D,D,D,N,D,D
LCB5,B,N,B,N,B,N,N,B,B,N,B,N,N,B,B,N,N,N,N,N,B,B,B,N,N,B,N,N,N,N,B,N
LCB4,B,N,B,N,B,N,N,B,B,N,B,N,N,B,B,N,N,N,N,N,B,B,B,N,N,B,N,N,N,N,B,N
BST1;DPL1,N,N,N,N,N,N,N,N,N,N,N,N,N,N,N,N,N,N,N,N,N,N,N,N,N,N,N,N,N,N,N,N
