puuA,N,N,N,N,N,N,N,N,N,N,N,N,N,N,N,N,N,N,N,N,N,N,N,N,N,N,N,N,N,N,N,N
puuB,N,N,N,N,N,N,N,N,N,N,N,N,N,N,N,N,N,N,N,N,N,N,N,N,N,N,N,N,N,N,N,N
puuC,D,D,D,N,D,D,D,D,D,N,D,D,D,D,D,D,D,D,D,D,D,D,D,D,D,D,D,D,D,D,D,N
puuD,N,N,N,N,N,N,N,N,N,N,N,N,N,N,N,N,N,N,N,N,N,N,N,N,N,N,N,N,N,N,N,N
patA,D,D,D,N,N,D,N,D,D,N,D,D,D,D,D,D,D,D,D,D,D,D,D,D,N,D,D,D,D,D,D,D
patD,D,D,D,N,D,D,D,D,D,N,D,D,D,D,D,D,D,D,D,D,D,D,D,D,D,D,D,D,D,D,D,N
speE,D,N,D,N,N,N,N,D,D,N,D,D,N,N,N,N,N,D,N,D,N,N,N,N,D,D,D,N,N,N,D,N
speD,N,N,N,N,N,N,N,N,N,N,N,N,N,N,N,N,N,N,N,N,N,N,N,N,N,N,N,N,N,N,N,N
speG,N,N,N,N,N,N,N,N,N,N,N,N,N,N,N,N,N,N,N,N,N,N,N,N,N,N,N,N,N,N,N,N
codA,N,N,N,N,N,N,N,N,N,N,N,N,N,N,N,N,N,N,N,N,N,N,N,N,N,N,N,N,N,N,N,N
speA,N,N,N,N,N,N,N,N,N,N,N,N,N,N,N,N,N,N,N,N,N,N,N,N,N,N,N,N,N,N,N,N
adiA,N,N,N,N,N,N,N,N,N,N,N,N,N,N,N,N,N,N,N,N,N,N,N,N,N,N,N,N,N,N,N,N
speB,D,N,N,N,N,N,N,N,N,N,D,D,D,N,N,N,D,N,N,N,D,N,N,D,N,N,N,N,N,N,N,N
astA,N,N,N,N,N,N,N,N,N,N,N,N,N,N,N,N,N,N,N,N,N,N,N,N,N,N,N,N,N,N,N,N
astB,N,N,N,N,N,N,N,N,N,N,N,N,N,N,N,N,N,N,N,N,N,N,N,N,N,N,N,N,N,N,N,N
astC,D,D,D,N,N,D,N,D,D,N,D,D,D,D,D,D,D,D,D,D,D,D,D,D,N,D,D,D,D,D,D,D
astD,D,D,D,N,D,D,D,D,D,N,D,D,D,D,D,D,D,D,D,D,D,D,D,D,D,D,D,D,D,D,D,N
astE,N,N,N,N,N,N,N,N,N,N,N,N,N,N,N,N,N,N,N,N,N,N,N,N,N,N,N,N,N,N,N,N
proC,N,N,N,N,N,N,B,N,N,N,B,N,N,N,N,B,N,N,N,N,B,N,B,B,N,N,B,N,N,N,B,N
putA,D,D,D,N,D,D,D,D,D,N,D,D,D,D,D,D,D,D,D,D,D,D,D,D,D,D,D,D,D,D,D,N
proB,N,N,N,N,D,N,N,D,N,N,D,N,D,D,N,N,D,N,D,N,N,N,N,N,D,N,N,N,N,N,N,N
proA,N,N,D,N,D,D,D,D,N,N,D,N,D,D,D,D,D,N,D,N,N,N,D,D,D,N,N,N,N,N,D,N
aspC,N,N,D,D,N,N,D,D,N,N,D,N,D,N,N,D,D,N,N,D,D,N,N,N,D,D,N,N,N,N,D,N
speF,N,N,N,N,N,N,N,N,N,N,N,N,N,N,N,N,N,N,N,N,N,N,N,N,N,N,N,N,N,N,N,N
speC,N,N,N,N,N,N,N,N,N,N,N,N,N,N,N,N,N,N,N,N,N,N,N,N,N,N,N,N,N,N,N,N
