TCIRG1;TIRC7;Vph1;a3;OPTB1;ATP6V0A3;OC-116kDa;OC116;Stv1;ATP6N1C;Atp6i,N,D,D,D,D,D,D,D,D,N,D,D,D,D,D,N,D,N,D,D,D,N,D,N,D,D,N,N,N,D,D,D
ARCL2A;ARCL;J6B7;ATP6A2;STV1;WSS;ATP6V0A2;TJ6S;A2;TJ6;TJ6M;VPH1;RTF;ATP6N1D,N,D,D,D,D,D,D,D,D,N,D,D,D,D,D,N,D,N,D,D,D,N,D,N,D,D,N,N,N,D,D,D
ATP6D2;ATP6V0D2;VMA6,A,A,A,N,N,N,N,A,A,N,N,A,N,N,A,N,A,N,N,N,A,N,A,A,N,A,A,N,N,A,A,A
STV1;ATP6N2;A4;RTADR;VPP2;RDRTA2;ATP6V0A4;VPH1;ATP6N1B;RTA1C,N,D,D,D,D,D,D,D,D,N,D,D,D,D,D,N,D,N,D,D,D,N,D,N,D,D,N,N,N,D,D,D
SFDalpha;SFDbeta;MSTP042;VMA13;ATP6V1H;SFD;NBP1;CGI-11,A,A,A,A,A,A,A,N,N,N,A,N,A,A,A,A,A,A,N,N,A,A,A,N,A,A,N,A,A,A,A,A
VATL;VPPC;ATPL;ATP6L;ATP6V0C;Vma3;ATP6C,D,D,N,D,D,D,D,D,D,N,D,D,D,D,D,D,D,D,D,N,D,D,N,N,D,N,D,D,N,N,D,D
ATP6V0B;ATP6F;VMA16;HATPL,D,D,N,D,D,D,D,D,D,N,D,D,D,D,D,D,D,D,D,N,D,D,N,N,D,N,D,D,N,N,D,D
Vph1;VPP1;ATP6V0A1;ATP6N1;a1;Stv1;ATP6N1A,N,D,D,D,D,D,D,D,D,N,D,D,D,D,D,N,D,N,D,D,D,N,D,N,D,D,N,N,N,D,D,D
CF2;16A;Ac45;ATP6AP1;XAP-3;XAP3;VATPS1;ATP6S1;ATP6IP1,N,N,N,N,N,N,N,N,N,N,N,N,N,N,N,N,N,N,N,N,N,N,N,N,N,N,N,N,N,N,N,N
ATP6DV;VPATPD;ATP6D;VMA6;ATP6V0D1;P39;VATX,A,A,A,N,N,N,N,A,A,N,N,A,N,N,A,N,A,N,N,N,A,N,A,A,N,A,A,N,N,A,A,A
HMS;PLS;CTSC;CPPI;DPPI;PDON1;JPD;JP;PALS;DPP1;DPP-I,D,D,D,D,D,D,D,D,D,N,D,D,D,D,D,D,D,D,D,D,D,D,D,D,D,D,D,D,D,D,D,D
CPSB;APPS;CTSB,B,B,B,B,B,N,N,B,B,N,B,N,B,B,B,N,B,B,B,N,B,B,N,N,N,B,B,N,N,N,B,B
CTSD;HEL-S-130P;CLN10;CPSD,N,N,A,N,N,N,N,N,A,N,A,A,N,N,A,N,N,N,N,A,N,N,N,N,N,A,N,N,N,N,A,N
CATE;CTSE,N,N,A,N,N,N,N,N,A,N,A,A,N,N,A,N,N,N,N,A,N,N,N,N,N,A,N,N,N,N,A,N
CG;CTSG;CATG,D,D,D,D,D,N,D,D,D,N,D,D,D,D,D,D,D,D,N,D,D,D,D,D,D,D,D,N,D,D,D,D
ACC4;CPSB;CTSH;ACC-4;ACC-5;ACC5,B,B,B,B,B,N,N,B,B,N,B,N,B,B,B,N,B,B,B,B,B,B,N,N,N,B,B,N,N,N,B,B
CTSK;PYCD;CTS02;CTSO2;CTSO1;PKND;CTSO,D,D,D,D,D,N,N,D,D,N,D,D,D,D,D,N,D,D,D,D,D,D,D,N,D,D,D,N,D,D,D,D
MEP;CTSL1;CATL;CTSL,D,D,D,D,D,N,N,D,D,N,D,D,D,D,D,N,D,D,D,D,D,D,D,N,D,D,D,N,D,D,D,D
CTSL2;CTSV;CTSU;CATL2,D,D,D,D,D,N,N,D,D,N,D,D,D,D,D,N,D,D,D,D,D,D,D,N,D,D,D,N,D,D,D,D
CTSO1;CTSO,D,D,D,D,D,N,N,D,D,N,D,D,D,D,D,N,D,D,D,D,D,D,D,N,D,D,D,N,D,D,D,D
CTSS,B,B,B,B,B,N,N,B,B,N,B,N,B,B,B,N,B,B,B,B,B,B,N,N,N,B,B,N,N,N,B,B
CTSW;LYPN,B,B,B,B,B,N,N,B,B,N,B,N,B,B,B,N,B,B,B,B,B,B,N,N,N,B,B,N,N,N,B,B
CTSX;CTSZ,B,B,B,B,B,N,N,B,B,N,B,N,B,B,B,N,B,B,B,N,B,B,N,N,N,B,B,N,N,N,B,B
GLB2;PPCA;GSL;NGBE;PPGB;CTSA,B,B,B,N,N,N,N,N,B,N,B,B,B,B,B,B,B,N,B,B,B,B,B,B,B,B,N,B,N,N,B,B
CATSF;CTSF;CLN13,B,B,B,B,B,N,N,B,B,N,B,N,B,B,B,N,B,B,B,B,B,B,N,N,N,B,B,N,N,N,B,B
KAP;NAPA;NAPSA;SNAPA;Kdap;NAP1,N,N,A,N,N,N,N,N,A,N,A,A,N,N,A,N,N,N,N,A,N,N,N,N,N,A,N,N,N,N,A,N
PRSC1;LGMN;LGMN1;AEP,A,A,N,N,N,N,N,A,A,N,A,N,N,A,N,N,A,N,N,N,N,N,N,N,N,N,A,A,N,N,A,N
GIG1;SCAR7;LPIC;TPP-1;TPP1;CLN2,B,N,B,N,N,N,B,B,B,N,B,N,B,N,N,N,N,B,B,N,N,N,B,N,N,B,N,N,N,N,B,N
GLA;GALA,N,A,A,A,N,N,N,N,A,N,A,A,N,A,N,N,A,N,N,N,N,N,N,N,N,A,N,A,N,N,A,N
ELNR1;MPS4B;EBP;GLB1,B,N,N,N,N,N,N,N,B,N,B,N,N,N,N,N,B,N,B,N,N,B,N,N,N,B,B,N,N,N,B,N
LYAG;GAA,N,N,N,N,N,C,N,N,C,N,C,N,N,N,C,N,N,N,N,N,C,C,N,N,N,N,N,N,N,N,C,C
GCB;GBA1;GBA;GLUC,B,B,B,N,B,N,B,B,B,N,B,B,B,B,B,B,B,B,B,B,B,B,B,B,B,B,N,B,B,N,B,B
TSD;HEXA,B,B,N,B,N,N,N,N,N,N,B,N,B,B,N,N,N,B,N,N,B,B,N,N,N,N,N,N,N,N,B,B
HEL-S-111;HEXB;HEL-248;ENC-1AS,B,B,N,B,N,N,N,N,N,N,B,N,B,B,N,N,N,B,N,N,B,B,N,N,N,N,N,N,N,N,B,B
MANBA;MANB1,B,N,N,N,N,N,N,N,B,N,B,N,N,B,N,N,N,B,N,N,N,N,B,N,N,N,N,N,N,N,N,N
MAN2B1;LAMAN;MANB,D,D,D,N,D,N,N,N,D,N,D,N,N,D,N,N,N,D,D,D,D,N,D,D,D,N,N,N,N,N,D,N
D22S674;NAGA;GALB,N,A,A,A,N,N,N,N,A,N,A,A,N,A,N,N,A,N,N,N,N,N,N,N,N,A,N,A,N,N,A,N
GUSB;BG;MPS7,B,N,N,N,N,N,N,N,B,N,B,N,N,B,N,N,N,N,N,N,N,N,B,N,N,N,N,N,N,N,N,N
NANH;SIAL1;NEU1;NEU,N,N,N,N,N,N,N,N,N,N,N,N,N,N,N,N,N,N,N,N,N,N,N,N,N,N,N,N,N,N,N,N
GALC,N,N,N,N,N,N,N,N,N,N,N,N,N,N,N,N,N,N,N,N,N,N,N,N,N,N,N,N,N,N,N,N
MPS3B;UFHSD;CMT2V;NAG;NAGLU;MPS-IIIB,A,A,N,N,N,N,N,N,A,N,N,N,N,N,N,N,N,N,A,N,A,N,N,N,N,N,N,N,N,N,A,A
IDA;MPS1;IDUA,N,N,N,N,N,N,N,N,N,N,N,N,N,N,N,N,N,N,N,N,N,N,N,N,N,N,N,N,N,N,N,N
FUCA1;FUCA,N,N,N,N,N,N,N,N,N,N,N,N,N,N,N,N,N,N,N,N,N,N,N,N,N,N,N,N,N,N,N,N
ARSG,N,N,N,N,N,N,N,N,N,N,N,N,N,N,N,N,N,N,N,N,N,N,N,N,N,N,N,N,N,N,N,N
ARSA;MLD,N,N,N,N,N,N,N,N,N,N,N,N,N,N,N,N,N,N,N,N,N,N,N,N,N,N,N,N,N,N,N,N
MPS6;ARSB;G4S;ASB,N,N,N,N,N,N,N,N,N,N,N,N,N,N,N,N,N,N,N,N,N,N,N,N,N,N,N,N,N,N,N,N
GNS;G6S,N,N,N,N,N,N,N,N,N,N,N,N,N,N,N,N,N,N,N,N,N,N,N,N,N,N,N,N,N,N,N,N
IDS;SIDS;MPS2,N,N,N,N,N,N,N,N,N,N,N,N,N,N,N,N,N,N,N,N,N,N,N,N,N,N,N,N,N,N,N,N
SFMD;SGSH;HSS;MPS3A,N,N,N,N,N,N,N,N,N,N,N,N,N,N,N,N,N,N,N,N,N,N,N,N,N,N,N,N,N,N,N,N
GalN6S;GAS;GALNS;MPS4A;GALNAC6S,N,N,N,N,N,N,N,N,N,N,N,N,N,N,N,N,N,N,N,N,N,N,N,N,N,N,N,N,N,N,N,N
CESD;LIPA;LAL,A,A,A,N,N,N,N,A,A,N,A,N,A,A,A,N,N,N,A,A,A,A,A,A,A,A,A,A,A,N,A,A
LPLA2;LLPL;PLA2G15;GXVPLA2;LYPLA3;ACS,A,N,A,A,N,N,N,N,A,N,A,N,N,A,A,N,N,N,N,N,N,N,N,N,A,A,N,N,N,N,A,N
DNASE2;DNL2;DNL;DNASE2A,B,N,B,B,B,N,B,N,N,N,B,N,N,B,B,B,N,N,N,N,B,B,N,B,N,B,N,N,N,B,B,B
DNASE2B;DLAD,B,N,B,B,B,N,B,N,N,N,B,N,N,B,B,B,N,N,N,N,B,B,N,B,N,B,N,N,N,B,B,B
LAP;ACP2,B,B,B,B,B,B,B,B,B,N,B,B,N,B,B,B,B,B,N,B,B,B,B,B,N,B,N,N,N,B,B,B
SMPD1;ASMASE;NPD;ASM,N,N,N,N,N,N,N,N,N,N,N,N,N,N,N,N,N,N,N,N,N,N,N,N,N,N,N,N,N,N,N,N
PHP32;PHP;ACDase;ASAH1;ASAH;AC;SMAPME,N,N,N,N,N,N,N,N,N,N,N,N,N,N,N,N,N,N,N,N,N,N,N,N,N,N,N,N,N,N,N,N
AGU;GA;ASRG;AGA,N,C,N,N,N,C,N,N,N,N,N,N,N,N,N,N,N,N,C,N,N,N,N,N,N,N,N,N,N,N,C,N
ICD;GNPTAB;GNPTA,N,N,A,N,A,N,N,N,N,N,A,N,N,N,N,N,N,N,N,N,N,N,N,N,N,N,N,N,N,A,N,N
LP2537;GNPTAG;RJD9;C16orf27;GNPTG,A,N,A,N,A,A,A,A,A,N,A,A,A,A,N,N,A,A,A,A,A,A,N,N,A,N,A,A,A,N,A,N
SAP-3;GM2-AP;GM2A,A,N,N,N,N,N,N,N,A,N,N,N,N,N,N,N,N,N,N,A,A,N,N,N,N,N,A,N,A,N,N,N
GLBA;SAP1;PSAP,N,N,N,N,N,N,N,N,N,N,N,N,N,N,N,N,N,N,N,N,N,N,N,N,N,N,N,N,N,N,N,N
PSAPL1,N,N,N,N,N,N,N,N,N,N,N,N,N,N,N,N,N,N,N,N,N,N,N,N,N,N,N,N,N,N,N,N
CLN1;INCL;PPT1;PPT,N,N,B,B,N,N,B,B,B,N,B,B,N,B,B,N,N,N,N,N,B,N,N,N,N,N,N,N,N,N,B,B
PPT2;C6orf8;G14;PPT-2,N,N,B,B,N,N,B,B,B,N,B,B,N,B,B,N,N,N,N,N,B,N,N,N,N,N,N,N,N,N,B,B
LAMP3;CD208;DC_LAMP;LAMP;DCLAMP;DC-LAMP;TSC403;LAMP-3,N,N,N,N,N,N,N,N,N,N,N,N,N,N,N,N,N,N,N,N,N,N,N,N,N,N,N,N,N,N,N,N
LAMPA;LAMP1;CD107a;LGP120,N,N,N,N,N,N,N,N,N,N,N,N,N,N,N,N,N,N,N,N,N,N,N,N,N,N,N,N,N,N,N,N
LAMP2;CD107b;LAMP-2;LGP-96;LAMPB;LGP110,N,N,N,N,N,N,N,N,N,N,N,N,N,N,N,N,N,N,N,N,N,N,N,N,N,N,N,N,N,N,N,N
LAMP4;GP110;CD68;SCARD1,N,N,N,N,N,N,N,N,N,N,N,N,N,N,N,N,N,N,N,N,N,N,N,N,N,N,N,N,N,N,N,N
HLGP85;EPM4;AMRF;LIMPII;SCARB2;LIMP-2;CD36L2;LGP85;SR-BII,N,N,N,N,N,N,N,N,N,N,N,N,N,N,N,N,N,N,N,N,N,N,N,N,N,N,N,N,N,N,N,N
LAMP-3;CD63;ME491;MLA1;TSPAN30;OMA81H,N,N,N,N,N,N,N,N,N,N,N,N,N,N,N,N,N,N,N,N,N,N,N,N,N,N,N,N,N,N,N,N
CTNS-LSB;PQLC4;CTNS,N,N,N,N,N,N,A,N,N,N,A,N,N,N,N,N,N,N,N,A,N,N,A,A,A,N,N,N,N,A,N,N
SLC17A5;SLD;SIALIN;SD;ISSD;NSD;SIASD;AST,N,N,D,N,N,N,N,N,D,N,D,N,N,N,N,N,N,D,N,N,N,N,N,N,D,N,N,D,N,N,N,N
LAPTM4beta;LC27;LAPTM4B,N,N,N,N,N,N,N,N,N,N,N,N,N,N,N,N,N,N,N,N,N,N,N,N,N,N,N,N,N,N,N,N
CLAST6;LAPTM5,N,N,N,N,N,N,N,N,N,N,N,N,N,N,N,N,N,N,N,N,N,N,N,N,N,N,N,N,N,N,N,N
MBNT;LAPTM4A;HUMORF13;LAPTM4;Mtrp,N,N,N,N,N,N,N,N,N,N,N,N,N,N,N,N,N,N,N,N,N,N,N,N,N,N,N,N,N,N,N,N
ABCB9;EST122234;TAPL,D,D,D,D,D,D,D,D,D,N,D,D,D,D,D,D,D,D,D,D,D,D,D,D,D,D,D,D,D,D,D,D
ABCA2;ABC2,D,D,D,D,D,D,D,D,D,N,D,D,D,D,D,D,D,D,D,D,D,D,D,D,D,D,D,D,D,D,D,D
DMT1;SLC11A2;AHMIO1;NRAMP2;DCT1,D,N,N,N,N,N,D,N,D,N,D,N,N,N,D,N,D,N,N,N,D,N,N,N,N,D,N,N,N,N,D,N
SLC11A1;NRAMP1;LSH;NRAMP,D,N,N,N,N,N,D,N,D,N,D,N,N,N,D,N,D,N,N,N,D,N,N,N,N,D,N,N,N,N,D,N
NPC2;EDDM1;HE1,N,N,N,N,N,N,N,N,N,N,N,N,N,N,N,N,N,N,N,N,N,N,N,N,N,N,N,N,N,N,N,N
NPC;NPC1,C,C,C,N,C,N,C,C,C,N,C,C,C,C,C,N,N,N,N,N,N,C,N,N,N,C,N,N,C,N,C,C
CLN3;BTN1;JNCL;BTS,N,A,N,N,A,A,N,N,N,N,N,N,A,A,N,N,A,A,A,N,N,N,A,N,N,A,N,N,N,N,A,N
NCL;CLN5,N,N,N,N,N,N,N,N,N,N,N,N,N,N,N,N,N,N,N,N,N,N,N,N,N,N,N,N,N,N,N,N
DFNA66;CD164;MUC-24;MGC-24;MGC-24v;endolyn,N,N,N,N,N,N,N,N,N,N,N,N,N,N,N,N,N,N,N,N,N,N,N,N,N,N,N,N,N,N,N,N
ENTPD4;UDPase;LAP70;LYSAL1;LALP70;NTPDase-4,N,N,A,N,N,N,N,N,A,N,N,N,N,N,N,N,A,N,N,N,N,N,N,N,N,A,N,N,N,N,A,N
Gp95;LDLCQ6;NT3;SORT1;NTR3,N,A,N,N,N,N,N,A,N,N,A,A,N,A,N,N,A,N,N,N,A,A,A,N,N,A,N,N,N,N,A,A
MFSD8;CCMD;CLN7,D,D,D,N,N,N,N,N,D,N,D,D,N,D,N,N,D,D,N,N,D,N,N,D,D,D,N,N,N,N,D,D
HGSNAT;RP73;TMEM76;HGNAT;MPS3C,N,N,B,N,N,N,N,N,B,N,N,N,N,B,N,N,B,N,B,N,N,N,N,N,N,N,N,N,N,N,B,N
LCA;CLTA,N,N,N,N,N,N,N,N,N,N,N,N,N,N,N,N,N,N,N,N,N,N,N,N,N,N,N,N,N,N,N,N
CLTB;LCB,N,N,N,N,N,N,N,N,N,N,N,N,N,N,N,N,N,N,N,N,N,N,N,N,N,N,N,N,N,N,N,N
CHC17;CHC;CLTC;CLTCL2;Hc;CLH-17,A,N,A,A,A,N,A,A,N,N,A,A,N,N,N,N,N,A,N,A,A,N,A,N,N,A,N,N,N,N,A,A
CLTCL1;CLH22;CLTD;CLTCL;CHC22,A,N,A,A,A,N,A,A,N,N,A,A,N,N,N,N,N,A,N,A,A,N,A,N,N,A,N,N,N,N,A,A
M6P-R;CIMPR;CI-M6PR;MPR1;IGF2R;MPR300;MPR_300;CD222;MPRI;M6P/IGF2R,B,B,B,N,B,B,B,B,B,N,B,B,B,B,B,B,B,B,B,B,B,B,B,B,B,B,B,B,B,B,B,B
MPR46;CD-M6PR;SMPR;M6PR;MPR_46;CD-MPR;MPR-46,N,N,N,N,N,N,N,N,N,N,N,N,N,N,N,N,N,N,N,N,N,N,N,N,N,N,N,N,N,N,N,N
NAGPA;UCE;APAA,D,D,D,D,D,D,D,D,D,N,D,D,D,D,D,D,D,D,D,D,D,D,D,D,D,D,D,D,D,D,D,D
MU-1B;AP1-mu2;AP1M2;mu2;HSMU1B;MU1B,A,A,A,A,A,A,N,A,A,N,A,A,A,A,A,A,A,A,N,A,A,A,A,A,A,A,A,A,A,A,A,A
MEDNIK;EKV3;AP1S1;CLAPS1;SIGMA1A;AP19,A,A,A,A,A,A,N,A,A,N,A,A,A,A,A,A,A,A,A,A,A,A,A,A,A,A,A,A,N,A,A,A
PSORS15;AP1S3,A,A,A,A,A,A,N,A,A,N,A,A,A,A,A,A,A,A,A,A,A,A,A,A,A,A,A,A,N,A,A,A
AP1B1;ADTB1;BAM22;AP105A;CLAPB2,B,B,B,B,B,B,B,B,B,N,B,B,B,B,B,B,B,B,B,B,B,B,B,B,N,B,B,B,B,B,B,B
ADTG;CLAPG1;AP1G1,A,A,A,A,A,A,A,N,A,N,A,A,A,A,A,A,A,N,A,A,A,A,A,A,N,A,A,A,A,A,A,N
SIGMA1B;DC22;PGS;MRXSF;MRXS21;MRX59;MRXS5;AP1S2,A,A,A,A,A,A,N,A,A,N,A,A,A,A,A,A,A,A,A,A,A,A,A,A,A,A,A,A,N,A,A,A
G2AD;AP1G2,A,A,A,A,A,A,A,N,A,N,A,A,A,A,A,A,A,N,A,A,A,A,A,A,N,A,A,A,A,A,A,N
CLAPM2;AP1M1;MU-1A;AP47;CLTNM,A,A,A,A,A,A,N,A,A,N,A,A,A,A,A,A,A,A,N,A,A,A,A,A,A,A,A,A,A,A,A,A
sigma3b;AP3S2;AP3S3,A,A,A,A,A,A,N,A,A,N,A,A,A,A,A,A,A,A,A,A,A,A,A,A,A,A,A,A,N,A,A,A
AP3M2;AP47B;P47B;CLA20,A,A,A,A,A,A,N,A,A,N,A,A,A,A,A,A,A,A,N,A,A,A,A,A,A,A,A,A,A,A,A,A
CLAPS3;Sigma3A;AP3S1,A,A,A,A,A,A,N,A,A,N,A,A,A,A,A,A,A,A,A,A,A,A,A,A,A,A,A,A,N,A,A,A
AP3M1,A,A,A,A,A,A,N,A,A,N,A,A,A,A,A,A,A,A,N,A,A,A,A,A,A,A,A,A,A,A,A,A
NAPTB;AP3B2;EIEE48,B,B,B,B,B,B,B,B,B,N,B,B,B,B,B,B,B,B,B,B,B,B,B,B,N,N,B,B,B,B,B,N
ADTB3A;AP3B1;ADTB3;HPS;PE;HPS2,B,B,B,B,B,B,B,B,B,N,B,B,B,B,B,B,B,B,B,B,B,B,B,B,N,B,B,B,B,B,B,N
HPS10;hBLVR;AP3D1;ADTD,A,A,A,A,A,A,A,N,A,N,A,A,A,A,A,A,A,N,A,A,A,A,A,A,N,A,A,A,A,A,A,N
GGA2;VEAR,A,A,A,A,A,A,N,N,A,N,A,N,A,A,A,N,N,N,A,A,A,A,A,A,A,A,A,A,A,A,A,A
GGA3,A,A,A,A,A,A,N,N,A,N,A,N,A,A,A,N,N,N,A,A,A,A,A,A,A,A,A,A,A,A,A,A
GGA1,A,A,A,A,A,A,N,N,A,N,A,N,A,A,A,N,N,N,A,A,A,A,A,A,A,A,A,A,A,A,A,A
TRAP;TRACP5a;TrATPase;TRACP5b;HPAP;ACP5,B,B,N,N,N,N,N,N,B,N,B,N,N,N,N,N,N,N,N,B,N,N,B,N,N,B,N,N,N,N,B,N
AP4B1;CPSQ5;SPG47;BETA-4,B,B,B,B,B,B,B,B,B,N,B,B,B,B,B,B,B,B,B,B,B,B,B,B,N,N,B,B,B,B,B,N
AP4S1;CLA20;CPSQ6;CLAPS4;AP47B;SPG52,A,A,A,A,A,A,N,A,A,N,A,A,A,A,A,A,A,A,A,A,A,A,A,A,A,A,A,A,N,A,A,A
SPG51;AP4E1;STUT1;CPSQ4,A,A,A,A,A,A,A,A,A,N,A,A,A,A,A,A,A,N,A,A,A,A,A,A,N,A,A,A,A,A,A,N
MU-ARP2;MU-4;AP4M1;SPG50;CPSQ3,A,A,A,A,A,A,N,A,A,N,A,A,A,A,A,A,A,A,N,A,A,A,A,A,A,A,A,A,A,A,A,A
MPS9;LUCA1;HYAL-1;HYAL1;NAT6,N,N,N,N,N,N,N,N,N,N,N,N,N,N,N,N,N,N,N,N,N,N,N,N,N,N,N,N,N,N,N,N
AAPA3037;FGE;SUMF1;UNQ3037,N,N,N,N,B,N,N,B,N,N,B,N,N,N,N,N,N,N,N,B,N,N,B,N,N,N,N,B,N,N,N,N
MG-2;TRPM-L1;MLIV;ML4;MST080;TRP-ML1;MCOLN1;MSTP080;TRPML1,N,N,N,N,N,N,N,N,N,N,N,N,N,N,N,N,N,N,N,N,N,N,N,N,N,N,N,N,N,N,N,N
PIG7;SIMPLE;LITAF;TP53I7,N,A,N,N,N,N,N,N,A,N,A,N,N,N,A,N,N,N,N,N,N,N,N,N,N,N,N,N,N,N,N,N
