LRO1,B,N,B,B,N,N,N,B,B,N,B,B,N,B,B,N,B,N,N,N,N,N,N,N,B,B,N,N,N,N,B,B
ATG15;CVT17;AUT5,N,N,N,N,N,N,N,N,N,N,N,N,N,N,N,N,N,N,N,N,N,N,N,N,N,N,N,N,N,N,N,N
TGL2,N,N,N,N,N,N,N,N,N,N,N,N,N,N,N,N,N,N,N,N,N,N,N,N,N,N,N,N,N,N,N,N
STC1;TGL4,N,N,A,N,N,N,N,N,N,N,A,N,N,N,A,N,A,A,N,N,N,N,A,A,N,N,N,N,N,N,N,N
TGL3,N,N,A,N,N,N,N,N,N,N,A,N,N,N,A,N,A,A,N,N,N,N,A,A,N,N,N,N,N,N,N,N
ZRG1;DPP1,D,D,N,N,D,D,N,D,D,N,D,D,N,D,N,N,N,D,D,N,N,N,N,D,N,D,N,N,N,N,D,N
SMP2;PAH1,N,A,A,N,A,A,A,A,A,N,A,N,N,N,A,A,N,A,N,N,A,A,A,A,A,A,A,N,N,N,A,A
DGA1,A,N,N,N,A,N,N,A,A,N,A,A,A,A,A,A,A,A,A,A,N,A,A,A,A,A,N,N,A,A,A,N
SLC1,N,N,B,N,N,N,B,B,B,N,B,B,N,B,N,N,N,N,N,B,N,N,N,N,N,B,N,N,N,N,B,N
ALE1;LPT1;SLC4;LCA1,A,N,N,N,N,N,N,N,A,N,A,N,N,N,N,N,A,N,A,N,N,N,N,N,N,A,N,N,A,A,A,N
YJU3,N,N,N,N,N,N,N,N,N,N,N,N,N,N,N,N,N,N,N,N,N,N,N,N,N,N,N,N,N,N,N,N
SCT1;GAT2,D,D,D,D,D,D,D,D,D,N,D,D,D,D,D,D,D,D,D,D,D,D,D,D,D,D,D,D,D,D,D,D
GAT1;GPT2,D,D,D,D,D,D,D,D,D,N,D,D,D,D,D,D,D,D,D,D,D,D,D,D,D,D,D,D,D,D,D,D
DAK2,N,N,N,N,N,N,N,N,N,N,N,N,N,N,N,N,N,N,N,N,N,N,N,N,N,N,N,N,N,N,N,N
DAK1,N,N,N,N,N,N,N,N,N,N,N,N,N,N,N,N,N,N,N,N,N,N,N,N,N,N,N,N,N,N,N,N
HOR2;GPP2,N,N,N,N,N,N,N,N,N,N,N,N,N,N,N,N,N,N,N,N,N,N,N,N,N,N,N,N,N,N,N,N
RHR2;GPP1,N,N,N,N,N,N,N,N,N,N,N,N,N,N,N,N,N,N,N,N,N,N,N,N,N,N,N,N,N,N,N,N
GUT1,A,N,A,A,N,N,N,A,N,N,N,N,N,N,N,N,N,N,N,N,N,N,N,N,N,N,N,N,N,N,A,N
GCY1,D,N,N,N,N,D,N,D,D,N,D,N,D,N,D,N,N,D,N,D,N,D,N,D,D,D,N,N,N,N,D,N
ALD5,D,D,D,N,D,D,D,D,D,N,D,D,D,D,D,D,D,D,D,D,D,D,D,D,D,D,D,D,D,D,D,N
HFD1,D,D,D,N,D,D,D,D,D,N,D,D,D,D,D,D,D,D,D,D,D,D,D,D,D,D,D,D,D,D,D,N
ALD4;ALD7,D,D,D,N,D,D,D,D,D,N,D,D,D,D,D,D,D,D,D,D,D,D,D,D,D,D,D,D,D,D,D,N
ALD6;ALD1,D,D,D,N,D,D,D,D,D,N,D,D,D,D,D,D,D,D,D,D,D,D,D,D,D,D,D,D,D,D,D,N
TDA10,N,N,N,N,N,N,N,N,N,N,N,N,N,N,N,N,N,N,N,N,N,N,N,N,N,N,N,N,N,N,N,N
ADH7;ADHVII,A,N,N,N,A,N,N,N,N,N,A,N,N,N,N,N,N,A,N,N,N,N,N,N,N,N,N,N,N,A,N,N
ADHVI;ADH6,N,N,N,N,N,N,N,N,N,N,N,N,N,N,N,N,N,N,N,N,N,N,N,N,N,N,N,N,N,N,N,N
