S5DES;SC5DL;SC5D;ERG3,A,A,A,N,A,A,N,N,A,N,A,N,N,A,A,N,A,A,N,A,A,A,A,N,N,A,N,A,N,N,A,N
CPXD;CHO2;CPX;MEND;EBP;CDPX2,A,N,A,N,N,A,N,N,A,N,A,N,N,N,A,N,N,N,N,A,A,N,N,N,N,N,N,N,N,N,A,A
SLOS;DHCR7,D,D,D,N,D,D,D,D,D,N,D,N,D,D,D,N,D,N,D,N,D,D,D,D,N,N,D,D,N,D,D,N
seladin-1;DCE;Nbla03646;DHCR24;SELADIN1,B,N,B,N,N,N,N,N,B,N,B,N,N,B,N,N,N,N,B,N,N,N,N,N,N,N,N,N,N,N,N,B
CYP51;CYPL1;P450L1;LDM;P450-14DM;CP51;CYP51A1,D,D,D,D,D,D,D,D,D,N,D,D,D,D,D,D,D,D,D,D,D,D,D,D,D,D,D,D,D,D,D,D
TM7SF2;DHCR14A;ANG1;NET47,D,D,D,N,D,D,D,D,D,N,D,N,D,D,D,N,D,N,D,N,D,D,D,D,N,N,D,D,N,D,D,N
LSS;OSC;CTRCT44,B,B,N,N,B,N,N,N,B,N,B,B,N,N,B,B,N,B,N,N,B,N,N,N,N,N,N,N,N,N,N,B
XAP104;H105E3;SDR31E1;NSDHL,B,N,N,N,N,N,N,N,B,N,N,N,N,B,N,N,N,N,N,N,N,N,N,N,N,N,N,N,N,N,B,N
FAXDC2;C5orf4,A,A,A,N,A,A,N,N,A,N,A,N,N,A,A,N,A,A,N,A,A,A,A,N,N,A,N,A,N,N,A,N
SC4MOL;DESP4;MCCPD;MSMO1;ERG25,A,A,A,N,A,A,N,N,A,N,A,N,N,A,A,N,A,A,N,A,A,A,A,N,N,A,N,A,N,N,A,N
PRAP;SDR37C1;HSD17B7,D,D,D,N,D,D,N,N,D,N,D,N,D,D,D,N,N,D,D,D,N,D,N,N,N,D,N,D,N,N,D,D
FAPP;CELL;BAL;BSDL;BSSL;FAP;MODY8;LIPA;CEase;CEL,D,D,D,N,N,D,N,D,D,N,D,D,D,D,D,D,D,D,D,D,D,D,D,D,N,D,D,D,D,D,D,D
CESD;LIPA;LAL,A,A,A,N,N,N,N,A,A,N,A,N,A,A,A,N,N,N,A,A,A,A,A,A,A,A,A,A,A,N,A,A
ACAT1;ACACT;SOAT1;SOAT;ACAT-1;ACAT;STAT,A,A,A,N,N,A,A,N,N,N,A,N,A,N,A,A,N,N,N,A,A,A,N,A,A,N,A,A,A,A,A,N
SOAT2;ACAT2;ACACT2;ARGP2,A,A,A,N,N,A,A,N,N,N,A,N,A,N,A,A,N,N,N,A,A,A,N,A,A,N,A,A,A,A,A,N
CYP2R1,D,D,D,N,D,D,D,D,D,N,D,D,D,D,D,D,D,D,D,D,D,D,D,D,N,D,D,D,D,D,D,D
VDR;CYP1;CP2B;CYP27B1;VDDRI;VDDR;CYP27B;PDDR;CYP1alpha;P450c1;VDD1,D,D,D,N,D,D,D,D,D,N,D,D,D,D,D,D,D,D,D,D,D,D,D,D,N,D,D,D,D,D,D,D
HCINF1;CYP24;HCAI;P450-CC24;CYP24A1;CP24,D,D,D,D,D,D,D,D,D,N,D,D,D,D,D,D,D,D,D,D,D,D,D,D,D,D,D,D,D,D,D,D
SQS;DGPT;FDFT1;SS;ERG9,N,B,N,N,N,B,N,B,B,N,B,N,B,B,N,N,N,N,N,N,B,N,N,N,N,N,N,N,N,N,B,N
SQLE,N,B,N,N,N,N,N,N,B,N,B,N,B,N,N,N,N,B,B,N,B,N,N,B,N,N,N,N,N,N,B,N
