ZGRF2;APEX2;APE2;XTH2;APEXL2,D,N,D,N,N,N,N,D,D,N,D,N,N,D,D,N,N,N,N,N,D,N,N,D,N,D,N,D,N,N,D,N
APE1;HAP1;APX;APEX1;APEX;REF1;APEN;APE,D,N,D,N,N,N,N,D,D,N,D,N,N,D,D,N,N,N,N,N,D,N,N,D,N,D,N,D,N,N,D,N
MF1;FEN1;RAD2;FEN-1,N,N,D,D,D,N,D,D,D,N,D,D,D,D,D,N,D,D,D,D,D,D,D,D,D,D,N,D,D,N,D,D
ARTD2;pADPRT-2;ADPRTL2;ADPRT2;PARP-2;PARP2;ADPRTL3,D,D,D,D,D,D,D,D,D,N,D,D,D,D,D,D,D,D,D,D,D,D,D,D,D,D,D,D,D,D,D,D
PADPRT-3;PARP3;IRT1;ADPRTL2;ARTD3;ADPRTL3;ADPRT3,D,D,D,D,D,D,D,D,D,N,D,D,D,D,D,D,D,D,D,D,D,D,D,D,D,D,D,D,D,D,D,D
ADPRT;PPOL;PARP;PARP1;ADPRT_1;PARP-1;ADPRT1;pADPRT-1;ARTD1,D,D,D,D,D,D,D,D,D,N,D,D,D,D,D,D,D,D,D,D,D,D,D,D,D,D,D,D,D,D,D,D
PARP-4;VWA5C;PH5P;VAULT3;PARPL;PARP4;VPARP;ARTD4;ADPRTL1;p193,D,D,D,D,D,D,D,D,D,N,D,D,D,D,D,D,D,D,D,D,D,D,D,D,D,D,D,D,D,D,D,D
LIG1,N,N,D,N,N,N,N,N,D,N,D,N,D,D,D,D,N,N,N,D,D,D,D,N,N,D,N,N,N,N,D,D
LIG3;LIG2,D,D,D,N,D,N,N,D,D,N,D,N,D,D,D,D,D,N,N,D,D,D,D,D,N,D,N,N,N,N,D,D
p17;YBL1;CHARAC17;POLE3;CHRAC17,C,C,C,N,N,C,N,N,C,N,C,C,C,N,C,N,N,C,N,C,C,N,C,C,C,C,C,C,C,C,C,C
FILS;POLE1;POLE;CRCS12,N,N,N,N,N,N,N,N,N,N,N,N,N,N,N,N,N,N,N,N,N,N,N,N,N,N,N,N,N,N,N,N
DPE2;POLE2,A,A,A,N,A,N,A,A,N,N,A,A,A,A,A,A,A,N,N,N,A,A,N,A,A,A,A,N,A,A,N,A
p12;POLE4;YHHQ1,A,A,A,A,A,A,A,A,A,N,A,N,A,A,A,A,A,A,A,A,A,N,A,A,A,A,A,A,A,A,A,A
POLD3;PPP1R128;P66;P68,A,N,N,N,N,N,N,N,A,N,N,N,N,A,N,N,N,N,N,N,N,N,N,N,N,N,N,N,N,N,A,N
MDPL;POLD;CRCS10;CDC2;POLD1,D,D,D,D,D,D,D,D,D,N,D,D,D,D,D,D,D,D,D,D,D,D,D,D,D,D,D,D,D,D,D,D
POLD2,N,N,N,N,A,N,N,A,N,N,A,N,N,A,N,A,N,A,A,N,N,N,A,N,N,A,A,A,N,A,A,N
POLD4;p12;POLDS,N,N,A,N,N,A,N,A,A,N,A,N,N,A,N,A,A,N,A,N,A,A,N,A,N,N,N,N,N,N,A,N
POLB,N,N,N,N,N,N,N,N,N,N,N,N,N,N,N,N,N,N,N,N,N,N,N,N,N,N,N,N,N,N,N,N
PCNA;ATLD2,C,C,N,N,N,N,N,C,C,N,N,C,N,N,N,N,N,N,N,N,N,N,C,N,N,N,N,C,C,N,N,N
MUTYH;MYH,N,N,N,N,N,N,N,N,N,N,N,N,N,N,N,N,N,N,N,N,N,N,N,N,N,N,N,N,N,N,N,N
HIGM5;HIGM4;UNG15;UDG;UNG2;UNG;DGU;UNG1,B,B,B,B,B,N,B,B,B,N,B,B,B,B,B,B,B,B,B,B,B,B,B,B,B,B,B,B,B,N,B,B
FAP3;NTH1;hNTH1;NTHL1;OCTS3,N,N,N,N,N,N,N,N,N,N,N,N,N,N,N,N,N,N,N,N,N,N,N,N,N,N,N,N,N,N,N,N
XRCC1;RCC;SCAR26,N,N,N,N,N,N,N,N,N,N,N,N,N,N,N,N,N,N,N,N,N,N,N,N,N,N,N,N,N,N,N,N
HMG3;HMG1;HMGB1;HMG-1;SBP-1,A,A,A,A,A,A,A,A,A,N,A,A,A,A,A,A,A,A,A,A,A,A,A,A,A,A,A,A,A,A,A,A
POLKAPPA;BETAN;POLL,N,N,N,N,N,N,N,N,N,N,N,N,N,N,N,N,N,N,N,N,N,N,N,N,N,N,N,N,N,N,N,N
NEIL2;NEI2;NEH2,N,N,N,N,N,N,N,N,N,N,N,N,N,N,N,N,N,N,N,N,N,N,N,N,N,N,N,N,N,N,N,N
HOGG1;HMMH;MUTM;OGH1;OGG1,N,N,N,N,N,N,N,N,N,N,N,N,N,N,N,N,N,N,N,N,N,N,N,N,N,N,N,N,N,N,N,N
MBD4;MED1,N,N,N,N,N,N,N,N,A,N,A,N,N,N,N,N,N,A,N,N,A,N,N,N,N,N,N,N,N,N,A,N
MPG;PIG11;ADPG;PIG16;APNG;AAG;anpg;Mid1;MDG;CRA36.1,N,N,N,N,N,N,N,N,N,N,N,N,N,N,N,N,N,N,N,N,N,N,N,N,N,N,N,N,N,N,N,N
SMUG1;UNG3;HMUDG;FDG,N,N,N,N,N,N,N,N,N,N,N,N,N,N,N,N,N,N,N,N,N,N,N,N,N,N,N,N,N,N,N,N
NEIL1;FPG1;NEI1;hFPG1,B,N,B,N,N,N,N,N,B,N,N,B,B,N,N,N,N,B,N,B,N,N,N,B,N,N,N,N,N,N,N,N
FGP2;FPG2;hFPG2;hNEI3;NEIL3;ZGRF3;NEI3,N,N,N,N,N,N,N,N,N,N,N,N,N,N,N,N,N,N,N,N,N,N,N,N,N,N,N,N,N,N,N,N
TDG;hTDG,N,N,N,N,N,N,N,N,N,N,N,N,N,N,N,N,N,N,N,N,N,N,N,N,N,N,N,N,N,N,N,N
