PSS2;PTDSS2,A,N,A,N,A,N,N,N,A,N,N,A,N,N,A,N,A,N,N,N,A,N,N,N,N,A,N,N,N,N,A,N
PTDSS1;PSS1;LMHD;PSSA,A,N,A,N,A,N,N,N,A,N,N,A,N,N,A,N,A,N,N,N,A,N,N,N,N,A,N,N,N,N,A,N
GNPAT;RCDP2;DAP-AT;DHAPAT;DAPAT,N,N,B,N,N,N,B,B,B,N,N,B,N,N,N,N,N,N,N,N,N,N,N,N,N,N,N,N,N,N,B,N
LPLAT_5;LPSAT;C3F;OACT5;LPCAT3;LPCAT;nessy;MBOAT5,A,N,N,N,N,N,N,N,A,N,A,N,N,N,N,N,A,N,A,N,N,N,N,N,N,A,N,N,A,A,A,N
LPAAT-eta;AGPAT7;AYTL3;LPCAT4;LPEAT2,N,A,A,A,N,A,N,A,A,N,A,N,N,N,N,N,A,N,A,N,A,N,A,N,N,N,N,N,N,A,A,A
AYTL1;AGPAT11;LPCAT2;LysoPAFAT,B,B,B,B,N,B,B,B,B,N,B,B,B,B,B,B,B,B,B,N,B,B,B,B,N,B,B,N,B,B,B,B
AYTL2;AGPAT10;lysoPAFAT;AGPAT9;lpcat;LPCAT-1;LPCAT1;PFAAP3,B,B,B,B,N,B,B,B,B,N,B,B,B,B,B,B,B,B,B,N,B,B,B,B,N,B,B,N,B,B,B,B
CEPT1,A,A,A,N,A,A,N,N,A,N,A,N,A,N,A,N,A,A,N,A,A,N,A,A,A,A,A,N,A,A,A,N
CPT1;CPT;CHPT1,A,A,A,N,A,A,N,N,A,N,A,N,A,N,A,N,A,A,N,A,A,N,A,A,A,A,A,N,A,A,A,N
CT;CTA;SMDCRD;CTPCT;PCYT1A;PCYT1;CCTA,D,N,N,N,D,N,D,D,D,N,D,D,D,N,D,D,D,N,N,N,D,D,D,D,N,D,D,D,D,D,D,N
CCTB;CTB;PCYT1B,D,N,N,N,D,N,D,D,D,N,D,D,D,N,D,D,D,N,N,N,D,D,D,D,N,D,D,D,D,D,D,N
CKI;EK;CHK;CK;CHKA,N,A,N,A,N,N,N,N,A,N,A,A,N,A,N,N,N,N,A,N,N,N,N,A,N,A,N,N,N,N,A,N
CKEKB;CHKL;EK;CK;CHKB;MDCMC;CKB;EKB;CHETK,N,A,N,A,N,N,N,N,A,N,A,A,N,A,N,N,N,N,A,N,N,N,N,A,N,A,N,N,N,N,A,N
ARACHE;ACEE;ACHE;YT;N-ACHE,D,D,N,N,N,N,N,D,D,N,D,N,D,D,N,N,D,D,D,D,N,D,D,D,N,D,N,D,D,D,D,D
CMS6;CMS1A2;CMS1A;CHOACTASE;CHAT,N,N,A,N,A,N,N,N,N,N,A,A,N,N,N,N,N,A,N,N,N,N,N,N,A,A,N,N,A,N,A,N
PCYT2;ET,D,N,N,N,D,N,D,D,D,N,D,D,D,N,D,D,D,N,N,N,D,D,D,D,N,D,D,D,D,D,D,N
EKI2;ETNK2;HMFT1716,N,A,N,A,N,N,N,N,A,N,A,A,N,A,N,N,N,N,A,N,N,N,N,A,N,A,N,N,N,N,A,N
Nbla10396;EKI_1;EKI;EKI1;ETNK1,N,A,N,A,N,N,N,N,A,N,A,A,N,A,N,N,N,N,A,N,N,N,N,A,N,A,N,N,N,N,A,N
HRASLS3;HREV107-3;HREV107-1;HREV107;AdPLA;H-REV107;H-REV107-1;HRSL3;PLA2G16,A,N,N,N,N,N,A,N,A,N,N,A,N,N,N,N,N,N,N,N,A,N,N,N,N,N,N,N,N,N,A,N
HsT16992;cPLA2-beta;PLA2G4B,B,B,B,N,B,N,B,B,B,N,B,N,B,B,B,B,B,B,B,B,B,B,B,B,B,B,B,B,N,B,B,B
PLA2G4E,B,B,B,N,B,N,N,B,B,N,B,N,B,B,B,B,B,B,B,N,B,B,B,B,B,N,B,B,N,B,B,B
PLB1;PLB;PLB/LIP,N,N,N,N,N,N,N,N,N,N,N,N,N,N,N,N,N,N,N,N,N,N,N,N,N,N,N,N,N,N,N,N
PLA2G4F;PLA2G4FZ,B,B,B,N,B,B,B,B,B,N,B,N,B,B,B,B,B,B,B,B,B,B,B,B,B,N,B,B,B,B,B,B
PLA2IID;PLA2G2D;SPLASH;sPLA2-IID;sPLA2S,N,N,N,N,N,N,N,N,N,N,N,N,N,N,N,N,N,N,N,N,N,N,N,N,N,N,N,N,N,N,N,N
PLA2G4D;cPLA2delta,B,B,B,N,B,B,N,B,B,N,B,N,B,B,B,B,B,B,B,B,B,B,B,B,B,B,B,B,B,B,B,B
sPLA2-IIE;PLA2G2E;GIIE_sPLA2,N,N,N,N,N,N,N,N,N,N,N,N,N,N,N,N,N,N,N,N,N,N,N,N,N,N,N,N,N,N,N,N
PLA2G2C,N,N,N,N,N,N,N,N,N,N,N,N,N,N,N,N,N,N,N,N,N,N,N,N,N,N,N,N,N,N,N,N
SPLA2III;sPLA2-III;PLA2G3;GIII-SPLA2,N,N,N,N,N,N,N,N,N,N,N,N,N,N,N,N,N,N,N,N,N,N,N,N,N,N,N,N,N,N,N,N
PPLA2;PLA2A;PLA2G1B;PLA2,N,N,N,N,N,N,N,N,N,N,N,N,N,N,N,N,N,N,N,N,N,N,N,N,N,N,N,N,N,N,N,N
PLA2G2A;PLA2S;PLAS1;MOM1;PLA2B;PLA2;sPLA2;PLA2L,N,N,N,N,N,N,N,N,N,N,N,N,N,N,N,N,N,N,N,N,N,N,N,N,N,N,N,N,N,N,N,N
cPLA2-alpha;cPLA2;PLA2G4;PLA2G4A,B,B,B,N,B,B,N,B,B,N,B,N,B,B,B,B,B,B,B,B,B,B,B,B,B,N,B,B,B,B,B,B
FRFB;PLA2G5;hVPLA(2);GV-PLA2;PLA2-10,N,N,N,N,N,N,N,N,N,N,N,N,N,N,N,N,N,N,N,N,N,N,N,N,N,N,N,N,N,N,N,N
PLA2G2F,N,N,N,N,N,N,N,N,N,N,N,N,N,N,N,N,N,N,N,N,N,N,N,N,N,N,N,N,N,N,N,N
ROSSY;GXII;PLA2G12A;PLA2G12,A,N,N,N,N,N,N,N,A,N,N,A,N,N,N,N,N,N,N,N,A,N,N,N,A,N,N,N,N,N,A,A
PNPLA9;GVI;iPLA2beta;NBIA2B;CaI-PLA2;NBIA2;PARK14;PLA2G6;iPLA2;PLA2;INAD1;NBIA2A;IPLA2-VIA,D,D,D,D,D,D,D,D,D,N,D,D,D,D,D,D,D,D,D,D,D,D,D,D,D,D,D,D,D,D,D,D
GXPLA2;SPLA2;PLA2G10;sPLA2-X;GXSPLA2,N,N,N,N,N,N,N,N,N,N,N,N,N,N,N,N,N,N,N,N,N,N,N,N,N,N,N,N,N,N,N,N
GXIIIsPLA2;FKSG71;PLA2G12B;PLA2G13;sPLA2-GXIIB;GXIIB,A,N,N,N,N,N,N,N,A,N,N,A,N,N,N,N,N,N,N,N,A,N,N,N,A,N,N,N,N,N,A,A
CPLA2-gamma;PLA2G4C,N,B,B,N,N,N,N,N,N,N,B,N,B,B,N,N,N,N,N,N,N,N,N,B,B,N,N,N,N,N,N,N
HsT16992;cPLA2-beta;JMJD7-PLA2G4B,B,B,B,N,B,N,N,B,B,N,B,N,B,B,B,B,B,B,B,B,B,B,B,B,B,N,B,B,N,B,B,B
DGKK,D,D,D,D,D,D,D,D,D,N,D,D,D,D,D,D,D,D,D,D,D,D,D,D,D,D,D,D,D,D,D,D
DGKA;DAGK;DGK-alpha;DAGK1,B,B,B,N,N,B,B,B,B,N,B,B,B,B,B,B,B,B,B,B,B,B,B,B,N,B,B,N,B,B,B,N
DAGK2;DGKB;DGK;DGK-BETA,B,B,B,N,N,B,B,B,B,N,B,B,B,B,B,B,B,B,B,B,B,B,B,B,N,B,B,N,B,B,B,N
DGKG;DGK-GAMMA;DAGK3,B,B,B,N,N,B,B,B,B,N,B,B,B,B,B,B,B,B,B,B,B,B,B,B,N,B,B,N,B,B,B,N
DGKeta;DGKH,D,D,D,D,D,D,D,D,D,N,D,D,D,D,D,D,D,D,D,D,D,D,D,D,D,D,D,D,D,D,D,D
DAGK7;DGKQ;DAGK;DAGK4,A,N,N,N,N,A,N,A,A,N,A,N,N,N,N,A,A,N,N,A,A,A,A,N,N,N,N,N,N,N,A,N
DAGK6;hDGKzeta;DGK-ZETA;DAGK5;DGKZ,D,D,D,D,D,D,D,D,D,N,D,D,D,D,D,D,D,D,D,D,D,D,D,D,D,D,D,D,D,D,D,D
DAGK6;NPHS7;DGK;AHUS7;DAGK5;DGKE,A,N,N,N,N,A,N,A,A,N,A,N,N,N,N,A,A,N,N,A,A,A,A,N,N,N,N,N,N,N,A,N
dgkd-2;DGKD;DGKdelta,D,D,D,D,D,D,D,D,D,N,D,D,D,D,D,D,D,D,D,D,D,D,D,D,D,D,D,D,D,D,D,D
DGK-IOTA;DGKI,D,D,D,D,D,D,D,D,D,N,D,D,D,D,D,D,D,D,D,D,D,D,D,D,D,D,D,D,D,D,D,D
PLPP4;PPAPDC1A;DPPL2;PPAPDC1,D,D,N,N,D,D,N,D,D,N,D,D,N,D,N,N,N,D,D,N,N,N,N,D,N,D,N,N,N,N,D,N
LPIN1;PAP1,N,A,A,N,A,A,A,A,A,N,A,N,N,N,A,A,N,A,N,N,A,A,A,A,A,A,A,N,N,N,A,A
LIPN3L;LPIN3;SMP2,N,A,A,N,A,A,A,A,A,N,A,N,N,N,A,A,N,A,N,N,A,A,A,A,A,A,A,N,N,N,A,A
PLPP5;HTPAP;PPAPDC1B;DPPL1,D,D,N,N,D,D,N,D,D,N,D,D,N,D,N,N,N,D,D,N,N,N,N,D,N,D,N,N,N,N,D,N
PPAP2A;PAP-2a;PAP2;LPP1;PLPP1;LLP1a,D,D,N,N,D,D,N,D,D,N,D,D,N,D,N,N,N,D,D,N,N,N,N,D,N,D,N,N,N,N,D,N
LPP2;PAP-2c;PAP2-g;PPAP2C;PLPP2,D,D,N,N,D,D,N,D,D,N,D,D,N,D,N,N,N,D,D,N,N,N,N,D,N,D,N,N,N,N,D,N
VCIP;PLPP3;LPP3;PPAP2B;PAP2B;Dri42,D,D,N,N,D,D,N,D,D,N,D,D,N,D,N,N,N,D,D,N,N,N,N,D,N,D,N,N,N,N,D,N
LPIN2,N,A,A,N,A,A,A,A,A,N,A,N,N,N,A,A,N,A,N,N,A,A,A,A,A,A,A,N,N,N,A,A
PLD4;C14orf175,N,N,N,N,N,N,N,N,N,N,N,N,N,N,N,N,N,N,N,N,N,N,N,N,N,N,N,N,N,N,N,N
HU-K4;AD19;HUK4;PLD3,N,N,N,N,N,N,N,N,N,N,N,N,N,N,N,N,N,N,N,N,N,N,N,N,N,N,N,N,N,N,N,N
PLD1;CVDD,D,D,N,N,N,N,D,N,D,N,D,D,D,D,N,N,D,N,N,D,D,D,D,N,N,D,N,D,N,N,D,N
PLD2;PLD1C,D,D,N,N,N,N,D,N,D,N,D,D,D,D,N,N,D,N,N,D,D,D,D,N,N,D,N,D,N,N,D,N
1-AGPAT1;LPAATA;G15;LPAAT-alpha;AGPAT1,N,N,B,N,N,N,B,B,B,N,B,B,N,B,N,N,N,N,N,B,N,N,N,N,N,B,N,N,N,N,B,N
BSCL;AGPAT2;BSCL1;LPAAB;1-AGPAT2;LPAAT-beta,N,N,B,N,N,N,B,B,B,N,B,B,N,B,N,N,N,N,N,B,N,N,N,N,N,B,N,N,N,N,B,N
LPEAT;MBOAT2;OACT2;LPLAT_2;LPCAT4;LPAAT,A,N,N,N,N,N,N,N,A,N,A,N,N,N,N,N,A,N,A,N,N,N,N,N,N,A,N,N,A,A,A,N
LPSAT;LPLAT;OACT1;dJ434O11.1;LPEAT1;LPLAT_1;MBOAT1,A,N,N,N,N,N,N,N,A,N,A,N,N,N,N,N,A,N,A,N,N,N,N,N,N,A,N,N,A,A,A,N
UNQ1849;LYCAT;AGPAT8;LCLAT1;ALCAT1;1AGPAT8;HSRG1849,N,A,A,N,N,N,A,N,A,N,A,A,N,A,N,N,N,N,N,A,N,N,N,A,N,A,N,N,N,N,A,N
LPAATE;1AGPAT5;AGPAT5,N,A,A,N,N,N,A,N,A,N,A,A,N,A,N,N,N,N,N,A,N,N,N,A,N,A,N,N,N,N,A,N
AGPAT3;LPAAT3;LPAAT-GAMMA1,N,A,A,N,N,N,A,N,A,N,A,A,N,A,N,N,N,N,N,A,N,N,N,A,N,A,N,N,N,N,A,N
LPAAT-delta;1-AGPAT4;dJ473J16.2;AGPAT4,N,A,A,N,N,N,A,N,A,N,A,A,N,A,N,N,N,N,N,A,N,N,N,A,N,A,N,N,N,N,A,N
PIS;CDIPT;PIS1,N,N,N,N,N,N,N,N,N,N,N,N,N,N,N,N,N,N,N,N,N,N,N,N,N,N,N,N,N,N,N,N
PHOSPHO1,N,N,N,N,D,N,D,N,D,N,N,N,D,N,N,D,N,D,N,D,N,N,N,N,N,N,N,D,N,N,D,N
GPAT4;LPAAT-zeta;LPAATZ;TSARG7;1-AGPAT_6;AGPAT6,N,B,B,B,N,B,B,B,B,N,B,B,N,N,N,N,B,N,B,N,B,N,B,N,N,N,N,N,N,B,B,B
CT123;GPAT2,N,N,B,N,N,N,B,B,B,N,N,B,N,N,N,N,N,N,N,N,N,N,N,N,N,N,N,N,N,N,B,N
GPAM;GPAT1;GPAT,N,N,B,N,N,N,B,B,B,N,N,B,N,N,N,N,N,N,N,N,N,N,N,N,N,N,N,N,N,N,B,N
AGPAT10;GPAT3;AGPAT_10;AGPAT8;AGPAT9;HMFN0839;LPAAT-theta;MAG1,N,B,B,B,N,B,B,B,B,N,B,B,N,N,N,N,B,N,B,N,B,N,B,N,N,N,N,N,N,B,B,B
GPD1-L;GPD1L,B,N,N,N,B,N,B,N,B,N,B,N,N,N,B,B,B,B,N,N,N,B,B,N,N,N,N,B,N,N,B,N
GPD-C;GPD1;HTGTI;GPDH-C,B,N,N,N,B,N,B,N,B,N,B,N,N,N,B,B,B,B,N,N,N,B,B,N,N,N,N,B,N,N,B,N
GPD2;GPDM;GDH2;mGPDH,N,B,B,B,B,N,N,B,B,N,B,B,B,B,B,B,N,B,B,B,N,N,B,N,N,N,N,N,B,N,B,B
LCAT,A,N,A,A,N,N,N,N,A,N,A,N,N,A,A,N,N,N,N,N,N,N,N,N,A,A,N,N,N,N,A,N
PREI4;EDI3;GDPD6;GPCPD1;GDE5,D,D,D,D,D,D,D,D,D,N,D,D,D,D,D,D,D,D,D,D,D,D,D,D,D,D,D,D,D,D,D,D
SEPI;EPT1;SELENOI;SELI,A,A,A,N,A,A,N,N,A,N,A,N,A,N,A,N,A,A,N,A,A,N,A,A,A,A,A,N,A,A,A,N
LPL-I;APT-1;APT1;hAPT1;LYPLA1;LPL1,N,N,N,N,N,N,N,N,N,N,N,N,N,N,N,N,N,N,N,N,N,N,N,N,N,N,N,N,N,N,N,N
NTE;BNHS;SPG39;LNMS;PNPLA6;iPLA2delta;NTEMND;sws;OMCS,N,N,N,N,A,N,N,N,N,N,A,A,A,N,A,A,A,A,N,N,N,N,A,N,N,N,N,N,N,N,A,N
C9orf111;NTE-R1;PNPLA7;NTEL1,B,N,N,N,B,N,N,B,N,N,B,B,B,B,B,B,B,B,B,N,B,N,B,B,N,B,N,B,N,N,B,B
APT2;DJ886K2.4;LYPLA2;APT-2,N,N,N,N,N,N,N,N,N,N,N,N,N,N,N,N,N,N,N,N,N,N,N,N,N,N,N,N,N,N,N,N
CDS1;CDS,B,N,B,N,N,N,B,B,B,N,B,N,N,N,N,B,N,N,N,N,N,N,N,N,N,N,N,B,N,N,B,N
CDS2,B,N,B,N,N,N,B,B,B,N,B,N,N,N,N,B,N,N,N,N,N,N,N,N,N,N,N,B,N,N,B,N
NBLA03831;MDS006;ADPRM;C17orf48,N,N,B,N,N,B,N,N,B,N,B,B,N,N,N,N,B,N,N,N,N,N,B,N,N,N,N,N,N,N,B,N
PISD;PSSC;PSDC;DJ858B16;dJ858B16.2;PSD,B,B,B,B,B,B,N,B,B,N,B,N,B,B,N,N,B,B,B,B,B,B,B,B,N,N,B,B,B,B,B,B
LPLA2;LLPL;PLA2G15;GXVPLA2;LYPLA3;ACS,A,N,A,A,N,N,N,N,A,N,A,N,N,A,A,N,N,N,N,N,N,N,N,N,A,A,N,N,N,N,A,N
PEMT;PEAMT;PEMT2;PEMPT;PLMT;PNMT,N,D,N,N,D,D,D,N,D,N,D,N,N,D,N,N,N,D,D,N,N,D,N,N,N,N,N,D,N,D,D,N
PGS1,B,N,B,N,N,N,N,N,N,N,B,N,N,N,B,N,N,N,B,N,N,N,B,N,N,B,N,B,N,B,B,N
CLS;CRLS1;CLS1;dJ967N21.6;C20orf155;GCD10,N,N,N,N,N,N,N,N,N,N,N,N,N,N,N,N,N,N,N,N,N,N,N,N,N,N,N,N,N,N,N,N
hMBOA-7;OACT7;BB1;LRC4;MRT57;MBOA7;LPIAT;MBOAT7;LENG4,A,N,N,N,N,N,N,N,A,N,A,N,N,N,N,N,A,N,A,N,N,N,N,N,N,A,N,N,A,A,A,N
EFE2;Taz1;BTHS;EFE;CMD3A;G4.5;TAZ;LVNCX,N,N,B,N,N,N,B,B,B,N,N,B,N,N,N,N,N,B,B,B,B,N,N,N,N,B,B,N,N,N,B,N
NET8;FAM34A1;LPGAT1;FAM34A,N,A,A,N,N,N,A,N,A,N,A,A,N,A,N,N,N,N,N,A,N,N,N,A,N,A,N,N,N,N,A,N
ETNPPL;AGXT2L1,D,D,D,N,N,D,N,D,D,N,D,D,D,D,D,D,D,D,D,D,D,D,D,D,N,D,D,D,D,D,D,D
