CEH;EPHX2;SEH,D,N,N,D,N,D,D,D,D,N,D,N,N,N,D,D,D,N,D,N,D,N,D,N,N,D,N,D,D,N,N,D
P450;EFVM;CYPIIB6;CYP2B;CPB6;CYP2B7P;CYP2B6;IIB1;CYP2B7,D,D,D,N,D,D,D,D,D,N,D,D,D,D,D,D,D,D,D,D,D,D,D,D,N,D,D,D,D,D,D,D
CYPIIJ2;CYP2J2;CPJ2,D,D,D,N,D,D,D,D,D,N,D,D,D,D,D,D,D,D,D,D,D,D,D,D,N,D,D,D,D,D,D,D
CPC9;CYP2C10;P450IIC9;CYP2C;CYPIIC9;CYP2C9,D,D,D,N,D,D,D,D,D,N,D,D,D,D,D,D,D,D,D,D,D,D,D,D,N,D,D,D,D,D,D,D
CYPIIC8;CPC8;CYP2C8;MP-12/MP-20,D,D,D,N,D,D,D,D,D,N,D,D,D,D,D,D,D,D,D,D,D,D,D,D,N,D,D,D,D,D,D,D
ALOX15B;15-LOX-2,B,B,N,N,N,N,N,B,B,N,B,B,N,B,B,N,B,N,N,N,B,B,B,N,B,B,N,B,N,N,B,B
12R-LOX;ARCI2;ALOX12B,B,B,N,N,N,N,N,B,B,N,B,B,N,B,B,N,B,N,N,N,B,B,B,N,B,B,N,B,N,N,B,B
SPG49;SPG56;CYP2U1;P450TEC,D,D,D,N,D,D,D,D,D,N,D,D,D,D,D,D,D,D,D,D,D,D,D,D,N,D,D,D,D,D,D,D
dJ1186N24;dJ1186N24.1;GSHPx-6;GPXP3;GPX5p;GPX6;GPx-6,B,N,B,N,B,N,N,B,N,N,B,B,B,B,B,N,N,N,N,N,N,B,B,N,N,B,N,N,N,N,B,B
GPXD;GSHPX1;GPX1,B,N,B,N,B,N,N,B,N,N,B,B,B,B,B,N,N,N,N,N,N,B,B,N,N,B,N,N,N,N,B,B
GPx-2;GSHPx-2;GSHPX-GI;GI-GPx;GPX2;GPRP;GPRP-2;GPx-GI,B,N,B,N,B,N,N,B,N,N,B,B,B,B,B,N,N,N,N,N,N,B,B,N,N,B,N,N,N,N,B,B
GSHPx-3;GSHPx-P;GPx-P;GPX3,B,N,B,N,B,N,N,B,N,N,B,B,B,B,B,N,N,N,N,N,N,B,B,N,N,B,N,N,N,N,B,B
GPX5;HEL-S-75p,B,N,B,N,B,N,N,B,N,N,B,B,B,B,B,N,N,N,N,N,N,B,B,N,N,B,N,N,N,N,B,B
NPGPx;GPx-7;GSHPx-7;GPX7;CL683;GPX6,B,N,B,N,B,N,N,B,N,N,B,B,B,B,B,N,N,N,N,N,N,B,B,N,N,B,N,N,N,N,B,B
GPx-8;GSHPx-8;UNQ847;EPLA847;GPX8,B,N,B,N,B,N,N,B,N,N,B,B,B,B,B,N,N,N,N,N,N,B,B,N,N,B,N,N,N,N,B,B
CYP4F3;CYP4F;CPF3;LTB4H,D,D,D,N,D,D,D,D,D,N,D,D,D,D,D,D,D,D,D,D,D,D,D,D,N,D,D,D,D,D,D,D
CYP4F2;CPF2,D,D,D,N,D,D,D,D,D,N,D,D,D,D,D,D,D,D,D,D,D,D,D,D,N,D,D,D,D,D,D,D
CYP4A2;CYP4A11;CYP4AII;CP4Y,D,D,D,N,D,D,D,D,D,N,D,D,D,D,D,D,D,D,D,D,D,D,D,D,N,D,D,D,D,D,D,D
ALOX12;LOG12;12-LOX;12S-LOX,B,B,N,N,N,N,N,B,B,N,B,B,N,B,B,N,B,N,N,N,B,B,B,N,B,B,N,B,N,N,B,B
LOG15;15-LOX-1;12-LOX;ALOX15;15-LOX,B,B,N,N,N,N,N,B,B,N,B,B,N,B,B,N,B,N,N,N,B,B,B,N,B,B,N,B,N,N,B,B
PGHS1;PCOX1;PGG/HS;PGHS-1;COX1;PHS1;PTGHS;COX3;PES-1;PTGS1,D,N,D,N,D,N,N,D,D,N,D,D,D,D,D,D,D,D,N,D,D,D,D,D,D,D,D,N,N,D,D,D
PGHS-2;COX2;GRIPGHS;PGG/HS;COX-2;hCox-2;PHS-2;PTGS2,D,N,D,N,D,N,N,D,D,N,D,D,D,D,D,D,D,D,N,D,D,D,D,D,D,D,D,N,N,D,D,D
HsT16992;cPLA2-beta;PLA2G4B,B,B,B,N,B,N,B,B,B,N,B,N,B,B,B,B,B,B,B,B,B,B,B,B,B,B,B,B,N,B,B,B
HRASLS3;HREV107-3;HREV107-1;HREV107;AdPLA;H-REV107;H-REV107-1;HRSL3;PLA2G16,A,N,N,N,N,N,A,N,A,N,N,A,N,N,N,N,N,N,N,N,A,N,N,N,N,N,N,N,N,N,A,N
PLA2G4E,B,B,B,N,B,N,N,B,B,N,B,N,B,B,B,B,B,B,B,N,B,B,B,B,B,N,B,B,N,B,B,B
PLB1;PLB;PLB/LIP,N,N,N,N,N,N,N,N,N,N,N,N,N,N,N,N,N,N,N,N,N,N,N,N,N,N,N,N,N,N,N,N
PLA2G4F;PLA2G4FZ,B,B,B,N,B,B,B,B,B,N,B,N,B,B,B,B,B,B,B,B,B,B,B,B,B,N,B,B,B,B,B,B
PLA2IID;PLA2G2D;SPLASH;sPLA2-IID;sPLA2S,N,N,N,N,N,N,N,N,N,N,N,N,N,N,N,N,N,N,N,N,N,N,N,N,N,N,N,N,N,N,N,N
PLA2G4D;cPLA2delta,B,B,B,N,B,B,N,B,B,N,B,N,B,B,B,B,B,B,B,B,B,B,B,B,B,B,B,B,B,B,B,B
sPLA2-IIE;PLA2G2E;GIIE_sPLA2,N,N,N,N,N,N,N,N,N,N,N,N,N,N,N,N,N,N,N,N,N,N,N,N,N,N,N,N,N,N,N,N
PLA2G2C,N,N,N,N,N,N,N,N,N,N,N,N,N,N,N,N,N,N,N,N,N,N,N,N,N,N,N,N,N,N,N,N
SPLA2III;sPLA2-III;PLA2G3;GIII-SPLA2,N,N,N,N,N,N,N,N,N,N,N,N,N,N,N,N,N,N,N,N,N,N,N,N,N,N,N,N,N,N,N,N
PPLA2;PLA2A;PLA2G1B;PLA2,N,N,N,N,N,N,N,N,N,N,N,N,N,N,N,N,N,N,N,N,N,N,N,N,N,N,N,N,N,N,N,N
PLA2G2A;PLA2S;PLAS1;MOM1;PLA2B;PLA2;sPLA2;PLA2L,N,N,N,N,N,N,N,N,N,N,N,N,N,N,N,N,N,N,N,N,N,N,N,N,N,N,N,N,N,N,N,N
cPLA2-alpha;cPLA2;PLA2G4;PLA2G4A,B,B,B,N,B,B,N,B,B,N,B,N,B,B,B,B,B,B,B,B,B,B,B,B,B,N,B,B,B,B,B,B
FRFB;PLA2G5;hVPLA(2);GV-PLA2;PLA2-10,N,N,N,N,N,N,N,N,N,N,N,N,N,N,N,N,N,N,N,N,N,N,N,N,N,N,N,N,N,N,N,N
PLA2G2F,N,N,N,N,N,N,N,N,N,N,N,N,N,N,N,N,N,N,N,N,N,N,N,N,N,N,N,N,N,N,N,N
ROSSY;GXII;PLA2G12A;PLA2G12,A,N,N,N,N,N,N,N,A,N,N,A,N,N,N,N,N,N,N,N,A,N,N,N,A,N,N,N,N,N,A,A
PNPLA9;GVI;iPLA2beta;NBIA2B;CaI-PLA2;NBIA2;PARK14;PLA2G6;iPLA2;PLA2;INAD1;NBIA2A;IPLA2-VIA,D,D,D,D,D,D,D,D,D,N,D,D,D,D,D,D,D,D,D,D,D,D,D,D,D,D,D,D,D,D,D,D
GXPLA2;SPLA2;PLA2G10;sPLA2-X;GXSPLA2,N,N,N,N,N,N,N,N,N,N,N,N,N,N,N,N,N,N,N,N,N,N,N,N,N,N,N,N,N,N,N,N
GXIIIsPLA2;FKSG71;PLA2G12B;PLA2G13;sPLA2-GXIIB;GXIIB,A,N,N,N,N,N,N,N,A,N,N,A,N,N,N,N,N,N,N,N,A,N,N,N,A,N,N,N,N,N,A,A
CPLA2-gamma;PLA2G4C,N,B,B,N,N,N,N,N,N,N,B,N,B,B,N,N,N,N,N,N,N,N,N,B,B,N,N,N,N,N,N,N
HsT16992;cPLA2-beta;JMJD7-PLA2G4B,B,B,B,N,B,N,N,B,B,N,B,N,B,B,B,B,B,B,B,B,B,B,B,B,B,N,B,B,N,B,B,B
LOG5;5-LOX;ALOX5;5LPG;5-LO,B,B,N,N,N,N,N,B,B,N,B,B,N,B,B,N,B,N,N,N,B,B,B,N,B,B,N,B,N,N,B,B
LTA4H,D,D,D,N,D,D,N,D,D,N,D,N,D,D,D,D,N,D,N,N,D,N,D,D,N,N,D,D,N,N,D,D
LTC4S,A,N,N,N,N,A,N,N,N,N,N,N,N,N,A,N,N,N,N,N,N,N,N,N,N,N,N,A,N,N,A,A
GGT_1;D22S732;D22S672;GGT;GTG;GGT1;CD224,N,N,N,N,N,D,D,N,N,N,D,D,N,D,N,N,N,N,N,N,N,D,N,D,N,N,N,D,N,N,D,N
GGL;GGT5;GGT_5;GGT-REL;GGTLA1,N,N,N,N,N,D,D,N,N,N,D,D,N,D,N,N,N,N,N,N,N,D,N,D,N,N,N,D,N,N,D,N
PTGI;PGIS;CYP8;CYP8A1;PTGIS,D,D,D,N,D,D,D,D,D,N,D,N,D,D,D,N,D,D,D,D,D,D,D,D,N,D,N,D,N,N,D,D
TEBP;P23;cPGES;PTGES3,N,A,A,A,A,A,N,A,A,N,A,A,A,A,N,N,A,A,N,A,A,A,A,N,N,A,A,N,A,A,A,A
GBF-1;C9orf15;GBF1;mPGES-2;PGES2;PTGES2,N,N,N,N,N,N,N,N,N,N,N,N,N,N,N,N,N,N,N,N,N,N,N,N,N,N,N,N,N,N,N,N
MGST1-L1;MPGES;PP102;mPGES-1;PIG12;MGST1L1;PTGES;PGES;TP53I12;PP1294;MGST-IV,N,N,N,N,N,N,N,N,N,N,N,N,N,N,N,N,N,N,N,N,N,N,N,N,N,N,N,N,N,N,N,N
TXS;TBXAS1;TXAS;GHOSAL;TS;BDPLT14;CYP5A1;THAS;CYP5,D,D,D,N,D,D,D,D,D,N,D,D,D,D,D,D,D,D,D,D,D,D,D,D,N,D,D,D,D,D,D,D
HAKRB;HSD17B5;DD3;HA1753;HAKRe;hluPGFS;DDX;AKR1C3;PGFS,D,N,N,N,N,D,N,D,D,N,D,N,D,N,D,N,N,D,N,D,N,D,N,D,D,D,N,N,N,N,D,N
PGD2;GSTS1-1;GSTS;GSTS1;HPGDS;PGDS,A,N,A,N,N,N,A,N,N,N,A,A,A,A,A,N,N,A,A,N,A,N,N,N,N,A,N,N,N,N,A,A
PDS;PGD2;PGDS2;LPGDS;PGDS;L-PGDS;PTGDS,N,N,N,N,N,N,N,N,N,N,N,N,N,N,N,N,N,N,N,N,N,N,N,N,N,N,N,N,N,N,N,N
hCBR1;SDR21C1;CBR1;CBR,D,D,D,D,N,D,N,D,D,N,D,N,D,D,D,N,N,N,N,D,D,D,D,D,N,D,N,D,D,N,D,D
hCBR3;CBR3;HEL-S-25;SDR21C2,D,D,D,D,N,D,N,D,D,N,D,D,D,D,D,D,N,D,N,D,D,D,D,D,D,D,N,D,D,N,D,D
FAM213B;C1orf93,N,N,N,N,N,N,N,N,N,N,N,N,N,N,N,N,N,N,N,N,N,N,N,N,N,N,N,N,N,N,N,N
CYPIIC17;CYP2C;P450IIC19;CYPIIC19;P450C2C;CYP2C19;CPCJ,D,D,D,N,D,D,D,D,D,N,D,D,D,D,D,D,D,D,D,D,D,D,D,D,N,D,D,D,D,D,D,D
CYP4F8;CPF8;CYPIVF8,D,D,D,N,D,D,D,D,D,N,D,D,D,D,D,D,D,D,D,D,D,D,D,D,N,D,D,D,D,D,D,D
CPE1;CYP2E;CYP2E1;P450C2E;P450-J,D,D,D,N,D,D,D,D,D,N,D,D,D,D,D,D,D,D,D,D,D,D,D,D,N,D,D,D,D,D,D,D
