LYC,N,N,N,N,N,N,N,N,N,N,N,N,N,N,N,N,N,N,N,N,N,N,N,N,N,N,N,N,N,N,N,N
LUT2,N,N,N,N,N,N,N,N,N,N,N,N,N,N,N,N,N,N,N,N,N,N,N,N,N,N,N,N,N,N,N,N
BETA-OHASE_1,N,N,N,N,N,N,N,N,N,N,N,N,N,N,N,N,N,N,N,N,N,N,N,N,N,N,N,N,N,N,N,N
BETA-OHASE_2,N,N,N,N,N,N,N,N,N,N,N,N,N,N,N,N,N,N,N,N,N,N,N,N,N,N,N,N,N,N,N,N
LUT1,D,D,D,N,D,D,D,D,D,N,D,D,D,D,D,D,D,D,D,D,D,D,D,D,N,D,D,D,D,D,D,D
CYP707A2,D,D,D,D,D,D,D,D,D,N,D,D,D,D,D,D,D,D,D,D,D,D,D,D,D,D,D,D,D,D,D,D
CYP707A4,D,D,D,D,D,D,D,D,D,N,D,D,D,D,D,D,D,D,D,D,D,D,D,D,D,D,D,D,D,D,D,D
CYP707A1,D,D,D,N,D,D,D,D,D,N,D,N,D,D,D,D,D,D,D,D,D,D,D,D,D,D,N,D,D,N,D,D
CYP707A3,D,D,D,D,D,D,D,D,D,N,D,D,D,D,D,D,D,D,D,D,D,D,D,D,D,D,N,D,D,D,D,D
AAO3,N,N,N,N,N,N,N,B,N,N,B,N,N,B,N,N,N,N,N,N,B,N,N,N,N,N,N,N,N,N,B,B
ABA2,D,D,D,D,D,D,D,D,D,N,D,D,D,D,D,D,D,D,D,D,D,D,D,D,D,D,D,D,D,D,D,D
NCED5,B,N,N,N,N,N,N,B,B,N,B,N,N,B,N,N,N,B,N,B,N,N,N,N,N,B,N,B,N,N,N,N
NCED9,B,N,N,N,N,N,N,B,B,N,B,N,N,B,N,N,N,B,N,B,N,N,N,N,N,B,N,B,N,N,N,N
NCED3,B,N,N,N,N,N,N,B,B,N,B,N,N,B,N,N,N,B,N,B,N,N,N,N,N,B,N,B,N,N,N,N
NCED6,B,N,N,N,N,N,N,B,B,N,B,N,N,B,N,N,N,B,N,B,N,N,N,N,N,B,N,B,N,N,N,N
NCED2,B,N,N,N,N,N,N,B,B,N,B,N,N,B,N,N,N,B,N,B,N,N,N,N,N,B,N,B,N,N,N,N
NCED4,B,N,N,N,N,N,N,B,B,N,B,N,N,B,N,N,N,B,N,B,N,N,N,N,N,B,N,B,N,N,N,N
NPQ1,A,N,N,N,N,N,N,N,A,N,A,N,A,N,N,N,N,A,N,A,N,N,N,N,N,N,N,N,N,N,N,N
ABA1,N,N,N,N,N,N,N,N,B,N,B,N,N,B,N,N,N,B,N,N,N,N,N,B,N,N,N,N,N,N,B,N
ZDS,N,N,N,N,B,N,B,N,B,N,B,N,B,B,N,N,B,B,N,N,N,N,B,N,B,N,N,B,N,N,N,B
PDS3,N,N,N,N,B,N,B,N,B,N,B,N,B,B,N,N,B,B,N,N,N,N,B,N,B,N,N,B,N,N,N,B
PSY,N,B,N,N,N,B,N,B,B,N,B,N,B,B,N,N,N,N,N,N,B,N,N,N,N,N,N,N,N,N,B,N
Z-ISO,N,N,N,N,N,N,N,N,N,N,N,N,N,N,N,N,N,N,N,N,N,N,N,N,N,N,N,N,N,N,N,N
CRTISO,N,N,N,N,N,N,N,N,B,N,B,N,B,N,N,N,N,B,N,N,N,N,N,B,N,N,N,N,N,N,N,N
CYP97A3,D,D,D,D,D,D,D,D,D,N,D,D,D,D,D,D,D,D,D,D,D,D,D,D,D,D,D,D,D,D,D,D
BGLU18,N,N,N,N,N,N,N,D,D,N,D,D,N,D,N,N,N,D,N,D,N,N,N,N,N,N,D,N,N,N,D,N
D27,N,N,N,N,N,N,N,N,N,N,N,N,N,N,N,N,N,N,N,N,N,N,N,N,N,N,N,N,N,N,N,N
CCD7,B,N,N,N,N,N,N,B,B,N,B,N,N,B,N,N,N,B,N,B,N,N,N,N,N,B,N,B,N,N,N,N
CCD8,B,N,N,N,N,N,N,B,B,N,B,N,N,B,N,N,N,B,N,B,N,N,N,N,N,B,N,B,N,N,N,N
