LGA;hLGA;GLS;GLS2;GA,D,D,D,D,D,D,D,D,D,N,D,D,D,D,D,D,D,D,D,D,D,D,D,D,D,D,D,D,D,D,D,D
GLS;KGA;GAM;AAD20;GLS1;GAC,D,D,D,D,D,D,D,D,D,N,D,D,D,D,D,D,D,D,D,D,D,D,D,D,D,D,D,D,D,D,D,D
PIG59;GS;PIG43;GLUL;GLNS,N,N,N,N,N,N,N,N,N,N,N,N,N,N,N,N,N,N,N,N,N,N,N,N,N,N,N,N,N,N,N,N
CPS1;CPSASE1;PHN,N,D,N,N,N,D,D,N,N,N,N,D,N,D,N,D,D,D,D,D,N,D,N,D,D,N,D,D,N,D,N,N
OTC;OCTD,N,D,N,D,N,D,D,N,N,N,N,D,N,D,N,D,D,D,D,D,N,D,D,D,D,N,D,D,N,D,N,N
ASS1;CTLN1;ASS,N,N,N,N,D,N,D,N,D,N,D,N,D,D,N,N,N,D,N,D,N,D,N,D,D,N,N,D,N,N,N,D
ASAL;ASL,A,N,N,N,N,A,N,N,N,N,A,N,N,N,A,N,A,N,N,N,N,N,N,N,N,N,N,N,N,N,N,A
ARG1,D,N,N,N,N,N,N,N,N,N,D,D,D,N,N,N,D,N,N,N,D,N,N,D,N,N,N,N,N,N,N,N
ARG2,D,N,N,N,N,N,N,N,N,N,D,D,D,N,N,N,D,N,N,N,D,N,N,D,N,N,N,N,N,N,N,N
ARGA;NAGS;AGAS,N,N,N,N,N,N,N,N,N,N,N,N,N,N,N,N,N,N,N,N,N,N,N,N,N,N,N,N,N,N,N,N
ABHD14A-ACY1,N,N,N,N,N,N,N,N,N,N,N,N,N,N,N,N,N,N,N,N,N,N,N,N,N,N,N,N,N,N,N,N
ACY1D;ACY1;HEL-S-5;ACY-1,N,N,N,N,N,N,N,N,N,N,N,N,N,N,N,N,N,N,N,N,N,N,N,N,N,N,N,N,N,N,N,N
IHPS1;NC-NOS;nNOS;NOS;bNOS;NOS1;N-NOS,B,B,B,B,B,N,B,B,N,N,B,N,B,B,B,B,B,B,N,N,B,B,N,N,N,B,N,N,B,B,B,B
INOS;NOS;NOS2A;HEP-NOS;NOS2,B,B,B,B,B,N,B,B,N,N,B,N,B,B,B,B,B,B,N,N,B,B,N,N,N,B,N,N,B,B,B,B
NOS3;ECNOS;eNOS,B,B,B,B,B,N,B,B,N,N,B,N,B,B,B,B,B,B,N,N,B,B,N,N,N,B,N,N,B,B,B,B
GDH;GLUD1;GLUD;GDH1,N,D,N,N,N,N,N,N,D,N,N,N,D,D,N,N,N,D,N,N,N,N,N,D,N,N,N,N,N,N,N,N
GLUD2;GDH2;GLUDP1,N,D,N,N,N,N,N,N,D,N,N,N,D,D,N,N,N,D,N,N,N,N,N,D,N,N,N,N,N,N,N,N
ASTQTL1;AST1;cAspAT;cCAT;GIG18;GOT1,N,N,D,D,N,N,D,D,N,N,D,N,D,N,N,D,D,N,N,D,D,N,N,N,D,D,N,N,N,N,D,N
mitAAT;KYAT4;KAT4;KATIV;GOT2,N,N,D,D,N,N,D,D,N,N,D,N,D,N,N,D,D,N,N,D,D,N,N,N,D,D,N,N,N,N,D,N
ALT1;AAT1;GPT1;GPT,D,N,N,N,N,D,N,N,D,N,N,D,D,N,N,N,N,N,N,N,N,N,N,N,N,N,N,D,N,N,D,N
ALT2;GPT_2;GPT2;MRT49,D,N,N,N,N,D,N,N,D,N,N,D,D,N,N,N,N,N,N,N,N,N,N,N,N,N,N,D,N,N,D,N
