AR;ALDR1;ALR2;ADR;AKR1B1,D,N,N,N,N,D,N,D,D,N,D,N,D,N,D,N,N,D,N,D,N,D,N,D,D,D,N,N,N,N,D,N
AKR1B11;AKR1B12;HSI;ARL1;AKR1B10;HIS;ALDRLn;ARL-1,D,N,N,N,N,D,N,D,D,N,D,N,D,N,D,N,N,D,N,D,N,D,N,D,D,D,N,N,N,N,D,N
SORD;SORD1;HEL-S-95n,A,N,N,N,A,N,N,N,N,N,A,N,N,N,N,N,N,A,N,N,N,N,N,N,N,N,N,N,N,A,N,N
KHK,N,N,N,N,N,N,N,N,N,N,N,N,N,N,N,N,N,N,N,N,N,N,N,N,N,N,N,N,N,N,N,N
HK1;hexokinase;HMSNR;RP79;HK1-tc;HKI;HKD;HK1-tb;HXK1;HK1-ta;HK,N,N,N,N,A,N,N,N,A,N,N,N,N,N,N,N,A,N,N,N,N,N,N,N,A,A,N,N,N,N,A,A
HXK2;HKII;HK2,N,N,N,N,A,N,N,N,A,N,N,N,N,N,N,N,A,N,N,N,N,N,N,N,A,A,N,N,N,N,A,A
HK3;HXK3;HKIII,N,N,N,N,A,N,N,N,A,N,N,N,N,N,N,N,A,N,N,N,N,N,N,N,A,A,N,N,N,N,A,A
HKDC1,N,N,N,N,A,N,N,N,A,N,N,N,N,N,N,N,A,N,N,N,N,N,N,N,A,A,N,N,N,N,A,A
PFRX;PFKFB1;F6PK;HL2K,D,D,D,D,D,D,D,D,D,N,D,D,D,D,D,D,D,D,D,D,D,D,D,D,D,D,D,D,D,D,D,D
PFKFB2;PFK-2/FBPase-2,D,D,D,D,D,D,D,D,D,N,D,D,D,D,D,D,D,D,D,D,D,D,D,D,D,D,D,D,D,D,D,D
iPFK-2;PFKFB3;PFK2;IPFK2,D,D,D,D,D,D,D,D,D,N,D,D,D,D,D,D,D,D,D,D,D,D,D,D,D,D,D,D,D,D,D,D
PFKFB4,D,D,D,D,D,D,D,D,D,N,D,D,D,D,D,D,D,D,D,D,D,D,D,D,D,D,D,D,D,D,D,D
C12orf5;TIGAR;FR2BP,D,N,N,N,N,N,N,D,D,N,D,N,N,D,N,N,N,D,N,N,N,N,D,D,N,N,N,N,N,N,D,N
PMI;PMI1;MPI;CDG1B,N,B,B,N,N,B,N,B,N,N,B,N,B,B,B,B,B,N,B,B,B,B,B,N,N,N,B,B,N,N,B,B
Sec53;PMM1,D,D,D,N,D,D,D,D,D,N,D,D,D,D,D,D,D,D,D,D,D,N,D,D,D,D,D,D,D,D,D,D
PMI1;CDGS;CDG1;PMM_2;CDG1a;PMI;PMM2,D,D,D,N,D,D,D,D,D,N,D,D,D,D,D,D,D,D,D,D,D,N,D,D,D,D,D,D,D,D,D,D
FPGT;GFPP,D,D,D,D,D,D,D,D,D,N,D,D,D,D,D,D,D,D,D,D,D,D,D,D,D,D,D,D,D,D,D,D
TSTA3;FX;P35B;SDR4E1,N,N,N,N,N,N,N,N,N,N,N,N,N,N,N,N,N,N,N,N,N,N,N,N,N,N,N,N,N,N,N,N
SDR3E1;GMDS;GMD,N,N,N,N,N,N,N,A,N,N,A,A,N,A,A,N,A,N,A,N,A,N,A,A,N,N,N,N,N,N,A,N
MDDGC14;MDDGB14;MDDGA14;GMPPB,N,N,N,N,N,N,N,N,N,N,N,N,N,N,N,N,N,N,N,N,N,N,N,N,N,N,N,N,N,N,N,N
AAMR;GMPPA,A,A,N,N,N,N,N,N,A,N,A,N,N,N,N,N,N,N,N,N,N,A,N,A,N,A,N,A,N,N,N,N
PFK-L;PFKL;ATP-PFK;PFK-B,B,B,B,B,N,N,B,N,B,N,B,N,N,B,N,N,N,B,N,B,B,N,N,B,B,N,B,N,B,N,B,N
PFK-1;PPP1R122;PFKX;PFKM;PFK1;GSD7;PFKA;PFK-A;ATP-PFK,B,B,B,B,N,N,B,N,B,N,B,N,N,B,N,N,N,B,N,B,B,N,N,B,B,N,B,N,B,N,B,N
PFK-P;PFK-C;PFKP;PFKF;ATP-PFK,B,B,B,B,N,N,B,N,B,N,B,N,N,B,N,N,N,B,N,B,B,N,N,B,B,N,B,N,B,N,B,N
TIM;TPI;TPI1;TPID;HEL-S-49,N,N,D,D,D,N,N,N,D,N,N,D,D,N,N,D,D,N,N,N,N,N,N,N,N,N,N,D,N,D,D,D
GSD12;ALDA;ALDOA;HEL-S-87p,N,B,B,B,B,N,B,B,B,N,B,N,B,B,B,B,B,B,B,B,B,B,B,B,N,B,N,N,B,B,B,B
ALDOB;ALDB;ALDO2,N,B,B,B,B,N,B,B,B,N,B,N,B,B,B,B,B,B,B,B,B,B,B,B,N,B,N,N,B,B,B,B
ALDOC;ALDC,N,B,B,B,B,N,B,B,B,N,B,N,B,B,B,B,B,B,B,B,B,B,B,B,N,B,N,N,B,B,B,B
DAK;NET45;TKFC,N,N,N,N,N,N,N,N,N,N,N,N,N,N,N,N,N,N,N,N,N,N,N,N,N,N,N,N,N,N,N,N
FBP;FBP1,D,D,D,N,D,N,D,D,D,N,D,N,D,D,D,N,D,N,N,N,D,N,D,D,N,N,N,N,N,N,D,N
FBP2,D,D,D,N,D,N,D,D,D,N,D,N,D,D,D,N,D,N,N,N,D,N,D,D,N,N,N,N,N,N,D,N
1110046B12Rik;FUK,N,N,D,N,D,N,N,N,D,N,N,D,D,N,N,N,N,N,N,N,N,D,D,N,N,N,N,N,N,D,D,D
TYMSAS;RTS;ENOSF1,N,N,N,N,N,N,N,N,N,N,N,N,N,N,N,N,N,N,N,N,N,N,N,N,N,N,N,N,N,N,N,N
