ARX;SAE2;HRIHFB2115;UBA2,D,D,D,N,D,D,D,D,D,N,D,D,D,D,D,D,D,D,D,D,D,D,D,D,D,D,D,D,D,D,D,D
SAE1;AOS1;SUA1;UBLE1A;HSPC140,D,D,D,N,D,D,D,D,D,N,D,D,D,D,D,D,D,D,D,D,D,D,D,D,D,D,D,D,D,D,D,D
SIII;ELOC;TCEB1,A,A,A,N,N,N,N,A,A,N,N,A,N,A,N,N,A,N,N,A,N,A,A,N,A,A,N,N,A,N,N,N
SIII;TCEB2;ELOB,N,C,N,N,N,N,N,C,C,N,N,N,C,C,C,N,N,N,C,N,C,C,C,N,N,N,C,N,N,N,C,N
RBX1;BA554C12.1;RNF75;ROC1,C,C,C,C,C,C,C,C,C,N,C,C,C,C,C,C,C,C,C,C,C,C,C,C,C,C,C,C,C,C,C,C
BTRCP2;Hos;FBW1B;BTRC2;FBXW1B;FBXW11;Fbw11,D,D,D,D,D,D,D,D,D,D,D,D,D,D,D,D,D,D,D,D,D,D,D,D,D,D,D,D,D,D,D,D
FBX2;FBXO2;FBG1;OCP1;NFB42;Fbs1,A,A,N,N,N,N,A,N,N,N,A,N,N,A,N,N,N,A,N,N,A,N,A,N,N,N,N,N,N,N,N,N
FBX4;FBXO4,N,N,N,N,N,N,N,N,N,N,N,N,N,N,N,N,N,N,N,N,N,N,N,N,N,N,N,N,N,N,N,N
FBXW6;FBXW7;FBX30;AGO;CDC4;hCdc4;FBW6;SEL10;FBXO30;hAgo;FBW7;SEL-10,D,D,D,D,D,D,D,D,D,D,D,D,D,D,D,D,D,D,D,D,D,D,D,D,D,D,D,D,D,D,D,D
SKP2;p45;FBL1;FBXL1;FLB1,B,B,B,N,B,B,B,B,B,N,B,B,B,B,B,N,B,B,B,B,B,B,B,B,B,B,B,B,B,B,B,B
FBW1A;bTrCP;bTrCP1;FBXW1;BETA-TRCP;betaTrCP;FBXW1A;FWD1;BTRC,D,D,D,D,D,D,D,D,D,D,D,D,D,D,D,D,D,D,D,D,D,D,D,D,D,D,D,D,D,D,D,D
RHOBTB2;DBC2,D,D,D,D,D,D,D,D,D,N,D,D,D,D,D,D,D,D,D,D,D,D,D,D,D,D,D,D,D,D,D,D
KLHL9,D,D,D,D,D,D,D,D,D,N,D,D,D,D,D,D,D,D,D,D,D,D,D,D,D,D,D,D,D,D,D,D
BKLHD2;KIAA1309;KLHL13,D,D,D,D,D,D,D,D,D,N,D,D,D,D,D,D,D,D,D,D,D,D,D,D,D,D,D,D,D,D,D,D
INrf2;KEAP1;KLHL19,D,D,D,D,D,D,D,D,D,N,D,D,D,D,D,D,D,D,D,D,D,D,D,D,D,D,D,D,D,D,D,D
RHOBTB1,D,D,D,D,D,D,D,D,D,N,D,D,D,D,D,D,D,D,D,D,D,D,D,D,D,D,D,D,D,D,D,D
ERCC8;CSA;UVSS2;CKN1,D,D,D,D,D,D,D,D,D,D,D,D,D,D,D,D,D,D,D,D,D,D,D,D,D,D,D,D,D,D,D,D
UV-DDB2;DDB2;XPE;DDBB,D,D,D,D,D,D,D,D,D,D,D,D,D,D,D,D,D,D,D,D,D,D,D,D,D,D,D,D,D,D,D,D
DET1,N,N,N,N,N,N,N,N,N,N,N,N,N,N,N,N,N,N,N,N,N,N,N,N,N,N,N,N,N,N,N,N
RNF200;COP1;RFWD2,D,D,D,D,D,D,D,D,D,D,D,D,D,D,D,D,D,D,D,D,D,D,D,D,D,D,D,D,D,D,D,D
SOCS-1;SSI-1;CIS1;TIP3;TIP-3;SSI1;SOCS1;CISH1;JAB,N,N,N,N,N,N,N,N,N,N,N,N,N,N,N,N,N,N,N,N,N,N,N,N,N,N,N,N,N,N,N,N
SSI3;SOCS3;Cish3;SOCS-3;SSI-3;ATOD4;CIS3,N,N,N,N,N,N,N,N,N,N,N,N,N,N,N,N,N,N,N,N,N,N,N,N,N,N,N,N,N,N,N,N
pVHL;RCA1;HRCA1;VHL;VHL1,N,N,N,N,N,N,N,N,N,N,N,N,N,N,N,N,N,N,N,N,N,N,N,N,N,N,N,N,N,N,N,N
HERC4,D,D,D,D,D,D,D,D,D,N,D,D,D,D,D,D,D,D,D,D,D,D,D,D,D,D,D,D,D,D,D,D
HERC3,D,D,D,D,D,D,D,D,D,N,D,D,D,D,D,D,D,D,D,D,D,D,D,D,D,D,D,D,D,D,D,D
UBE2W;UBC-16;UBC16,D,D,D,D,D,D,D,D,D,D,D,D,D,D,D,D,D,D,D,D,D,D,D,D,D,D,D,D,D,D,D,D
NCE2;UBE2F,D,D,D,D,D,D,D,D,D,D,D,D,D,D,D,D,D,D,D,D,D,D,D,D,D,D,D,D,D,D,D,D
UBE1C;UBA3;NAE2;hUBA3,D,D,D,N,D,D,D,D,D,N,D,D,D,D,D,D,D,D,D,D,D,D,D,D,D,D,D,D,D,D,D,D
CDC26;APC12;ANAPC12;C9orf17,N,N,N,N,N,N,N,N,N,N,N,N,N,N,N,N,N,N,N,N,N,N,N,N,N,N,N,N,N,N,N,N
APC10;DOC1;ANAPC10,D,D,D,N,D,D,D,D,D,N,D,D,D,D,D,D,D,D,D,D,D,D,D,D,D,D,D,D,D,D,D,D
APC8;CDC23;ANAPC8;CUT23,D,D,D,D,D,D,D,D,D,N,D,D,D,D,D,D,D,D,D,D,D,D,D,D,D,D,D,D,D,D,D,D
CDC16;CDC16Hs;ANAPC6;CUT9;APC6,D,D,D,D,D,D,D,D,D,N,D,D,D,D,D,D,D,D,D,D,D,D,D,D,D,D,D,D,D,D,D,D
APC7;ANAPC7,D,D,D,D,D,D,D,D,D,N,D,D,D,D,D,D,D,D,D,D,D,D,D,D,D,D,D,D,D,D,D,D
APC5;ANAPC5,B,N,B,B,B,B,B,B,B,N,B,B,B,B,B,N,N,B,N,B,B,B,B,B,B,B,N,B,B,N,B,N
APC4;ANAPC4,N,N,N,N,N,N,N,N,N,N,N,N,N,N,N,N,N,N,N,N,N,N,N,N,N,N,N,N,N,N,N,N
D17S978E;H-NUC;D0S1430E;ANAPC3;APC3;CDC27;HNUC;CDC27Hs;NUC2,D,D,D,D,D,D,D,D,D,N,D,D,D,D,D,D,D,D,D,D,D,D,D,D,D,D,D,D,D,D,D,D
MCPR;TSG24;ANAPC1;APC1,N,N,C,N,C,N,N,C,C,N,C,C,C,N,N,N,C,N,N,N,C,N,C,N,N,N,N,N,N,N,N,N
FZR;CDH1;FZR2;CDC20C;HCDH;HCDH1;FZR1,D,D,D,D,D,D,D,D,D,D,D,D,D,D,D,D,D,D,D,D,D,D,D,D,D,D,D,D,D,D,D,D
bA276H19.3;CDC20A;p55CDC;CDC20,D,D,D,D,D,D,D,D,D,D,D,D,D,D,D,D,D,D,D,D,D,D,D,D,D,D,D,D,D,D,D,D
APC2;ANAPC2,A,A,N,N,A,A,N,A,A,N,A,A,N,A,A,N,N,A,A,A,A,N,A,A,N,A,N,A,N,N,A,A
Apc11p;HSPC214;APC11;ANAPC11,C,C,C,C,C,C,C,C,C,N,C,C,C,C,C,C,C,C,C,C,C,C,C,C,C,C,C,C,C,C,C,C
FBXW6;FBXO29;FBXW8;FBW6;FBX29;FBW8,D,D,D,D,D,D,D,D,D,D,D,D,D,D,D,D,D,D,D,D,D,D,D,D,D,D,D,D,D,D,D,D
PHA2E;CUL3;CUL-3,A,A,A,N,A,A,A,A,A,N,A,A,A,A,A,A,A,A,A,A,A,N,A,A,N,A,N,A,N,N,A,A
CUL2,A,A,A,N,A,A,A,A,A,N,A,A,A,A,A,A,A,A,A,A,A,N,A,A,N,A,N,A,N,N,A,A
SKP1;SKP1A;p19A;TCEB1L;OCP2;OCP-II;EMC19,A,A,A,N,A,N,N,A,A,N,A,A,N,A,N,N,A,A,N,A,N,A,A,N,A,A,N,N,A,A,N,N
CUL1,A,A,A,N,A,A,A,A,A,N,A,A,A,A,A,A,A,A,A,A,A,N,A,A,N,A,N,A,N,N,A,A
dJ20C7.5;CUL7;KIAA0076;3M1;CUL-7,D,D,D,N,D,D,D,D,D,N,D,D,D,D,D,D,D,D,D,D,D,D,D,D,D,D,D,D,D,D,D,D
VACM1;CUL5;VACM-1;CUL-5,A,A,A,N,A,A,A,A,A,N,A,A,A,A,A,A,A,A,A,A,A,N,A,A,N,A,N,A,N,N,A,A
CKBBP1;SAG;ROC2;RNF7,C,C,C,C,C,C,C,C,C,N,C,C,C,C,C,C,C,C,C,C,C,C,C,C,C,C,C,C,C,C,C,C
XPE-BF;UV-DDB1;XAP1;XPE;XPCE;DDB1;DDBA,A,A,A,N,N,A,N,N,A,A,A,A,N,A,A,A,A,A,A,A,N,N,A,A,N,A,A,A,A,N,A,N
MRXSC;CUL-4B;SFM2;MRXS15;MRXHF2;CUL4B,A,A,A,N,A,A,A,A,A,N,A,A,A,A,A,A,A,A,A,A,A,N,A,A,N,A,N,A,N,N,A,A
CUL4A,A,A,A,N,A,A,A,A,A,N,A,A,A,A,A,A,A,A,A,A,A,N,A,A,N,A,N,A,N,N,A,A
TEF3;POB1;TRIM37;MUL,D,D,D,D,D,D,N,D,D,N,D,D,N,D,D,D,D,D,D,D,D,D,D,D,D,D,N,D,D,D,D,D
BBS11;TRIM32;TATIP;HT2A;LGMD2H,D,D,D,D,N,D,N,D,N,N,D,D,N,D,D,D,D,N,D,D,D,N,D,N,D,D,N,N,N,D,D,D
GBBB1;MID1;OGS1;TRIM18;ZNFXY;OS;RNF59;FXY;XPRF;OSX;BBBG1;MIDIN,D,D,D,D,D,D,N,D,D,D,D,D,D,D,D,D,D,D,D,D,D,D,D,D,D,D,D,D,D,D,D,D
POG;PHF9;FANCL;FAAP43,N,A,N,N,N,N,A,N,A,N,N,A,N,N,N,N,N,N,N,A,N,A,A,A,N,N,N,A,N,N,A,N
BRCAI;FANCS;PNCA4;PPP1R53;PSCP;BRCC1;BROVCA1;BRCA1;RNF53;IRIS,B,B,B,B,B,B,B,B,B,N,B,B,N,B,B,B,B,B,B,B,B,B,B,B,B,B,B,B,B,B,B,B
MGRN1;RNF156,D,D,D,D,D,N,D,D,D,N,D,D,D,D,D,D,D,D,D,N,D,D,D,D,N,D,D,N,N,D,D,N
APECED;APSI;AIRE;AIRE1;PGA1;APS1,D,D,D,D,D,D,D,D,D,N,D,D,D,D,D,D,D,D,D,D,D,D,D,D,D,D,D,D,D,D,D,D
EPM2A;MALIN;EPM2B;bA204B7.2;NHLRC1,D,N,N,N,N,N,N,N,N,N,D,N,N,N,N,N,D,N,N,N,D,N,N,N,N,D,N,N,N,N,D,D
DER3;SYVN1;HRD1,D,D,D,D,D,D,D,D,D,N,D,D,D,D,D,D,D,D,D,D,D,D,D,D,D,D,D,D,D,D,D,D
PIAS3;ZMIZ5,N,A,A,A,A,N,A,N,A,N,A,A,N,N,A,N,A,A,A,N,A,A,N,A,A,A,A,N,A,N,A,N
PIAS-gamma;Piasg;ZMIZ6;PIAS4;PIASY,N,A,A,A,A,N,A,N,A,N,A,A,N,N,A,N,A,A,A,N,A,A,N,A,A,A,A,N,A,N,A,N
PIAS1;GU/RH-II;ZMIZ3;DDXBP1;GBP,N,A,A,A,A,N,A,N,A,N,A,A,N,N,A,N,A,A,A,N,A,A,N,A,A,A,A,N,A,N,A,N
PIAS2;DIP;SIZ2;PIASX;MIZ1;ARIP3;ZMIZ4,N,A,A,A,A,N,A,N,A,N,A,A,N,N,A,N,A,A,A,N,A,A,N,A,A,A,A,N,A,N,A,N
ILP2;hILP2;ILP-2;BIRC8,D,D,D,D,D,N,D,D,D,N,D,D,D,D,D,D,D,D,D,D,D,D,D,D,N,D,D,N,N,D,D,D
API1;MIHB;RNF48;BIRC2;c-IAP1;cIAP1;HIAP2;Hiap-2,D,D,D,D,D,N,D,D,D,N,D,D,D,D,D,D,D,D,D,D,D,D,D,D,N,D,N,N,N,D,D,D
HAIP1;HIAP1;c-IAP2;MIHC;RNF49;API2;CIAP2;BIRC3;AIP1;MALT2,A,A,A,A,A,N,A,A,A,N,A,A,A,A,A,A,A,A,A,A,A,A,A,A,N,A,N,N,N,A,A,A
hIAP-3;hIAP3;API3;IAP-3;MIHA;ILP1;XLP2;BIRC4;XIAP,D,D,D,D,D,N,D,D,D,N,D,D,D,N,D,D,D,N,D,N,D,D,D,D,N,D,D,N,N,D,D,N
MLIAP;ML-IAP;RNF50;LIVIN;KIAP;BIRC7,D,D,D,D,D,D,D,D,D,N,D,D,D,D,D,D,D,D,D,D,D,D,D,D,D,D,D,D,D,D,D,D
CHIMP;ZCHY;PRO1996;RCHY1;ZNF363;PIRH2;ARNIP;RNF199,A,A,A,A,A,A,A,N,A,N,A,A,N,A,A,N,A,A,A,A,A,A,A,A,A,A,N,A,N,A,A,A
SRXY6;MEKK;MAPKKK1;MEKK_1;MAP3K1;MEKK1,D,D,D,D,D,D,D,D,D,D,D,D,D,D,D,D,D,D,D,D,D,D,D,D,D,D,D,D,D,D,D,D
RNF85;TRAF6;MGC:3310,C,C,C,C,C,C,C,C,C,N,C,C,N,C,C,C,C,N,C,C,C,C,C,N,C,C,N,N,C,C,C,C
PP8675;RNF71;MYL;PML;TRIM19,D,D,D,D,D,D,D,D,D,D,D,D,D,D,D,D,D,D,D,D,D,D,D,D,D,D,D,D,D,D,D,D
SIAH1;SIAH1A,N,A,N,N,N,N,N,N,A,N,A,N,A,N,N,N,N,N,A,N,A,N,N,N,N,N,N,N,N,N,A,N
PDJ;LPRS2;AR-JP;PARK2;PRKN,D,D,D,D,D,D,D,D,D,D,D,D,D,D,D,D,D,D,D,D,D,D,D,D,D,D,D,D,D,D,D,D
CBL-SL;CBLC;CBL-3;RNF57,A,A,A,A,N,A,N,A,A,N,A,A,A,A,A,A,A,A,A,A,A,A,A,A,A,A,N,N,A,A,A,A
NSLL;CBL;C-CBL;RNF55;FRA11B;CBL2,A,A,A,A,N,A,N,A,A,N,A,A,A,A,A,A,A,A,A,A,A,A,A,A,A,A,N,N,A,A,A,A
Cbl-b;RNF56;Nbla00127;CBLB,A,A,A,A,N,A,N,A,A,N,A,A,A,A,A,A,A,A,A,A,A,A,A,A,A,A,N,N,A,A,A,A
hdm2;ACTFS;HDMX;MDM2,D,D,D,D,D,D,D,D,D,N,D,D,D,D,D,D,D,D,D,D,D,D,D,D,D,D,D,D,D,D,D,D
UBCE7IP5;UBOX5;hUIP5;RNF37;UIP5,A,N,N,N,N,N,N,A,N,N,A,N,A,N,N,N,N,N,N,N,N,N,N,N,N,N,N,N,N,N,A,A
NMP200;SNEV;PRPF19;PRP19;UBOX4;PSO4;hPSO4,D,D,D,D,D,D,D,D,D,D,D,D,D,D,D,D,D,D,D,D,D,D,D,D,D,D,D,D,D,D,D,D
AS;E6-AP;EPVE6AP;UBE3A;HPVE6A;ANCR,D,D,D,D,D,D,D,D,D,N,D,D,D,D,D,D,D,D,D,D,D,D,D,D,D,D,D,D,D,D,D,D
UBE2U,D,D,D,D,D,D,D,D,D,D,D,D,D,D,D,D,D,D,D,D,D,D,D,D,D,D,D,D,D,D,D,D
UBE2D4;HBUCE1,D,D,D,D,D,D,D,D,D,D,D,D,D,D,D,D,D,D,D,D,D,D,D,D,D,D,D,D,D,D,D,D
UBCH5;SFT;E2(17)KB1;UBE2D1;UBC4/5;UBCH5A,D,D,D,D,D,D,D,D,D,D,D,D,D,D,D,D,D,D,D,D,D,D,D,D,D,D,D,D,D,D,D,D
PUBC1;UBC4;UBCH5B;E2(17)KB2;UBC4/5;UBCH4;UBE2D2,D,D,D,D,D,D,D,D,D,D,D,D,D,D,D,D,D,D,D,D,D,D,D,D,D,D,D,D,D,D,D,D
UBCH5C;UBC4/5;E2(17)KB3;UBE2D3,D,D,D,D,D,D,D,D,D,D,D,D,D,D,D,D,D,D,D,D,D,D,D,D,D,D,D,D,D,D,D,D
UBE2NL;Li174,D,D,D,D,D,D,D,D,D,D,D,D,D,D,D,D,D,D,D,D,D,D,D,D,D,D,D,D,D,D,D,D
UbcH-ben;UBCHBEN;_UBC13;UBC13;HEL-S-71;UbcH13;UBE2N,D,D,D,D,D,D,D,D,D,D,D,D,D,D,D,D,D,D,D,D,D,D,D,D,D,D,D,D,D,D,D,D
WWP1;Tiul1;hSDRP1;AIP5,D,D,D,D,D,D,D,D,D,N,D,D,D,D,D,D,D,D,D,D,D,D,D,D,D,D,D,D,D,D,D,D
SMURF1,D,D,D,D,D,D,D,D,D,N,D,D,D,D,D,D,D,D,D,D,D,D,D,D,D,D,D,D,D,D,D,D
SMURF2,D,D,D,D,D,D,D,D,D,N,D,D,D,D,D,D,D,D,D,D,D,D,D,D,D,D,D,D,D,D,D,D
HECTH2;UBE3C,D,D,D,D,D,D,D,D,D,N,D,D,D,D,D,D,D,D,D,D,D,D,D,D,D,D,D,D,D,D,D,D
NCUBE-1;HSPC153;UBC6;NCUBE1;CGI-76;Ubc6p;HSU93243;UBE2J1;HSPC205;UBC6E,B,B,B,B,B,B,B,B,B,B,B,B,B,B,B,B,B,B,B,B,B,B,B,B,B,B,B,B,B,B,B,B
BPIDS;KOS;UBE3B,D,D,D,D,D,D,D,D,D,N,D,D,D,D,D,D,D,D,D,D,D,D,D,D,D,D,D,D,D,D,D,D
UBE2S;E2-EPF;E2EPF;EPF5,D,D,D,D,D,D,D,D,D,D,D,D,D,D,D,D,D,D,D,D,D,D,D,D,D,D,D,D,D,D,D,D
UBE2C;dJ447F3.2;UBCH10,D,D,D,D,D,D,D,D,D,D,D,D,D,D,D,D,D,D,D,D,D,D,D,D,D,D,D,D,D,D,D,D
UBC2;MRXSN;RAD6A;UBE2A;HHR6A;MRXS30,D,D,D,D,D,D,D,D,D,D,D,D,D,D,D,D,D,D,D,D,D,D,D,D,D,D,D,D,D,D,D,D
AIP4;ADMFD;NAPP1;AIF4;ITCH,D,D,D,D,D,D,D,D,D,N,D,D,D,D,D,D,D,D,D,D,D,D,D,D,D,D,D,D,D,D,D,D
HYPG;UBE2K;HIP2;UBC1;E2-25K;LIG,D,D,D,D,D,D,D,D,D,D,D,D,D,D,D,D,D,D,D,D,D,D,D,D,D,D,D,D,D,D,D,D
NCUBE2;NCUBE-2;PRO2121;UBE2J2,B,B,B,B,B,B,B,B,B,B,B,B,B,B,B,B,B,B,B,B,B,B,B,B,B,B,B,B,B,B,B,B
UBE2L6;UBCH8;RIG-B,D,D,D,D,D,D,D,D,D,D,D,D,D,D,D,D,D,D,D,D,D,D,D,D,D,D,D,D,D,D,D,D
UBE2L3;UBCH7;E2-F1;UbcM4;L-UBC,D,D,D,D,D,D,D,D,D,D,D,D,D,D,D,D,D,D,D,D,D,D,D,D,D,D,D,D,D,D,D,D
UBE2G2;UBC7,D,D,D,D,D,D,D,D,D,D,D,D,D,D,D,D,D,D,D,D,D,D,D,D,D,D,D,D,D,D,D,D
UBE2G;UBC7;UBE2G1;E217K,D,D,D,D,D,D,D,D,D,D,D,D,D,D,D,D,D,D,D,D,D,D,D,D,D,D,D,D,D,D,D,D
E1-L2;MOP-4;UBE1L2;UBA6,D,D,D,N,D,D,D,D,D,N,D,D,D,D,D,D,D,D,D,D,D,D,D,D,D,D,D,D,D,D,D,D
UBE1X;A1S9;CFAP124;UBA1A;AMCX1;A1S9T;GXP1;POC20;SMAX2;A1ST;UBA1;UBE1,D,D,D,N,D,D,D,D,D,N,D,D,D,D,D,D,D,D,D,D,D,D,D,D,D,D,D,D,D,D,D,D
D8;UBE2;UBE1L;UBA1B;UBA7,D,D,D,N,D,D,D,D,D,N,D,D,D,D,D,D,D,D,D,D,D,D,D,D,D,D,D,D,D,D,D,D
Cyp-60;PPIL2;CYP60;CYC4;hCyP-60;UBOX7,D,D,D,D,D,D,D,D,D,N,D,D,D,D,D,D,D,D,D,D,D,D,D,D,D,D,D,D,D,D,D,D
HERC2;SHEP1;p528;D15F37S1;MRT38;jdf2,D,D,D,D,D,D,D,D,D,N,D,D,D,D,D,D,D,D,D,D,D,D,D,D,D,D,D,D,D,D,D,D
UBE2R2;UBC3B;E2-CDC34B;CDC34B,D,D,D,D,D,D,D,D,D,D,D,D,D,D,D,D,D,D,D,D,D,D,D,D,D,D,D,D,D,D,D,D
CDC34;UBE2R1;UBCH3;E2-CDC34;UBC3,D,D,D,D,D,D,D,D,D,D,D,D,D,D,D,D,D,D,D,D,D,D,D,D,D,D,D,D,D,D,D,D
NY-CO-7;HSPABP2;SDCCAG7;SCAR16;STUB1;CHIP;UBOX1,D,D,D,D,D,D,D,D,D,N,D,D,D,D,D,D,D,D,D,D,D,D,D,D,D,D,D,D,D,D,D,D
HERC1;MDFPMR;p532;p619,D,D,D,D,D,D,D,D,D,N,D,D,D,D,D,D,D,D,D,D,D,D,D,D,D,D,D,D,D,D,D,D
WWP2;AIP2;WWp2-like,D,D,D,D,D,D,D,D,D,N,D,D,D,D,D,D,D,D,D,D,D,D,D,D,D,D,D,D,D,D,D,D
UFD2;HDNB1;UBE4B;E4;UBOX3;UFD2A,A,A,A,N,A,A,N,A,A,N,A,A,A,A,A,N,N,A,A,A,A,A,A,A,A,A,A,N,A,A,A,A
DD5;EDD;EDD1;HYD;UBR5,D,D,D,D,D,D,D,D,D,N,D,D,D,D,D,D,D,D,D,D,D,D,D,D,D,D,D,D,D,D,D,D
ULF;TRIP-12;MRD49;TRIP12,D,D,D,D,D,D,D,D,D,N,D,D,D,D,D,D,D,D,D,D,D,D,D,D,D,D,D,D,D,D,D,D
UFD2;UBOX2;UBE4A;E4,A,A,A,N,A,A,N,A,A,N,A,A,A,A,A,N,N,A,A,A,A,A,A,A,A,A,A,N,A,A,A,A
URE-B1;ARF-BP1;LASU1;Ib772;HSPC272;HECTH9;HUWE1;MULE;UREB1,D,D,D,D,D,D,D,D,D,N,D,D,D,D,D,D,D,D,D,D,D,D,D,D,D,D,D,D,D,D,D,D
UBE2Z;USE1;HOYS7,D,D,D,D,D,D,D,D,D,D,D,D,D,D,D,D,D,D,D,D,D,D,D,D,D,D,D,D,D,D,D,D
BRUCE;BIRC6;APOLLON,D,D,D,D,D,D,D,D,D,N,D,D,D,D,D,D,D,D,D,D,D,D,D,D,D,D,D,D,D,D,D,D
RSP5;PVNH7;hNEDD4-2;NEDD4.2;NEDD4L;NEDD4-2,D,D,D,D,D,D,D,D,D,N,D,D,D,D,D,D,D,D,D,D,D,D,D,D,D,D,D,D,D,D,D,D
NEDD4;RPF1;NEDD4-1,D,D,D,D,D,D,D,D,D,N,D,D,D,D,D,D,D,D,D,D,D,D,D,D,D,D,D,D,D,D,D,D
UBE2QL1,A,A,A,N,A,A,A,A,A,N,A,A,N,A,A,N,N,A,A,A,A,A,N,A,N,A,N,A,N,N,A,A
PRO3094;UBE2Q1;NICE-5;NICE5;GTAP;UBE2Q,A,A,A,N,A,A,A,A,A,N,A,A,N,A,A,N,N,A,A,A,A,A,N,A,N,A,N,A,N,N,A,A
UBE2Q2,A,A,A,N,A,A,A,A,A,N,A,A,N,A,A,N,N,A,A,A,A,A,N,A,N,A,N,A,N,N,A,A
E2-230K;UBE2O,D,D,D,D,D,D,D,D,D,D,D,D,D,D,D,D,D,D,D,D,D,D,D,D,D,D,D,D,D,D,D,D
UBE2M;hUbc12;UBC-RS2;UBC12,D,D,D,D,D,D,D,D,D,D,D,D,D,D,D,D,D,D,D,D,D,D,D,D,D,D,D,D,D,D,D,D
C358B7.1;UBC9;UBE2I;P18,D,D,D,D,D,D,D,D,D,D,D,D,D,D,D,D,D,D,D,D,D,D,D,D,D,D,D,D,D,D,D,D
GID3;UBE2H;UBCH;UBC8;E2-20K;UBCH2,D,D,D,D,D,D,D,D,D,D,D,D,D,D,D,D,D,D,D,D,D,D,D,D,D,D,D,D,D,D,D,D
UBC2;RAD6B;E2-17kDa;UBE2B;HHR6B;HR6B,D,D,D,D,D,D,D,D,D,D,D,D,D,D,D,D,D,D,D,D,D,D,D,D,D,D,D,D,D,D,D,D
SWM1;APC13;ANAPC13,N,N,N,N,N,N,N,N,N,N,N,N,N,N,N,N,N,N,N,N,N,N,N,N,N,N,N,N,N,N,N,N
UBE2E3;UBCH9;UbcM2,D,D,D,D,D,D,D,D,D,D,D,D,D,D,D,D,D,D,D,D,D,D,D,D,D,D,D,D,D,D,D,D
UBE2E1;UBCH6,D,D,D,D,D,D,D,D,D,D,D,D,D,D,D,D,D,D,D,D,D,D,D,D,D,D,D,D,D,D,D,D
UBE2E2;UBCH8,D,D,D,D,D,D,D,D,D,D,D,D,D,D,D,D,D,D,D,D,D,D,D,D,D,D,D,D,D,D,D,D
