CYP86A1,D,D,D,N,D,D,D,D,D,N,D,N,D,D,D,D,D,D,D,D,D,D,D,D,N,D,N,D,D,N,D,D
2,N,N,N,N,N,N,N,N,N,N,N,N,N,N,N,N,N,N,N,N,N,N,N,N,N,N,N,N,N,N,N,N
CLO4,N,N,N,N,N,N,N,N,N,N,N,N,N,N,N,N,N,N,N,N,N,N,N,N,N,N,N,N,N,N,N,N
4,N,N,N,N,N,N,N,N,N,N,N,N,N,N,N,N,N,N,N,N,N,N,N,N,N,N,N,N,N,N,N,N
RD20,N,N,N,N,N,N,N,N,N,N,N,N,N,N,N,N,N,N,N,N,N,N,N,N,N,N,N,N,N,N,N,N
ATS1,N,N,N,N,N,N,N,N,N,N,N,N,N,N,N,N,N,N,N,N,N,N,N,N,N,N,N,N,N,N,N,N
ATPXG2,N,N,N,N,N,N,N,N,N,N,N,N,N,N,N,N,N,N,N,N,N,N,N,N,N,N,N,N,N,N,N,N
CYP86A4,D,D,D,N,D,D,D,D,D,N,D,D,D,D,D,D,D,D,D,D,D,D,D,D,N,D,D,D,D,D,D,D
CYP86A7,D,D,D,N,D,D,D,D,D,N,D,N,D,D,D,D,D,D,D,D,D,D,D,D,N,D,N,D,D,N,D,D
CYP86A8,D,D,D,N,D,D,D,D,D,N,D,D,D,D,D,D,D,D,D,D,D,D,D,D,N,D,D,D,D,D,D,D
CYP86A2,D,D,D,N,D,D,D,D,D,N,D,N,D,D,D,D,D,D,D,D,D,D,D,D,N,D,N,D,D,N,D,D
12,D,D,D,D,D,D,D,D,D,N,D,D,D,D,D,D,D,D,D,D,D,D,D,D,D,D,D,D,D,D,D,D
CYP86B1,D,D,D,D,D,D,D,D,D,N,D,D,D,D,D,D,D,D,D,D,D,D,D,D,D,D,D,D,D,D,D,D
CYP77A6,D,D,D,N,D,D,D,D,D,N,D,D,D,D,D,D,D,D,D,D,D,D,D,D,N,D,D,D,D,D,D,D
HTH,B,B,N,N,N,N,B,B,B,N,B,N,B,B,B,N,N,B,B,B,N,N,B,B,B,N,N,N,N,N,B,N
RWP1,N,N,N,N,N,N,N,N,N,N,N,N,N,N,N,N,N,N,N,N,N,N,N,N,N,N,N,N,N,N,N,N
MS2,D,D,D,N,N,N,N,N,D,N,N,N,N,D,N,N,N,N,N,N,D,N,N,N,D,D,D,N,N,D,D,D
FAR4,D,D,D,N,N,N,N,N,D,N,N,N,N,D,N,N,N,N,N,N,D,N,N,N,D,D,D,N,N,D,D,D
FAR5,D,D,D,N,N,N,N,N,D,N,N,N,N,D,N,N,N,N,N,N,D,N,N,N,D,D,D,N,N,D,D,D
FAR8,D,D,D,N,N,N,N,N,D,N,N,N,N,D,N,N,N,N,N,N,D,N,N,N,D,D,D,N,N,D,D,D
FAR6,D,D,D,N,N,N,N,N,D,N,N,N,N,D,N,N,N,N,N,N,D,N,N,N,D,D,D,N,N,D,D,D
CER4,D,D,D,N,N,N,N,N,D,N,N,N,N,D,N,N,N,N,N,N,D,N,N,N,D,D,D,N,N,D,D,D
FAR7,D,D,D,N,N,N,N,N,D,N,N,N,N,D,N,N,N,N,N,N,D,N,N,N,D,D,D,N,N,D,D,D
FAR1,D,D,D,N,N,N,N,N,D,N,N,N,N,D,N,N,N,N,N,N,D,N,N,N,D,D,D,N,N,D,D,D
WSD1,N,N,A,N,N,N,N,N,A,N,N,N,N,N,N,N,A,N,A,N,N,N,N,N,N,N,A,N,N,N,N,N
26,N,A,A,N,A,N,N,N,A,N,N,A,N,A,A,N,N,N,N,A,N,A,A,N,N,A,N,A,N,N,A,N
CER1,N,A,A,N,A,N,N,N,A,N,N,A,N,A,A,N,N,N,N,A,N,A,A,N,N,A,N,A,N,N,A,N
CYP96A15,D,D,D,D,D,D,D,D,D,N,D,D,D,D,D,D,D,D,D,D,D,D,D,D,D,D,D,D,D,D,D,D
