OXA1;OXA1L,N,N,N,N,B,N,N,N,B,N,B,N,N,B,B,N,N,B,B,N,N,B,B,N,N,B,N,B,N,N,B,N
SRP14;ALURBP,N,N,N,N,N,N,N,N,N,N,N,N,N,N,N,N,N,N,N,N,N,N,N,N,N,N,N,N,N,N,N,N
BMFF;BMFS1;SRP72;HEL103,N,N,N,N,A,N,N,A,N,N,A,A,N,N,A,A,A,N,N,N,N,N,N,N,N,A,N,N,N,N,A,N
SRP68,N,A,N,N,A,N,N,A,N,N,A,N,N,N,N,A,N,N,N,A,N,N,N,N,N,A,N,A,N,N,A,N
SRP54,D,D,D,N,D,D,D,D,D,N,D,D,D,D,N,N,D,D,D,D,D,D,D,D,N,D,D,D,D,D,D,D
SRP19,C,N,N,N,N,N,N,N,C,N,N,N,N,N,N,N,N,C,N,N,N,N,N,C,N,N,N,N,N,N,N,N
Sralpha;SRPRA;SRPR;DP,D,D,D,N,D,D,D,D,D,N,D,D,D,D,N,N,D,D,D,D,D,D,D,D,N,D,D,D,D,D,D,D
SRP9;ALURBP,A,N,N,N,N,N,N,A,A,N,A,N,A,N,N,N,N,N,A,A,N,N,N,A,N,N,N,N,N,N,A,N
HTP1;TLOC1;SEC62;Dtrp1;TP-1,N,N,N,N,N,N,N,N,N,N,N,N,N,N,N,N,N,N,N,N,N,N,N,N,N,N,N,N,N,N,N,N
ERdj2;PCLD2;PRO2507;SEC63;SEC63L;DNAJC23,D,D,D,D,D,D,D,D,D,N,D,D,D,D,D,D,D,D,D,D,D,D,D,D,D,D,D,D,D,D,D,D
SPC1;SPCS1;HSPC033;YJR010C-A;SPC12,N,N,N,N,N,N,N,N,A,N,A,N,N,N,A,N,N,N,N,N,N,N,N,N,N,N,N,N,N,N,A,N
SPCS2,N,N,N,N,N,N,N,N,N,N,N,N,N,N,N,N,N,N,N,N,N,N,N,N,N,N,N,N,N,N,N,N
SEC61;SEC61A;HNFJ4;HSEC61;SEC61A1,N,N,N,N,B,N,B,N,B,N,B,N,B,B,N,B,B,B,N,N,N,B,N,N,N,B,N,B,N,N,B,B
SEC61A2,N,N,N,N,B,N,B,N,B,N,B,N,B,B,N,B,B,B,N,N,N,B,N,N,N,B,N,B,N,N,B,B
SPC3;PRO3567;SPCS3;SPC22/23;YLR066W,A,A,N,N,N,N,N,N,A,N,N,N,A,N,N,N,A,A,N,A,N,N,N,N,A,N,N,N,N,A,N,N
SEC11A;SEC11L1;SPC18;sid2895;1810012E07Rik;SPCS4A,N,N,N,D,D,D,D,N,N,N,N,D,N,N,N,D,N,N,N,N,D,N,N,N,N,N,N,N,N,N,D,N
SPC21;SPCS4C;SEC11C;SEC11L3,N,N,N,D,D,D,D,N,N,N,N,D,N,N,N,D,N,N,N,N,D,N,N,N,N,N,N,N,N,N,D,N
IMP1;IMMP1L;IMMP1;IMP1-LIKE,N,N,N,N,N,N,N,B,N,N,B,N,N,N,N,N,B,N,N,N,N,N,N,N,N,N,N,N,N,N,B,N
IMP2;IMMP2L-IT1;IMMP2L;IMP2-LIKE,N,N,N,N,N,N,N,B,N,N,B,N,N,N,N,N,B,N,N,N,N,N,N,N,N,N,N,N,N,N,B,N
APMCF1;SRPRB,D,N,N,N,D,N,D,D,D,N,D,N,D,D,D,N,N,N,D,N,D,N,N,D,N,D,N,D,N,D,D,N
SEC61B,A,A,N,N,A,N,N,N,A,N,A,A,N,N,N,A,N,N,A,N,A,N,N,A,A,N,N,N,N,N,N,N
SSS1;SEC61G,C,N,N,N,C,N,C,N,C,N,C,N,C,N,C,C,C,N,N,C,N,N,N,C,C,N,N,C,N,N,N,N
HEL-S-89n;GRP78;HSPA5;MIF2;BIP,D,D,D,D,D,D,D,D,D,N,D,D,D,D,D,D,D,D,D,D,D,D,D,D,D,D,D,D,D,D,D,D
