PSS1,A,N,A,N,A,N,N,N,A,N,N,A,N,N,A,N,A,N,N,N,A,N,N,N,N,A,N,N,N,N,A,N
LPLAT1,A,N,N,N,N,N,N,N,A,N,A,N,N,N,N,N,A,N,A,N,N,N,N,N,N,A,N,N,A,A,A,N
LPLAT2,A,N,N,N,N,N,N,N,A,N,A,N,N,N,N,N,A,N,A,N,N,N,N,N,N,A,N,N,A,A,A,N
4,N,B,B,B,N,B,B,B,B,N,B,B,N,N,N,N,B,N,B,N,B,N,B,N,N,N,N,N,N,B,B,B
5,N,B,B,B,B,B,B,B,B,N,B,B,N,N,N,B,B,N,B,N,B,N,B,N,N,N,N,B,N,B,B,B
CCT1,D,N,N,N,D,N,D,D,D,N,D,D,D,N,D,D,D,N,N,N,D,D,D,D,N,D,D,D,D,D,D,N
CCT2,D,N,N,N,D,N,D,D,D,N,D,D,D,N,D,D,D,N,N,N,D,D,D,D,N,D,D,D,D,D,D,N
CK1,N,A,N,A,N,N,N,N,A,N,A,A,N,A,N,N,N,N,A,N,N,N,N,A,N,A,N,N,N,N,A,N
9,N,A,N,A,N,N,N,N,A,N,A,A,N,A,N,N,N,N,A,N,N,N,N,A,N,A,N,N,N,N,A,N
10,N,A,N,A,N,N,N,N,A,N,A,A,N,A,N,N,N,N,A,N,N,N,N,A,N,A,N,N,N,N,A,N
PECT1,D,N,N,N,D,N,D,D,D,N,D,D,D,N,D,D,D,N,N,N,D,D,D,D,N,D,D,D,D,D,D,N
emb1187,N,A,N,A,N,N,N,N,A,N,A,A,N,A,N,N,N,N,A,N,N,N,N,A,N,A,N,N,N,N,A,N
NPC1,N,N,N,N,N,N,N,N,N,N,N,N,N,N,N,N,N,N,N,N,N,N,N,N,N,N,N,N,N,N,N,N
NPC2,N,N,N,N,N,N,N,N,N,N,N,N,N,N,N,N,N,N,N,N,N,N,N,N,N,N,N,N,N,N,N,N
NPC3,N,N,N,N,N,N,N,N,N,N,N,N,N,N,N,N,N,N,N,N,N,N,N,N,N,N,N,N,N,N,N,N
NPC4,N,N,N,N,N,N,N,N,N,N,N,N,N,N,N,N,N,N,N,N,N,N,N,N,N,N,N,N,N,N,N,N
NPC5,N,N,N,N,N,N,N,N,N,N,N,N,N,N,N,N,N,N,N,N,N,N,N,N,N,N,N,N,N,N,N,N
NPC6,N,N,N,N,N,N,N,N,N,N,N,N,N,N,N,N,N,N,N,N,N,N,N,N,N,N,N,N,N,N,N,N
DAD1,D,D,D,D,D,N,D,D,D,N,D,D,D,D,D,D,D,D,D,D,D,D,D,D,D,D,D,D,D,D,D,D
PLA2-ALPHA,N,N,N,N,N,N,N,N,N,N,N,N,N,N,N,N,N,N,N,N,N,N,N,N,N,N,N,N,N,N,N,N
SDP1-LIKE,N,N,A,N,N,N,N,N,N,N,A,N,N,N,A,N,A,A,N,N,N,N,A,A,N,N,N,N,N,N,N,N
SDP1,N,N,A,N,N,N,N,N,N,N,A,N,N,N,A,N,A,A,N,N,N,N,A,A,N,N,N,N,N,N,N,N
DGK3,A,N,N,N,N,A,N,A,A,N,A,N,N,N,N,A,A,N,N,A,A,A,A,N,N,N,N,N,N,N,A,N
DGK5,A,N,N,N,N,A,N,A,A,N,A,N,N,N,N,A,A,N,N,A,A,A,A,N,N,N,N,N,N,N,A,N
DGK6,A,N,N,N,N,A,N,A,A,N,A,N,N,N,N,A,A,N,N,A,A,A,A,N,N,N,N,N,N,N,A,N
DGK7,A,N,N,N,N,A,N,A,A,N,A,N,N,N,N,A,A,N,N,A,A,A,A,N,N,N,N,N,N,N,A,N
DGK1,A,N,N,N,N,A,N,A,A,N,A,N,N,N,N,A,A,N,N,A,A,A,A,N,N,N,N,N,N,N,A,N
DGK4,A,N,N,N,N,A,N,A,A,N,A,N,N,N,N,A,A,N,N,A,A,A,A,N,N,N,N,N,N,N,A,N
DGK2,A,N,N,N,N,A,N,A,A,N,A,N,N,N,N,A,A,N,N,A,A,A,A,N,N,N,N,N,N,N,A,N
LPP2,D,D,N,N,D,D,N,D,D,N,D,D,N,D,N,N,N,D,D,N,N,N,N,D,N,D,N,N,N,N,D,N
PAP1,D,D,N,N,D,D,N,D,D,N,D,D,N,D,N,N,N,D,D,N,N,N,N,D,N,D,N,N,N,N,D,N
LPP3,D,D,N,N,D,D,N,D,D,N,D,D,N,D,N,N,N,D,D,N,N,N,N,D,N,D,N,N,N,N,D,N
PAH1,N,A,A,N,A,A,A,A,A,N,A,N,N,N,A,A,N,A,N,N,A,A,A,A,A,A,A,N,N,N,A,A
PAH2,N,A,A,N,A,A,A,A,A,N,A,N,N,N,A,A,N,A,N,N,A,A,A,A,A,A,A,N,N,N,A,A
PLDALPHA2,D,D,N,N,N,N,D,N,D,N,D,D,D,D,N,N,D,N,N,D,D,D,D,N,N,D,N,D,N,N,D,N
PLDEPSILON,D,D,N,N,N,N,D,N,D,N,D,D,D,D,N,N,D,N,N,D,D,D,D,N,N,D,N,D,N,N,D,N
PLDBETA1,D,D,N,N,N,N,D,N,D,N,D,D,D,D,N,N,D,N,N,D,D,D,D,N,N,D,N,D,N,N,D,N
PLDP2,D,D,N,N,N,N,D,N,D,N,D,D,D,D,N,N,D,N,N,D,D,D,D,N,N,D,N,D,N,N,D,N
PLDALPHA1,D,D,N,N,N,N,D,N,D,N,D,D,D,D,N,N,D,N,N,D,D,D,D,N,N,D,N,D,N,N,D,N
PLDP1,D,D,N,N,N,N,D,N,D,N,D,D,D,D,N,N,D,N,N,D,D,D,D,N,N,D,N,D,N,N,D,N
PLDBETA2,D,D,N,N,N,N,D,N,D,N,D,D,D,D,N,N,D,N,N,D,D,D,D,N,N,D,N,D,N,N,D,N
PLDGAMMA2,D,D,N,N,N,N,D,N,D,N,D,D,D,D,N,N,D,N,N,D,D,D,D,N,N,D,N,D,N,N,D,N
PLDGAMMA3,D,D,N,N,N,N,D,N,D,N,D,D,D,D,N,N,D,N,N,D,D,D,D,N,N,D,N,D,N,N,D,N
PLDGAMMA1,D,D,N,N,N,N,D,N,D,N,D,D,D,D,N,N,D,N,N,D,D,D,D,N,N,D,N,D,N,N,D,N
PLDDELTA,D,D,N,N,N,N,D,N,D,N,D,D,D,D,N,N,D,N,N,D,D,D,D,N,N,D,N,D,N,N,D,N
PLDALPHA3,D,D,N,N,N,N,D,N,D,N,D,D,D,D,N,N,D,N,N,D,D,D,D,N,N,D,N,D,N,N,D,N
GDPD5,N,N,N,N,B,N,N,B,B,B,B,B,N,N,B,N,N,N,N,N,B,N,N,B,N,B,B,N,B,N,B,B
GDPD6,N,N,N,N,B,N,N,B,B,B,B,B,N,N,B,N,N,N,N,N,B,N,N,B,N,B,B,N,B,N,B,B
LPAT3,N,A,A,N,N,N,A,N,A,N,A,A,N,A,N,N,N,N,N,A,N,N,N,A,N,A,N,N,N,N,A,N
LPAT4,N,A,A,N,N,N,A,N,A,N,A,A,N,A,N,N,N,N,N,A,N,N,N,A,N,A,N,N,N,N,A,N
LPAT5,N,A,A,N,N,N,A,N,A,N,A,A,N,A,N,N,N,N,N,A,N,N,N,A,N,A,N,N,N,N,A,N
LPAT2,N,A,A,N,N,N,A,N,A,N,A,A,N,A,N,N,N,N,N,A,N,N,N,A,N,A,N,N,N,N,A,N
ATS2,N,N,B,N,N,N,B,B,B,N,B,B,N,B,N,N,N,N,N,B,N,N,N,N,N,B,N,N,N,N,B,N
PIS1,N,N,N,N,N,N,N,N,N,N,N,N,N,N,N,N,N,N,N,N,N,N,N,N,N,N,N,N,N,N,N,N
PIS2,N,N,N,N,N,N,N,N,N,N,N,N,N,N,N,N,N,N,N,N,N,N,N,N,N,N,N,N,N,N,N,N
GPAT4,N,A,N,N,N,N,N,N,A,N,N,N,N,N,N,N,A,N,N,N,N,N,N,N,N,N,N,N,N,N,N,A
GPAT2,N,A,N,N,N,N,N,N,A,N,N,N,N,N,N,N,A,N,N,N,N,N,N,N,N,N,N,N,N,N,N,A
GPAT1,N,A,N,N,N,N,N,N,A,N,N,N,N,N,N,N,A,N,N,N,N,N,N,N,N,N,N,N,N,N,N,A
ATS1,N,N,N,N,N,N,N,N,N,N,N,N,N,N,N,N,N,N,N,N,N,N,N,N,N,N,N,N,N,N,N,N
GPAT6,N,A,N,N,N,N,N,N,A,N,N,N,N,N,N,N,A,N,N,N,N,N,N,N,N,N,N,N,N,N,N,A
GPAT5,N,A,N,N,N,N,N,N,A,N,N,N,N,N,N,N,A,N,N,N,N,N,N,N,N,N,N,N,N,N,N,A
GPAT8,N,A,N,N,N,N,N,N,A,N,N,N,N,N,N,N,A,N,N,N,N,N,N,N,N,N,N,N,N,N,N,A
GPAT3,N,A,N,N,N,N,N,N,A,N,N,N,N,N,N,N,A,N,N,N,N,N,N,N,N,N,N,N,N,N,N,A
GPAT7,N,A,N,N,N,N,N,N,A,N,N,N,N,N,N,N,A,N,N,N,N,N,N,N,N,N,N,N,N,N,N,A
GPAT9,N,B,B,B,N,B,B,B,B,N,B,B,N,N,N,N,B,N,B,N,B,N,B,N,N,N,N,N,N,B,B,B
GLY1,B,N,N,N,B,N,B,N,B,N,B,N,N,N,B,B,B,B,N,N,N,B,B,N,N,N,N,B,N,N,B,N
GPDHC1,B,N,N,N,B,N,B,N,B,N,B,N,N,N,B,B,B,B,N,N,N,B,B,N,N,N,N,B,N,N,B,N
GPDHp,B,N,N,N,B,N,B,N,B,N,B,N,N,N,B,B,B,B,N,N,N,B,B,N,N,N,N,B,N,N,B,N
SDP6,N,B,B,B,B,N,N,B,B,N,B,B,B,B,B,B,N,B,B,B,N,N,B,N,N,N,N,N,B,N,B,B
70,N,N,N,N,N,N,N,N,N,N,N,N,N,N,N,N,N,N,N,N,N,N,N,N,N,N,N,N,N,N,N,N
PMEAMT,N,D,D,D,D,N,D,N,D,N,D,N,N,D,N,N,D,D,D,D,D,D,N,D,N,D,N,N,N,N,N,D
72,N,D,D,D,D,N,D,N,D,N,D,N,N,D,N,D,D,D,D,D,D,D,N,D,N,D,N,N,D,N,N,D
XPL1,N,D,D,D,D,N,D,N,D,N,D,N,N,D,N,D,D,D,D,D,D,D,N,D,N,D,N,N,D,N,N,D
AAPT1,A,A,A,N,A,A,N,N,A,N,A,N,A,N,A,N,A,A,N,A,A,N,A,A,A,A,A,N,A,A,A,N
AAPT2,A,A,A,N,A,A,N,N,A,N,A,N,A,N,A,N,A,A,N,A,A,N,A,A,A,A,A,N,A,A,A,N
76,N,N,N,N,N,N,N,N,N,N,N,N,N,N,N,N,N,N,N,N,N,N,N,N,N,N,N,N,N,N,N,N
CDS1,B,N,B,N,N,N,B,B,B,N,B,N,N,N,N,B,N,N,N,N,N,N,N,N,N,N,N,B,N,N,B,N
CDS2,B,N,B,N,N,N,B,B,B,N,B,N,N,N,N,B,N,N,N,N,N,N,N,N,N,N,N,B,N,N,B,N
79,B,N,B,N,N,N,B,B,B,N,B,N,N,N,N,B,N,N,N,N,N,N,N,N,N,N,N,B,N,N,B,N
80,N,N,B,N,N,B,N,N,B,N,B,B,N,N,N,N,B,N,N,N,N,N,B,N,N,N,N,N,N,N,B,N
PSD1,N,B,B,B,B,N,N,B,B,N,B,N,N,B,N,N,N,B,B,N,N,N,N,B,N,N,B,B,N,B,B,N
PSD3,B,B,B,B,B,B,N,B,B,N,B,N,B,B,N,N,B,B,B,B,B,B,B,B,N,N,B,B,B,B,B,B
PSD2,B,B,B,B,B,B,N,B,B,N,B,N,B,B,N,N,B,B,B,B,B,B,B,B,N,N,B,B,B,B,B,B
PGP1,N,N,N,N,N,N,N,N,N,N,N,N,N,N,N,N,N,N,N,N,N,N,N,N,N,N,N,N,N,N,N,N
PGPS2,N,N,N,N,N,N,N,N,N,N,N,N,N,N,N,N,N,N,N,N,N,N,N,N,N,N,N,N,N,N,N,N
CLS,N,N,N,N,N,N,N,N,N,N,N,N,N,N,N,N,N,N,N,N,N,N,N,N,N,N,N,N,N,N,N,N
At1g78690p,N,N,B,N,N,N,B,B,B,N,N,B,N,N,N,N,N,B,B,B,B,N,N,N,N,B,B,N,N,N,B,N
88,N,N,B,N,N,N,B,B,B,N,N,B,N,N,N,N,N,B,B,B,B,N,N,N,N,B,B,N,N,N,B,N
PLMT,N,N,N,N,N,N,N,N,A,N,A,N,N,A,N,N,N,A,A,N,N,N,N,N,N,N,N,N,N,N,A,N
