1,N,N,N,N,N,N,N,N,N,N,N,N,N,N,N,N,N,N,N,N,N,N,N,N,N,N,N,N,N,N,N,N
ASN1,N,B,N,B,N,N,N,B,N,N,N,N,N,N,N,N,N,N,N,N,N,N,N,N,N,N,N,N,N,N,B,N
ASN3,N,B,N,B,N,N,N,B,N,N,N,N,N,N,N,N,N,N,N,N,N,N,N,N,N,N,N,N,N,N,B,N
ASN2,N,B,N,B,N,N,N,B,N,N,N,N,N,N,N,N,N,N,N,N,N,N,N,N,N,N,N,N,N,N,B,N
AO,D,D,D,D,D,D,D,D,D,N,D,D,D,D,D,D,D,D,D,D,D,D,D,D,D,D,N,D,D,D,D,D
ASP4,N,N,D,D,N,N,D,D,N,N,D,N,D,N,N,D,D,N,N,D,D,N,N,N,D,D,N,N,N,N,D,N
ASP1,N,N,D,D,N,N,D,D,N,N,D,N,D,N,N,D,D,N,N,D,D,N,N,N,D,D,N,N,N,N,D,N
ASP5,N,N,D,D,N,N,D,D,N,N,D,N,D,N,N,D,D,N,N,D,D,N,N,N,D,D,N,N,N,N,D,N
ASP3,N,N,D,D,N,N,D,D,N,N,D,N,D,N,N,D,D,N,N,D,D,N,N,N,D,D,N,N,N,N,D,N
ASP2,N,N,D,D,N,N,D,D,N,N,D,N,D,N,N,D,D,N,N,D,D,N,N,N,D,D,N,N,N,N,D,N
11,N,N,N,N,D,N,D,N,D,N,D,N,D,D,N,N,N,D,N,D,N,D,N,D,D,N,N,D,N,N,N,D
ADSS,D,D,D,N,N,D,D,D,N,N,D,D,N,D,D,D,D,D,D,N,D,N,N,D,D,D,D,N,N,N,D,D
13,A,N,N,N,N,A,N,N,N,N,A,N,N,N,A,N,A,N,N,N,N,N,N,N,N,N,N,N,N,N,N,A
14,N,N,N,N,N,N,N,N,N,N,N,N,N,N,N,N,N,N,N,N,N,N,N,N,N,N,N,N,N,N,N,N
15,N,N,N,N,N,N,N,N,N,N,N,N,N,N,N,N,N,N,N,N,N,N,N,N,N,N,N,N,N,N,N,N
GGT1,D,N,N,N,N,D,N,N,D,N,N,D,D,N,N,N,N,N,N,D,N,N,N,D,N,N,N,D,N,N,D,D
AOAT2,D,N,N,N,N,D,N,N,D,N,N,D,D,N,N,N,N,N,N,D,N,N,N,D,N,N,N,D,N,N,D,D
AGT,D,N,N,D,N,N,D,N,D,N,D,D,N,N,D,N,D,N,D,N,N,D,N,D,D,N,N,N,N,D,D,N
AGT3,D,D,D,N,N,D,N,D,D,N,D,D,D,D,D,D,D,D,D,D,D,D,D,D,N,D,D,D,D,D,D,D
PYD4,D,D,D,N,N,D,N,D,D,N,D,D,D,D,D,D,D,D,D,D,D,D,D,D,N,D,D,D,D,D,D,D
AGT2,D,D,D,N,N,D,N,D,D,N,D,D,D,D,D,D,D,D,D,D,D,D,D,D,N,D,D,D,D,D,D,D
AlaAT1,D,N,N,N,N,D,N,N,D,N,N,D,D,N,N,N,N,N,N,D,N,N,N,D,N,N,N,D,N,N,D,D
ALAAT2,D,N,N,N,N,D,N,N,D,N,N,D,D,N,N,N,N,N,N,D,N,N,N,D,N,N,N,D,N,N,D,D
PYRB,N,D,N,D,N,D,D,N,N,N,N,D,N,D,N,D,D,D,D,D,N,D,D,D,D,N,D,D,N,D,N,N
ALDH5F1,D,D,D,N,D,D,D,D,D,N,D,D,D,D,D,D,D,D,D,D,D,D,D,D,D,D,D,D,D,D,D,N
GLT1,D,N,N,N,D,N,D,D,N,N,D,N,D,D,D,N,D,D,N,D,D,D,D,D,D,N,N,N,D,N,N,D
GDH3,N,D,N,N,N,N,N,N,D,N,N,N,D,D,N,N,N,D,N,N,N,N,N,D,N,N,N,N,N,N,N,N
GDH2,N,D,N,N,N,N,N,N,D,N,N,N,D,D,N,N,N,D,N,N,N,N,N,D,N,N,N,N,N,N,N,N
GDH1,N,D,N,N,N,N,N,N,D,N,N,N,D,D,N,N,N,D,N,N,N,N,N,D,N,N,N,N,N,N,N,N
30,N,D,N,N,N,N,N,N,D,N,N,N,D,D,N,N,N,D,N,N,N,N,N,D,N,N,N,N,N,N,N,N
GAD2,N,N,N,N,N,N,N,N,N,N,N,N,N,N,N,N,N,N,N,N,N,N,N,N,N,N,N,N,N,N,N,N
GAD3,N,N,N,N,N,N,N,N,N,N,N,N,N,N,N,N,N,N,N,N,N,N,N,N,N,N,N,N,N,N,N,N
GAD4,N,N,N,N,N,N,N,N,N,N,N,N,N,N,N,N,N,N,N,N,N,N,N,N,N,N,N,N,N,N,N,N
GAD5,N,N,N,N,N,N,N,N,N,N,N,N,N,N,N,N,N,N,N,N,N,N,N,N,N,N,N,N,N,N,N,N
GAD,N,N,N,N,N,N,N,N,N,N,N,N,N,N,N,N,N,N,N,N,N,N,N,N,N,N,N,N,N,N,N,N
GLN1;5,N,N,N,N,N,N,N,N,N,N,N,N,N,N,N,N,N,N,N,N,N,N,N,N,N,N,N,N,N,N,N,N
GLN1.3,N,N,N,N,N,N,N,N,N,N,N,N,N,N,N,N,N,N,N,N,N,N,N,N,N,N,N,N,N,N,N,N
GLN1;4,N,N,N,N,N,N,N,N,N,N,N,N,N,N,N,N,N,N,N,N,N,N,N,N,N,N,N,N,N,N,N,N
GS2,N,N,N,N,N,N,N,N,N,N,N,N,N,N,N,N,N,N,N,N,N,N,N,N,N,N,N,N,N,N,N,N
GSR_1,N,N,N,N,N,N,N,N,N,N,N,N,N,N,N,N,N,N,N,N,N,N,N,N,N,N,N,N,N,N,N,N
CARB,N,D,D,N,N,D,D,D,D,N,N,D,N,D,N,D,D,D,D,D,D,D,N,D,D,N,D,D,N,D,D,N
CARA,N,D,N,N,N,D,D,N,N,N,N,D,N,D,N,D,D,D,D,D,N,D,N,D,D,N,D,D,N,D,N,N
ALDH12A1,D,D,D,N,D,D,D,D,D,N,D,D,D,D,D,D,D,D,D,D,D,D,D,D,D,D,D,N,N,D,D,N
GFAT,N,B,N,B,N,N,N,B,N,N,N,N,N,N,N,N,N,N,N,N,N,N,N,N,N,N,N,N,N,N,B,N
ASE1,N,B,N,B,N,N,N,B,N,N,N,N,N,N,N,N,N,N,N,N,N,N,N,N,N,N,N,N,N,N,B,N
ASE2,N,B,N,B,N,N,N,B,N,N,N,N,N,N,N,N,N,N,N,N,N,N,N,N,N,N,N,N,N,N,B,N
ASE3,N,B,N,B,N,N,N,B,N,N,N,N,N,N,N,N,N,N,N,N,N,N,N,N,N,N,N,N,N,N,B,N
POP2,D,D,D,N,N,D,N,D,D,N,D,D,D,D,D,D,D,D,D,D,D,D,D,D,N,D,D,D,D,D,D,D
