LIG4S;LIG4,N,N,D,N,N,N,N,N,D,N,D,N,D,D,D,D,N,N,N,D,D,D,D,N,N,D,N,N,N,N,D,D
POLKAPPA;BETAN;POLL,N,N,N,N,N,N,N,N,N,N,N,N,N,N,N,N,N,N,N,N,N,N,N,N,N,N,N,N,N,N,N,N
TDT;DNTT,N,N,N,N,N,N,N,N,N,N,N,N,N,N,N,N,N,N,N,N,N,N,N,N,N,N,N,N,N,N,N,N
Tdt-N;Pol_Mu;POLM,N,N,N,N,N,N,N,N,N,N,N,N,N,N,N,N,N,N,N,N,N,N,N,N,N,N,N,N,N,N,N,N
RS-SCID;DCLREC1C;SCIDA;SNM1C;A-SCID;DCLRE1C,B,N,N,N,N,N,N,B,B,N,B,N,N,B,N,N,N,N,B,N,B,N,B,N,B,N,N,N,N,N,B,N
ATLD;MRE11A;HNGS1;MRE11;MRE11B,N,N,N,N,N,N,N,N,N,N,N,N,N,N,N,N,N,N,N,N,N,N,N,N,N,N,N,N,N,N,N,N
NBSLD;hRad50;RAD502;RAD50,D,D,D,D,D,D,D,D,D,N,D,D,D,D,D,D,D,D,D,D,D,D,D,D,D,D,D,D,D,D,D,D
PRKDC;DNA-PKcs;p350;HYRC1;XRCC7;DNAPK;HYRC;IMD26;DNPK1,C,C,C,C,C,C,C,C,C,C,C,C,C,C,C,C,C,C,C,C,C,C,C,C,C,C,C,C,C,C,C,C
NFIV;KARP1;KUB2;KU80;KARP-1;XRCC5;Ku86,A,A,A,N,A,N,A,A,A,N,A,A,N,A,A,N,A,A,A,A,A,N,A,A,A,A,N,A,A,A,A,A
XRCC4;SSMED,N,N,A,A,N,N,N,A,N,N,N,N,A,N,A,N,A,N,N,N,A,N,N,A,N,N,N,N,A,N,A,A
CTC75;XRCC6;ML8;TLAA;CTCBF;KU70;G22P1,A,A,A,N,A,N,A,A,A,N,A,A,N,A,N,N,N,A,A,A,A,N,A,A,A,A,N,A,A,A,A,N
MF1;FEN1;RAD2;FEN-1,N,N,D,D,D,N,D,D,D,N,D,D,D,D,D,N,D,D,D,D,D,D,D,D,D,D,N,D,D,N,D,D
XLF;NHEJ1,N,N,N,N,N,N,N,N,N,N,N,N,N,N,N,N,N,N,N,N,N,N,N,N,N,N,N,N,N,N,N,N
