PCM1;AGM1,N,N,N,N,N,N,N,N,N,N,N,N,N,N,N,N,N,N,N,N,N,N,N,N,N,N,N,N,N,N,N,N
QRI1;UAP1,B,N,B,N,B,N,B,B,B,N,B,N,B,B,N,B,N,B,N,N,B,B,B,B,N,B,B,B,B,B,B,N
GFA1,N,B,N,B,N,N,N,B,N,N,N,N,N,N,N,N,N,N,N,N,N,N,N,N,N,N,N,N,N,N,B,N
GNA1;PAT1,N,B,B,N,N,N,N,N,N,N,B,N,N,B,B,N,N,N,N,N,N,N,N,B,N,B,N,N,N,B,B,B
CTS2,B,B,N,N,N,B,N,B,B,N,B,B,B,N,N,N,N,B,B,B,N,B,B,B,N,B,B,B,N,N,B,B
SCW2;CTS1,N,N,N,N,N,N,N,N,N,N,N,N,N,N,N,N,N,N,N,N,N,N,N,N,N,N,N,N,N,N,N,N
CDA1,N,N,N,N,N,N,N,N,N,N,N,N,N,N,N,N,N,N,N,N,N,N,N,N,N,N,N,N,N,N,N,N
CDA2,N,N,N,N,N,N,N,N,N,N,N,N,N,N,N,N,N,N,N,N,N,N,N,N,N,N,N,N,N,N,N,N
HOR3;GLK1,N,N,N,N,A,N,N,N,A,N,N,N,N,N,N,N,A,N,N,N,N,N,N,N,A,A,N,N,N,N,A,A
EMI2,N,N,N,N,A,N,N,N,A,N,N,N,N,N,N,N,A,N,N,N,N,N,N,N,A,A,N,N,N,N,A,A
HXK1,N,N,N,N,A,N,N,N,A,N,N,N,N,N,N,N,A,N,N,N,N,N,N,N,A,A,N,N,N,N,A,A
HXK2;HKB;HEX1;SCI2,N,N,N,N,A,N,N,N,A,N,N,N,N,N,N,N,A,N,N,N,N,N,N,N,A,A,N,N,N,N,A,A
13,N,N,N,N,A,N,N,N,A,N,N,N,N,N,N,N,A,N,N,N,N,N,N,N,A,A,N,N,N,N,A,A
CSD2;DIT101;CHS3;KTI2;CAL1,D,D,D,D,D,D,D,D,D,N,D,D,D,D,D,D,D,D,D,D,D,D,D,D,D,D,D,D,D,D,D,D
CHS2,D,D,D,D,D,D,D,D,D,N,D,D,D,D,D,D,D,D,D,D,D,D,D,D,D,D,D,D,D,D,D,D
USA4;CHS1,D,D,D,D,D,D,D,D,D,N,D,D,D,D,D,D,D,D,D,D,D,D,D,D,D,D,D,D,D,D,D,D
CBR5;CBR1,D,D,D,D,D,D,D,D,D,N,D,D,D,D,D,D,D,D,D,D,D,D,D,D,D,D,N,D,D,D,D,D
MCR1,D,D,D,D,D,D,D,D,D,N,D,D,D,D,D,D,D,D,D,D,D,D,D,D,D,D,N,D,D,D,D,D
PGA3;NQR1,D,D,D,D,D,D,D,D,D,N,D,D,D,D,D,D,D,D,D,D,D,D,D,D,D,D,N,D,D,D,D,D
GAL7,N,N,N,N,N,N,N,N,N,N,N,N,N,N,N,N,N,N,N,N,N,N,N,N,N,N,N,N,N,N,N,N
GAL10,N,N,B,N,B,N,B,N,B,N,B,N,N,N,N,N,B,B,N,B,N,B,N,N,N,B,N,B,N,N,N,N
PMI40,N,B,B,N,N,B,N,B,N,N,B,N,B,B,B,B,B,N,B,B,B,B,B,N,N,N,B,B,N,N,B,B
ALG4;SEC53,D,D,D,N,D,D,D,D,D,N,D,D,D,D,D,D,D,D,D,D,D,N,D,D,D,D,D,D,D,D,D,D
PGM1,N,N,N,N,N,N,N,N,N,N,N,N,N,N,N,N,N,N,N,N,N,N,N,N,N,N,N,N,N,N,N,N
GAL5;PGM2,N,N,N,N,N,N,N,N,N,N,N,N,N,N,N,N,N,N,N,N,N,N,N,N,N,N,N,N,N,N,N,N
PGM3;PRM15,N,N,N,N,N,N,N,N,N,N,N,N,N,N,N,N,N,N,N,N,N,N,N,N,N,N,N,N,N,N,N,N
GAL1,B,N,N,N,B,N,N,B,B,N,B,N,N,N,N,N,N,N,N,N,N,N,N,N,N,N,N,N,N,N,B,N
GAL3,B,N,N,N,B,N,N,B,B,N,B,N,N,N,N,N,N,N,N,N,N,N,N,N,N,N,N,N,N,N,B,N
PSA1;MPG1;SRB1;VIG9,A,A,N,N,N,N,N,N,A,N,A,N,N,N,N,N,N,N,N,N,N,A,N,A,N,A,N,A,N,N,N,N
PGI1;CDC30,N,N,N,N,N,N,N,N,N,N,N,N,N,N,N,N,N,N,N,N,N,N,N,N,N,N,N,N,N,N,N,N
31,B,N,B,N,B,N,B,B,B,N,B,N,B,N,N,B,N,B,N,N,B,B,N,B,N,B,N,B,B,B,B,N
UGP1,B,N,B,N,B,N,B,B,B,N,B,N,B,N,N,B,N,B,N,N,B,B,N,B,N,B,N,B,B,B,B,N
