ranA,D,D,D,D,D,D,D,D,D,D,D,D,D,D,D,D,D,D,D,D,D,D,D,D,D,D,D,D,D,D,D,D
2,N,N,N,N,N,N,N,N,N,N,N,N,N,N,N,N,N,N,N,N,N,N,N,N,N,N,N,N,N,N,N,N
xpo1,N,N,A,N,A,A,N,A,A,N,A,A,A,N,N,N,N,A,N,N,A,N,A,N,N,N,N,A,N,A,A,N
nmd3,N,N,N,A,A,A,N,A,N,N,A,N,N,N,N,N,A,N,N,N,N,N,A,A,N,N,A,A,N,N,A,N
rnsA,N,N,N,N,N,N,N,N,N,N,N,N,N,N,N,N,N,N,N,N,N,N,N,N,N,N,N,N,N,N,N,N
rnlA,N,N,N,N,N,N,N,N,N,N,N,N,N,N,N,N,N,N,N,N,N,N,N,N,N,N,N,N,N,N,N,N
nhp2l1,C,C,C,C,C,N,C,C,C,C,C,C,C,C,C,C,C,C,C,C,C,C,C,C,C,C,C,C,C,C,C,C
8,D,D,D,D,D,D,D,D,D,D,D,D,D,D,D,D,D,D,D,D,D,D,D,D,D,D,D,D,D,D,D,D
nol5a,C,C,C,C,C,C,C,C,C,C,C,C,C,C,C,C,C,C,C,C,C,C,C,C,C,C,C,C,C,C,C,C
fbl,D,D,D,D,D,D,D,D,D,D,D,D,D,D,D,D,D,D,D,D,D,D,D,D,D,D,D,D,N,D,D,D
nola3,N,C,N,N,C,N,N,C,C,N,C,N,N,N,N,N,C,N,C,N,N,N,N,N,N,N,C,C,N,N,N,N
nola2,C,C,C,C,C,N,C,C,C,C,C,C,C,C,C,C,C,C,C,C,C,C,C,C,C,C,C,C,C,C,C,C
nola1,C,C,C,C,C,N,N,N,C,N,C,C,C,C,C,C,C,C,C,N,C,C,N,C,C,N,C,N,C,C,C,C
nola4,D,D,N,N,N,N,D,N,D,N,N,D,N,D,D,N,N,D,D,N,D,N,D,N,D,D,N,N,N,D,N,D
fcf1,C,C,C,C,C,N,C,N,C,N,N,C,C,N,N,N,C,N,C,N,N,N,N,C,C,N,C,N,N,C,N,C
drnB,D,D,D,N,N,N,N,D,D,N,N,D,N,D,D,D,N,D,N,N,D,D,D,D,D,D,N,D,N,N,D,D
nat10,A,A,A,A,N,N,N,N,N,A,N,A,N,N,A,N,A,N,A,A,A,N,N,A,N,A,N,N,A,A,A,N
utp14,D,D,D,D,D,D,D,D,D,N,D,D,D,D,D,D,D,D,D,D,D,D,D,D,N,D,D,D,D,D,D,D
bms1l,A,A,A,A,A,A,A,A,A,N,A,A,A,A,A,A,A,A,A,N,A,A,A,A,A,A,N,A,A,A,A,N
rcl1,N,N,N,N,N,N,N,N,N,N,N,N,N,N,N,N,N,N,N,N,N,N,N,N,N,N,N,N,N,N,N,N
cak1-1,D,D,D,D,D,D,D,D,D,D,D,D,D,D,D,D,D,D,D,D,D,D,D,D,D,D,D,D,D,D,D,D
cak1-2,D,D,D,D,D,D,D,D,D,D,D,D,D,D,D,D,D,D,D,D,D,D,D,D,D,D,D,D,D,D,D,D
drpp30,A,A,A,N,A,N,A,N,A,N,A,A,N,A,A,N,N,N,N,A,N,N,A,N,A,A,N,A,A,N,A,N
drpp40,N,N,N,N,N,N,N,N,N,N,N,N,N,N,N,N,N,N,N,N,N,N,N,N,N,N,N,N,N,N,N,N
pop4,A,N,N,N,N,N,N,A,A,N,A,A,N,A,A,N,N,N,N,N,N,N,A,A,A,A,N,N,N,N,A,A
drpp20,N,C,N,N,N,N,C,N,N,N,N,N,N,N,N,C,N,N,N,N,N,N,N,N,N,N,N,N,N,N,N,C
pop1,N,N,N,N,N,N,N,N,N,N,N,N,N,N,N,N,N,N,N,N,N,N,N,N,N,N,N,N,N,N,N,N
pop5,C,N,C,N,N,C,N,C,N,N,N,C,N,N,N,N,N,N,N,N,N,N,N,C,N,N,N,N,N,N,N,N
xrn2,B,B,B,B,B,B,B,N,B,B,B,B,B,B,B,B,B,B,B,B,B,B,B,B,B,N,N,B,B,B,B,B
xrn1,D,D,D,D,D,D,D,N,D,D,D,D,D,D,D,D,D,D,D,D,D,D,D,D,D,D,D,D,D,D,D,D
31,B,B,B,B,B,B,B,N,B,B,B,B,B,B,B,B,B,B,B,B,B,B,B,B,B,N,N,B,B,B,B,B
nog1,D,D,D,D,D,D,D,D,D,N,D,D,D,D,D,D,D,D,D,D,D,D,D,D,D,D,D,D,D,D,D,D
33,D,D,D,N,D,D,D,D,D,N,D,D,D,D,D,D,D,D,D,D,D,D,D,D,D,D,D,D,D,N,D,D
34,D,D,D,N,D,D,D,D,D,D,D,D,D,D,N,D,D,D,D,D,N,D,D,D,D,N,D,D,D,D,D,D
gnl3,D,D,D,N,D,D,D,D,D,D,D,D,D,D,N,D,D,D,D,D,N,D,D,D,D,N,D,D,D,D,D,D
mdn1,D,D,D,D,D,D,D,D,D,N,D,D,D,D,D,D,D,D,D,D,D,D,D,D,D,D,D,D,D,D,D,D
nvl,D,D,D,D,D,D,D,D,D,D,D,D,D,D,D,D,D,D,D,D,D,D,D,D,D,D,D,D,D,D,D,D
rexo2-1,B,N,N,N,N,B,N,N,N,N,B,N,N,N,B,N,B,N,N,N,N,N,B,B,N,B,N,N,N,N,B,N
rexo2-2,B,N,N,N,N,B,N,N,N,N,B,N,N,N,B,N,B,N,N,N,N,N,B,B,N,B,N,N,N,N,B,N
rexo1,B,B,N,N,B,B,N,B,B,N,B,B,N,N,B,B,N,B,B,B,N,B,B,B,B,B,N,B,B,B,B,B
41,N,N,N,N,A,N,N,N,N,N,A,N,N,N,A,N,N,N,N,N,N,N,N,N,N,A,N,N,A,N,A,A
42,A,N,N,N,A,N,N,A,N,N,N,N,A,N,N,N,N,N,N,A,A,A,N,N,N,N,N,N,N,N,A,N
mpp10,D,N,N,D,D,N,N,D,D,N,D,N,N,D,D,N,D,D,N,D,D,N,D,N,D,D,D,D,N,D,D,D
imp4,A,A,N,N,A,N,N,A,A,A,A,A,N,A,A,N,N,N,N,A,N,A,N,A,A,A,N,A,N,N,A,A
imp3,B,N,N,B,N,N,N,B,B,N,N,B,N,N,N,N,B,N,B,B,B,B,N,B,B,B,B,B,N,N,N,B
wdr75,D,D,D,D,D,D,D,D,D,D,D,D,D,D,D,D,D,D,D,D,D,D,D,D,D,D,D,D,D,D,D,D
utp15,D,D,D,D,D,D,D,D,D,D,D,D,D,D,D,D,D,D,D,D,D,D,D,D,D,D,D,D,D,D,D,D
cirh1a,B,B,B,B,B,B,B,B,B,B,B,N,B,B,B,B,B,B,B,B,B,B,B,B,B,B,B,B,B,B,B,B
49,N,N,B,B,N,N,N,B,B,N,B,B,N,N,N,N,N,B,N,B,B,N,B,B,N,N,B,N,B,N,N,N
utp5,D,D,D,D,D,D,D,D,D,D,D,D,D,D,D,D,D,D,D,D,D,D,D,D,D,D,D,D,D,D,D,D
utp18,D,D,D,D,D,D,D,D,D,D,D,D,D,D,D,D,D,D,D,D,D,D,D,D,D,D,D,D,D,D,D,D
utp13,D,D,D,D,D,D,D,D,D,D,D,D,D,D,D,D,D,D,D,D,D,D,D,D,D,D,D,D,D,D,D,D
utp6,A,N,A,N,A,N,N,A,A,N,A,A,A,A,A,A,A,A,A,A,A,N,A,A,N,A,N,N,A,N,N,A
pwp2,D,D,D,D,D,D,D,D,D,D,D,D,D,D,D,D,D,D,D,D,D,D,D,D,D,D,D,D,D,D,D,D
wdr36,D,D,D,D,D,D,D,D,D,D,D,D,D,D,D,D,D,D,D,D,D,D,D,D,D,D,D,D,D,D,D,D
wdr3,D,D,D,D,D,D,D,D,D,D,D,D,D,D,D,D,D,D,D,D,D,D,D,D,D,D,D,D,D,D,D,D
casK,D,D,D,D,D,D,D,D,D,D,D,D,D,D,D,D,D,D,D,D,D,D,D,D,D,D,D,D,D,D,D,D
58,D,D,D,D,D,D,D,D,D,D,D,D,D,D,D,D,D,D,D,D,D,D,D,D,D,D,D,D,D,D,D,D
csnk2b,A,A,A,N,N,A,N,A,A,N,A,A,A,A,N,A,A,A,N,A,A,N,A,N,A,A,A,A,A,N,N,A
nol6,N,N,N,N,A,N,N,A,N,N,N,N,N,N,N,N,A,N,N,N,N,N,N,A,A,N,N,N,N,N,N,N
61,D,D,D,N,D,D,D,D,D,D,D,D,D,D,N,D,D,D,D,D,N,D,D,D,D,N,D,D,D,D,D,D
eftud1,D,D,D,N,D,D,D,N,D,D,D,D,D,D,D,D,D,D,D,D,D,N,D,D,N,D,D,D,D,D,D,N
63,N,N,N,N,N,N,N,N,N,N,N,N,N,N,N,N,N,N,N,N,N,N,N,N,N,N,N,N,N,N,N,N
rio1,N,N,N,N,N,C,N,N,N,N,C,N,N,N,C,N,N,N,N,N,N,C,N,N,N,N,N,N,N,N,C,N
65,D,D,D,D,D,D,D,D,D,D,D,D,D,D,D,D,D,D,D,D,D,D,D,D,D,D,D,D,D,D,D,D
rio2,N,N,N,N,N,C,N,N,N,N,C,N,N,N,C,N,N,N,N,N,N,C,N,N,N,N,N,N,N,N,C,N
67,N,N,N,N,N,N,N,N,N,N,N,N,N,N,N,N,N,N,N,N,N,N,N,N,N,N,N,N,N,N,N,N
eIF6,N,C,C,N,N,C,C,N,C,C,C,N,C,C,N,C,C,C,C,C,C,C,N,N,C,C,C,C,N,C,C,C
emg1,C,N,C,C,N,N,N,N,C,N,C,N,C,N,N,N,N,C,C,C,C,N,N,N,N,N,C,N,N,C,C,N
sbds,D,N,N,D,N,N,D,N,N,N,N,N,D,D,N,N,N,D,N,N,N,N,N,N,N,D,N,N,N,N,N,N
71,B,B,B,B,B,B,B,B,B,B,B,B,B,B,B,B,B,B,B,B,B,B,B,B,B,B,B,B,B,B,B,B
72,C,N,N,N,N,N,N,N,N,N,C,C,N,N,N,N,N,N,N,N,N,N,N,N,N,N,N,N,C,N,N,N
