pldA,N,N,N,N,N,N,N,N,N,N,N,N,N,N,N,N,N,N,N,N,N,N,N,N,N,N,N,N,N,N,N,N
dgkA,N,N,N,N,N,N,N,N,N,N,N,N,N,N,N,N,N,N,N,N,N,N,N,N,N,N,N,N,N,N,N,N
glpQ,N,N,N,N,N,N,N,N,B,N,B,N,N,N,B,N,N,N,N,N,N,N,N,N,N,B,N,N,N,N,N,B
ugpQ,N,N,N,N,D,N,N,D,D,N,D,N,N,N,D,N,N,N,N,N,N,N,N,N,N,D,N,N,N,N,D,D
pssA,B,N,B,N,N,N,N,N,N,N,B,N,N,N,B,N,N,N,B,N,N,N,B,N,N,B,N,B,N,B,B,N
plsC,N,N,B,N,N,N,B,B,B,N,B,B,N,B,N,N,N,N,N,B,N,N,N,N,N,B,N,N,N,N,B,N
plsX,N,N,N,N,N,N,N,N,N,N,N,N,N,N,N,N,N,N,N,N,N,N,N,N,N,N,N,N,N,N,N,N
plsY,N,N,N,N,N,N,N,N,N,N,N,N,N,N,N,N,N,N,N,N,N,N,N,N,N,N,N,N,N,N,N,N
plsB,N,N,B,N,N,N,B,B,B,N,N,B,N,N,N,N,N,N,N,N,N,N,N,N,N,N,N,N,N,N,B,N
gpsA,B,N,N,N,B,N,B,N,B,N,B,N,N,N,B,B,B,B,N,N,N,B,B,N,N,N,N,B,N,N,B,N
glpA,N,B,B,B,B,N,N,B,N,N,B,B,N,B,B,B,N,B,B,B,N,N,N,N,N,N,N,N,B,N,B,B
glpB,N,N,N,N,N,N,N,N,N,N,N,N,N,N,N,N,N,N,N,N,N,N,N,N,N,N,N,N,N,N,N,N
glpC,N,N,N,N,N,N,N,N,N,N,N,N,N,N,N,N,N,N,N,N,N,N,N,N,N,N,N,N,N,N,N,N
glpD,N,B,B,B,B,N,N,B,B,N,B,B,B,B,B,B,N,B,B,B,N,N,B,N,N,N,N,N,B,N,B,B
eutC,N,N,N,N,N,N,N,N,N,N,N,N,N,N,N,N,N,N,N,N,N,N,N,N,N,N,N,N,N,N,N,N
eutB,N,N,N,N,N,N,N,N,N,N,N,N,N,N,N,N,N,N,N,N,N,N,N,N,N,N,N,N,N,N,N,N
eutA,N,N,N,N,N,N,N,N,N,N,N,N,N,N,N,N,N,N,N,N,N,N,N,N,N,N,N,N,N,N,N,N
pgpA,N,N,N,N,N,N,N,N,N,N,N,N,N,N,N,N,N,N,N,N,N,N,N,N,N,N,N,N,N,N,N,N
pgpB,N,N,N,N,N,N,N,N,N,N,N,N,N,N,N,N,N,N,N,N,N,N,N,N,N,N,N,N,N,N,N,N
pgpC,N,N,N,N,N,N,N,N,N,N,N,N,N,N,N,N,N,N,N,N,N,N,N,N,N,N,N,N,N,N,N,N
pldB,N,N,N,N,N,N,N,N,N,N,N,N,N,N,N,N,N,N,N,N,N,N,N,N,N,N,N,N,N,N,N,N
cdsA,B,N,B,N,N,N,B,B,B,N,B,N,N,N,N,B,N,N,N,N,N,N,N,N,N,N,N,B,N,N,B,N
ynbB,B,N,B,N,N,N,B,B,B,N,B,N,N,N,N,B,N,N,N,N,N,N,N,N,N,N,N,B,N,N,B,N
psd,B,B,B,B,B,B,N,B,B,N,B,N,B,B,N,N,B,B,B,B,B,B,B,B,N,N,B,B,B,B,B,B
aas,D,D,D,D,D,D,N,D,D,N,D,D,D,D,D,D,D,D,D,D,D,N,D,D,D,D,D,D,N,D,D,D
cdh,N,N,N,N,N,N,N,N,N,N,N,N,N,N,N,N,N,N,N,N,N,N,N,N,N,N,N,N,N,N,N,N
pgsA,N,N,N,N,N,N,N,N,N,N,N,N,N,N,N,N,N,N,N,N,N,N,N,N,N,N,N,N,N,N,N,N
clsC,N,N,N,N,N,N,N,N,N,N,N,N,N,N,N,N,N,N,N,N,N,N,N,N,N,N,N,N,N,N,N,N
clsB,D,D,N,N,N,N,N,N,D,N,N,D,D,N,N,N,D,N,N,D,D,N,D,N,N,N,N,D,N,N,D,N
clsA,D,D,N,N,N,N,N,N,D,N,N,D,D,N,N,N,D,N,N,D,D,N,D,N,N,N,N,D,N,N,D,N
