1,N,N,N,N,N,N,N,N,N,N,N,N,N,N,N,N,N,N,N,N,N,N,N,N,N,N,N,N,N,N,N,N
2,N,N,N,N,N,N,N,N,N,N,N,N,N,N,N,N,N,N,N,N,N,N,N,N,N,N,N,N,N,N,N,N
NIA2,D,D,D,D,D,D,D,D,D,N,D,D,D,D,D,D,D,D,D,D,D,D,D,D,D,D,N,D,D,D,D,D
NIA1,D,D,D,D,D,D,D,D,D,N,D,D,D,D,D,D,D,D,D,D,D,D,D,D,D,D,N,D,D,D,D,D
NIR1,N,N,N,N,N,N,N,N,N,N,N,N,N,N,N,N,N,N,N,N,N,N,N,N,N,N,N,N,N,N,N,N
NIT2,N,N,N,N,N,N,N,N,N,N,N,N,N,N,N,N,N,N,N,N,N,N,N,N,N,N,N,N,N,N,N,N
NIT1,N,N,N,N,N,N,N,N,N,N,N,N,N,N,N,N,N,N,N,N,N,N,N,N,N,N,N,N,N,N,N,N
NIT3,N,N,N,N,N,N,N,N,N,N,N,N,N,N,N,N,N,N,N,N,N,N,N,N,N,N,N,N,N,N,N,N
CYN,N,N,N,N,N,N,N,N,A,N,A,N,A,N,N,N,N,A,N,N,N,N,A,N,N,N,N,A,N,N,N,N
ACA5,N,N,A,N,N,N,A,N,A,N,A,N,N,N,A,A,N,N,A,A,N,N,N,N,N,A,N,N,N,N,A,N
ACA7,N,N,A,N,N,N,A,N,A,N,A,N,N,N,A,A,N,N,A,A,N,N,N,N,N,A,N,N,N,N,A,N
BCA3,D,N,N,N,D,N,N,D,N,N,D,D,N,N,D,N,N,N,N,N,N,N,N,D,N,N,N,N,N,N,N,N
BCA6,D,N,N,N,D,N,N,D,N,N,D,D,N,N,D,N,N,N,N,N,N,N,N,D,N,N,N,N,N,N,N,N
BCA4,D,N,N,N,D,N,N,D,N,N,D,D,N,N,D,N,N,N,N,N,N,N,N,D,N,N,N,N,N,N,N,N
ACA2,N,N,A,N,N,N,A,N,A,N,A,N,N,N,A,A,N,N,A,A,N,N,N,N,N,A,N,N,N,N,A,N
CA1,D,N,N,N,D,N,N,D,N,N,D,D,N,N,D,N,N,N,N,N,N,N,N,D,N,N,N,N,N,N,N,N
ACA1,N,N,A,N,N,N,A,N,A,N,A,N,N,N,A,A,N,N,A,A,N,N,N,N,N,A,N,N,N,N,A,N
ACA4,N,N,A,N,N,N,A,N,A,N,A,N,N,N,A,A,N,N,A,A,N,N,N,N,N,A,N,N,N,N,A,N
ACA6,N,N,A,N,N,N,A,N,A,N,A,N,N,N,A,A,N,N,A,A,N,N,N,N,N,A,N,N,N,N,A,N
BCA5,D,N,N,N,D,N,N,D,N,N,D,D,N,N,D,N,N,N,N,N,N,N,N,D,N,N,N,N,N,N,N,N
ACA3,N,N,A,N,N,N,A,N,A,N,A,N,N,N,A,A,N,N,A,A,N,N,N,N,N,A,N,N,N,N,A,N
CA2,D,N,N,N,D,N,N,D,N,N,D,D,N,N,D,N,N,N,N,N,N,N,N,D,N,N,N,N,N,N,N,N
ACA8,D,D,D,D,D,D,D,D,D,N,D,D,D,D,D,D,D,D,D,D,D,D,D,D,D,D,D,D,D,D,D,D
NRT2:1,N,N,N,N,N,N,N,N,N,N,N,N,N,N,N,N,N,N,N,N,N,N,N,N,N,N,N,N,N,N,N,N
NRT2.2,N,N,N,N,N,N,N,N,N,N,N,N,N,N,N,N,N,N,N,N,N,N,N,N,N,N,N,N,N,N,N,N
NRT2.5,N,N,N,N,N,N,N,N,N,N,N,N,N,N,N,N,N,N,N,N,N,N,N,N,N,N,N,N,N,N,N,N
NRT2.6,N,N,N,N,N,N,N,N,N,N,N,N,N,N,N,N,N,N,N,N,N,N,N,N,N,N,N,N,N,N,N,N
NRT2.7,N,N,N,N,N,N,N,N,N,N,N,N,N,N,N,N,N,N,N,N,N,N,N,N,N,N,N,N,N,N,N,N
NRT2.4,N,N,N,N,N,N,N,N,N,N,N,N,N,N,N,N,N,N,N,N,N,N,N,N,N,N,N,N,N,N,N,N
NRT2.3,N,N,N,N,N,N,N,N,N,N,N,N,N,N,N,N,N,N,N,N,N,N,N,N,N,N,N,N,N,N,N,N
GLN1;5,N,N,N,N,N,N,N,N,N,N,N,N,N,N,N,N,N,N,N,N,N,N,N,N,N,N,N,N,N,N,N,N
GLN1.3,N,N,N,N,N,N,N,N,N,N,N,N,N,N,N,N,N,N,N,N,N,N,N,N,N,N,N,N,N,N,N,N
GLN1;4,N,N,N,N,N,N,N,N,N,N,N,N,N,N,N,N,N,N,N,N,N,N,N,N,N,N,N,N,N,N,N,N
GS2,N,N,N,N,N,N,N,N,N,N,N,N,N,N,N,N,N,N,N,N,N,N,N,N,N,N,N,N,N,N,N,N
GSR_1,N,N,N,N,N,N,N,N,N,N,N,N,N,N,N,N,N,N,N,N,N,N,N,N,N,N,N,N,N,N,N,N
GLT1,D,N,N,N,D,N,D,D,N,N,D,N,D,D,D,N,D,D,N,D,D,D,D,D,D,N,N,N,D,N,N,D
GLU2,D,N,N,N,N,N,N,N,N,N,D,N,D,D,D,N,N,N,N,N,N,N,N,N,N,N,N,N,D,N,N,N
GLU1,D,N,N,N,N,N,N,N,N,N,D,N,D,D,D,N,N,N,N,N,N,N,N,N,N,N,N,N,D,N,N,N
GDH3,N,D,N,N,N,N,N,N,D,N,N,N,D,D,N,N,N,D,N,N,N,N,N,D,N,N,N,N,N,N,N,N
GDH2,N,D,N,N,N,N,N,N,D,N,N,N,D,D,N,N,N,D,N,N,N,N,N,D,N,N,N,N,N,N,N,N
GDH1,N,D,N,N,N,N,N,N,D,N,N,N,D,D,N,N,N,D,N,N,N,N,N,D,N,N,N,N,N,N,N,N
42,N,D,N,N,N,N,N,N,D,N,N,N,D,D,N,N,N,D,N,N,N,N,N,D,N,N,N,N,N,N,N,N
