SR,N,D,N,N,N,D,N,D,D,N,D,N,D,N,N,D,D,N,D,N,D,N,N,D,N,N,N,D,N,N,N,N
2,N,N,N,N,N,N,B,B,N,N,B,N,B,B,N,N,B,N,N,N,N,B,N,N,N,B,N,N,N,N,B,B
ALDH7B4,D,D,D,N,D,D,D,D,D,N,D,D,D,D,D,D,D,D,D,D,D,D,D,D,D,D,D,D,D,D,D,N
ALDH10A8,D,D,D,N,D,D,D,D,D,N,D,D,D,D,D,D,D,D,D,D,D,D,D,D,D,D,D,D,D,D,D,N
ALDH10A9,D,D,D,N,D,D,D,D,D,N,D,D,D,D,D,D,D,D,D,D,D,D,D,D,D,D,D,D,D,D,D,N
6,N,N,N,N,N,N,N,N,N,N,N,N,N,N,N,N,N,N,N,N,N,N,N,N,N,N,N,N,N,N,N,N
AGT,D,N,N,D,N,N,D,N,D,N,D,D,N,N,D,N,D,N,D,N,N,D,N,D,D,N,N,N,N,D,D,N
PGDH,D,N,N,N,N,N,D,D,D,N,D,N,D,D,N,N,N,D,D,N,N,D,D,N,N,N,N,N,N,N,D,D
9,D,N,N,N,N,N,D,D,D,N,D,N,D,D,N,N,N,D,D,N,N,D,D,N,N,N,N,N,N,N,D,D
EDA9,D,N,N,N,N,N,D,D,D,N,D,N,D,D,N,N,N,D,D,N,N,D,D,N,N,N,N,N,N,N,D,D
HPR3,D,N,N,N,N,N,D,D,D,N,D,N,D,D,N,N,N,D,D,N,N,D,D,N,N,N,N,N,N,N,D,D
HPR,D,N,N,N,N,N,D,D,D,N,D,N,D,D,N,N,N,D,D,N,N,D,D,N,N,N,N,N,N,N,D,D
13,D,N,N,N,N,N,D,D,D,N,D,N,D,D,N,N,N,D,D,N,N,D,D,N,N,N,N,N,N,N,D,D
AK-HSDH_I,N,N,N,N,N,N,N,N,N,N,N,N,N,N,N,N,N,N,N,N,N,N,N,N,N,N,N,N,N,N,N,N
AK3,N,N,N,N,N,N,N,N,N,N,N,N,N,N,N,N,N,N,N,N,N,N,N,N,N,N,N,N,N,N,N,N
AK-HSDH_II,N,N,N,N,N,N,N,N,N,N,N,N,N,N,N,N,N,N,N,N,N,N,N,N,N,N,N,N,N,N,N,N
AK-LYS1,N,N,N,N,N,N,N,N,N,N,N,N,N,N,N,N,N,N,N,N,N,N,N,N,N,N,N,N,N,N,N,N
CARAB-AK-LYS,N,N,N,N,N,N,N,N,N,N,N,N,N,N,N,N,N,N,N,N,N,N,N,N,N,N,N,N,N,N,N,N
19,D,N,N,N,N,N,D,N,D,N,D,N,N,N,D,N,D,N,N,N,N,D,N,D,D,N,N,N,N,N,N,N
PSAT,D,N,N,N,N,N,D,N,D,N,D,N,N,N,D,N,D,N,N,N,N,D,N,D,D,N,N,N,N,N,N,N
21,N,N,N,N,N,N,N,N,N,N,N,N,N,N,N,N,N,N,N,N,N,N,N,N,N,N,N,N,N,N,N,N
PSP,N,N,D,N,N,N,N,N,N,N,D,N,N,D,N,N,N,N,N,N,N,N,N,D,N,D,N,N,N,N,N,N
SHM6,D,D,D,N,D,D,D,D,D,N,D,D,D,D,D,D,D,D,D,D,D,D,D,D,D,D,D,D,D,D,D,D
SHM7,D,D,D,N,D,D,D,D,D,N,D,D,D,D,D,D,D,D,D,D,D,D,D,D,D,D,D,D,D,D,D,D
EDA36,D,D,D,N,D,D,D,D,D,N,D,D,D,D,D,D,D,D,D,D,D,D,D,D,D,D,D,D,D,D,D,D
SHM4,D,D,D,N,D,D,D,D,D,N,D,D,D,D,D,D,D,D,D,D,D,D,D,D,D,D,D,D,D,D,D,D
SHM3,D,D,D,N,D,D,D,D,D,N,D,D,D,D,D,D,D,D,D,D,D,D,D,D,D,D,D,D,D,D,D,D
SHM1,D,D,D,N,D,D,D,D,D,N,D,D,D,D,D,D,D,D,D,D,D,D,D,D,D,D,D,D,D,D,D,D
SHM2,D,D,D,N,D,D,D,D,D,N,D,D,D,D,D,D,D,D,D,D,D,D,D,D,D,D,D,D,D,D,D,D
OMR1,N,D,N,N,N,D,N,D,D,N,D,N,D,N,N,D,D,N,D,N,D,N,N,D,N,N,N,D,N,N,N,N
THA1,N,N,N,N,D,N,N,N,D,N,N,N,N,N,N,N,N,D,N,D,N,N,N,N,N,D,N,D,N,N,N,N
THA2,N,N,N,N,D,N,N,N,D,N,N,N,N,N,N,N,N,D,N,D,N,N,N,N,N,D,N,D,N,N,N,N
33,N,N,N,N,N,N,N,N,N,N,N,N,N,N,N,N,N,N,N,N,N,N,N,N,N,N,N,N,N,N,N,N
MTO2,N,N,N,N,N,N,N,N,N,N,N,N,N,N,N,N,N,N,N,N,N,N,N,N,N,N,N,N,N,N,N,N
GGT1,D,N,N,N,N,D,N,N,D,N,N,D,D,N,N,N,N,N,N,D,N,N,N,D,N,N,N,D,N,N,D,D
AOAT2,D,N,N,N,N,D,N,N,D,N,N,D,D,N,N,N,N,N,N,D,N,N,N,D,N,N,N,D,N,N,D,D
37,N,N,N,N,N,N,N,N,N,N,N,N,N,N,N,N,N,N,N,N,N,N,N,N,N,N,N,N,N,N,N,N
HSK,N,N,N,N,N,N,N,N,N,N,N,N,N,N,N,N,N,N,N,N,N,N,N,N,N,N,N,N,N,N,N,N
GLDP2,N,D,N,N,D,N,N,N,D,N,N,N,N,N,N,N,N,D,N,D,N,N,N,N,N,D,N,D,N,N,N,D
GLDP1,N,D,N,N,D,N,N,N,D,N,N,N,N,N,N,N,N,D,N,D,N,N,N,N,N,D,N,D,N,N,N,D
41,N,N,N,N,N,N,N,N,B,N,B,N,N,N,B,N,N,N,N,B,N,N,N,N,N,N,N,B,N,N,N,N
42,N,N,N,N,N,N,N,N,B,N,B,N,N,N,B,N,N,N,N,B,N,N,N,N,N,N,N,B,N,N,N,N
43,N,N,N,N,N,N,N,N,B,N,B,N,N,N,B,N,N,N,N,B,N,N,N,N,N,N,N,B,N,N,N,N
CuAO1,N,N,N,N,N,N,N,N,B,N,B,N,N,N,B,N,N,N,N,B,N,N,N,N,N,N,N,B,N,N,N,N
45,N,N,N,N,N,N,N,N,B,N,B,N,N,N,B,N,N,N,N,B,N,N,N,N,N,N,N,B,N,N,N,N
46,N,N,N,N,N,N,N,N,B,N,B,N,N,N,B,N,N,N,N,B,N,N,N,N,N,N,N,B,N,N,N,N
47,N,N,N,N,N,N,N,N,B,N,B,N,N,N,B,N,N,N,N,B,N,N,N,N,N,N,N,B,N,N,N,N
AO1,N,N,N,N,N,N,N,N,B,N,B,N,N,N,B,N,N,N,N,B,N,N,N,N,N,N,N,B,N,N,N,N
49,N,N,D,N,D,N,N,N,N,N,N,N,N,N,N,N,N,N,N,D,N,N,N,D,N,N,N,N,N,N,N,N
mtLPD1,B,N,N,N,N,N,N,N,N,N,B,N,N,B,N,N,N,N,N,N,N,B,N,N,B,N,N,N,N,N,N,N
LPD1,B,N,N,N,N,N,N,N,N,N,B,N,N,B,N,N,N,N,N,N,N,B,N,N,B,N,N,N,N,N,N,N
mtLPD2,B,N,N,N,N,N,N,N,N,N,B,N,N,B,N,N,N,N,N,N,N,B,N,N,B,N,N,N,N,N,N,N
53,B,N,N,N,N,N,N,N,N,N,B,N,N,B,N,N,N,N,N,N,N,B,N,N,B,N,N,N,N,N,N,N
TSA1,N,N,N,N,N,N,N,N,N,N,N,N,N,N,N,N,N,N,N,N,N,N,N,N,N,N,N,N,N,N,N,N
55,N,N,N,N,N,N,N,N,N,N,N,N,N,N,N,N,N,N,N,N,N,N,N,N,N,N,N,N,N,N,N,N
TSB2,N,N,N,N,N,D,N,D,N,N,D,N,D,N,N,N,N,N,D,N,N,N,N,D,N,N,N,N,N,N,N,N
57,N,N,N,N,N,D,N,D,N,N,D,N,D,N,N,N,N,N,D,N,N,N,N,D,N,N,N,N,N,N,N,N
TSBtype2,N,N,N,N,N,D,N,D,N,N,D,N,D,N,N,N,N,N,D,N,N,N,N,D,N,N,N,N,N,N,N,N
TSB1,N,N,N,N,N,D,N,D,N,N,D,N,D,N,N,N,N,N,D,N,N,N,N,D,N,N,N,N,N,N,N,N
AGT3,D,D,D,N,N,D,N,D,D,N,D,D,D,D,D,D,D,D,D,D,D,D,D,D,N,D,D,D,D,D,D,D
PYD4,D,D,D,N,N,D,N,D,D,N,D,D,D,D,D,D,D,D,D,D,D,D,D,D,N,D,D,D,D,D,D,D
AGT2,D,D,D,N,N,D,N,D,D,N,D,D,D,D,D,D,D,D,D,D,D,D,D,D,N,D,D,D,D,D,D,D
63,D,D,D,N,N,D,N,D,D,N,D,N,N,D,N,N,N,D,N,N,D,N,D,D,N,N,N,N,N,N,D,N
PGM,D,D,D,N,N,D,N,D,D,N,D,N,N,D,N,N,N,D,N,N,D,N,D,D,N,N,N,N,N,N,D,N
iPGAM1,N,N,N,B,N,N,B,B,B,N,B,N,N,N,N,N,B,N,N,N,N,N,N,N,N,N,N,N,N,N,N,N
iPGAM2,N,N,N,B,N,N,B,B,B,N,B,N,N,N,N,N,B,N,N,N,N,N,N,N,N,N,N,N,N,N,N,N
67,D,D,D,D,D,D,D,D,D,N,D,D,N,D,D,D,D,D,N,D,D,D,D,D,D,N,D,N,D,N,D,D
68,N,D,D,N,D,N,D,D,N,N,N,D,N,D,N,N,N,D,N,N,D,D,N,N,N,N,N,N,N,N,D,N
69,N,D,D,N,D,N,D,D,N,N,N,D,N,D,N,N,N,D,N,N,D,D,N,N,N,N,N,N,N,N,D,N
GDCH,N,D,D,N,D,N,D,D,N,N,N,D,N,D,N,N,N,D,N,N,D,D,N,N,N,N,N,N,N,N,D,N
