CRT7;SDS12;RIR1;RNR1,D,N,D,N,N,D,D,D,D,N,D,N,D,D,N,D,D,D,D,D,D,D,D,D,N,D,N,D,D,N,D,N
CRT3;RNR4;PSO3,N,N,A,N,N,A,N,N,N,N,N,N,N,N,N,N,A,N,N,A,A,N,N,N,A,N,N,A,N,N,A,N
RIR3;RNR3;DIN1,D,N,D,N,N,D,D,D,D,N,D,N,D,D,N,D,D,D,D,D,D,D,D,D,N,D,N,D,D,N,D,N
CRT6;RNR2,N,N,A,N,N,A,N,N,N,N,N,N,N,N,N,N,A,N,N,A,A,N,N,N,A,N,N,A,N,N,A,N
URA2,N,D,N,D,N,D,D,N,N,N,N,D,N,D,N,D,D,D,D,D,N,D,D,D,D,N,D,D,N,D,N,N
CPA2,N,D,N,N,N,D,D,N,N,N,N,D,N,D,N,D,D,D,D,D,N,D,N,D,D,N,D,D,N,D,N,N
CPA1,N,D,N,N,N,D,D,N,N,N,N,D,N,D,N,D,D,D,D,D,N,D,N,D,D,N,D,D,N,D,N,N
URA4,N,N,N,N,N,D,N,N,N,N,D,N,N,N,N,N,N,D,N,N,N,N,N,N,N,N,N,D,N,N,N,N
URA1,N,N,N,N,N,N,N,N,N,N,N,N,N,N,N,N,N,N,N,N,N,N,N,N,N,N,N,N,N,N,N,N
PYR5;URA5,D,N,N,N,D,N,N,N,N,N,D,N,N,N,D,N,N,N,N,N,N,N,N,N,N,N,N,N,N,D,N,N
URA10,D,N,N,N,D,N,N,N,N,N,D,N,N,N,D,N,N,N,N,N,N,N,N,N,N,N,N,N,N,D,N,N
RPB5,D,D,D,N,N,N,N,D,D,N,N,N,N,N,N,D,D,D,D,D,N,D,N,D,N,N,N,N,D,D,D,N
RPO21;SUA8;RPB1;RPB220,D,D,D,N,D,D,D,D,D,D,D,D,D,D,D,D,D,D,D,D,D,D,D,D,D,D,D,D,D,D,D,D
RPC4;RPC53,A,N,A,N,N,N,N,A,A,N,A,A,N,A,N,N,A,N,A,N,N,N,N,A,A,N,A,A,N,A,N,A
RPC11,D,D,D,D,N,N,N,D,D,N,D,D,D,N,N,D,D,N,N,D,D,D,N,D,D,D,D,D,N,D,D,D
RPA14,N,N,N,N,N,N,N,N,N,N,N,N,N,N,N,N,N,N,N,N,N,N,N,N,N,N,N,N,N,N,N,N
RPB7,N,D,N,N,N,N,N,D,N,N,N,N,N,N,N,N,N,D,N,N,N,N,N,N,N,N,N,D,N,N,D,N
SSU73;RPB9,N,D,D,D,N,N,N,D,D,N,N,D,D,N,N,D,D,N,N,D,D,D,N,D,N,N,D,D,N,D,D,D
RPC10;RPB12,N,B,N,N,N,N,N,B,N,B,B,N,B,B,N,B,N,N,N,N,N,N,N,B,N,N,N,N,N,N,N,N
RPB3,N,D,D,D,D,N,N,N,D,D,D,D,D,D,D,D,D,D,D,D,D,N,N,D,D,D,D,D,N,N,D,D
RPB4;CTF15,N,A,A,N,N,N,A,N,N,N,N,N,N,N,N,N,A,N,N,N,N,N,N,N,N,N,N,N,N,N,A,N
RPA34;CST21,N,N,N,N,N,N,N,N,N,N,N,N,N,N,N,N,N,N,N,N,N,N,N,N,N,N,N,N,N,N,N,N
RRN4;RPA12,N,D,D,D,N,N,N,D,D,N,N,D,D,N,N,D,D,N,N,D,D,D,N,D,N,N,D,D,N,D,D,D
YKL1;RPC25,N,D,N,N,N,N,N,D,N,N,N,N,N,N,N,N,N,D,N,N,N,N,N,N,N,N,N,D,N,N,D,N
RPC37,N,A,A,A,N,N,N,A,N,N,N,N,N,N,N,N,N,N,N,N,N,N,N,N,A,N,N,N,N,N,N,N
RPC19,D,N,N,D,D,N,D,D,D,D,D,D,D,D,D,D,N,D,N,D,D,D,N,N,N,N,N,D,N,D,D,N
RPC8;ACP2;RPC31,N,N,N,N,N,N,N,N,N,N,N,N,N,N,N,N,N,N,N,N,N,N,N,N,N,N,N,N,N,N,N,N
RPA49,N,N,N,N,N,N,N,N,N,N,N,N,N,N,N,N,N,N,N,N,N,N,N,N,N,N,N,N,N,N,N,N
RPC34,A,A,A,N,A,A,A,N,A,N,A,A,N,A,N,A,A,A,A,A,A,A,A,N,N,A,A,A,A,A,A,N
RPB11,D,N,N,D,D,N,D,D,D,D,D,D,D,D,D,D,N,D,N,D,D,D,N,N,N,N,N,D,N,D,D,N
RPC160;RPO31;RPC1,D,D,D,N,N,N,D,N,D,D,D,N,D,D,D,N,D,D,N,D,N,D,D,D,D,D,N,D,D,D,D,N
RPO22;RPB2;RPB150;SIT2;SOH2,N,N,N,N,N,D,D,D,D,N,D,N,N,N,D,D,D,D,N,D,D,N,D,N,D,D,D,D,D,D,D,N
PDS2;RPC2;RET1;RPC128,N,N,N,N,N,D,D,D,D,N,D,N,N,N,D,D,D,D,N,D,D,N,D,N,D,D,D,D,D,D,D,N
RPB10,N,D,N,N,D,D,D,N,D,D,D,D,D,D,N,D,D,D,D,D,D,N,N,N,D,D,D,D,D,D,D,D
RPB8,A,A,N,A,A,A,N,A,A,N,N,N,N,A,A,A,A,A,A,A,A,N,A,A,N,A,A,N,N,A,N,N
RPA43,C,C,N,C,N,N,N,N,N,N,C,C,N,N,C,N,C,N,C,N,C,C,C,C,C,N,N,C,C,C,C,C
RPA190;RRN1,D,D,D,N,N,N,D,N,D,D,D,N,D,D,D,N,D,D,N,D,N,D,D,D,D,D,N,D,D,D,D,N
SRP3;RPA2;RRN2;RPA135,N,N,N,N,N,D,D,D,D,N,D,N,N,N,D,D,D,D,N,D,D,N,D,N,D,D,D,D,D,D,D,N
RPC40;RPC5,N,D,D,D,D,N,N,N,D,D,D,D,D,D,D,D,D,D,D,D,D,N,N,D,D,D,D,D,N,N,D,D
RPO26;RPB6,D,D,N,N,D,D,D,D,D,D,N,D,D,N,N,D,D,D,D,D,N,N,D,D,D,D,N,N,N,N,D,N
RPC80;RPC3;RPC82,N,N,A,N,N,N,N,A,N,A,N,N,N,N,N,N,N,A,N,N,N,A,N,A,N,N,N,N,A,A,N,N
NDK1;YNK1,D,N,N,D,D,D,D,N,D,N,D,D,N,D,D,D,N,N,D,N,D,D,D,N,D,D,N,N,N,N,D,N
URA6;SOC8,D,N,D,D,D,D,N,D,D,N,D,D,N,D,D,N,D,D,D,N,N,D,D,D,D,N,D,D,D,N,D,D
URA7,D,D,D,D,N,D,D,D,D,N,D,N,D,D,N,D,N,D,N,D,D,D,N,D,D,N,D,D,D,D,N,D
URA8,D,D,D,D,N,D,D,D,D,N,D,N,D,D,N,D,N,D,N,D,D,D,N,D,D,N,D,D,D,D,N,D
YND1;APY1;YEJ5,N,N,A,N,N,N,N,N,A,N,N,N,N,N,N,N,A,N,N,N,N,N,N,N,N,A,N,N,N,N,A,N
FUR1,N,N,N,B,B,B,N,B,N,N,N,B,N,N,N,N,N,B,N,N,B,N,N,N,B,N,N,N,N,B,B,B
URK1,N,N,N,B,B,B,B,B,B,N,N,B,N,B,N,N,N,B,N,B,B,N,N,B,B,N,N,N,N,B,B,B
URH1,D,D,D,N,N,N,N,N,D,N,D,N,N,N,D,N,N,N,D,N,N,N,D,D,N,N,N,N,N,N,N,N
CDD1,N,D,N,N,N,D,N,N,D,N,N,N,D,N,N,D,N,N,N,N,N,N,N,N,N,N,D,N,N,D,N,N
FCY1,N,N,A,N,N,N,N,N,A,N,N,N,N,A,N,N,N,N,N,N,N,N,N,N,N,N,N,N,N,N,A,N
POL12,A,A,N,N,N,A,N,N,N,N,A,N,N,N,N,N,A,N,A,N,N,N,N,N,A,A,N,N,N,N,N,N
DPB3,A,N,N,A,N,A,N,A,N,N,N,N,N,N,N,N,N,A,N,N,N,N,N,N,A,N,A,N,N,N,A,N
HPR6;CDC2;TEX1;POL3,D,D,D,D,D,D,D,D,D,N,D,D,D,D,D,D,D,D,D,D,D,D,D,D,D,D,D,D,D,D,D,D
DPB4,N,C,N,N,N,N,N,N,C,N,C,C,C,N,C,N,N,C,N,C,N,N,N,C,C,C,N,N,C,C,N,C
PRI1,N,D,N,N,D,D,N,D,N,N,D,N,D,N,N,D,N,N,D,D,N,D,D,N,N,D,N,N,D,N,D,N
DLS1,A,N,N,A,N,A,N,A,N,N,N,N,N,N,N,N,N,A,N,N,N,N,N,N,A,N,A,N,N,N,A,N
SDP5;HYS2;HUS2;POL31,N,N,N,N,A,N,N,A,N,N,A,N,N,A,N,A,N,A,A,N,N,N,A,N,N,A,A,A,N,A,A,N
POL32;REV5,N,N,N,N,N,N,N,N,N,N,N,N,N,N,N,N,N,N,N,N,N,N,N,N,N,N,N,N,N,N,N,N
PRI2,N,N,A,N,N,N,N,A,A,N,N,N,N,N,A,N,N,A,N,A,N,A,A,N,N,A,N,N,N,N,N,N
CRT5;HPR3;CDC17;POL1,D,D,D,D,D,D,D,D,D,N,D,D,D,D,D,D,D,D,D,D,D,D,D,D,D,D,D,D,D,D,D,D
POL2;DUN2,N,N,N,N,N,N,N,N,N,N,N,N,N,N,N,N,N,N,N,N,N,N,N,N,N,N,N,N,N,N,N,N
DPB2,A,A,A,N,A,N,A,A,N,N,A,A,A,A,A,A,A,N,N,N,A,A,N,A,A,A,A,N,A,A,N,A
DCD1,N,N,N,N,N,N,N,N,N,N,N,N,N,N,N,N,N,N,N,N,N,N,N,N,N,N,N,N,N,N,N,N
CDC8,N,N,N,N,N,N,N,N,N,N,N,N,N,N,N,N,N,N,N,N,N,N,N,N,N,N,N,N,N,N,N,N
PNP1,N,N,N,N,N,N,N,N,N,N,N,N,N,N,N,N,N,N,N,N,N,N,N,N,N,N,N,N,N,N,N,N
CRT9;TMP1;CDC21,B,N,N,N,N,N,B,N,N,N,N,N,N,N,N,B,N,N,N,N,N,N,N,N,N,N,N,N,N,N,N,B
URA3,N,N,N,N,N,N,N,N,N,N,N,N,N,N,N,N,N,N,N,N,N,N,N,N,N,N,N,N,N,N,N,N
69,D,D,D,D,D,D,D,D,D,N,D,D,D,D,D,D,D,D,D,D,D,D,D,D,D,D,D,D,D,D,D,D
DUT1,N,N,A,N,N,A,N,A,A,N,N,N,N,A,N,A,N,A,N,N,N,N,N,A,A,N,N,N,N,N,A,A
