NCSTN;ATAG1874,N,N,A,N,N,N,N,N,A,N,N,A,N,A,N,N,N,N,N,N,N,N,N,A,N,N,N,N,A,N,A,N
APH-1A;6530402N02Rik;APH-1;APH1A;CGI-78,N,A,A,N,N,N,N,N,A,N,N,A,N,N,N,N,N,N,A,N,N,N,N,A,N,A,N,N,N,N,A,A
TAAV688;PSFL;APH1B;APH-1B;PRO1328,N,A,A,N,N,N,N,N,A,N,N,A,N,N,N,N,N,N,A,N,N,N,N,A,N,A,N,N,N,N,A,A
PSEN1;FAD;AD3;PS1;PS-1;S182,A,A,N,N,A,N,A,N,A,N,N,A,A,N,N,N,N,N,N,A,N,N,N,A,N,A,N,N,N,A,A,N
PSEN2;STM2;AD4;CMD1V;AD3L;PS2,A,A,N,N,A,N,A,N,A,N,N,A,A,N,N,N,N,N,N,A,N,N,N,A,N,A,N,N,N,A,A,N
RPD3;HDAC1;RPD3L1;HD1;GON-10,D,D,D,N,D,D,D,D,D,D,D,D,D,D,D,D,D,D,D,D,D,D,D,D,D,D,D,D,D,D,D,N
YAF1;RPD3;HD2;HDAC2,D,D,D,N,D,D,D,D,D,D,D,D,D,D,D,D,D,D,D,D,D,D,D,D,D,D,D,D,D,D,D,N
CIR1;CIR,B,N,B,N,B,N,N,N,N,N,N,B,N,B,B,B,N,N,N,N,B,B,B,N,N,N,B,B,N,N,B,N
CTBP1;BARS,D,N,N,N,N,N,D,D,D,N,D,N,D,D,N,N,N,D,D,N,N,D,D,N,N,N,N,N,N,N,D,D
CTBP2,D,N,N,N,N,N,D,D,D,N,D,N,D,D,N,N,N,D,D,N,N,D,D,N,N,N,N,N,N,N,D,D
N-CoR2;TRAC1;TRAC;SMRTE-tau;NCOR2;TNRC14;SMAP270;SMRT;SMRTE;TRAC-1;CTG26,N,N,A,N,N,N,N,N,A,N,N,N,N,N,A,N,N,N,N,N,N,N,N,N,N,N,N,N,A,N,N,N
PT-ALPHA;PTCRA;PTA,N,N,N,N,N,N,N,N,N,N,N,N,N,N,N,N,N,N,N,N,N,N,N,N,N,N,N,N,N,N,N,N
HES-1;HHL;HRY;bHLHb39;HES1,N,N,N,N,N,N,N,N,N,N,N,N,N,N,N,N,N,N,N,N,N,N,N,N,N,N,N,N,N,N,N,N
HES5;bHLHb38,N,N,N,N,N,N,N,N,N,N,N,N,N,N,N,N,N,N,N,N,N,N,N,N,N,N,N,N,N,N,N,N
RBPL;RBPJL;SUHL;RBPSUHL,N,N,N,N,N,N,N,N,N,N,N,N,N,N,N,N,N,N,N,N,N,N,N,N,N,N,N,N,N,N,N,N
IGKJRB1;RBP-J;AOS3;csl;IGKJRB;SUH;RBPSUH;CBF1;RBPJ;RBPJK;KBF2,N,N,N,N,N,N,N,N,N,N,N,N,N,N,N,N,N,N,N,N,N,N,N,N,N,N,N,N,N,N,N,N
PRPF45;SKIP;FUN20;Prp45;SKIIP;NCOA-62;SKIP1;Bx42;SNW1,A,N,A,N,N,N,A,A,A,N,A,A,A,A,N,A,A,A,A,A,A,A,N,A,A,A,A,A,A,A,A,A
CREBBP;RSTS1;RSTS;KAT3A;CBP,D,D,D,D,D,D,D,D,D,N,D,D,D,D,D,D,D,D,D,D,D,D,D,D,D,D,D,D,D,D,D,D
EP300;KAT3B;RSTS2;p300,D,D,D,D,D,D,D,D,D,N,D,D,D,D,D,D,D,D,D,D,D,D,D,D,D,D,D,D,D,D,D,D
KAT2A;GCN5L2;hGCN5;PCAF-b;GCN5,D,D,D,D,D,D,D,D,D,N,D,D,D,D,D,D,D,D,D,D,D,D,D,D,D,D,D,D,D,D,D,D
KAT2B;P/CAF;PCAF;CAF,D,D,D,D,D,D,D,D,D,N,D,D,D,D,D,D,D,D,D,D,D,D,D,D,D,D,D,D,D,D,D,D
TNRC3;ERDA3;MAML3;CAGH3;MAM2;MAM-2;GDN,N,N,N,N,N,N,N,N,N,N,N,N,N,N,N,N,N,N,N,N,N,N,N,N,N,N,N,N,N,N,N,N
MAM3;MAM-3;MLL-MAML2;MAM2;MAML2,N,N,N,N,N,N,N,N,N,N,N,N,N,N,N,N,N,N,N,N,N,N,N,N,N,N,N,N,N,N,N,N
MAML1;Mam1;Mam-1,N,N,N,N,N,N,N,N,N,N,N,N,N,N,N,N,N,N,N,N,N,N,N,N,N,N,N,N,N,N,N,N
TACE;ADAM17;CD156B;NISBD;ADAM18;CSVP;NISBD1,N,N,N,N,N,N,N,N,N,N,N,N,N,N,N,N,N,N,N,N,N,N,N,N,N,N,N,N,N,N,N,N
PEN-2;MSTP064;PEN2;MDS033;PSENEN,N,N,N,N,N,N,N,N,N,N,N,N,N,N,N,N,N,N,N,N,N,N,N,N,N,N,N,N,N,N,N,N
DTX2;RNF58,N,N,N,N,N,N,N,N,N,N,N,N,N,N,N,N,N,N,N,N,N,N,N,N,N,N,N,N,N,N,N,N
BBAP;DTX3L,N,N,N,N,N,N,N,N,N,N,N,N,N,N,N,N,N,N,N,N,N,N,N,N,N,N,N,N,N,N,N,N
hDx-1;DTX1,N,N,N,N,N,N,N,N,N,N,N,N,N,N,N,N,N,N,N,N,N,N,N,N,N,N,N,N,N,N,N,N
RNF154;DTX3;deltex3,A,N,N,N,A,N,N,N,A,N,N,N,N,A,N,N,A,N,N,N,A,N,N,N,N,A,N,N,N,N,N,N
DTX4;RNF155,N,N,N,N,N,N,N,N,N,N,N,N,N,N,N,N,N,N,N,N,N,N,N,N,N,N,N,N,N,N,N,N
c14_5527;NUMB;C14orf41;S171,D,D,D,D,D,D,D,D,D,N,D,D,D,D,D,D,D,D,D,D,D,D,D,D,D,D,D,D,D,D,D,D
NUMBLIKE;NUMBL;NBL;CAG3A;NUMBR;TNRC23;CTG3a;NUMB-R,D,D,D,D,D,D,D,D,D,N,D,D,D,D,D,D,D,D,D,D,D,D,D,D,D,D,D,D,D,D,D,D
AWS;JAG1;AGS1;HJ1;JAGL1;CD339;AGS;AHD,D,D,D,D,D,D,D,D,D,N,D,D,D,D,D,D,D,D,D,D,D,D,D,D,D,D,D,D,D,D,D,D
SER2;HJ2;JAG2,D,D,D,D,D,D,D,D,D,N,D,D,D,D,D,D,D,D,D,D,D,D,D,D,D,D,D,D,D,D,D,D
TAN1;AOVD1;NOTCH1;AOS5;hN1,D,D,D,D,D,D,D,D,D,N,D,D,D,D,D,D,D,D,D,D,D,D,D,D,D,D,D,D,D,D,D,D
HJCYS;NOTCH2;hN2;AGS2,D,D,D,D,D,D,D,D,D,N,D,D,D,D,D,D,D,D,D,D,D,D,D,D,D,D,D,D,D,D,D,D
IMF2;NOTCH3;CADASIL;CASIL;CADASIL1;LMNS,D,D,D,D,D,D,D,D,D,N,D,D,D,D,D,D,D,D,D,D,D,D,D,D,D,D,D,D,D,D,D,D
INT3;NOTCH4,D,D,D,D,D,D,D,D,D,N,D,D,D,D,D,D,D,D,D,D,D,D,D,D,D,D,D,D,D,D,D,D
DVL1P1;DVL1L1;DRS2;DVL;DVL1,B,B,B,N,N,N,B,B,N,N,B,N,N,N,N,B,B,B,N,N,B,B,N,N,N,B,N,N,N,B,B,B
DVL2,B,B,B,N,N,N,B,B,N,N,B,N,B,B,B,B,B,B,N,N,B,B,B,N,N,B,N,N,N,B,B,B
DRS3;DVL3,B,B,B,N,N,N,B,B,N,N,B,N,B,B,B,B,B,B,N,N,B,B,B,N,N,B,N,N,N,B,B,B
LFNG;SCDO3,N,N,N,N,N,N,N,N,N,N,N,N,N,N,N,N,N,N,N,N,N,N,N,N,N,N,N,N,N,N,N,N
MFNG,N,N,N,N,N,N,N,N,N,N,N,N,N,N,N,N,N,N,N,N,N,N,N,N,N,N,N,N,N,N,N,N
RFNG,N,N,N,N,N,N,N,N,N,N,N,N,N,N,N,N,N,N,N,N,N,N,N,N,N,N,N,N,N,N,N,N
SCDO1;DLL3,D,D,D,D,D,D,D,D,D,N,D,D,D,D,D,D,D,D,D,D,D,D,D,D,D,D,D,D,D,D,D,D
DL1;DLL1;DELTA1;Delta,D,D,D,D,D,D,D,D,D,N,D,D,D,D,D,D,D,D,D,D,D,D,D,D,D,D,D,D,D,D,D,D
AOS6;hdelta2;DLL4,D,D,D,D,D,D,D,D,D,N,D,D,D,D,D,D,D,D,D,D,D,D,D,D,D,D,D,D,D,D,D,D
