CAR1;LPH15,D,N,N,N,N,N,N,N,N,N,D,D,D,N,N,N,D,N,N,N,D,N,N,D,N,N,N,N,N,N,N,N
AMD2,N,N,D,N,D,N,D,D,D,N,D,N,D,D,N,N,D,N,N,N,D,N,D,N,N,N,N,N,N,D,D,N
ALD5,D,D,D,N,D,D,D,D,D,N,D,D,D,D,D,D,D,D,D,D,D,D,D,D,D,D,D,D,D,D,D,N
HFD1,D,D,D,N,D,D,D,D,D,N,D,D,D,D,D,D,D,D,D,D,D,D,D,D,D,D,D,D,D,D,D,N
ALD4;ALD7,D,D,D,N,D,D,D,D,D,N,D,D,D,D,D,D,D,D,D,D,D,D,D,D,D,D,D,D,D,D,D,N
ALD6;ALD1,D,D,D,N,D,D,D,D,D,N,D,D,D,D,D,D,D,D,D,D,D,D,D,D,D,D,D,D,D,D,D,N
SPE3,D,N,D,N,N,N,N,D,D,N,D,D,N,N,N,N,N,D,N,D,N,N,N,N,D,D,D,N,N,N,D,N
SPE2,N,B,B,N,B,B,N,N,B,N,B,N,N,B,N,N,B,B,N,N,N,N,N,B,B,B,N,N,N,B,B,B
SPE4,D,N,D,N,N,N,N,D,D,N,D,D,N,N,N,N,N,D,N,D,N,N,N,N,D,D,D,N,N,N,D,N
FCY1,N,N,A,N,N,N,N,N,A,N,N,N,N,A,N,N,N,N,N,N,N,N,N,N,N,N,N,N,N,N,A,N
FMS1,N,N,N,N,N,N,N,N,B,N,B,N,N,B,N,N,N,N,N,N,N,N,B,N,N,N,N,B,N,N,N,N
CAR2,D,D,D,N,N,D,N,D,D,N,D,D,D,D,D,D,D,D,D,D,D,D,D,D,N,D,D,D,D,D,D,D
ORE2;PRO3,N,N,N,N,N,N,B,N,N,N,B,N,N,N,N,B,N,N,N,N,B,N,B,B,N,N,B,N,N,N,B,N
PUT2,D,D,D,N,D,D,D,D,D,N,D,D,D,D,D,D,D,D,D,D,D,D,D,D,D,D,D,N,N,D,D,N
PRO1,N,N,N,N,D,N,N,D,N,N,D,N,D,D,N,N,D,N,D,N,N,N,N,N,D,N,N,N,N,N,N,N
16,N,N,N,N,D,N,N,D,N,N,D,N,D,D,N,N,D,N,D,N,N,N,N,N,D,N,N,N,N,N,N,N
PRO2,N,N,D,N,D,D,D,D,N,N,D,N,D,D,D,D,D,N,D,N,N,N,D,D,D,N,N,N,N,N,D,N
PUT1,N,B,B,N,N,N,B,N,B,N,B,N,N,B,N,N,N,B,N,N,N,N,N,B,N,N,N,N,N,N,B,N
AAT1,N,N,D,D,N,N,D,D,N,N,D,N,D,N,N,D,D,N,N,D,D,N,N,N,D,D,N,N,N,N,D,N
AAT2;ASP5,N,N,D,D,N,N,D,D,N,N,D,N,D,N,N,D,D,N,N,D,D,N,N,N,D,D,N,N,N,N,D,N
SPE10;ORD1;SPE1,N,N,N,N,N,N,N,N,N,N,N,N,N,N,N,N,N,N,N,N,N,N,N,N,N,N,N,N,N,N,N,N
