GSD12;ALDA;ALDOA;HEL-S-87p,N,B,B,B,B,N,B,B,B,N,B,N,B,B,B,B,B,B,B,B,B,B,B,B,N,B,N,N,B,B,B,B
ALDOB;ALDB;ALDO2,N,B,B,B,B,N,B,B,B,N,B,N,B,B,B,B,B,B,B,B,B,B,B,B,N,B,N,N,B,B,B,B
ALDOC;ALDC,N,B,B,B,B,N,B,B,B,N,B,N,B,B,B,B,B,B,B,B,B,B,B,B,N,B,N,N,B,B,B,B
ALDH-E2;ALDM;ALDH2;ALDHI,D,D,D,N,D,D,D,D,D,N,D,D,D,D,D,D,D,D,D,D,D,D,D,D,D,D,D,D,D,D,D,N
ALDH1B1;ALDHX;ALDH5,D,D,D,N,D,D,D,D,D,N,D,D,D,D,D,D,D,D,D,D,D,D,D,D,D,D,D,D,D,D,D,N
E3;ALDH7;TMABADH;ALDH4;ALDH9;ALDH9A1,D,D,D,N,D,D,D,D,D,N,D,D,D,D,D,D,D,D,D,D,D,D,D,D,D,D,D,D,D,D,D,N
ALDH10;FALDH;ALDH3A2;SLS,D,D,D,N,D,D,D,D,D,N,D,D,D,D,D,D,D,D,D,D,D,D,D,D,D,D,D,D,D,D,D,N
ATQ1;ALDH7A1;PDE;EPD,D,D,D,N,D,D,D,D,D,N,D,D,D,D,D,D,D,D,D,D,D,D,D,D,D,D,D,D,D,D,D,N
ALDH3A1;ALDHIII;ALDH3,D,D,D,N,D,D,D,D,D,N,D,D,D,D,D,D,D,D,D,D,D,D,D,D,D,D,D,D,D,D,D,N
ALDH1A3;ALDH6;ALDH1A6;RALDH3;MCOP8,D,D,D,N,D,D,D,D,D,N,D,D,D,D,D,D,D,D,D,D,D,D,D,D,D,D,D,D,D,D,D,N
ALDH4;ALDH7;ALDH3B1,D,D,D,N,D,D,D,D,D,N,D,D,D,D,D,D,D,D,D,D,D,D,D,D,D,D,D,D,D,D,D,N
ALDH3B2;ALDH8,D,D,D,N,D,D,D,D,D,N,D,D,D,D,D,D,D,D,D,D,D,D,D,D,D,D,D,D,D,D,D,N
ARM;HEL-S-6;DD3;AKR1A1;ALR;ALDR1,D,N,N,N,N,D,N,D,D,N,D,N,D,N,D,N,N,D,N,D,N,D,N,D,D,D,N,N,N,N,D,N
ADH1;ADH1A,A,N,N,N,A,N,N,N,N,N,A,N,N,N,N,N,N,A,N,N,N,N,N,N,N,N,N,N,N,A,N,N
HEL-S-117;ADH2;ADH1B,A,N,N,N,A,N,N,N,N,N,A,N,N,N,N,N,N,A,N,N,N,N,N,N,N,N,N,N,N,A,N,N
ADH1C;ADH3,A,N,N,N,A,N,N,N,N,N,A,N,N,N,N,N,N,A,N,N,N,N,N,N,N,N,N,N,N,A,N,N
ADH4;ADH-2;HEL-S-4,A,N,N,N,A,N,N,N,N,N,A,N,N,N,N,N,N,A,N,N,N,N,N,N,N,N,N,N,N,A,N,N
FALDH;ADHX;ADH5;GSH-FDH;FDH;HEL-S-60p;ADH-3;GSNOR,A,N,N,N,A,N,N,N,N,N,A,N,N,N,N,N,N,A,N,N,N,N,N,N,N,N,N,N,N,A,N,N
ADH-5;ADH6,A,N,N,N,A,N,N,N,N,N,A,N,N,N,N,N,N,A,N,N,N,N,N,N,N,N,N,N,N,A,N,N
ADH7;ADH4,A,N,N,N,A,N,N,N,N,N,A,N,N,N,N,N,N,A,N,N,N,N,N,N,N,N,N,N,N,A,N,N
PDHA;PHE1A;PDHCE1A;PDHA1;PDHAD,D,D,N,N,D,N,D,D,D,N,D,N,D,D,D,D,N,D,D,N,D,N,D,D,N,N,D,N,N,N,D,N
PDHAL;PDHA2,D,D,N,N,D,N,D,D,D,N,D,N,D,D,D,D,N,D,D,N,D,N,D,D,N,N,D,N,N,N,D,N
PDHE1B;PDHB;PHE1B;PDHE1-B;PDHBD,D,D,N,N,D,D,D,D,D,N,D,D,D,D,D,D,N,D,D,N,D,N,D,D,N,N,D,D,N,N,D,N
DLAT;PDC-E2;PDCE2;DLTA,D,D,D,D,D,D,D,D,D,N,D,D,D,D,D,D,D,D,D,D,D,D,D,D,D,D,D,D,D,D,D,D
LDH6A;LDHAL6A,B,N,N,N,N,N,N,B,N,N,B,N,N,N,N,B,B,N,N,N,N,N,B,N,N,N,N,N,N,N,B,N
LDHA;PIG19;GSD11;LDHM;HEL-S-133P,B,B,N,N,N,N,N,B,B,N,B,N,N,N,N,B,B,N,N,N,B,N,B,N,N,N,N,N,N,N,B,N
LDH-H;LDHBD;HEL-S-281;TRG-5;LDH-B;LDHB,B,B,N,N,N,N,N,B,B,N,B,N,N,N,N,B,B,N,N,N,B,N,B,N,N,N,N,N,N,N,B,N
LDH3;LDHX;CT32;LDHC,B,B,N,N,N,N,N,B,B,N,B,N,N,N,N,B,B,N,N,N,B,N,B,N,N,N,N,N,N,N,B,N
LDHAL6;LDHAL6B;LDHL;LDH6B,B,N,N,N,N,N,N,B,N,N,B,N,N,N,N,B,B,N,N,N,N,N,B,N,N,N,N,N,N,N,B,N
PKR;PK1;PKRL;PKL;RPK;PKLR,D,D,D,D,D,D,D,D,D,N,D,D,D,D,D,N,D,D,D,D,D,D,D,D,D,D,D,D,D,D,D,D
PKM2;HEL-S-30;THBP1;OIP3;PKM;CTHBP;PK3;TCB,D,D,D,D,D,D,D,D,D,N,D,D,D,D,D,N,D,D,D,D,D,D,D,D,D,D,D,D,D,D,D,D
ENO1;MPB1;HEL-S-17;NNE;ENO1L1;PPH,D,D,D,D,D,D,D,N,D,N,D,D,D,D,D,D,D,D,D,D,D,N,N,D,N,D,D,D,D,D,D,D
NSE;HEL-S-279;ENO2,D,D,D,D,D,D,D,N,D,N,D,D,D,D,D,D,D,D,D,D,D,N,N,D,N,D,D,D,D,D,D,D
MSE;GSD13;ENO3,D,D,D,D,D,D,D,N,D,N,D,D,D,D,D,D,D,D,D,D,D,N,N,D,N,D,D,D,D,D,D,D
ENO4;C10orf134,D,D,D,D,D,D,D,N,D,N,D,D,D,D,D,D,D,D,D,D,D,N,N,D,N,D,D,D,D,D,D,D
PGAM4;PGAM1;PGAM3;dJ1000K24.1;PGAM-B,D,D,D,N,N,D,N,D,D,N,D,N,N,D,N,N,N,D,N,N,D,N,D,D,N,N,N,N,N,N,D,N
PGAM1;HEL-S-35;PGAMA;PGAM-B,D,D,D,N,N,D,N,D,D,N,D,N,N,D,N,N,N,D,N,N,D,N,D,D,N,N,N,N,N,N,D,N
PGAM2;PGAM-M;PGAMM;GSD10,D,D,D,N,N,D,N,D,D,N,D,N,N,D,N,N,N,D,N,N,D,N,D,D,N,N,N,N,N,N,D,N
DPGM;BPGM,D,D,D,N,N,D,N,D,D,N,D,N,N,D,N,N,N,D,N,N,D,N,D,D,N,N,N,N,N,N,D,N
G3PD;HEL-S-162eP;GAPDH;GAPD,N,D,D,D,D,D,D,D,D,N,D,D,D,D,D,D,D,D,D,D,D,D,N,D,D,D,D,D,D,D,D,D
HSD-35;GAPDHS;HEL-S-278;GAPD2;GAPDH-2;GAPDS,N,D,D,D,D,D,D,D,D,N,D,D,D,D,D,D,D,D,D,D,D,D,N,D,D,D,D,D,D,D,D,D
TIM;TPI;TPI1;TPID;HEL-S-49,N,N,D,D,D,N,N,N,D,N,N,D,D,N,N,D,D,N,N,N,N,N,N,N,N,N,N,D,N,D,D,D
PFK-L;PFKL;ATP-PFK;PFK-B,B,B,B,B,N,N,B,N,B,N,B,N,N,B,N,N,N,B,N,B,B,N,N,B,B,N,B,N,B,N,B,N
PFK-1;PPP1R122;PFKX;PFKM;PFK1;GSD7;PFKA;PFK-A;ATP-PFK,B,B,B,B,N,N,B,N,B,N,B,N,N,B,N,N,N,B,N,B,B,N,N,B,B,N,B,N,B,N,B,N
PFK-P;PFK-C;PFKP;PFKF;ATP-PFK,B,B,B,B,N,N,B,N,B,N,B,N,N,B,N,N,N,B,N,B,B,N,N,B,B,N,B,N,B,N,B,N
FBP;FBP1,D,D,D,N,D,N,D,D,D,N,D,N,D,D,D,N,D,N,N,N,D,N,D,D,N,N,N,N,N,N,D,N
FBP2,D,D,D,N,D,N,D,D,D,N,D,N,D,D,D,N,D,N,N,N,D,N,D,D,N,N,N,N,N,N,D,N
GPI;NLK;GNPI;PHI;SA-36;SA36;AMF;PGI,N,N,N,N,N,N,N,N,N,N,N,N,N,N,N,N,N,N,N,N,N,N,N,N,N,N,N,N,N,N,N,N
CDG1T;PGM1;GSD14,N,N,N,N,N,N,N,N,N,N,N,N,N,N,N,N,N,N,N,N,N,N,N,N,N,N,N,N,N,N,N,N
MSTP006;PGM2,N,N,N,N,N,N,N,N,N,N,N,N,N,N,N,N,N,N,N,N,N,N,N,N,N,N,N,N,N,N,N,N
HK1;hexokinase;HMSNR;RP79;HK1-tc;HKI;HKD;HK1-tb;HXK1;HK1-ta;HK,N,N,N,N,A,N,N,N,A,N,N,N,N,N,N,N,A,N,N,N,N,N,N,N,A,A,N,N,N,N,A,A
HXK2;HKII;HK2,N,N,N,N,A,N,N,N,A,N,N,N,N,N,N,N,A,N,N,N,N,N,N,N,A,A,N,N,N,N,A,A
HK3;HXK3;HKIII,N,N,N,N,A,N,N,N,A,N,N,N,N,N,N,N,A,N,N,N,N,N,N,N,A,A,N,N,N,N,A,A
HKDC1,N,N,N,N,A,N,N,N,A,N,N,N,N,N,N,N,A,N,N,N,N,N,N,N,A,A,N,N,N,N,A,A
GK;GLK;FGQTL3;MODY2;HXKP;GCK;LGLK;HHF3;HKIV;HK4,N,N,N,N,A,N,N,N,A,N,N,N,N,N,N,N,A,N,N,N,N,N,N,N,A,A,N,N,N,N,A,A
GALM;BLOCK25;IBD1;GLAT;HEL-S-63p,N,N,B,N,B,N,B,N,B,N,N,N,N,N,N,N,B,B,N,N,N,B,N,N,N,N,N,B,N,N,N,N
G6PC1;G6PC;G6Pase;G6PT;GSD1;GSD1a,N,N,N,N,N,N,N,N,N,N,N,N,N,N,N,N,N,N,N,N,N,N,N,N,N,N,N,N,N,N,N,N
G6PC2;IGRP,N,N,N,N,N,N,N,N,N,N,N,N,N,N,N,N,N,N,N,N,N,N,N,N,N,N,N,N,N,N,N,N
G6PC3;SCN4;UGRP,N,N,N,N,N,N,N,N,N,N,N,N,N,N,N,N,N,N,N,N,N,N,N,N,N,N,N,N,N,N,N,N
E3;DLDD;GCSL;DLDH;LAD;DLD;PHE3,B,N,N,N,N,N,N,N,N,N,B,N,N,B,N,N,N,N,N,N,N,B,N,N,B,N,N,N,N,N,N,N
PGKA;HEL-S-68p;MIG10;PGK1,D,D,D,D,D,D,D,D,N,N,D,D,D,D,D,D,D,D,D,D,D,N,D,D,D,D,D,D,N,D,D,D
PGKPS;PGKB;PGK2;HEL-S-272;dJ417L20.2,D,D,D,D,D,D,D,D,N,N,D,D,D,D,D,D,D,D,D,D,D,N,D,D,D,D,D,D,N,D,D,D
PEPCK1;PEPCK-C;PCK1;PEPCKC,N,N,N,N,N,N,N,N,N,N,N,N,N,N,N,N,N,N,N,N,N,N,N,N,N,N,N,N,N,N,N,N
PEPCK;PEPCK2;PEPCK-M;PCK2,N,N,N,N,N,N,N,N,N,N,N,N,N,N,N,N,N,N,N,N,N,N,N,N,N,N,N,N,N,N,N,N
ACECS;ACAS2;ACSS2;ACS;dJ1161H23.1;ACSA,D,D,D,D,D,D,D,D,D,N,D,D,D,D,D,D,D,D,D,D,D,D,D,D,D,D,D,D,D,N,D,D
ACECS1;AceCS2L;ACAS2L;ACSS1,D,D,D,D,D,D,D,D,D,N,D,D,D,D,D,D,D,D,D,D,D,D,D,D,D,D,D,D,D,D,D,D
2610017G09Rik;ADPGK;ADP-GK,N,N,N,N,N,N,N,N,N,N,N,N,N,N,N,N,N,N,N,N,N,N,N,N,N,N,N,N,N,N,N,N
HIPER1;MIPP;MINPP1;MINPP2,A,A,A,A,N,N,A,A,A,N,N,A,N,N,A,N,A,N,N,N,N,N,N,N,A,A,A,N,N,N,A,N
