ugt1,C,N,C,C,N,C,C,C,C,N,N,N,C,C,C,C,C,C,C,C,C,C,N,C,N,C,C,C,C,C,C,C
dpm3,A,A,N,N,N,N,N,N,A,N,N,N,N,N,N,A,N,A,N,A,A,N,N,N,N,A,N,N,N,N,A,N
dpm2-1,A,A,N,N,A,N,N,N,A,N,N,A,N,N,A,N,N,N,A,N,N,N,N,A,N,N,N,N,N,A,A,A
dpm2-2,A,A,N,N,A,N,N,N,A,N,N,A,N,N,A,N,N,N,A,N,N,N,N,A,N,N,N,N,N,A,A,A
alg6,D,D,D,N,D,D,D,D,D,N,D,D,D,D,D,D,D,D,D,D,D,D,D,D,D,D,D,D,D,N,D,D
alg12,N,A,A,N,N,N,N,N,A,N,N,N,N,N,A,A,A,N,N,N,A,A,N,A,A,N,N,A,N,N,N,N
alg9,N,B,B,N,B,N,N,N,B,N,B,N,N,B,B,B,B,B,N,N,B,B,N,B,B,N,N,B,N,N,B,B
alg3,N,D,D,N,N,D,D,D,D,N,D,N,D,D,N,N,D,D,D,N,D,D,D,D,D,D,D,D,D,N,D,N
dolpp1,N,N,A,N,N,A,N,N,A,N,A,N,N,A,N,N,A,N,N,N,A,N,N,N,A,N,N,N,A,N,A,A
10,D,D,D,N,D,D,D,D,D,N,D,N,D,D,N,D,D,D,D,D,D,D,D,D,N,D,D,N,N,D,D,N
11,D,D,D,N,D,D,D,D,D,N,D,N,D,D,N,D,D,D,D,D,D,D,D,D,N,D,D,N,N,D,D,N
12,D,D,D,N,D,D,D,D,D,N,D,N,D,D,N,D,D,D,D,D,D,D,D,D,N,D,D,N,N,D,D,N
13,D,D,D,N,D,D,D,D,D,N,D,N,D,D,N,D,D,D,D,D,D,D,D,D,N,D,D,N,N,D,D,N
14,D,D,D,N,D,D,D,D,D,N,D,N,D,D,N,D,D,D,D,D,D,D,D,D,N,D,D,N,N,D,D,N
modA,N,N,N,N,N,C,N,N,C,N,C,N,N,N,C,N,N,N,N,N,C,C,N,N,N,N,N,N,N,N,C,C
16,N,N,D,N,N,N,N,N,D,N,D,N,N,D,N,N,D,N,D,N,D,D,N,N,D,N,D,D,D,N,N,N
alg11,N,N,N,N,N,N,N,A,N,N,A,N,N,N,N,N,N,A,N,N,N,N,N,N,N,N,N,A,N,N,N,N
stt3,D,D,N,D,N,N,N,D,N,N,D,D,N,N,D,N,D,N,N,N,N,N,D,N,N,N,N,N,N,D,N,N
dgtA,N,N,N,N,N,N,N,N,N,N,N,N,N,N,N,N,N,N,N,N,N,N,N,N,N,N,N,N,N,N,N,N
alg2,N,N,N,N,N,N,N,A,N,N,A,N,N,N,N,N,N,A,N,N,N,N,N,N,N,N,N,A,N,N,N,N
alg1,B,N,B,N,N,N,N,N,B,N,B,N,N,N,B,N,N,N,B,B,B,N,B,N,N,B,B,N,N,B,B,N
dgtB,N,N,N,N,N,N,N,N,N,N,N,N,N,N,N,N,N,N,N,N,N,N,N,N,N,N,N,N,N,N,N,N
23,N,A,N,N,N,N,N,N,N,N,A,N,N,A,N,N,N,N,N,N,A,N,N,N,A,N,A,A,N,N,N,A
alg10,N,A,A,N,N,A,A,N,A,N,N,N,N,A,N,A,N,N,N,A,N,N,A,A,N,A,A,N,A,N,A,N
alg8,D,D,D,N,D,D,D,D,D,N,D,D,D,D,D,D,D,D,D,D,D,D,D,D,D,D,D,D,D,N,D,D
gnt3,N,D,D,D,N,N,D,N,D,N,D,N,D,D,N,D,D,D,D,N,D,D,D,D,N,D,D,N,D,N,D,D
ost3,N,N,N,N,N,N,N,N,N,N,N,N,N,N,N,N,N,N,N,N,N,N,N,N,N,N,N,N,N,N,N,N
ost2,A,A,A,N,N,N,A,A,A,N,N,N,N,N,N,A,A,N,N,A,A,N,N,N,N,A,A,A,N,N,A,A
wbp1,N,A,A,N,N,N,N,A,A,N,N,N,N,A,N,N,N,N,N,A,A,N,A,N,N,A,N,A,N,N,A,A
ost1,A,A,A,N,N,A,A,A,A,N,A,A,N,N,A,A,N,A,A,A,A,N,N,A,A,N,A,A,N,N,A,A
