CLN1;INCL;PPT1;PPT,N,N,B,B,N,N,B,B,B,N,B,B,N,B,B,N,N,N,N,N,B,N,N,N,N,N,N,N,N,N,B,B
PPT2;C6orf8;G14;PPT-2,N,N,B,B,N,N,B,B,B,N,B,B,N,B,B,N,N,N,N,N,B,N,N,N,N,N,N,N,N,N,B,B
DYTOABG;CGI-63;NRBF1;MECR;FASN2B;ETR1,D,D,D,D,D,D,D,D,D,N,D,D,D,D,D,D,D,D,D,D,D,D,D,D,D,D,D,D,D,N,D,D
SCEH;ECHS1D;ECHS1,D,D,D,N,D,D,D,D,D,N,D,D,D,D,D,N,D,D,D,D,D,D,D,D,N,D,N,D,D,N,D,D
ECHA;MTPA;TP-ALPHA;HADHA;GBP;LCHAD;LCEH;HADH,D,D,D,N,N,N,D,D,D,N,D,D,D,D,D,D,D,D,D,D,D,D,D,D,N,D,N,D,D,N,D,D
DSAEC;ACAA2,D,N,D,N,D,D,D,N,D,N,D,D,D,D,D,N,D,D,D,N,D,D,D,N,D,D,N,D,N,D,D,N
HADHB;MTPB;TP-BETA;MSTP029;ECHB,D,D,D,N,D,D,D,D,D,N,D,D,D,D,D,D,D,D,D,D,D,D,D,N,D,D,N,D,N,D,D,D
HHF4;SCHAD;HAD;HADH1;MSCHAD;HCDH;HADHSC;HADH,D,D,D,N,N,N,D,D,D,N,D,D,D,D,D,D,D,D,D,D,D,D,D,D,N,D,N,D,D,N,D,D
HSD17B12;KAR;SDR12C1,D,D,D,D,D,D,D,D,D,N,D,D,D,D,D,D,D,D,D,D,D,D,D,D,D,D,D,D,D,D,D,D
GPSN2;TECR;SC2;TER;MRT14,A,N,A,A,A,N,N,N,A,N,A,N,N,A,N,A,A,N,A,N,A,N,N,A,N,A,A,A,N,N,N,A
HACD2;PTPLB,A,A,A,A,A,A,A,A,A,N,A,A,A,A,N,A,A,A,A,N,A,A,A,A,N,A,A,N,N,A,A,A
HACD4;PTPLAD2,A,A,A,A,A,A,A,A,A,N,A,A,A,A,N,A,A,A,A,N,A,A,A,A,N,A,A,N,N,A,A,A
HSPC121;BIND1;PTPLAD1;HACD3;B-IND1,A,A,A,A,A,A,A,A,A,N,A,A,A,A,N,A,A,A,A,A,A,A,A,A,N,A,A,N,A,A,A,A
CAP;HACD1;PTPLA,A,A,A,A,A,A,A,A,A,N,A,A,A,A,N,A,A,A,A,N,A,A,A,A,N,A,A,N,N,A,A,A
PTE2;ACOT2;CTE-IA;PTE2A;MTE1;ZAP128;CTE1A,N,N,N,N,N,N,N,N,N,N,N,N,N,N,N,N,N,N,N,N,N,N,N,N,N,N,N,N,N,N,N,N
ACOT7;BACH;ACT;LACH1;LACH;CTE-II;ACH1;hBACH,N,N,N,N,N,N,N,N,N,N,N,N,N,N,N,N,N,N,N,N,N,N,N,N,N,N,N,N,N,N,N,N
PTE2B;PTE1B;PTE-Ib;ACOT4,N,N,N,N,N,N,N,N,N,N,N,N,N,N,N,N,N,N,N,N,N,N,N,N,N,N,N,N,N,N,N,N
CTE-1;LACH2;ACH2;ACOT1,N,N,N,N,N,N,N,N,N,N,N,N,N,N,N,N,N,N,N,N,N,N,N,N,N,N,N,N,N,N,N,N
SSC2;ELOVL2,A,A,A,N,A,A,A,N,N,N,A,A,A,A,N,A,A,A,A,A,N,A,A,A,A,A,A,A,N,A,A,N
HELO1;ELOVL5;dJ483K16.1;SCA38,A,A,A,N,A,A,A,N,N,N,A,A,A,A,N,A,A,A,A,A,N,A,A,A,A,A,A,A,N,A,A,N
ELOVL1;CGI-88;Ssc1,A,A,A,N,A,A,A,N,N,N,A,A,A,A,N,A,A,A,A,A,N,A,A,A,A,A,A,A,N,A,A,N
STGD2;ISQMR;ADMD;SCA34;STGD3;ELOVL4;CT118,A,A,A,N,A,A,A,N,N,N,A,A,A,A,N,A,A,A,A,A,N,A,A,A,A,A,A,A,N,A,A,N
FAE;LCE;ELOVL6;FACE,A,A,A,N,A,A,A,N,N,N,A,A,A,A,N,A,A,A,A,A,N,A,A,A,A,A,A,A,N,A,A,N
ELOVL7,A,A,A,N,A,A,A,N,N,N,A,A,A,A,N,A,A,A,A,A,N,A,A,A,A,A,A,A,N,A,A,N
ELOVL3;CIG-30;CIG30,A,A,A,N,A,A,A,N,N,N,A,A,A,A,N,A,A,A,A,A,N,A,A,A,A,A,A,A,N,A,A,N
