uvrB,D,N,N,N,N,N,N,N,N,N,D,N,N,N,N,N,N,N,D,D,D,N,N,N,N,N,N,N,N,N,N,N
uvrA,N,N,D,N,D,N,N,N,D,N,D,D,D,N,N,N,N,N,N,N,N,N,N,N,N,N,N,N,N,N,N,N
ligA,N,N,N,N,N,N,N,N,N,N,N,N,N,N,N,N,N,N,N,N,N,N,N,N,N,N,N,N,N,N,N,N
ligB,N,N,N,N,N,N,N,N,N,N,N,N,N,N,N,N,N,N,N,N,N,N,N,N,N,N,N,N,N,N,N,N
polA,N,N,B,N,B,N,N,N,B,N,B,N,N,B,N,B,B,N,N,N,B,N,B,N,N,N,N,N,N,B,N,N
uvrD,D,N,D,N,D,D,D,D,N,N,D,N,N,N,D,D,N,D,D,N,D,N,N,D,N,N,N,N,N,N,N,N
mfd,D,N,D,D,N,N,N,D,D,N,D,D,N,D,N,D,D,D,D,D,D,D,D,D,D,D,N,D,N,N,N,D
uvrC,N,N,N,N,N,N,N,N,N,N,N,N,N,N,N,N,N,N,N,N,N,N,N,N,N,N,N,N,N,N,N,N
