UNQ6308;BDH2;UCPA-OR;EFA6R;PRO20933;DHRS6;SDR15C1,D,D,D,D,D,D,D,D,D,N,D,D,D,D,D,D,D,D,D,D,D,D,D,D,D,D,D,D,D,D,D,D
SDR9C1;BDH1;BDH,D,D,D,D,D,D,D,D,D,N,D,D,D,D,D,D,D,D,D,D,D,D,D,D,D,D,D,D,D,D,D,D
SCOT;OXCT1;OXCT,N,N,N,N,N,N,N,N,N,N,N,N,N,N,N,N,N,N,N,N,N,N,N,N,N,N,N,N,N,N,N,N
OXCT2;FKSG25;SCOTT,N,N,N,N,N,N,N,N,N,N,N,N,N,N,N,N,N,N,N,N,N,N,N,N,N,N,N,N,N,N,N,N
SUR-5;AACS;ACSF1,D,D,D,D,D,D,N,D,D,N,D,N,N,D,N,N,D,D,D,D,D,N,D,N,D,N,N,N,D,N,D,D
HL;HMGCL,N,N,B,N,N,N,B,N,N,N,B,N,N,N,N,N,N,N,N,N,N,N,N,N,N,B,N,N,N,N,N,N
bA418P12.1;HMGCLL1;er-cHL,N,N,B,N,N,N,B,N,N,N,B,N,N,N,N,N,N,N,N,N,N,N,N,N,N,B,N,N,N,N,N,N
HMGCS1;HMGCS,D,D,D,N,D,D,D,D,D,N,D,D,D,D,D,D,N,D,D,D,D,D,D,D,D,D,D,D,D,N,D,D
HMGCS2,D,D,D,N,D,D,D,D,D,N,D,D,D,D,D,D,N,D,D,D,D,D,D,D,D,D,D,D,D,N,D,D
ACAT1;MAT;THIL;T2;ACAT,D,N,D,N,D,D,D,N,D,N,D,D,D,D,D,N,D,D,D,N,D,D,D,N,D,D,N,D,N,D,D,N
ACAT2,D,N,D,N,D,D,D,N,D,N,D,D,D,D,D,N,D,D,D,N,D,D,D,N,D,D,N,D,N,D,D,N
PBFE;LBP;L-PBE;ECHD;FRTS3;EHHADH;LBFP,D,D,D,N,N,N,D,D,D,N,D,D,D,D,D,D,D,D,D,D,D,D,D,D,N,D,N,D,D,N,D,D
HHF4;SCHAD;HAD;HADH1;MSCHAD;HCDH;HADHSC;HADH,D,D,D,N,N,N,D,D,D,N,D,D,D,D,D,D,D,D,D,D,D,D,D,D,N,D,N,D,D,N,D,D
SCEH;ECHS1D;ECHS1,D,D,D,N,D,D,D,D,D,N,D,D,D,D,D,N,D,D,D,D,D,D,D,D,N,D,N,D,D,N,D,D
ECHA;MTPA;TP-ALPHA;HADHA;GBP;LCHAD;LCEH;HADH,D,D,D,N,N,N,D,D,D,N,D,D,D,D,D,D,D,D,D,D,D,D,D,D,N,D,N,D,D,N,D,D
GABAT;NPD009;GABA-AT;ABAT,D,N,N,N,N,N,N,N,D,N,D,D,D,N,D,N,N,D,N,N,N,N,N,D,N,D,N,D,N,N,N,N
SCP;GAD;CPSQ1;GAD1,N,N,N,N,N,N,N,N,N,N,N,N,N,N,N,N,N,N,N,N,N,N,N,N,N,N,N,N,N,N,N,N
GAD2;GAD65,N,N,N,N,N,N,N,N,N,N,N,N,N,N,N,N,N,N,N,N,N,N,N,N,N,N,N,N,N,N,N,N
SCAD;ACAD3;ACADS,D,D,D,D,D,D,D,D,D,N,D,D,D,D,D,D,D,D,D,D,D,D,D,D,D,D,N,D,D,D,D,D
ALDH5A1;SSADH;SSDH,D,D,D,N,D,D,D,D,D,N,D,D,D,D,D,D,D,D,D,D,D,D,D,D,D,D,D,D,D,D,D,N
MACS1;ACSM1;BUCS1,D,D,D,D,D,D,N,D,D,N,D,D,D,D,D,D,D,D,D,D,D,N,D,D,D,D,D,D,N,D,D,D
A-923A4.1;ACSM2A;ACSM2,D,D,D,D,D,D,N,D,D,N,D,D,D,D,D,D,D,D,D,D,D,N,D,D,D,D,D,D,N,D,D,D
bA310E22.3;ACSM6;C10orf129,N,D,D,N,D,D,N,D,D,N,D,D,D,D,N,N,D,N,D,D,D,N,D,N,D,D,N,D,N,N,D,D
ACSM4,D,D,D,D,D,D,N,D,D,N,D,D,D,D,D,D,D,D,D,D,D,N,D,D,D,D,D,D,N,D,D,D
HXMA;ACSM2B;HYST1046;ACSM2,D,D,D,D,D,D,N,D,D,N,D,D,D,D,D,D,D,D,D,D,D,N,D,D,D,D,D,D,N,D,D,D
ACSM5,D,D,D,D,D,D,D,D,D,N,D,D,D,D,D,D,D,D,D,D,D,D,D,D,D,D,D,D,D,D,D,D
SAH;SA;ACSM3,D,D,D,D,D,D,N,D,D,N,D,D,D,D,D,D,D,D,D,D,D,N,D,D,D,D,D,D,N,D,D,D
L2HGA;C14orf160;L2HGDH,N,A,N,N,N,N,N,A,N,N,A,N,A,N,N,N,A,A,N,N,N,N,N,N,N,A,N,N,N,N,N,N
