HFA1,N,D,D,N,N,D,D,D,D,N,N,D,N,D,N,D,D,D,D,D,D,D,N,D,D,N,D,D,N,D,D,N
ACC1;ABP2;MTR7;FAS3,N,D,D,N,N,D,D,D,D,N,N,D,N,D,N,D,D,D,D,D,D,D,N,D,D,N,D,D,N,D,D,N
UGA1,D,N,N,N,N,N,N,N,D,N,D,D,D,N,D,N,N,D,N,N,N,N,N,D,N,D,N,D,N,N,N,N
EHD3,D,D,D,N,N,N,D,D,D,N,D,D,D,D,D,N,D,D,D,D,D,D,D,D,N,D,N,D,D,N,D,D
FUN44;ACS1,D,D,D,D,D,D,D,D,D,N,D,D,D,D,D,D,D,D,D,D,D,D,D,D,D,D,D,D,D,D,D,D
ACS2,D,D,D,D,D,D,D,D,D,N,D,D,D,D,D,D,D,D,D,D,D,D,D,D,D,D,D,D,D,D,D,D
PDH1,N,N,N,N,N,N,N,N,N,N,N,N,N,N,N,N,N,N,N,N,N,N,N,N,N,N,N,N,N,N,N,N
LSC2,B,B,N,N,N,N,B,N,B,N,B,N,N,N,N,B,N,B,N,N,N,B,N,B,N,N,N,N,N,N,N,B
LSC1,N,D,D,N,D,N,D,N,D,N,D,D,N,N,N,D,D,D,N,D,N,D,D,N,N,N,D,N,N,N,N,D
ERG10;TSM0115;LPB3,D,N,D,N,D,D,D,N,D,N,D,D,D,D,D,N,D,D,D,N,D,D,D,N,D,D,N,D,N,D,D,N
GRE2,B,N,B,B,N,N,B,B,B,N,B,N,B,B,N,B,B,N,B,N,B,B,B,B,B,B,B,N,B,N,B,N
LPD1;HPD1,B,N,N,N,N,N,N,N,N,N,B,N,N,B,N,N,N,N,N,N,N,B,N,N,B,N,N,N,N,N,N,N
IRC15,B,N,N,N,N,N,N,N,N,N,B,N,N,B,N,N,N,N,N,N,N,B,N,N,B,N,N,N,N,N,N,N
