hyi,N,N,N,N,N,N,N,N,N,N,N,N,N,N,N,N,N,N,N,N,N,N,N,N,N,N,N,N,N,N,N,N
acnB,D,N,D,N,N,N,D,N,D,N,D,D,N,D,N,N,N,N,N,D,D,N,N,N,N,N,N,N,D,D,N,D
ybhJ,D,N,D,N,N,N,D,N,D,N,D,D,N,D,N,N,N,N,N,D,D,N,N,N,N,N,N,N,D,D,N,D
acnA,D,N,D,N,N,N,D,N,D,N,D,D,N,D,N,N,N,N,N,D,D,N,N,N,N,N,N,N,D,D,N,D
aceA,A,N,N,N,N,N,N,N,N,N,A,N,N,N,A,N,N,N,N,N,N,N,A,N,N,N,N,N,N,N,N,N
purU,N,N,N,N,N,N,N,N,N,N,N,N,N,N,N,N,N,N,N,N,N,N,N,N,N,N,N,N,N,N,N,N
oxc,N,D,N,N,N,N,N,D,D,N,D,N,N,N,N,N,N,N,N,N,N,N,N,N,D,N,N,N,N,N,D,N
glcD,D,N,D,N,D,D,N,N,D,N,D,N,N,D,N,N,N,D,D,N,N,N,N,D,N,N,N,N,N,N,N,D
glcF,N,N,N,N,N,N,N,N,N,N,N,N,N,N,N,N,N,N,N,N,N,N,N,N,N,N,N,N,N,N,N,N
glcE,D,N,N,N,N,D,N,N,D,N,D,N,N,D,N,N,N,D,D,N,N,N,N,D,N,N,N,N,N,N,N,D
ghrA,D,N,N,N,N,N,D,D,D,N,D,N,D,D,N,N,N,D,D,N,N,D,N,N,N,N,N,N,N,N,N,D
ghrB,D,N,N,N,N,N,D,D,D,N,D,N,D,D,N,N,N,D,D,N,N,D,D,N,N,N,N,N,N,N,D,D
fdoI,N,N,N,N,N,N,N,N,N,N,N,N,N,N,N,N,N,N,N,N,N,N,N,N,N,N,N,N,N,N,N,N
fdoH,N,N,N,N,N,N,N,N,N,N,N,N,N,N,N,N,N,N,N,N,N,N,N,N,N,N,N,N,N,N,N,N
fdoG,N,N,N,N,N,N,N,N,N,N,N,N,N,N,N,N,N,N,N,N,N,N,N,N,N,N,N,N,N,N,N,N
gltA,B,B,N,N,N,N,B,N,B,N,N,N,N,B,N,B,B,B,N,N,N,B,N,N,N,N,N,N,N,N,B,B
aldA,D,D,D,N,D,D,D,D,D,N,D,D,D,D,D,D,D,D,D,D,D,D,D,D,D,D,D,D,D,D,D,N
fucO,N,N,N,N,N,N,N,N,N,N,N,N,N,N,N,N,N,N,N,N,N,N,N,N,N,N,N,N,N,N,N,N
glxR,D,N,D,N,N,D,D,N,D,N,D,N,D,N,D,N,N,N,D,D,N,N,N,N,D,N,D,N,D,N,D,N
garR,D,N,D,N,N,D,D,N,D,N,D,N,D,N,D,N,N,N,D,D,N,N,N,N,D,N,D,N,D,N,D,N
gcl,N,D,N,N,N,N,N,D,D,N,D,N,N,N,N,N,N,N,N,N,N,N,N,N,D,N,N,N,N,N,D,N
glcB,N,B,N,N,N,N,N,B,N,N,N,B,N,N,B,N,N,N,N,B,N,N,N,B,N,N,N,N,B,N,N,N
aceB,B,B,B,N,N,N,N,B,N,N,B,B,N,B,B,B,N,N,B,B,N,N,N,B,B,N,N,B,B,N,B,N
dmlA,N,A,N,N,A,N,N,N,A,N,A,N,N,A,A,N,N,N,A,N,A,N,A,N,N,A,N,N,N,N,N,A
mdh,B,B,N,N,N,N,N,B,B,N,B,N,N,N,N,B,B,N,N,N,B,N,B,N,N,N,N,N,N,N,B,N
ttdA,D,N,D,N,D,N,N,D,N,N,N,N,D,N,N,D,D,D,N,D,N,N,N,N,N,N,D,N,N,N,N,D
ttdB,D,N,D,N,D,N,N,D,N,N,N,N,D,N,N,D,D,D,N,D,N,N,N,N,N,N,D,N,N,N,N,D
gph,N,N,N,N,N,N,N,N,N,N,N,N,N,N,N,N,N,N,N,N,N,N,N,N,N,N,N,N,N,N,N,N
atoB,D,N,D,N,D,D,D,N,D,N,D,D,D,D,D,N,D,D,D,N,D,D,D,N,D,D,N,D,N,D,D,N
yqeF,D,N,D,N,D,D,D,N,D,N,D,D,D,D,D,N,D,D,D,N,D,D,D,N,D,D,N,D,N,D,D,N
scpA,N,N,N,N,B,N,N,N,N,N,B,N,N,B,N,N,N,B,N,N,N,B,N,B,N,B,B,N,N,B,N,N
glyA,D,D,D,N,D,D,D,D,D,N,D,D,D,D,D,D,D,D,D,D,D,D,D,D,D,D,D,D,D,D,D,D
lpd,B,N,N,N,N,N,N,N,N,N,B,N,N,B,N,N,N,N,N,N,N,B,N,N,B,N,N,N,N,N,N,N
gcvP,N,D,N,N,D,N,N,N,D,N,N,N,N,N,N,N,N,D,N,D,N,N,N,N,N,D,N,D,N,N,N,D
gcvH,N,D,D,N,D,N,D,D,N,N,N,D,N,D,N,N,N,D,N,N,D,D,N,N,N,N,N,N,N,N,D,N
gcvT,N,N,D,N,D,N,N,N,N,N,N,N,N,N,N,N,N,N,N,D,N,N,N,D,N,N,N,N,N,N,N,N
katE,B,N,B,N,N,B,B,B,B,N,B,B,N,N,B,N,N,N,B,N,B,N,N,N,B,N,N,B,N,N,N,B
glnA,N,N,N,N,N,N,N,N,N,N,N,N,N,N,N,N,N,N,N,N,N,N,N,N,N,N,N,N,N,N,N,N
eda,N,N,N,N,N,N,N,N,N,N,N,N,N,N,N,N,N,N,N,N,N,N,N,N,N,N,N,N,N,N,N,N
glxK,N,N,N,N,N,N,N,N,N,N,N,N,N,N,N,N,N,N,N,N,N,N,N,N,N,N,N,N,N,N,N,N
garK,N,N,N,N,N,N,N,N,N,N,N,N,N,N,N,N,N,N,N,N,N,N,N,N,N,N,N,N,N,N,N,N
