MFP2,D,D,D,N,N,N,D,D,D,N,D,D,D,D,D,D,D,D,D,D,D,D,D,D,N,D,N,D,D,N,D,D
AIM1,D,D,D,N,D,D,D,D,D,N,D,D,D,D,D,D,D,D,D,D,D,D,D,D,N,D,N,D,D,N,D,D
HPL1,B,B,N,N,N,N,B,B,B,N,B,N,B,B,B,N,B,B,B,N,N,N,B,B,N,B,N,B,N,N,B,B
ACX3,B,N,N,N,N,N,N,B,N,N,B,N,N,N,N,N,B,N,B,N,B,N,N,B,N,N,N,N,N,N,N,N
ACX6,B,N,N,N,N,N,N,B,N,N,B,N,N,N,N,N,B,N,B,N,B,N,N,B,N,N,N,N,N,N,N,N
ACX5,N,N,N,N,N,N,N,A,N,N,A,N,N,N,N,N,N,N,A,N,A,N,N,N,N,N,N,N,N,N,N,N
7,N,N,N,N,N,N,N,N,N,N,N,N,N,N,N,N,N,N,N,N,N,N,N,N,N,N,N,N,N,N,N,N
ACX4,D,D,D,D,D,D,D,D,D,N,D,D,D,D,D,D,D,D,D,D,D,D,D,D,D,D,N,D,D,D,D,D
ACX1,N,N,N,N,N,N,N,A,N,N,A,N,N,N,N,N,N,N,A,N,A,N,N,N,N,N,N,N,N,N,N,N
ACX2,D,D,D,D,D,D,D,D,D,N,D,D,D,D,D,D,D,D,D,D,D,D,D,D,D,D,N,D,D,D,D,D
PKT4,D,N,D,N,D,D,D,N,D,N,D,D,D,D,D,N,D,D,D,N,D,D,D,N,D,D,N,D,N,D,D,N
PKT3,D,N,D,N,D,D,D,N,D,N,D,D,D,D,D,N,D,D,D,N,D,D,D,N,D,D,N,D,N,D,D,N
KAT5,D,N,D,N,D,D,D,N,D,N,D,D,D,D,D,N,D,D,D,N,D,D,D,N,D,D,N,D,N,D,D,N
AOS,N,N,N,N,N,N,N,N,N,N,N,N,N,N,N,N,N,N,N,N,N,N,N,N,N,N,N,N,N,N,N,N
LOX3,B,B,N,N,N,N,N,B,B,N,B,B,N,B,B,N,B,N,N,N,B,B,B,N,B,B,N,B,N,N,B,B
LOX6,B,B,N,N,N,N,N,B,B,N,B,B,N,B,B,N,B,N,N,N,B,B,B,N,B,B,N,B,N,N,B,B
LOX4,B,B,N,N,N,N,N,B,B,N,B,B,N,B,B,N,B,N,N,N,B,B,B,N,B,B,N,B,N,N,B,B
LOX2,B,B,N,N,N,N,N,B,B,N,B,B,N,B,B,N,B,N,N,N,B,B,B,N,B,B,N,B,N,N,B,B
19,D,D,D,D,D,N,D,N,D,N,D,D,D,N,D,N,N,N,N,N,N,D,D,D,D,D,D,D,N,N,N,N
20,D,D,D,D,D,N,D,N,D,N,D,D,D,N,D,N,N,N,N,N,N,D,D,D,D,D,D,D,N,N,N,N
OPR1,D,D,D,D,D,N,D,N,D,N,D,D,D,N,D,N,N,N,N,N,N,D,D,D,D,D,D,D,N,N,N,N
OPR2,D,D,D,D,D,N,D,N,D,N,D,D,D,N,D,N,N,N,N,N,N,D,D,D,D,D,D,D,N,N,N,N
OPR3,D,D,D,D,D,N,D,N,D,N,D,D,D,N,D,N,N,N,N,N,N,D,D,D,D,D,D,D,N,N,N,N
JMT,N,N,N,N,N,N,N,N,N,N,N,N,N,N,N,N,N,N,N,N,N,N,N,N,N,N,N,N,N,N,N,N
AOC4,N,N,N,N,N,N,N,N,N,N,N,N,N,N,N,N,N,N,N,N,N,N,N,N,N,N,N,N,N,N,N,N
AOC1,N,N,N,N,N,N,N,N,N,N,N,N,N,N,N,N,N,N,N,N,N,N,N,N,N,N,N,N,N,N,N,N
AOC2,N,N,N,N,N,N,N,N,N,N,N,N,N,N,N,N,N,N,N,N,N,N,N,N,N,N,N,N,N,N,N,N
AOC3,N,N,N,N,N,N,N,N,N,N,N,N,N,N,N,N,N,N,N,N,N,N,N,N,N,N,N,N,N,N,N,N
PLA2-ALPHA,N,N,N,N,N,N,N,N,N,N,N,N,N,N,N,N,N,N,N,N,N,N,N,N,N,N,N,N,N,N,N,N
SDP1-LIKE,N,N,A,N,N,N,N,N,N,N,A,N,N,N,A,N,A,A,N,N,N,N,A,A,N,N,N,N,N,N,N,N
SDP1,N,N,A,N,N,N,N,N,N,N,A,N,N,N,A,N,A,A,N,N,N,N,A,A,N,N,N,N,N,N,N,N
OPCL1,D,D,D,D,D,D,D,D,D,N,D,D,D,D,D,D,D,D,D,D,D,D,D,D,D,D,D,D,D,D,D,D
DOX1,N,N,N,N,N,N,N,N,N,N,N,N,N,N,N,N,N,N,N,N,N,N,N,N,N,N,N,N,N,N,N,N
DAD1,D,D,D,D,D,N,D,D,D,N,D,D,D,D,D,D,D,D,D,D,D,D,D,D,D,D,D,D,D,D,D,D
ADH1,A,N,N,N,A,N,N,N,N,N,A,N,N,N,N,N,N,A,N,N,N,N,N,N,N,N,N,N,N,A,N,N
CHAT,N,N,N,N,N,N,N,N,N,N,N,N,N,N,N,N,N,N,N,N,N,N,N,N,N,N,N,N,N,N,N,N
