EMB2719,N,N,A,N,A,A,N,A,A,N,A,N,N,A,A,N,N,N,N,N,A,N,A,A,A,A,A,N,A,A,A,A
2,N,N,A,N,A,A,N,A,A,N,A,N,N,A,A,N,N,N,N,N,A,N,A,A,A,A,A,N,A,A,A,A
EMB2107,A,A,A,A,A,A,A,A,A,N,A,A,A,A,A,A,A,A,A,A,A,A,A,A,A,A,A,A,A,A,A,A
RPN5B,A,A,A,A,A,A,A,A,A,N,A,A,A,A,A,A,A,A,A,A,A,A,A,A,A,A,A,A,A,A,A,A
ATS9,A,A,A,N,A,A,A,A,A,N,A,A,N,N,A,A,A,A,A,N,N,A,A,A,N,A,N,N,A,N,A,N
6,A,A,A,N,A,A,N,A,A,N,A,A,A,A,A,A,N,A,A,A,A,A,A,N,N,A,N,N,A,A,A,A
MEE34,C,C,C,C,C,N,C,C,C,N,C,C,N,C,C,C,C,C,C,C,C,C,C,C,C,C,N,C,N,C,C,C
RPN8A,C,C,C,C,C,N,C,C,C,N,C,C,N,C,C,C,C,C,C,C,C,C,C,C,C,C,N,C,N,C,C,C
9,A,A,A,N,N,N,A,N,A,N,A,A,A,N,A,A,A,A,N,A,A,N,A,A,N,A,N,A,N,A,A,N
10,A,A,A,N,N,N,A,N,A,N,A,A,A,N,A,A,A,A,N,A,A,N,A,A,N,A,N,A,N,A,A,N
11,C,C,C,N,N,C,C,C,C,N,N,C,N,C,C,C,C,C,C,C,C,C,C,C,C,C,N,C,N,C,C,C
RPN12a,N,N,N,N,A,N,N,N,N,N,A,N,N,N,N,N,N,N,A,N,N,N,N,N,N,N,A,A,N,N,A,A
RPN12b,N,N,N,N,A,N,N,N,N,N,A,N,N,N,N,N,N,N,A,N,N,N,N,N,N,N,A,A,N,N,A,A
DSS1(I),N,A,N,N,N,N,N,N,A,N,N,N,N,N,N,N,N,N,N,A,N,N,N,N,N,N,A,N,N,N,A,N
DSS1(V),N,A,N,N,N,N,N,N,A,N,N,N,N,N,N,N,N,N,N,A,N,N,N,N,N,N,A,N,N,N,A,N
RPN10,A,N,N,N,A,A,A,A,N,N,N,A,N,A,A,A,A,A,N,A,N,N,A,N,A,A,A,N,N,A,A,N
RPN1A,N,N,N,A,A,N,A,A,N,A,A,N,A,A,A,N,N,N,N,A,N,A,A,A,N,A,A,A,N,N,A,N
RPN1B,N,N,N,A,A,N,A,A,N,A,A,N,A,A,A,N,N,N,N,A,N,A,A,A,N,A,A,A,N,N,A,N
19,N,N,N,A,A,N,A,A,N,A,A,N,A,A,A,N,N,N,N,A,N,A,A,A,N,A,A,A,N,N,A,N
20,N,N,N,A,A,N,A,A,N,A,A,N,A,A,A,N,N,N,N,A,N,A,A,A,N,A,A,A,N,N,A,N
RPN13,N,N,N,N,A,A,N,N,A,N,A,N,N,A,N,A,N,N,N,A,A,A,A,A,A,N,N,A,N,N,N,A
RPT1A,D,D,D,D,D,D,D,D,D,D,D,D,D,D,D,D,D,D,D,D,D,D,D,D,D,D,D,D,D,D,D,D
23,D,D,D,D,D,D,D,D,D,D,D,D,D,D,D,D,D,D,D,D,D,D,D,D,D,D,D,D,D,D,D,D
RPT2b,D,D,D,D,D,D,D,D,D,D,D,D,D,D,D,D,D,D,D,D,D,D,D,D,D,D,D,D,D,D,D,D
RPT2a,D,D,D,D,D,D,D,D,D,D,D,D,D,D,D,D,D,D,D,D,D,D,D,D,D,D,D,D,D,D,D,D
RPT3,D,D,D,D,D,D,D,D,D,D,D,D,D,D,D,D,D,D,D,D,D,D,D,D,D,D,D,D,D,D,D,D
27,D,D,D,D,D,D,D,D,D,D,D,D,D,D,D,D,D,D,D,D,D,D,D,D,D,D,D,D,D,D,D,D
RPT4A,D,D,D,D,D,D,D,D,D,D,D,D,D,D,D,D,D,D,D,D,D,D,D,D,D,D,D,D,D,D,D,D
RPT5B,D,D,D,D,D,D,D,D,D,D,D,D,D,D,D,D,D,D,D,D,D,D,D,D,D,D,D,D,D,D,D,D
RPT5A,D,D,D,D,D,D,D,D,D,D,D,D,D,D,D,D,D,D,D,D,D,D,D,D,D,D,D,D,D,D,D,D
RPT6A,D,D,D,D,D,D,D,D,D,D,D,D,D,D,D,D,D,D,D,D,D,D,D,D,D,D,D,D,D,D,D,D
32,D,D,D,D,D,D,D,D,D,D,D,D,D,D,D,D,D,D,D,D,D,D,D,D,D,D,D,D,D,D,D,D
PA200,A,A,N,N,N,A,A,N,N,N,N,N,N,A,A,A,N,N,N,N,A,N,N,N,N,A,N,A,N,N,N,N
PAA2,D,D,D,D,D,D,D,D,D,D,D,D,D,D,D,D,D,D,D,D,D,D,D,D,D,N,D,D,D,N,D,D
PAA1,D,D,D,D,D,D,D,D,D,D,D,D,D,D,D,D,D,D,D,D,D,D,D,D,D,N,D,D,D,N,D,D
PAB1,D,D,D,D,D,D,D,D,D,D,D,D,D,D,D,D,D,D,D,D,D,D,D,D,D,N,D,D,D,N,D,D
37,D,D,D,D,D,D,D,D,D,D,D,D,D,D,D,D,D,D,D,D,D,D,D,D,D,N,D,D,D,N,D,D
PAC1,D,D,D,D,D,D,D,D,D,D,D,D,D,D,D,D,D,D,D,D,D,D,D,D,D,N,D,D,D,N,D,D
PAD1,D,D,D,D,D,D,D,D,D,D,D,D,D,D,D,D,D,D,D,D,D,D,D,D,D,N,D,D,D,N,D,D
PAD2,D,D,D,D,D,D,D,D,D,D,D,D,D,D,D,D,D,D,D,D,D,D,D,D,D,N,D,D,D,N,D,D
PAE1,D,D,D,D,D,D,D,D,D,D,D,D,D,D,D,D,D,D,D,D,D,D,D,D,D,N,D,D,D,N,D,D
PAE2,D,D,D,D,D,D,D,D,D,D,D,D,D,D,D,D,D,D,D,D,D,D,D,D,D,N,D,D,D,N,D,D
PAF2,D,D,D,D,D,D,D,D,D,D,D,D,D,D,D,D,D,D,D,D,D,D,D,D,D,N,D,D,D,N,D,D
PAF1,D,D,D,D,D,D,D,D,D,D,D,D,D,D,D,D,D,D,D,D,D,D,D,D,D,N,D,D,D,N,D,D
PAG1,D,D,D,D,D,D,D,D,D,D,D,D,D,D,D,D,D,D,D,D,D,D,D,D,D,N,D,D,D,N,D,D
PBA1,D,D,D,D,D,D,D,D,D,D,D,D,D,D,D,D,D,D,D,D,D,D,D,D,D,N,D,D,D,N,D,D
PBB1,D,D,D,D,D,D,D,D,D,D,D,D,D,D,D,D,D,D,D,D,D,D,D,D,D,N,D,D,D,N,D,D
PBB2,D,D,D,D,D,D,D,D,D,D,D,D,D,D,D,D,D,D,D,D,D,D,D,D,D,N,D,D,D,N,D,D
PBC1,D,D,D,D,D,D,D,D,D,D,N,D,D,D,D,D,D,N,D,D,N,D,D,D,D,N,D,D,D,N,D,N
PBC2,D,D,D,D,D,D,D,D,D,D,N,D,D,D,D,D,D,N,D,D,N,D,D,D,D,N,D,D,D,N,D,N
PBD1,D,D,D,D,N,D,N,D,D,D,D,D,D,D,N,N,D,N,D,D,D,D,N,D,D,N,D,D,D,N,D,D
PBD2,D,D,D,D,N,D,N,D,D,D,D,D,D,D,N,N,D,D,D,D,D,D,N,D,D,N,D,D,D,N,D,D
PBE1,D,D,D,D,D,D,D,D,D,D,D,D,D,D,D,D,D,D,D,D,D,D,D,D,D,N,D,D,D,N,D,D
54,D,D,D,D,D,D,D,D,D,D,D,D,D,D,D,D,D,D,D,D,D,D,D,D,D,N,D,D,D,N,D,D
PBF1,D,D,D,D,D,D,D,D,D,D,D,D,D,D,D,D,D,D,D,D,D,D,D,D,D,N,D,D,D,N,D,D
PBG1,D,D,D,D,D,D,D,D,D,D,N,D,D,D,D,D,D,N,D,D,N,D,D,D,D,N,N,D,D,N,D,D
57,N,N,N,N,N,N,N,N,N,N,N,N,N,N,N,N,N,N,N,N,N,N,N,N,N,N,N,N,N,N,N,N
58,N,N,N,N,N,N,N,N,N,N,N,N,N,N,N,N,N,N,N,N,N,N,N,N,N,N,N,N,N,N,N,N
59,N,N,N,N,N,N,N,N,N,N,N,N,N,N,N,N,N,N,N,N,N,N,N,N,N,N,N,N,N,N,N,N
