THPH1;RPRGL2;PT;F2,D,D,D,D,D,D,D,D,D,N,D,D,D,D,D,D,D,D,D,D,D,D,D,D,D,D,D,D,D,D,D,D
PTMB4;TMSB4;FX;TMSB4X;TB4X,N,N,N,N,N,N,N,N,N,N,N,N,N,N,N,N,N,N,N,N,N,N,N,N,N,N,N,N,N,N,N,N
TMSB4Y;TB4Y,N,N,N,N,N,N,N,N,N,N,N,N,N,N,N,N,N,N,N,N,N,N,N,N,N,N,N,N,N,N,N,N
p16-Arc;ARPC5;ARC16;dJ127C7.3,A,N,A,N,N,N,N,N,A,N,A,N,N,N,A,N,N,N,A,N,N,N,A,N,N,A,N,A,N,A,A,A
ARC20;ARPC4;P20-ARC,N,A,A,N,A,N,N,N,A,N,A,A,A,A,N,N,N,N,A,N,A,A,A,A,A,A,N,A,N,A,A,N
ARC21;ARPC3;p21-Arc,A,A,A,N,N,N,N,N,A,N,A,A,A,A,A,N,N,N,A,N,A,A,A,A,A,A,A,N,A,A,A,A
ARPC1B;ARC41;p40-ARC;p41-ARC,A,A,N,N,A,N,A,A,A,N,A,N,N,A,A,A,N,N,A,N,A,A,A,A,N,N,N,A,N,N,A,A
PNAS-139;PRO2446;p34-Arc;ARC34;ARPC2,N,N,N,N,N,N,N,N,A,N,A,N,A,N,N,N,N,N,N,N,A,N,A,N,N,N,N,N,N,N,N,A
SOP2L;ARPC1A;HEL-S-307;Arc40;HEL-68;SOP2Hs,A,A,N,N,A,N,A,A,A,N,A,N,N,A,A,A,N,N,A,N,A,A,A,A,N,N,N,A,N,N,A,A
ARPC5L;ARC16-2,A,N,A,N,N,N,N,N,A,N,A,N,N,N,A,N,N,N,A,N,N,N,A,N,N,A,N,A,N,A,A,A
PFN3,N,N,N,N,N,N,N,N,N,N,N,N,N,N,N,N,N,N,N,N,N,N,N,N,N,N,N,N,N,N,N,N
PFN4,N,A,N,N,N,A,N,N,N,N,N,N,N,N,A,N,N,N,A,N,A,N,N,N,N,N,N,N,N,N,N,N
ALS18;PFN1,N,N,N,N,N,N,N,N,N,N,N,N,N,N,N,N,N,N,N,N,N,N,N,N,N,N,N,N,N,N,N,N
D3S1319E;PFN2;PFL,N,N,N,N,N,N,N,N,N,N,N,N,N,N,N,N,N,N,N,N,N,N,N,N,N,N,N,N,N,N,N,N
WASF4;WASF2;SCAR2;WAVE2;dJ393P12.2;IMD2,A,N,A,N,N,N,N,N,A,N,N,N,N,A,N,N,N,N,A,N,A,A,A,A,N,A,N,N,N,A,A,N
WASF1;WAVE;SCAR1;WAVE1,D,D,D,N,D,N,D,N,D,N,D,D,D,D,D,D,D,D,D,D,D,D,N,D,D,D,N,D,N,D,D,D
HSPC300;hHBrk1;MDS027;C3orf10;BRK1,N,N,N,N,N,N,N,N,N,N,N,N,N,N,N,N,N,N,N,N,N,N,N,N,N,N,N,N,N,N,N,N
APC2;APCL,A,N,A,N,N,N,N,A,A,N,A,N,A,N,N,N,N,N,N,N,A,A,N,A,N,N,A,N,N,A,A,A
DP3;PPP1R46;GS;BTPS2;DP2.5;DP2;APC,A,A,A,N,A,A,N,A,A,N,A,A,A,A,A,A,A,A,A,A,A,A,A,A,A,A,A,A,A,A,A,A
WASP;SCNX;WASPA;WAS;IMD2;THC;THC1,N,A,A,N,N,N,N,A,A,N,A,N,A,A,N,N,N,N,N,A,A,A,N,N,N,N,N,N,N,N,A,N
WASPB;N-WASP;WASL;NWASP,D,D,D,N,D,N,D,D,D,N,D,D,D,D,D,D,D,D,D,D,D,D,N,D,D,D,N,D,N,D,D,D
ASEF2;ARHGEF29;SPATA13,D,D,D,D,D,D,D,D,D,N,D,D,D,D,D,D,D,D,D,D,D,D,D,D,D,D,D,D,D,D,D,D
GEF4;ARHGEF4;ASEF1;ASEF;STM6,D,D,D,D,D,D,D,D,D,N,D,D,D,D,D,D,D,D,D,D,D,D,D,D,D,D,D,D,D,D,D,D
argBPIB;AIP-1;ABI2;ABI-2;argBPIA;AblBP3;SSH3BP2;ABI2B;argBP1,D,D,D,D,D,D,D,D,D,N,D,D,D,D,D,D,D,D,D,D,D,D,D,D,D,D,D,D,D,D,D,D
NCKAP1;NAP125;NAP1;HEM2;p125Nap1,N,A,A,N,N,N,N,N,N,N,A,N,N,N,N,N,N,N,A,N,N,N,N,N,N,N,N,N,N,A,A,N
HEM1;NCKAP1L,N,A,A,N,N,N,N,N,N,N,A,N,N,N,N,N,N,N,A,N,N,N,N,N,N,N,N,N,N,A,A,N
SRA1;SHYC;P140SRA-1;SRA-1;CYFIP1,N,N,N,N,N,N,N,N,N,N,N,N,N,N,N,N,N,N,N,N,N,N,N,N,N,N,N,N,N,N,N,N
PIR121;CYFIP2,N,N,N,N,N,N,N,N,N,N,N,N,N,N,N,N,N,N,N,N,N,N,N,N,N,N,N,N,N,N,N,N
BAIAP2;FLAF3;BAP2;IRSP53,N,N,N,N,N,N,N,N,N,N,N,N,N,N,N,N,N,N,N,N,N,N,N,N,N,N,N,N,N,N,N,N
SSH1;SSH1L,D,D,D,D,D,D,D,D,D,N,D,D,D,D,D,D,D,D,D,D,D,D,D,D,D,D,D,D,D,D,D,D
SSH3;SSH3L,D,D,D,D,D,D,D,D,D,N,D,D,D,D,D,D,D,D,D,D,D,D,D,D,D,D,D,D,D,D,D,D
SSH-2;SSH-2L;SSH2,D,D,D,D,D,D,D,D,D,N,D,D,D,D,D,D,D,D,D,D,D,D,D,D,D,D,D,D,D,D,D,D
CFL1;cofilin;HEL-S-15;CFL,A,N,A,N,N,A,N,N,A,N,N,N,A,N,N,N,A,N,N,N,N,N,N,A,N,N,N,A,N,N,A,N
NEM7;CFL2,A,N,A,N,N,A,N,N,A,N,N,N,A,N,N,N,A,N,N,N,N,N,N,A,N,N,N,A,N,N,A,N
LIMK-1;LIMK1;LIMK,D,D,D,D,D,D,D,D,D,D,D,D,D,D,D,D,D,D,D,D,D,D,D,D,D,D,D,D,D,D,D,D
LIMK2,D,D,D,D,D,D,D,D,D,N,D,D,D,D,D,D,D,D,D,D,D,D,D,D,D,D,D,D,D,D,D,D
AGEL;ADF;GSN,D,D,D,D,D,D,D,D,D,N,D,D,D,D,D,N,D,D,D,D,D,D,D,D,D,D,D,D,D,D,D,D
SCIN,D,D,D,D,D,D,D,D,D,N,D,D,D,D,D,N,D,D,D,D,D,D,D,D,D,D,D,D,D,D,D,D
MV;HEL114;MVCL;CMH15;CMD1W;VCL,N,N,N,N,N,N,N,N,N,N,N,N,N,N,N,N,N,N,N,N,N,N,N,N,N,N,N,N,N,N,N,N
PIP5K;FAB1;PIP5K3;ZFYVE29;HEL37;CFD;PIKFYVE,D,D,D,D,D,D,D,D,D,D,D,D,D,D,D,D,D,D,D,D,D,D,D,D,D,D,D,D,D,D,D,D
PIP5K1-gamma;PIP5Kgamma;PIP5K-GAMMA;PIP5K1C;LCCS3,D,D,D,D,D,D,D,D,D,N,D,D,D,D,D,D,D,D,D,D,D,D,D,D,N,D,D,D,D,D,D,D
PIP5KII-alpha;PIP5KIIA;PIP5K2A;PIP4K2A;PIPK;PI5P4KA,D,D,D,D,D,D,D,D,D,N,D,D,D,D,D,D,D,D,D,D,D,D,D,D,N,D,D,D,D,D,D,D
PIP4K2C;PIP5K2C,D,D,D,D,D,D,D,D,D,N,D,D,D,D,D,D,D,D,D,D,D,D,D,D,N,D,D,D,D,D,D,D
PIP5K1A,D,D,D,D,D,D,D,D,D,N,D,D,D,D,D,D,D,D,D,D,D,D,D,D,N,D,D,D,D,D,D,D
STM7;PIP5K1B;MSS4,D,D,D,D,D,D,D,D,D,N,D,D,D,D,D,D,D,D,D,D,D,D,D,D,N,D,D,D,D,D,D,D
PIP5P4KB;PI5P4KB;PIP5KIIB;PIP5K2B;PIP4K2B;PIP5KIIbeta,D,D,D,D,D,D,D,D,D,N,D,D,D,D,D,D,D,D,D,D,D,D,D,D,N,D,D,D,D,D,D,D
DFNA1;SCBMS;DRF1;hDIA1;DIA1;LFHL1;DIAPH1,D,D,D,D,D,D,D,D,D,N,D,D,D,D,D,D,D,D,D,D,D,D,D,D,D,D,D,D,D,D,D,D
DIAPH2;DIA;DRF2;POF2;POF2A;POF;DIA2,D,D,D,D,D,D,D,D,D,N,D,D,D,D,D,D,D,D,D,D,D,D,D,D,D,D,D,D,D,D,D,D
FSGS;FSGS1;ACTN4;ACTININ-4,D,D,D,D,D,D,D,D,D,N,D,D,D,D,D,D,D,D,D,D,D,D,D,D,D,D,D,D,D,D,D,D
BDPLT15;ACTN1,D,D,D,D,D,D,D,D,D,N,D,D,D,D,D,D,D,D,D,D,D,D,D,D,D,D,D,D,D,D,D,D
IMD50;MSN;HEL70,D,D,D,D,D,D,D,D,D,N,D,D,D,D,D,D,D,D,D,D,D,D,D,D,D,D,D,D,D,D,D,D
RDX;DFNB24,B,B,B,B,B,B,B,B,B,N,B,B,B,B,B,B,B,B,B,B,B,B,B,B,B,B,B,B,B,B,B,B
CVL;HEL-S-105;CVIL;VIL2;EZR,B,B,B,B,B,B,B,B,B,N,B,B,B,B,B,B,B,B,B,B,B,B,B,B,B,B,B,B,B,B,B,B
PXN,A,A,A,N,N,N,N,N,A,N,A,A,N,A,A,N,N,N,A,N,A,A,A,A,A,A,A,A,A,A,A,A
SLC9A1;APNH;NHE1;LIKNS;PPP1R143;NHE-1,D,N,N,N,N,N,N,N,D,N,D,N,N,D,D,N,N,N,D,N,N,D,N,N,N,D,N,N,N,N,D,D
M130;MYPT1;PPP1R12A;MBS,D,D,D,D,D,D,D,D,D,N,D,D,D,D,D,D,D,D,D,D,D,D,D,D,D,D,D,D,D,D,D,D
PP1bp55;PPP1R12B;MYPT2,D,D,D,D,D,D,D,D,D,D,D,D,D,D,D,D,D,D,D,D,D,D,D,D,D,D,D,D,D,D,D,D
p85;MBS85;PPP1R12C;LENG3;AAVS1;p84,D,D,D,D,D,D,D,D,D,D,D,D,D,D,D,D,D,D,D,D,D,D,D,D,D,D,D,D,D,D,D,D
PPP1A;PP1A;PP-1A;PP1alpha;PPP1CA,D,D,D,D,D,D,D,D,D,N,D,D,D,D,D,D,D,D,D,D,D,D,D,D,D,D,D,D,D,D,D,D
PPP1CD;PPP1CB;PP1B;NSLH2;PP1beta;PP-1B;HEL-S-80p,D,D,D,D,D,D,D,D,D,N,D,D,D,D,D,D,D,D,D,D,D,D,D,D,D,D,D,D,D,D,D,D
PPP1G;PP1C;PPP1CC;PP-1G,D,D,D,D,D,D,D,D,D,N,D,D,D,D,D,D,D,D,D,D,D,D,D,D,D,D,D,D,D,D,D,D
MLC-B;MRLC2;MYL12B,B,B,B,B,B,N,B,B,B,N,B,B,B,B,B,B,B,B,B,B,B,B,B,B,B,B,B,B,B,B,B,B
MYRL2;MLC-2C;MLC2;LC20;MRLC1;MYL9,B,B,B,B,B,N,B,B,B,N,B,B,B,B,B,B,B,B,B,B,B,B,B,B,B,B,B,B,B,B,B,B
HEL-S-24;MLC-2B;MYL12A;MRLC3;MLCB;MRCL3;MYL2B,B,B,B,B,B,N,B,B,B,N,B,B,B,B,B,B,B,B,B,B,B,B,B,B,B,B,B,B,B,B,B,B
HUMMLC2B;MLC2B;MYL11;MRLC2;MYLPF,B,B,B,B,B,N,B,B,B,N,B,B,B,B,B,B,B,B,B,B,B,B,B,B,N,B,B,B,B,B,B,B
CMH10;MLC-2s/v;MLC2;MYL2,B,B,B,B,B,N,B,B,B,N,B,B,B,B,B,B,B,B,B,B,B,B,B,B,B,B,B,B,B,B,B,B
MYLC2;MYL5,B,B,B,B,B,N,B,B,B,N,B,B,B,B,B,B,B,B,B,B,B,B,B,B,N,B,B,B,B,B,B,B
MYLC2A;MYL2A;MYL7,B,B,B,B,B,N,B,B,B,N,B,B,B,B,B,B,B,B,B,B,B,B,B,B,N,B,B,B,B,B,B,B
PLRLC;MYLC2PL;MYL10,B,B,B,B,B,N,B,B,B,N,B,B,B,B,B,B,B,B,B,B,B,B,B,B,N,B,B,B,B,B,B,B
SgK085;MYLK4,D,D,D,D,D,D,D,D,D,D,D,D,D,D,D,D,D,D,D,D,D,D,D,D,D,D,D,D,D,D,D,D
AAT7;MLCK210;KRP;MLCK1;MLCK108;MYLK;MSTP083;MYLK1;MLCK;smMLCK,D,D,D,D,D,D,D,D,D,D,D,D,D,D,D,D,D,D,D,D,D,D,D,D,D,D,D,D,D,D,D,D
MYLK2;MLCK2;KMLC;skMLCK;MLCK,D,D,D,D,D,D,D,D,D,D,D,D,D,D,D,D,D,D,D,D,D,D,D,D,D,D,D,D,D,D,D,D
caMLCK;MLCK;MYLK3;MLCK2,D,D,D,D,D,D,D,D,D,D,D,D,D,D,D,D,D,D,D,D,D,D,D,D,D,D,D,D,D,D,D,D
GIT1,D,D,D,D,D,D,D,D,D,N,D,D,D,D,D,D,D,D,D,D,D,D,D,D,D,D,D,D,D,D,D,D
MENA;ENAH;ENA;NDPP1,D,D,D,D,D,N,D,D,D,N,D,D,D,D,D,D,D,D,D,D,D,D,D,D,D,D,D,D,D,D,D,D
NSDAN;diap3;DIAPH3;DRF3;mDia2;AUNA1;AN;DIA2,D,D,D,D,D,D,D,D,D,N,D,D,D,D,D,D,D,D,D,D,D,D,D,D,D,D,D,D,D,D,D,D
ROCK-I;P160ROCK;ROCK1,D,D,D,D,D,D,D,D,D,D,D,D,D,D,D,D,D,D,D,D,D,D,D,D,D,D,D,D,D,D,D,D
ROCK-II;ROCK2,D,D,D,D,D,D,D,D,D,D,D,D,D,D,D,D,D,D,D,D,D,D,D,D,D,D,D,D,D,D,D,D
PAK4,D,D,D,D,D,D,D,D,D,D,D,D,D,D,D,D,D,D,D,D,D,D,D,D,D,D,D,D,D,D,D,D
BUB1B-PAK6,D,D,D,D,D,D,D,D,D,D,D,D,D,D,D,D,D,D,D,D,D,D,D,D,D,D,D,D,D,D,D,D
PAK1;PAKalpha,D,D,D,D,D,D,D,D,D,D,D,D,D,D,D,D,D,D,D,D,D,D,D,D,D,D,D,D,D,D,D,D
PAK65;PAK2;PAKgamma,D,D,D,D,D,D,D,D,D,D,D,D,D,D,D,D,D,D,D,D,D,D,D,D,D,D,D,D,D,D,D,D
PAK-3;beta-PAK;OPHN3;MRX47;MRX30;PAK3;bPAK;ARA;PAK3beta,D,D,D,D,D,D,D,D,D,D,D,D,D,D,D,D,D,D,D,D,D,D,D,D,D,D,D,D,D,D,D,D
PAK6;PAK5,D,D,D,D,D,D,D,D,D,D,D,D,D,D,D,D,D,D,D,D,D,D,D,D,D,D,D,D,D,D,D,D
PAK5;PAK7,D,D,D,D,D,D,D,D,D,D,D,D,D,D,D,D,D,D,D,D,D,D,D,D,D,D,D,D,D,D,D,D
P85;BETA-PIX;P50;PIXB;Nbla10314;P85SPR;COOL-1;COOL1;P85COOL1;ARHGEF7;P50BP;PAK3,D,D,D,D,D,N,D,D,D,N,D,D,D,D,D,D,D,D,D,D,D,D,D,D,D,D,D,D,D,D,D,D
Cool-2;alpha-PIX;COOL2;PIXA;alphaPIX;MRX46;ARHGEF6,D,D,D,D,D,N,D,D,D,N,D,D,D,D,D,D,D,D,D,D,D,D,D,D,D,D,D,D,D,D,D,D
TKS;CDC42Hs;CDC42;G25K,D,D,D,D,D,D,D,D,D,D,D,D,D,D,D,D,D,D,D,D,D,D,D,D,D,D,D,D,D,D,D,D
MIG5;RAC1;p21-Rac1;TC-25;Rac-1,D,D,D,D,D,D,D,D,D,D,D,D,D,D,D,D,D,D,D,D,D,D,D,D,D,D,D,D,D,D,D,D
RAC2;Gx;EN-7;p21-Rac2;HSPC022,D,D,D,D,D,D,D,D,D,D,D,D,D,D,D,D,D,D,D,D,D,D,D,D,D,D,D,D,D,D,D,D
RAC3,D,D,D,D,D,D,D,D,D,D,D,D,D,D,D,D,D,D,D,D,D,D,D,D,D,D,D,D,D,D,D,D
ARHA;ARH12;RHOH12;RHO12;RHOA,D,D,D,D,D,D,D,D,D,D,D,D,D,D,D,D,D,D,D,D,D,D,D,D,D,D,D,D,D,D,D,D
PRO2792;LARG;ARHGEF12,D,D,D,D,D,N,N,D,D,N,D,D,D,D,D,D,D,D,D,D,D,D,D,D,N,D,D,D,D,D,D,D
P115-RHOGEF;SUB1.5;GEF1;ARHGEF1;LBCL2;LSC,A,A,A,A,A,N,N,N,A,N,A,N,A,A,A,N,A,N,A,A,A,A,A,A,N,A,A,A,A,A,A,A
IQGAP2,D,D,D,D,D,D,D,D,D,N,D,D,D,D,D,D,D,D,D,D,D,D,D,D,D,D,D,D,D,D,D,D
IQGAP3,D,D,D,D,D,D,D,D,D,N,D,D,D,D,D,D,D,D,D,D,D,D,D,D,D,D,D,D,D,D,D,D
SAR1;p195;IQGAP1;HUMORFA01,D,D,D,D,D,D,D,D,D,N,D,D,D,D,D,D,D,D,D,D,D,D,D,D,D,D,D,D,D,D,D,D
GRF-1;ARHGAP35;P190-A;p190ARhoGAP;p190RhoGAP;P190A;GRLF1,B,B,B,B,B,N,N,B,B,N,B,B,B,B,B,B,B,B,B,B,B,B,B,B,B,B,B,B,B,B,B,B
VAV3,D,D,D,D,D,D,D,D,D,N,D,D,D,D,D,D,D,D,D,D,D,D,D,D,D,D,D,D,D,D,D,D
TIAM-1;TIAM1,D,D,D,D,D,N,D,D,D,N,D,D,D,D,D,D,D,D,D,D,D,D,D,D,D,D,D,D,D,D,D,D
VAV1;VAV,D,D,D,D,D,N,D,D,D,N,D,D,D,D,D,D,D,D,D,D,D,D,D,D,D,D,D,D,D,D,D,D
VAV-2;VAV2,D,D,D,D,D,N,D,D,D,N,D,D,D,D,D,D,D,D,D,D,D,D,D,D,D,D,D,D,D,D,D,D
MAPK1;ERK;PRKM1;p41mapk;p42-MAPK;p41;MAPK2;p40;p38;ERK-2;ERK2;ERT1;PRKM2;P42MAPK,D,D,D,D,D,D,D,D,D,D,D,D,D,D,D,D,D,D,D,D,D,D,D,D,D,D,D,D,D,D,D,D
PRKM3;HS44KDAP;ERT2;P44ERK1;ERK-1;HUMKER1A;p44-MAPK;ERK1;p44-ERK1;P44MAPK;MAPK3,D,D,D,D,D,D,D,D,D,D,D,D,D,D,D,D,D,D,D,D,D,D,D,D,D,D,D,D,D,D,D,D
MKK1;PRKMK1;MEK1;CFC3;MAPKK1;MAP2K1,D,D,D,D,D,D,D,D,D,D,D,D,D,D,D,D,D,D,D,D,D,D,D,D,D,D,D,D,D,D,D,D
MAPKK2;PRKMK2;MEK2;MAP2K2;CFC4;MKK2,D,D,D,D,D,D,D,D,D,D,D,D,D,D,D,D,D,D,D,D,D,D,D,D,D,D,D,D,D,D,D,D
ARAF;A-RAF;PKS2;ARAF1;RAFA1,D,D,D,D,D,D,D,D,D,N,D,D,D,D,D,D,D,D,D,D,D,D,D,D,D,D,D,D,D,D,D,D
MSV;MOS,D,D,D,D,D,D,D,D,D,D,D,D,D,D,D,D,D,D,D,D,D,D,D,D,D,D,D,D,D,D,D,D
RAF1;NS5;CMD1NN;Raf-1;CRAF;c-Raf,D,D,D,D,D,D,D,D,D,N,D,D,D,D,D,D,D,D,D,D,D,D,D,D,D,D,D,D,D,D,D,D
BRAF;NS7;B-RAF1;BRAF1;RAFB1;B-raf,D,D,D,D,D,D,D,D,D,D,D,D,D,D,D,D,D,D,D,D,D,D,D,D,D,D,D,D,D,D,D,D
MCM;CWS5;PIK3CA;MCAP;CLOVE;PI3K-alpha;MCMTC;PI3K;p110-alpha,B,B,B,B,B,B,B,B,B,N,B,B,B,B,B,B,B,B,B,B,B,B,B,B,B,B,B,B,B,B,B,B
P110BETA;PI3KBETA;PIK3C1;PIK3CB;PI3K,B,B,B,B,B,B,B,B,B,B,B,B,B,B,B,B,B,B,B,B,B,B,B,B,B,B,B,B,B,B,B,B
APDS;PIK3CD;IMD14;p110D;PI3K;P110DELTA,B,B,B,B,B,B,B,B,B,N,B,B,B,B,B,B,B,B,B,B,B,B,B,B,B,B,B,B,B,B,B,B
GRB1;IMD36;p85;AGM7;p85-ALPHA;PIK3R1,A,A,A,N,N,N,N,A,A,N,A,A,N,A,A,A,N,N,A,N,A,A,A,A,A,A,A,A,A,A,A,A
PIK3R2;p85;MPPH;p85-BETA;MPPH1;P85B,N,N,N,N,N,N,N,N,N,N,N,N,N,N,N,N,N,N,N,N,N,N,N,N,N,N,N,N,N,N,N,N
p55PIK;p55;PIK3R3;p55-GAMMA,N,N,N,N,N,N,N,N,N,N,N,N,N,N,N,N,N,N,N,N,N,N,N,N,N,N,N,N,N,N,N,N
ced5;DOCK1;DOCK180,B,N,N,N,N,N,N,N,B,N,B,N,N,B,N,B,N,N,B,N,B,B,N,B,B,N,N,N,N,N,B,N
MRXS16;ZFYVE3;FGDY;FGD1;AAS,D,D,D,D,D,N,D,D,D,N,D,D,D,D,D,D,D,D,D,D,D,D,D,D,D,D,D,D,D,D,D,D
ZFYVE5;FGD3,D,D,D,D,D,D,D,D,D,N,D,D,D,D,D,D,D,D,D,D,D,D,D,D,D,D,D,D,D,D,D,D
GNG12,N,N,N,N,N,N,N,N,N,N,N,N,N,N,N,N,N,N,N,N,N,N,N,N,N,N,N,N,N,N,N,N
CRKII;CRK;p38,A,A,A,N,A,N,N,N,A,N,A,N,A,A,A,N,N,N,A,A,A,A,A,A,A,A,A,A,A,A,A,A
CRKL,A,A,A,N,N,N,N,N,A,N,A,N,A,A,A,N,N,N,A,A,A,A,A,A,A,A,A,A,A,A,A,A
BCAR1;CASS1;P130Cas;CRKAS;CAS;CAS1,C,C,C,N,C,N,N,N,C,N,C,N,C,C,C,N,C,N,C,C,C,C,C,C,C,C,C,C,C,C,C,C
FRNK;FADK;PPP1R71;PTK2;p125FAK;pp125FAK;FAK;FAK1,D,D,D,D,D,D,D,D,D,D,D,D,D,D,D,D,D,D,D,D,D,D,D,D,D,D,D,D,D,D,D,D
CHRM1;M1;M1R;HM1,N,N,N,N,N,N,N,N,N,N,N,N,N,N,N,N,N,N,N,N,N,N,N,N,N,N,N,N,N,N,N,N
HM2;CHRM2,N,N,N,N,N,N,N,N,N,N,N,N,N,N,N,N,N,N,N,N,N,N,N,N,N,N,N,N,N,N,N,N
HM3;PBS;CHRM3;EGBRS,N,N,N,N,N,N,N,N,N,N,N,N,N,N,N,N,N,N,N,N,N,N,N,N,N,N,N,N,N,N,N,N
HM4;CHRM4;M4R,N,N,N,N,N,N,N,N,N,N,N,N,N,N,N,N,N,N,N,N,N,N,N,N,N,N,N,N,N,N,N,N
CHRM5;HM5,N,N,N,N,N,N,N,N,N,N,N,N,N,N,N,N,N,N,N,N,N,N,N,N,N,N,N,N,N,N,N,N
B1BKR;BDKRB1;BDKRB2;BKR1;B1R;BRADYB1;BKB1R,N,N,N,N,N,N,N,N,N,N,N,N,N,N,N,N,N,N,N,N,N,N,N,N,N,N,N,N,N,N,N,N
BRB2;BK2;BK-2;BDKRB2;B2R;BKR2,N,N,N,N,N,N,N,N,N,N,N,N,N,N,N,N,N,N,N,N,N,N,N,N,N,N,N,N,N,N,N,N
SRC;ASV;c-SRC;p60-Src;THC6;SRC1,D,D,D,D,D,D,D,D,D,D,D,D,D,D,D,D,D,D,D,D,D,D,D,D,D,D,D,D,D,D,D,D
HsT18964;ITGA11,D,D,D,N,D,N,N,D,D,N,D,D,D,D,D,D,D,D,D,D,D,D,D,D,D,D,D,D,N,D,D,D
ITGA6B;VLA-6;CD49f;ITGA6,B,B,B,N,N,N,N,N,N,N,B,N,B,N,N,N,N,N,N,N,B,N,B,N,N,B,N,B,N,N,B,B
ITGA1;CD49a;VLA1,D,D,D,N,D,N,N,D,D,N,D,D,D,D,D,D,D,D,D,D,D,D,D,D,D,D,D,D,N,D,D,D
VLA-2;ITGA2;CD49B;GPIa;BR;HPA-5;VLAA2,D,D,D,N,D,N,N,D,D,N,D,D,D,D,D,D,D,D,D,D,D,D,D,D,D,D,D,D,N,D,D,D
GTA;GT;CD41B;GP2B;PPP1R93;ITGA2B;BDPLT2;CD41;GPIIb;HPA3;BDPLT16,B,B,B,N,N,N,N,N,N,N,B,N,B,N,N,N,N,N,N,N,B,N,B,N,N,B,N,B,N,N,B,B
VCA-2;GAPB3;GAP-B3;VLA3a;VL3A;CD49C;ILNEB;FRP-2;ITGA3;MSK18,B,B,B,N,N,N,N,N,N,N,B,N,B,N,N,N,N,N,N,N,B,N,B,N,N,B,N,B,N,N,B,B
IA4;ITGA4;CD49D,B,B,B,N,N,N,N,N,N,N,B,N,B,N,N,N,N,N,N,N,B,N,B,N,N,B,N,B,N,N,B,B
FNRA;ITGA5;VLA5A;CD49e;VLA-5,B,B,B,N,N,N,N,N,N,N,B,N,B,N,N,N,N,N,N,N,B,N,B,N,N,B,N,B,N,N,B,B
ITGA7,B,B,B,N,N,N,N,N,N,N,B,N,B,N,N,N,N,N,N,N,B,N,B,N,N,B,N,B,N,N,B,B
ITGA9;ALPHA-RLC;RLC;ITGA4L,B,B,B,N,N,N,N,N,N,N,B,N,B,N,N,N,N,N,N,N,B,N,B,N,N,B,N,B,N,N,B,B
ADB2;ITGAD;CD11D,D,D,D,N,D,N,N,D,D,N,D,D,D,D,D,D,D,D,D,D,D,D,D,D,D,D,D,D,N,D,D,D
HUMINAE;ITGAE;CD103,D,D,D,N,D,N,N,D,D,N,D,D,D,D,D,D,D,D,D,D,D,D,D,D,D,D,D,D,N,D,D,D
LFA1A;LFA-1;ITGAL;CD11A,D,D,D,N,N,N,N,D,D,N,D,N,D,D,D,D,D,D,D,D,D,D,D,D,N,D,D,D,N,N,D,D
MO1A;MAC1A;MAC-1;CD11B;CR3A;SLEB6;ITGAM,D,D,D,N,N,N,N,D,D,N,D,D,D,D,D,D,D,D,D,D,D,D,D,D,N,D,D,D,N,D,D,D
MSK8;CD51;ITGAV;VTNR;VNRA,B,B,B,N,N,N,N,N,N,N,B,N,B,N,N,N,N,N,N,N,B,N,B,N,N,B,N,B,N,N,B,B
CD11C;ITGAX;SLEB6,D,D,D,N,D,N,N,D,D,N,D,D,D,D,D,D,D,D,D,D,D,D,D,D,D,D,D,D,N,D,D,D
FNRB;MSK12;ITGB1;MDF2;VLA-BETA;CD29;GPIIA;VLAB,D,D,D,D,D,D,N,D,D,N,D,D,D,D,D,D,D,D,D,D,D,D,D,D,D,D,D,N,N,D,D,D
CD18;MFI7;MAC-1;LAD;ITGB2;LFA-1;LCAMB;MF17,D,D,D,D,D,D,N,D,D,N,D,D,D,D,D,D,D,D,D,D,D,D,D,D,D,D,D,N,N,D,D,D
GT;BDPLT2;CD61;GPIIIa;ITGB3;GP3A;BDPLT16,D,D,D,D,D,D,N,D,D,N,D,D,D,D,D,D,D,D,D,D,D,D,D,D,D,D,D,N,N,D,D,D
GP150;CD104;ITGB4,D,D,D,D,D,D,D,D,D,N,D,D,D,D,D,D,D,D,D,D,D,D,D,D,D,D,D,N,N,D,D,D
ITGB5,D,D,D,D,D,D,N,D,D,N,D,D,D,D,D,D,D,D,D,D,D,D,D,D,D,D,D,N,N,D,D,D
AI1H;ITGB6,D,D,D,D,D,D,N,D,D,N,D,D,D,D,D,D,D,D,D,D,D,D,D,D,D,D,D,N,N,D,D,D
ITGB7,D,D,D,D,D,D,N,D,D,N,D,D,D,D,D,D,D,D,D,D,D,D,D,D,D,D,D,N,N,D,D,D
ITGB8,D,D,D,D,D,D,N,D,D,N,D,D,D,D,D,D,D,D,D,D,D,D,D,D,D,D,D,N,N,D,D,D
ITGA10;PRO827,D,D,D,N,D,N,N,D,D,N,D,D,D,D,D,D,D,D,D,D,D,D,D,D,D,D,D,D,N,D,D,D
ITGA8,B,B,B,N,N,N,N,N,N,N,B,N,B,N,N,N,N,N,N,N,B,N,B,N,N,B,N,B,N,N,B,B
FN1;GFND2;FN;FINC;ED-B;CIG;FNZ;LETS;MSF;GFND,D,D,D,D,D,D,D,D,D,N,D,D,D,D,D,D,D,D,D,D,D,D,D,D,D,D,D,D,D,D,D,D
TC21;RRAS2,D,D,D,D,D,D,D,D,D,D,D,D,D,D,D,D,D,D,D,D,D,D,D,D,D,D,D,D,D,D,D,D
RRAS3;R-RAS3;M-RAs;MRAS,D,D,D,D,D,D,D,D,D,D,D,D,D,D,D,D,D,D,D,D,D,D,D,D,D,D,D,D,D,D,D,D
C-H-RAS;HAMSV;H-RASIDX;RASH1;C-HA-RAS1;p21ras;C-BAS/HAS;HRAS1;CTLO;HRAS,D,D,D,D,D,D,D,D,D,D,D,D,D,D,D,D,D,D,D,D,D,D,D,D,D,D,D,D,D,D,D,D
K-RAS4B;KI-RAS;K-RAS4A;NS;c-Ki-ras2;KRAS1;C-K-RAS;NS3;RALD;KRAS2;K-RAS2A;RASK2;CFC2;KRAS;K-RAS2B;K-Ras,D,D,D,D,D,D,D,D,D,D,D,D,D,D,D,D,D,D,D,D,D,D,D,D,D,D,D,D,D,D,D,D
CMNS;ALPS4;NRAS1;NS6;N-ras;NCMS;NRAS,D,D,D,D,D,D,D,D,D,D,D,D,D,D,D,D,D,D,D,D,D,D,D,D,D,D,D,D,D,D,D,D
R-Ras;RRAS,D,D,D,D,D,D,D,D,D,D,D,D,D,D,D,D,D,D,D,D,D,D,D,D,D,D,D,D,D,D,D,D
GNA13;G13,C,N,N,N,N,N,C,C,N,N,N,N,C,C,C,N,N,N,C,N,C,N,N,C,N,C,N,C,N,C,C,N
NNX3;gep;RMP;GNA12,C,N,N,N,N,N,C,C,N,N,N,N,C,C,C,N,N,N,C,N,C,N,N,C,N,C,N,C,N,C,C,N
HGF;SOS1;GGF1;NS4;GINGF;GF1,D,D,D,D,D,D,D,D,D,N,D,D,D,D,D,D,D,D,D,D,D,D,D,D,D,D,D,D,D,D,D,D
SOS2;NS9;SOS-2,D,D,D,D,D,D,D,D,D,N,D,D,D,D,D,D,D,D,D,D,D,D,D,D,D,D,D,D,D,D,D,D
mENA;EGFR;PIG61;ERBB1;NISBD2;ERBB;HER1,D,D,D,D,D,D,D,D,D,N,D,D,D,D,D,D,D,D,D,D,D,D,D,D,D,D,D,D,D,D,D,D
FGFR-1;HRTFDS;FLT2;FLG;HBGFR;KAL2;BFGFR;HH2;OGD;ECCL;CEK;FGFBR;FLT-2;bFGF-R-1;FGFR1;CD331;N-SAM,D,D,D,D,D,D,D,D,D,N,D,D,D,D,D,D,D,D,D,D,D,D,D,D,D,D,D,D,D,D,D,D
JTK4;ACH;HSFGFR3EX;CD333;FGFR3;CEK2,D,D,D,D,D,D,D,D,D,N,D,D,D,D,D,D,D,D,D,D,D,D,D,D,D,D,D,D,D,D,D,D
ECT1;CFD1;FGFR2;CD332;BBDS;BEK;KGFR;K-SAM;TK14;BFR-1;CEK3;JWS;TK25,D,D,D,D,D,D,D,D,D,D,D,D,D,D,D,D,D,D,D,D,D,D,D,D,D,D,D,D,D,D,D,D
CD334;FGFR4;TKF;JTK2,D,D,D,D,D,D,D,D,D,N,D,D,D,D,D,D,D,D,D,D,D,D,D,D,D,D,D,D,D,D,D,D
INSRR;IRR,D,D,D,D,D,D,D,D,D,N,D,D,D,D,D,D,D,D,D,D,D,D,D,D,D,D,D,D,D,D,D,D
PDGFRA;PDGFR-2;PDGFR2;CD140A,D,D,D,D,D,D,D,D,D,D,D,D,D,D,D,D,D,D,D,D,D,D,D,D,D,D,D,D,D,D,D,D
IBGC4;PDGFR-1;PENTT;IMF1;PDGFRB;JTK12;KOGS;PDGFR;CD140B;PDGFR1,D,D,D,D,D,D,D,D,D,D,D,D,D,D,D,D,D,D,D,D,D,D,D,D,D,D,D,D,D,D,D,D
EGF;HOMG4;URG,D,D,D,D,D,D,D,D,D,N,D,D,D,D,D,D,D,D,D,D,D,D,D,D,D,D,D,D,D,D,D,D
FGFA;ECGF-beta;ECGF;HBGF1;ECGFA;FGF1;GLIO703;HBGF-1;FGF-alpha;AFGF;FGF-1;ECGFB,N,N,N,N,N,N,N,N,N,N,N,N,N,N,N,N,N,N,N,N,N,N,N,N,N,N,N,N,N,N,N,N
FGFB;HBGF-2;FGF2;FGF-2;BFGF,N,N,N,N,N,N,N,N,N,N,N,N,N,N,N,N,N,N,N,N,N,N,N,N,N,N,N,N,N,N,N,N
HBGF-3;FGF3;INT2,N,N,N,N,N,N,N,N,N,N,N,N,N,N,N,N,N,N,N,N,N,N,N,N,N,N,N,N,N,N,N,N
HBGF-4;HSTF-1;FGF4;HSTF1;K-FGF;FGF-4;HST-1;HST;KFGF,N,N,N,N,N,N,N,N,N,N,N,N,N,N,N,N,N,N,N,N,N,N,N,N,N,N,N,N,N,N,N,N
HBGF-5;TCMGLY;Smag-82;FGF5,N,N,N,N,N,N,N,N,N,N,N,N,N,N,N,N,N,N,N,N,N,N,N,N,N,N,N,N,N,N,N,N
FGF6;HST2;HBGF-6,N,N,N,N,N,N,N,N,N,N,N,N,N,N,N,N,N,N,N,N,N,N,N,N,N,N,N,N,N,N,N,N
HBGF-7;FGF7;KGF,N,N,N,N,N,N,N,N,N,N,N,N,N,N,N,N,N,N,N,N,N,N,N,N,N,N,N,N,N,N,N,N
FGF-8;AIGF;FGF8;HBGF-8;KAL6;HH6,N,N,N,N,N,N,N,N,N,N,N,N,N,N,N,N,N,N,N,N,N,N,N,N,N,N,N,N,N,N,N,N
SYNS3;HBGF-9;GAF;FGF-9;FGF9;HBFG-9,N,N,N,N,N,N,N,N,N,N,N,N,N,N,N,N,N,N,N,N,N,N,N,N,N,N,N,N,N,N,N,N
FGF10,N,N,N,N,N,N,N,N,N,N,N,N,N,N,N,N,N,N,N,N,N,N,N,N,N,N,N,N,N,N,N,N
FGF11;FHF3;FGF-11;FHF-3,N,N,N,N,N,N,N,N,N,N,N,N,N,N,N,N,N,N,N,N,N,N,N,N,N,N,N,N,N,N,N,N
FGF12;EIEE47;FHF1;FGF12B,N,N,N,N,N,N,N,N,N,N,N,N,N,N,N,N,N,N,N,N,N,N,N,N,N,N,N,N,N,N,N,N
FGF13;FHF2;FGF-13;FGF2;FHF-2,N,N,N,N,N,N,N,N,N,N,N,N,N,N,N,N,N,N,N,N,N,N,N,N,N,N,N,N,N,N,N,N
FGF14;SCA27;FHF-4;FHF4;FGF-14,N,N,N,N,N,N,N,N,N,N,N,N,N,N,N,N,N,N,N,N,N,N,N,N,N,N,N,N,N,N,N,N
FGF-20;FGF20;RHDA2,N,N,N,N,N,N,N,N,N,N,N,N,N,N,N,N,N,N,N,N,N,N,N,N,N,N,N,N,N,N,N,N
FGF21,N,N,N,N,N,N,N,N,N,N,N,N,N,N,N,N,N,N,N,N,N,N,N,N,N,N,N,N,N,N,N,N
FGF22,N,N,N,N,N,N,N,N,N,N,N,N,N,N,N,N,N,N,N,N,N,N,N,N,N,N,N,N,N,N,N,N
PDGF-A;PDGF1;PDGFA,N,N,N,N,N,N,N,N,N,N,N,N,N,N,N,N,N,N,N,N,N,N,N,N,N,N,N,N,N,N,N,N
PDGF2;SIS;PDGF-2;c-sis;IBGC5;PDGFB;SSV,N,N,N,N,N,N,N,N,N,N,N,N,N,N,N,N,N,N,N,N,N,N,N,N,N,N,N,N,N,N,N,N
PDGFC;FALLOTEIN;SCDGF,B,B,B,N,N,N,N,B,N,N,N,N,N,N,N,N,B,N,N,N,B,B,N,B,N,B,B,N,N,N,B,B
SCDGF-B;MSTP036;IEGF;PDGFD;SCDGFB,B,B,B,N,N,N,N,B,N,N,N,N,N,N,N,N,B,N,N,N,B,B,N,B,N,B,B,N,N,N,B,B
FGF23;PHPTC;HPDR2;HYPF;FGFN;ADHR,N,N,N,N,N,N,N,N,N,N,N,N,N,N,N,N,N,N,N,N,N,N,N,N,N,N,N,N,N,N,N,N
FGF18;FGF-18;ZFGF5,N,N,N,N,N,N,N,N,N,N,N,N,N,N,N,N,N,N,N,N,N,N,N,N,N,N,N,N,N,N,N,N
FGF-13;FGF-17;HH20;FGF17,N,N,N,N,N,N,N,N,N,N,N,N,N,N,N,N,N,N,N,N,N,N,N,N,N,N,N,N,N,N,N,N
FGF-16;FGF16;MF4,N,N,N,N,N,N,N,N,N,N,N,N,N,N,N,N,N,N,N,N,N,N,N,N,N,N,N,N,N,N,N,N
FGF19,N,N,N,N,N,N,N,N,N,N,N,N,N,N,N,N,N,N,N,N,N,N,N,N,N,N,N,N,N,N,N,N
ILPR;IRDN;MODY10;INS;IDDM1;IDDM;IDDM2,N,N,N,N,N,N,N,N,N,N,N,N,N,N,N,N,N,N,N,N,N,N,N,N,N,N,N,N,N,N,N,N
PAR-1;HTR;CF2R;F2R;PAR1;TR,N,N,N,N,N,N,N,N,N,N,N,N,N,N,N,N,N,N,N,N,N,N,N,N,N,N,N,N,N,N,N,N
CD14,N,N,N,N,N,N,N,N,N,N,N,N,N,N,N,N,N,N,N,N,N,N,N,N,N,N,N,N,N,N,N,N
PS1TP5BP1;BRWS1;ACTB,D,D,D,D,D,D,D,D,D,D,D,D,D,D,D,D,D,D,D,D,D,D,D,D,D,D,D,D,D,D,D,D
ACTG1;ACT;DFNA26;HEL-176;ACTG;DFNA20,D,D,D,D,D,D,D,D,D,D,D,D,D,D,D,D,D,D,D,D,D,D,D,D,D,D,D,D,D,D,D,D
NMMHC-IIA;NMHC-II-A;EPSTS;MHA;NMMHCA;MYH9;BDPLT6;DFNA17;FTNS,D,D,D,D,D,D,D,D,D,N,D,D,D,D,D,D,D,D,D,D,D,D,D,D,D,D,D,D,D,D,D,D
MYH10;NMMHCB;NMMHC-IIB,D,D,D,D,D,D,D,D,D,N,D,D,D,D,D,D,D,D,D,D,D,D,D,D,D,D,D,D,D,D,D,D
MYH17;NMHC-II-C;FP17425;PNMHH;myosin;MHC16;DFNA4A;MYH14;NMHC_II-C;DFNA4,D,D,D,D,D,D,D,D,D,N,D,D,D,D,D,D,D,D,D,D,D,D,D,D,D,D,D,D,D,D,D,D
