TOP3;ZGRF7;TOP3A,D,D,D,N,D,D,N,N,D,N,D,N,D,N,D,N,D,N,D,N,D,N,D,D,D,D,D,D,D,N,D,D
TOP3B1;TOP3B,N,D,D,N,D,D,N,N,D,N,D,N,D,N,D,N,D,N,D,N,N,N,N,N,N,D,N,N,N,N,D,N
RECQL2;RECQ2;BLM;RECQL3;BS,D,D,D,D,D,D,D,D,D,D,D,D,D,D,D,D,D,D,D,D,D,D,D,D,D,D,D,D,D,D,D,D
C7orf76;SHFD1;SHFM1;Shfdg1;DSS1;SHSF1;ECD;SEM1,N,N,N,N,N,N,N,N,N,N,N,N,N,N,N,N,N,N,N,N,N,N,N,N,N,N,N,N,N,N,N,N
RAD52,N,A,N,A,N,N,N,N,N,N,A,A,N,A,N,N,N,N,A,N,N,A,N,A,A,N,N,N,A,N,A,N
ATLD;MRE11A;HNGS1;MRE11;MRE11B,N,N,N,N,N,N,N,N,N,N,N,N,N,N,N,N,N,N,N,N,N,N,N,N,N,N,N,N,N,N,N,N
NBSLD;hRad50;RAD502;RAD50,D,D,D,D,D,D,D,D,D,N,D,D,D,D,D,D,D,D,D,D,D,D,D,D,D,D,D,D,D,D,D,D
CMM6;XRCC3,B,B,N,N,B,N,B,N,B,N,N,N,N,N,N,N,N,B,B,N,B,N,N,B,B,N,N,N,N,N,B,N
RAD51C;FANCO;R51H3;RAD51L2;BROVCA3,B,B,N,N,B,N,B,N,B,N,N,N,N,N,N,N,N,B,B,N,B,N,N,B,B,N,N,N,N,N,B,N
FANCU;XRCC2,N,B,B,N,B,N,B,N,B,N,N,N,N,B,N,N,N,N,B,N,B,N,B,B,N,N,N,N,N,N,N,N
RAD51L3;TRAD;R51H3;BROVCA4;RAD51D,B,B,N,N,B,N,B,N,B,N,B,N,N,N,N,N,N,B,B,N,B,N,N,B,B,B,N,N,N,N,B,N
REC2;RAD51B;RAD51L1;R51H2,B,B,N,N,B,N,B,N,B,N,N,N,N,N,N,N,N,B,B,N,B,N,N,B,B,N,N,N,N,N,B,N
MUS81;SLX3,A,A,N,N,A,N,A,N,A,N,A,N,N,A,N,N,A,N,N,N,A,N,N,N,N,N,N,N,N,N,A,N
P95;AT-V2;ATV;AT-V1;NBS1;NBS;NBN,N,N,N,N,A,N,A,N,N,N,N,A,N,N,N,N,N,N,N,N,N,N,N,N,N,N,N,A,N,N,A,A
RPA4;HSU24186,A,N,N,N,N,N,N,N,N,N,A,A,A,A,N,N,A,N,A,N,N,N,A,A,N,A,N,N,A,N,A,N
MST075;REPA1;RF-A;HSSB;RP-A;RPA1;RPA70,D,D,D,N,D,D,D,D,D,N,D,D,D,D,D,N,D,D,D,D,D,D,D,D,D,D,D,D,D,D,D,D
RP-A_p32;RP-A_p34;RPA2;RPA32;REPA2,A,N,N,N,N,N,N,N,N,N,A,A,A,A,N,N,A,N,A,N,N,N,A,A,N,A,N,N,A,N,A,N
REPA3;RP-A_p14;RPA3,N,N,N,N,N,N,N,N,N,N,N,N,N,N,N,N,N,N,N,N,N,N,N,N,N,N,N,N,N,N,N,N
HRAD51;RAD51A;RECA;MRMV2;RAD51;HsT16930;BRCC5;HsRad51;FANCR,B,B,N,N,B,N,B,N,B,N,N,N,N,N,N,N,N,B,B,N,B,N,N,B,B,N,N,N,N,N,B,N
SLX2A;EME1;MMS4L,A,A,N,N,A,N,N,N,A,N,N,N,N,A,A,N,A,N,N,N,A,N,N,N,N,N,N,N,A,N,A,N
XRCC11;FANCD;PNCA2;BRCC2;FAD;GLM3;FACD;BRCA2;FANCD1;BROVCA2;FAD1,N,A,A,N,A,N,N,A,A,N,N,N,N,A,N,N,N,A,A,N,N,N,N,N,N,N,A,A,A,N,A,A
RAD54B;RDH54,D,D,D,D,D,D,D,D,D,N,D,D,D,D,D,D,D,D,D,D,D,D,D,D,D,D,D,D,D,D,D,D
RAD54A;hRAD54;HR54;RAD54L;hHR54,D,D,D,D,D,D,D,D,D,N,D,D,D,D,D,D,D,D,D,D,D,D,D,D,D,D,D,D,D,D,D,D
POLD3;PPP1R128;P66;P68,A,N,N,N,N,N,N,N,A,N,N,N,N,A,N,N,N,N,N,N,N,N,N,N,N,N,N,N,N,N,A,N
MDPL;POLD;CRCS10;CDC2;POLD1,D,D,D,D,D,D,D,D,D,N,D,D,D,D,D,D,D,D,D,D,D,D,D,D,D,D,D,D,D,D,D,D
POLD2,N,N,N,N,A,N,N,A,N,N,A,N,N,A,N,A,N,A,A,N,N,N,A,N,N,A,A,A,N,A,A,N
POLD4;p12;POLDS,N,N,A,N,N,A,N,A,A,N,A,N,N,A,N,A,A,N,A,N,A,A,N,A,N,N,N,N,N,N,A,N
SOSS-B1;SSBP1;mtSSB;SSBP;Mt-SSB,N,N,N,N,N,N,N,N,N,N,N,N,N,N,N,N,N,N,N,N,N,N,N,N,N,N,N,N,N,N,N,N
RPRGL4;SCP3;SPGF4;COR1;SYCP3,N,N,N,N,N,N,N,N,N,N,N,N,N,N,N,N,N,N,N,N,N,N,N,N,N,N,N,N,N,N,N,N
BRCAI;FANCS;PNCA4;PPP1R53;PSCP;BRCC1;BROVCA1;BRCA1;RNF53;IRIS,B,B,B,B,B,B,B,B,B,N,B,B,N,B,B,B,B,B,B,B,B,B,B,B,B,B,B,B,B,B,B,B
RIM;CTIP;SCKL2;JWDS;SAE2;COM1;RBBP8,N,N,N,N,N,N,N,N,N,N,N,N,N,N,N,N,N,N,N,N,N,N,N,N,N,N,N,N,N,N,N,N
PNCA3;PALB2;FANCN,N,N,N,N,N,N,N,N,N,N,N,N,N,N,N,N,N,N,N,N,N,N,N,N,N,N,N,N,N,N,N,N
RAP80;UIMC1;X2HRIP110,N,N,N,N,N,N,N,N,N,N,N,N,N,N,N,N,N,N,N,N,N,N,N,N,N,N,N,N,N,N,N,N
ABRA1;CCDC98;FAM175A;ABRAXAS1,A,N,N,N,N,N,N,N,A,N,N,N,N,N,N,N,N,N,N,A,N,N,N,N,N,N,N,N,N,N,A,N
FANCJ;OF;BACH1;BRIP1,D,N,D,N,D,D,N,D,D,N,D,D,N,D,D,D,N,D,D,N,D,D,D,D,D,D,D,D,N,D,D,D
BARD1,D,D,D,D,D,D,D,D,D,N,D,D,D,D,D,D,D,D,D,D,D,D,D,D,D,D,D,D,D,D,D,D
TOPBP1;TOP2BP1,D,D,D,D,D,D,D,D,D,N,D,D,D,D,D,D,D,D,D,D,D,D,D,D,D,D,D,D,D,D,D,D
AT1;ATA;ATDC;ATC;ATE;ATM;TEL1;ATD;TELO1,B,B,B,B,B,B,N,B,B,B,B,B,B,B,B,B,B,B,B,B,B,B,B,B,B,B,B,B,B,B,B,B
BRE;BRCC4;BABAM2;BRCC45,N,N,N,N,N,N,N,N,N,N,N,N,N,N,N,N,N,N,N,N,N,N,N,N,N,N,N,N,N,N,N,N
NBA1;MERIT40;C19orf62;HSPC142;BABAM1,N,N,N,N,N,N,N,N,N,N,N,N,N,N,N,N,N,N,N,N,N,N,N,N,N,N,N,N,N,N,N,N
C6.1A;BRCC36;CXorf53;BRCC3,C,C,C,N,N,C,C,C,C,N,N,C,N,C,C,C,C,C,C,N,C,C,C,C,C,C,N,C,N,C,C,C
