fdoI,N,N,N,N,N,N,N,N,N,N,N,N,N,N,N,N,N,N,N,N,N,N,N,N,N,N,N,N,N,N,N,N
fdoH,N,N,N,N,N,N,N,N,N,N,N,N,N,N,N,N,N,N,N,N,N,N,N,N,N,N,N,N,N,N,N,N
fdoG,N,N,N,N,N,N,N,N,N,N,N,N,N,N,N,N,N,N,N,N,N,N,N,N,N,N,N,N,N,N,N,N
frmB,N,N,N,N,N,N,N,N,N,N,N,N,N,N,N,N,N,N,N,N,N,N,N,N,N,N,N,N,N,N,N,N
yeiG,N,N,N,N,N,N,N,N,N,N,N,N,N,N,N,N,N,N,N,N,N,N,N,N,N,N,N,N,N,N,N,N
frmA,A,N,N,N,A,N,N,N,N,N,A,N,N,N,N,N,N,A,N,N,N,N,N,N,N,N,N,N,N,A,N,N
glyA,D,D,D,N,D,D,D,D,D,N,D,D,D,D,D,D,D,D,D,D,D,D,D,D,D,D,D,D,D,D,D,D
ppsA,N,N,N,N,N,N,N,N,N,N,N,N,N,N,N,N,N,N,N,N,N,N,N,N,N,N,N,N,N,N,N,N
eno,D,D,D,D,D,D,D,N,D,N,D,D,D,D,D,D,D,D,D,D,D,N,N,D,N,D,D,D,D,D,D,D
gpmA,D,D,D,N,N,D,N,D,D,N,D,N,N,D,N,N,N,D,N,N,D,N,D,D,N,N,N,N,N,N,D,N
serA,D,N,N,N,N,N,D,D,D,N,D,N,D,D,N,N,N,D,D,N,N,D,D,N,N,N,N,N,N,N,D,D
serC,D,N,N,N,N,N,D,N,D,N,D,N,N,N,D,N,D,N,N,N,N,D,N,D,D,N,N,N,N,N,N,N
serB,N,N,D,N,N,N,N,N,N,N,D,N,N,D,N,N,N,N,N,N,N,N,N,D,N,D,N,N,N,N,N,N
ppc,B,N,B,N,N,N,B,B,B,N,B,N,B,N,B,N,B,B,N,N,N,N,N,N,N,N,B,N,N,N,B,N
mdh,B,B,N,N,N,N,N,B,B,N,B,N,N,N,N,B,B,N,N,N,B,N,B,N,N,N,N,N,N,N,B,N
glpX,N,N,N,N,N,N,N,N,N,N,N,N,N,N,N,N,N,N,N,N,N,N,N,N,N,N,N,N,N,N,N,N
fbp,D,D,D,N,D,N,D,D,D,N,D,N,D,D,D,N,D,N,N,N,D,N,D,D,N,N,N,N,N,N,D,N
pfkB,N,N,N,N,N,N,N,N,N,N,N,N,N,N,N,N,N,N,N,N,N,N,N,N,N,N,N,N,N,N,N,N
pfkA,B,B,B,B,N,N,B,N,B,N,B,N,N,B,N,N,N,B,N,B,B,N,N,B,B,N,B,N,B,N,B,N
fbaB,N,N,N,N,N,N,N,N,N,N,N,N,N,N,N,N,N,N,N,N,N,N,N,N,N,N,N,N,N,N,N,N
fbaA,N,N,N,N,N,N,N,N,N,N,N,N,N,N,N,N,N,N,N,N,N,N,N,N,N,N,N,N,N,N,N,N
ackA,N,N,N,N,N,N,N,N,N,N,N,N,N,N,N,N,N,N,N,N,N,N,N,N,N,N,N,N,N,N,N,N
pta,N,N,N,N,N,N,N,N,N,N,N,N,N,N,N,N,N,N,N,N,N,N,N,N,N,N,N,N,N,N,N,N
acs,D,D,D,D,D,D,D,D,D,N,D,D,D,D,D,D,D,D,D,D,D,D,D,D,D,D,D,D,D,D,D,D
gpmM,N,N,N,B,N,N,B,B,B,N,B,N,N,N,N,N,B,N,N,N,N,N,N,N,N,N,N,N,N,N,N,N
ytjC,D,D,D,D,D,D,D,D,D,N,D,D,N,D,D,D,D,D,N,D,D,D,D,D,D,N,D,N,D,N,D,D
