1,N,D,N,N,N,D,N,N,N,N,D,N,N,N,N,N,N,N,N,N,D,N,N,N,N,N,N,N,D,N,N,D
NCE3;NCE103,D,N,N,N,D,N,N,D,N,N,D,D,N,N,D,N,N,N,N,N,N,N,N,D,N,N,N,N,N,N,N,N
GLN1,N,N,N,N,N,N,N,N,N,N,N,N,N,N,N,N,N,N,N,N,N,N,N,N,N,N,N,N,N,N,N,N
GLT1,D,N,N,N,N,N,N,N,N,N,D,N,D,D,D,N,N,N,N,N,N,N,N,N,N,N,N,N,D,N,N,N
GDH2,N,N,N,N,N,N,N,N,N,N,N,N,N,N,N,N,N,N,N,N,N,N,N,N,N,N,N,N,N,N,N,N
GDH3;FUN51,N,D,N,N,N,N,N,N,D,N,N,N,D,D,N,N,N,D,N,N,N,N,N,D,N,N,N,N,N,N,N,N
URE1;DHE4;GDH1,N,D,N,N,N,N,N,N,D,N,N,N,D,D,N,N,N,D,N,N,N,N,N,D,N,N,N,N,N,N,N,N
