RNR1,D,N,D,N,N,D,D,D,D,N,D,N,D,D,N,D,D,D,D,D,D,D,D,D,N,D,N,D,D,N,D,N
RNR2A,N,N,A,N,N,A,N,N,N,N,N,N,N,N,N,N,A,N,N,A,A,N,N,N,A,N,N,A,N,N,A,N
TSO2,N,N,A,N,N,A,N,N,N,N,N,N,N,N,N,N,A,N,N,A,A,N,N,N,A,N,N,A,N,N,A,N
XDH1,N,N,N,N,N,N,N,B,N,N,B,N,N,B,N,N,N,N,N,N,B,N,N,N,N,N,N,N,N,N,B,B
XDH2,N,N,N,N,N,N,N,B,N,N,B,N,N,B,N,N,N,N,N,N,B,N,N,N,N,N,N,N,N,N,B,B
UGLYAH,N,N,N,N,N,N,N,N,N,N,N,N,N,N,N,N,N,N,N,N,N,N,N,N,N,N,N,N,N,N,N,N
AAH,N,N,N,N,N,N,N,N,N,N,N,N,N,N,N,N,N,N,N,N,N,N,N,N,N,N,N,N,N,N,N,N
PRS2,N,N,D,D,D,D,D,N,D,N,D,N,D,N,N,N,N,D,D,N,N,N,D,N,D,D,D,D,N,D,D,N
9,N,N,D,D,D,D,D,N,D,N,D,N,D,N,N,N,N,D,D,N,N,N,D,N,D,D,D,D,N,D,D,N
10,N,N,D,D,D,D,D,N,D,N,D,N,D,N,N,N,N,D,D,N,N,N,D,N,D,D,D,D,N,D,D,N
ASE1,N,B,N,B,N,N,N,B,N,N,N,N,N,N,N,N,N,N,N,N,N,N,N,N,N,N,N,N,N,N,B,N
ASE2,N,B,N,B,N,N,N,B,N,N,N,N,N,N,N,N,N,N,N,N,N,N,N,N,N,N,N,N,N,N,B,N
ASE3,N,B,N,B,N,N,N,B,N,N,N,N,N,N,N,N,N,N,N,N,N,N,N,N,N,N,N,N,N,N,B,N
PUR2,N,D,N,N,N,D,D,N,N,N,N,D,N,D,N,D,D,D,D,D,N,D,N,D,D,N,D,D,N,D,N,N
15,N,N,N,N,N,N,N,N,N,N,N,N,N,N,N,N,N,N,N,N,N,N,N,N,N,N,N,N,N,N,N,N
PUR5,N,N,N,N,N,N,N,N,N,N,N,N,N,N,N,N,N,N,N,N,N,N,N,N,N,N,N,N,N,N,N,N
17,N,N,D,N,N,N,N,D,N,N,N,N,N,N,N,N,D,N,N,N,N,N,N,N,N,N,N,N,N,N,D,N
18,N,N,N,N,N,N,N,N,N,N,N,N,N,N,N,N,N,N,N,N,N,N,N,N,N,N,N,N,N,N,N,N
19,N,N,N,N,N,N,N,N,N,N,N,N,N,N,N,N,N,N,N,N,N,N,N,N,N,N,N,N,N,N,N,N
PUR7,N,N,N,N,N,N,N,N,B,N,B,N,B,N,N,N,N,N,N,N,N,N,N,N,N,B,N,N,N,N,N,N
21,N,N,N,N,N,N,N,N,B,N,B,N,B,N,N,N,N,N,N,N,N,N,N,N,N,B,N,N,N,N,N,N
RIF10,N,D,N,N,N,D,D,D,D,D,D,D,D,D,N,D,D,D,D,D,N,D,N,D,D,D,N,N,N,N,D,N
23,N,D,N,N,N,D,D,D,D,D,D,D,D,D,N,D,D,D,D,D,N,D,N,D,D,D,N,N,N,N,D,N
24,N,D,D,D,N,N,N,D,D,N,N,D,D,N,N,D,D,N,N,D,D,D,N,D,N,N,D,D,N,D,D,D
25,N,D,N,N,N,N,N,D,N,N,N,N,N,N,N,N,N,D,N,N,N,N,N,N,N,N,N,D,N,N,D,N
NRPB10,N,D,N,N,D,D,D,N,D,D,D,D,D,D,N,D,D,D,D,D,D,N,N,N,D,D,D,D,D,D,D,D
NRPA2,N,N,N,N,N,D,D,D,D,N,D,N,N,N,D,D,D,D,N,D,D,N,D,N,D,D,D,D,D,D,D,N
28,N,B,N,N,N,N,N,B,N,B,B,N,B,B,N,B,N,N,N,N,N,N,N,B,N,N,N,N,N,N,N,N
NRPB8A,A,A,N,A,A,A,N,A,A,N,N,N,N,A,A,A,A,A,A,A,A,N,A,A,N,A,A,N,N,A,N,N
RPAC43,N,D,D,D,D,N,N,N,D,D,D,D,D,D,D,D,D,D,D,D,D,N,N,D,D,D,D,D,N,N,D,D
ATRPAC42,N,D,D,D,D,N,N,N,D,D,D,D,D,D,D,D,D,D,D,D,D,N,N,D,D,D,D,D,N,N,D,D
32,N,D,N,N,D,D,D,N,D,D,D,D,D,D,N,D,D,D,D,D,D,N,N,N,D,D,D,D,D,D,D,D
NRPB6B,D,D,N,N,D,D,D,D,D,D,N,D,D,N,N,D,D,D,D,D,N,N,D,D,D,D,N,N,N,N,D,N
NRPE3B,N,D,D,D,D,N,N,N,D,D,D,D,D,D,D,D,D,D,D,D,D,N,N,D,D,D,D,D,N,N,D,D
NRPB3,N,D,D,D,D,N,N,N,D,D,D,D,D,D,D,D,D,D,D,D,D,N,N,D,D,D,D,D,N,N,D,D
RPC14,D,N,N,D,D,N,D,N,D,D,D,D,D,D,D,D,N,D,N,D,D,D,N,N,N,N,N,D,N,D,D,N
RPB5D,D,D,D,N,N,N,N,D,D,N,N,N,N,N,N,D,D,D,D,D,N,D,N,D,N,N,N,N,D,D,D,N
38,N,N,N,N,N,N,N,N,N,N,N,N,N,N,N,N,N,N,N,N,N,N,N,N,N,N,N,N,N,N,N,N
NRPB9A,N,D,D,D,N,N,N,D,D,N,N,D,D,N,N,D,D,N,N,D,D,D,N,D,N,N,D,D,N,D,D,D
NRPB5,D,D,D,N,N,N,N,D,D,N,N,N,N,N,N,D,D,D,D,D,N,D,N,D,N,N,N,N,D,D,D,N
41,N,D,D,D,N,N,N,D,D,N,N,D,D,N,N,D,D,N,N,D,D,D,N,D,N,N,D,D,N,D,D,D
42,A,N,A,N,A,N,N,A,N,A,A,A,N,N,A,N,N,A,N,N,N,A,N,A,N,N,N,N,A,A,A,N
NRPB11,D,N,N,D,D,N,D,D,D,D,D,D,D,D,D,D,N,D,N,D,D,D,N,N,N,N,N,D,N,D,D,N
RPB5E,D,D,D,N,N,N,N,D,D,N,N,N,N,N,N,D,D,D,D,D,N,D,N,D,N,N,N,N,D,D,D,N
NRPE5,D,D,D,N,N,N,N,D,D,N,N,N,N,N,N,D,D,D,D,D,N,D,N,D,N,N,N,N,D,D,D,N
NRPA1,D,D,D,N,N,N,D,N,D,D,D,N,D,D,D,N,D,D,N,D,N,D,D,D,D,D,N,D,D,D,D,N
NRPB8B,A,A,N,A,A,A,N,A,A,N,N,N,N,A,A,A,A,A,A,A,A,N,A,A,N,A,A,N,N,A,N,N
48,N,N,N,N,N,N,N,N,N,N,N,N,N,N,N,N,N,N,N,N,N,N,N,N,N,N,N,N,N,N,N,N
49,N,D,D,D,N,N,N,D,D,N,N,D,D,N,N,D,D,N,N,D,D,D,N,D,N,N,D,D,N,D,D,D
NRPD4,D,D,D,N,D,D,D,N,D,D,D,D,D,D,D,D,D,D,N,D,D,N,D,D,N,D,D,D,D,D,D,N
NRPB9B,N,D,D,D,N,N,N,D,D,N,N,D,D,N,N,D,D,N,N,D,D,D,N,D,N,N,D,D,N,D,D,D
NRPB2,N,N,N,N,N,D,D,D,D,N,D,N,N,N,D,D,D,D,N,D,D,N,D,N,D,D,D,D,D,D,D,N
53,A,N,A,N,N,N,N,A,A,N,A,A,N,A,N,N,A,N,A,N,N,N,N,A,A,N,A,A,N,A,N,A
NRPB1,D,D,D,N,D,D,D,D,D,D,D,D,D,D,D,D,D,D,D,D,D,D,D,D,D,D,D,D,D,D,D,D
55,A,N,A,N,N,N,N,A,A,N,A,A,N,A,N,N,A,N,A,N,N,N,N,A,A,N,A,A,N,A,N,A
NRPB4,N,A,A,N,N,N,A,N,N,N,N,N,N,N,N,N,A,N,N,N,N,N,N,N,N,N,N,N,N,N,A,N
57,A,A,A,N,A,A,A,N,A,N,A,A,N,A,N,A,A,A,A,A,A,A,A,N,N,A,A,A,A,A,A,N
NRPB12,N,B,N,N,N,N,N,B,N,B,B,N,B,B,N,B,N,N,N,N,N,N,N,B,N,N,N,N,N,N,N,N
NRPC2,N,N,N,N,N,D,D,D,D,N,D,N,N,N,D,D,D,D,N,D,D,N,D,N,D,D,D,D,D,D,D,N
60,N,A,A,A,N,N,N,A,N,N,N,N,N,N,N,N,N,N,N,N,N,N,N,N,A,N,N,N,N,N,N,N
NRPB6A,D,D,N,N,D,D,D,D,D,D,N,D,D,N,N,D,D,D,D,D,N,N,D,D,D,D,N,N,N,N,D,N
RPB5C,D,D,D,N,N,N,N,D,D,N,N,N,N,N,N,D,D,D,D,D,N,D,N,D,N,N,N,N,D,D,D,N
NRPB7,N,D,N,N,N,N,N,D,N,N,N,N,N,N,N,N,N,D,N,N,N,N,N,N,N,N,N,D,N,N,D,N
NRPC1,D,D,D,N,N,N,D,N,D,D,D,N,D,D,D,N,D,D,N,D,N,D,D,D,D,D,N,D,D,D,D,N
rpoC2,D,D,D,N,N,N,N,N,D,D,D,N,D,N,N,N,D,D,N,N,N,D,N,D,D,D,N,N,D,N,D,N
rpoC1,D,D,D,N,N,N,D,N,D,D,D,N,D,D,D,N,D,D,N,D,N,D,D,D,D,D,N,D,D,D,D,N
rpoB,N,N,N,N,N,D,D,D,D,N,D,N,N,N,D,D,D,D,N,D,D,N,D,N,D,D,D,D,D,D,D,N
rpoA,N,N,N,N,N,N,N,N,N,N,N,N,N,N,N,N,N,N,N,N,N,N,N,N,N,N,N,N,N,N,N,N
TIL1,N,N,N,N,N,N,N,N,N,N,N,N,N,N,N,N,N,N,N,N,N,N,N,N,N,N,N,N,N,N,N,N
POLD4,N,N,A,N,N,A,N,A,A,N,A,N,N,A,N,A,A,N,A,N,A,A,N,A,N,N,N,N,N,N,A,N
POLGAMMA2,N,N,B,N,B,N,N,N,B,N,B,N,N,B,N,B,B,N,N,N,B,N,B,N,N,N,N,N,N,B,N,N
EMB2813,N,N,A,N,N,N,N,A,A,N,N,N,N,N,A,N,N,A,N,A,N,A,A,N,N,A,N,N,N,N,N,N
POLA2,A,A,N,N,N,A,N,N,N,N,A,N,N,N,N,N,A,N,A,N,N,N,N,N,A,A,N,N,N,N,N,N
POLD3,A,N,N,N,N,N,N,N,A,N,N,N,N,A,N,N,N,N,N,N,N,N,N,N,N,N,N,N,N,N,A,N
TIL2,N,N,N,N,N,N,N,N,N,N,N,N,N,N,N,N,N,N,N,N,N,N,N,N,N,N,N,N,N,N,N,N
NF-YB11,C,C,C,N,N,C,N,N,C,N,C,C,C,N,C,N,N,C,N,C,C,N,C,C,C,C,C,C,C,C,C,C
POLD2,N,N,N,N,A,N,N,A,N,N,A,N,N,A,N,A,N,A,A,N,N,N,A,N,N,A,A,A,N,A,A,N
POLGAMMA1,N,N,B,N,B,N,N,N,B,N,B,N,N,B,N,B,B,N,N,N,B,N,B,N,N,N,N,N,N,B,N,N
DPB2,A,A,A,N,A,N,A,A,N,N,A,A,A,A,A,A,A,N,N,N,A,A,N,A,A,A,A,N,A,A,N,A
POLA3,N,D,N,N,D,D,N,D,N,N,D,N,D,N,N,D,N,N,D,D,N,D,D,N,N,D,N,N,D,N,D,N
81,D,D,D,D,D,D,D,D,D,N,D,D,D,D,D,D,D,D,D,D,D,D,D,D,D,D,D,D,D,D,D,D
ICU2,D,D,D,D,D,D,D,D,D,N,D,D,D,D,D,D,D,D,D,D,D,D,D,D,D,D,D,D,D,D,D,D
83,N,N,A,N,N,N,N,N,A,N,N,N,N,N,N,N,A,N,N,N,N,N,N,N,N,A,N,N,N,N,A,N
84,N,N,A,N,N,N,N,N,A,N,N,N,N,N,N,N,A,N,N,N,N,N,N,N,N,A,N,N,N,N,A,N
85,N,N,A,N,N,N,N,N,A,N,N,N,N,N,N,N,A,N,N,N,N,N,N,N,N,A,N,N,N,N,A,N
86,N,N,A,N,N,N,N,N,A,N,N,N,N,N,N,N,A,N,N,N,N,N,N,N,N,A,N,N,N,N,A,N
APY1,N,N,A,N,N,N,N,N,A,N,N,N,N,N,N,N,A,N,N,N,N,N,N,N,N,A,N,N,N,N,A,N
APY2,N,N,A,N,N,N,N,N,A,N,N,N,N,N,N,N,A,N,N,N,N,N,N,N,N,A,N,N,N,N,A,N
NDPK1,D,N,N,D,D,D,D,N,D,N,D,D,N,D,D,D,N,N,D,N,D,D,D,N,D,D,N,N,N,N,D,N
NDPK3,D,N,N,D,D,D,D,N,D,N,D,D,N,D,D,D,N,N,D,N,D,D,D,N,D,D,N,N,N,N,D,N
91,D,N,N,D,D,D,D,N,D,N,D,D,N,D,D,D,N,N,D,N,D,D,D,N,D,D,N,N,N,N,D,N
NDPK2,D,N,N,D,D,D,D,N,D,N,D,D,N,D,D,D,N,N,D,N,D,D,D,N,D,D,N,N,N,N,D,N
ADK,D,N,D,D,D,D,N,D,D,N,D,D,N,D,D,N,D,D,D,N,N,D,D,D,D,N,D,D,D,N,D,D
94,D,N,D,D,D,D,N,D,D,N,D,D,N,D,D,N,D,D,D,N,N,D,D,D,D,N,D,D,D,N,D,D
95,D,N,D,D,D,D,N,D,D,N,D,D,N,D,D,N,D,D,D,N,N,D,D,D,D,N,D,D,D,N,D,D
96,D,D,D,D,D,D,D,D,D,N,D,D,D,D,D,D,D,D,D,D,D,D,D,D,D,D,D,D,D,D,D,D
AMK2,D,N,D,D,D,D,N,D,D,N,D,D,N,D,D,N,D,D,D,N,N,D,D,D,D,N,D,D,D,N,D,D
98,D,N,D,D,D,D,N,D,D,N,D,D,N,D,D,N,D,D,D,N,N,D,D,D,D,N,D,D,D,N,D,D
AAK6,N,N,N,N,N,N,N,N,N,N,N,N,N,N,N,N,N,N,N,N,N,N,N,N,N,N,N,N,N,N,N,N
ADK1,D,N,D,D,D,D,N,D,D,N,D,D,N,D,D,N,D,D,D,N,N,D,D,D,D,N,D,D,D,N,D,D
ADSS,D,D,D,N,N,D,D,D,N,N,D,D,N,D,D,D,D,D,D,N,D,N,N,D,D,D,D,N,N,N,D,D
FAC1,B,B,N,N,B,N,N,B,N,N,N,N,N,N,B,B,B,N,N,N,N,N,B,N,B,N,N,N,B,N,B,N
103,N,N,D,D,N,N,N,N,D,N,D,N,N,N,D,N,N,N,N,N,N,N,N,N,D,N,N,N,D,N,N,N
104,N,N,N,N,N,N,N,N,N,N,N,N,N,N,N,N,N,N,N,N,N,N,N,N,N,N,N,N,N,N,N,N
105,N,N,D,D,N,N,N,N,D,N,D,N,N,N,D,N,N,N,N,N,N,N,N,N,D,N,N,N,D,N,N,N
ADK1,N,B,N,N,N,N,N,N,B,N,N,B,N,N,N,N,N,N,N,N,N,N,B,N,N,N,N,N,N,N,N,N
ADK2,N,B,N,N,N,N,N,N,B,N,N,B,N,N,N,N,N,N,N,N,N,N,B,N,N,N,N,N,N,N,N,N
APT1,D,D,N,D,D,N,N,N,D,N,D,N,N,N,D,N,N,N,N,N,D,N,D,N,N,N,N,N,N,D,D,N
APT2,D,D,N,D,D,N,N,N,D,N,D,N,N,N,D,N,N,N,N,N,D,N,D,N,N,N,N,N,N,D,D,N
APT4,D,D,N,D,D,N,N,N,D,N,D,N,N,N,D,N,N,N,N,N,D,N,D,N,N,N,N,N,N,D,D,N
APT3,D,D,N,D,D,N,N,N,D,N,D,N,N,N,D,N,N,N,N,N,D,N,D,N,N,N,N,N,N,D,D,N
APT5,D,D,N,D,D,N,N,N,D,N,D,N,N,N,D,N,N,N,N,N,D,N,D,N,N,N,N,N,N,D,D,N
113,N,N,N,N,B,N,N,B,B,N,B,B,N,B,B,N,B,B,N,N,N,N,B,N,B,N,N,N,N,B,B,N
114,N,D,N,N,N,N,N,N,D,N,D,N,D,D,N,N,N,D,N,N,N,N,N,N,D,D,N,D,N,N,D,D
115,N,D,N,N,N,N,N,N,D,N,D,N,D,D,N,N,N,D,N,N,N,N,N,N,D,D,N,D,N,N,D,D
116,N,N,N,N,N,N,N,N,N,N,N,N,N,N,N,N,N,N,N,N,N,N,N,N,N,N,N,N,N,N,N,N
HGPT,N,N,N,N,N,N,N,N,N,N,N,N,N,N,N,N,N,N,N,N,N,N,N,N,N,N,N,N,N,N,N,N
GK-1,D,D,D,D,D,D,D,D,D,N,D,D,D,D,D,D,D,D,D,D,D,D,D,D,D,D,D,D,D,D,D,D
119,D,D,D,D,D,D,D,D,D,N,D,D,D,D,D,D,D,D,D,D,D,D,D,D,D,D,D,D,D,D,D,D
AGK2,D,D,D,D,D,D,D,D,D,N,D,D,D,D,D,D,D,D,D,D,D,D,D,D,D,D,D,D,D,D,D,D
ALN,N,D,N,N,N,D,D,N,N,N,N,D,N,D,N,D,D,D,D,D,N,D,N,D,D,N,D,D,N,D,N,N
122,N,N,N,N,N,N,N,N,N,N,N,N,N,N,N,N,N,N,N,N,N,N,N,N,N,N,N,N,N,N,N,N
URE,N,N,N,N,N,N,N,N,N,N,N,N,N,N,N,N,N,N,N,N,N,N,N,N,N,N,N,N,N,N,N,N
UAH,N,N,N,N,N,N,N,N,N,N,N,N,N,N,N,N,N,N,N,N,N,N,N,N,N,N,N,N,N,N,N,N
TTL,D,N,N,N,N,N,D,N,D,N,D,N,N,N,N,N,N,N,D,D,N,N,N,N,N,D,N,N,N,N,N,D
APS2,N,A,A,N,N,N,N,N,A,N,N,N,N,N,A,N,N,N,N,N,N,N,N,N,N,N,N,N,A,N,A,N
APS1,N,A,A,N,N,N,N,N,A,N,N,N,N,N,A,N,N,N,N,N,N,N,N,N,N,N,N,N,A,N,A,N
APS3,N,A,A,N,N,N,N,N,A,N,N,N,N,N,A,N,N,N,N,N,N,N,N,N,N,N,N,N,A,N,A,N
APS4,N,A,A,N,N,N,N,N,A,N,N,N,N,N,A,N,N,N,N,N,N,N,N,N,N,N,N,N,A,N,A,N
APK,N,N,N,N,N,N,N,N,N,N,N,N,N,N,N,N,N,N,N,N,N,N,N,N,N,N,N,N,N,N,N,N
APK3,N,N,N,N,N,N,N,N,N,N,N,N,N,N,N,N,N,N,N,N,N,N,N,N,N,N,N,N,N,N,N,N
AKN2,N,N,N,N,N,N,N,N,N,N,N,N,N,N,N,N,N,N,N,N,N,N,N,N,N,N,N,N,N,N,N,N
APK4,N,N,N,N,N,N,N,N,N,N,N,N,N,N,N,N,N,N,N,N,N,N,N,N,N,N,N,N,N,N,N,N
PUR4,N,N,N,N,N,N,N,N,N,N,N,N,N,N,N,N,N,N,N,N,N,N,N,N,N,N,N,N,N,N,N,N
135,N,B,N,B,N,N,N,B,N,N,B,N,N,B,N,N,N,N,N,N,N,N,N,N,N,B,N,N,N,N,B,N
NUDX23,D,D,N,N,N,D,N,D,D,N,D,D,D,D,N,N,N,D,D,N,N,D,N,D,N,N,N,D,D,N,N,D
137,N,N,B,N,N,B,N,N,B,N,B,B,N,N,N,N,B,N,N,N,N,N,B,N,N,N,N,N,N,N,B,N
NUDX14,N,N,N,N,N,N,N,N,N,N,N,N,N,N,N,N,N,N,N,N,N,N,N,N,N,N,N,N,N,N,N,N
FHIT,N,D,N,N,N,N,N,N,D,N,D,N,N,N,N,N,N,N,N,D,N,N,N,N,N,N,N,N,N,N,N,N
PKp3,D,D,D,D,D,D,D,D,D,N,D,D,D,D,D,N,D,D,D,D,D,D,D,D,D,D,D,D,D,D,D,D
141,D,D,D,D,D,D,D,D,D,N,D,D,D,D,D,N,D,D,D,D,D,D,D,D,D,D,D,D,D,D,D,D
142,D,D,D,D,D,D,D,D,D,N,D,D,D,D,D,N,D,D,D,D,D,D,D,D,D,D,D,D,D,D,D,D
PKP-ALPHA,D,D,D,D,D,D,D,D,D,N,D,D,D,D,D,N,D,D,D,D,D,D,D,D,D,D,D,D,D,D,D,D
144,D,D,D,D,D,D,D,D,D,N,D,D,D,D,D,N,D,D,D,D,D,D,D,D,D,D,D,D,D,D,D,D
145,D,D,D,D,D,D,D,D,D,N,D,D,D,D,D,N,D,D,D,D,D,D,D,D,D,D,D,D,D,D,D,D
146,D,D,D,D,D,D,D,D,D,N,D,D,D,D,D,N,D,D,D,D,D,D,D,D,D,D,D,D,D,D,D,D
147,D,D,D,D,D,D,D,D,D,N,D,D,D,D,D,N,D,D,D,D,D,D,D,D,D,D,D,D,D,D,D,D
148,D,D,D,D,D,D,D,D,D,N,D,D,D,D,D,N,D,D,D,D,D,D,D,D,D,D,D,D,D,D,D,D
149,D,D,D,D,D,D,D,D,D,N,D,D,D,D,D,N,D,D,D,D,D,D,D,D,D,D,D,D,D,D,D,D
150,D,D,D,D,D,D,D,D,D,N,D,D,D,D,D,N,D,D,D,D,D,D,D,D,D,D,D,D,D,D,D,D
PKP-BETA1,D,D,D,D,D,D,D,D,D,N,D,D,D,D,D,N,D,D,D,D,D,D,D,D,D,D,D,D,D,D,D,D
152,D,D,D,D,D,D,D,D,D,N,D,D,D,D,D,N,D,D,D,D,D,D,D,D,D,D,D,D,D,D,D,D
153,D,D,D,D,D,D,D,D,D,N,D,D,D,D,D,N,D,D,D,D,D,D,D,D,D,D,D,D,D,D,D,D
154,N,N,N,N,N,N,N,N,N,N,N,N,N,N,N,N,N,N,N,N,N,N,N,N,N,N,N,N,N,N,N,N
PGM3,N,N,N,N,N,N,N,N,N,N,N,N,N,N,N,N,N,N,N,N,N,N,N,N,N,N,N,N,N,N,N,N
PGM2,N,N,N,N,N,N,N,N,N,N,N,N,N,N,N,N,N,N,N,N,N,N,N,N,N,N,N,N,N,N,N,N
PGM,N,N,N,N,N,N,N,N,N,N,N,N,N,N,N,N,N,N,N,N,N,N,N,N,N,N,N,N,N,N,N,N
