nrdA,D,N,D,N,N,D,D,D,D,N,D,N,D,D,N,D,D,D,D,D,D,D,D,D,N,D,N,D,D,N,D,N
nrdB,N,N,A,N,N,A,N,N,N,N,N,N,N,N,N,N,A,N,N,A,A,N,N,N,A,N,N,A,N,N,A,N
nrdE,D,N,D,N,N,D,D,D,D,N,D,N,D,D,N,D,D,D,D,D,D,D,D,D,N,D,N,D,D,N,D,N
nrdF,N,N,N,N,N,N,N,N,N,N,N,N,N,N,N,N,N,N,N,N,N,N,N,N,N,N,N,N,N,N,N,N
allE,N,N,N,N,N,N,N,N,N,N,N,N,N,N,N,N,N,N,N,N,N,N,N,N,N,N,N,N,N,N,N,N
allC,N,N,N,N,N,N,N,N,N,N,N,N,N,N,N,N,N,N,N,N,N,N,N,N,N,N,N,N,N,N,N,N
prs,N,N,D,D,D,D,D,N,D,N,D,N,D,N,N,N,N,D,D,N,N,N,D,N,D,D,D,D,N,D,D,N
purF,N,B,N,B,N,N,N,B,N,N,N,N,N,N,N,N,N,N,N,N,N,N,N,N,N,N,N,N,N,N,B,N
purD,N,N,N,N,N,N,N,N,N,N,N,N,N,N,N,N,N,N,N,N,N,N,N,N,N,N,N,N,N,N,N,N
purT,N,N,N,N,N,N,N,N,B,N,B,N,B,N,N,N,N,N,N,N,N,N,N,N,N,B,N,N,N,N,N,N
purN,N,N,N,N,N,N,N,N,N,N,N,N,N,N,N,N,N,N,N,N,N,N,N,N,N,N,N,N,N,N,N,N
purM,N,N,N,N,N,N,N,N,N,N,N,N,N,N,N,N,N,N,N,N,N,N,N,N,N,N,N,N,N,N,N,N
purH,N,N,D,N,N,N,N,D,N,N,N,N,N,N,N,N,D,N,N,N,N,N,N,N,N,N,N,N,N,N,D,N
purB,N,N,N,N,N,N,N,N,N,N,N,N,N,N,N,N,N,N,N,N,N,N,N,N,N,N,N,N,N,N,N,N
purC,N,N,N,N,N,N,N,N,B,N,B,N,B,N,N,N,N,N,N,N,N,N,N,N,N,B,N,N,N,N,N,N
pnp,N,D,N,N,N,D,D,D,D,D,D,D,D,D,N,D,D,D,D,D,N,D,N,D,D,D,N,N,N,N,D,N
cyaA,N,N,N,N,N,N,N,N,N,N,N,N,N,N,N,N,N,N,N,N,N,N,N,N,N,N,N,N,N,N,N,N
rpoA,N,N,N,N,N,N,N,N,N,N,N,N,N,N,N,N,N,N,N,N,N,N,N,N,N,N,N,N,N,N,N,N
rpoZ,N,N,N,N,N,N,N,N,N,N,N,N,N,N,N,N,N,N,N,N,N,N,N,N,N,N,N,N,N,N,N,N
rpoB,N,N,N,N,N,D,D,D,D,N,D,N,N,N,D,D,D,D,N,D,D,N,D,N,D,D,D,D,D,D,D,N
rpoC,D,D,D,N,N,N,D,N,D,D,D,N,D,D,D,N,D,D,N,D,N,D,D,D,D,D,N,D,D,D,D,N
dnaE,N,N,N,N,N,N,N,N,N,N,N,N,N,N,N,N,N,N,N,N,N,N,N,N,N,N,N,N,N,N,N,N
dnaQ,N,N,N,N,N,N,N,N,N,N,N,N,N,N,N,N,N,N,N,N,N,N,N,N,N,N,N,N,N,N,N,N
dnaX,D,D,N,N,D,D,D,D,D,N,D,D,D,D,D,D,D,D,D,D,D,D,N,D,D,D,D,N,N,D,D,D
holA,N,N,N,N,N,N,N,N,N,N,N,N,N,N,N,N,N,N,N,N,N,N,N,N,N,N,N,N,N,N,N,N
holB,N,N,N,N,N,N,N,N,N,N,N,N,N,N,N,N,N,N,N,N,N,N,N,N,N,N,N,N,N,N,N,N
holE,N,N,N,N,N,N,N,N,N,N,N,N,N,N,N,N,N,N,N,N,N,N,N,N,N,N,N,N,N,N,N,N
dnaN,N,N,N,N,N,N,N,N,N,N,N,N,N,N,N,N,N,N,N,N,N,N,N,N,N,N,N,N,N,N,N,N
polA,N,N,B,N,B,N,N,N,B,N,B,N,N,B,N,B,B,N,N,N,B,N,B,N,N,N,N,N,N,B,N,N
holC,N,N,N,N,N,N,N,N,N,N,N,N,N,N,N,N,N,N,N,N,N,N,N,N,N,N,N,N,N,N,N,N
holD,N,N,N,N,N,N,N,N,N,N,N,N,N,N,N,N,N,N,N,N,N,N,N,N,N,N,N,N,N,N,N,N
ndk,D,N,N,D,D,D,D,N,D,N,D,D,N,D,D,D,N,N,D,N,D,D,D,N,D,D,N,N,N,N,D,N
adk,D,D,D,D,D,D,N,D,D,N,D,D,D,D,D,D,D,D,D,D,D,D,D,D,D,D,D,D,D,D,D,D
purA,D,D,D,N,N,D,D,D,N,N,D,D,N,D,D,D,D,D,D,N,D,N,N,D,D,D,D,N,N,N,D,D
ushA,D,N,N,N,N,N,N,D,N,N,D,N,N,N,N,N,D,N,N,N,N,N,N,N,N,N,N,N,N,N,N,N
umpG,N,N,D,D,N,N,N,N,D,N,D,N,N,N,D,N,N,N,N,N,N,N,N,N,D,N,N,N,D,N,N,N
yrfG,N,N,N,N,N,N,N,N,N,N,N,N,N,N,N,N,N,N,N,N,N,N,N,N,N,N,N,N,N,N,N,N
yjjG,N,N,N,N,N,N,N,N,N,N,N,N,N,N,N,N,N,N,N,N,N,N,N,N,N,N,N,N,N,N,N,N
apt,D,D,N,D,D,N,N,N,D,N,D,N,N,N,D,N,N,N,N,N,D,N,D,N,N,N,N,N,N,D,D,N
add,B,B,N,N,B,N,N,B,B,N,B,B,N,B,B,B,B,B,N,N,N,N,B,N,B,N,N,N,B,B,B,N
deoD,N,N,N,N,N,N,N,N,N,N,N,N,N,N,N,N,N,N,N,N,N,N,N,N,N,N,N,N,N,N,N,N
amn,N,N,N,N,N,N,N,N,N,N,N,N,N,N,N,N,N,N,N,N,N,N,N,N,N,N,N,N,N,N,N,N
gsk,N,N,N,N,N,N,N,N,N,N,N,N,N,N,N,N,N,N,N,N,N,N,N,N,N,N,N,N,N,N,N,N
adeD,N,N,N,N,N,N,N,N,N,N,N,N,N,N,N,N,N,N,N,N,N,N,N,N,N,N,N,N,N,N,N,N
guaC,N,D,N,N,N,N,N,N,D,N,D,N,D,D,N,N,N,D,N,N,N,N,N,N,D,D,N,D,N,N,D,D
guaB,N,D,N,N,N,N,N,N,D,N,D,N,D,D,N,N,N,D,N,N,N,N,N,N,D,D,N,D,N,N,D,D
guaA,N,N,N,N,N,N,N,N,N,N,N,N,N,N,N,N,N,N,N,N,N,N,N,N,N,N,N,N,N,N,N,N
hpt,N,N,N,N,N,N,N,N,N,N,N,N,N,N,N,N,N,N,N,N,N,N,N,N,N,N,N,N,N,N,N,N
gmk,D,D,D,D,D,D,D,D,D,N,D,D,D,D,D,D,D,D,D,D,D,D,D,D,D,D,D,D,D,D,D,D
guaD,N,N,N,N,N,N,N,B,N,N,B,N,N,N,B,N,N,N,N,N,B,N,N,N,N,N,N,N,N,N,N,N
allA,N,N,N,N,N,N,N,N,N,N,N,N,N,N,N,N,N,N,N,N,N,N,N,N,N,N,N,N,N,N,N,N
allB,N,D,N,N,N,D,D,N,N,N,N,D,N,D,N,D,D,D,D,D,N,D,N,D,D,N,D,D,N,D,N,N
hiuH,D,N,N,N,N,N,D,N,D,N,D,N,N,N,N,N,N,N,D,D,N,N,N,N,N,D,N,N,N,N,N,D
spoT,N,B,N,N,N,B,N,N,N,N,B,N,B,N,N,N,N,N,N,N,N,N,N,N,N,N,N,N,N,N,B,N
ppx,N,N,N,N,N,N,N,N,N,N,N,N,N,N,N,N,N,N,N,N,N,N,N,N,N,N,N,N,N,N,N,N
gpp,N,N,N,N,N,N,N,N,N,N,N,N,N,N,N,N,N,N,N,N,N,N,N,N,N,N,N,N,N,N,N,N
relA,N,B,N,N,N,B,N,N,N,N,B,N,B,N,N,N,N,N,N,N,N,N,N,N,N,N,N,N,N,N,B,N
apaH,D,D,D,D,D,D,D,N,D,N,D,D,D,D,D,N,D,D,D,D,N,D,D,D,N,D,D,D,D,N,D,D
cysN,D,D,D,D,D,D,D,D,D,D,D,D,D,D,D,D,D,D,D,D,D,N,D,D,N,D,D,D,D,N,D,D
cysD,N,N,N,N,N,N,N,N,N,N,N,N,N,N,N,N,N,N,N,N,N,N,N,N,N,N,N,N,N,N,N,N
cysC,N,N,N,N,N,N,N,N,N,N,N,N,N,N,N,N,N,N,N,N,N,N,N,N,N,N,N,N,N,N,N,N
paoC,N,N,N,N,N,N,N,B,N,N,B,N,N,B,N,N,N,N,N,N,B,N,N,N,N,N,N,N,N,N,B,B
paoB,N,N,N,N,N,N,N,N,N,N,N,N,N,N,N,N,N,N,N,N,N,N,N,N,N,N,N,N,N,N,N,N
paoA,N,N,N,N,N,N,N,N,N,N,N,N,N,N,N,N,N,N,N,N,N,N,N,N,N,N,N,N,N,N,N,N
xdhA,N,N,N,N,N,N,N,B,N,N,B,N,N,B,N,N,N,N,N,N,B,N,N,N,N,N,N,N,N,N,B,B
xdhB,N,N,N,N,N,N,N,N,N,N,N,N,N,N,N,N,N,N,N,N,N,N,N,N,N,N,N,N,N,N,N,N
xdhC,N,N,N,N,N,N,N,N,N,N,N,N,N,N,N,N,N,N,N,N,N,N,N,N,N,N,N,N,N,N,N,N
purL,N,N,N,N,N,N,N,N,N,N,N,N,N,N,N,N,N,N,N,N,N,N,N,N,N,N,N,N,N,N,N,N
gpt,N,N,N,N,N,N,N,N,N,N,N,N,N,N,N,N,N,N,N,N,N,N,N,N,N,N,N,N,N,N,N,N
cpdB,D,N,N,N,N,N,N,D,N,N,D,N,N,N,N,N,D,N,N,N,N,N,N,N,N,N,N,N,N,N,N,N
dgt,N,N,N,N,N,N,N,N,N,N,N,N,N,N,N,N,N,N,N,N,N,N,N,N,N,N,N,N,N,N,N,N
deoB,N,N,N,N,N,N,N,N,N,N,N,N,N,N,N,N,N,N,N,N,N,N,N,N,N,N,N,N,N,N,N,N
nudF,N,N,N,N,N,N,N,N,N,N,N,N,N,N,N,N,N,N,N,N,N,N,N,N,N,N,N,N,N,N,N,N
pykF,D,D,D,D,D,D,D,D,D,N,D,D,D,D,D,N,D,D,D,D,D,D,D,D,D,D,D,D,D,D,D,D
pykA,D,D,D,D,D,D,D,D,D,N,D,D,D,D,D,N,D,D,D,D,D,D,D,D,D,D,D,D,D,D,D,D
rihB,D,D,D,N,N,N,N,N,D,N,D,N,N,N,D,N,N,N,D,N,N,N,D,D,N,N,N,N,N,N,N,N
yahI,N,N,N,N,N,N,N,N,N,N,N,N,N,N,N,N,N,N,N,N,N,N,N,N,N,N,N,N,N,N,N,N
ybcF,N,N,N,N,N,N,N,N,N,N,N,N,N,N,N,N,N,N,N,N,N,N,N,N,N,N,N,N,N,N,N,N
yqeA,N,N,N,N,N,N,N,N,N,N,N,N,N,N,N,N,N,N,N,N,N,N,N,N,N,N,N,N,N,N,N,N
xapA,N,N,N,N,N,N,N,N,N,N,N,N,N,N,N,N,N,N,N,N,N,N,N,N,N,N,N,N,N,N,N,N
nudE,N,N,N,N,N,N,N,N,N,N,N,N,N,N,N,N,N,N,N,N,N,N,N,N,N,N,N,N,N,N,N,N
purK,N,N,N,N,N,N,N,N,B,N,B,N,B,N,N,N,N,N,N,N,N,N,N,N,N,B,N,N,N,N,N,N
purE,N,N,N,N,N,N,N,N,B,N,B,N,B,N,N,N,N,N,N,N,N,N,N,N,N,B,N,N,N,N,N,N
cpdA,N,N,N,N,N,N,N,N,N,N,N,N,N,N,N,N,N,N,N,N,N,N,N,N,N,N,N,N,N,N,N,N
pgm,N,N,N,N,N,N,N,N,N,N,N,N,N,N,N,N,N,N,N,N,N,N,N,N,N,N,N,N,N,N,N,N
allD,D,N,N,N,N,N,D,N,N,N,N,N,N,D,N,N,N,N,N,N,D,N,N,N,N,N,N,N,N,N,N,N
rdgB,N,B,N,B,N,N,N,B,N,N,B,N,N,B,N,N,N,N,N,N,N,N,N,N,N,B,N,N,N,N,B,N
mazG,N,N,N,N,N,N,N,N,N,N,N,N,N,N,N,N,N,N,N,N,N,N,N,N,N,N,N,N,N,N,N,N
nrdD,N,N,N,N,N,N,N,N,N,N,N,N,N,N,N,N,N,N,N,N,N,N,N,N,N,N,N,N,N,N,N,N
