STE1,A,A,A,N,N,A,N,N,A,N,A,N,N,A,A,N,A,A,N,N,A,A,A,N,N,N,N,N,N,N,A,N
2,A,A,A,N,A,A,N,N,A,N,A,N,N,A,A,N,A,A,N,A,A,A,A,N,N,A,N,A,N,N,A,N
HYD1,A,N,A,N,N,A,N,N,A,N,A,N,N,N,A,N,N,N,N,A,A,N,N,N,N,N,N,N,N,N,A,A
DWF5,D,D,D,N,D,D,D,D,D,N,D,N,D,D,D,N,D,N,D,N,D,D,D,D,N,N,D,D,N,D,D,N
DWF1,B,N,N,N,N,N,N,N,B,N,N,N,N,B,N,N,N,N,B,N,N,N,N,N,N,N,N,N,N,N,N,B
CAS1,B,B,N,N,B,N,N,N,B,N,B,B,N,N,B,B,N,B,N,N,B,N,N,N,N,N,N,N,N,N,N,B
CPI1,A,A,N,N,N,N,A,N,A,N,A,N,A,A,N,N,N,A,N,A,A,N,N,N,N,N,N,N,N,N,N,N
CYP51G1,D,D,D,D,D,D,D,D,D,N,D,D,D,D,D,D,D,D,D,D,D,D,D,D,D,D,N,D,D,D,D,D
SMT2,N,D,D,D,D,N,D,N,D,N,D,N,N,D,N,N,D,D,D,D,D,D,N,D,N,D,N,N,N,N,N,D
SMT3,N,D,D,N,N,N,D,N,D,N,D,N,N,N,N,N,D,D,D,N,N,D,N,D,N,D,N,N,N,N,N,D
FK,D,D,D,N,D,D,D,D,D,N,D,N,D,D,D,N,D,N,D,N,D,D,D,D,N,N,D,D,N,D,D,N
SMT1,N,D,D,N,D,N,D,N,D,N,D,N,N,D,N,N,D,D,D,N,N,D,N,D,N,D,N,N,N,N,N,D
LAS1,B,B,N,N,B,N,N,N,B,N,B,B,N,N,B,B,N,B,N,N,B,N,N,N,N,N,N,N,N,N,N,B
3BETAHSD/D1,B,N,N,N,N,N,N,N,B,N,N,N,N,B,N,N,N,N,N,N,N,N,N,N,N,N,N,N,N,N,B,N
3BETAHSD/D2,B,N,N,N,N,N,N,N,B,N,N,N,N,B,N,N,N,N,N,N,N,N,N,N,N,N,N,N,N,N,B,N
16,N,N,N,N,N,N,N,N,N,N,N,N,N,N,N,N,N,N,N,N,N,N,N,N,N,N,N,N,N,N,N,N
CYP710A3,D,D,D,N,D,D,D,D,D,N,D,N,D,D,D,D,D,D,D,D,D,D,D,D,N,D,N,D,D,N,D,D
CYP710A4,D,D,D,N,D,D,D,D,D,N,D,N,D,D,D,D,D,D,D,D,D,D,D,D,N,D,N,D,D,N,D,D
CYP710A2,D,D,D,N,D,D,D,D,D,N,D,D,D,D,D,D,D,D,D,D,D,D,D,D,N,D,D,D,D,D,D,D
CYP710A1,D,D,D,N,D,D,D,D,D,N,D,D,D,D,D,D,D,D,D,D,D,D,D,D,N,D,D,D,D,D,D,D
SDP1-LIKE,N,N,A,N,N,N,N,N,N,N,A,N,N,N,A,N,A,A,N,N,N,N,A,A,N,N,N,N,N,N,N,N
SDP1,N,N,A,N,N,N,N,N,N,N,A,N,N,N,A,N,A,A,N,N,N,N,A,A,N,N,N,N,N,N,N,N
SMO2-1,A,A,A,N,A,A,N,N,A,N,A,N,N,A,A,N,A,A,N,A,A,A,A,N,N,A,N,A,N,N,A,N
SMO2-2,A,A,A,N,A,A,N,N,A,N,A,N,N,A,A,N,A,A,N,A,A,A,A,N,N,A,N,A,N,N,A,N
SMO1-1,A,A,A,N,A,A,N,N,A,N,A,N,N,A,A,N,A,A,N,A,A,A,A,N,N,A,N,A,N,N,A,N
SMO1-2,A,A,A,N,A,A,N,N,A,N,A,N,N,A,A,N,A,A,N,A,A,A,A,N,N,A,N,A,N,N,A,N
SQS1,N,B,N,N,N,B,N,B,B,N,B,N,B,B,N,N,N,N,N,N,B,N,N,N,N,N,N,N,N,N,B,N
SQS2,N,B,N,N,N,B,N,B,B,N,B,N,B,B,N,N,N,N,N,N,B,N,N,N,N,N,N,N,N,N,B,N
XF1,N,B,N,N,N,N,N,N,B,N,B,N,B,N,N,N,N,B,B,N,B,N,N,B,N,N,N,N,N,N,B,N
SQE2,N,B,N,N,N,N,N,N,B,N,B,N,B,N,N,N,N,B,B,N,B,N,N,B,N,N,N,N,N,N,B,N
SQE3,N,B,N,N,N,N,N,N,B,N,B,N,B,N,N,N,N,B,B,N,B,N,N,B,N,N,N,N,N,N,B,N
SQP2,N,B,N,N,N,N,N,N,B,N,B,N,B,N,N,N,N,B,B,N,B,N,N,B,N,N,N,N,N,N,B,N
SQP1,N,B,N,N,N,N,N,N,B,N,B,N,B,N,N,N,N,B,B,N,B,N,N,B,N,N,N,N,N,N,B,N
SQE6,N,B,N,N,N,N,N,N,B,N,B,N,B,N,N,N,N,B,B,N,B,N,N,B,N,N,N,N,N,N,B,N
