MRD8;NMD-R1;GRIN1;GluN1;NMDA1;NR1;NMDAR1,N,D,D,N,N,N,N,D,D,N,D,D,D,D,D,N,N,D,D,D,D,N,N,D,N,D,N,N,D,N,D,D
GRIN2A;NR2A;GluN2A;LKS;NMDAR2A;FESD;EPND,N,D,D,N,N,N,N,D,D,N,D,D,D,D,D,N,N,D,D,D,D,N,N,D,N,D,N,N,D,N,D,D
EIEE27;MRD6;NR2B;hNR3;GRIN2B;NMDAR2B;GluN2B,N,D,D,N,N,N,N,D,D,N,D,D,D,D,D,N,N,D,D,D,D,N,N,D,N,D,N,N,D,N,D,D
NR2C;GRIN2C;GluN2C;NMDAR2C,N,D,D,N,N,N,N,D,D,N,D,D,D,D,D,N,N,D,D,D,D,N,N,D,N,D,N,N,D,N,D,D
EB11;GluN2D;NMDAR2D;GRIN2D;NR2D;EIEE46,N,D,D,N,N,N,N,D,D,N,D,D,D,D,D,N,N,D,D,D,D,N,N,D,N,D,N,N,D,N,D,D
CAGLP;CALML6,B,B,B,B,B,B,B,B,B,N,B,B,B,B,B,B,B,B,B,B,B,B,B,B,B,B,B,B,B,B,B,B
CLSP;CALML5,D,D,D,D,D,D,D,D,D,D,D,D,D,D,D,D,D,D,D,D,D,D,D,D,D,D,D,D,D,D,D,D
PHKD;CPVT4;DD132;LQT14;caM;CAMI;CALM1;CALML2,D,D,D,D,D,D,D,D,D,D,D,D,D,D,D,D,D,D,D,D,D,D,D,D,D,D,D,D,D,D,D,D
PHKD;PHKD2;caM;CALM2;LQT15;CAMII,D,D,D,D,D,D,D,D,D,D,D,D,D,D,D,D,D,D,D,D,D,D,D,D,D,D,D,D,D,D,D,D
CaM;PHKD;HEL-S-72;CaMIII;PHKD3;CALM3,D,D,D,D,D,D,D,D,D,D,D,D,D,D,D,D,D,D,D,D,D,D,D,D,D,D,D,D,D,D,D,D
CALML3;CLP,D,D,D,D,D,D,D,D,D,D,D,D,D,D,D,D,D,D,D,D,D,D,D,D,D,D,D,D,D,D,D,D
NY-BR-20;CALML4,B,B,B,B,B,N,B,B,B,N,B,B,B,B,B,B,B,B,B,B,B,B,B,B,B,B,B,B,B,B,B,B
CAMK2A;CAMKA,D,D,D,D,D,D,D,D,D,D,D,D,D,D,D,D,D,D,D,D,D,D,D,D,D,D,D,D,D,D,D,D
CAMK2;CAMKB;CAM2;CAMK2B,D,D,D,D,D,D,D,D,D,D,D,D,D,D,D,D,D,D,D,D,D,D,D,D,D,D,D,D,D,D,D,D
CAMK2D;CAMKD,D,D,D,D,D,D,D,D,D,D,D,D,D,D,D,D,D,D,D,D,D,D,D,D,D,D,D,D,D,D,D,D
CAMK-II;CAMK2G;CAMKG;CAMK,D,D,D,D,D,D,D,D,D,D,D,D,D,D,D,D,D,D,D,D,D,D,D,D,D,D,D,D,D,D,D,D
IHPS1;NC-NOS;nNOS;NOS;bNOS;NOS1;N-NOS,B,B,B,B,B,N,B,B,N,N,B,N,B,B,B,B,B,B,N,N,B,B,N,N,N,B,N,N,B,B,B,B
GUCY1A2;GUC1A2;GC-SA2,D,D,D,D,D,D,D,D,D,N,D,D,D,D,D,D,D,D,D,D,D,D,D,D,D,D,D,D,D,D,D,D
GUCY1A3;GC-SA3;GUCSA3;MYMY6;GUCA3;GUC1A3;GUCY1A1,D,D,D,D,D,D,D,D,D,N,D,D,D,D,D,D,D,D,D,D,D,D,D,D,D,D,D,D,D,D,D,D
GUCY1B3;GUCB3;GUC1B3;GC-S-beta-1;GUCSB3;GUCY1B1;GC-SB3,D,D,D,D,D,D,D,D,D,N,D,D,D,D,D,D,D,D,D,D,D,D,D,D,D,D,D,D,D,D,D,D
PRKGR1B;PKG;cGKI-BETA;cGK_1;PRKG1;cGK;cGKI;cGKI-alpha;AAT8;cGK1;PRKG1B,D,D,D,D,D,D,D,D,D,D,D,D,D,D,D,D,D,D,D,D,D,D,D,D,D,D,D,D,D,D,D,D
PRKGR2;cGKII;cGK2;PRKG2,D,D,D,D,D,D,D,D,D,D,D,D,D,D,D,D,D,D,D,D,D,D,D,D,D,D,D,D,D,D,D,D
MTNR1B;FGQTL2;MT2;MEL-1B-R,N,N,N,N,N,N,N,N,N,N,N,N,N,N,N,N,N,N,N,N,N,N,N,N,N,N,N,N,N,N,N,N
PI-PLC;PLCB1A;PLC-I;EIEE12;PLC154;PLCB1B;PLC-154;PLCB1;PLC-beta-1,D,D,D,D,D,D,D,D,D,N,D,D,D,D,D,D,D,D,D,D,D,D,D,D,D,D,D,D,D,D,D,D
PLCB2;PLC-beta-2,D,D,D,D,D,D,D,D,D,N,D,D,D,D,D,D,D,D,D,D,D,D,D,D,D,D,D,D,D,D,D,D
PLCB3,D,D,D,D,D,D,D,D,D,N,D,D,D,D,D,D,D,D,D,D,D,D,D,D,D,D,D,D,D,D,D,D
PI-PLC;PLCB4;ARCND2,D,D,D,D,D,D,D,D,D,N,D,D,D,D,D,D,D,D,D,D,D,D,D,D,D,D,D,D,D,D,D,D
PKCA;PKC-alpha;PRKACA;PRKCA;AAG6,D,D,D,D,D,D,D,D,D,D,D,D,D,D,D,D,D,D,D,D,D,D,D,D,D,D,D,D,D,D,D,D
PRKCB2;PKCB;PRKCB1;PKC-beta;PRKCB,D,D,D,D,D,D,D,D,D,D,D,D,D,D,D,D,D,D,D,D,D,D,D,D,D,D,D,D,D,D,D,D
SCA14;PKCG;PKC-gamma;PRKCG;PKCC,D,D,D,D,D,D,D,D,D,D,D,D,D,D,D,D,D,D,D,D,D,D,D,D,D,D,D,D,D,D,D,D
LADCI;IDDCA;GB5;GNB5,D,D,D,D,D,D,D,D,D,D,D,D,D,D,D,D,D,D,D,D,D,D,D,D,D,D,D,D,D,D,D,D
GAQ;CMC1;G-ALPHA-q;GNAQ;SWS,C,N,N,N,N,N,C,C,N,N,N,N,C,C,C,N,N,N,C,N,C,N,N,C,N,C,N,C,N,C,C,N
GNB1;MRD42,D,D,D,D,D,D,D,D,D,D,D,D,D,D,D,D,D,D,D,D,D,D,D,D,D,D,D,D,D,D,D,D
GNB2,D,D,D,D,D,D,D,D,D,D,D,D,D,D,D,D,D,D,D,D,D,D,D,D,D,D,D,D,D,D,D,D
CSNB1H;GNB3,D,D,D,D,D,D,D,D,D,D,D,D,D,D,D,D,D,D,D,D,D,D,D,D,D,D,D,D,D,D,D,D
GNG3,N,N,N,N,N,N,N,N,N,N,N,N,N,N,N,N,N,N,N,N,N,N,N,N,N,N,N,N,N,N,N,N
GNG4,N,N,N,N,N,N,N,N,N,N,N,N,N,N,N,N,N,N,N,N,N,N,N,N,N,N,N,N,N,N,N,N
GNG5,N,N,N,N,N,N,N,N,N,N,N,N,N,N,N,N,N,N,N,N,N,N,N,N,N,N,N,N,N,N,N,N
GNG7,N,N,N,N,N,N,N,N,N,N,N,N,N,N,N,N,N,N,N,N,N,N,N,N,N,N,N,N,N,N,N,N
GNG10,N,N,N,N,N,N,N,N,N,N,N,N,N,N,N,N,N,N,N,N,N,N,N,N,N,N,N,N,N,N,N,N
GNG11;GNGT11,N,N,N,N,N,N,N,N,N,N,N,N,N,N,N,N,N,N,N,N,N,N,N,N,N,N,N,N,N,N,N,N
GNGT1;GNG1,N,N,N,N,N,N,N,N,N,N,N,N,N,N,N,N,N,N,N,N,N,N,N,N,N,N,N,N,N,N,N,N
G-GAMMA-C;GNG8;GNG9;GNGT8;G-GAMMA-8;GNGT2,N,N,N,N,N,N,N,N,N,N,N,N,N,N,N,N,N,N,N,N,N,N,N,N,N,N,N,N,N,N,N,N
G(gamma)13;GNG13;h2-35,N,N,N,N,N,N,N,N,N,N,N,N,N,N,N,N,N,N,N,N,N,N,N,N,N,N,N,N,N,N,N,N
GNG2,N,N,N,N,N,N,N,N,N,N,N,N,N,N,N,N,N,N,N,N,N,N,N,N,N,N,N,N,N,N,N,N
GNG12,N,N,N,N,N,N,N,N,N,N,N,N,N,N,N,N,N,N,N,N,N,N,N,N,N,N,N,N,N,N,N,N
GNB4;CMTD1F,D,D,D,D,D,D,D,D,D,D,D,D,D,D,D,D,D,D,D,D,D,D,D,D,D,D,D,D,D,D,D,D
GNG8,N,N,N,N,N,N,N,N,N,N,N,N,N,N,N,N,N,N,N,N,N,N,N,N,N,N,N,N,N,N,N,N
Cav3.3;CACNA1I;ca(v)3.3,D,D,D,D,D,N,D,D,D,N,D,D,D,D,D,D,D,D,D,D,D,D,D,D,D,D,N,D,D,D,D,D
EIG6;CACNA1H;ECA6;Cav3.2;CACNA1HB;HALD4,D,D,D,D,D,N,D,D,D,N,D,D,D,D,D,D,D,D,D,D,D,D,D,D,D,D,N,D,D,D,D,D
CACNA1G;Ca(V)T.1;Cav3.1;NBR13;SCA42,D,D,D,D,D,N,D,D,D,N,D,D,D,D,D,D,D,D,D,D,D,D,D,D,D,D,N,D,D,D,D,D
SCA16;IP3R1;PPP1R94;IP3R;ACV;INSP3R1;ITPR1;SCA15;CLA4;SCA29,A,N,N,A,N,N,N,N,N,N,A,N,A,A,A,N,N,N,N,A,N,N,N,N,N,N,N,N,N,N,A,N
ITPR3;IP3R;IP3R3,A,N,N,A,N,N,N,N,N,N,A,N,A,A,A,N,N,N,N,A,N,N,N,N,N,N,N,N,N,N,A,N
RYDR;MHS1;PPP1R137;SKRR;RYR1;MHS;RYR-1;RYR;CCO,D,D,D,D,D,D,D,D,D,N,D,D,D,D,D,D,D,D,D,D,D,D,D,D,D,D,D,D,D,D,D,D
RyR;ARVC2;RYR2;ARVD2;VTSIP;RYR-2,D,D,D,D,D,D,D,D,D,N,D,D,D,D,D,D,D,D,D,D,D,D,D,D,D,D,D,D,D,D,D,D
RYR3;RYR-3,D,D,D,D,D,D,D,D,D,N,D,D,D,D,D,D,D,D,D,D,D,D,D,D,D,D,D,D,D,D,D,D
GluA1;GLUR1;GRIA1;GLURA;HBGR1;GLUH1,N,D,D,N,N,N,N,D,D,N,D,D,D,D,D,N,N,D,D,D,D,N,N,D,N,D,N,N,D,N,D,D
GLUR2;GRIA2;HBGR2;GluR-K2;GLURB;GluA2,N,D,D,N,N,N,N,D,D,N,D,D,D,D,D,N,N,D,D,D,D,N,N,D,N,D,N,N,D,N,D,D
GLUR3;GLUR-K3;GLURC;GLUR-C;MRX94;GluA3;GRIA3,N,D,D,N,N,N,N,D,D,N,D,D,D,D,D,N,N,D,D,D,D,N,N,D,N,D,N,N,D,N,D,D
GLURD;GRIA4;GLUR4C;GLUR4;GluA4,N,D,D,N,N,N,N,D,D,N,D,D,D,D,D,N,N,D,D,D,D,N,N,D,N,D,N,N,D,N,D,D
MAPK1;ERK;PRKM1;p41mapk;p42-MAPK;p41;MAPK2;p40;p38;ERK-2;ERK2;ERT1;PRKM2;P42MAPK,D,D,D,D,D,D,D,D,D,D,D,D,D,D,D,D,D,D,D,D,D,D,D,D,D,D,D,D,D,D,D,D
PRKM3;HS44KDAP;ERT2;P44ERK1;ERK-1;HUMKER1A;p44-MAPK;ERK1;p44-ERK1;P44MAPK;MAPK3,D,D,D,D,D,D,D,D,D,D,D,D,D,D,D,D,D,D,D,D,D,D,D,D,D,D,D,D,D,D,D,D
PAC1;ADCYAP1R1;PACAPR;PAC1R;PACAPRI,D,D,D,N,D,D,D,D,D,N,D,D,D,D,D,D,D,D,D,D,D,D,D,D,D,D,D,D,D,D,D,D
ADCY1;AC1;DFNB44,D,D,D,D,D,D,D,D,D,N,D,D,D,D,D,D,D,D,D,D,D,D,D,D,D,D,D,D,D,D,D,D
ADCY2;AC2;HBAC2,D,D,D,D,D,D,D,D,D,N,D,D,D,D,D,D,D,D,D,D,D,D,D,D,D,D,D,D,D,D,D,D
AC3;AC-III;ADCY3,D,D,D,D,D,D,D,D,D,N,D,D,D,D,D,D,D,D,D,D,D,D,D,D,D,D,D,D,D,D,D,D
FDFM;AC5;ADCY5,D,D,D,D,D,D,D,D,D,N,D,D,D,D,D,D,D,D,D,D,D,D,D,D,D,D,D,D,D,D,D,D
AC6;LCCS8;ADCY6,D,D,D,D,D,D,D,D,D,N,D,D,D,D,D,D,D,D,D,D,D,D,D,D,D,D,D,D,D,D,D,D
ADCY7;AC7,D,D,D,D,D,D,D,D,D,N,D,D,D,D,D,D,D,D,D,D,D,D,D,D,D,D,D,D,D,D,D,D
ADCY8;AC8;HBAC1;ADCY3,D,D,D,D,D,D,D,D,D,N,D,D,D,D,D,D,D,D,D,D,D,D,D,D,D,D,D,D,D,D,D,D
ADCY9;AC9;ACIX,D,D,D,D,D,D,D,D,D,N,D,D,D,D,D,D,D,D,D,D,D,D,D,D,D,D,D,D,D,D,D,D
AC4;ADCY4,D,D,D,D,D,D,D,D,D,N,D,D,D,D,D,D,D,D,D,D,D,D,D,D,D,D,D,D,D,D,D,D
ADCY10;HEL-S-7a;SACI;HCA2;Sacy;SAC;hsAC,D,D,D,N,D,D,D,D,D,N,D,D,D,D,D,D,D,D,D,D,D,D,D,D,D,D,D,D,D,D,D,D
PPNAD4;PKACA;PRKACA,D,D,D,D,D,D,D,D,D,D,D,D,D,D,D,D,D,D,D,D,D,D,D,D,D,D,D,D,D,D,D,D
PKACB;PRKACB;PKA_C-beta,D,D,D,D,D,D,D,D,D,D,D,D,D,D,D,D,D,D,D,D,D,D,D,D,D,D,D,D,D,D,D,D
BDPLT19;PRKACG;KAPG;PKACg,D,D,D,D,D,D,D,D,D,D,D,D,D,D,D,D,D,D,D,D,D,D,D,D,D,D,D,D,D,D,D,D
GSA;SCG6;GNAS;GSP;POH;SgVI;AHO;C20orf45;GNAS1;NESP;GPSA,C,N,N,N,N,N,C,C,N,N,N,N,C,C,C,N,N,N,C,N,C,N,N,C,N,C,N,C,N,C,C,N
DEXRAS1;AGS1;MGC:26290;RASD1,D,D,D,D,D,D,D,D,D,D,D,D,D,D,D,D,D,D,D,D,D,D,D,D,D,D,D,D,D,D,D,D
CACNA1C;CCHL1A1;CACH2;CaV1.2;TS;LQT8;CACN2;CACNL1A1,B,B,B,N,B,N,B,B,B,N,B,B,B,B,B,B,B,B,B,B,B,B,B,B,B,B,N,B,B,N,B,B
SANDD;CACH3;CCHL1A2;CACNL1A2;PASNA;CACNA1D;CACN4;Cav1.3,B,B,B,N,B,N,B,B,B,N,B,B,B,B,B,B,B,B,B,B,B,B,B,B,B,B,N,B,B,N,B,B
CAPON;NOS1AP;6330408P19Rik,D,D,D,D,D,D,D,D,D,N,D,D,D,D,D,D,D,D,D,D,D,D,D,D,D,D,D,D,D,D,D,D
GNAI1;Gi,C,N,C,N,N,N,C,C,C,N,C,C,C,C,C,C,N,N,C,C,C,C,N,C,N,C,N,C,C,C,C,C
GNAI2;GIP;H_LUCA16.1;H_LUCA15.1;GNAI2B,C,N,N,N,N,N,C,C,N,N,N,N,C,C,C,N,N,N,C,N,C,N,N,C,N,C,N,C,N,C,C,N
87U6;ARCND1;GNAI3,C,N,C,N,N,N,C,C,C,N,C,C,C,C,C,C,N,N,C,C,C,C,N,C,N,C,N,C,C,C,C,C
GNAO;HLA-DQB1;NEDIM;EIEE17;GNAO1;G-ALPHA-o,C,N,N,N,N,N,C,C,N,N,N,N,C,C,C,N,N,N,C,N,C,N,N,C,N,C,N,C,N,C,C,N
MSPK1;MSK1;RPS6KA5;RLPK,D,D,D,D,D,D,D,D,D,D,D,D,D,D,D,D,D,D,D,D,D,D,D,D,D,D,D,D,D,D,D,D
CREB1;CREB;CREB-1,N,N,N,N,N,N,N,N,N,N,N,N,N,N,N,N,N,N,N,N,N,N,N,N,N,N,N,N,N,N,N,N
MTNR1A;MEL-1A-R;MT1,N,N,N,N,N,N,N,N,N,N,N,N,N,N,N,N,N,N,N,N,N,N,N,N,N,N,N,N,N,N,N,N
KCNJ3;GIRK1;KIR3.1;KGA,N,N,B,N,N,N,N,B,N,N,B,N,N,N,N,N,B,B,N,N,N,N,B,N,N,B,N,N,N,N,B,B
KIR3.4;KCNJ5;GIRK4;LQT13;CIR;KATP1,N,N,B,N,N,N,N,B,N,N,B,N,N,N,N,N,B,B,N,N,N,N,B,N,N,B,N,N,N,N,B,B
KATP2;GIRK2;KCNJ7;hiGIRK2;KATP-2;GIRK-2;BIR1;KPLBS;KCNJ6;KIR3.2,N,N,B,N,N,N,N,B,N,N,B,N,N,N,N,N,B,B,N,N,N,N,B,N,N,B,N,N,N,N,B,B
KCNJ9;KIR3.3;GIRK3,N,N,B,N,N,N,N,B,N,N,B,N,N,N,N,N,B,B,N,N,N,N,B,N,N,B,N,N,N,N,B,B
PER1;hPER;RIGUI;PER,N,N,N,B,B,N,B,N,N,B,B,N,N,N,B,B,B,B,N,B,B,B,B,B,N,B,N,N,N,N,B,N
PER3;FASPS3;GIG13,N,N,N,B,B,N,B,N,N,B,B,N,N,N,B,B,B,B,N,B,B,B,B,B,N,B,N,N,N,N,B,N
FASPS1;FASPS;PER2,N,N,N,N,N,N,A,N,N,A,A,N,N,N,A,A,A,N,N,N,N,N,N,N,N,N,N,N,N,N,A,N
C-FOS;FOS;AP-1;p55,N,N,N,N,N,N,N,N,N,N,N,N,N,N,N,N,N,N,N,N,N,N,N,N,N,N,N,N,N,N,N,N
