Dd5P4,D,D,D,D,D,D,D,D,D,N,D,D,D,D,D,D,D,D,D,D,D,D,D,D,D,D,D,D,D,D,D,D
Dd5P3,D,D,D,D,D,D,D,D,D,N,D,D,D,D,D,D,D,D,D,D,D,D,D,D,D,D,D,D,D,D,D,D
3,A,N,N,N,A,N,A,N,A,N,A,N,N,N,N,N,A,N,A,N,N,N,N,N,N,A,N,A,N,N,A,N
4,A,N,N,N,A,N,A,N,A,N,A,N,N,N,N,N,A,N,A,N,N,N,N,N,N,A,N,A,N,N,A,N
5,D,D,D,D,D,D,D,D,D,N,D,D,N,D,D,N,N,D,D,N,D,D,D,D,D,D,D,D,D,D,D,D
pten,D,D,D,N,D,D,N,D,D,N,D,D,N,D,D,N,N,N,D,N,D,D,D,D,D,D,D,D,D,D,D,D
mipp1,A,A,A,A,N,N,A,A,A,N,N,A,N,N,A,N,A,N,N,N,N,N,N,N,A,A,A,N,N,N,A,N
8,A,A,A,A,N,N,A,A,A,N,N,A,N,N,A,N,A,N,N,N,N,N,N,N,A,A,A,N,N,N,A,N
ITPK1,C,N,N,N,N,N,N,C,N,N,N,C,N,N,N,N,N,C,N,N,N,N,N,C,N,N,N,N,N,C,N,N
10,N,N,N,N,N,N,N,D,D,N,D,D,D,N,D,D,N,N,D,D,N,N,N,N,N,N,D,N,N,N,D,N
ino1,N,N,N,B,N,N,N,N,B,N,N,B,N,N,N,N,B,B,N,N,N,N,N,B,N,N,N,N,N,N,B,N
impa1,N,N,D,N,N,N,N,D,D,N,D,D,D,N,D,D,D,N,D,D,N,N,N,D,N,N,D,N,N,N,D,N
miox,B,B,N,N,N,N,N,B,B,N,B,B,N,B,N,N,B,B,B,N,B,B,B,N,N,B,N,B,N,N,B,N
14,B,B,B,B,B,B,B,B,B,B,B,B,B,B,B,B,B,B,B,B,B,B,B,B,B,B,B,B,B,B,B,B
15,B,B,B,B,B,B,B,B,B,B,B,B,B,B,B,B,B,B,B,B,B,B,B,B,B,B,B,B,B,B,B,B
pikD,B,B,B,B,B,B,B,B,B,B,B,B,B,B,B,B,B,B,B,B,B,B,B,B,B,B,B,B,B,B,B,B
17,D,D,D,D,D,D,D,D,D,N,D,D,D,D,D,D,D,D,D,D,D,D,D,D,N,D,D,D,D,D,D,D
PIPkinA,D,D,D,D,D,D,D,D,D,N,D,D,D,D,D,D,D,D,D,D,D,D,D,D,D,D,D,D,D,D,D,D
19,D,D,D,D,D,D,D,D,D,N,D,D,D,D,D,D,D,D,D,D,D,D,D,D,N,D,D,D,D,D,D,D
pikE,B,B,B,B,B,B,B,B,B,B,B,B,B,B,B,B,B,B,B,B,B,B,B,B,B,B,B,B,B,B,B,B
21,D,D,D,D,D,D,D,D,D,N,D,D,D,D,D,D,D,D,D,D,D,D,D,D,D,D,D,D,D,D,D,D
22,D,D,D,D,D,D,D,D,D,N,D,D,D,D,D,D,D,D,D,D,D,D,D,D,D,D,D,D,D,D,D,D
23,A,N,A,N,N,N,N,A,A,N,A,A,A,A,N,A,A,N,N,A,A,N,A,A,A,N,A,A,N,N,A,N
plc,D,D,D,D,D,D,D,D,D,N,D,D,D,D,D,D,D,D,D,D,D,D,D,D,D,D,D,D,D,D,D,D
25,A,N,N,N,N,N,N,N,A,N,N,N,N,N,N,N,N,N,A,N,N,N,A,N,N,A,A,N,N,A,N,N
pikF,B,B,B,B,B,B,B,B,B,B,B,B,B,B,B,B,B,B,B,B,B,B,B,B,B,B,B,B,B,B,B,B
pikC,B,B,B,B,B,B,B,B,B,N,B,B,B,B,B,B,B,B,B,B,B,B,B,B,B,B,B,B,B,B,B,B
pikA,B,B,B,B,B,B,B,B,B,N,B,B,B,B,B,B,B,B,B,B,B,B,B,B,B,B,B,B,B,B,B,B
pikG,B,B,B,B,B,B,B,B,B,B,B,B,B,B,B,B,B,B,B,B,B,B,B,B,B,B,B,B,B,B,B,B
pikB,B,B,B,B,B,B,B,B,B,N,B,B,B,B,B,B,B,B,B,B,B,B,B,B,B,B,B,B,B,B,B,B
mmsdh,D,D,D,N,D,D,D,D,D,N,D,D,D,D,D,D,D,D,D,D,D,D,D,D,D,D,D,N,N,D,D,N
tpiA,N,N,D,D,D,N,N,N,D,N,N,D,D,N,N,D,D,N,N,N,N,N,N,N,N,N,N,D,N,D,D,D
pip5k3,D,D,D,D,D,D,D,D,D,D,D,D,D,D,D,D,D,D,D,D,D,D,D,D,D,D,D,D,D,D,D,D
34,N,N,N,N,N,N,N,N,N,N,N,N,N,N,N,N,N,N,N,N,N,N,N,N,N,N,N,N,N,N,N,N
pikH,B,B,B,B,B,B,B,B,B,N,B,B,B,B,B,B,B,B,B,B,B,B,B,B,B,B,B,B,B,B,B,B
sac1,A,A,A,A,A,N,A,A,A,N,A,A,A,A,A,N,A,A,A,A,A,A,A,A,A,A,N,A,A,A,A,N
37,A,A,A,A,A,N,A,A,A,N,A,A,A,A,A,N,A,A,A,A,A,A,A,A,A,A,N,A,A,A,A,N
