ATCES1,N,A,N,N,N,N,N,N,A,N,N,N,N,A,N,N,N,N,A,N,N,N,N,N,A,N,N,N,N,N,A,A
2,N,N,A,N,N,N,N,A,N,N,N,N,A,N,N,N,N,N,N,N,A,N,N,N,N,N,N,N,N,N,A,N
3,N,N,A,N,N,N,N,A,N,N,N,N,A,N,N,N,N,N,N,N,A,N,N,N,N,N,N,N,N,N,A,N
4,N,N,A,N,N,N,N,A,N,N,N,N,A,N,N,N,N,N,N,N,A,N,N,N,N,N,N,N,N,N,A,N
DES-1-LIKE,B,B,B,N,B,N,B,N,B,N,B,B,N,B,B,N,B,N,N,B,B,B,N,B,N,B,N,N,N,N,B,N
SBH2,A,A,A,N,A,N,N,N,A,N,A,N,N,N,A,N,A,A,N,A,A,A,N,N,N,A,N,A,N,N,A,N
SBH1,A,A,A,N,A,N,N,N,A,N,A,N,N,N,A,N,A,A,N,A,A,A,N,N,N,A,N,A,N,N,A,N
ACD5,B,N,B,N,B,N,N,B,B,N,B,N,N,B,B,N,N,N,N,N,B,B,B,N,N,B,N,N,N,N,B,N
SPT1,D,D,D,D,D,D,D,D,D,N,D,D,D,D,N,D,D,D,D,D,D,D,N,D,D,D,N,D,D,D,D,D
10,D,D,D,D,D,D,D,D,D,N,D,D,D,D,N,D,D,D,D,D,D,D,N,D,D,D,N,D,D,D,D,D
LCB1,D,D,D,D,D,D,D,D,D,N,D,D,D,D,N,D,D,D,D,D,D,D,N,D,D,D,N,D,D,D,D,D
LCB2,D,D,D,D,D,D,D,D,D,N,D,D,D,D,N,D,D,D,D,D,D,D,N,D,D,D,N,D,D,D,D,D
TSC10A,D,D,D,D,D,D,D,D,D,N,D,D,D,D,D,D,D,D,D,D,D,D,D,D,D,D,D,D,D,D,D,D
TSC10B,D,D,D,D,D,D,D,D,D,N,D,D,D,D,D,D,D,D,D,D,D,D,D,D,D,D,D,D,D,D,D,D
15,N,A,A,A,N,N,N,N,A,N,A,A,N,A,N,N,A,N,N,N,N,N,N,N,N,A,N,A,N,N,A,N
AGAL2,N,A,A,A,N,N,N,N,A,N,A,A,N,A,N,N,A,N,N,N,N,N,N,N,N,A,N,A,N,N,A,N
AGAL1,N,A,A,A,N,N,N,N,A,N,A,A,N,A,N,N,A,N,N,N,N,N,N,N,N,A,N,A,N,N,A,N
BGAL17,B,N,N,N,N,N,N,N,B,N,B,N,N,N,N,N,B,N,B,N,N,B,N,N,N,B,B,N,N,N,B,N
BGAL2,B,N,N,N,N,N,N,N,B,N,B,N,N,N,N,N,B,N,B,N,N,B,N,N,N,B,B,N,N,N,B,N
20,B,N,N,N,N,N,N,N,B,N,B,N,N,B,N,N,N,N,N,N,N,N,B,N,N,N,N,N,N,N,N,N
21,D,N,N,N,N,N,N,N,D,N,N,N,N,N,N,N,N,N,N,D,N,D,N,N,N,N,N,N,N,N,D,N
22,D,N,N,N,N,N,N,N,D,N,N,N,N,N,N,N,N,N,N,D,N,D,N,N,N,N,N,N,N,N,D,N
23,D,N,N,N,N,N,N,N,D,N,N,N,N,N,N,N,N,N,N,D,N,D,N,N,N,N,N,N,N,N,D,N
24,D,N,N,N,N,N,N,N,D,N,N,N,N,N,N,N,N,N,N,D,N,D,N,N,N,N,N,N,N,N,D,N
SPHK2,B,N,B,N,B,N,N,B,B,N,B,N,N,B,B,N,N,N,N,N,B,B,B,N,N,B,N,N,N,N,B,N
SPHK1,B,N,B,N,B,N,N,B,B,N,B,N,N,B,B,N,N,N,N,N,B,B,B,N,N,B,N,N,N,N,B,N
DPL1,N,N,N,N,N,N,N,N,N,N,N,N,N,N,N,N,N,N,N,N,N,N,N,N,N,N,N,N,N,N,N,N
