10q23del;PTEN1;BZS;PTEN;TEP1;MHAM;CWS1;PTENbeta;MMAC1;DEC;GLM2,D,D,D,N,D,D,N,D,D,N,D,D,N,D,D,N,N,N,D,N,D,D,D,D,D,D,D,D,D,D,D,D
bA476B13.1;C9orf12;IP5K;IPPK;INSP5K2;IPK1,A,N,N,N,N,N,N,N,A,N,N,N,N,N,N,N,N,N,A,N,N,N,A,N,N,A,A,N,N,A,N,N
PLCD3;PLC-delta-3,D,D,D,D,D,D,D,D,D,N,D,D,D,D,D,D,D,D,D,D,D,D,D,D,D,D,D,D,D,D,D,D
PI-PLC;PLCB1A;PLC-I;EIEE12;PLC154;PLCB1B;PLC-154;PLCB1;PLC-beta-1,D,D,D,D,D,D,D,D,D,N,D,D,D,D,D,D,D,D,D,D,D,D,D,D,D,D,D,D,D,D,D,D
PLCE1;PPLC;NPHS3;PLCE,D,D,D,D,D,D,D,D,D,N,D,D,D,D,D,D,D,D,D,D,D,D,D,D,D,D,D,D,D,D,D,D
PLCB2;PLC-beta-2,D,D,D,D,D,D,D,D,D,N,D,D,D,D,D,D,D,D,D,D,D,D,D,D,D,D,D,D,D,D,D,D
PLCB3,D,D,D,D,D,D,D,D,D,N,D,D,D,D,D,D,D,D,D,D,D,D,D,D,D,D,D,D,D,D,D,D
PI-PLC;PLCB4;ARCND2,D,D,D,D,D,D,D,D,D,N,D,D,D,D,D,D,D,D,D,D,D,D,D,D,D,D,D,D,D,D,D,D
PLCD1;NDNC3;PLC-III,D,D,D,D,D,D,D,D,D,N,D,D,D,D,D,D,D,D,D,D,D,D,D,D,D,D,D,D,D,D,D,D
NCKAP3;PLC148;PLC1;PLC-II;PLCgamma1;PLCG1,D,D,D,D,D,D,D,D,D,N,D,D,D,D,D,D,D,D,D,D,D,D,D,D,D,D,D,D,D,D,D,D
PLCG2;APLAID;FCAS3;PLC-gamma-2;PLC-IV,D,D,D,D,D,D,D,D,D,N,D,D,D,D,D,D,D,D,D,D,D,D,D,D,D,D,D,D,D,D,D,D
PLCD4,D,D,D,D,D,D,D,D,D,N,D,D,D,D,D,D,D,D,D,D,D,D,D,D,D,D,D,D,D,D,D,D
PLCZ1;PLC-zeta-1;NYD-SP27;SPGF17;PLCzeta,D,D,D,D,D,D,D,D,D,N,D,D,D,D,D,D,D,D,D,D,D,D,D,D,D,D,D,D,D,D,D,D
CAGLP;CALML6,B,B,B,B,B,B,B,B,B,N,B,B,B,B,B,B,B,B,B,B,B,B,B,B,B,B,B,B,B,B,B,B
CLSP;CALML5,D,D,D,D,D,D,D,D,D,D,D,D,D,D,D,D,D,D,D,D,D,D,D,D,D,D,D,D,D,D,D,D
PHKD;CPVT4;DD132;LQT14;caM;CAMI;CALM1;CALML2,D,D,D,D,D,D,D,D,D,D,D,D,D,D,D,D,D,D,D,D,D,D,D,D,D,D,D,D,D,D,D,D
PHKD;PHKD2;caM;CALM2;LQT15;CAMII,D,D,D,D,D,D,D,D,D,D,D,D,D,D,D,D,D,D,D,D,D,D,D,D,D,D,D,D,D,D,D,D
CaM;PHKD;HEL-S-72;CaMIII;PHKD3;CALM3,D,D,D,D,D,D,D,D,D,D,D,D,D,D,D,D,D,D,D,D,D,D,D,D,D,D,D,D,D,D,D,D
CALML3;CLP,D,D,D,D,D,D,D,D,D,D,D,D,D,D,D,D,D,D,D,D,D,D,D,D,D,D,D,D,D,D,D,D
NY-BR-20;CALML4,B,B,B,B,B,N,B,B,B,N,B,B,B,B,B,B,B,B,B,B,B,B,B,B,B,B,B,B,B,B,B,B
SCA16;IP3R1;PPP1R94;IP3R;ACV;INSP3R1;ITPR1;SCA15;CLA4;SCA29,A,N,N,A,N,N,N,N,N,N,A,N,A,A,A,N,N,N,N,A,N,N,N,N,N,N,N,N,N,N,A,N
ITPR2;CFAP48;IP3R2;ANHD;INSP3R2,A,N,N,A,N,N,N,N,N,N,A,N,A,A,A,N,N,N,N,A,N,N,N,N,N,N,N,N,N,N,A,N
ITPR3;IP3R;IP3R3,A,N,N,A,N,N,N,N,N,N,A,N,A,A,A,N,N,N,N,A,N,N,N,N,N,N,N,N,N,N,A,N
PIS;CDIPT;PIS1,N,N,N,N,N,N,N,N,N,N,N,N,N,N,N,N,N,N,N,N,N,N,N,N,N,N,N,N,N,N,N,N
MCM;CWS5;PIK3CA;MCAP;CLOVE;PI3K-alpha;MCMTC;PI3K;p110-alpha,B,B,B,B,B,B,B,B,B,N,B,B,B,B,B,B,B,B,B,B,B,B,B,B,B,B,B,B,B,B,B,B
P110BETA;PI3KBETA;PIK3C1;PIK3CB;PI3K,B,B,B,B,B,B,B,B,B,B,B,B,B,B,B,B,B,B,B,B,B,B,B,B,B,B,B,B,B,B,B,B
APDS;PIK3CD;IMD14;p110D;PI3K;P110DELTA,B,B,B,B,B,B,B,B,B,N,B,B,B,B,B,B,B,B,B,B,B,B,B,B,B,B,B,B,B,B,B,B
GRB1;IMD36;p85;AGM7;p85-ALPHA;PIK3R1,A,A,A,N,N,N,N,A,A,N,A,A,N,A,A,A,N,N,A,N,A,A,A,A,A,A,A,A,A,A,A,A
PIK3R2;p85;MPPH;p85-BETA;MPPH1;P85B,N,N,N,N,N,N,N,N,N,N,N,N,N,N,N,N,N,N,N,N,N,N,N,N,N,N,N,N,N,N,N,N
p55PIK;p55;PIK3R3;p55-GAMMA,N,N,N,N,N,N,N,N,N,N,N,N,N,N,N,N,N,N,N,N,N,N,N,N,N,N,N,N,N,N,N,N
PIP5K1-gamma;PIP5Kgamma;PIP5K-GAMMA;PIP5K1C;LCCS3,D,D,D,D,D,D,D,D,D,N,D,D,D,D,D,D,D,D,D,D,D,D,D,D,N,D,D,D,D,D,D,D
PIP5K1A,D,D,D,D,D,D,D,D,D,N,D,D,D,D,D,D,D,D,D,D,D,D,D,D,N,D,D,D,D,D,D,D
STM7;PIP5K1B;MSS4,D,D,D,D,D,D,D,D,D,N,D,D,D,D,D,D,D,D,D,D,D,D,D,D,N,D,D,D,D,D,D,D
PIP5K;FAB1;PIP5K3;ZFYVE29;HEL37;CFD;PIKFYVE,D,D,D,D,D,D,D,D,D,D,D,D,D,D,D,D,D,D,D,D,D,D,D,D,D,D,D,D,D,D,D,D
PMGYCHA;PI4K-ALPHA;pi4K230;PI4KA;PIK4CA,B,B,B,B,B,B,B,B,B,B,B,B,B,B,B,B,B,B,B,B,B,B,B,B,B,B,B,B,B,B,B,B
PI4K-BETA;PI4K92;PI4KIIIBETA;NPIK;PI4KB;PI4KBETA;PIK4CB,B,B,B,B,B,B,B,B,B,B,B,B,B,B,B,B,B,B,B,B,B,B,B,B,B,B,B,B,B,B,B,B
PI4K2B;PIK42B;PI4KIIB,N,C,N,N,C,N,N,C,C,N,C,C,C,C,C,N,N,N,C,N,C,C,C,N,N,N,C,N,N,N,C,N
PI4K2A;PIK42A;PI4KII,N,N,N,N,A,N,N,N,N,N,A,A,N,N,N,N,N,N,N,N,A,N,N,N,N,N,N,N,N,N,N,N
PIK3C2A;CPK;PI3-K-C2A;PI3K-C2-alpha;PI3K-C2alpha;PI3-K-C2(ALPHA),B,B,B,B,B,B,B,B,B,N,B,B,B,B,B,B,B,B,B,B,B,B,B,B,B,B,B,B,B,B,B,B
C2-PI3K;PIK3C2B,B,B,B,B,B,B,B,B,B,N,B,B,B,B,B,B,B,B,B,B,B,B,B,B,B,B,B,B,B,B,B,B
PIK3C2G;PI3K-C2-gamma;PI3K-C2GAMMA,B,B,B,B,B,B,B,B,B,N,B,B,B,B,B,B,B,B,B,B,B,B,B,B,B,B,B,B,B,B,B,B
CDS1;CDS,B,N,B,N,N,N,B,B,B,N,B,N,N,N,N,B,N,N,N,N,N,N,N,N,N,N,N,B,N,N,B,N
CDS2,B,N,B,N,N,N,B,B,B,N,B,N,N,N,N,B,N,N,N,N,N,N,N,N,N,N,N,B,N,N,B,N
DGKK,D,D,D,D,D,D,D,D,D,N,D,D,D,D,D,D,D,D,D,D,D,D,D,D,D,D,D,D,D,D,D,D
DGKA;DAGK;DGK-alpha;DAGK1,B,B,B,N,N,B,B,B,B,N,B,B,B,B,B,B,B,B,B,B,B,B,B,B,N,B,B,N,B,B,B,N
DAGK2;DGKB;DGK;DGK-BETA,B,B,B,N,N,B,B,B,B,N,B,B,B,B,B,B,B,B,B,B,B,B,B,B,N,B,B,N,B,B,B,N
DGKG;DGK-GAMMA;DAGK3,B,B,B,N,N,B,B,B,B,N,B,B,B,B,B,B,B,B,B,B,B,B,B,B,N,B,B,N,B,B,B,N
DGKeta;DGKH,D,D,D,D,D,D,D,D,D,N,D,D,D,D,D,D,D,D,D,D,D,D,D,D,D,D,D,D,D,D,D,D
DAGK7;DGKQ;DAGK;DAGK4,A,N,N,N,N,A,N,A,A,N,A,N,N,N,N,A,A,N,N,A,A,A,A,N,N,N,N,N,N,N,A,N
DAGK6;hDGKzeta;DGK-ZETA;DAGK5;DGKZ,D,D,D,D,D,D,D,D,D,N,D,D,D,D,D,D,D,D,D,D,D,D,D,D,D,D,D,D,D,D,D,D
DAGK6;NPHS7;DGK;AHUS7;DAGK5;DGKE,A,N,N,N,N,A,N,A,A,N,A,N,N,N,N,A,A,N,N,A,A,A,A,N,N,N,N,N,N,N,A,N
dgkd-2;DGKD;DGKdelta,D,D,D,D,D,D,D,D,D,N,D,D,D,D,D,D,D,D,D,D,D,D,D,D,D,D,D,D,D,D,D,D
DGK-IOTA;DGKI,D,D,D,D,D,D,D,D,D,N,D,D,D,D,D,D,D,D,D,D,D,D,D,D,D,D,D,D,D,D,D,D
INPP4A;INPP4;TVAS1,A,N,A,N,N,N,N,A,N,N,N,A,N,N,N,N,N,N,N,N,N,N,N,A,N,A,N,N,N,N,A,A
INPP4B,A,N,A,N,N,N,N,A,N,N,N,A,N,N,N,N,N,N,N,N,N,N,N,A,N,A,N,N,N,N,A,A
INPP5B;5PTase,D,D,D,D,D,D,D,D,D,N,D,D,D,D,D,D,D,D,D,D,D,D,D,D,D,D,D,D,D,D,D,D
OCRL-1;LOCR;OCRL;INPP5F;NPHL2;OCRL1,D,D,D,D,D,D,D,D,D,N,D,D,D,D,D,D,D,D,D,D,D,D,D,D,D,D,D,D,D,D,D,D
PPI5PIV;CORS1;MORMS;INPP5E;JBTS1;pharbin;CPD4,D,D,D,D,D,D,D,D,D,N,D,D,D,D,D,D,D,D,D,D,D,D,D,D,D,D,D,D,D,D,D,D
INPP5G;EIEE53;SYNJ1;PARK20,D,D,D,D,D,D,D,D,D,N,D,D,D,D,D,D,D,D,D,D,D,D,D,D,D,D,D,D,D,D,D,D
SYNJ2;INPP5H,D,D,D,D,D,D,D,D,D,N,D,D,D,D,D,D,D,D,D,D,D,D,D,D,D,D,D,D,D,D,D,D
PIP5KII-alpha;PIP5KIIA;PIP5K2A;PIP4K2A;PIPK;PI5P4KA,D,D,D,D,D,D,D,D,D,N,D,D,D,D,D,D,D,D,D,D,D,D,D,D,N,D,D,D,D,D,D,D
PIP4K2C;PIP5K2C,D,D,D,D,D,D,D,D,D,N,D,D,D,D,D,D,D,D,D,D,D,D,D,D,N,D,D,D,D,D,D,D
PIP5P4KB;PI5P4KB;PIP5KIIB;PIP5K2B;PIP4K2B;PIP5KIIbeta,D,D,D,D,D,D,D,D,D,N,D,D,D,D,D,D,D,D,D,D,D,D,D,D,N,D,D,D,D,D,D,D
IPMK,A,N,N,N,A,N,A,N,A,N,A,N,N,N,N,N,A,N,A,N,N,N,N,N,N,A,N,A,N,N,A,N
CNM;MTMX;MTM1;XLMTM,D,D,D,D,D,D,D,D,D,N,D,D,D,D,D,D,D,D,D,D,D,D,D,D,D,D,D,D,D,D,D,D
IMP;IMPA1;MRT59;IMPA,N,N,D,N,N,N,N,D,D,N,D,D,D,N,D,D,D,N,D,D,N,N,N,D,N,N,D,N,N,N,D,N
IMPA2,N,N,D,N,N,N,N,D,D,N,D,D,D,N,D,D,D,N,D,D,N,N,N,D,N,N,D,N,N,N,D,N
IMP-3;IMPA3;IMPAD1;IMP_3;GPAPP,N,N,N,N,N,N,N,N,N,N,N,N,N,N,N,N,N,N,N,N,N,N,N,N,N,N,N,N,N,N,N,N
INPP1,N,N,N,N,N,N,N,N,N,N,N,N,N,N,N,N,N,N,N,N,N,N,N,N,N,N,N,N,N,N,N,N
PIB5PA;INPP5;INPP5J;PIPP,D,D,D,D,D,D,D,D,D,N,D,D,D,D,D,D,D,D,D,D,D,D,D,D,D,D,D,D,D,D,D,D
INPP5A;5PTASE,N,N,N,N,A,N,N,N,N,N,A,N,N,A,N,N,N,N,N,N,N,A,N,A,N,N,N,N,N,N,A,N
INPP5K;PPS;MDCCAID;SKIP,D,D,D,D,D,D,D,D,D,N,D,D,D,D,D,D,D,D,D,D,D,D,D,D,D,D,D,D,D,D,D,D
ITPK1;ITRPK1,C,N,N,N,N,N,N,C,N,N,N,C,N,N,N,N,N,C,N,N,N,N,N,C,N,N,N,N,N,C,N,N
IP3-3KA;ITPKA;IP3KA,A,N,N,N,A,N,A,N,A,N,A,N,N,N,N,N,A,N,A,N,N,N,N,N,N,A,N,A,N,N,A,N
IP3K-B;IP3K;PIG37;IP3KB;ITPKB;IP3-3KB,A,N,N,N,A,N,A,N,A,N,A,N,N,N,N,N,A,N,A,N,N,N,N,N,N,A,N,A,N,N,A,N
IP3-3KC;ITPKC;IP3KC,A,N,N,N,A,N,A,N,A,N,A,N,N,N,N,N,A,N,A,N,N,N,N,N,N,A,N,A,N,N,A,N
SHIP1;p150Ship;INPP5D;SHIP-1;SIP-145;hp51CN;SHIP,D,D,D,D,D,D,D,D,D,N,D,D,D,D,D,D,D,D,D,D,D,D,D,D,D,D,D,D,D,D,D,D
SHIP2;INPPL1;OPSMD,D,D,D,D,D,D,D,D,D,N,D,D,D,D,D,D,D,D,D,D,D,D,D,D,D,D,D,D,D,D,D,D
MTMR8,D,D,D,D,D,D,D,D,D,N,D,D,D,D,D,D,D,D,D,D,D,D,D,D,D,D,D,D,D,D,D,D
C3orf29;MTMR14,A,N,A,N,N,N,N,A,A,N,A,A,A,A,N,A,A,N,N,A,A,N,A,A,A,N,A,A,N,N,A,N
MTMR1,D,D,D,D,D,D,D,D,D,N,D,D,D,D,D,D,D,D,D,D,D,D,D,D,D,D,D,D,D,D,D,D
FYVE-DSP1;MTMR3;ZFYVE10,D,D,D,D,D,D,D,D,D,N,D,D,D,D,D,D,D,D,D,D,D,D,D,D,D,D,D,D,D,D,D,D
CMT4B1;CMT4B;MTMR2,D,D,D,D,D,D,D,D,D,N,D,D,D,D,D,D,D,D,D,D,D,D,D,D,D,D,D,D,D,D,D,D
MTMR6,D,D,D,D,D,D,D,D,D,N,D,D,D,D,D,D,D,D,D,D,D,D,D,D,D,D,D,D,D,D,D,D
MTMR7,D,D,D,D,D,D,D,D,D,N,D,D,D,D,D,D,D,D,D,D,D,D,D,D,D,D,D,D,D,D,D,D
FYVE-DSP2;ZFYVE11;MTMR4,D,D,D,D,D,D,D,D,D,N,D,D,D,D,D,D,D,D,D,D,D,D,D,D,D,D,D,D,D,D,D,D
TMEM55A;PIP4P2,N,N,N,N,N,N,N,N,N,N,N,N,N,N,N,N,N,N,N,N,N,N,N,N,N,N,N,N,N,N,N,N
TMEM55B;C14orf9;PIP4P1,N,N,N,N,N,N,N,N,N,N,N,N,N,N,N,N,N,N,N,N,N,N,N,N,N,N,N,N,N,N,N,N
IHPK3;INSP6K3;IP6K3,A,N,N,N,A,N,A,N,A,N,A,N,N,N,N,N,A,N,A,N,N,N,N,N,N,A,N,A,N,N,A,N
IP6K2;PIUS;IHPK2,A,N,N,N,A,N,A,N,A,N,A,N,N,N,N,N,A,N,A,N,N,N,N,N,N,A,N,A,N,N,A,N
IHPK1;IP6K1;PiUS,A,N,N,N,A,N,A,N,A,N,A,N,N,N,N,N,A,N,A,N,N,N,N,N,N,A,N,A,N,N,A,N
VIP2;CFAP160;PPIP5K2;IP7K2;HISPPD1,N,N,N,N,N,N,N,N,A,N,A,A,N,A,N,A,A,N,N,N,N,A,A,A,N,N,A,A,N,N,A,A
VIP1;hsVIP1;IPS1;IP6K;PPIP5K1;HISPPD2A,N,N,N,N,N,N,N,N,A,N,A,A,N,A,N,A,A,N,N,N,N,A,A,A,N,N,A,A,N,N,A,A
hVps34;VPS34;PIK3C3,B,B,B,B,B,B,B,B,B,B,B,B,B,B,B,B,B,B,B,B,B,B,B,B,B,B,B,B,B,B,B,B
PKCA;PKC-alpha;PRKACA;PRKCA;AAG6,D,D,D,D,D,D,D,D,D,D,D,D,D,D,D,D,D,D,D,D,D,D,D,D,D,D,D,D,D,D,D,D
PRKCB2;PKCB;PRKCB1;PKC-beta;PRKCB,D,D,D,D,D,D,D,D,D,D,D,D,D,D,D,D,D,D,D,D,D,D,D,D,D,D,D,D,D,D,D,D
SCA14;PKCG;PKC-gamma;PRKCG;PKCC,D,D,D,D,D,D,D,D,D,D,D,D,D,D,D,D,D,D,D,D,D,D,D,D,D,D,D,D,D,D,D,D
hSAC2;SAC2;INPP5F;MSTP007;MSTPO47,A,A,A,A,A,N,A,A,A,N,A,A,A,A,A,N,A,A,A,A,A,A,A,A,A,A,N,A,A,A,A,N
SAC1;SACM1L,A,A,A,A,A,N,A,A,A,N,A,A,A,A,A,N,A,A,A,A,A,A,A,A,A,A,N,A,A,A,A,N
