EMB1075,N,N,N,N,N,N,N,N,N,N,N,N,N,N,N,N,N,N,N,N,N,N,N,N,N,N,N,N,N,N,N,N
ALDH2B7,D,D,D,N,D,D,D,D,D,N,D,D,D,D,D,D,D,D,D,D,D,D,D,D,D,D,D,D,D,D,D,N
ALDH3H1,D,D,D,N,D,D,D,D,D,N,D,D,D,D,D,D,D,D,D,D,D,D,D,D,D,D,D,D,D,D,D,N
ALDH7B4,D,D,D,N,D,D,D,D,D,N,D,D,D,D,D,D,D,D,D,D,D,D,D,D,D,D,D,D,D,D,D,N
ALDH2B4,D,D,D,N,D,D,D,D,D,N,D,D,D,D,D,D,D,D,D,D,D,D,D,D,D,D,D,D,D,D,D,N
ALDH3I1,D,D,D,N,D,D,D,D,D,N,D,D,D,D,D,D,D,D,D,D,D,D,D,D,D,D,D,D,D,D,D,N
ALDH3F1,D,D,D,N,D,D,D,D,D,N,D,D,D,D,D,D,D,D,D,D,D,D,D,D,D,D,D,D,D,D,D,N
ATP-PRT2,N,N,N,N,N,D,D,N,N,N,D,D,N,D,N,N,N,D,N,D,N,D,N,N,N,N,N,N,N,N,N,N
ATP-PRT1,N,N,N,N,N,D,D,N,N,N,D,D,N,D,N,N,N,D,N,D,N,D,N,N,N,N,N,N,N,N,N,N
HDH,N,N,N,N,N,D,D,N,N,N,D,D,N,D,N,N,N,D,N,D,N,D,N,N,N,N,N,N,N,N,N,N
IMPL2,N,N,D,N,N,N,N,D,D,N,D,D,D,N,D,D,D,N,D,D,N,N,N,D,N,N,D,N,N,N,D,N
HISN6B,D,N,N,N,N,D,N,N,D,N,N,D,D,N,N,N,N,N,N,D,N,N,N,D,N,N,N,D,N,N,D,D
HPA1,D,N,N,N,N,D,N,N,D,N,N,D,D,N,N,N,N,N,N,D,N,N,N,D,N,N,N,D,N,N,D,D
IGPD,N,N,D,N,N,N,D,D,N,N,D,N,N,N,N,N,N,N,N,N,D,N,N,D,N,N,N,N,N,N,N,N
HISN5B,N,N,D,N,N,N,D,D,N,N,D,N,N,N,N,N,N,N,N,N,D,N,N,D,N,N,N,N,N,N,N,N
APG10,N,N,N,N,N,N,N,N,N,N,N,N,N,N,N,N,N,N,N,N,N,N,N,N,N,N,N,N,N,N,N,N
AT-IE,N,N,N,N,N,N,N,N,N,N,N,N,N,N,N,N,N,N,N,N,N,N,N,N,N,N,N,N,N,N,N,N
AT-HF,N,N,N,N,N,N,N,N,N,N,N,N,N,N,N,N,N,N,N,N,N,N,N,N,N,N,N,N,N,N,N,N
