IBR3,D,D,D,D,D,D,D,D,D,N,D,D,D,D,D,D,D,D,D,D,D,D,D,D,D,D,N,D,D,D,D,D
2,D,D,D,N,D,D,D,D,D,N,D,D,D,D,D,N,D,D,D,D,D,D,D,D,N,D,N,D,D,N,D,D
3,D,D,D,N,N,N,D,D,D,N,D,D,D,D,D,N,D,D,D,D,D,D,D,D,N,D,N,D,D,N,D,D
4,D,D,D,N,D,D,D,D,D,N,D,D,D,D,D,N,D,D,D,D,D,D,D,D,N,D,N,D,D,N,D,D
5,D,D,D,N,D,D,D,D,D,N,D,D,D,D,D,N,D,D,D,D,D,D,D,D,N,D,N,D,D,N,D,D
6,D,D,D,N,N,N,D,D,D,N,D,D,D,D,D,N,D,D,D,D,D,D,D,D,N,D,N,D,D,N,D,D
CHY1,D,D,D,N,N,N,D,D,D,N,D,D,D,D,D,N,D,D,D,D,D,D,D,D,N,D,N,D,D,N,D,D
8,N,B,N,N,B,N,N,N,N,N,N,N,N,B,N,N,N,N,N,N,N,N,N,N,N,N,N,N,N,N,B,B
ALDH6B2,D,D,D,N,D,D,D,D,D,N,D,D,D,D,D,D,D,D,D,D,D,D,D,D,D,D,D,N,N,D,D,N
PANC,B,B,B,N,N,B,B,B,B,N,B,B,B,B,N,B,B,B,N,B,N,B,B,B,B,N,B,B,N,N,N,N
GAD2,N,N,N,N,N,N,N,N,N,N,N,N,N,N,N,N,N,N,N,N,N,N,N,N,N,N,N,N,N,N,N,N
GAD3,N,N,N,N,N,N,N,N,N,N,N,N,N,N,N,N,N,N,N,N,N,N,N,N,N,N,N,N,N,N,N,N
GAD4,N,N,N,N,N,N,N,N,N,N,N,N,N,N,N,N,N,N,N,N,N,N,N,N,N,N,N,N,N,N,N,N
GAD5,N,N,N,N,N,N,N,N,N,N,N,N,N,N,N,N,N,N,N,N,N,N,N,N,N,N,N,N,N,N,N,N
GAD,N,N,N,N,N,N,N,N,N,N,N,N,N,N,N,N,N,N,N,N,N,N,N,N,N,N,N,N,N,N,N,N
SPDS1,D,N,D,N,N,N,N,D,D,N,D,D,N,N,N,N,N,D,N,D,N,N,N,N,D,D,D,N,N,N,D,N
SPDS2,D,N,D,N,N,N,N,D,D,N,D,D,N,N,N,N,N,D,N,D,N,N,N,N,D,D,D,N,N,N,D,N
SPDS3,D,N,D,N,N,N,N,D,D,N,D,D,N,N,N,N,N,D,N,D,N,N,N,N,D,D,D,N,N,N,D,N
19,N,N,N,N,N,N,N,N,B,N,B,N,N,N,B,N,N,N,N,B,N,N,N,N,N,N,N,B,N,N,N,N
20,N,N,N,N,N,N,N,N,B,N,B,N,N,N,B,N,N,N,N,B,N,N,N,N,N,N,N,B,N,N,N,N
21,N,N,N,N,N,N,N,N,B,N,B,N,N,N,B,N,N,N,N,B,N,N,N,N,N,N,N,B,N,N,N,N
CuAO1,N,N,N,N,N,N,N,N,B,N,B,N,N,N,B,N,N,N,N,B,N,N,N,N,N,N,N,B,N,N,N,N
23,N,N,N,N,N,N,N,N,B,N,B,N,N,N,B,N,N,N,N,B,N,N,N,N,N,N,N,B,N,N,N,N
24,N,N,N,N,N,N,N,N,B,N,B,N,N,N,B,N,N,N,N,B,N,N,N,N,N,N,N,B,N,N,N,N
25,N,N,N,N,N,N,N,N,B,N,B,N,N,N,B,N,N,N,N,B,N,N,N,N,N,N,N,B,N,N,N,N
AO1,N,N,N,N,N,N,N,N,B,N,B,N,N,N,B,N,N,N,N,B,N,N,N,N,N,N,N,B,N,N,N,N
ALDH2B7,D,D,D,N,D,D,D,D,D,N,D,D,D,D,D,D,D,D,D,D,D,D,D,D,D,D,D,D,D,D,D,N
ALDH3H1,D,D,D,N,D,D,D,D,D,N,D,D,D,D,D,D,D,D,D,D,D,D,D,D,D,D,D,D,D,D,D,N
ALDH7B4,D,D,D,N,D,D,D,D,D,N,D,D,D,D,D,D,D,D,D,D,D,D,D,D,D,D,D,D,D,D,D,N
ALDH2B4,D,D,D,N,D,D,D,D,D,N,D,D,D,D,D,D,D,D,D,D,D,D,D,D,D,D,D,D,D,D,D,N
ALDH3I1,D,D,D,N,D,D,D,D,D,N,D,D,D,D,D,D,D,D,D,D,D,D,D,D,D,D,D,D,D,D,D,N
ALDH3F1,D,D,D,N,D,D,D,D,D,N,D,D,D,D,D,D,D,D,D,D,D,D,D,D,D,D,D,D,D,D,D,N
BETA-UP,N,N,N,N,N,N,N,N,N,N,N,N,N,N,N,N,N,N,N,N,N,N,N,N,N,N,N,N,N,N,N,N
PYD2,N,N,N,N,N,N,N,N,N,N,N,N,N,N,N,N,N,N,N,N,N,N,N,N,N,N,N,N,N,N,N,N
PYD1,N,N,N,N,N,N,N,N,N,N,N,N,N,N,N,N,N,N,N,N,N,N,N,N,N,N,N,N,N,N,N,N
PAO4,B,B,N,N,N,N,N,B,B,N,B,N,B,B,N,N,N,N,N,N,B,N,B,N,N,N,N,B,N,N,B,N
PAO2,B,B,N,N,N,N,N,B,B,N,B,N,B,B,N,N,N,N,N,N,B,N,B,N,N,N,N,B,N,N,B,N
PAO3,B,B,N,N,N,N,N,B,B,N,B,N,B,B,N,N,N,N,N,N,B,N,B,N,N,N,N,B,N,N,B,N
PAO1,B,B,N,N,N,N,N,B,B,N,B,N,B,B,N,N,N,N,N,N,B,N,B,N,N,N,N,B,N,N,B,N
PAO5,B,N,N,N,N,N,N,N,B,N,B,N,N,B,N,N,N,N,N,N,B,N,B,N,N,N,N,B,N,N,B,N
