MET10,B,B,B,B,B,N,B,B,N,N,B,N,B,B,B,B,B,B,N,N,B,B,N,N,N,B,N,N,B,B,B,B
ECM17;MET5,B,B,N,B,N,N,N,B,N,N,B,N,N,B,B,B,B,B,N,N,B,N,N,N,N,N,N,N,N,B,B,N
HAL2;MET22,N,N,N,N,N,N,N,D,D,N,D,D,D,N,D,D,N,N,D,D,N,N,N,N,N,N,D,N,N,N,D,N
MET14,N,N,N,N,N,N,N,N,N,N,N,N,N,N,N,N,N,N,N,N,N,N,N,N,N,N,N,N,N,N,N,N
APA1;DTP1,N,B,B,B,N,B,N,N,N,N,B,N,N,N,B,N,N,N,N,B,N,B,N,B,B,N,N,N,N,N,N,N
MET3,N,A,A,N,N,N,N,N,A,N,N,N,N,N,A,N,N,N,N,N,N,N,N,N,N,N,N,N,A,N,A,N
MET16,D,D,D,D,D,D,D,D,D,N,D,D,D,D,D,D,D,D,D,D,D,D,D,D,D,D,D,D,D,D,D,D
TUM1,D,N,N,N,N,N,D,D,D,N,D,N,N,N,N,N,D,D,N,N,N,N,N,N,N,N,N,N,N,N,D,D
MCY1,N,D,N,N,N,D,N,D,D,N,D,N,D,N,N,D,D,N,D,N,D,N,N,D,N,N,N,D,N,N,N,N
MET25;MET15;MET17,N,N,D,N,D,N,D,D,N,N,N,N,N,D,D,N,D,N,N,N,N,N,N,D,N,N,N,N,D,N,N,N
CYC7,N,B,B,N,N,B,N,N,B,N,B,N,N,B,N,B,N,N,B,N,B,N,N,B,B,B,N,B,B,N,B,B
CYC1,N,B,B,N,N,B,N,N,B,N,B,N,N,B,N,B,N,N,B,N,B,N,N,B,B,B,N,B,B,N,B,B
STR2,N,N,D,N,D,N,D,D,N,N,N,N,N,D,D,N,D,N,N,N,N,N,N,D,N,N,N,N,D,N,N,N
14,N,N,D,N,D,N,D,D,N,N,N,N,N,D,D,N,D,N,N,N,N,N,N,D,N,N,N,N,D,N,N,N
15,N,N,D,N,D,N,D,D,N,N,N,N,N,D,D,N,D,N,N,N,N,N,N,D,N,N,N,N,D,N,N,N
