SUI2,N,D,N,D,D,D,D,D,D,D,D,D,D,D,N,D,D,D,D,D,N,D,N,D,D,D,D,N,N,N,D,N
FUN48;CNE1,A,A,A,N,A,N,A,A,A,N,A,A,A,A,N,A,A,A,A,A,A,A,A,A,A,A,A,A,A,A,A,A
SSH1,N,N,N,N,B,N,B,N,B,N,B,N,B,B,N,B,B,B,N,N,N,B,N,N,N,B,N,B,N,N,B,B
SSS1,C,N,N,N,C,N,C,N,C,N,C,N,C,N,C,C,C,N,N,C,N,N,N,C,C,N,N,C,N,N,N,N
SBH2;SEB2,N,N,N,N,N,N,N,N,N,N,N,N,N,N,N,N,N,N,N,N,N,N,N,N,N,N,N,N,N,N,N,N
SEB1;SBH1;YER087C-A,N,N,N,N,N,N,N,N,N,N,N,N,N,N,N,N,N,N,N,N,N,N,N,N,N,N,N,N,N,N,N,N
SEC61,N,N,N,N,B,N,B,N,B,N,B,N,B,B,N,B,B,B,N,N,N,B,N,N,N,B,N,B,N,N,B,B
CDC48,D,D,D,D,D,D,D,D,D,D,D,D,D,D,D,D,D,D,D,D,D,D,D,D,D,D,D,D,D,D,D,D
OST4,N,N,N,N,N,N,N,N,N,N,N,N,N,N,N,N,N,N,N,N,N,N,N,N,N,N,N,N,N,N,N,N
WBP1,N,A,A,N,N,N,N,A,A,N,N,N,N,A,N,N,N,N,N,A,A,N,A,N,N,A,N,A,N,N,A,A
STT3,D,D,N,D,N,N,N,D,N,N,D,D,N,N,D,N,D,N,N,N,N,N,D,N,N,N,N,N,N,D,N,N
OST5,N,N,N,N,N,N,N,N,N,N,N,N,N,N,N,N,N,N,N,N,N,N,N,N,N,N,N,N,N,N,N,N
NLT1;OST1,A,A,A,N,N,A,A,A,A,N,A,A,N,N,A,A,N,A,A,A,A,N,N,A,A,N,A,A,N,N,A,A
OST6,N,N,N,N,N,N,N,N,N,N,N,N,N,N,N,N,N,N,N,N,N,N,N,N,N,N,N,N,N,N,N,N
SWP1,N,N,N,N,N,N,N,N,N,N,N,N,N,N,N,N,N,N,N,N,N,N,N,N,N,N,N,N,N,N,N,N
OST3,N,N,N,N,N,N,N,N,N,N,N,N,N,N,N,N,N,N,N,N,N,N,N,N,N,N,N,N,N,N,N,N
OST2,A,A,A,N,N,N,A,A,A,N,N,N,N,N,N,A,A,N,N,A,A,N,N,N,N,A,A,A,N,N,A,A
LST1;SFB3,B,N,B,B,B,B,B,B,B,N,B,N,N,B,N,N,B,B,N,B,B,N,B,N,N,B,B,B,N,B,B,N
ANU1;SEC24,B,N,B,B,B,B,B,B,B,N,B,N,N,B,N,N,B,B,N,B,B,N,B,N,N,B,B,B,N,B,B,N
ISS1;SFB2,B,N,B,B,B,B,B,B,B,N,B,N,N,B,N,N,B,B,N,B,B,N,B,N,N,B,B,B,N,B,B,N
SEC23,A,N,A,N,A,N,A,N,A,N,A,N,N,A,N,N,A,N,N,A,N,N,A,N,N,N,A,N,N,N,A,N
EMP47,N,N,N,N,N,N,N,N,N,N,N,N,N,N,N,N,N,N,N,N,N,N,N,N,N,N,N,N,N,N,N,N
EMP46,N,N,N,N,N,N,N,N,N,N,N,N,N,N,N,N,N,N,N,N,N,N,N,N,N,N,N,N,N,N,N,N
UFD1,A,A,N,A,N,A,N,A,A,N,A,A,A,N,A,A,N,A,A,N,N,A,A,A,N,A,N,N,N,N,A,A
HRD4;NPL4,A,N,A,N,A,N,N,A,A,N,A,N,N,N,N,N,N,N,N,N,N,N,A,N,N,N,N,N,N,N,N,A
MNS1,D,D,D,N,D,D,D,D,D,N,D,N,D,D,N,D,D,D,D,D,D,D,D,D,N,D,D,N,N,D,D,N
MNL2,N,B,B,N,N,N,B,N,B,N,B,N,B,N,N,N,N,B,B,B,N,B,B,N,N,B,B,N,N,N,N,N
ROT2;GLS2,N,N,N,N,N,C,N,N,C,N,C,N,N,N,C,N,N,N,N,N,C,C,N,N,N,N,N,N,N,N,C,C
CWH41;GLS1;DER7,N,N,D,N,N,N,N,N,D,N,D,N,N,D,N,N,D,N,D,N,D,D,N,N,D,N,D,D,D,N,N,N
KRE5,N,A,N,N,N,N,N,N,A,N,A,N,N,N,N,N,A,N,N,N,A,A,A,A,A,N,N,N,N,N,A,A
KIS3;SSM4;DOA10,A,A,A,N,A,N,A,A,A,N,A,A,A,N,A,N,A,A,A,A,N,A,N,A,A,A,N,A,A,N,A,N
DER3;HRD1,D,D,D,D,D,D,D,D,D,N,D,D,D,D,D,D,D,D,D,D,D,D,D,D,D,D,D,D,D,D,D,D
CUE1;KIS4,N,N,N,N,N,N,N,N,N,N,N,N,N,N,N,N,N,N,N,N,N,N,N,N,N,N,N,N,N,N,N,N
HRD3,B,B,B,N,B,B,B,B,B,N,B,B,B,B,B,B,B,B,B,B,B,B,B,B,B,B,B,B,B,B,B,B
DER2;UBC7;QRI8,D,D,D,D,D,D,D,D,D,D,D,D,D,D,D,D,D,D,D,D,D,D,D,D,D,D,D,D,D,D,D,D
GRP78;KAR2,B,B,B,B,B,B,B,B,B,N,B,B,N,B,B,B,B,B,B,B,B,B,B,B,N,B,B,B,N,B,B,B
PTL1;SEC63,D,D,D,D,D,D,D,D,D,N,D,D,D,D,D,D,D,D,D,D,D,D,D,D,D,D,D,D,D,D,D,D
LPG14;SEC62,N,N,N,N,N,N,N,N,N,N,N,N,N,N,N,N,N,N,N,N,N,N,N,N,N,N,N,N,N,N,N,N
ERN1;IRE1,D,D,D,D,D,D,D,D,D,D,D,D,D,D,D,D,D,D,D,D,D,D,D,D,D,D,D,D,D,D,D,D
AAS102;NDR2;AAS1;GCN2,D,D,D,D,D,D,D,D,D,D,D,D,D,D,D,D,D,D,D,D,D,D,D,D,D,D,D,D,D,D,D,D
RAD23,D,D,D,D,D,D,D,D,D,D,D,D,D,D,D,D,D,D,D,D,D,D,D,D,D,D,D,D,D,D,D,D
DSK2,D,D,D,D,D,D,D,D,D,D,D,D,D,D,D,D,D,D,D,D,D,D,D,D,D,D,D,D,D,D,D,D
PNG1,C,C,C,C,C,C,C,C,C,C,C,C,C,C,C,C,C,C,C,C,C,C,C,C,C,C,C,C,N,C,C,C
UBC6;DOA2,D,D,D,D,D,D,D,D,D,D,D,D,D,D,D,D,D,D,D,D,D,D,D,D,D,D,D,D,D,D,D,D
UFD2,A,A,A,N,A,A,N,A,A,N,A,A,A,A,A,N,N,A,A,A,A,A,A,A,A,A,A,N,A,A,A,A
OTU1,B,B,B,N,B,B,B,B,B,N,B,B,B,B,B,B,N,B,B,B,B,B,B,B,B,B,N,N,B,N,B,N
UFD3;ZZZ4;DOA1,D,D,D,D,D,D,D,D,D,D,D,D,D,D,D,D,D,D,D,D,D,D,D,D,D,D,D,D,D,D,D,D
SSA1;YG100,D,D,D,D,D,D,D,D,D,N,D,D,D,D,D,D,D,D,D,D,D,D,D,D,N,D,D,D,D,D,D,D
SSA3;YG106,D,D,D,D,D,D,D,D,D,N,D,D,D,D,D,D,D,D,D,D,D,D,D,D,N,D,D,D,D,D,D,D
SSA4;YG107,D,D,D,D,D,D,D,D,D,N,D,D,D,D,D,D,D,D,D,D,D,D,D,D,N,D,D,D,D,D,D,D
SSA2;YG102,D,D,D,D,D,D,D,D,D,N,D,D,D,D,D,D,D,D,D,D,D,D,D,D,N,D,D,D,D,D,D,D
SSB2;YG103,D,D,D,D,D,D,D,D,D,N,D,D,D,D,D,D,D,D,D,D,D,D,D,D,N,D,D,D,D,D,D,D
DER1,N,N,N,N,N,N,N,N,N,N,N,N,N,N,N,N,N,N,N,N,N,N,N,N,N,N,N,N,N,N,N,N
DFM1,A,N,N,A,A,N,N,A,N,A,A,N,A,N,A,A,N,N,N,N,A,N,N,A,N,N,N,N,N,N,A,N
YOS9,N,N,N,N,N,N,N,N,N,N,N,N,N,N,N,N,N,N,N,N,N,N,N,N,N,N,N,N,N,N,N,N
RBX1;HRT1;HRT2;ROC1,C,C,C,C,C,C,C,C,C,N,C,C,C,C,C,C,C,C,C,C,C,C,C,C,C,C,C,C,C,C,C,C
UBC4,D,D,D,D,D,D,D,D,D,D,D,D,D,D,D,D,D,D,D,D,D,D,D,D,D,D,D,D,D,D,D,D
UBC5,D,D,D,D,D,D,D,D,D,D,D,D,D,D,D,D,D,D,D,D,D,D,D,D,D,D,D,D,D,D,D,D
HLJ1,D,D,D,D,D,D,D,D,D,N,D,D,D,D,D,D,D,D,D,D,D,D,D,D,D,D,D,D,D,D,D,D
HSP40;MAB3;MAS5;YDJ1,D,D,D,D,D,D,D,D,D,N,D,D,D,D,D,D,D,D,D,D,D,D,D,D,D,D,D,D,D,D,D,D
TRG1;PDI1;MFP1,D,D,D,D,D,D,D,D,D,N,D,D,D,D,D,D,D,D,D,D,D,D,D,D,D,D,D,D,D,D,D,D
EUG1,D,D,D,D,D,D,D,D,D,N,D,D,D,D,D,D,D,D,D,D,D,D,D,D,D,D,D,D,D,D,D,D
EPS1,D,D,D,D,D,D,D,D,D,N,D,D,D,D,D,D,D,D,D,D,D,D,D,D,D,D,D,D,D,D,D,D
MPD1,D,D,D,D,D,D,D,D,D,N,D,D,D,D,D,D,D,D,D,D,D,D,D,D,D,D,D,D,D,D,D,D
JEM1;KAR8,D,D,D,D,D,D,D,D,D,N,D,D,D,D,D,D,D,D,D,D,D,D,D,D,D,D,D,D,D,D,D,D
SCJ1,D,D,D,D,D,D,D,D,D,N,D,D,D,D,D,D,D,D,D,D,D,D,D,D,D,D,D,D,D,D,D,D
SHP1;UBX1,A,N,A,N,N,N,A,N,A,N,A,N,A,A,N,N,A,N,N,N,A,N,A,N,N,A,N,A,N,N,A,N
SEL1;UBX2,N,N,N,N,N,N,N,N,N,N,N,N,N,N,N,N,N,N,N,N,N,N,N,N,N,N,N,N,N,N,N,N
SKP1;MGO1,A,A,A,N,A,N,N,A,A,N,A,A,N,A,N,N,A,A,N,A,N,A,A,N,A,A,N,N,A,A,N,N
CDC53,A,A,A,N,A,A,A,A,A,N,A,A,A,A,A,A,A,A,A,A,A,N,A,A,N,A,N,A,N,N,A,A
HSP90;HSC82,B,B,B,B,B,B,B,B,B,B,B,N,B,B,B,N,B,B,B,B,B,N,B,B,B,B,N,B,N,B,B,B
HSP90;HSP82,B,B,B,B,B,B,B,B,B,B,B,N,B,B,B,N,B,B,B,B,B,N,B,B,B,B,N,B,N,B,B,B
WEB1;SEC31,D,D,D,D,D,D,D,D,D,D,D,D,D,D,D,D,D,D,D,D,D,D,D,D,D,D,D,D,D,D,D,D
SEC13;ANU3,D,D,D,D,D,D,D,D,D,D,D,D,D,D,D,D,D,D,D,D,D,D,D,D,D,D,D,D,D,D,D,D
SAR1,D,D,D,D,D,D,D,D,D,N,D,D,D,D,D,D,D,D,D,D,D,D,D,D,D,D,D,D,D,D,D,D
SED4,D,D,D,D,D,D,D,D,D,N,D,D,D,D,D,D,D,D,D,D,D,D,D,D,D,D,D,D,D,D,D,D
SEC12;SED2,D,D,D,D,D,D,D,D,D,N,D,D,D,D,D,D,D,D,D,D,D,D,D,D,D,D,D,D,D,D,D,D
SSE2,D,D,D,D,D,D,D,D,D,N,D,D,D,D,D,D,D,D,D,D,D,D,D,D,N,D,D,D,D,D,D,D
SNL1,N,N,N,N,N,N,N,N,N,N,N,N,N,N,N,N,N,N,N,N,N,N,N,N,N,N,N,N,N,N,N,N
SSE1;LPG3;MSI3,D,D,D,D,D,D,D,D,D,N,D,D,D,D,D,D,D,D,D,D,D,D,D,D,N,D,D,D,D,D,D,D
HSP26,N,N,N,N,N,N,N,N,N,N,N,N,N,N,N,N,N,N,N,N,N,N,N,N,N,N,N,N,N,N,N,N
HSP42,N,N,N,N,N,N,N,N,N,N,N,N,N,N,N,N,N,N,N,N,N,N,N,N,N,N,N,N,N,N,N,N
LHS1;CER1;SSI1,N,B,B,B,B,B,B,B,B,N,B,B,N,B,B,B,B,B,B,B,B,B,B,B,N,B,B,B,N,B,B,B
SIL1;SLS1,N,N,N,N,N,N,N,N,N,N,N,N,N,N,N,N,N,N,N,N,N,N,N,N,N,N,N,N,N,N,N,N
USA1,N,N,N,N,N,N,N,N,N,N,N,N,N,N,N,N,N,N,N,N,N,N,N,N,N,N,N,N,N,N,N,N
YET3,N,N,N,N,N,N,N,N,N,N,N,N,N,N,N,N,N,N,N,N,N,N,N,N,N,N,N,N,N,N,N,N
