ARGAH2,D,N,N,N,N,N,N,N,N,N,D,D,D,N,N,N,D,N,N,N,D,N,N,D,N,N,N,N,N,N,N,N
ARGAH1,D,N,N,N,N,N,N,N,N,N,D,D,D,N,N,N,D,N,N,N,D,N,N,D,N,N,N,N,N,N,N,N
AMI1,D,D,D,D,D,D,D,D,D,N,D,D,D,D,D,D,D,D,D,D,D,D,D,D,D,D,D,D,D,D,D,D
4,D,D,D,D,D,D,D,D,D,N,D,D,D,D,D,D,D,D,D,D,D,D,D,D,D,D,D,D,D,D,D,D
ALDH2B7,D,D,D,N,D,D,D,D,D,N,D,D,D,D,D,D,D,D,D,D,D,D,D,D,D,D,D,D,D,D,D,N
ALDH3H1,D,D,D,N,D,D,D,D,D,N,D,D,D,D,D,D,D,D,D,D,D,D,D,D,D,D,D,D,D,D,D,N
ALDH7B4,D,D,D,N,D,D,D,D,D,N,D,D,D,D,D,D,D,D,D,D,D,D,D,D,D,D,D,D,D,D,D,N
ALDH2B4,D,D,D,N,D,D,D,D,D,N,D,D,D,D,D,D,D,D,D,D,D,D,D,D,D,D,D,D,D,D,D,N
ALDH3I1,D,D,D,N,D,D,D,D,D,N,D,D,D,D,D,D,D,D,D,D,D,D,D,D,D,D,D,D,D,D,D,N
ALDH3F1,D,D,D,N,D,D,D,D,D,N,D,D,D,D,D,D,D,D,D,D,D,D,D,D,D,D,D,D,D,D,D,N
SPDS1,D,N,D,N,N,N,N,D,D,N,D,D,N,N,N,N,N,D,N,D,N,N,N,N,D,D,D,N,N,N,D,N
SPDS2,D,N,D,N,N,N,N,D,D,N,D,D,N,N,N,N,N,D,N,D,N,N,N,N,D,D,D,N,N,N,D,N
SPDS3,D,N,D,N,N,N,N,D,D,N,D,D,N,N,N,N,N,D,N,D,N,N,N,N,D,D,D,N,N,N,D,N
SAMDC,N,B,B,N,B,B,N,N,B,N,B,N,N,B,N,N,B,B,N,N,N,N,N,B,B,B,N,N,N,B,B,B
15,N,B,B,N,B,B,N,N,B,N,B,N,N,B,N,N,B,B,N,N,N,N,N,B,B,B,N,N,N,B,B,B
16,N,B,B,N,B,B,N,N,B,N,B,N,N,B,N,N,B,B,N,N,N,N,N,B,B,B,N,N,N,B,B,B
BUD2,N,B,B,N,B,B,N,N,B,N,B,N,N,B,N,N,B,B,N,N,N,N,N,B,B,B,N,N,N,B,B,B
ADC1,N,N,N,N,N,N,N,N,N,N,N,N,N,N,N,N,N,N,N,N,N,N,N,N,N,N,N,N,N,N,N,N
ADC2,N,N,N,N,N,N,N,N,N,N,N,N,N,N,N,N,N,N,N,N,N,N,N,N,N,N,N,N,N,N,N,N
EMB1873,N,N,N,N,N,N,N,N,N,N,N,N,N,N,N,N,N,N,N,N,N,N,N,N,N,N,N,N,N,N,N,N
NLP1,N,N,N,N,N,N,N,N,N,N,N,N,N,N,N,N,N,N,N,N,N,N,N,N,N,N,N,N,N,N,N,N
AACT1,N,N,N,N,N,N,N,N,N,N,N,N,N,N,N,N,N,N,N,N,N,N,N,N,N,N,N,N,N,N,N,N
PAO1,B,B,N,N,N,N,N,B,B,N,B,N,B,B,N,N,N,N,N,N,B,N,B,N,N,N,N,B,N,N,B,N
PAO5,B,N,N,N,N,N,N,N,B,N,B,N,N,B,N,N,N,N,N,N,B,N,B,N,N,N,N,B,N,N,B,N
PAO4,B,B,N,N,N,N,N,B,B,N,B,N,B,B,N,N,N,N,N,N,B,N,B,N,N,N,N,B,N,N,B,N
PAO2,B,B,N,N,N,N,N,B,B,N,B,N,B,B,N,N,N,N,N,N,B,N,B,N,N,N,N,B,N,N,B,N
PAO3,B,B,N,N,N,N,N,B,B,N,B,N,B,B,N,N,N,N,N,N,B,N,B,N,N,N,N,B,N,N,B,N
NOA1,N,N,A,N,A,A,N,A,A,N,A,A,N,A,N,A,A,A,N,N,A,A,A,N,N,A,N,N,A,A,A,N
DELTA-OAT,D,D,D,N,N,D,N,D,D,N,D,D,D,D,D,D,D,D,D,D,D,D,D,D,N,D,D,D,D,D,D,D
P5CR,N,N,N,N,N,N,B,N,N,N,B,N,N,N,N,B,N,N,N,N,B,N,B,B,N,N,B,N,N,N,B,N
ALDH12A1,D,D,D,N,D,D,D,D,D,N,D,D,D,D,D,D,D,D,D,D,D,D,D,D,D,D,D,N,N,D,D,N
P5CS1,N,N,D,N,D,D,D,D,N,N,D,N,D,D,D,D,D,N,D,N,N,N,D,D,D,N,N,N,N,N,D,N
P5CS2,N,N,D,N,D,D,D,D,N,N,D,N,D,D,D,D,D,N,D,N,N,N,D,D,D,N,N,N,N,N,D,N
ERD5,N,B,B,N,N,N,B,N,B,N,B,N,N,B,N,N,N,B,N,N,N,N,N,B,N,N,N,N,N,N,B,N
35,N,B,B,N,N,N,B,N,B,N,B,N,N,B,N,N,N,B,N,N,N,N,N,B,N,N,N,N,N,N,B,N
36,D,D,D,N,N,N,N,D,D,N,D,N,D,D,N,N,D,D,D,D,N,D,D,N,D,D,N,N,D,N,D,D
P4H5,D,D,D,N,N,N,N,D,D,N,D,N,D,D,N,N,D,D,D,D,N,D,D,N,D,D,N,N,D,N,D,D
P4H13,D,D,D,N,D,N,N,D,D,N,D,N,D,D,D,N,D,D,D,D,N,D,D,N,D,D,N,D,D,N,D,D
AT-P4H-1,D,D,D,N,N,N,N,D,D,N,D,N,D,D,N,N,D,D,D,D,N,D,D,N,D,D,N,N,D,N,D,D
P4H2,D,D,D,N,N,N,N,D,D,N,D,N,D,D,N,N,D,D,D,D,N,D,D,N,D,D,N,N,D,N,D,D
41,D,D,D,N,N,N,N,D,D,N,D,N,D,D,N,N,D,D,D,D,N,D,D,N,D,D,N,N,D,N,D,D
42,D,D,D,N,N,N,N,D,D,N,D,N,D,D,N,N,D,D,D,D,N,D,D,N,D,D,N,N,D,N,D,D
43,D,D,D,N,N,N,N,D,D,N,D,N,D,D,N,N,D,D,D,D,N,D,D,N,D,D,N,N,D,N,D,D
44,D,D,D,N,D,N,N,D,D,N,D,N,D,D,D,N,D,D,D,D,N,D,D,N,D,D,N,D,D,N,D,D
45,D,D,D,N,N,N,N,D,D,N,D,N,D,D,N,N,D,D,D,D,N,D,D,N,D,D,N,N,D,N,D,D
46,D,D,D,N,N,N,N,D,D,N,D,N,D,D,N,N,D,D,D,D,N,D,D,N,D,D,N,N,D,N,D,D
47,D,D,D,N,N,N,N,D,D,N,D,N,D,D,N,N,D,D,D,D,N,D,D,N,D,D,N,N,D,N,D,D
48,D,D,D,N,N,N,N,D,D,N,D,N,D,D,N,N,D,D,D,D,N,D,D,N,D,D,N,N,D,N,D,D
ASP4,N,N,D,D,N,N,D,D,N,N,D,N,D,N,N,D,D,N,N,D,D,N,N,N,D,D,N,N,N,N,D,N
ASP1,N,N,D,D,N,N,D,D,N,N,D,N,D,N,N,D,D,N,N,D,D,N,N,N,D,D,N,N,N,N,D,N
ASP5,N,N,D,D,N,N,D,D,N,N,D,N,D,N,N,D,D,N,N,D,D,N,N,N,D,D,N,N,N,N,D,N
ASP3,N,N,D,D,N,N,D,D,N,N,D,N,D,N,N,D,D,N,N,D,D,N,N,N,D,D,N,N,N,N,D,N
ASP2,N,N,D,D,N,N,D,D,N,N,D,N,D,N,N,D,D,N,N,D,D,N,N,N,D,D,N,N,N,N,D,N
PIP,N,N,N,N,A,N,N,N,N,N,A,N,N,N,N,N,A,N,N,N,N,N,N,N,N,N,N,N,N,N,N,A
