IP3-3KA;ITPKA;IP3KA,A,N,N,N,A,N,A,N,A,N,A,N,N,N,N,N,A,N,A,N,N,N,N,N,N,A,N,A,N,N,A,N
IP3K-B;IP3K;PIG37;IP3KB;ITPKB;IP3-3KB,A,N,N,N,A,N,A,N,A,N,A,N,N,N,N,N,A,N,A,N,N,N,N,N,N,A,N,A,N,N,A,N
IP3-3KC;ITPKC;IP3KC,A,N,N,N,A,N,A,N,A,N,A,N,N,N,N,N,A,N,A,N,N,N,N,N,N,A,N,A,N,N,A,N
ADCY1;AC1;DFNB44,D,D,D,D,D,D,D,D,D,N,D,D,D,D,D,D,D,D,D,D,D,D,D,D,D,D,D,D,D,D,D,D
AC3;AC-III;ADCY3,D,D,D,D,D,D,D,D,D,N,D,D,D,D,D,D,D,D,D,D,D,D,D,D,D,D,D,D,D,D,D,D
ADCY8;AC8;HBAC1;ADCY3,D,D,D,D,D,D,D,D,D,N,D,D,D,D,D,D,D,D,D,D,D,D,D,D,D,D,D,D,D,D,D,D
HCAM-1;HSPDE1A;PDE1A;CAM-PDE-1A;HCAM1,B,B,B,B,B,N,N,B,N,N,B,B,B,B,B,B,B,B,B,N,B,B,B,B,B,B,N,B,B,N,B,B
cam-PDE_1C;hCam-3;Hcam3;PDE1C,B,B,B,B,B,N,N,B,N,N,B,B,B,B,B,B,B,B,B,N,B,B,B,B,B,B,N,B,B,N,B,B
PDE1B;PDE1B1;PDES1B;HEL-S-79p,B,B,B,B,B,N,N,B,N,N,B,B,B,B,B,B,B,B,B,N,B,B,B,B,B,B,N,B,B,N,B,B
IHPS1;NC-NOS;nNOS;NOS;bNOS;NOS1;N-NOS,B,B,B,B,B,N,B,B,N,N,B,N,B,B,B,B,B,B,N,N,B,B,N,N,N,B,N,N,B,B,B,B
INOS;NOS;NOS2A;HEP-NOS;NOS2,B,B,B,B,B,N,B,B,N,N,B,N,B,B,B,B,B,B,N,N,B,B,N,N,N,B,N,N,B,B,B,B
NOS3;ECNOS;eNOS,B,B,B,B,B,N,B,B,N,N,B,N,B,B,B,B,B,B,N,N,B,B,N,N,N,B,N,N,B,B,B,B
VDAC-1;VDAC1;PORIN,N,A,N,N,N,N,N,N,A,N,N,A,N,N,N,N,N,N,N,N,N,N,N,N,N,N,N,N,N,N,A,N
POR;VDAC2,N,A,N,N,N,N,N,N,A,N,N,A,N,N,N,N,N,N,N,N,N,N,N,N,N,N,N,N,N,N,A,N
VDAC3;VDAC-3;HD-VDAC3,N,A,N,N,N,N,N,N,A,N,N,A,N,N,N,N,N,N,N,N,N,N,N,N,N,N,N,N,N,N,A,N
CypD;Cyp-D;PPIF;CyP-M;CYP3,D,D,D,D,D,D,D,D,D,N,D,D,D,D,D,D,D,D,D,D,D,D,D,D,D,D,D,D,D,D,D,D
NCX2;SLC8A2,N,N,D,N,N,N,D,D,D,N,D,D,D,D,D,N,D,D,D,N,D,D,N,D,N,D,D,D,N,D,D,D
SLC8A1;NCX1,N,N,D,N,N,N,D,D,D,N,D,D,D,D,D,N,D,D,D,N,D,D,N,D,N,D,D,D,N,D,D,D
SLC8A3;NCX3,N,N,D,N,N,N,D,D,D,N,D,D,D,D,D,N,D,D,D,N,D,D,N,D,N,D,D,D,N,D,D,D
CAMK4;CaMK-GR;caMK;CaMK_IV,D,D,D,D,D,D,D,D,D,D,D,D,D,D,D,D,D,D,D,D,D,D,D,D,D,D,D,D,D,D,D,D
CAMK2A;CAMKA,D,D,D,D,D,D,D,D,D,D,D,D,D,D,D,D,D,D,D,D,D,D,D,D,D,D,D,D,D,D,D,D
CAMK2;CAMKB;CAM2;CAMK2B,D,D,D,D,D,D,D,D,D,D,D,D,D,D,D,D,D,D,D,D,D,D,D,D,D,D,D,D,D,D,D,D
CAMK2D;CAMKD,D,D,D,D,D,D,D,D,D,D,D,D,D,D,D,D,D,D,D,D,D,D,D,D,D,D,D,D,D,D,D,D
CAMK-II;CAMK2G;CAMKG;CAMK,D,D,D,D,D,D,D,D,D,D,D,D,D,D,D,D,D,D,D,D,D,D,D,D,D,D,D,D,D,D,D,D
PPP3CA;CALN;PPP2B;CCN1;CALNA1;CNA1;CALNA,D,D,D,D,D,D,D,D,D,N,D,D,D,D,D,D,D,D,D,D,D,D,D,D,D,D,D,D,D,D,D,D
PPP3CB;CALNB;CALNA2;CNA2;PP2Bbeta,D,D,D,D,D,D,D,D,D,N,D,D,D,D,D,D,D,D,D,D,D,D,D,D,D,D,D,D,D,D,D,D
CNA3;PP2Bgamma;CALNA3;PPP3CC,D,D,D,D,D,D,D,D,D,N,D,D,D,D,D,D,D,D,D,D,D,D,D,D,D,D,D,D,D,D,D,D
PPP3R1;CNB1;CNB;CALNB1,D,D,D,D,D,D,D,D,D,N,D,D,D,D,D,D,D,D,D,D,D,D,D,D,D,D,D,D,D,D,D,D
PPP3RL;PPP3R2,D,D,D,D,D,D,D,D,D,D,D,D,D,D,D,D,D,D,D,D,D,D,D,D,D,D,D,D,D,D,D,D
PKCA;PKC-alpha;PRKACA;PRKCA;AAG6,D,D,D,D,D,D,D,D,D,D,D,D,D,D,D,D,D,D,D,D,D,D,D,D,D,D,D,D,D,D,D,D
PRKCB2;PKCB;PRKCB1;PKC-beta;PRKCB,D,D,D,D,D,D,D,D,D,D,D,D,D,D,D,D,D,D,D,D,D,D,D,D,D,D,D,D,D,D,D,D
SCA14;PKCG;PKC-gamma;PRKCG;PKCC,D,D,D,D,D,D,D,D,D,D,D,D,D,D,D,D,D,D,D,D,D,D,D,D,D,D,D,D,D,D,D,D
PTK;FAK2;PYK2;CADTK;CAKB;RAFTK;FADK2;PKB;PTK2B,D,D,D,D,D,D,D,D,D,D,D,D,D,D,D,D,D,D,D,D,D,D,D,D,D,D,D,D,D,D,D,D
ADPRC1;ADPRC_1;CD38,N,N,N,N,N,N,N,N,N,N,N,N,N,N,N,N,N,N,N,N,N,N,N,N,N,N,N,N,N,N,N,N
PLCE1;PPLC;NPHS3;PLCE,D,D,D,D,D,D,D,D,D,N,D,D,D,D,D,D,D,D,D,D,D,D,D,D,D,D,D,D,D,D,D,D
IGHV4-30;IGHV4;IGVH4-39;IGH;ighv;IGVH4-b;IgT;IGVH;IGH@;IGVH4b;IgA;IGHV4-b,N,N,N,N,N,N,N,N,N,N,N,N,N,N,N,N,N,N,N,N,N,N,N,N,N,N,N,N,N,N,N,N
mENA;EGFR;PIG61;ERBB1;NISBD2;ERBB;HER1,D,D,D,D,D,D,D,D,D,N,D,D,D,D,D,D,D,D,D,D,D,D,D,D,D,D,D,D,D,D,D,D
HER-2/neu;HER2;NGL;MLN_19;CD340;ERBB2;HER-2;NEU;TKR1,D,D,D,D,D,D,D,D,D,N,D,D,D,D,D,D,D,D,D,D,D,D,D,D,D,D,D,D,D,D,D,D
ErbB-3;c-erbB-3;ERBB3;HER3;c-erbB3;LCCS2;MDA-BF-1;erbB3-S;p45-sErbB3;p85-sErbB3;p180-ErbB3,D,D,D,D,D,D,D,D,D,N,D,D,D,D,D,D,D,D,D,D,D,D,D,D,D,D,D,D,D,D,D,D
ERBB4;HER4;ALS19;p180erbB4,D,D,D,D,D,D,D,D,D,N,D,D,D,D,D,D,D,D,D,D,D,D,D,D,D,D,D,D,D,D,D,D
PDGFRA;PDGFR-2;PDGFR2;CD140A,D,D,D,D,D,D,D,D,D,D,D,D,D,D,D,D,D,D,D,D,D,D,D,D,D,D,D,D,D,D,D,D
IBGC4;PDGFR-1;PENTT;IMF1;PDGFRB;JTK12;KOGS;PDGFR;CD140B;PDGFR1,D,D,D,D,D,D,D,D,D,D,D,D,D,D,D,D,D,D,D,D,D,D,D,D,D,D,D,D,D,D,D,D
FBH;GNA11;GNA-11;FHH2;HYPOC2;FBH2;HHC2,C,N,N,N,N,N,C,C,C,N,C,N,C,C,C,N,N,N,C,N,C,N,C,C,N,C,N,C,N,C,C,N
GNA15;GNA16,C,N,N,N,N,N,C,C,N,N,N,N,C,C,C,N,N,N,C,N,C,N,N,C,N,C,N,C,N,C,C,N
GAQ;CMC1;G-ALPHA-q;GNAQ;SWS,C,N,N,N,N,N,C,C,N,N,N,N,C,C,C,N,N,N,C,N,C,N,N,C,N,C,N,C,N,C,C,N
GNA14,C,N,N,N,N,N,C,C,C,N,C,N,C,C,C,N,N,N,C,N,C,N,C,C,N,C,N,C,N,C,C,N
CHRNA7;CHRNA7-2;NACHRA7,N,N,N,N,N,N,N,N,N,N,N,N,N,N,N,N,N,N,N,N,N,N,N,N,N,N,N,N,N,N,N,N
P2RX2;P2X2;DFNA41,N,N,N,N,N,N,N,N,N,N,N,N,N,N,N,N,N,N,N,N,N,N,N,N,N,N,N,N,N,N,N,N
MRD8;NMD-R1;GRIN1;GluN1;NMDA1;NR1;NMDAR1,N,D,D,N,N,N,N,D,D,N,D,D,D,D,D,N,N,D,D,D,D,N,N,D,N,D,N,N,D,N,D,D
GRIN2A;NR2A;GluN2A;LKS;NMDAR2A;FESD;EPND,N,D,D,N,N,N,N,D,D,N,D,D,D,D,D,N,N,D,D,D,D,N,N,D,N,D,N,N,D,N,D,D
NR2C;GRIN2C;GluN2C;NMDAR2C,N,D,D,N,N,N,N,D,D,N,D,D,D,D,D,N,N,D,D,D,D,N,N,D,N,D,N,N,D,N,D,D
EB11;GluN2D;NMDAR2D;GRIN2D;NR2D;EIEE46,N,D,D,N,N,N,N,D,D,N,D,D,D,D,D,N,N,D,D,D,D,N,N,D,N,D,N,N,D,N,D,D
P2RX1;P2X1,N,N,N,N,N,N,N,N,N,N,N,N,N,N,N,N,N,N,N,N,N,N,N,N,N,N,N,N,N,N,N,N
P2X3;P2RX3,N,N,N,N,N,N,N,N,N,N,N,N,N,N,N,N,N,N,N,N,N,N,N,N,N,N,N,N,N,N,N,N
P2X4R;P2X4;P2RX4,N,N,N,N,N,N,N,N,N,N,N,N,N,N,N,N,N,N,N,N,N,N,N,N,N,N,N,N,N,N,N,N
P2X5R;P2RX5;P2X5;LRH-1,N,N,N,N,N,N,N,N,N,N,N,N,N,N,N,N,N,N,N,N,N,N,N,N,N,N,N,N,N,N,N,N
P2X7;P2RX7,N,N,N,N,N,N,N,N,N,N,N,N,N,N,N,N,N,N,N,N,N,N,N,N,N,N,N,N,N,N,N,N
P2X6;P2XM;P2RXL1;P2RX6,N,N,N,N,N,N,N,N,N,N,N,N,N,N,N,N,N,N,N,N,N,N,N,N,N,N,N,N,N,N,N,N
NCKAP3;PLC148;PLC1;PLC-II;PLCgamma1;PLCG1,D,D,D,D,D,D,D,D,D,N,D,D,D,D,D,D,D,D,D,D,D,D,D,D,D,D,D,D,D,D,D,D
PLCG2;APLAID;FCAS3;PLC-gamma-2;PLC-IV,D,D,D,D,D,D,D,D,D,N,D,D,D,D,D,D,D,D,D,D,D,D,D,D,D,D,D,D,D,D,D,D
SPK_2;SPHK2;SK_2;SPK-2;SK-2,B,N,B,N,B,N,N,B,B,N,B,N,N,B,B,N,N,N,N,N,B,B,B,N,N,B,N,N,N,N,B,N
SPHK1;SPHK,B,N,B,N,B,N,N,B,B,N,B,N,N,B,B,N,N,N,N,N,B,B,B,N,N,B,N,N,N,N,B,N
PLCZ1;PLC-zeta-1;NYD-SP27;SPGF17;PLCzeta,D,D,D,D,D,D,D,D,D,N,D,D,D,D,D,D,D,D,D,D,D,D,D,D,D,D,D,D,D,D,D,D
SgK085;MYLK4,D,D,D,D,D,D,D,D,D,D,D,D,D,D,D,D,D,D,D,D,D,D,D,D,D,D,D,D,D,D,D,D
AAT7;MLCK210;KRP;MLCK1;MLCK108;MYLK;MSTP083;MYLK1;MLCK;smMLCK,D,D,D,D,D,D,D,D,D,D,D,D,D,D,D,D,D,D,D,D,D,D,D,D,D,D,D,D,D,D,D,D
MYLK2;MLCK2;KMLC;skMLCK;MLCK,D,D,D,D,D,D,D,D,D,D,D,D,D,D,D,D,D,D,D,D,D,D,D,D,D,D,D,D,D,D,D,D
caMLCK;MLCK;MYLK3;MLCK2,D,D,D,D,D,D,D,D,D,D,D,D,D,D,D,D,D,D,D,D,D,D,D,D,D,D,D,D,D,D,D,D
PLCD3;PLC-delta-3,D,D,D,D,D,D,D,D,D,N,D,D,D,D,D,D,D,D,D,D,D,D,D,D,D,D,D,D,D,D,D,D
PLCD1;NDNC3;PLC-III,D,D,D,D,D,D,D,D,D,N,D,D,D,D,D,D,D,D,D,D,D,D,D,D,D,D,D,D,D,D,D,D
PLCD4,D,D,D,D,D,D,D,D,D,N,D,D,D,D,D,D,D,D,D,D,D,D,D,D,D,D,D,D,D,D,D,D
SCA16;IP3R1;PPP1R94;IP3R;ACV;INSP3R1;ITPR1;SCA15;CLA4;SCA29,A,N,N,A,N,N,N,N,N,N,A,N,A,A,A,N,N,N,N,A,N,N,N,N,N,N,N,N,N,N,A,N
ITPR2;CFAP48;IP3R2;ANHD;INSP3R2,A,N,N,A,N,N,N,N,N,N,A,N,A,A,A,N,N,N,N,A,N,N,N,N,N,N,N,N,N,N,A,N
ITPR3;IP3R;IP3R3,A,N,N,A,N,N,N,N,N,N,A,N,A,A,A,N,N,N,N,A,N,N,N,N,N,N,N,N,N,N,A,N
PHKA1;PHKA,N,N,N,N,N,N,N,N,N,N,N,N,N,N,N,N,N,N,N,N,N,N,N,N,N,N,N,N,N,N,N,N
GSD9A;XLG2;PHK;PYK;XLG;PHKA2;PYKL,N,N,N,N,N,N,N,N,N,N,N,N,N,N,N,N,N,N,N,N,N,N,N,N,N,N,N,N,N,N,N,N
PHKB,N,N,N,N,N,N,N,N,N,N,N,N,N,N,N,N,N,N,N,N,N,N,N,N,N,N,N,N,N,N,N,N
PHKG1;PHKG,D,D,D,D,D,D,D,D,D,D,D,D,D,D,D,D,D,D,D,D,D,D,D,D,D,D,D,D,D,D,D,D
PHKG2;GSD9C,D,D,D,D,D,D,D,D,D,D,D,D,D,D,D,D,D,D,D,D,D,D,D,D,D,D,D,D,D,D,D,D
RYDR;MHS1;PPP1R137;SKRR;RYR1;MHS;RYR-1;RYR;CCO,D,D,D,D,D,D,D,D,D,N,D,D,D,D,D,D,D,D,D,D,D,D,D,D,D,D,D,D,D,D,D,D
RyR;ARVC2;RYR2;ARVD2;VTSIP;RYR-2,D,D,D,D,D,D,D,D,D,N,D,D,D,D,D,D,D,D,D,D,D,D,D,D,D,D,D,D,D,D,D,D
RYR3;RYR-3,D,D,D,D,D,D,D,D,D,N,D,D,D,D,D,D,D,D,D,D,D,D,D,D,D,D,D,D,D,D,D,D
PI-PLC;PLCB1A;PLC-I;EIEE12;PLC154;PLCB1B;PLC-154;PLCB1;PLC-beta-1,D,D,D,D,D,D,D,D,D,N,D,D,D,D,D,D,D,D,D,D,D,D,D,D,D,D,D,D,D,D,D,D
PLCB2;PLC-beta-2,D,D,D,D,D,D,D,D,D,N,D,D,D,D,D,D,D,D,D,D,D,D,D,D,D,D,D,D,D,D,D,D
PLCB3,D,D,D,D,D,D,D,D,D,N,D,D,D,D,D,D,D,D,D,D,D,D,D,D,D,D,D,D,D,D,D,D
PI-PLC;PLCB4;ARCND2,D,D,D,D,D,D,D,D,D,N,D,D,D,D,D,D,D,D,D,D,D,D,D,D,D,D,D,D,D,D,D,D
ORAI2;C7orf19;TMEM142B;MEM142B;CBCIP2,N,N,N,N,N,N,N,N,N,N,N,N,N,N,N,N,N,N,N,N,N,N,N,N,N,N,N,N,N,N,N,N
CRACM1;ORAT1;IMD9;TMEM142A;TAM2;ORAI1,N,N,N,N,N,N,N,N,N,N,N,N,N,N,N,N,N,N,N,N,N,N,N,N,N,N,N,N,N,N,N,N
TMEM142C;ORAI3,N,N,N,N,N,N,N,N,N,N,N,N,N,N,N,N,N,N,N,N,N,N,N,N,N,N,N,N,N,N,N,N
CACNA1C;CCHL1A1;CACH2;CaV1.2;TS;LQT8;CACN2;CACNL1A1,B,B,B,N,B,N,B,B,B,N,B,B,B,B,B,B,B,B,B,B,B,B,B,B,B,B,N,B,B,N,B,B
SANDD;CACH3;CCHL1A2;CACNL1A2;PASNA;CACNA1D;CACN4;Cav1.3,B,B,B,N,B,N,B,B,B,N,B,B,B,B,B,B,B,B,B,B,B,B,B,B,B,B,N,B,B,N,B,B
COD3;AIED;Cav1.4;CSNBX2;OA2;COD4;JMC8;CORDX;JM8;CORDX3;CACNA1F;CSNB2;Cav1.4alpha1;CSNB2A,B,B,B,N,B,N,B,B,B,N,B,B,B,B,B,B,B,B,B,B,B,B,B,B,B,B,N,B,B,N,B,B
CACNA1S;HOKPP;CACNL1A3;TTPP1;Cav1.1;MHS5;CCHL1A3;HOKPP1;hypoPP,B,B,B,N,B,N,B,B,B,N,B,B,B,B,B,B,B,B,B,B,B,B,B,B,B,B,N,B,B,N,B,B
HPCA;MHP;CACNA1A;MHP1;APCA;FHM;CACNL1A4;EIEE42;BI;CAV2.1;EA2;SCA6,B,B,B,N,B,N,B,B,B,N,B,B,B,B,B,B,B,B,B,B,B,B,B,B,B,B,N,B,B,N,B,B
DYT23;BIII;CACNA1B;CACNL1A5;Cav2.2;CACNN,B,B,B,N,B,N,B,B,B,N,B,B,B,B,B,B,B,B,B,B,B,B,B,B,B,B,N,B,B,N,B,B
Cav2.3;CACNA1E;gm139;BII;CACH6;CACNL1A6,B,B,B,N,B,N,B,B,B,N,B,B,B,B,B,B,B,B,B,B,B,B,B,B,B,B,N,B,B,N,B,B
CYSLT1;CYSLTR1;CYSLT1R;CYSLTR;HMTMF81,N,N,N,N,N,N,N,N,N,N,N,N,N,N,N,N,N,N,N,N,N,N,N,N,N,N,N,N,N,N,N,N
CHRM1;M1;M1R;HM1,N,N,N,N,N,N,N,N,N,N,N,N,N,N,N,N,N,N,N,N,N,N,N,N,N,N,N,N,N,N,N,N
HM2;CHRM2,N,N,N,N,N,N,N,N,N,N,N,N,N,N,N,N,N,N,N,N,N,N,N,N,N,N,N,N,N,N,N,N
HM3;PBS;CHRM3;EGBRS,N,N,N,N,N,N,N,N,N,N,N,N,N,N,N,N,N,N,N,N,N,N,N,N,N,N,N,N,N,N,N,N
DAR;ADRA1R;ALPHA1;ADRA1A;ADRA1D;dJ779E11.2;ADRA1,N,N,N,N,N,N,N,N,N,N,N,N,N,N,N,N,N,N,N,N,N,N,N,N,N,N,N,N,N,N,N,N
ADRA1B;ALPHA1BAR;ADRA1,N,N,N,N,N,N,N,N,N,N,N,N,N,N,N,N,N,N,N,N,N,N,N,N,N,N,N,N,N,N,N,N
ADRA1A;ADRA1C;ADRA1L1;ALPHA1AAR,N,N,N,N,N,N,N,N,N,N,N,N,N,N,N,N,N,N,N,N,N,N,N,N,N,N,N,N,N,N,N,N
AT1B;AG2S;AT1AR;AT1;AGTR1B;AT2R1;HAT1R;AT1R;AGTR1;AT1BR,N,N,N,N,N,N,N,N,N,N,N,N,N,N,N,N,N,N,N,N,N,N,N,N,N,N,N,N,N,N,N,N
hET-AR;MFDA;ETA-R;EDNRA;ETAR;ET-A;ETA;ETRA,N,N,N,N,N,N,N,N,N,N,N,N,N,N,N,N,N,N,N,N,N,N,N,N,N,N,N,N,N,N,N,N
ABCDS;ETRB;WS4A;HSCR;HSCR2;EDNRB;ETB;ETB1;ET-B;ETBR;ET-BR,N,N,N,N,N,N,N,N,N,N,N,N,N,N,N,N,N,N,N,N,N,N,N,N,N,N,N,N,N,N,N,N
PAR-1;HTR;CF2R;F2R;PAR1;TR,N,N,N,N,N,N,N,N,N,N,N,N,N,N,N,N,N,N,N,N,N,N,N,N,N,N,N,N,N,N,N,N
GRM1;MGLU1;GPRC1A;PPP1R85;MGLUR1;SCAR13,D,D,D,N,N,N,N,N,D,N,D,N,N,D,D,N,N,N,D,D,D,N,D,D,D,D,D,N,D,D,D,D
GRM5;MGLUR5;GPRC1E;PPP1R86;mGlu5,D,D,D,N,N,D,N,N,D,N,D,N,N,D,D,N,N,N,D,D,D,N,D,D,D,D,D,N,D,D,D,D
GRPR;BB2;BB2R,N,N,N,N,N,N,N,N,N,N,N,N,N,N,N,N,N,N,N,N,N,N,N,N,N,N,N,N,N,N,N,N
HRH1;H1-R;HH1R;H1R;hisH1,N,N,N,N,N,N,N,N,N,N,N,N,N,N,N,N,N,N,N,N,N,N,N,N,N,N,N,N,N,N,N,N
5-HT2A;HTR2;HTR2A,N,N,N,N,N,N,N,N,N,N,N,N,N,N,N,N,N,N,N,N,N,N,N,N,N,N,N,N,N,N,N,N
5-HT-2B;5-HT2B;5-HT(2B);HTR2B,N,N,N,N,N,N,N,N,N,N,N,N,N,N,N,N,N,N,N,N,N,N,N,N,N,N,N,N,N,N,N,N
5-HT2C;5-HT1C;HTR1C;5HTR2C;HTR2C;5-HTR2C,N,N,N,N,N,N,N,N,N,N,N,N,N,N,N,N,N,N,N,N,N,N,N,N,N,N,N,N,N,N,N,N
LH/CGR;LHRHR;HHG;LHCGR;LH/CG-R;LGR2;ULG5;LCGR;LSH-R;LHR,D,N,D,N,D,D,N,N,N,N,D,N,D,D,D,N,D,N,D,N,D,D,N,N,N,D,D,D,N,N,D,D
NTR;NTSR1,N,N,N,N,N,N,N,N,N,N,N,N,N,N,N,N,N,N,N,N,N,N,N,N,N,N,N,N,N,N,N,N
OXTR;OT-R,D,N,D,N,D,D,N,N,N,N,D,N,D,D,D,N,D,N,D,N,D,D,N,N,N,D,D,D,N,N,D,D
AVPR_V1a;AVPR1;AVPR1A;V1aR,N,N,N,N,N,N,N,N,N,N,N,N,N,N,N,N,N,N,N,N,N,N,N,N,N,N,N,N,N,N,N,N
V1bR;AVPR3;AVPR1B,N,N,N,N,N,N,N,N,N,N,N,N,N,N,N,N,N,N,N,N,N,N,N,N,N,N,N,N,N,N,N,N
BLT2;NOP9;LTB4-R_2;JULF2;KPG_004;LTB4R2;LTB4-R2;BLTR2,N,N,N,N,N,N,N,N,N,N,N,N,N,N,N,N,N,N,N,N,N,N,N,N,N,N,N,N,N,N,N,N
CYSLT2R;KPG_011;hGPCR21;HG57;PSEC0146;CYSLT2;GPCR21;HPN321;CYSLTR2,N,N,N,N,N,N,N,N,N,N,N,N,N,N,N,N,N,N,N,N,N,N,N,N,N,N,N,N,N,N,N,N
PTAFR;PAFR,N,N,N,N,N,N,N,N,N,N,N,N,N,N,N,N,N,N,N,N,N,N,N,N,N,N,N,N,N,N,N,N
EP1;PTGER1,N,N,N,N,N,N,N,N,N,N,N,N,N,N,N,N,N,N,N,N,N,N,N,N,N,N,N,N,N,N,N,N
EP3-I;EP3e;PTGER3;EP3-III;PGE2-R;EP3-VI;EP3;EP3-II;EP3-IV,N,N,N,N,N,N,N,N,N,N,N,N,N,N,N,N,N,N,N,N,N,N,N,N,N,N,N,N,N,N,N,N
PTGFR;FP,N,N,N,N,N,N,N,N,N,N,N,N,N,N,N,N,N,N,N,N,N,N,N,N,N,N,N,N,N,N,N,N
B1BKR;BDKRB1;BDKRB2;BKR1;B1R;BRADYB1;BKB1R,N,N,N,N,N,N,N,N,N,N,N,N,N,N,N,N,N,N,N,N,N,N,N,N,N,N,N,N,N,N,N,N
BRB2;BK2;BK-2;BDKRB2;B2R;BKR2,N,N,N,N,N,N,N,N,N,N,N,N,N,N,N,N,N,N,N,N,N,N,N,N,N,N,N,N,N,N,N,N
TAC2R;NKNAR;NK2R;SKR;TACR2,D,N,D,N,D,D,N,N,N,N,D,N,D,D,D,N,D,N,D,N,D,D,N,N,N,D,D,D,N,N,D,D
SPR;NKIR;TAC1R;TACR1;NK1R,D,N,D,N,D,D,N,N,N,N,D,N,D,D,D,N,D,N,D,N,D,D,N,N,N,D,D,D,N,N,D,D
TAC3RL;TACR3;NK-3R;NKR;HH11;NK3R,D,N,D,N,D,D,N,N,N,N,D,N,D,D,D,N,D,N,D,N,D,D,N,N,N,D,D,D,N,N,D,D
TBXA2R;TXA2-R;BDPLT13,N,N,N,N,N,N,N,N,N,N,N,N,N,N,N,N,N,N,N,N,N,N,N,N,N,N,N,N,N,N,N,N
TRH-R;TRHR,N,N,N,N,N,N,N,N,N,N,N,N,N,N,N,N,N,N,N,N,N,N,N,N,N,N,N,N,N,N,N,N
CCK-A;CCK1R;CCK1-R;CCKRA;CCKAR,N,N,N,N,N,N,N,N,N,N,N,N,N,N,N,N,N,N,N,N,N,N,N,N,N,N,N,N,N,N,N,N
CCK-B;CCK2R;GASR;CCKBR,N,N,N,N,N,N,N,N,N,N,N,N,N,N,N,N,N,N,N,N,N,N,N,N,N,N,N,N,N,N,N,N
CAGLP;CALML6,B,B,B,B,B,B,B,B,B,N,B,B,B,B,B,B,B,B,B,B,B,B,B,B,B,B,B,B,B,B,B,B
CLSP;CALML5,D,D,D,D,D,D,D,D,D,D,D,D,D,D,D,D,D,D,D,D,D,D,D,D,D,D,D,D,D,D,D,D
PHKD;CPVT4;DD132;LQT14;caM;CAMI;CALM1;CALML2,D,D,D,D,D,D,D,D,D,D,D,D,D,D,D,D,D,D,D,D,D,D,D,D,D,D,D,D,D,D,D,D
PHKD;PHKD2;caM;CALM2;LQT15;CAMII,D,D,D,D,D,D,D,D,D,D,D,D,D,D,D,D,D,D,D,D,D,D,D,D,D,D,D,D,D,D,D,D
CaM;PHKD;HEL-S-72;CaMIII;PHKD3;CALM3,D,D,D,D,D,D,D,D,D,D,D,D,D,D,D,D,D,D,D,D,D,D,D,D,D,D,D,D,D,D,D,D
CALML3;CLP,D,D,D,D,D,D,D,D,D,D,D,D,D,D,D,D,D,D,D,D,D,D,D,D,D,D,D,D,D,D,D,D
NY-BR-20;CALML4,B,B,B,B,B,N,B,B,B,N,B,B,B,B,B,B,B,B,B,B,B,B,B,B,B,B,B,B,B,B,B,B
TNNC2,D,D,D,D,D,D,D,D,D,N,D,D,D,D,D,D,D,D,D,D,D,D,D,D,D,D,D,D,D,D,D,D
TNNC1;TN-C;TNC;TNNC;CMD1Z;CMH13,B,B,B,B,B,B,B,B,B,B,B,B,B,B,B,B,B,B,B,B,B,B,B,B,B,B,B,B,B,B,B,B
PEO2;T1;PEO3;AAC1;ANT;PEOA2;ANT_1;MTDPS12A;MTDPS12;SLC25A4;ANT1,A,A,A,N,A,A,A,A,A,N,A,A,A,A,A,A,A,A,A,A,A,A,A,A,A,A,A,A,A,A,A,A
T2;AAC2;2F1;SLC25A5;T3;ANT2,A,A,A,N,A,A,A,A,A,N,A,A,A,A,A,A,A,A,A,A,A,A,A,A,A,A,A,A,A,A,A,A
ANT_3;ANT;ANT3;SLC25A6;ANT_2;ANT3Y;AAC3,A,A,A,N,A,A,A,A,A,N,A,A,A,A,A,A,A,A,A,A,A,A,A,A,A,A,A,A,A,A,A,A
AAC4;SFEC35kDa;SLC25A31;ANT_4;ANT4,A,A,A,N,A,A,A,A,A,N,A,A,A,A,A,A,A,A,A,A,A,A,A,A,A,A,A,A,A,A,A,A
CCDC109A;MCU;HsMCU;C10orf42,N,N,A,N,A,N,N,N,A,N,N,A,N,A,A,N,N,N,N,N,N,N,N,A,N,A,N,N,N,N,A,N
ADCY2;AC2;HBAC2,D,D,D,D,D,D,D,D,D,N,D,D,D,D,D,D,D,D,D,D,D,D,D,D,D,D,D,D,D,D,D,D
ADCY7;AC7,D,D,D,D,D,D,D,D,D,N,D,D,D,D,D,D,D,D,D,D,D,D,D,D,D,D,D,D,D,D,D,D
ADCY9;AC9;ACIX,D,D,D,D,D,D,D,D,D,N,D,D,D,D,D,D,D,D,D,D,D,D,D,D,D,D,D,D,D,D,D,D
AC4;ADCY4,D,D,D,D,D,D,D,D,D,N,D,D,D,D,D,D,D,D,D,D,D,D,D,D,D,D,D,D,D,D,D,D
ATP2A;SERCA1;ATP2A1,D,D,D,D,D,D,D,D,D,N,D,D,D,D,D,D,D,D,D,D,D,D,D,D,D,D,D,D,D,D,D,D
DAR;DD;ATP2A2;ATP2B;SERCA2,D,D,D,D,D,D,D,D,D,N,D,D,D,D,D,D,D,D,D,D,D,D,D,D,D,D,D,D,D,D,D,D
ATP2A3;SERCA3,D,D,D,D,D,D,D,D,D,N,D,D,D,D,D,D,D,D,D,D,D,D,D,D,D,D,D,D,D,D,D,D
CHRM5;HM5,N,N,N,N,N,N,N,N,N,N,N,N,N,N,N,N,N,N,N,N,N,N,N,N,N,N,N,N,N,N,N,N
ADORA2;RDC8;ADORA2A;A2aR,N,N,N,N,N,N,N,N,N,N,N,N,N,N,N,N,N,N,N,N,N,N,N,N,N,N,N,N,N,N,N,N
ADORA2;ADORA2B,D,N,D,N,D,D,N,N,N,N,D,N,D,D,D,N,D,N,D,N,D,D,N,N,N,D,D,D,N,N,D,D
B1AR;ADRB1;ADRB1R;RHR;BETA1AR,N,N,N,N,N,N,N,N,N,N,N,N,N,N,N,N,N,N,N,N,N,N,N,N,N,N,N,N,N,N,N,N
BAR;B2AR;ADRBR;ADRB2;BETA2AR;ADRB2R,D,N,D,N,D,D,N,N,N,N,D,N,D,D,D,N,D,N,D,N,D,D,N,N,N,D,D,D,N,N,D,D
ADRB3;BETA3AR,N,N,N,N,N,N,N,N,N,N,N,N,N,N,N,N,N,N,N,N,N,N,N,N,N,N,N,N,N,N,N,N
DRD1A;DRD1;DADR,N,N,N,N,N,N,N,N,N,N,N,N,N,N,N,N,N,N,N,N,N,N,N,N,N,N,N,N,N,N,N,N
DRD1B;DRD5;DRD1L2;DBDR,N,N,N,N,N,N,N,N,N,N,N,N,N,N,N,N,N,N,N,N,N,N,N,N,N,N,N,N,N,N,N,N
H2R;HRH2,N,N,N,N,N,N,N,N,N,N,N,N,N,N,N,N,N,N,N,N,N,N,N,N,N,N,N,N,N,N,N,N
5-HT4R;HTR4;5-HT4,N,N,N,N,N,N,N,N,N,N,N,N,N,N,N,N,N,N,N,N,N,N,N,N,N,N,N,N,N,N,N,N
5-HT5A;HTR5A,N,N,N,N,N,N,N,N,N,N,N,N,N,N,N,N,N,N,N,N,N,N,N,N,N,N,N,N,N,N,N,N
5-HT6;5-HT6R;HTR6,N,N,N,N,N,N,N,N,N,N,N,N,N,N,N,N,N,N,N,N,N,N,N,N,N,N,N,N,N,N,N,N
5-HT7;HTR7,N,N,N,N,N,N,N,N,N,N,N,N,N,N,N,N,N,N,N,N,N,N,N,N,N,N,N,N,N,N,N,N
CMD1P;PLB;CMH18;PLN,N,N,N,N,N,N,N,N,N,N,N,N,N,N,N,N,N,N,N,N,N,N,N,N,N,N,N,N,N,N,N,N
PPNAD4;PKACA;PRKACA,D,D,D,D,D,D,D,D,D,D,D,D,D,D,D,D,D,D,D,D,D,D,D,D,D,D,D,D,D,D,D,D
PKACB;PRKACB;PKA_C-beta,D,D,D,D,D,D,D,D,D,D,D,D,D,D,D,D,D,D,D,D,D,D,D,D,D,D,D,D,D,D,D,D
BDPLT19;PRKACG;KAPG;PKACg,D,D,D,D,D,D,D,D,D,D,D,D,D,D,D,D,D,D,D,D,D,D,D,D,D,D,D,D,D,D,D,D
GNAL;DYT25,C,N,N,N,N,N,C,C,N,N,N,N,C,C,C,N,N,N,C,N,C,N,N,C,N,C,N,C,N,C,C,N
GSA;SCG6;GNAS;GSP;POH;SgVI;AHO;C20orf45;GNAS1;NESP;GPSA,C,N,N,N,N,N,C,C,N,N,N,N,C,C,C,N,N,N,C,N,C,N,N,C,N,C,N,C,N,C,C,N
Cav3.3;CACNA1I;ca(v)3.3,D,D,D,D,D,N,D,D,D,N,D,D,D,D,D,D,D,D,D,D,D,D,D,D,D,D,N,D,D,D,D,D
EIG6;CACNA1H;ECA6;Cav3.2;CACNA1HB;HALD4,D,D,D,D,D,N,D,D,D,N,D,D,D,D,D,D,D,D,D,D,D,D,D,D,D,D,N,D,D,D,D,D
CACNA1G;Ca(V)T.1;Cav3.1;NBR13;SCA42,D,D,D,D,D,N,D,D,D,N,D,D,D,D,D,D,D,D,D,D,D,D,D,D,D,D,N,D,D,D,D,D
PMCA1kb;PMCA1;ATP2B1,D,D,D,D,D,D,D,D,D,N,D,D,D,D,D,D,D,D,D,D,D,D,D,D,D,D,D,D,D,D,D,D
ATP2B2;PMCA2a;PMCA2;PMCA2i,D,D,D,D,D,D,D,D,D,N,D,D,D,D,D,D,D,D,D,D,D,D,D,D,D,D,D,D,D,D,D,D
PMCA3a;SCAX1;CLA2;CFAP39;OPCA;PMCA3;ATP2B3,D,D,D,D,D,D,D,D,D,N,D,D,D,D,D,D,D,D,D,D,D,D,D,D,D,D,D,D,D,D,D,D
PMCA4b;ATP2B4;ATP2B2;PMCA4;MXRA1;PMCA4x,D,D,D,D,D,D,D,D,D,N,D,D,D,D,D,D,D,D,D,D,D,D,D,D,D,D,D,D,D,D,D,D
STIM2,N,N,N,N,N,N,N,N,N,N,N,N,N,N,N,N,N,N,N,N,N,N,N,N,N,N,N,N,N,N,N,N
STRMK;TAM;STIM1;IMD10;TAM1;D11S4896E;GOK,N,N,N,N,N,N,N,N,N,N,N,N,N,N,N,N,N,N,N,N,N,N,N,N,N,N,N,N,N,N,N,N
