MDS014;RBM8;Y14;BOV-1A;ZRNP1;RBM8A;TAR;BOV-1C;ZNRP;BOV-1B;C1DELq21.1;RBM8B;DEL1q21.1,B,B,B,B,B,B,B,B,B,N,B,B,B,B,B,B,B,B,B,B,B,B,B,B,B,B,B,B,B,B,B,B
MAGOH;MAGOHA;MAGOH1,A,A,N,N,A,N,N,A,A,N,A,A,A,A,A,A,A,A,A,A,A,A,A,A,N,A,N,N,A,A,A,A
MGN2;magoh;mago;MAGOHB,A,A,N,N,A,N,N,A,A,N,A,A,A,A,A,A,A,A,A,A,A,A,A,A,N,A,N,N,A,A,A,A
Fal1;NMP265;RCPS;MUK34;EIF4A3;DDX48;NUK34;eIF4AIII,D,D,D,D,D,D,D,D,D,D,D,D,D,D,D,D,D,D,D,D,D,D,D,D,D,D,D,D,D,D,D,D
CASC3;MLN51;BTZ,N,N,N,N,N,N,N,N,N,N,N,N,N,N,N,N,N,N,N,N,N,N,N,N,N,N,N,N,N,N,N,N
ACINUS;ACIN1;ACN;fSAP152,B,B,B,N,N,N,B,N,B,N,B,N,N,N,B,B,B,N,B,B,B,B,B,B,N,B,N,N,B,N,B,N
E5.1;RNPS1,B,N,B,N,N,B,B,N,B,N,B,B,B,B,B,B,B,B,B,N,B,N,B,B,B,B,N,B,N,N,B,B
SAP18;2HOR0202;SAP18P,A,A,N,N,N,N,N,A,A,N,A,N,N,A,N,N,N,N,A,N,N,N,N,N,N,N,N,N,A,N,A,N
SRRM1;SRM160;160-KD;POP101,A,N,N,N,N,N,N,N,A,N,A,A,N,A,N,N,N,N,N,N,A,A,N,A,N,N,N,N,N,N,A,A
NXF1;MEX67;TAP,N,N,N,N,A,N,N,N,N,N,A,N,N,N,A,N,N,N,N,N,N,N,N,N,N,A,N,N,A,N,A,A
NXF5,N,N,N,N,A,N,N,N,N,N,A,N,N,N,A,N,N,N,N,N,N,N,N,N,N,A,N,N,A,N,A,A
NXF3,N,N,N,N,A,N,N,N,N,N,A,N,N,N,A,N,N,N,N,N,N,N,N,N,N,A,N,N,A,N,A,A
TAPL-2;CT39;NXF2;TCP11X2,N,N,N,N,A,N,N,N,N,N,A,N,N,N,A,N,N,N,N,N,N,N,N,N,N,A,N,N,A,N,A,A
TCP11X1;bA353J17.1;NXF2B,N,N,N,N,A,N,N,N,N,N,A,N,N,N,A,N,N,N,N,N,N,N,N,N,N,A,N,N,A,N,A,A
DRSP;memA;PNN;DRS;SDK3,D,D,D,D,D,D,D,D,D,N,D,D,D,D,D,D,D,D,D,D,D,D,D,D,D,D,D,D,D,D,D,D
THOC4;ALY/REF;BEF;REF;ALY;ALYREF,B,N,B,B,B,N,N,B,B,N,B,B,B,B,B,B,B,B,B,B,B,B,B,B,N,B,B,B,B,N,B,B
P15;MTR2;NXT1,A,A,N,N,A,N,N,A,A,N,N,N,A,A,N,N,A,N,N,A,A,A,N,N,N,A,N,A,N,N,A,N
P15-2;NXT2,A,A,N,N,A,N,N,A,A,N,N,N,A,A,N,N,A,N,N,A,A,A,N,N,N,A,N,A,N,N,A,N
NCBP;NCBP1;Sto1;CBP80,N,N,N,N,N,N,N,N,N,N,N,N,N,N,N,N,N,N,N,N,N,N,N,N,N,N,N,N,N,N,N,N
UPF3BP3;UPF3B;UPF3BP1;MRXS14;Upf3p-X;UPF3BP2;MRX62;RENT3B;HUPF3B;UPF3X,N,N,N,N,N,N,N,N,N,N,N,N,N,N,N,N,N,N,N,N,N,N,N,N,N,N,N,N,N,N,N,N
UPF3A;HUPF3A;UPF3;RENT3A,N,N,N,N,N,N,N,N,N,N,N,N,N,N,N,N,N,N,N,N,N,N,N,N,N,N,N,N,N,N,N,N
UAP56;D6S81E;BAT1;DDX39B,D,D,D,D,D,D,D,D,D,D,D,D,D,D,D,D,D,D,D,D,D,D,D,D,D,D,D,D,D,D,D,D
PYM;PYM1;WIBG,N,N,N,N,N,N,N,N,N,N,N,N,N,N,N,N,N,N,N,N,N,N,N,N,N,N,N,N,N,N,N,N
RENT1;HUPF1;pNORF1;NORF1;UPF1;smg-2,D,D,D,D,D,D,D,D,D,D,D,D,D,D,D,D,D,D,D,D,D,D,D,D,D,D,D,D,D,D,D,N
RENT2;HUPF2;smg-3;UPF2,N,A,N,N,N,N,A,N,N,N,N,N,N,N,N,N,A,N,N,N,A,N,N,N,N,A,N,N,N,N,N,N
LIP;61E3.4;SMG1;ATX,C,C,C,C,C,C,C,C,C,C,C,C,C,C,C,C,C,C,C,C,C,C,C,C,C,C,C,C,C,C,C,C
EST1B;SMG5;SMG-5;LPTSRP1;LPTS-RP1,N,N,A,N,N,N,N,N,A,N,A,A,N,N,N,N,N,N,N,N,N,N,N,A,N,A,N,N,N,N,N,A
SMG7;C1orf16;EST1C;SGA56M,N,N,A,N,N,N,N,N,A,N,A,A,N,N,N,N,N,N,N,N,N,N,N,A,N,A,N,N,N,N,N,A
SMG6;EST1A;C17orf31;SMG-6;hSMG5/7a,N,N,A,N,N,N,N,N,A,N,A,A,N,N,N,N,N,N,N,N,N,N,N,A,N,A,N,N,N,N,N,A
ERF1;TB3-1;D5S1995;RF1;ETF1;ERF;SUP45L1,C,N,N,C,N,N,C,N,N,C,C,C,N,C,N,C,C,N,N,C,C,C,C,N,N,N,N,C,C,C,N,C
ERF3B;GSPT2;GST2,D,D,D,D,D,D,D,D,D,D,D,D,D,D,D,D,D,D,D,N,D,D,D,D,D,D,D,D,D,D,D,D
eRF3a;ETF3A;GSPT1;GST1;551G9.2,D,D,D,D,D,D,D,D,D,D,D,D,D,D,D,D,D,D,D,N,D,D,D,D,D,D,D,D,D,D,D,D
HCE;RNGTT;CAP1A;HCE1;hCAP,D,N,D,D,N,D,N,D,N,N,N,N,N,N,D,N,D,N,D,N,D,D,N,D,N,N,D,D,N,D,D,N
CMT1c;hMet;hCMT1;MET;RNMT;cm1p;RG7MT1;CMT1,A,N,A,A,A,N,A,N,A,N,A,N,N,A,A,A,N,N,A,A,A,N,N,N,N,A,N,N,A,N,A,N
CPSF5;NUDT21;CFIM25,A,A,N,N,N,N,A,A,A,A,N,N,N,A,N,N,N,N,A,N,A,N,A,N,N,A,N,N,N,N,A,N
PAP;PAPOLA,D,D,D,N,D,D,D,D,D,N,D,D,D,D,D,D,D,D,D,D,D,D,D,N,D,D,D,D,N,N,D,N
PAPT;TPAP;PAPOLB,D,D,D,N,D,D,D,D,D,N,D,D,D,D,D,D,D,D,D,D,D,D,D,N,D,D,D,D,N,N,D,N
PAPOLG,D,D,D,N,D,D,D,D,D,N,D,D,D,D,D,D,D,D,D,D,D,D,D,N,D,D,D,D,N,N,D,N
PCF11,N,N,A,N,N,A,N,N,A,N,A,N,N,A,N,N,N,N,A,A,A,N,N,A,A,A,N,N,N,A,A,N
hClp1;HEAB;CLP1,N,N,C,N,C,C,C,N,N,N,N,C,N,N,N,N,C,N,N,N,N,N,C,N,N,N,N,N,N,N,N,C
CFIM;CPSF6;HPBRII-7;CFIM68;CFIM72;HPBRII-4,A,A,N,N,A,A,N,A,A,N,A,N,A,A,A,N,N,A,A,N,N,N,N,N,A,A,A,A,N,N,A,N
CPSF7;CFIm59,A,A,N,N,A,A,N,A,A,N,A,N,A,A,A,N,N,A,A,N,N,N,N,N,A,A,A,A,N,N,A,N
FIP1L1;hFip1;Rhe;FIP1,N,A,N,N,N,N,A,N,A,N,A,N,N,N,N,N,N,N,A,N,N,N,A,N,A,A,N,N,N,A,N,A
CPSF73;CPSF3;CPSF-73,N,N,N,N,N,N,N,N,N,N,N,N,N,N,N,N,N,N,N,N,N,N,N,N,N,N,N,N,N,N,N,N
CPSF2;CPSF100,N,N,N,N,N,N,N,N,B,N,B,N,N,B,N,N,N,N,N,N,B,N,N,N,B,N,N,N,N,N,B,N
P/cl.18;CPSF160;CPSF1;HSU37012,A,A,A,N,A,A,N,A,A,A,A,A,N,A,A,A,A,A,A,A,N,N,A,A,N,N,A,A,A,N,A,N
CPSF4;NAR;NEB1;CPSF30;NEB-1,A,N,N,N,N,N,A,N,A,N,A,N,N,A,N,N,N,N,A,A,N,A,A,N,N,A,A,N,A,N,A,N
CstF-50;CstFp50;CSTF1,D,D,D,D,D,D,D,D,D,D,D,D,D,D,D,D,D,D,D,D,D,D,D,D,D,D,D,D,D,D,D,D
CSTF2;CstF-64,B,B,B,B,B,B,B,B,B,N,B,B,B,B,B,B,B,B,B,B,B,B,B,B,B,B,B,B,B,B,B,B
CstF-64T;CSTF2T,B,B,B,B,B,B,B,B,B,N,B,B,B,B,B,B,B,B,B,B,B,B,B,B,B,B,B,B,B,B,B,B
CSTF3;CSTF-77,A,A,A,N,A,A,N,A,A,N,A,A,N,N,N,A,A,A,A,A,A,N,A,A,N,A,A,N,A,N,A,A
SYM;SPK;SYMPK,N,A,N,N,N,N,N,N,A,N,N,N,N,A,N,A,N,N,N,N,N,N,N,N,N,N,N,N,N,N,A,N
NIP1;PIG55;NCBP2;CBP20;CBC2,B,B,B,B,B,B,B,B,B,N,B,B,B,B,B,B,B,B,B,B,B,B,B,B,B,B,B,B,B,B,B,B
BCL2L2-PABPN1,B,N,B,B,B,N,B,B,B,N,B,B,B,B,B,B,B,B,B,B,B,B,B,B,B,B,B,B,B,N,B,B
PABPN1L;ePABP2;PABPNL1,B,N,B,B,B,N,B,B,B,N,B,B,B,B,B,B,B,B,B,B,B,B,B,B,B,B,B,B,B,N,B,B
PABPN1;OPMD;PABP2;PABP-2;PABII;PAB2,B,N,B,B,B,N,B,B,B,N,B,B,B,B,B,B,B,B,B,B,B,B,B,B,B,B,B,B,B,N,B,B
PABPC4L,D,D,D,D,D,D,D,D,D,D,D,D,D,D,D,D,D,D,D,D,D,D,D,D,D,D,D,D,D,D,D,D
PABPC5;PABP5,D,D,D,D,D,D,D,D,D,D,D,D,D,D,D,D,D,D,D,D,D,D,D,D,D,D,D,D,D,D,D,D
PABP1;PABPC1;PAB1;PABP;PABPL1;PABPC2,D,D,D,D,D,D,D,D,D,D,D,D,D,D,D,D,D,D,D,D,D,D,D,D,D,D,D,D,D,D,D,D
PABPC1L2A;RBM32A,B,B,B,B,B,B,B,B,B,N,B,B,B,B,B,B,B,B,B,B,B,B,B,B,B,B,B,B,B,B,B,B
PABP3;PABPL3;tPABP;PABPC3,D,D,D,D,D,D,D,D,D,D,D,D,D,D,D,D,D,D,D,D,D,D,D,D,D,D,D,D,D,D,D,D
RBM32B;PABPC1L2B,B,B,B,B,B,B,B,B,B,N,B,B,B,B,B,B,B,B,B,B,B,B,B,B,B,B,B,B,B,B,B,B
dJ1069P2.3;EPAB;PABPC1L;PABPC1L1;C20orf119,B,B,B,B,B,B,B,B,B,B,B,B,B,B,B,B,B,B,B,B,B,B,B,B,B,B,B,B,B,B,B,B
iPABP;APP1;PABP4;PABPC4;APP-1,D,D,D,D,D,D,D,D,D,D,D,D,D,D,D,D,D,D,D,D,D,D,D,D,D,D,D,D,D,D,D,D
PPP2R3LY;PPP2R3B;PR70;PR48;NYREN8;PPP2R3L,A,N,N,N,A,A,N,N,A,N,A,A,N,N,N,A,N,N,N,N,N,N,N,N,N,A,A,N,N,A,A,N
C14orf10;G4-1;G5pr;PPP2R3C,A,N,N,N,A,A,N,N,A,N,A,A,N,N,N,A,N,N,N,N,N,N,N,N,N,A,A,N,N,A,A,N
PPP2CA;RP-C;PP2Calpha;PP2Ac;PP2CA,D,D,D,D,D,D,D,D,D,N,D,D,D,D,D,D,D,D,D,D,D,D,D,D,D,D,D,D,D,D,D,D
PPP2CB;PP2CB;PP2Abeta,D,D,D,D,D,D,D,D,D,N,D,D,D,D,D,D,D,D,D,D,D,D,D,D,D,D,D,D,D,D,D,D
PR65A;PP2A-Aalpha;MRD36;PP2AA;PP2AAALPHA;PPP2R1A,N,N,A,A,A,A,A,N,A,N,A,N,A,N,N,N,A,N,N,A,A,A,N,N,N,A,A,A,N,N,A,N
PPP2R1B;PR65B;PP2A-Abeta,N,N,A,A,A,A,A,N,A,N,A,N,A,N,N,N,A,N,N,A,A,A,N,N,N,A,A,A,N,N,A,N
B55ALPHA;PR55A;PR52A;PPP2R2A;PR55alpha;B55A,D,D,D,D,D,D,D,D,D,D,D,D,D,D,D,D,D,D,D,D,D,D,D,D,D,D,D,D,D,D,D,D
PR2AB55BETA;PP2ABBETA;PP2APR55BETA;PR2ABBETA;PR55BETA;PP2AB55BETA;PR55-BETA;PP2APR55B;B55BETA;PPP2R2B;SCA12;PR52B;PR2APR55BETA,D,D,D,D,D,D,D,D,D,D,D,D,D,D,D,D,D,D,D,D,D,D,D,D,D,D,D,D,D,D,D,D
IMYPNO1;PR52;PR55G;IMYPNO;B55gamma;B55-GAMMA;PPP2R2C,D,D,D,D,D,D,D,D,D,D,D,D,D,D,D,D,D,D,D,D,D,D,D,D,D,D,D,D,D,D,D,D
PR72;PPP2R3;PPP2R3A;PR130,A,N,N,N,A,A,N,N,A,N,A,A,N,N,N,A,N,N,N,N,N,N,N,N,N,A,A,N,N,A,A,N
PPP2R5A;B56A;B56alpha;PR61A,N,A,A,N,N,N,N,A,A,N,A,A,N,N,N,N,A,A,N,A,N,N,A,N,N,A,N,N,N,N,A,A
PPP2R5B;PR61B;B56beta;B56B,N,A,A,N,N,N,N,A,A,N,A,A,N,N,N,N,A,A,N,A,N,N,A,N,N,A,N,N,N,N,A,A
PR61G;PPP2R5C;B56G;B56gamma,N,A,A,N,N,N,N,A,A,N,A,A,N,N,N,N,A,A,N,A,N,N,A,N,N,A,N,N,N,N,A,A
MRD35;PPP2R5D;B56delta;B56D,N,A,A,N,N,N,N,A,A,N,A,A,N,N,N,N,A,A,N,A,N,N,A,N,N,A,N,N,N,N,A,A
B56E;PPP2R5E;B56epsilon,N,A,A,N,N,N,N,A,A,N,A,A,N,N,N,N,A,A,N,A,N,N,A,N,N,A,N,N,N,N,A,A
B55D;B55delta;PPP2R2D;MDS026,D,D,D,D,D,D,D,D,D,D,D,D,D,D,D,D,D,D,D,D,D,D,D,D,D,D,D,D,D,D,D,D
ERFS;EF-1a;eRF3c;HSPC276;HBS1L;HBS1,D,D,D,D,D,D,D,D,D,D,D,D,D,D,D,D,D,D,D,N,D,N,D,D,N,D,D,D,D,N,D,D
PRO1770;CGI-17;PELO,C,N,N,N,N,N,N,N,N,N,C,C,N,C,N,N,C,N,N,N,C,C,C,N,N,N,N,C,N,N,N,C
MSI2H;MSI2,D,D,D,D,D,D,D,D,D,D,D,D,D,D,D,D,D,D,D,D,D,D,D,D,D,D,D,D,D,D,D,D
DAZAP1,D,D,D,D,D,D,D,D,D,N,D,D,D,D,D,D,D,D,D,D,D,D,D,D,D,D,D,D,D,D,D,D
MSI1,D,D,D,D,D,D,D,D,D,D,D,D,D,D,D,D,D,D,D,D,D,D,D,D,D,D,D,D,D,D,D,D
WDC146;NET14;WDR33,D,D,D,D,D,D,D,D,D,D,D,D,D,D,D,D,D,D,D,D,D,D,D,D,D,D,D,D,D,D,D,D
MSTP107;PRO34047;SWD2;WDR82A;PRO2730;WDR82;MST107;TMEM113,D,D,D,D,D,D,D,D,D,D,D,D,D,D,D,D,D,D,D,D,D,D,D,D,D,D,D,D,D,D,D,D
PPP1A;PP1A;PP-1A;PP1alpha;PPP1CA,D,D,D,D,D,D,D,D,D,N,D,D,D,D,D,D,D,D,D,D,D,D,D,D,D,D,D,D,D,D,D,D
PPP1CD;PPP1CB;PP1B;NSLH2;PP1beta;PP-1B;HEL-S-80p,D,D,D,D,D,D,D,D,D,N,D,D,D,D,D,D,D,D,D,D,D,D,D,D,D,D,D,D,D,D,D,D
PPP1G;PP1C;PPP1CC;PP-1G,D,D,D,D,D,D,D,D,D,N,D,D,D,D,D,D,D,D,D,D,D,D,D,D,D,D,D,D,D,D,D,D
SSU72;PNAS-120;HSPC182,D,D,D,D,D,D,D,D,D,N,D,D,D,D,D,D,D,D,D,D,D,D,D,D,D,D,D,D,D,D,D,D
