FAPP;CELL;BAL;BSDL;BSSL;FAP;MODY8;LIPA;CEase;CEL,D,D,D,N,N,D,N,D,D,N,D,D,D,D,D,D,D,D,D,D,D,D,D,D,N,D,D,D,D,D,D,D
PNLIPRP3,N,N,N,N,N,N,N,N,N,N,N,N,N,N,N,N,N,N,N,N,N,N,N,N,N,N,N,N,N,N,N,N
HL;LIPH;HDLCQ12;LIPC;HTGL,N,N,N,N,N,N,N,N,N,N,N,N,N,N,N,N,N,N,N,N,N,N,N,N,N,N,N,N,N,N,N,N
PL;PTL;PNLIP;PNLIPD,N,N,N,N,N,N,N,N,N,N,N,N,N,N,N,N,N,N,N,N,N,N,N,N,N,N,N,N,N,N,N,N
PNLIPRP1;PLRP1,N,N,N,N,N,N,N,N,N,N,N,N,N,N,N,N,N,N,N,N,N,N,N,N,N,N,N,N,N,N,N,N
PLRP2;PNLIPRP2,N,N,N,N,N,N,N,N,N,N,N,N,N,N,N,N,N,N,N,N,N,N,N,N,N,N,N,N,N,N,N,N
TTS2;PNPLA2;FP17548;PEDF-R;ATGL;TTS-2.2;iPLA2zeta;1110001C14Rik,N,N,N,N,N,N,N,A,N,N,A,N,N,N,N,N,N,N,N,A,N,A,N,N,N,N,N,N,N,N,N,A
ADPN;iPLA(2)epsilon;C22orf20;PNPLA3,N,N,N,N,N,N,N,A,N,N,A,N,N,N,N,N,N,N,N,A,N,A,N,N,N,N,N,N,N,N,N,A
LIPF;HLAL;HGL;GL,A,A,A,N,N,N,N,A,A,N,A,N,A,A,A,N,N,N,A,A,A,A,A,A,A,A,A,A,A,N,A,A
PRO719;LIPG;EDL;EL,N,N,N,N,N,N,N,N,N,N,N,N,N,N,N,N,N,N,N,N,N,N,N,N,N,N,N,N,N,N,N,N
DGAT2L2;DC7;MGAT3;MOGAT3,A,N,N,N,A,N,N,A,A,N,A,A,A,A,A,A,A,A,A,A,N,A,A,A,A,A,N,N,A,A,A,N
HMFN1045;ARAT;DGAT2;GS1999FULL,A,N,N,N,A,N,N,A,A,N,A,A,A,A,A,A,A,A,A,A,N,A,A,A,A,A,N,N,A,A,A,N
ARGP1;DGAT1;ARAT;DGAT;DIAR7,A,A,A,N,N,A,A,N,N,N,A,N,A,N,A,A,N,N,N,A,A,A,N,A,A,N,A,A,A,A,A,N
PLPP4;PPAPDC1A;DPPL2;PPAPDC1,D,D,N,N,D,D,N,D,D,N,D,D,N,D,N,N,N,D,D,N,N,N,N,D,N,D,N,N,N,N,D,N
LPIN1;PAP1,N,A,A,N,A,A,A,A,A,N,A,N,N,N,A,A,N,A,N,N,A,A,A,A,A,A,A,N,N,N,A,A
LIPN3L;LPIN3;SMP2,N,A,A,N,A,A,A,A,A,N,A,N,N,N,A,A,N,A,N,N,A,A,A,A,A,A,A,N,N,N,A,A
PLPP5;HTPAP;PPAPDC1B;DPPL1,D,D,N,N,D,D,N,D,D,N,D,D,N,D,N,N,N,D,D,N,N,N,N,D,N,D,N,N,N,N,D,N
PPAP2A;PAP-2a;PAP2;LPP1;PLPP1;LLP1a,D,D,N,N,D,D,N,D,D,N,D,D,N,D,N,N,N,D,D,N,N,N,N,D,N,D,N,N,N,N,D,N
LPP2;PAP-2c;PAP2-g;PPAP2C;PLPP2,D,D,N,N,D,D,N,D,D,N,D,D,N,D,N,N,N,D,D,N,N,N,N,D,N,D,N,N,N,N,D,N
VCIP;PLPP3;LPP3;PPAP2B;PAP2B;Dri42,D,D,N,N,D,D,N,D,D,N,D,D,N,D,N,N,N,D,D,N,N,N,N,D,N,D,N,N,N,N,D,N
LPIN2,N,A,A,N,A,A,A,A,A,N,A,N,N,N,A,A,N,A,N,N,A,A,A,A,A,A,A,N,N,N,A,A
DGAT2L1;MOGAT1;MGAT1;DGAT2L,A,N,N,N,A,N,N,A,A,N,A,A,A,A,A,A,A,A,A,A,N,A,A,A,A,A,N,N,A,A,A,N
MOGAT2;DGAT2L5;hDC5;DGAT2L5.;MGAT2,A,N,N,N,A,N,N,A,A,N,A,A,A,A,A,A,A,A,A,A,N,A,A,A,A,A,N,N,A,A,A,N
1-AGPAT1;LPAATA;G15;LPAAT-alpha;AGPAT1,N,N,B,N,N,N,B,B,B,N,B,B,N,B,N,N,N,N,N,B,N,N,N,N,N,B,N,N,N,N,B,N
BSCL;AGPAT2;BSCL1;LPAAB;1-AGPAT2;LPAAT-beta,N,N,B,N,N,N,B,B,B,N,B,B,N,B,N,N,N,N,N,B,N,N,N,N,N,B,N,N,N,N,B,N
LPEAT;MBOAT2;OACT2;LPLAT_2;LPCAT4;LPAAT,A,N,N,N,N,N,N,N,A,N,A,N,N,N,N,N,A,N,A,N,N,N,N,N,N,A,N,N,A,A,A,N
LPSAT;LPLAT;OACT1;dJ434O11.1;LPEAT1;LPLAT_1;MBOAT1,A,N,N,N,N,N,N,N,A,N,A,N,N,N,N,N,A,N,A,N,N,N,N,N,N,A,N,N,A,A,A,N
UNQ1849;LYCAT;AGPAT8;LCLAT1;ALCAT1;1AGPAT8;HSRG1849,N,A,A,N,N,N,A,N,A,N,A,A,N,A,N,N,N,N,N,A,N,N,N,A,N,A,N,N,N,N,A,N
LPAATE;1AGPAT5;AGPAT5,N,A,A,N,N,N,A,N,A,N,A,A,N,A,N,N,N,N,N,A,N,N,N,A,N,A,N,N,N,N,A,N
AGPAT3;LPAAT3;LPAAT-GAMMA1,N,A,A,N,N,N,A,N,A,N,A,A,N,A,N,N,N,N,N,A,N,N,N,A,N,A,N,N,N,N,A,N
LPAAT-delta;1-AGPAT4;dJ473J16.2;AGPAT4,N,A,A,N,N,N,A,N,A,N,A,A,N,A,N,N,N,N,N,A,N,N,N,A,N,A,N,N,N,N,A,N
CTRCT38;AGK;MTDPS10;MULK;CATC5,B,N,B,N,B,N,N,B,B,N,B,N,N,B,B,N,N,N,N,N,B,B,B,N,N,B,N,N,N,N,B,N
MAGL;MGLL;HU-K5;HUK5;MGL,N,D,N,N,N,N,N,N,D,N,D,N,D,N,D,N,N,N,N,N,N,N,D,N,N,N,N,D,N,N,N,N
GPAT4;LPAAT-zeta;LPAATZ;TSARG7;1-AGPAT_6;AGPAT6,N,B,B,B,N,B,B,B,B,N,B,B,N,N,N,N,B,N,B,N,B,N,B,N,N,N,N,N,N,B,B,B
CT123;GPAT2,N,N,B,N,N,N,B,B,B,N,N,B,N,N,N,N,N,N,N,N,N,N,N,N,N,N,N,N,N,N,B,N
GPAM;GPAT1;GPAT,N,N,B,N,N,N,B,B,B,N,N,B,N,N,N,N,N,N,N,N,N,N,N,N,N,N,N,N,N,N,B,N
AGPAT10;GPAT3;AGPAT_10;AGPAT8;AGPAT9;HMFN0839;LPAAT-theta;MAG1,N,B,B,B,N,B,B,B,B,N,B,B,N,N,N,N,B,N,B,N,B,N,B,N,N,N,N,N,N,B,B,B
DAK;NET45;TKFC,N,N,N,N,N,N,N,N,N,N,N,N,N,N,N,N,N,N,N,N,N,N,N,N,N,N,N,N,N,N,N,N
GK;GK1;GKD,A,N,A,A,N,N,N,A,N,N,N,N,N,N,N,N,N,N,N,N,N,N,N,N,N,N,N,N,N,N,A,N
GKTA;GKP2;GK2,A,N,A,A,N,N,N,A,N,N,N,N,N,N,N,N,N,N,N,N,N,N,N,N,N,N,N,N,N,N,A,N
AR;ALDR1;ALR2;ADR;AKR1B1,D,N,N,N,N,D,N,D,D,N,D,N,D,N,D,N,N,D,N,D,N,D,N,D,D,D,N,N,N,N,D,N
AKR1B11;AKR1B12;HSI;ARL1;AKR1B10;HIS;ALDRLn;ARL-1,D,N,N,N,N,D,N,D,D,N,D,N,D,N,D,N,N,D,N,D,N,D,N,D,D,D,N,N,N,N,D,N
ALDH-E2;ALDM;ALDH2;ALDHI,D,D,D,N,D,D,D,D,D,N,D,D,D,D,D,D,D,D,D,D,D,D,D,D,D,D,D,D,D,D,D,N
ALDH1B1;ALDHX;ALDH5,D,D,D,N,D,D,D,D,D,N,D,D,D,D,D,D,D,D,D,D,D,D,D,D,D,D,D,D,D,D,D,N
E3;ALDH7;TMABADH;ALDH4;ALDH9;ALDH9A1,D,D,D,N,D,D,D,D,D,N,D,D,D,D,D,D,D,D,D,D,D,D,D,D,D,D,D,D,D,D,D,N
ALDH10;FALDH;ALDH3A2;SLS,D,D,D,N,D,D,D,D,D,N,D,D,D,D,D,D,D,D,D,D,D,D,D,D,D,D,D,D,D,D,D,N
ATQ1;ALDH7A1;PDE;EPD,D,D,D,N,D,D,D,D,D,N,D,D,D,D,D,D,D,D,D,D,D,D,D,D,D,D,D,D,D,D,D,N
ARM;HEL-S-6;DD3;AKR1A1;ALR;ALDR1,D,N,N,N,N,D,N,D,D,N,D,N,D,N,D,N,N,D,N,D,N,D,N,D,D,D,N,N,N,N,D,N
LPL;LIPD;HDLCQ11,N,N,N,N,N,N,N,N,N,N,N,N,N,N,N,N,N,N,N,N,N,N,N,N,N,N,N,N,N,N,N,N
GLA;GALA,N,A,A,A,N,N,N,N,A,N,A,A,N,A,N,N,A,N,N,N,N,N,N,N,N,A,N,A,N,N,A,N
DGKK,D,D,D,D,D,D,D,D,D,N,D,D,D,D,D,D,D,D,D,D,D,D,D,D,D,D,D,D,D,D,D,D
DGKA;DAGK;DGK-alpha;DAGK1,B,B,B,N,N,B,B,B,B,N,B,B,B,B,B,B,B,B,B,B,B,B,B,B,N,B,B,N,B,B,B,N
DAGK2;DGKB;DGK;DGK-BETA,B,B,B,N,N,B,B,B,B,N,B,B,B,B,B,B,B,B,B,B,B,B,B,B,N,B,B,N,B,B,B,N
DGKG;DGK-GAMMA;DAGK3,B,B,B,N,N,B,B,B,B,N,B,B,B,B,B,B,B,B,B,B,B,B,B,B,N,B,B,N,B,B,B,N
DGKeta;DGKH,D,D,D,D,D,D,D,D,D,N,D,D,D,D,D,D,D,D,D,D,D,D,D,D,D,D,D,D,D,D,D,D
DAGK7;DGKQ;DAGK;DAGK4,A,N,N,N,N,A,N,A,A,N,A,N,N,N,N,A,A,N,N,A,A,A,A,N,N,N,N,N,N,N,A,N
DAGK6;hDGKzeta;DGK-ZETA;DAGK5;DGKZ,D,D,D,D,D,D,D,D,D,N,D,D,D,D,D,D,D,D,D,D,D,D,D,D,D,D,D,D,D,D,D,D
DAGK6;NPHS7;DGK;AHUS7;DAGK5;DGKE,A,N,N,N,N,A,N,A,A,N,A,N,N,N,N,A,A,N,N,A,A,A,A,N,N,N,N,N,N,N,A,N
dgkd-2;DGKD;DGKdelta,D,D,D,D,D,D,D,D,D,N,D,D,D,D,D,D,D,D,D,D,D,D,D,D,D,D,D,D,D,D,D,D
DGK-IOTA;DGKI,D,D,D,D,D,D,D,D,D,N,D,D,D,D,D,D,D,D,D,D,D,D,D,D,D,D,D,D,D,D,D,D
HBeAgBP4A;HBEBP2;HBEBP4;GLYCTK,N,N,N,N,N,N,N,N,N,N,N,N,N,N,N,N,N,N,N,N,N,N,N,N,N,N,N,N,N,N,N,N
