CA5B;CA-VB,N,N,A,N,N,N,A,N,A,N,A,N,N,N,A,A,N,N,A,A,N,N,N,N,N,A,N,N,N,N,A,N
CA14;CAXiV,N,N,A,N,N,N,A,N,A,N,A,N,N,N,A,A,N,N,A,A,N,N,N,N,N,A,N,N,N,N,A,N
CA13;CAXIII,N,N,A,N,N,N,A,N,A,N,A,N,N,N,A,A,N,N,A,A,N,N,N,N,N,A,N,N,N,N,A,N
CAB;HEL-S-11;Car1;CA-I;CA1,N,N,A,N,N,N,A,N,A,N,A,N,N,N,A,A,N,N,A,A,N,N,N,N,N,A,N,N,N,N,A,N
CA2;CAII;CA-II;HEL-76;CAC;Car2;HEL-S-282,N,N,A,N,N,N,A,N,A,N,A,N,N,N,A,A,N,N,A,A,N,N,N,N,N,A,N,N,N,N,A,N
CAIII;Car3;CA3,N,N,A,N,N,N,A,N,A,N,A,N,N,N,A,A,N,N,A,A,N,N,N,N,N,A,N,N,N,N,A,N
CA4;RP17;Car4;CAIV,N,N,A,N,N,N,A,N,A,N,A,N,N,N,A,A,N,N,A,A,N,N,N,N,N,A,N,N,N,N,A,N
CA5AD;CA5;CAV;CAVA;GS1-21A4.1;CA5A,N,N,A,N,N,N,A,N,A,N,A,N,N,N,A,A,N,N,A,A,N,N,N,N,N,A,N,N,N,N,A,N
CA-VI;GUSTIN;CA6,N,N,A,N,N,N,A,N,A,N,A,N,N,N,A,A,N,N,A,A,N,N,N,N,N,A,N,N,N,N,A,N
CAVII;CA7,N,N,A,N,N,N,A,N,A,N,A,N,N,N,A,A,N,N,A,A,N,N,N,N,N,A,N,N,N,N,A,N
CA-RP;CA-VIII;CALS;CAMRQ3;CA8;CARP,N,N,A,N,N,N,A,N,A,N,A,N,N,N,A,A,N,N,A,A,N,N,N,N,N,A,N,N,N,N,A,N
CA9;CAIX;MN,N,N,A,N,N,N,A,N,A,N,A,N,N,N,A,A,N,N,A,A,N,N,N,N,N,A,N,N,N,N,A,N
CA12;HsT18816;CAXII;T18816;CA-XII,N,N,A,N,N,N,A,N,A,N,A,N,N,N,A,A,N,N,A,A,N,N,N,N,N,A,N,N,N,N,A,N
CPS1;CPSASE1;PHN,N,D,N,N,N,D,D,N,N,N,N,D,N,D,N,D,D,D,D,D,N,D,N,D,D,N,D,D,N,D,N,N
PIG59;GS;PIG43;GLUL;GLNS,N,N,N,N,N,N,N,N,N,N,N,N,N,N,N,N,N,N,N,N,N,N,N,N,N,N,N,N,N,N,N,N
GDH;GLUD1;GLUD;GDH1,N,D,N,N,N,N,N,N,D,N,N,N,D,D,N,N,N,D,N,N,N,N,N,D,N,N,N,N,N,N,N,N
GLUD2;GDH2;GLUDP1,N,D,N,N,N,N,N,N,D,N,N,N,D,D,N,N,N,D,N,N,N,N,N,D,N,N,N,N,N,N,N,N
