HT036;HYI,N,N,N,N,N,N,N,N,N,N,N,N,N,N,N,N,N,N,N,N,N,N,N,N,N,N,N,N,N,N,N,N
HEL60;ACONS;ACO1;IRP1;IREB1;IREBP1;IREBP,D,N,D,N,N,N,D,N,D,N,D,D,N,D,N,N,N,N,N,D,D,N,N,N,N,N,N,N,D,D,N,D
ACO2;HEL-S-284;OCA8;ACONM;OPA9;ICRD,D,N,D,N,N,N,D,N,D,N,D,D,N,D,N,N,N,N,N,D,D,N,N,N,N,N,N,N,D,D,N,D
HOGA1;DHDPSL;NPL2;HP3;DHDPS2;C10orf65,D,N,N,N,D,D,N,D,N,N,D,N,D,N,N,D,N,N,N,N,N,N,N,N,N,N,N,N,N,N,D,D
KFA;FKF;KF;AFMID,D,D,D,N,D,N,N,D,D,N,D,N,D,D,N,N,N,D,D,D,N,D,N,D,N,D,N,D,N,N,D,D
HAOX2;HAO2;GIG16,D,D,D,D,D,D,D,D,D,N,D,D,D,D,D,D,D,D,D,D,D,D,D,D,D,D,N,D,D,D,D,D
GOX1;GOX;HAO1;HAOX1,D,D,D,D,D,D,D,D,D,N,D,D,D,D,D,D,D,D,D,D,D,D,D,D,D,D,N,D,D,D,D,D
GRHPR;GLXR;GLYD;PH2,D,N,N,N,N,N,D,D,D,N,D,N,D,D,N,N,N,D,D,N,N,D,D,N,N,N,N,N,N,N,D,D
CS,B,B,N,N,N,N,B,N,B,N,N,N,N,B,N,B,B,B,N,N,N,B,N,N,N,N,N,N,N,N,B,B
HEL-S-32;MOR2;MGC:1375;MDHA;MDH-s;MDH1,B,B,N,N,N,N,N,B,B,N,B,N,N,N,N,B,B,N,N,N,B,N,B,N,N,N,N,N,N,N,B,N
MOR1;MDH;MGC:3559;M-MDH;MDH2;EIEE51,B,B,N,N,N,N,N,B,B,N,B,N,N,N,N,B,B,N,N,N,B,N,B,N,N,N,N,N,N,N,B,N
PGP;G3PP;AUM;PGPase,N,N,N,N,N,N,N,B,B,N,B,B,N,N,N,B,N,B,N,N,N,N,N,N,N,B,N,B,N,N,B,B
ACAT1;MAT;THIL;T2;ACAT,D,N,D,N,D,D,D,N,D,N,D,D,D,D,D,N,D,D,D,N,D,D,D,N,D,D,N,D,N,D,D,N
ACAT2,D,N,D,N,D,D,D,N,D,N,D,D,D,D,D,N,D,D,D,N,D,D,D,N,D,D,N,D,N,D,D,N
GLOD2;MCEE,N,N,N,N,N,N,N,N,N,N,N,N,N,N,N,N,N,N,N,N,N,N,N,N,N,N,N,N,N,N,N,N
PCCA,N,D,D,N,N,D,D,D,D,N,N,D,N,D,N,D,D,D,D,D,D,D,N,D,D,N,D,D,N,D,D,N
PCCB,N,D,N,N,N,D,D,N,N,N,N,D,N,D,N,D,D,D,D,D,N,D,N,D,D,N,D,D,N,D,N,N
MCM;MUT,D,D,D,N,D,D,D,D,D,N,D,D,D,D,D,D,D,D,D,D,D,D,D,D,D,D,D,D,D,D,D,D
AGT;AGXT;SPAT;AGT1;PH1;TLH6;SPT;AGXT1,D,N,N,D,N,N,D,N,D,N,D,D,N,N,D,N,D,N,D,N,N,D,N,D,D,N,N,N,N,D,D,N
SHMT1;CSHMT;SHMT,D,D,D,N,D,D,D,D,D,N,D,D,D,D,D,D,D,D,D,D,D,D,D,D,D,D,D,D,D,D,D,D
HEL-S-51e;SHMT2;GLYA;SHMT,D,D,D,N,D,D,D,D,D,N,D,D,D,D,D,D,D,D,D,D,D,D,D,D,D,D,D,D,D,D,D,D
E3;DLDD;GCSL;DLDH;LAD;DLD;PHE3,B,N,N,N,N,N,N,N,N,N,B,N,N,B,N,N,N,N,N,N,N,B,N,N,B,N,N,N,N,N,N,N
GCSH;NKH;GCE,N,D,D,N,D,N,D,D,N,N,N,D,N,D,N,N,N,D,N,N,D,D,N,N,N,N,N,N,N,N,D,N
HYGN1;GLDC;GCE;GCSP,N,D,N,N,D,N,N,N,D,N,N,N,N,N,N,N,N,D,N,D,N,N,N,N,N,D,N,D,N,N,N,D
GCST;NKH;GCVT;GCE;AMT,N,N,D,N,D,N,N,N,N,N,N,N,N,N,N,N,N,N,N,D,N,N,N,D,N,N,N,N,N,N,N,N
CAT,B,N,B,N,N,B,B,B,B,N,B,B,N,N,B,N,N,N,B,N,B,N,N,N,B,N,N,B,N,N,N,B
PIG59;GS;PIG43;GLUL;GLNS,N,N,N,N,N,N,N,N,N,N,N,N,N,N,N,N,N,N,N,N,N,N,N,N,N,N,N,N,N,N,N,N
HBeAgBP4A;HBEBP2;HBEBP4;GLYCTK,N,N,N,N,N,N,N,N,N,N,N,N,N,N,N,N,N,N,N,N,N,N,N,N,N,N,N,N,N,N,N,N
