uap1,B,N,B,N,B,N,B,B,B,N,B,N,B,N,N,B,N,B,N,N,B,B,N,B,N,B,N,B,B,B,B,N
gnpda1,N,B,N,N,N,N,N,N,N,N,B,N,N,B,N,N,N,N,N,N,N,N,B,N,N,N,N,N,N,N,B,N
3,N,B,N,B,N,N,N,B,N,N,N,N,N,N,N,N,N,N,N,N,N,N,N,N,N,N,N,N,N,N,B,N
gna1,N,B,B,N,N,N,N,N,N,N,B,N,N,B,B,N,N,N,N,N,N,N,N,B,N,B,N,N,N,B,B,B
nagB,B,B,N,B,N,N,N,N,N,N,B,N,B,B,N,N,N,B,N,N,B,B,N,N,N,N,N,N,N,N,B,B
nagA,B,B,N,B,N,N,N,N,N,N,B,N,B,B,N,N,N,B,N,N,B,B,N,N,N,N,N,N,N,N,B,B
nagD,B,B,N,B,N,N,N,N,N,N,B,N,B,B,N,N,N,B,N,N,B,B,N,N,N,N,N,N,N,N,B,B
8,N,N,N,N,N,N,N,N,N,N,N,N,N,N,N,N,N,N,N,N,N,N,N,N,N,N,N,N,N,N,N,N
cyb5r1,D,D,D,D,D,D,D,D,D,N,D,D,D,D,D,D,D,D,D,D,D,D,D,D,D,D,N,D,D,D,D,D
10,N,N,N,N,N,N,N,N,N,N,N,N,N,N,N,N,N,N,N,N,N,N,N,N,N,N,N,N,N,N,N,N
galE,N,N,N,N,A,N,N,N,N,N,A,N,N,N,N,N,N,N,N,A,N,N,N,N,N,A,N,N,N,N,N,N
mpi,N,B,B,N,N,B,N,B,N,N,B,N,B,B,B,B,B,N,B,B,B,B,B,N,N,N,B,B,N,N,B,B
pmmB,D,D,D,N,D,D,D,D,D,N,D,D,D,D,D,D,D,D,D,D,D,N,D,D,D,D,D,D,D,D,D,D
pmmA,D,D,D,N,D,D,D,D,D,N,D,D,D,D,D,D,D,D,D,D,D,N,D,D,D,D,D,D,D,D,D,D
15,N,N,N,N,N,N,N,N,N,N,N,N,N,N,N,N,N,N,N,N,N,N,N,N,N,N,N,N,N,N,N,N
pgmB,N,N,N,N,N,N,N,N,N,N,N,N,N,N,N,N,N,N,N,N,N,N,N,N,N,N,N,N,N,N,N,N
pgmA,N,N,N,N,N,N,N,N,N,N,N,N,N,N,N,N,N,N,N,N,N,N,N,N,N,N,N,N,N,N,N,N
mpgB,N,N,N,N,N,N,N,N,N,N,N,N,N,N,N,N,N,N,N,N,N,N,N,N,N,N,N,N,N,N,N,N
mpgA,N,N,N,N,N,N,N,N,N,N,N,N,N,N,N,N,N,N,N,N,N,N,N,N,N,N,N,N,N,N,N,N
fpgt,D,D,D,D,D,D,D,D,D,N,D,D,D,D,D,D,D,D,D,D,D,D,D,D,D,D,D,D,D,D,D,D
21,N,N,D,N,D,N,N,N,D,N,N,D,D,N,N,N,N,N,N,N,N,D,D,N,N,N,N,N,N,D,D,D
gmd,N,N,N,N,N,N,N,A,N,N,A,A,N,A,A,N,A,N,A,N,A,N,A,A,N,N,N,N,N,N,A,N
23,N,N,N,N,N,N,N,N,N,N,N,N,N,N,N,N,N,N,N,N,N,N,N,N,N,N,N,N,N,N,N,N
gpi,N,N,N,N,N,N,N,N,N,N,N,N,N,N,N,N,N,N,N,N,N,N,N,N,N,N,N,N,N,N,N,N
ugpB,B,N,B,N,B,N,B,B,B,N,B,N,B,N,N,B,N,B,N,N,B,B,N,B,N,B,N,B,B,B,B,N
uppA,B,N,B,N,B,N,B,B,B,N,B,N,B,N,N,B,N,B,N,N,B,B,N,B,N,B,N,B,B,B,B,N
27,B,B,N,B,N,N,B,N,N,N,N,N,N,N,B,N,N,N,B,N,N,B,N,N,N,N,N,N,N,N,N,N
