oxaA,N,N,N,N,B,N,N,N,B,N,B,N,N,B,B,N,N,B,B,N,N,B,B,N,N,B,N,B,N,N,B,N
srp14-1,N,N,N,N,N,N,N,N,N,N,N,N,N,N,N,N,N,N,N,N,N,N,N,N,N,N,N,N,N,N,N,N
srp14-2,N,N,N,N,N,N,N,N,N,N,N,N,N,N,N,N,N,N,N,N,N,N,N,N,N,N,N,N,N,N,N,N
srp72,N,N,N,N,A,N,N,A,N,N,A,A,N,N,A,A,A,N,N,N,N,N,N,N,N,A,N,N,N,N,A,N
srp68,N,A,N,N,A,N,N,A,N,N,A,N,N,N,N,A,N,N,N,A,N,N,N,N,N,A,N,A,N,N,A,N
srp54,D,D,D,N,D,D,D,D,D,N,D,D,D,D,N,N,D,D,D,D,D,D,D,D,N,D,D,D,D,D,D,D
srp19,C,N,N,N,N,N,N,N,C,N,N,N,N,N,N,N,N,C,N,N,N,N,N,C,N,N,N,N,N,N,N,N
srpR,D,D,D,N,D,D,D,D,D,N,D,D,D,D,N,N,D,D,D,D,D,D,D,D,N,D,D,D,D,D,D,D
srp9,A,N,N,N,N,N,N,A,A,N,A,N,A,N,N,N,N,N,A,A,N,N,N,A,N,N,N,N,N,N,A,N
10,D,D,D,D,D,D,D,D,D,N,D,D,D,D,D,D,D,D,D,D,D,D,D,D,D,D,D,D,D,D,D,D
spc1,N,N,N,N,N,N,N,N,A,N,A,N,N,N,A,N,N,N,N,N,N,N,N,N,N,N,N,N,N,N,A,N
spc2,N,N,N,N,N,N,N,N,N,N,N,N,N,N,N,N,N,N,N,N,N,N,N,N,N,N,N,N,N,N,N,N
sec61a,N,N,N,N,B,N,B,N,B,N,B,N,B,B,N,B,B,B,N,N,N,B,N,N,N,B,N,B,N,N,B,B
spc3,A,A,N,N,N,N,N,N,A,N,N,N,A,N,N,N,A,A,N,A,N,N,N,N,A,N,N,N,N,A,N,N
sec11,N,N,N,D,D,D,D,N,N,N,N,D,N,N,N,D,N,N,N,N,D,N,N,N,N,N,N,N,N,N,D,N
srpRB,C,N,N,N,N,N,C,C,N,N,N,N,C,C,C,N,N,N,C,N,C,N,N,C,N,C,N,C,N,C,C,N
sec61b,A,A,N,N,A,N,N,N,A,N,A,A,N,N,N,A,N,N,A,N,A,N,N,A,A,N,N,N,N,N,N,N
sec61g,C,N,N,N,C,N,C,N,C,N,C,N,C,N,C,C,C,N,N,C,N,N,N,C,C,N,N,C,N,N,N,N
19,D,D,D,D,D,D,D,D,D,N,D,D,D,D,D,D,D,D,D,D,D,D,D,D,N,D,D,D,D,D,D,D
