PSO6;SYR1;ERG3,A,A,A,N,N,N,N,N,A,N,A,N,N,N,N,N,A,A,N,N,A,A,N,N,N,N,N,N,N,N,A,N
ERG4,D,D,D,N,D,D,D,D,D,N,D,N,D,D,D,N,D,N,D,N,D,D,D,D,N,N,D,D,N,D,D,N
ERG5;CYP61,D,D,D,N,D,D,D,D,D,N,D,D,D,D,D,D,D,D,D,D,D,D,D,D,N,D,D,D,D,D,D,D
ERG2;END11,N,N,N,N,N,N,N,N,N,N,N,N,N,N,N,N,N,N,N,N,N,N,N,N,N,N,N,N,N,N,N,N
ERG11;CYP51,D,D,D,D,D,D,D,D,D,N,D,D,D,D,D,D,D,D,D,D,D,D,D,D,D,D,N,D,D,D,D,D
ERG24,D,D,D,N,D,D,D,D,D,N,D,N,D,D,D,N,D,N,D,N,D,D,D,D,N,N,D,D,N,D,D,N
ISE1;ERG6;LIS1;SED6;VID1,N,D,D,N,D,N,D,N,D,N,D,N,N,D,N,N,D,D,D,N,N,D,N,D,N,D,N,N,N,N,N,D
ERG7,B,B,N,N,B,N,N,N,B,N,B,B,N,N,B,B,N,B,N,N,B,N,N,N,N,N,N,N,N,N,N,B
ERG26,B,N,N,N,N,N,N,N,B,N,N,N,N,B,N,N,N,N,N,N,N,N,N,N,N,N,N,N,N,N,B,N
ERG25,A,A,A,N,A,A,N,N,A,N,A,N,N,A,A,N,A,A,N,A,A,A,A,N,N,A,N,A,N,N,A,N
ERG27,N,N,N,N,N,N,N,N,N,N,N,N,N,N,N,N,N,N,N,N,N,N,N,N,N,N,N,N,N,N,N,N
YKL5;TGL1,A,A,A,N,N,N,N,A,A,N,A,N,A,A,A,N,N,N,A,A,A,A,A,A,A,A,A,A,A,N,A,A
STC1;TGL4,N,N,A,N,N,N,N,N,N,N,A,N,N,N,A,N,A,A,N,N,N,N,A,A,N,N,N,N,N,N,N,N
ARE1;SAT2,A,A,A,N,N,A,A,N,N,N,A,N,A,N,A,A,N,N,N,A,A,A,N,A,A,N,A,A,A,A,A,N
ARE2;SAT1,A,A,A,N,N,A,A,N,N,N,A,N,A,N,A,A,N,N,N,A,A,A,N,A,A,N,A,A,A,A,A,N
ERG9,N,B,N,N,N,B,N,B,B,N,B,N,B,B,N,N,N,N,N,N,B,N,N,N,N,N,N,N,N,N,B,N
ERG1,N,B,N,N,N,N,N,N,B,N,B,N,B,N,N,N,N,B,B,N,B,N,N,B,N,N,N,N,N,N,B,N
