ADK,D,N,D,D,D,D,N,D,D,N,D,D,N,D,D,N,D,D,D,N,N,D,D,D,D,N,D,D,D,N,D,D
2,D,N,D,D,D,D,N,D,D,N,D,D,N,D,D,N,D,D,D,N,N,D,D,D,D,N,D,D,D,N,D,D
3,D,N,D,D,D,D,N,D,D,N,D,D,N,D,D,N,D,D,D,N,N,D,D,D,D,N,D,D,D,N,D,D
4,D,D,D,D,D,D,D,D,D,N,D,D,D,D,D,D,D,D,D,D,D,D,D,D,D,D,D,D,D,D,D,D
AMK2,D,N,D,D,D,D,N,D,D,N,D,D,N,D,D,N,D,D,D,N,N,D,D,D,D,N,D,D,D,N,D,D
6,D,N,D,D,D,D,N,D,D,N,D,D,N,D,D,N,D,D,D,N,N,D,D,D,D,N,D,D,D,N,D,D
ADK1,D,N,D,D,D,D,N,D,D,N,D,D,N,D,D,N,D,D,D,N,N,D,D,D,D,N,D,D,D,N,D,D
8,N,N,N,N,N,N,N,N,N,N,N,N,N,N,N,N,N,N,N,N,N,N,N,N,N,N,N,N,N,N,N,N
TPK1,N,D,N,D,N,N,N,N,D,N,D,N,D,N,N,D,N,N,N,N,N,N,D,N,N,N,N,D,N,N,D,N
TPK2,N,D,N,D,N,N,N,N,D,N,D,N,D,N,N,D,N,N,N,N,N,N,D,N,N,N,N,D,N,N,D,N
emb1688,N,N,N,N,N,N,N,N,N,N,N,N,N,N,N,N,N,N,N,N,N,N,N,N,N,N,N,N,N,N,N,N
NFS1,N,N,B,N,N,N,N,N,B,N,B,N,N,N,N,N,N,N,N,B,N,N,N,N,N,N,N,N,N,N,N,N
13,N,N,N,N,N,N,N,N,N,N,N,N,N,N,N,N,N,N,N,N,N,N,N,N,N,N,N,N,N,N,N,N
TH1,N,N,N,N,N,N,B,N,B,N,B,N,N,B,N,N,B,B,N,N,N,N,N,N,N,N,N,N,N,B,B,N
DXPS1,D,D,N,N,D,D,D,D,D,N,D,D,D,D,D,D,N,D,D,N,D,N,D,D,N,N,D,D,N,N,D,N
CLA1,D,D,N,N,D,D,D,D,D,N,D,D,D,D,D,D,N,D,D,N,D,N,D,D,N,N,D,D,N,N,D,N
DXPS3,D,N,N,N,D,N,D,D,D,N,D,N,N,D,D,D,N,D,D,N,N,N,N,D,N,N,D,N,N,N,D,N
THI1,N,N,N,N,N,N,N,N,N,N,N,N,N,N,N,N,N,N,N,N,N,N,N,N,N,N,N,N,N,N,N,N
THIC,N,N,N,N,N,N,N,N,N,N,N,N,N,N,N,N,N,N,N,N,N,N,N,N,N,N,N,N,N,N,N,N
20,N,N,N,N,N,N,N,N,N,N,N,N,N,N,N,N,N,N,N,N,N,N,N,N,N,N,N,N,N,N,N,N
