SCT1;GAT2,D,D,D,D,D,D,D,D,D,N,D,D,D,D,D,D,D,D,D,D,D,D,D,D,D,D,D,D,D,D,D,D
GAT1;GPT2,D,D,D,D,D,D,D,D,D,N,D,D,D,D,D,D,D,D,D,D,D,D,D,D,D,D,D,D,D,D,D,D
ALE1;LPT1;SLC4;LCA1,A,N,N,N,N,N,N,N,A,N,A,N,N,N,N,N,A,N,A,N,N,N,N,N,N,A,N,N,A,A,A,N
CPT1,A,A,A,N,A,A,N,N,A,N,A,N,A,N,A,N,A,A,N,A,A,N,A,A,A,A,A,N,A,A,A,N
PCT1;CCT1;BSR2,D,N,N,N,D,N,D,D,D,N,D,D,D,N,D,D,D,N,N,N,D,D,D,D,N,D,D,D,D,D,D,N
CKI1,N,A,N,A,N,N,N,N,A,N,A,A,N,A,N,N,N,N,A,N,N,N,N,A,N,A,N,N,N,N,A,N
ECT1;MUQ1,D,N,N,N,D,N,D,D,D,N,D,D,D,N,D,D,D,N,N,N,D,D,D,D,N,D,D,D,D,D,D,N
EKI1,N,A,N,A,N,N,N,N,A,N,A,A,N,A,N,N,N,N,A,N,N,N,N,A,N,A,N,N,N,N,A,N
STC1;TGL4,N,N,A,N,N,N,N,N,N,N,A,N,N,N,A,N,A,A,N,N,N,N,A,A,N,N,N,N,N,N,N,N
PGC1,N,N,N,N,D,N,N,D,D,N,D,N,N,N,D,N,N,N,N,N,N,N,N,N,N,D,N,N,N,N,D,D
ZRG1;DPP1,D,D,N,N,D,D,N,D,D,N,D,D,N,D,N,N,N,D,D,N,N,N,N,D,N,D,N,N,N,N,D,N
SMP2;PAH1,N,A,A,N,A,A,A,A,A,N,A,N,N,N,A,A,N,A,N,N,A,A,A,A,A,A,A,N,N,N,A,A
PLD1;SPO14,D,D,N,N,N,N,D,N,D,N,D,D,D,D,N,N,D,N,N,D,D,D,D,N,N,D,N,D,N,N,D,N
GDE1,D,D,D,D,D,D,D,D,D,N,D,D,D,D,D,D,D,D,D,D,D,D,D,D,D,D,D,D,D,D,D,D
CHO1;PSS1,N,N,N,N,N,N,N,N,N,N,N,N,N,N,N,N,N,N,N,N,N,N,N,N,N,N,N,N,N,N,N,N
SLC1,N,N,B,N,N,N,B,B,B,N,B,B,N,B,N,N,N,N,N,B,N,N,N,N,N,B,N,N,N,N,B,N
PIS1,N,N,N,N,N,N,N,N,N,N,N,N,N,N,N,N,N,N,N,N,N,N,N,N,N,N,N,N,N,N,N,N
DAR1;OSG1;HOR1;GPD1;OSR5,B,N,N,N,B,N,B,N,B,N,B,N,N,N,B,B,B,B,N,N,N,B,B,N,N,N,N,B,N,N,B,N
GPD3;GPD2,B,N,N,N,B,N,B,N,B,N,B,N,N,N,B,B,B,B,N,N,N,B,B,N,N,N,N,B,N,N,B,N
GUT2,N,B,B,B,B,N,N,B,B,N,B,B,B,B,B,B,N,B,B,B,N,N,B,N,N,N,N,N,B,N,B,B
GEP4,N,N,N,N,N,N,N,N,N,N,N,N,N,N,N,N,N,N,N,N,N,N,N,N,N,N,N,N,N,N,N,N
EPT1,A,A,A,N,A,A,N,N,A,N,A,N,A,N,A,N,A,A,N,A,A,N,A,A,A,A,A,N,A,A,A,N
NTE1,N,N,N,N,N,N,N,N,N,N,N,N,N,N,N,N,N,N,N,N,N,N,N,N,N,N,N,N,N,N,N,N
PLB2,N,B,B,N,N,N,N,N,N,N,B,N,B,B,N,N,N,N,N,N,N,N,N,B,B,N,N,N,N,N,N,N
PLB1,N,B,B,N,N,N,N,N,N,N,B,N,B,B,N,N,N,N,N,N,N,N,N,B,B,N,N,N,N,N,N,N
PLB3,N,B,B,N,N,N,N,N,N,N,B,N,B,B,N,N,N,N,N,N,N,N,N,B,B,N,N,N,N,N,N,N
CDS1;CDG1,B,N,B,N,N,N,B,B,B,N,B,N,N,N,N,B,N,N,N,N,N,N,N,N,N,N,N,B,N,N,B,N
AYR1;GBG1,D,D,D,D,D,D,D,D,D,N,D,D,D,D,D,D,D,D,D,D,D,D,D,D,D,D,D,D,D,D,D,D
PSD2,B,B,B,B,N,B,N,B,B,N,B,N,B,B,N,N,B,N,B,B,B,B,B,B,N,N,B,N,B,B,B,B
PSD1,N,B,B,B,B,N,N,B,B,N,B,N,N,B,N,N,N,B,B,N,N,N,N,B,N,N,B,B,N,B,B,N
CHO2;PEM1,A,A,A,N,A,A,A,N,N,N,N,N,N,N,N,N,N,N,A,N,N,N,N,A,A,N,N,A,N,A,N,N
YCL003W;PEL1;PGS1,B,N,B,N,N,N,N,N,N,N,B,N,N,N,B,N,N,N,B,N,N,N,B,N,N,B,N,B,N,B,B,N
CLS1;CRD1,N,N,N,N,N,N,N,N,N,N,N,N,N,N,N,N,N,N,N,N,N,N,N,N,N,N,N,N,N,N,N,N
TAZ1,N,N,A,N,N,N,N,N,A,N,N,N,N,N,N,N,N,A,A,A,A,N,N,N,N,A,A,N,N,N,A,N
CLD1,N,N,N,D,N,D,D,N,N,N,D,N,N,N,D,N,N,N,N,N,D,N,N,N,N,D,N,N,D,N,N,N
PEM2;OPI3,N,D,N,N,D,D,D,N,D,N,D,N,N,D,N,N,N,D,D,N,N,D,N,N,N,N,N,D,N,D,D,N
HSD1;DGK1,N,N,D,N,N,D,D,N,N,N,D,N,N,N,D,N,N,N,N,N,N,N,N,N,N,N,N,N,N,N,N,N
