erg2,N,N,N,N,N,N,N,N,N,N,N,N,N,N,N,N,N,N,N,N,N,N,N,N,N,N,N,N,N,N,N,N
2,A,A,N,N,N,N,A,N,A,N,A,N,A,A,N,N,N,A,N,A,A,N,N,N,N,N,N,N,N,N,N,N
CYP51,D,D,D,D,D,D,D,D,D,N,D,D,D,D,D,D,D,D,D,D,D,D,D,D,D,D,N,D,D,D,D,D
4,D,D,D,N,D,D,D,D,D,N,D,N,D,D,D,N,D,N,D,N,D,D,D,D,N,N,D,D,N,D,D,N
erg24,D,D,D,N,D,D,D,D,D,N,D,N,D,D,D,N,D,N,D,N,D,D,D,D,N,N,D,D,N,D,D,N
smt1,N,D,D,N,D,N,D,N,D,N,D,N,N,D,N,N,D,D,D,N,N,D,N,D,N,D,N,N,N,N,N,D
cas1,B,B,N,N,B,N,N,N,B,N,B,B,N,N,B,B,N,B,N,N,B,N,N,N,N,N,N,N,N,N,N,B
8,B,N,N,N,N,N,N,N,B,N,N,N,N,B,N,N,N,N,N,N,N,N,N,N,N,N,N,N,N,N,B,N
9,B,N,N,N,N,N,N,N,B,N,N,N,N,B,N,N,N,N,N,N,N,N,N,N,N,N,N,N,N,N,B,N
CYP524A1,D,D,D,N,D,D,D,D,D,N,D,N,D,D,D,D,D,D,D,D,D,D,D,D,N,D,N,D,D,N,D,D
11,A,A,A,N,A,A,N,N,A,N,A,N,N,A,A,N,A,A,N,A,A,A,A,N,N,A,N,A,N,N,A,N
12,A,A,A,N,N,N,N,A,A,N,A,N,A,A,A,N,N,N,A,A,A,A,A,A,A,A,A,A,A,N,A,A
13,A,A,A,N,N,N,N,A,A,N,A,N,A,A,A,N,N,N,A,A,A,A,A,A,A,A,A,A,A,N,A,A
14,A,A,A,N,N,N,N,A,A,N,A,N,A,A,A,N,N,N,A,A,A,A,A,A,A,A,A,A,A,N,A,A
15,A,A,A,N,A,A,N,N,A,N,A,N,N,A,A,N,A,A,N,A,A,A,A,N,N,A,N,A,N,N,A,N
fdfT,N,B,N,N,N,B,N,B,B,N,B,N,B,B,N,N,N,N,N,N,B,N,N,N,N,N,N,N,N,N,B,N
sqle,N,B,N,N,N,N,N,N,B,N,B,N,B,N,N,N,N,B,B,N,B,N,N,B,N,N,N,N,N,N,B,N
