SSC2;ELOVL2,A,A,A,N,A,A,A,N,N,N,A,A,A,A,N,A,A,A,A,A,N,A,A,A,A,A,A,A,N,A,A,N
HSD17B12;KAR;SDR12C1,D,D,D,D,D,D,D,D,D,N,D,D,D,D,D,D,D,D,D,D,D,D,D,D,D,D,D,D,D,D,D,D
HACD2;PTPLB,A,A,A,A,A,A,A,A,A,N,A,A,A,A,N,A,A,A,A,N,A,A,A,A,N,A,A,N,N,A,A,A
HACD4;PTPLAD2,A,A,A,A,A,A,A,A,A,N,A,A,A,A,N,A,A,A,A,N,A,A,A,A,N,A,A,N,N,A,A,A
HSPC121;BIND1;PTPLAD1;HACD3;B-IND1,A,A,A,A,A,A,A,A,A,N,A,A,A,A,N,A,A,A,A,A,A,A,A,A,N,A,A,N,A,A,A,A
CAP;HACD1;PTPLA,A,A,A,A,A,A,A,A,A,N,A,A,A,A,N,A,A,A,A,N,A,A,A,A,N,A,A,N,N,A,A,A
DCRRP;PVIARL;HSA250303;SDR29C1;TERP;PECR;HPDHASE,D,D,D,D,D,D,D,D,D,N,D,D,D,D,D,D,D,D,D,D,D,D,D,D,D,D,D,D,D,D,D,D
GPSN2;TECR;SC2;TER;MRT14,A,N,A,A,A,N,N,N,A,N,A,N,N,A,N,A,A,N,A,N,A,N,N,A,N,A,A,A,N,N,N,A
PTHIO;ACAA1;ACAA;THIO,D,N,D,N,D,D,D,N,D,N,D,D,D,D,D,N,D,D,D,N,D,D,D,N,D,D,N,D,N,D,D,N
ECHA;MTPA;TP-ALPHA;HADHA;GBP;LCHAD;LCEH;HADH,D,D,D,N,N,N,D,D,D,N,D,D,D,D,D,D,D,D,D,D,D,D,D,D,N,D,N,D,D,N,D,D
PALMCOX;SCOX;ACOX;ACOX1,N,N,N,N,N,N,N,A,N,N,A,N,N,N,N,N,N,N,A,N,A,N,N,N,N,N,N,N,N,N,N,N
ACOX3,N,N,N,N,N,N,N,A,N,N,A,N,N,N,N,N,N,N,A,N,A,N,N,N,N,N,N,N,N,N,N,N
PTE2;ACOT2;CTE-IA;PTE2A;MTE1;ZAP128;CTE1A,N,N,N,N,N,N,N,N,N,N,N,N,N,N,N,N,N,N,N,N,N,N,N,N,N,N,N,N,N,N,N,N
ACOT7;BACH;ACT;LACH1;LACH;CTE-II;ACH1;hBACH,N,N,N,N,N,N,N,N,N,N,N,N,N,N,N,N,N,N,N,N,N,N,N,N,N,N,N,N,N,N,N,N
PTE2B;PTE1B;PTE-Ib;ACOT4,N,N,N,N,N,N,N,N,N,N,N,N,N,N,N,N,N,N,N,N,N,N,N,N,N,N,N,N,N,N,N,N
BAT;BACAT;BAAT,N,N,N,N,N,N,N,N,N,N,N,N,N,N,N,N,N,N,N,N,N,N,N,N,N,N,N,N,N,N,N,N
CTE-1;LACH2;ACH2;ACOT1,N,N,N,N,N,N,N,N,N,N,N,N,N,N,N,N,N,N,N,N,N,N,N,N,N,N,N,N,N,N,N,N
FAE;LCE;ELOVL6;FACE,A,A,A,N,A,A,A,N,N,N,A,A,A,A,N,A,A,A,A,A,N,A,A,A,A,A,A,A,N,A,A,N
hSCD1;MSTP008;SCDOS;SCD;SCD1;FADS5,B,B,B,N,B,B,B,B,B,N,B,B,B,B,B,B,B,N,N,B,B,N,B,B,N,B,N,B,N,N,B,B
SCD4;ACOD4;HSCD5;FADS4;SCD2;SCD5,B,B,B,N,B,B,B,B,B,N,B,B,B,B,B,B,B,N,N,B,B,N,B,B,N,B,N,B,N,N,B,B
FADS2;SLL0262;LLCDL2;DES6;TU13;D6D;FADSD6,D,D,D,D,D,D,D,D,D,N,D,D,D,D,D,D,D,D,D,D,D,D,D,D,D,D,N,D,D,D,D,D
HELO1;ELOVL5;dJ483K16.1;SCA38,A,A,A,N,A,A,A,N,N,N,A,A,A,A,N,A,A,A,A,A,N,A,A,A,A,A,A,A,N,A,A,N
FADSD5;FADS6;LLCDL1;FADS1;TU12;D5D,D,D,D,D,D,D,D,D,D,N,D,D,D,D,D,D,D,D,D,D,D,D,D,D,D,D,N,D,D,D,D,D
