SOX,D,D,D,D,D,D,D,D,D,N,D,D,D,D,D,D,D,D,D,D,D,D,D,D,D,D,N,D,D,D,D,D
SIR,N,N,N,N,N,N,N,N,N,N,N,N,N,N,N,N,N,N,N,N,N,N,N,N,N,N,N,N,N,N,N,N
3,N,N,N,N,N,N,N,D,D,N,D,D,D,N,D,D,N,N,D,D,N,N,N,N,N,N,D,N,N,N,D,N
4,N,N,D,N,N,N,N,D,D,N,D,D,D,N,D,D,D,N,D,D,N,N,N,D,N,N,D,N,N,N,D,N
HL,N,N,N,N,N,N,N,D,D,N,D,D,D,N,D,D,N,N,D,D,N,N,N,N,N,N,D,N,N,N,D,N
SAL1,N,N,N,N,N,N,N,D,D,N,D,D,D,N,D,D,N,N,D,D,N,N,N,N,N,N,D,N,N,N,D,N
7,N,N,N,N,N,N,N,D,D,N,D,D,D,N,D,D,N,N,D,D,N,N,N,N,N,N,D,N,N,N,D,N
SAL2,N,N,N,N,N,N,N,D,D,N,D,D,D,N,D,D,N,N,D,D,N,N,N,N,N,N,D,N,N,N,D,N
APS2,N,A,A,N,N,N,N,N,A,N,N,N,N,N,A,N,N,N,N,N,N,N,N,N,N,N,N,N,A,N,A,N
APK,N,N,N,N,N,N,N,N,N,N,N,N,N,N,N,N,N,N,N,N,N,N,N,N,N,N,N,N,N,N,N,N
APK3,N,N,N,N,N,N,N,N,N,N,N,N,N,N,N,N,N,N,N,N,N,N,N,N,N,N,N,N,N,N,N,N
APS1,N,A,A,N,N,N,N,N,A,N,N,N,N,N,A,N,N,N,N,N,N,N,N,N,N,N,N,N,A,N,A,N
APS3,N,A,A,N,N,N,N,N,A,N,N,N,N,N,A,N,N,N,N,N,N,N,N,N,N,N,N,N,A,N,A,N
AKN2,N,N,N,N,N,N,N,N,N,N,N,N,N,N,N,N,N,N,N,N,N,N,N,N,N,N,N,N,N,N,N,N
APS4,N,A,A,N,N,N,N,N,A,N,N,N,N,N,A,N,N,N,N,N,N,N,N,N,N,N,N,N,A,N,A,N
APK4,N,N,N,N,N,N,N,N,N,N,N,N,N,N,N,N,N,N,N,N,N,N,N,N,N,N,N,N,N,N,N,N
APR2,D,D,D,D,D,D,D,D,D,N,D,D,D,D,D,D,D,D,D,D,D,D,D,D,D,D,D,D,D,D,D,D
APR1,D,D,D,D,D,D,D,D,D,N,D,D,D,D,D,D,D,D,D,D,D,D,D,D,D,D,D,D,D,D,D,D
APR3,D,D,D,D,D,D,D,D,D,N,D,D,D,D,D,D,D,D,D,D,D,D,D,D,D,D,D,D,D,D,D,D
GLY3,D,N,N,N,N,N,D,D,D,N,D,N,N,N,N,N,D,D,N,N,N,N,N,N,N,N,N,N,N,N,D,D
RDH2,D,N,N,N,N,N,D,D,D,N,D,N,N,N,N,N,D,D,N,N,N,N,N,N,N,N,N,N,N,N,D,D
MST1,D,N,N,N,N,N,D,D,D,N,D,N,N,N,N,N,D,D,N,N,N,N,N,N,N,N,N,N,N,N,D,D
23,N,D,N,N,N,D,N,D,D,N,D,N,D,N,N,D,D,N,D,N,D,N,N,D,N,N,N,D,N,N,N,N
OASB,N,D,N,N,N,D,N,D,D,N,D,N,D,N,N,D,D,N,D,N,D,N,N,D,N,N,N,D,N,N,N,N
CS26,N,D,N,N,N,D,N,D,D,N,D,N,D,N,N,D,D,N,D,N,D,N,N,D,N,N,N,D,N,N,N,N
CYSD1,N,D,N,N,N,D,N,D,D,N,D,N,D,N,N,D,D,N,D,N,D,N,N,D,N,N,N,D,N,N,N,N
OASA2,N,D,N,N,N,D,N,D,D,N,D,N,D,N,N,D,D,N,D,N,D,N,N,D,N,N,N,D,N,N,N,N
OASC,N,D,N,N,N,D,N,D,D,N,D,N,D,N,N,D,D,N,D,N,D,N,N,D,N,N,N,D,N,N,N,N
CYSC1,N,D,N,N,N,D,N,D,D,N,D,N,D,N,N,D,D,N,D,N,D,N,N,D,N,N,N,D,N,N,N,N
OASA1,N,D,N,N,N,D,N,D,D,N,D,N,D,N,N,D,D,N,D,N,D,N,N,D,N,N,N,D,N,N,N,N
CYSD2,N,D,N,N,N,D,N,D,D,N,D,N,D,N,N,D,D,N,D,N,D,N,N,D,N,N,N,D,N,N,N,N
DES1,N,D,N,N,N,D,N,D,D,N,D,N,D,N,N,D,D,N,D,N,D,N,N,D,N,N,N,D,N,N,N,N
SERAT2;1,N,N,N,N,N,N,N,N,N,N,N,N,N,N,N,N,N,N,N,N,N,N,N,N,N,N,N,N,N,N,N,N
ATSERAT3;1,N,N,N,N,N,N,N,N,N,N,N,N,N,N,N,N,N,N,N,N,N,N,N,N,N,N,N,N,N,N,N,N
SERAT2;2,N,N,N,N,N,N,N,N,N,N,N,N,N,N,N,N,N,N,N,N,N,N,N,N,N,N,N,N,N,N,N,N
SERAT3;2,N,N,N,N,N,N,N,N,N,N,N,N,N,N,N,N,N,N,N,N,N,N,N,N,N,N,N,N,N,N,N,N
SERAT1;1,N,N,N,N,N,N,N,N,N,N,N,N,N,N,N,N,N,N,N,N,N,N,N,N,N,N,N,N,N,N,N,N
CYTC-1,N,B,B,N,N,B,N,N,B,N,B,N,N,B,N,B,N,N,B,N,B,N,N,B,B,B,N,B,B,N,B,B
CYTC-2,N,B,B,N,N,B,N,N,B,N,B,N,N,B,N,B,N,N,B,N,B,N,N,B,B,B,N,B,B,N,B,B
40,N,N,D,N,D,N,D,D,N,N,N,N,N,D,D,N,D,N,N,N,N,N,N,D,N,N,N,N,D,N,N,N
MTO1,N,N,D,N,D,N,D,D,N,N,N,N,N,D,D,N,D,N,N,N,N,N,N,D,N,N,N,N,D,N,N,N
