ARG1,D,N,N,N,N,N,N,N,N,N,D,D,D,N,N,N,D,N,N,N,D,N,N,D,N,N,N,N,N,N,N,N
ARG2,D,N,N,N,N,N,N,N,N,N,D,D,D,N,N,N,D,N,N,N,D,N,N,D,N,N,N,N,N,N,N,N
AT;AGAT;GATM;CCDS3,N,N,N,N,N,N,N,N,N,N,N,N,N,N,N,N,N,N,N,N,N,N,N,N,N,N,N,N,N,N,N,N
DAO;ABP;KAO;DAO1;ABP1;AOC1,N,N,N,N,N,N,N,N,B,N,B,N,N,N,B,N,N,N,N,B,N,N,N,N,N,N,N,B,N,N,N,N
ALDH-E2;ALDM;ALDH2;ALDHI,D,D,D,N,D,D,D,D,D,N,D,D,D,D,D,D,D,D,D,D,D,D,D,D,D,D,D,D,D,D,D,N
ALDH1B1;ALDHX;ALDH5,D,D,D,N,D,D,D,D,D,N,D,D,D,D,D,D,D,D,D,D,D,D,D,D,D,D,D,D,D,D,D,N
E3;ALDH7;TMABADH;ALDH4;ALDH9;ALDH9A1,D,D,D,N,D,D,D,D,D,N,D,D,D,D,D,D,D,D,D,D,D,D,D,D,D,D,D,D,D,D,D,N
ALDH10;FALDH;ALDH3A2;SLS,D,D,D,N,D,D,D,D,D,N,D,D,D,D,D,D,D,D,D,D,D,D,D,D,D,D,D,D,D,D,D,N
ATQ1;ALDH7A1;PDE;EPD,D,D,D,N,D,D,D,D,D,N,D,D,D,D,D,D,D,D,D,D,D,D,D,D,D,D,D,D,D,D,D,N
PAPT;SRM;SPS1;SPDSY;SRML1,D,N,D,N,N,N,N,D,D,N,D,D,N,N,N,N,N,D,N,D,N,N,N,N,D,D,D,N,N,N,D,N
AMD;AMD1;ADOMETDC;SAMDC,N,B,B,N,B,B,N,N,B,N,B,N,N,B,N,N,B,B,N,N,N,N,N,B,B,B,N,N,N,B,B,B
SMS;MRSR;SPMSY;SRS;SpS,D,N,D,N,N,N,N,D,D,N,D,D,N,N,N,N,N,D,N,D,N,N,N,N,D,D,D,N,N,N,D,N
SSAT2;SAT2,N,N,B,N,N,N,N,N,N,N,B,N,N,N,B,N,N,N,N,N,N,N,N,N,N,N,N,N,N,B,B,N
SAT1;SAT;DC21;KFSD;KFSDX;SSAT-1;SSAT,N,N,B,N,N,N,N,N,N,N,B,N,N,N,B,N,N,N,N,N,N,N,N,N,N,N,N,N,N,B,B,N
MAO-A;MAOA;BRNRS,B,N,N,N,N,N,N,B,N,N,B,N,N,B,N,N,N,N,N,N,B,N,B,N,N,N,N,N,N,N,B,N
MAOB,N,B,N,N,N,N,N,B,N,N,B,N,B,B,N,N,N,N,N,N,N,N,B,N,N,N,N,N,N,N,N,N
ATPGD1;CARNS1,N,N,N,N,N,N,N,N,N,N,N,N,N,N,N,N,N,N,N,N,N,N,N,N,N,N,N,N,N,N,N,N
CN2;HsT2298;HEL-S-13;CPGL;CNDP2;PEPA,N,N,N,N,N,N,N,N,N,N,N,N,N,N,N,N,N,N,N,N,N,N,N,N,N,N,N,N,N,N,N,N
GAMT;TP53I2;HEL-S-20;CCDS2;PIG2,D,D,D,D,D,D,D,D,D,N,D,D,D,D,D,D,D,D,D,D,D,D,D,D,D,D,D,D,D,D,D,D
CKBB;B-CK;HEL-211;CKB;HEL-S-29;BCK,A,N,N,N,A,N,N,A,N,N,A,N,A,N,A,N,N,N,N,A,N,N,N,N,N,N,N,N,N,N,N,N
CKMM;M-CK;CKM,A,N,N,N,A,N,N,A,N,N,A,N,A,N,A,N,N,N,N,A,N,N,N,N,N,N,N,N,N,N,N,N
CKMT1B;CKMT;CKMT1;UMTCK,A,N,N,N,A,N,N,A,N,N,A,N,A,N,A,N,N,N,N,A,N,N,N,N,N,N,N,N,N,N,N,N
CKMT2;SMTCK,A,N,N,N,A,N,N,A,N,N,A,N,A,N,A,N,N,N,N,A,N,N,N,N,N,N,N,N,N,N,N,N
U-MtCK;mia-CK;CKMT1A;CKMT1,A,N,N,N,A,N,N,A,N,N,A,N,A,N,A,N,N,N,N,A,N,N,N,N,N,N,N,N,N,N,N,N
AZI2;ODC-p;AZIB1;ADC;AZIN2;ODC1L;ODCp,N,N,N,N,N,N,N,N,N,N,N,N,N,N,N,N,N,N,N,N,N,N,N,N,N,N,N,N,N,N,N,N
AGMAT,D,N,N,N,N,N,N,N,N,N,D,D,D,N,N,N,D,N,N,N,D,N,N,D,N,N,N,N,N,N,N,N
CPGL2;HsT2308;CN1;CNDP1,N,N,N,N,N,N,N,N,N,N,N,N,N,N,N,N,N,N,N,N,N,N,N,N,N,N,N,N,N,N,N,N
PAO1;PAOH;PAO;PAO-1;C20orf16;PAOH1;SMO;SMOX,B,N,N,N,N,N,N,N,B,N,B,N,N,B,N,N,N,N,N,N,B,N,B,N,N,N,N,B,N,N,B,N
IHPS1;NC-NOS;nNOS;NOS;bNOS;NOS1;N-NOS,B,B,B,B,B,N,B,B,N,N,B,N,B,B,B,B,B,B,N,N,B,B,N,N,N,B,N,N,B,B,B,B
INOS;NOS;NOS2A;HEP-NOS;NOS2,B,B,B,B,B,N,B,B,N,N,B,N,B,B,B,B,B,B,N,N,B,B,N,N,N,B,N,N,B,B,B,B
NOS3;ECNOS;eNOS,B,B,B,B,B,N,B,B,N,N,B,N,B,B,B,B,B,B,N,N,B,B,N,N,N,B,N,N,B,B,B,B
HOGA;OATASE;OKT;OAT;GACR,D,D,D,N,N,D,N,D,D,N,D,D,D,D,D,D,D,D,D,D,D,D,D,D,N,D,D,D,D,D,D,D
PYCR2;P5CR2;HLD10,N,N,N,N,N,N,B,N,N,N,B,N,N,N,N,B,N,N,N,N,B,N,B,B,N,N,B,N,N,N,B,N
P5CR;P5C;PIG45;ARCL3B;PP222;PRO3;PYCR1;PYCR;ARCL2B,N,N,N,N,N,N,B,N,N,N,B,N,N,N,N,B,N,N,N,N,B,N,B,B,N,N,B,N,N,N,B,N
PYCRL;PYCR3,N,N,N,N,N,N,B,N,N,N,B,N,N,N,N,B,N,N,N,N,B,N,B,B,N,N,B,N,N,N,B,N
P5CD;ALDH4;ALDH4A1;P5CDh,D,D,D,N,D,D,D,D,D,N,D,D,D,D,D,D,D,D,D,D,D,D,D,D,D,D,D,N,N,D,D,N
GSAS;SPG9A;ADCL3;P5CS;ARCL3A;SPG9;SPG9B;ALDH18A1;PYCS,N,N,D,N,D,D,D,D,N,N,D,N,D,D,D,D,D,N,D,N,N,N,D,D,D,N,N,N,N,N,D,N
38,N,B,B,N,N,N,B,N,B,N,B,N,N,B,N,N,N,B,N,N,N,N,N,B,N,N,N,N,N,N,B,N
PIG6;PRODH1;PRODH;PRODH2;TP53I6;HSPOX2;POX,N,B,B,N,N,N,B,N,B,N,B,N,N,B,N,N,N,B,N,N,N,N,N,B,N,N,N,N,N,N,B,N
DAO;OXDA;DAMOX;DAAO,N,N,N,N,N,N,N,N,N,N,N,N,N,N,N,N,N,N,N,N,N,N,N,N,N,N,N,N,N,N,N,N
P4HA3,D,D,D,N,N,N,N,D,D,N,D,N,D,D,N,N,D,D,D,D,N,D,D,N,D,D,N,N,D,N,D,D
P4HA;P4HA1,D,D,D,N,N,N,N,D,D,N,D,N,D,D,N,N,D,D,D,D,N,D,D,N,D,D,N,N,D,N,D,D
MYP25;P4HA2,D,D,D,N,N,N,N,D,D,N,D,N,D,D,N,N,D,D,D,D,N,D,D,N,D,D,N,N,D,N,D,D
HSPOX1;HYPDH;PRODH2,N,B,B,N,N,N,B,N,B,N,B,N,N,B,N,N,N,B,N,N,N,N,N,B,N,N,N,N,N,N,B,N
ASTQTL1;AST1;cAspAT;cCAT;GIG18;GOT1,N,N,D,D,N,N,D,D,N,N,D,N,D,N,N,D,D,N,N,D,D,N,N,N,D,D,N,N,N,N,D,N
mitAAT;KYAT4;KAT4;KATIV;GOT2,N,N,D,D,N,N,D,D,N,N,D,N,D,N,N,D,D,N,N,D,D,N,N,N,D,D,N,N,N,N,D,N
HOGA1;DHDPSL;NPL2;HP3;DHDPS2;C10orf65,D,N,N,N,D,D,N,D,N,N,D,N,D,N,N,D,N,N,N,N,N,N,N,N,N,N,N,N,N,N,D,D
L3HYPDH;C14orf149,N,N,N,N,N,N,N,N,N,N,N,N,N,N,N,N,N,N,N,N,N,N,N,N,N,N,N,N,N,N,N,N
PEPS;HEL-S-106;LAP;LAPEP;LAP3,N,D,N,N,D,D,D,D,D,N,D,N,D,N,D,D,D,D,D,D,D,D,D,D,N,D,D,D,N,D,D,D
ODC1;ODC,N,N,N,N,N,N,N,N,N,N,N,N,N,N,N,N,N,N,N,N,N,N,N,N,N,N,N,N,N,N,N,N
