rbm8A,B,B,B,B,B,B,B,B,B,N,B,B,B,B,B,B,B,B,B,B,B,B,B,B,B,B,B,B,B,B,B,B
magoh,A,A,N,N,A,N,N,A,A,N,A,A,A,A,A,A,A,A,A,A,A,A,A,A,N,A,N,N,A,A,A,A
tifA,D,D,D,D,D,D,D,D,D,D,D,D,D,D,D,D,D,D,D,D,D,D,D,D,D,D,D,D,D,D,D,D
4,A,A,N,N,N,N,N,A,A,N,A,N,N,A,N,N,N,N,A,N,N,N,N,N,N,N,N,N,A,N,A,N
srrm1,N,N,N,N,N,N,N,N,A,N,A,A,N,N,N,N,N,N,N,N,A,N,N,A,N,N,N,N,N,N,A,N
6,N,N,N,N,A,N,N,N,N,N,A,N,N,N,A,N,N,N,N,N,N,N,N,N,N,A,N,N,A,N,A,A
7,D,D,D,D,D,N,D,D,D,D,D,N,D,D,D,D,D,D,D,N,D,D,D,D,D,D,D,D,D,D,D,D
8,A,N,N,N,A,N,N,A,N,N,N,N,A,N,N,N,N,N,N,A,A,A,N,N,N,N,N,N,N,N,A,N
ncbp1,N,N,N,N,N,N,N,N,N,N,N,N,N,N,N,N,N,N,N,N,N,N,N,N,N,N,N,N,N,N,N,N
uap56,D,D,D,D,D,D,D,D,D,D,D,D,D,D,D,D,D,D,D,D,D,D,D,D,D,D,D,D,D,D,D,D
upf1,D,D,D,D,D,D,D,D,D,D,D,D,D,D,D,D,D,D,D,D,D,D,D,D,D,D,D,D,D,D,D,N
12,N,A,N,N,N,N,A,N,N,N,N,N,N,N,N,N,A,N,N,N,A,N,N,N,N,A,N,N,N,N,N,N
smg1,A,A,A,A,A,A,N,A,A,A,A,A,A,A,A,A,A,A,A,A,A,A,A,A,A,A,A,A,A,A,A,A
erf1,C,N,N,C,N,N,C,N,N,C,C,C,N,C,N,C,C,N,N,C,C,C,C,N,N,N,N,C,C,C,N,C
eRF3,D,D,D,D,D,D,D,D,D,D,D,D,D,D,D,D,D,D,D,N,D,N,D,D,N,D,D,D,D,N,D,D
16,A,N,A,A,A,N,A,N,A,N,A,N,N,A,A,A,N,N,A,A,A,N,N,N,N,A,N,N,A,N,A,N
17,A,N,A,A,A,N,A,N,A,N,A,N,N,A,A,A,N,N,A,A,A,N,N,N,N,A,N,N,A,N,A,N
18,A,A,N,N,N,N,A,A,A,A,N,N,N,A,N,N,N,N,A,N,A,N,A,N,N,A,N,N,N,N,A,N
papA,D,D,D,N,D,D,D,D,D,N,D,D,D,D,D,D,D,D,D,D,D,D,D,N,D,D,D,D,N,N,D,N
clp1,N,N,C,N,C,C,C,N,N,N,N,C,N,N,N,N,C,N,N,N,N,N,C,N,N,N,N,N,N,N,N,C
fip1l1,N,A,N,N,N,N,A,N,A,N,A,N,N,N,N,N,N,N,A,N,N,N,A,N,A,A,N,N,N,A,N,A
cpsf3,N,N,N,N,N,N,N,N,B,N,B,N,N,B,N,N,N,N,N,N,B,N,N,N,B,N,N,N,N,N,B,N
cpsf2,N,N,N,N,N,N,N,N,B,N,B,N,N,B,N,N,N,N,N,N,B,N,N,N,B,N,N,N,N,N,B,N
cpsf1,A,A,A,N,A,A,N,A,A,A,A,A,N,A,A,A,A,A,A,A,N,N,A,A,N,N,A,A,A,N,A,N
cpsf4,A,N,N,N,N,N,A,N,A,N,A,N,N,A,N,N,N,N,A,A,N,A,A,N,N,A,A,N,A,N,A,N
cstf1,D,D,D,D,D,D,D,D,D,D,D,D,D,D,D,D,D,D,D,D,D,D,D,D,D,D,D,D,D,D,D,D
cstf2,B,B,B,B,B,B,B,B,B,N,B,B,B,B,B,B,B,B,B,B,B,B,B,B,B,B,B,B,B,B,B,B
cstf3,A,A,A,N,A,A,N,A,A,N,A,A,N,N,N,A,A,A,A,A,A,N,A,A,N,A,A,N,A,N,A,A
sympk,N,A,N,N,N,N,N,N,A,N,N,N,N,A,N,A,N,N,N,N,N,N,N,N,N,N,N,N,N,N,A,N
ncbp2,B,B,B,B,B,B,B,B,B,N,B,B,B,B,B,B,B,B,B,B,B,B,B,B,B,B,B,B,B,B,B,B
pabpn1,B,N,B,N,N,N,B,N,B,N,B,N,B,B,B,B,N,B,B,N,B,N,B,B,B,B,N,B,N,N,B,B
pabpc1B,B,B,B,B,B,B,B,B,B,N,B,B,B,B,B,B,B,B,B,B,B,B,B,B,B,B,B,B,B,B,B,B
pabpc1A,B,B,B,B,B,B,B,B,B,N,B,B,B,B,B,B,B,B,B,B,B,B,B,B,B,B,B,B,B,B,B,B
34,A,N,N,N,A,A,N,N,A,N,A,A,N,N,N,A,N,N,N,N,N,N,N,N,N,A,A,N,N,A,A,N
psrA,N,A,A,N,N,N,N,A,A,N,A,A,N,N,N,N,A,A,N,A,N,N,A,N,N,A,N,N,N,N,A,A
pppA,N,N,A,A,A,A,A,N,A,N,A,N,A,N,N,N,A,N,N,A,A,A,N,N,N,A,A,A,N,N,A,N
phr2AB,D,D,D,D,D,D,D,D,D,D,D,D,D,D,D,D,D,D,D,D,D,D,D,D,D,D,D,D,D,D,D,D
pho2A,D,D,D,D,D,D,D,D,D,N,D,D,D,D,D,D,D,D,D,D,D,D,D,D,D,D,D,D,D,D,D,D
39,D,D,D,D,D,D,D,D,D,D,D,D,D,D,D,D,D,D,D,D,D,D,D,D,D,D,D,D,D,D,D,D
HBS1,D,D,D,D,D,D,D,D,D,D,D,D,D,D,D,D,D,D,D,N,D,N,D,D,N,D,D,D,D,N,D,D
pelo,C,N,N,N,N,N,N,N,N,N,C,C,N,C,N,N,C,N,N,N,C,C,C,N,N,N,N,C,N,N,N,C
42,B,B,B,B,B,B,B,B,B,N,B,B,B,B,B,B,B,B,B,B,B,B,B,B,B,B,B,B,B,B,B,B
43,D,D,D,D,D,D,D,D,D,D,D,D,D,D,D,D,D,D,D,D,D,D,D,D,D,D,D,D,D,D,D,D
44,D,D,D,D,D,D,D,D,D,D,D,D,D,D,D,D,D,D,D,D,D,D,D,D,D,D,D,D,D,D,D,D
pppB,D,D,D,D,D,D,D,D,D,N,D,D,D,D,D,D,D,D,D,D,D,D,D,D,D,D,D,D,D,D,D,D
46,D,D,D,D,D,D,D,D,D,N,D,D,D,D,D,D,D,D,D,D,D,D,D,D,D,D,D,D,D,D,D,D
