RNA5;PRP5,D,D,D,D,D,D,D,D,D,D,D,D,D,D,D,D,D,D,D,D,D,D,D,D,D,D,D,D,D,D,D,D
SUB2,D,D,D,D,D,D,D,D,D,D,D,D,D,D,D,D,D,D,D,D,D,D,D,D,D,D,D,D,D,D,D,D
SNP1,B,B,B,B,B,B,B,B,B,N,B,B,B,B,B,B,B,B,B,B,B,B,B,B,B,B,B,B,B,B,B,B
YHC1,N,N,N,N,N,N,N,N,N,N,N,N,N,N,N,N,N,N,N,N,N,N,N,N,N,N,N,N,N,N,N,N
RNA2;PRP2,D,D,D,D,D,D,D,D,D,D,D,D,D,D,D,D,D,D,D,D,D,D,D,D,D,D,D,D,D,D,D,D
PRP16;PRP23;RNA16,D,D,D,D,D,D,D,D,D,D,D,D,D,D,D,D,D,D,D,D,D,D,D,D,D,D,D,D,D,D,D,D
PRP17;SLU4;CDC40;SLT15,D,D,D,D,D,D,D,D,D,D,D,D,D,D,D,D,D,D,D,D,D,D,D,D,D,D,D,D,D,D,D,D
PRP40,N,A,A,N,A,N,A,A,A,N,A,A,A,A,N,N,A,A,A,N,A,N,A,N,N,A,N,N,N,N,A,A
PRP22,D,D,D,D,D,D,D,D,D,D,D,D,D,D,D,D,D,D,D,D,D,D,D,D,D,D,D,D,D,D,D,D
PRP43,D,D,D,D,D,D,D,D,D,D,D,D,D,D,D,D,D,D,D,D,D,D,D,D,D,D,D,D,D,D,D,D
SMB1,C,C,C,C,C,C,C,C,C,N,C,C,C,C,N,C,C,C,C,C,C,C,C,C,C,N,C,C,C,C,C,C
YFL018W-A;SMX2;SNP2,C,C,C,C,C,C,C,C,C,C,C,C,C,N,N,N,C,C,C,C,C,N,N,C,C,C,C,C,C,C,C,C
SMD1;SPP92,C,C,C,C,N,C,C,C,C,N,C,C,C,C,N,N,C,N,C,N,C,N,N,N,C,N,C,C,C,N,C,C
SLT16;SMD3,D,D,D,D,D,D,D,D,D,D,D,D,D,D,D,D,D,D,D,D,D,N,N,D,D,D,D,D,D,N,D,D
SMD2,C,C,C,C,N,C,C,C,C,N,C,C,C,C,C,C,C,C,C,N,C,C,N,C,C,N,C,C,C,C,C,C
SME1,D,D,D,D,D,D,D,D,D,D,D,N,D,N,N,D,D,D,D,N,D,N,N,D,N,D,N,N,D,D,D,D
SMX3,D,D,D,D,D,D,D,D,D,D,D,D,D,D,D,D,D,D,D,D,D,D,D,D,D,D,N,D,D,N,D,D
DBP2,D,D,D,D,D,D,D,D,D,D,D,D,D,D,D,D,D,D,D,D,D,D,D,D,D,D,D,D,D,D,D,D
LEA1,D,D,D,D,D,D,D,D,D,N,D,D,D,D,D,D,D,D,D,D,D,D,D,D,D,D,D,D,D,D,D,D
PRP9,N,N,N,N,A,A,N,N,N,N,N,A,N,N,A,A,A,A,A,N,N,N,A,N,A,N,A,N,N,N,N,A
PRP11;RNA11,A,A,N,N,N,N,A,A,A,N,A,N,N,A,A,A,A,A,A,A,A,N,N,A,N,A,A,A,A,A,N,A
RSE1,A,A,A,N,N,A,N,N,A,A,A,A,N,A,A,A,A,A,A,A,N,N,A,A,N,N,A,A,A,N,A,N
CUS1,D,D,D,D,D,D,D,D,D,N,D,D,D,D,D,D,D,D,D,D,D,D,D,D,D,D,D,D,D,D,D,D
HSH155,A,A,N,N,N,N,A,N,N,N,A,N,N,N,N,N,A,N,N,A,A,N,N,N,A,A,N,N,N,N,N,N
YSF3;RCP10,N,N,N,N,N,N,N,N,N,N,N,N,N,N,N,N,N,N,N,N,N,N,N,N,N,N,N,N,N,N,N,N
HSH49,B,B,B,B,B,B,B,B,B,N,B,B,B,B,B,B,B,B,B,B,B,B,B,B,B,B,B,B,B,B,B,B
RDS3,A,A,N,N,N,A,A,A,A,N,A,N,N,A,A,A,A,A,A,A,A,A,N,A,A,A,A,A,N,A,A,A
MUD2,N,N,N,N,N,N,N,N,A,N,A,N,N,N,N,A,N,N,N,N,N,N,N,N,A,N,N,A,N,N,N,N
STO1;GCR3;CBC1;SUT1;CBP80,N,N,N,N,N,N,N,N,N,N,N,N,N,N,N,N,N,N,N,N,N,N,N,N,N,N,N,N,N,N,N,N
SAE1;CBP20;MUD13;CBC2,B,N,B,B,B,B,B,B,B,N,B,B,B,B,B,B,B,B,B,B,B,B,B,B,B,B,B,B,B,N,B,B
PRP19;PSO4,D,D,D,D,D,D,D,D,D,D,D,D,D,D,D,D,D,D,D,D,D,D,D,D,D,D,D,D,D,D,D,D
NTC85;CEF1,A,A,A,A,A,A,A,A,A,A,A,A,A,A,A,A,A,A,A,A,A,A,A,A,A,A,A,A,A,A,A,A
PRP46;NTC50,D,D,D,D,D,D,D,D,D,D,D,D,D,D,D,D,D,D,D,D,D,D,D,D,D,D,D,D,D,D,D,D
CWC15,N,N,N,N,N,N,N,N,N,N,N,N,N,N,N,N,N,N,N,N,N,N,N,N,N,N,N,N,N,N,N,N
SSA1;YG100,D,D,D,D,D,D,D,D,D,N,D,D,D,D,D,D,D,D,D,D,D,D,D,D,N,D,D,D,D,D,D,D
SSA3;YG106,D,D,D,D,D,D,D,D,D,N,D,D,D,D,D,D,D,D,D,D,D,D,D,D,N,D,D,D,D,D,D,D
SSA4;YG107,D,D,D,D,D,D,D,D,D,N,D,D,D,D,D,D,D,D,D,D,D,D,D,D,N,D,D,D,D,D,D,D
SSA2;YG102,D,D,D,D,D,D,D,D,D,N,D,D,D,D,D,D,D,D,D,D,D,D,D,D,N,D,D,D,D,D,D,D
SSB2;YG103,D,D,D,D,D,D,D,D,D,N,D,D,D,D,D,D,D,D,D,D,D,D,D,D,N,D,D,D,D,D,D,D
NTC90;SYF1,B,B,B,N,B,B,B,B,B,N,B,B,B,B,N,B,B,B,B,B,B,B,B,B,B,B,B,B,B,B,B,B
SYF2;NTC31,N,N,N,N,N,N,N,N,N,N,N,N,N,N,N,N,N,N,N,N,N,N,N,N,N,N,N,N,N,N,N,N
NTC77;SYF3;CLF1,B,B,B,N,B,B,B,B,B,N,B,B,B,B,N,B,B,B,B,B,B,B,B,B,B,B,B,B,B,B,B,B
PRP45;FUN20,A,N,A,N,N,N,A,A,A,N,A,A,A,A,N,A,A,A,A,A,A,A,N,A,A,A,A,A,A,A,A,A
ISY1;UTR3;NTC30,A,A,N,N,A,N,N,N,A,N,A,A,A,A,A,A,A,A,A,A,A,A,A,A,A,A,A,A,A,A,A,A
ECM2;SLT11,B,B,B,B,B,B,B,B,B,N,B,B,B,B,B,B,B,B,B,B,B,B,B,B,B,B,B,B,B,B,B,B
SMX5;SNP3;LSM2,D,D,D,D,D,D,D,D,D,N,D,D,D,D,D,D,D,D,D,N,D,N,N,N,D,D,D,D,D,N,D,D
LSM6,N,D,D,N,D,D,D,D,D,D,D,D,D,D,N,D,D,D,D,D,D,D,N,D,D,N,N,D,D,D,D,D
SDB23;LSM4;USS1,D,D,D,D,D,D,D,D,D,D,D,D,D,D,D,D,D,D,D,D,D,N,N,D,D,D,D,D,D,N,D,D
LSM5,C,C,N,C,N,C,C,C,C,C,C,N,C,N,N,C,C,C,N,N,C,N,N,C,N,C,N,N,C,C,C,C
LSM8,A,A,N,N,A,A,N,A,N,N,A,N,N,A,N,N,A,N,N,A,A,A,A,A,A,N,N,A,N,N,A,A
USS2;LSM3;SMX4,D,D,D,D,D,D,D,D,D,D,D,D,D,D,D,D,D,D,D,N,D,D,N,D,D,D,D,D,D,D,D,D
LSM7,C,C,C,C,C,C,C,C,C,C,C,C,C,N,N,N,C,C,C,C,C,N,N,C,C,C,C,C,C,C,C,C
PRP31,C,C,C,C,C,C,C,C,C,C,C,C,C,C,C,C,C,C,C,C,C,C,C,C,C,C,C,C,C,C,C,C
PRP4;RNA4,D,D,D,D,D,D,D,D,D,D,D,D,D,D,D,D,D,D,D,D,D,D,D,D,D,D,D,D,D,D,D,D
PRP3;RNA3,D,N,D,N,N,D,D,D,D,N,D,D,N,D,D,D,D,D,D,N,D,N,D,D,N,D,N,N,N,D,D,D
SNU13,C,C,C,C,C,N,C,C,C,C,C,C,C,C,C,C,C,C,C,C,C,C,C,C,C,C,C,C,C,C,C,C
GIN10;SNU114,D,D,D,N,D,D,D,N,D,D,D,D,D,D,D,D,D,D,N,D,D,N,D,D,N,D,D,D,D,D,D,N
BRR2;PRP44;SLT22;SNU246;RSS1,D,D,D,D,D,D,D,D,D,D,D,D,D,D,D,D,D,D,D,D,D,D,D,D,D,D,D,D,D,D,D,D
PRP6;RNA6;TSM7269,A,A,A,N,N,A,A,A,A,N,A,A,A,A,A,A,A,A,A,A,A,A,A,A,A,A,A,A,A,A,A,A
PRP8;DNA39;RNA8;DBF3;USA2;SLT21,A,A,A,A,N,N,A,A,A,A,N,A,A,A,A,A,A,A,A,A,A,A,A,A,A,A,A,A,N,N,A,A
PRP28,D,D,D,D,D,D,D,D,D,D,D,D,D,D,D,D,D,D,D,D,D,D,D,D,D,D,D,D,D,D,D,D
SNU16;DIB1,N,N,A,N,N,N,N,A,A,A,A,A,N,A,A,A,A,A,A,A,A,N,N,A,A,N,A,A,N,N,A,A
SAD1,B,B,B,B,B,N,N,B,B,N,B,B,B,B,B,B,B,B,B,B,B,B,B,B,B,B,B,B,B,B,B,B
SNU66,N,N,N,N,N,N,N,N,A,N,A,N,N,A,N,N,N,N,N,N,N,N,N,A,N,A,N,A,N,N,N,N
FAL1,D,D,D,D,D,D,D,D,D,D,D,D,D,D,D,D,D,D,D,D,D,D,D,D,D,D,D,D,D,D,D,D
SHE11;YRA1,N,N,N,N,N,N,N,N,N,N,N,N,N,N,N,N,N,N,N,N,N,N,N,N,N,N,N,N,N,N,N,N
LDB5;RLR1;THO2;ZRG13,N,B,N,N,B,N,N,B,B,N,N,N,N,B,B,N,B,N,N,N,B,N,N,B,N,N,N,N,N,N,N,N
TEX1,D,D,D,D,D,D,D,D,D,D,D,D,D,D,D,D,D,D,D,D,D,D,D,D,D,D,D,D,D,D,D,D
SLU7;SLT17,N,A,A,N,N,N,N,N,A,N,A,N,N,A,A,N,A,N,N,N,A,N,A,A,A,N,N,A,N,A,N,N
SNU23,N,A,N,N,N,N,N,A,A,N,A,A,N,N,A,A,A,A,N,A,N,A,A,A,N,N,N,A,N,N,N,N
PRP38,N,N,N,N,N,N,N,N,N,N,N,N,N,N,N,N,N,N,N,N,N,N,N,N,N,N,N,N,N,N,N,N
PRP18,A,A,N,N,A,N,N,N,A,N,A,N,A,N,A,N,N,N,N,A,A,N,N,A,N,N,A,N,N,A,A,N
BUD31;CWC14,N,A,A,N,N,A,A,N,A,N,N,N,N,N,N,A,A,A,N,A,N,A,N,A,N,A,N,N,A,N,A,A
74,N,N,N,N,N,N,N,N,N,N,N,N,N,N,N,N,N,N,N,N,N,N,N,N,N,N,N,N,N,N,N,N
75,N,N,N,N,N,N,N,N,N,N,N,N,N,N,N,N,N,N,N,N,N,N,N,N,N,N,N,N,N,N,N,N
76,N,N,N,N,N,N,N,N,N,N,N,N,N,N,N,N,N,N,N,N,N,N,N,N,N,N,N,N,N,N,N,N
77,N,N,N,N,N,N,N,N,N,N,N,N,N,N,N,N,N,N,N,N,N,N,N,N,N,N,N,N,N,N,N,N
78,N,N,N,N,N,N,N,N,N,N,N,N,N,N,N,N,N,N,N,N,N,N,N,N,N,N,N,N,N,N,N,N
79,N,N,N,N,N,N,N,N,N,N,N,N,N,N,N,N,N,N,N,N,N,N,N,N,N,N,N,N,N,N,N,N
