LCFS2;HNPCC1;FCC1;COCA1;MSH2;HNPCC,D,N,D,D,N,D,D,D,D,N,D,N,D,D,D,D,D,D,D,D,D,D,D,D,N,D,D,N,N,N,D,D
HNPCC7;MLH3,D,D,D,N,N,N,D,D,D,N,D,D,D,D,D,N,D,N,N,D,N,D,D,D,N,D,D,D,N,D,D,N
hMLH1;COCA2;FCC2;HNPCC;HNPCC2;MLH1,D,N,D,N,N,N,D,D,D,N,D,D,D,D,D,N,D,N,N,D,N,D,D,D,N,D,D,D,N,D,D,N
LIG1,N,N,D,N,N,N,N,N,D,N,D,N,D,D,D,D,N,N,N,D,D,D,D,N,N,D,N,N,N,N,D,D
PCNA;ATLD2,C,C,N,N,N,N,N,C,C,N,N,C,N,N,N,N,N,N,N,N,N,N,C,N,N,N,N,C,C,N,N,N
POLD3;PPP1R128;P66;P68,A,N,N,N,N,N,N,N,A,N,N,N,N,A,N,N,N,N,N,N,N,N,N,N,N,N,N,N,N,N,A,N
MDPL;POLD;CRCS10;CDC2;POLD1,D,D,D,D,D,D,D,D,D,N,D,D,D,D,D,D,D,D,D,D,D,D,D,D,D,D,D,D,D,D,D,D
POLD2,N,N,N,N,A,N,N,A,N,N,A,N,N,A,N,A,N,A,A,N,N,N,A,N,N,A,A,A,N,A,A,N
POLD4;p12;POLDS,N,N,A,N,N,A,N,A,A,N,A,N,N,A,N,A,A,N,A,N,A,A,N,A,N,N,N,N,N,N,A,N
RPA4;HSU24186,A,N,N,N,N,N,N,N,N,N,A,A,A,A,N,N,A,N,A,N,N,N,A,A,N,A,N,N,A,N,A,N
MST075;REPA1;RF-A;HSSB;RP-A;RPA1;RPA70,D,D,D,N,D,D,D,D,D,N,D,D,D,D,D,N,D,D,D,D,D,D,D,D,D,D,D,D,D,D,D,D
RP-A_p32;RP-A_p34;RPA2;RPA32;REPA2,A,N,N,N,N,N,N,N,N,N,A,A,A,A,N,N,A,N,A,N,N,N,A,A,N,A,N,N,A,N,A,N
REPA3;RP-A_p14;RPA3,N,N,N,N,N,N,N,N,N,N,N,N,N,N,N,N,N,N,N,N,N,N,N,N,N,N,N,N,N,N,N,N
MSH6;p160;GTMBP;HSAP;GTBP;HNPCC5,D,N,D,D,N,D,D,D,D,N,D,N,D,D,D,D,D,D,D,D,D,D,D,D,N,D,D,N,N,N,D,D
EXO1;hExoI;HEX1,N,N,D,D,D,N,D,D,D,N,D,D,D,D,D,N,D,D,D,D,D,D,D,D,D,D,N,D,D,N,D,D
FAP4;MRP1;DUP;MSH3,D,N,D,D,N,D,D,D,D,N,D,N,D,D,D,D,D,D,D,D,D,D,D,D,N,D,D,N,N,N,D,D
PMS2CL;PMSL2;PMS2;HNPCC4;MLH4,D,N,D,N,N,N,D,D,D,N,D,D,D,D,D,N,D,N,N,D,N,D,D,D,N,D,D,D,N,D,D,N
RFC;RECC1;RFC140;PO-GA;MHCBFB;RFC1;A1,D,D,D,D,D,D,N,D,D,N,D,D,D,D,D,D,D,D,D,D,D,D,N,D,D,D,D,D,N,D,D,D
RFC40;RFC2,D,D,N,D,D,D,D,D,D,N,D,D,D,D,D,D,D,D,D,D,D,D,N,D,D,D,D,D,N,D,D,D
RFC38;RFC3,D,D,N,N,D,D,D,D,D,N,D,D,D,D,D,D,D,D,D,D,D,D,N,D,D,D,D,N,N,D,D,D
RFC37;RFC4;A1,D,D,D,D,D,D,D,D,D,N,D,D,D,D,D,D,D,D,D,D,D,D,N,D,D,D,D,D,N,D,D,D
RFC5;RFC36,D,D,D,D,D,D,D,D,D,N,D,D,D,D,D,D,D,D,D,D,D,D,N,D,D,D,D,D,N,D,D,D
SOSS-B1;SSBP1;mtSSB;SSBP;Mt-SSB,N,N,N,N,N,N,N,N,N,N,N,N,N,N,N,N,N,N,N,N,N,N,N,N,N,N,N,N,N,N,N,N
