THTPA;THTPASE;THTP,N,N,N,N,N,N,N,N,N,N,N,N,N,N,N,N,N,N,N,N,N,N,N,N,N,N,N,N,N,N,N,N
AK7;AK_7,B,N,B,B,N,N,N,B,B,N,B,N,N,B,B,N,N,N,B,N,N,N,B,B,N,N,B,N,B,N,B,N
DDX31;AK_8;C9orf98;AK8,D,N,D,D,D,D,N,D,D,N,D,D,N,D,D,N,D,D,D,N,N,D,D,D,D,N,D,D,D,N,D,D
HTL-S-58j;AK1,D,N,D,D,D,D,N,D,D,N,D,D,N,D,D,N,D,D,D,N,N,D,D,D,D,N,D,D,D,N,D,D
ADK2;AK2,D,N,D,D,D,D,N,D,D,N,D,D,N,D,D,N,D,D,D,N,N,D,D,D,D,N,D,D,D,N,D,D
AK3L2;AK_4;AK3L1;AK3;AK4,D,N,D,D,D,D,N,D,D,N,D,D,N,D,D,N,D,D,D,N,N,D,D,D,D,N,D,D,D,N,D,D
AK5;AK6,D,N,D,D,D,D,N,D,D,N,D,D,N,D,D,N,D,D,D,N,N,D,D,D,D,N,D,D,D,N,D,D
8,D,N,D,D,D,D,N,D,D,N,D,N,N,D,D,N,D,D,D,N,N,D,D,D,N,N,D,D,D,N,D,N
NTPCR;HCR-NTPase;C1orf57,N,N,N,N,N,N,N,N,N,N,N,N,N,N,N,N,N,N,N,N,N,N,N,N,N,N,N,N,N,N,N,N
HTPK1;PP20;THMD5;TPK1,N,D,N,D,N,N,N,N,D,N,D,N,D,N,N,D,N,N,N,N,N,N,D,N,N,N,N,D,N,N,D,N
HUSSY-08;IscS;NFS1;NIFS,N,N,B,N,N,N,N,N,B,N,B,N,N,N,N,N,N,N,N,B,N,N,N,N,N,N,N,N,N,N,N,N
ALPI;IAP,N,N,N,N,N,N,N,N,N,N,N,N,N,N,N,N,N,N,N,N,N,N,N,N,N,N,N,N,N,N,N,N
TNAP;ALPL;APTNAP;HOPS;AP-TNAP;TNSALP,N,N,N,N,N,N,N,N,N,N,N,N,N,N,N,N,N,N,N,N,N,N,N,N,N,N,N,N,N,N,N,N
ALPP;PLAP;ALP;PLAP-1;PALP,N,N,N,N,N,N,N,N,N,N,N,N,N,N,N,N,N,N,N,N,N,N,N,N,N,N,N,N,N,N,N,N
ALPG;ALPPL;ALPPL2;GCAP,N,N,N,N,N,N,N,N,N,N,N,N,N,N,N,N,N,N,N,N,N,N,N,N,N,N,N,N,N,N,N,N
LMW-PTP;LMWPTP;ACP1;HAAP,N,N,N,N,N,N,D,N,N,N,D,N,N,D,N,N,N,N,N,N,D,D,N,N,D,N,N,N,N,N,N,N
