SEC20,N,N,N,N,N,N,N,N,N,N,N,N,N,N,N,N,N,N,N,N,N,N,N,N,N,N,N,N,N,N,N,N
USE1;SLT1,N,N,N,N,N,N,N,N,N,N,N,N,N,N,N,N,N,N,N,N,N,N,N,N,N,N,N,N,N,N,N,N
UFE1,N,N,N,N,N,N,N,N,N,N,N,N,N,N,N,N,N,N,N,N,N,N,N,N,N,N,N,N,N,N,N,N
BET1;SLY12,N,N,N,N,N,N,N,N,N,N,N,N,N,N,N,N,N,N,N,N,N,N,N,N,N,N,N,N,N,N,N,N
YKT6,A,A,A,N,N,N,N,N,A,N,A,A,A,A,A,N,N,A,A,A,A,A,N,N,N,A,N,A,N,A,A,A
GOS1,A,A,A,N,A,N,A,N,A,N,A,A,N,N,A,N,N,N,N,N,N,A,N,A,N,N,A,N,N,N,A,A
SED5,N,A,A,N,N,A,A,N,A,N,A,A,A,A,A,A,A,N,A,N,A,A,N,A,N,N,N,A,A,A,A,A
SEC22;SLY2;TSL26;TS26,A,A,A,N,N,N,N,A,A,N,A,A,A,A,A,N,N,N,A,A,A,A,N,N,N,N,A,N,N,N,N,N
BOS1;SEC32,N,N,N,N,N,N,N,N,N,N,N,N,N,N,N,N,N,N,N,N,N,N,N,N,N,N,N,N,N,N,N,N
TLG1,N,N,N,N,N,N,N,N,N,N,N,N,N,N,N,N,N,N,N,N,N,N,N,N,N,N,N,N,N,N,N,N
TLG2,N,A,A,N,A,N,A,A,A,N,N,A,A,N,A,A,N,N,A,N,A,N,N,A,N,N,N,A,N,A,N,A
VTI1,A,A,A,N,A,A,N,N,A,N,A,A,A,A,N,A,A,N,A,A,A,N,A,A,N,N,A,N,N,A,N,N
SYN8;SLT2;UIP2,N,N,N,N,N,N,N,N,N,N,N,N,N,N,N,N,N,N,N,N,N,N,N,N,N,N,N,N,N,N,N,N
VAM7;VPL24;VPS43,N,N,N,N,N,N,N,N,N,N,N,N,N,N,N,N,N,N,N,N,N,N,N,N,N,N,N,N,N,N,N,N
PTH1;VAM3,N,N,N,N,A,N,N,A,N,N,N,N,N,N,N,A,N,N,A,N,A,N,N,N,N,N,N,N,N,N,N,A
SNC1,A,A,A,N,N,N,A,A,A,N,A,A,A,A,A,N,N,A,A,A,A,A,N,N,N,A,A,A,N,A,A,A
SNC2,A,A,A,N,N,N,A,A,A,N,A,A,A,A,A,N,N,A,A,A,A,A,N,N,N,A,A,A,N,A,A,A
SSO2,N,A,A,N,A,N,A,A,A,N,N,A,A,N,A,A,N,N,A,N,A,N,N,A,N,N,N,A,N,A,N,A
SSO1,B,B,B,B,B,N,B,B,B,N,B,B,B,B,B,B,N,N,B,N,B,B,N,B,N,B,N,B,N,B,B,B
SFT1,N,N,N,N,N,N,N,N,N,N,N,N,N,N,N,N,N,N,N,N,N,N,N,N,N,N,N,N,N,N,N,N
