agps,D,N,D,N,D,D,N,N,D,N,D,N,N,D,N,N,N,D,D,N,N,N,N,D,N,N,N,N,N,N,N,D
captA,A,A,A,N,A,A,N,N,A,N,A,N,A,N,A,N,A,A,N,A,A,N,A,A,A,A,A,N,A,A,A,N
captC,A,A,A,N,A,A,N,N,A,N,A,N,A,N,A,N,A,A,N,A,A,N,A,A,A,A,A,N,A,A,A,N
captB,A,A,A,N,A,A,N,N,A,N,A,N,A,N,A,N,A,A,N,A,A,N,A,A,A,A,A,N,A,A,A,N
lis1,D,D,D,D,D,D,D,D,D,D,D,D,D,D,D,D,D,D,D,D,D,D,D,D,D,D,D,D,D,D,D,D
6,A,N,N,N,N,N,N,N,A,N,A,N,N,N,N,N,A,N,A,N,N,N,N,N,N,A,N,N,A,A,A,N
pldC,D,D,N,N,N,N,D,N,D,N,D,D,D,D,N,N,D,N,N,D,D,D,D,N,N,D,N,D,N,N,D,N
pldB,D,D,D,N,N,D,D,D,D,N,D,D,D,D,D,D,D,D,D,D,D,D,D,D,N,D,D,D,D,D,D,N
pldA,D,D,N,N,N,N,D,N,D,N,D,D,D,D,N,N,D,N,N,D,D,D,D,N,N,D,N,D,N,N,D,N
pldZ,N,N,N,N,N,N,N,N,N,N,N,N,N,N,N,N,N,N,N,N,N,N,N,N,N,N,N,N,N,N,N,N
pldY,N,N,N,N,N,N,N,N,N,N,N,N,N,N,N,N,N,N,N,N,N,N,N,N,N,N,N,N,N,N,N,N
