FLS2,D,D,D,D,D,D,D,D,D,N,D,D,D,D,D,D,D,D,D,D,D,D,D,D,D,D,D,D,D,D,D,D
BAK1,D,D,D,D,D,D,D,D,D,D,D,D,D,D,D,D,D,D,D,D,D,D,D,D,D,D,D,D,D,D,D,D
MEKK1,D,D,D,D,D,D,D,D,D,D,D,D,D,D,D,D,D,D,D,D,D,D,D,D,D,D,D,D,D,D,D,D
MEK1,D,D,D,D,D,D,D,D,D,D,D,D,D,D,D,D,D,D,D,D,D,D,D,D,D,D,D,D,D,D,D,D
MKK2,D,D,D,D,D,D,D,D,D,D,D,D,D,D,D,D,D,D,D,D,D,D,D,D,D,D,D,D,D,D,D,D
MPK4,D,D,D,D,D,D,D,D,D,D,D,D,D,D,D,D,D,D,D,D,D,D,D,D,D,D,D,D,D,D,D,D
MKS1,N,N,N,N,N,N,N,N,N,N,N,N,N,N,N,N,N,N,N,N,N,N,N,N,N,N,N,N,N,N,N,N
WRKY33,B,N,N,N,N,N,B,B,B,N,N,N,N,N,B,B,B,N,N,N,N,N,N,B,N,B,N,N,N,B,B,N
MKK4,D,D,D,D,D,D,D,D,D,D,D,D,D,D,D,D,D,D,D,D,D,D,D,D,D,D,D,D,D,D,D,D
MKK5,D,D,D,D,D,D,D,D,D,D,D,D,D,D,D,D,D,D,D,D,D,D,D,D,D,D,D,D,D,D,D,D
MPK6,D,D,D,D,D,D,D,D,D,D,D,D,D,D,D,D,D,D,D,D,D,D,D,D,D,D,D,D,D,D,D,D
MPK3,D,D,D,D,D,D,D,D,D,D,D,D,D,D,D,D,D,D,D,D,D,D,D,D,D,D,D,D,D,D,D,D
VIP1,N,A,N,N,N,N,N,A,A,N,N,N,N,N,A,N,N,N,N,N,N,A,N,N,N,N,N,N,N,N,N,N
14,A,N,N,N,N,N,N,A,A,N,A,N,N,N,N,N,A,A,N,N,N,N,N,A,N,A,N,N,N,N,A,A
PRB1,A,N,N,N,N,N,N,A,A,N,A,N,N,N,N,N,A,A,N,N,N,N,N,A,N,A,N,N,N,N,A,A
PR1,A,N,N,N,N,N,N,A,A,N,A,N,N,N,N,N,A,A,N,N,N,N,N,A,N,A,N,N,N,N,A,A
17,A,N,N,N,N,N,N,A,A,N,A,N,N,N,N,N,A,A,N,N,N,N,N,A,N,A,N,N,N,N,A,A
18,A,N,N,N,N,N,N,A,A,N,A,N,N,N,N,N,A,A,N,N,N,N,N,A,N,A,N,N,N,N,A,A
ACS2,D,N,N,N,N,D,N,N,D,N,N,D,D,N,N,N,N,N,N,D,N,N,N,D,N,N,N,D,N,N,D,D
ACS1,D,N,N,N,N,D,N,N,D,N,N,D,D,N,N,N,N,N,N,D,N,N,N,D,N,N,N,D,N,N,D,D
ACS6,D,N,N,N,N,D,N,N,D,N,N,D,D,N,N,N,N,N,N,D,N,N,N,D,N,N,N,D,N,N,D,D
WRKY22,B,N,N,N,N,N,B,B,B,N,N,N,N,N,B,B,B,N,N,N,N,N,N,B,N,B,N,N,N,B,B,N
WRKY29,B,N,N,N,N,N,B,B,B,N,N,N,N,N,B,B,B,N,N,N,N,N,N,B,N,B,N,N,N,B,B,N
PAD3,D,D,D,N,D,D,D,D,D,N,D,D,D,D,D,D,D,D,D,D,D,D,D,D,N,D,D,D,D,D,D,D
NP1,D,D,D,D,D,D,D,D,D,D,D,D,D,D,D,D,D,D,D,D,D,D,D,D,D,D,D,D,D,D,D,D
MKK3,D,D,D,D,D,D,D,D,D,D,D,D,D,D,D,D,D,D,D,D,D,D,D,D,D,D,D,D,D,D,D,D
MPK1,D,D,D,D,D,D,D,D,D,D,D,D,D,D,D,D,D,D,D,D,D,D,D,D,D,D,D,D,D,D,D,D
MPK2,D,D,D,D,D,D,D,D,D,D,D,D,D,D,D,D,D,D,D,D,D,D,D,D,D,D,D,D,D,D,D,D
MPK7,D,D,D,D,D,D,D,D,D,D,D,D,D,D,D,D,D,D,D,D,D,D,D,D,D,D,D,D,D,D,D,D
MPK14,D,D,D,D,D,D,D,D,D,D,D,D,D,D,D,D,D,D,D,D,D,D,D,D,D,D,D,D,D,D,D,D
AGC2-1,D,D,D,D,D,D,D,D,D,D,D,D,D,D,D,D,D,D,D,D,D,D,D,D,D,D,D,D,D,D,D,D
32,D,D,D,D,D,D,D,D,D,D,D,D,D,D,D,D,D,D,D,D,D,D,D,D,D,D,D,D,D,D,D,D
NDPK1,D,N,N,D,D,D,D,N,D,N,D,D,N,D,D,D,N,N,D,N,D,D,D,N,D,D,N,N,N,N,D,N
NDPK3,D,N,N,D,D,D,D,N,D,N,D,D,N,D,D,D,N,N,D,N,D,D,D,N,D,D,N,N,N,N,D,N
35,D,N,N,D,D,D,D,N,D,N,D,D,N,D,D,D,N,N,D,N,D,D,D,N,D,D,N,N,N,N,D,N
NDPK2,D,N,N,D,D,D,D,N,D,N,D,D,N,D,D,D,N,N,D,N,D,D,D,N,D,D,N,N,N,N,D,N
CTR1,D,D,D,D,D,D,D,D,D,D,D,D,D,D,D,D,D,D,D,D,D,D,D,D,D,D,D,D,D,D,D,D
MYC2,N,N,N,N,N,N,N,N,N,N,N,N,N,N,N,N,N,N,N,N,N,N,N,N,N,N,N,N,N,N,N,N
ERS2,B,B,B,N,N,N,N,N,B,N,N,N,N,B,B,N,N,B,B,N,N,N,N,B,N,N,N,N,N,N,N,N
ETR1,D,D,D,D,N,N,D,D,D,N,D,D,D,D,D,D,D,D,D,D,N,D,D,D,D,D,D,D,N,D,D,D
ERS1,D,D,D,D,N,N,D,D,D,N,D,D,D,D,D,D,D,D,D,D,N,D,D,D,D,D,D,D,N,D,D,D
EIN4,D,D,D,N,D,D,N,D,D,N,D,N,D,D,D,N,N,D,D,N,D,D,D,D,N,D,D,N,N,N,D,D
ETR2,D,D,D,N,N,N,N,D,D,N,N,N,D,D,D,N,N,D,D,N,N,N,N,D,N,N,D,N,N,N,N,N
EIL3,N,N,N,N,N,N,N,N,N,N,N,N,N,N,N,N,N,N,N,N,N,N,N,N,N,N,N,N,N,N,N,N
EIL1,N,N,N,N,N,N,N,N,N,N,N,N,N,N,N,N,N,N,N,N,N,N,N,N,N,N,N,N,N,N,N,N
EIN3,N,N,N,N,N,N,N,N,N,N,N,N,N,N,N,N,N,N,N,N,N,N,N,N,N,N,N,N,N,N,N,N
47,N,N,N,N,N,N,N,N,N,N,N,N,N,N,N,N,N,N,N,N,N,N,N,N,N,N,N,N,N,N,N,N
EIL2,N,N,N,N,N,N,N,N,N,N,N,N,N,N,N,N,N,N,N,N,N,N,N,N,N,N,N,N,N,N,N,N
49,N,N,N,N,N,N,N,N,N,N,N,N,N,N,N,N,N,N,N,N,N,N,N,N,N,N,N,N,N,N,N,N
ERF1,N,N,N,N,N,N,N,N,N,N,N,N,N,N,N,N,N,N,N,N,N,N,N,N,N,N,N,N,N,N,N,N
PDF1.2b,N,N,N,N,N,N,N,N,N,N,N,N,N,N,N,N,N,N,N,N,N,N,N,N,N,N,N,N,N,N,N,N
PDF1.2,N,N,N,N,N,N,N,N,N,N,N,N,N,N,N,N,N,N,N,N,N,N,N,N,N,N,N,N,N,N,N,N
PDF1.2c,N,N,N,N,N,N,N,N,N,N,N,N,N,N,N,N,N,N,N,N,N,N,N,N,N,N,N,N,N,N,N,N
HMA5,D,D,D,D,D,D,D,D,D,N,D,D,D,D,D,D,D,D,D,D,D,D,D,D,D,D,D,D,D,D,D,D
RAN1,D,D,D,D,D,D,D,D,D,N,D,D,D,D,D,D,D,D,D,D,D,D,D,D,D,D,D,D,D,D,D,D
RTE1,A,N,A,A,A,N,N,N,A,N,A,N,N,N,A,A,A,N,N,A,A,N,N,N,N,N,A,N,N,N,A,A
RTH,A,N,A,A,A,N,N,N,A,N,A,N,N,N,A,A,A,N,N,A,A,N,N,N,N,N,A,N,N,N,A,A
EBF1,D,D,D,D,D,D,D,D,D,N,D,D,D,D,D,N,D,D,D,D,D,D,D,D,D,D,D,D,D,D,D,D
EBF2,D,D,D,N,D,D,D,D,D,N,D,D,D,D,D,N,D,D,D,D,D,D,D,D,D,D,D,D,D,D,D,D
XRN4,B,B,B,B,B,B,B,N,B,B,B,B,B,B,B,B,B,B,B,B,B,B,B,B,B,N,N,B,B,B,B,B
EIN2,D,N,N,N,N,N,D,N,D,N,D,N,N,N,D,N,D,N,N,N,D,N,N,N,N,D,N,N,N,N,D,N
HCHIB,D,D,D,N,N,D,N,D,D,N,D,D,D,D,N,D,D,D,D,D,D,D,D,D,N,D,D,N,D,D,D,D
VSP2,N,N,N,N,N,N,N,N,N,N,N,N,N,N,N,N,N,N,N,N,N,N,N,N,N,N,N,N,N,N,N,N
MAPKKK18,D,D,D,D,D,D,D,D,D,D,D,D,D,D,D,D,D,D,D,D,D,D,D,D,D,D,D,D,D,D,D,D
MAPKKK17,D,D,D,D,D,D,D,D,D,N,D,D,D,D,D,D,D,D,D,D,D,D,D,D,D,D,D,D,D,D,D,D
RCAR1,N,N,N,N,N,N,N,N,N,N,N,N,N,N,N,N,N,N,N,N,N,N,N,N,N,N,N,N,N,N,N,N
PYL3,N,N,N,N,N,N,N,N,N,N,N,N,N,N,N,N,N,N,N,N,N,N,N,N,N,N,N,N,N,N,N,N
PYL2,N,N,N,N,N,N,N,N,N,N,N,N,N,N,N,N,N,N,N,N,N,N,N,N,N,N,N,N,N,N,N,N
PYL4,N,N,N,N,N,N,N,N,N,N,N,N,N,N,N,N,N,N,N,N,N,N,N,N,N,N,N,N,N,N,N,N
PYL6,N,N,N,N,N,N,N,N,N,N,N,N,N,N,N,N,N,N,N,N,N,N,N,N,N,N,N,N,N,N,N,N
PYL7,N,N,N,N,N,N,N,N,N,N,N,N,N,N,N,N,N,N,N,N,N,N,N,N,N,N,N,N,N,N,N,N
PYR1,N,N,N,N,N,N,N,N,N,N,N,N,N,N,N,N,N,N,N,N,N,N,N,N,N,N,N,N,N,N,N,N
PYL13,N,N,N,N,N,N,N,N,N,N,N,N,N,N,N,N,N,N,N,N,N,N,N,N,N,N,N,N,N,N,N,N
PYL10,N,N,N,N,N,N,N,N,N,N,N,N,N,N,N,N,N,N,N,N,N,N,N,N,N,N,N,N,N,N,N,N
PYL5,N,N,N,N,N,N,N,N,N,N,N,N,N,N,N,N,N,N,N,N,N,N,N,N,N,N,N,N,N,N,N,N
PYL11,N,N,N,N,N,N,N,N,N,N,N,N,N,N,N,N,N,N,N,N,N,N,N,N,N,N,N,N,N,N,N,N
PYL12,N,N,N,N,N,N,N,N,N,N,N,N,N,N,N,N,N,N,N,N,N,N,N,N,N,N,N,N,N,N,N,N
PYL1,N,N,N,N,N,N,N,N,N,N,N,N,N,N,N,N,N,N,N,N,N,N,N,N,N,N,N,N,N,N,N,N
RCAR3,N,N,N,N,N,N,N,N,N,N,N,N,N,N,N,N,N,N,N,N,N,N,N,N,N,N,N,N,N,N,N,N
HAI2,D,D,D,D,D,D,D,D,D,N,D,D,D,D,D,D,D,D,D,D,D,D,D,D,D,D,D,D,D,D,D,D
HAB2,D,D,D,D,D,D,D,D,D,N,D,D,D,D,D,D,D,D,D,D,D,D,D,D,D,D,D,D,D,D,D,D
HAB1,D,D,D,D,D,D,D,D,D,N,D,D,D,D,D,D,D,D,D,D,D,D,D,D,D,D,D,D,D,D,D,D
HAI3,D,D,D,D,D,D,D,D,D,N,D,D,D,D,D,D,D,D,D,D,D,D,D,D,D,D,D,D,D,D,D,D
PP2CA,D,D,D,D,D,D,D,D,D,N,D,D,D,D,D,D,D,D,D,D,D,D,D,D,D,D,D,D,D,D,D,D
ABI1,D,D,D,D,D,D,D,D,D,N,D,D,D,D,D,D,D,D,D,D,D,D,D,D,D,D,D,D,D,D,D,D
AHG1,D,D,D,D,D,D,D,D,D,N,D,D,D,D,D,D,D,D,D,D,D,D,D,D,D,D,D,D,D,D,D,D
ABI2,D,D,D,D,D,D,D,D,D,N,D,D,D,D,D,D,D,D,D,D,D,D,D,D,D,D,D,D,D,D,D,D
HAI1,D,D,D,D,D,D,D,D,D,N,D,D,D,D,D,D,D,D,D,D,D,D,D,D,D,D,D,D,D,D,D,D
SNRK2.4,D,D,D,D,D,D,D,D,D,D,D,D,D,D,D,D,D,D,D,D,D,D,D,D,D,D,D,D,D,D,D,D
SNRK2.10,D,D,D,D,D,D,D,D,D,D,D,D,D,D,D,D,D,D,D,D,D,D,D,D,D,D,D,D,D,D,D,D
SNRK2-8,D,D,D,D,D,D,D,D,D,D,D,D,D,D,D,D,D,D,D,D,D,D,D,D,D,D,D,D,D,D,D,D
SNRK2.9,D,D,D,D,D,D,D,D,D,D,D,D,D,D,D,D,D,D,D,D,D,D,D,D,D,D,D,D,D,D,D,D
SNRK2.2,D,D,D,D,D,D,D,D,D,D,D,D,D,D,D,D,D,D,D,D,D,D,D,D,D,D,D,D,D,D,D,D
OST1,D,D,D,D,D,D,D,D,D,D,D,D,D,D,D,D,D,D,D,D,D,D,D,D,D,D,D,D,D,D,D,D
SNRK2.7,D,D,D,D,D,D,D,D,D,D,D,D,D,D,D,D,D,D,D,D,D,D,D,D,D,D,D,D,D,D,D,D
SNRK2.1,D,D,D,D,D,D,D,D,D,D,D,D,D,D,D,D,D,D,D,D,D,D,D,D,D,D,D,D,D,D,D,D
SNRK2.5,D,D,D,D,D,D,D,D,D,D,D,D,D,D,D,D,D,D,D,D,D,D,D,D,D,D,D,D,D,D,D,D
SNRK2.3,D,D,D,D,D,D,D,D,D,D,D,D,D,D,D,D,D,D,D,D,D,D,D,D,D,D,D,D,D,D,D,D
MAPKKK9,D,D,D,D,D,D,D,D,D,D,D,D,D,D,D,D,D,D,D,D,D,D,D,D,D,D,D,D,D,D,D,D
SUMM2,D,N,D,N,D,N,D,N,D,N,D,N,N,D,N,N,N,N,N,N,D,N,N,D,N,N,N,N,N,N,N,N
MKP2,D,D,D,D,D,D,D,D,D,N,D,D,D,D,D,D,D,D,D,D,D,D,D,D,D,D,D,D,D,D,D,D
CAT3,B,N,B,N,N,B,B,B,B,N,B,B,N,N,B,N,N,N,B,N,B,N,N,N,B,N,N,B,N,N,N,B
CAT1,B,N,B,N,N,B,B,B,B,N,B,B,N,N,B,N,N,N,B,N,B,N,N,N,B,N,N,B,N,N,N,B
CAT2,B,N,B,N,N,B,B,B,B,N,B,B,N,N,B,N,N,N,B,N,B,N,N,N,B,N,N,B,N,N,N,B
ATMPK8,D,D,D,D,D,D,D,D,D,D,D,D,D,D,D,D,D,D,D,D,D,D,D,D,D,D,D,D,D,D,D,D
RBOHB,B,B,B,N,N,B,B,B,B,N,B,B,B,B,B,B,B,B,B,N,B,B,B,B,N,B,B,B,B,B,B,N
107,B,B,B,N,N,B,B,B,B,N,B,B,B,B,B,B,B,B,B,N,B,B,B,B,N,B,B,B,B,B,B,N
RBOH_F,B,B,B,N,N,B,B,B,B,N,B,B,B,B,B,B,B,B,B,N,B,B,B,B,N,B,B,B,B,B,B,N
109,B,B,B,N,N,B,B,B,B,N,B,B,B,B,B,B,B,B,B,N,B,B,B,B,N,B,B,B,B,B,B,N
110,B,B,B,N,N,B,B,B,B,N,B,B,B,B,B,B,B,B,B,N,B,B,B,B,N,B,B,B,B,B,B,N
RBOHA,B,B,B,N,N,B,B,B,B,N,B,B,B,B,B,B,B,B,B,N,B,B,B,B,N,B,B,B,B,B,B,N
RBOHD,B,B,B,N,N,B,B,B,B,N,B,B,B,B,B,B,B,B,B,N,B,B,B,B,N,B,B,B,B,B,B,N
RHD2,B,B,B,N,N,B,B,B,B,N,B,B,B,B,B,B,B,B,B,N,B,B,B,B,N,B,B,B,B,B,B,N
CAM4,D,D,D,D,D,D,D,D,D,D,D,D,D,D,D,D,D,D,D,D,D,D,D,D,D,D,D,D,D,D,D,D
CAM5,D,D,D,D,D,D,D,D,D,D,D,D,D,D,D,D,D,D,D,D,D,D,D,D,D,D,D,D,D,D,D,D
116,D,D,D,D,D,D,D,D,D,D,D,D,D,D,D,D,D,D,D,D,D,D,D,D,D,D,D,D,D,D,D,D
CAM2,D,D,D,D,D,D,D,D,D,D,D,D,D,D,D,D,D,D,D,D,D,D,D,D,D,D,D,D,D,D,D,D
CAM7,D,D,D,D,D,D,D,D,D,D,D,D,D,D,D,D,D,D,D,D,D,D,D,D,D,D,D,D,D,D,D,D
CAM3,D,D,D,D,D,D,D,D,D,D,D,D,D,D,D,D,D,D,D,D,D,D,D,D,D,D,D,D,D,D,D,D
CAM6,D,D,D,D,D,D,D,D,D,D,D,D,D,D,D,D,D,D,D,D,D,D,D,D,D,D,D,D,D,D,D,D
CAM1,D,D,D,D,D,D,D,D,D,D,D,D,D,D,D,D,D,D,D,D,D,D,D,D,D,D,D,D,D,D,D,D
YDA,D,D,D,D,D,D,D,D,D,D,D,D,D,D,D,D,D,D,D,D,D,D,D,D,D,D,D,D,D,D,D,D
EPF2,N,N,N,N,N,N,N,N,N,N,N,N,N,N,N,N,N,N,N,N,N,N,N,N,N,N,N,N,N,N,N,N
EPF1,N,N,N,N,N,N,N,N,N,N,N,N,N,N,N,N,N,N,N,N,N,N,N,N,N,N,N,N,N,N,N,N
ER,B,B,B,B,B,B,B,B,B,N,B,B,B,B,B,B,B,B,B,B,B,B,B,B,B,B,B,B,B,B,B,B
ERL2,B,B,B,B,B,B,B,B,B,N,B,B,B,B,B,B,B,B,B,B,B,B,B,B,B,B,B,B,B,B,B,B
ERL1,B,B,B,B,B,B,B,B,B,N,B,B,B,B,B,B,B,B,B,B,B,B,B,B,B,B,B,B,B,B,B,B
SPCH,N,N,N,N,N,N,N,N,N,N,N,N,N,N,N,N,N,N,N,N,N,N,N,N,N,N,N,N,N,N,N,N
WRKY25,B,N,N,N,N,N,B,B,B,N,N,N,N,N,B,B,B,N,N,N,N,N,N,B,N,B,N,N,N,B,B,N
MKK9,D,D,D,D,D,D,D,D,D,D,D,D,D,D,D,D,D,D,D,D,D,D,D,D,D,D,D,D,D,D,D,D
