g6pd-1,B,B,B,B,B,B,B,B,B,N,B,B,B,B,B,B,B,B,B,B,B,B,B,B,B,B,B,B,B,N,B,B
g6pd-2,B,B,B,B,B,B,B,B,B,N,B,B,B,B,B,B,B,B,B,B,B,B,B,B,B,B,B,B,B,N,B,B
idhC,A,N,N,N,N,N,N,N,A,N,N,N,N,N,N,A,A,N,N,N,N,N,A,N,N,N,N,N,N,N,A,N
idhM,A,N,N,N,N,N,N,N,A,N,N,N,N,N,N,A,A,N,N,N,N,N,A,N,N,N,N,N,N,N,A,N
gshB,B,B,B,N,N,B,N,N,N,N,B,B,N,B,N,B,B,B,B,B,B,B,N,B,B,B,B,N,N,B,B,B
gcsA,A,A,N,N,N,A,A,N,N,N,A,A,A,A,A,A,A,A,N,A,A,N,N,N,A,A,A,N,A,N,A,N
oplah,N,N,N,N,N,N,N,N,N,N,N,N,N,N,N,N,N,N,N,N,N,N,N,N,N,N,N,N,N,N,N,N
8,A,N,A,N,N,N,A,N,N,N,A,A,A,A,A,N,N,A,A,N,A,N,N,N,N,A,N,N,N,N,A,A
9,A,N,N,N,N,N,A,N,N,N,N,A,A,N,N,N,N,A,A,N,A,N,N,N,N,A,N,N,N,N,A,N
10,A,N,N,N,N,N,A,N,N,N,N,A,A,N,N,N,N,A,A,N,A,N,N,N,N,A,N,N,N,N,A,N
11,A,N,N,N,N,N,A,N,N,N,N,A,A,N,N,N,N,A,A,N,A,N,N,N,N,A,N,N,N,N,A,N
12,N,B,N,N,N,N,N,N,B,N,B,N,N,B,N,N,N,N,B,N,B,N,N,N,N,N,N,B,N,N,B,B
13,A,N,N,N,N,N,A,N,N,N,N,A,A,N,N,N,N,A,A,N,A,N,N,N,N,A,N,N,N,N,A,N
14,A,N,A,N,N,N,A,N,N,N,A,A,A,A,A,N,N,A,A,N,A,N,N,N,N,A,N,N,N,N,A,A
15,N,B,B,N,N,N,B,N,B,N,B,N,N,B,B,N,B,N,B,N,B,B,N,N,N,B,N,B,N,N,B,B
16,N,N,N,N,N,N,N,N,N,N,N,N,N,N,N,N,N,N,N,N,N,N,N,N,N,N,N,N,N,N,N,N
17,N,B,B,N,B,N,B,N,B,N,B,B,B,B,B,N,B,N,B,N,B,B,N,N,N,B,N,B,N,N,B,B
18,N,B,N,N,N,N,N,N,B,N,B,N,N,B,N,N,N,N,B,N,B,N,N,N,N,N,N,B,N,N,B,B
gsr,B,N,N,N,N,N,N,N,N,N,B,N,N,B,N,N,N,N,N,N,N,B,N,N,B,N,N,N,N,N,N,N
gnd,D,N,D,N,N,D,D,N,D,N,N,N,D,N,D,N,N,N,D,D,N,N,N,N,D,N,D,N,D,N,D,N
odc,N,N,N,N,N,N,N,N,N,N,N,N,N,N,N,N,N,N,N,N,N,N,N,N,N,N,N,N,N,N,N,N
spsA,D,N,D,N,N,N,N,D,D,N,D,D,N,N,N,N,N,D,N,D,N,N,N,N,D,D,D,N,N,N,D,N
rnrB-1,N,N,A,N,N,A,N,N,N,N,N,N,N,N,N,N,A,N,N,A,A,N,N,N,A,N,N,A,N,N,A,N
rnrB-2,N,N,A,N,N,A,N,N,N,N,N,N,N,N,N,N,A,N,N,A,A,N,N,N,A,N,N,A,N,N,A,N
rnrA,D,N,D,N,N,D,D,D,D,N,D,N,D,D,N,D,D,D,D,D,D,D,D,D,N,D,N,D,D,N,D,N
26,N,N,A,N,N,A,N,N,N,N,N,N,N,N,N,N,A,N,N,A,A,N,N,N,A,N,N,A,N,N,A,N
lap,N,D,N,N,D,D,D,D,D,N,D,N,D,N,D,D,D,D,D,D,D,D,D,D,N,D,D,D,N,D,D,D
