CAT3,B,N,B,N,N,B,B,B,B,N,B,B,N,N,B,N,N,N,B,N,B,N,N,N,B,N,N,B,N,N,N,B
CAT1,B,N,B,N,N,B,B,B,B,N,B,B,N,N,B,N,N,N,B,N,B,N,N,N,B,N,N,B,N,N,N,B
CAT2,B,N,B,N,N,B,B,B,B,N,B,B,N,N,B,N,N,N,B,N,B,N,N,N,B,N,N,B,N,N,N,B
AACT1,D,N,D,N,D,D,D,N,D,N,D,D,D,D,D,N,D,D,D,N,D,D,D,N,D,D,N,D,N,D,D,N
ACAT2,D,N,D,N,D,D,D,N,D,N,D,D,D,D,D,N,D,D,D,N,D,D,D,N,D,D,N,D,N,D,D,N
6,D,D,D,D,D,D,D,D,D,N,D,D,D,D,D,D,D,D,D,D,D,D,D,D,D,D,D,D,D,D,D,D
7,D,D,D,D,D,D,D,D,D,N,D,D,D,D,D,D,D,D,D,D,D,D,D,D,D,D,D,D,D,D,D,D
AAO2,N,N,N,N,N,N,N,B,N,N,B,N,N,B,N,N,N,N,N,N,B,N,N,N,N,N,N,N,N,N,B,B
AO1,N,N,N,N,N,N,N,B,N,N,B,N,N,B,N,N,N,N,N,N,B,N,N,N,N,N,N,N,N,N,B,B
ALDH2B7,D,D,D,N,D,D,D,D,D,N,D,D,D,D,D,D,D,D,D,D,D,D,D,D,D,D,D,D,D,D,D,N
ALDH3H1,D,D,D,N,D,D,D,D,D,N,D,D,D,D,D,D,D,D,D,D,D,D,D,D,D,D,D,D,D,D,D,N
ALDH7B4,D,D,D,N,D,D,D,D,D,N,D,D,D,D,D,D,D,D,D,D,D,D,D,D,D,D,D,D,D,D,D,N
ALDH2B4,D,D,D,N,D,D,D,D,D,N,D,D,D,D,D,D,D,D,D,D,D,D,D,D,D,D,D,D,D,D,D,N
ALDH3I1,D,D,D,N,D,D,D,D,D,N,D,D,D,D,D,D,D,D,D,D,D,D,D,D,D,D,D,D,D,D,D,N
ALDH3F1,D,D,D,N,D,D,D,D,D,N,D,D,D,D,D,D,D,D,D,D,D,D,D,D,D,D,D,D,D,D,D,N
AMI1,D,D,D,D,D,D,D,D,D,N,D,D,D,D,D,D,D,D,D,D,D,D,D,D,D,D,D,D,D,D,D,D
17,D,D,D,D,D,D,D,D,D,N,D,D,D,D,D,D,D,D,D,D,D,D,D,D,D,D,D,D,D,D,D,D
NIT2,N,N,N,N,N,N,N,N,N,N,N,N,N,N,N,N,N,N,N,N,N,N,N,N,N,N,N,N,N,N,N,N
NIT1,N,N,N,N,N,N,N,N,N,N,N,N,N,N,N,N,N,N,N,N,N,N,N,N,N,N,N,N,N,N,N,N
NIT3,N,N,N,N,N,N,N,N,N,N,N,N,N,N,N,N,N,N,N,N,N,N,N,N,N,N,N,N,N,N,N,N
BGLU34,N,N,N,N,N,N,N,D,D,N,D,D,N,D,N,N,N,D,N,D,N,N,N,N,N,N,D,N,N,N,D,N
BGLU35,N,N,N,N,N,N,N,D,D,N,D,D,N,D,N,N,N,D,N,D,N,N,N,N,N,N,D,N,N,N,D,N
BGLU36,N,N,N,N,N,N,N,D,D,N,D,D,N,D,N,N,N,D,N,D,N,N,N,N,N,N,D,N,N,N,D,N
TGG2,N,N,N,N,N,N,N,D,D,N,D,D,N,D,N,N,N,D,N,D,N,N,N,N,N,N,D,N,N,N,D,N
TGG1,N,N,N,N,N,N,N,D,D,N,D,D,N,D,N,N,N,D,N,D,N,N,N,N,N,N,D,N,N,N,D,N
TGG3,N,N,N,N,N,N,N,D,D,N,D,D,N,D,N,N,N,D,N,D,N,N,N,N,N,N,D,N,N,N,D,N
CYP83B1,D,D,D,N,D,D,D,D,D,N,D,D,D,D,D,D,D,D,D,D,D,D,D,D,D,D,D,D,D,D,D,D
SUR1,D,N,D,D,D,D,N,D,D,N,D,D,D,D,D,D,D,D,D,D,D,D,D,D,N,N,N,D,D,N,D,D
CYP71A18,D,D,D,N,D,D,D,D,D,N,D,D,D,D,D,D,D,D,D,D,D,D,D,D,N,D,D,D,D,D,D,D
CYP71A12,D,D,D,N,D,D,D,D,D,N,D,D,D,D,D,D,D,D,D,D,D,D,D,D,N,D,D,D,D,D,D,D
CYP71A13,D,D,D,N,D,D,D,D,D,N,D,D,D,D,D,D,D,D,D,D,D,D,D,D,N,D,D,D,D,D,D,D
CYP79B3,D,D,D,N,D,D,D,D,D,N,D,D,D,D,D,D,D,D,D,D,D,D,D,D,N,D,D,D,D,D,D,D
CYP79B2,D,D,D,N,D,D,D,D,D,N,D,D,D,D,D,D,D,D,D,D,D,D,D,D,N,D,D,D,D,D,D,D
SOT16,A,N,A,N,N,N,A,N,A,N,A,N,N,A,N,N,N,A,N,A,A,A,N,N,N,N,N,N,N,A,A,N
UGT74B1,N,A,N,N,N,N,N,N,A,N,A,A,N,N,N,N,N,N,N,A,N,N,N,N,N,N,N,N,N,N,A,A
YUC9,N,N,N,N,N,N,N,B,N,N,B,N,N,N,N,N,B,N,N,N,N,N,N,N,N,B,N,N,N,N,N,N
YUC3,N,N,N,N,N,N,N,B,N,N,B,N,N,N,N,N,B,N,N,N,N,N,N,N,N,B,N,N,N,N,N,N
YUC11,N,N,N,N,N,N,N,B,N,N,B,N,N,N,N,N,B,N,N,N,N,N,N,N,N,B,N,N,N,N,N,N
YUC10,N,N,N,N,N,N,N,B,N,N,B,N,N,N,N,N,B,N,N,N,N,N,N,N,N,B,N,N,N,N,N,N
YUC7,N,N,N,N,N,N,N,B,N,N,B,N,N,N,N,N,B,N,N,N,N,N,N,N,N,B,N,N,N,N,N,N
YUC2,N,N,N,N,N,N,N,B,N,N,B,N,N,N,N,N,B,N,N,N,N,N,N,N,N,B,N,N,N,N,N,N
YUC8,N,N,N,N,N,N,N,B,N,N,B,N,N,N,N,N,B,N,N,N,N,N,N,N,N,B,N,N,N,N,N,N
YUC1,N,N,N,N,N,N,N,B,N,N,B,N,N,N,N,N,B,N,N,N,N,N,N,N,N,B,N,N,N,N,N,N
YUC4,N,N,N,N,N,N,N,B,N,N,B,N,N,N,N,N,B,N,N,N,N,N,N,N,N,B,N,N,N,N,N,N
YUC6,N,N,N,N,N,N,N,B,N,N,B,N,N,N,N,N,B,N,N,N,N,N,N,N,N,B,N,N,N,N,N,N
YUC5,N,N,N,N,N,N,N,B,N,N,B,N,N,N,N,N,B,N,N,N,N,N,N,N,N,B,N,N,N,N,N,N
TAR1,A,N,A,N,N,N,N,N,A,N,A,N,N,N,N,N,N,N,N,N,N,A,N,N,N,N,N,N,N,N,N,N
TAA1,A,N,A,N,N,N,N,N,A,N,A,N,N,N,N,N,N,N,N,N,N,A,N,N,N,N,N,N,N,N,N,N
TAR2,A,N,A,N,N,N,N,N,A,N,A,N,N,N,N,N,N,N,N,N,N,A,N,N,N,N,N,N,N,N,N,N
