GGTB2;GTB;B4GAL-T1;GT1;beta4Gal-T1;CDG2D;B4GALT1,N,N,N,N,N,N,N,N,N,N,N,N,N,N,N,N,N,N,N,N,N,N,N,N,N,N,N,N,N,N,N,N
B4GALT3;beta4Gal-T3,N,N,N,N,N,N,N,N,N,N,N,N,N,N,N,N,N,N,N,N,N,N,N,N,N,N,N,N,N,N,N,N
B4Gal-T3;B4Gal-T2;B4GALT2;beta4Gal-T2,N,N,N,N,N,N,N,N,N,N,N,N,N,N,N,N,N,N,N,N,N,N,N,N,N,N,N,N,N,N,N,N
MDDGB1;POMT1;LGMD2K;RT;MDDGA1;MDDGC1,A,A,N,N,N,A,N,A,A,N,N,N,N,A,N,A,N,N,N,N,N,A,N,A,A,A,N,A,N,N,A,N
POMT2;MDDGC2;MDDGA2;LGMD2N;MDDGB2,A,A,N,N,N,A,N,A,A,N,N,N,N,A,N,A,N,N,N,N,N,A,N,A,A,A,N,A,N,N,A,N
POMGNT1;RP76;MGAT1.2;gnT-I.2;GnT_I.2;MEB;GNTI.2;LGMD2O,N,D,D,D,N,N,D,N,D,N,D,N,D,D,N,D,D,D,D,N,D,D,D,D,N,D,D,N,D,N,D,D
ST3GALII;EIEE15;ST3Gal_III;ST3GalIII;SIAT6;ST3N;ST3GAL3;MRT12,N,N,N,N,N,N,N,N,N,N,N,N,N,N,N,N,N,N,N,N,N,N,N,N,N,N,N,N,N,N,N,N
B3GAT2;GLCATS,N,N,N,N,N,N,N,N,N,N,N,N,N,N,N,N,N,N,N,N,N,N,N,N,N,N,N,N,N,N,N,N
GLCATP;NK1;HNK1;GLCUATP;NK-1;LEU7;CD57;B3GAT1,N,N,N,N,N,N,N,N,N,N,N,N,N,N,N,N,N,N,N,N,N,N,N,N,N,N,N,N,N,N,N,N
HNK1ST;CHST10;HNK-1ST,N,N,N,N,N,N,N,N,N,N,N,N,N,N,N,N,N,N,N,N,N,N,N,N,N,N,N,N,N,N,N,N
Fuc-TIX;FUT9,N,B,N,N,N,N,N,N,N,N,B,N,N,N,N,N,N,N,B,N,N,N,B,N,N,N,N,N,N,N,B,N
ELFT;FUC-TIV;FCT3A;SSEA-1;LeX;CD15;FUT4;FUTIV,N,B,N,N,N,N,N,N,N,N,B,N,N,N,N,N,N,N,B,N,N,N,B,N,N,N,N,N,N,N,B,N
GnT-VB;GnT-IX;MGAT5B,N,N,N,N,N,N,N,N,N,N,N,N,N,N,N,N,N,N,N,N,N,N,N,N,N,N,N,N,N,N,N,N
C3orf39;GTDC2;AGO61;MDDGA8;POMGNT2,A,N,N,N,N,A,A,A,A,N,A,N,N,N,N,N,A,A,A,A,A,A,N,N,N,N,A,N,A,N,A,N
B3GalNAc-T2;B3GALNT2;MDDGA11,N,N,N,N,N,N,N,N,A,N,A,N,N,N,N,N,A,N,N,N,N,N,N,N,N,A,A,N,N,N,A,A
MDDGA12;POMK;SGK196;MDDGC12,B,B,B,B,B,B,N,B,B,N,B,B,B,B,B,N,B,B,B,B,B,B,B,B,B,B,N,B,B,N,B,B
GYLTL1B;PP5656;LARGE2,N,N,N,N,N,N,N,A,A,N,A,N,A,A,N,N,A,N,A,A,N,A,A,N,N,N,A,A,N,N,A,N
MDDGA6;MDDGB6;MDC1D;LARGE;LARGE1,N,N,N,N,N,N,N,A,A,N,A,N,A,A,N,N,A,N,A,A,N,A,A,N,N,N,A,A,N,N,A,N
B3GN-T1;B3GNT6;MDDGA13;iGAT;iGNT;B3GNT1;BETA3GNTI;B4GAT1,N,N,N,N,N,N,N,A,A,N,A,N,A,A,N,N,A,N,N,A,N,A,N,N,N,N,A,A,N,N,N,N
MDDGA7;ISPD;Nip;hISPD;hCG_1745121;MDDGC7,N,N,N,N,N,N,N,N,N,N,N,N,N,N,N,N,N,N,N,N,N,N,N,N,N,N,N,N,N,N,N,N
MDDGB4;FKTN;LGMD2M;MDDGC4;CMD1X;MDDGA4;FCMD,N,N,N,N,N,N,N,N,N,N,N,N,N,N,N,N,N,N,N,N,N,N,N,N,N,N,N,N,N,N,N,N
MDC1C;MDDGC5;MDDGB5;MDDGA5;LGMD2I;FKRP,N,N,N,N,N,N,N,N,N,N,N,N,N,N,N,N,N,N,N,N,N,N,N,N,N,N,N,N,N,N,N,N
HP10481;MDDGA10;TMEM5,N,N,N,N,N,N,N,N,N,N,N,N,N,N,N,N,N,N,N,N,N,N,N,N,N,N,N,N,N,N,N,N
