TRXR2;TR-BETA;TXNRD2;TR3;TR;SELZ,B,N,N,N,N,N,N,N,N,N,B,N,N,B,N,N,N,N,N,N,N,B,N,N,B,N,N,N,N,N,N,N
TGR;TR2;TRXR3;TXNRD3,B,N,N,N,N,N,N,N,B,N,B,N,N,B,N,N,N,N,B,N,N,B,N,N,B,N,B,N,N,N,N,B
GRIM-12;TXNR;TRXR1;TR1;TR;TXNRD1,B,N,N,N,N,N,N,N,B,N,B,N,N,B,N,N,N,N,B,N,N,B,N,N,B,N,B,N,N,N,N,B
SPS2;SEPHS2,B,N,N,N,B,N,B,N,N,N,N,N,N,N,N,N,N,N,N,N,N,N,N,N,N,N,N,B,N,N,N,N
SELD;SPS;SEPHS1;SPS1,B,N,N,N,B,N,B,N,N,N,N,N,N,N,N,N,N,N,N,N,N,N,N,N,N,N,N,B,N,N,N,N
METRS;ILLD;CMT2U;MARS;SPG70;MRS;MTRNS;ILFS2,D,D,D,N,D,N,D,D,N,N,D,D,N,D,D,D,D,D,N,D,D,D,D,D,D,N,D,N,D,N,D,D
MetRS;MARS2;COXPD25;mtMetRS,D,D,D,N,D,N,D,D,N,N,D,D,N,D,D,D,D,D,N,D,D,D,D,D,D,N,D,N,D,N,D,D
CCBL2;KAT3;KYAT3;KATIII,D,N,D,D,D,D,N,D,D,N,D,D,D,D,D,D,D,D,D,D,D,D,D,D,N,N,N,D,D,N,D,D
KATI;KAT1;KYAT1;CCBL1;GTK,D,N,D,D,D,D,N,D,D,N,D,D,D,D,D,D,D,D,D,D,D,D,D,D,N,N,N,D,D,N,D,D
C10orf89;PSTK,B,B,N,N,N,N,N,B,N,N,N,B,N,N,N,N,N,N,N,N,N,N,B,N,N,B,N,N,N,N,B,B
PCH2D;SLA;LP;SLA/LP;SEPSECS,A,A,A,N,N,A,N,A,N,N,A,N,A,N,A,N,A,A,N,N,N,N,A,N,N,A,N,N,N,N,A,N
CTH,N,N,D,N,D,N,D,D,N,N,N,N,N,D,D,N,D,N,N,N,N,N,N,D,N,N,N,N,D,N,N,N
SCL;SCLY;hSCL,N,N,B,N,N,N,N,N,B,N,B,N,N,N,N,N,N,N,N,B,N,N,N,N,N,N,N,N,N,N,N,N
ATPSK2;BCYM4;PAPSS2;SK2,N,A,A,N,N,N,N,N,A,N,N,N,N,N,A,N,N,N,N,N,N,N,N,N,N,N,N,N,A,N,A,N
PAPSS1;SK1;ATPSK1;PAPSS,N,A,A,N,N,N,N,N,A,N,N,N,N,N,A,N,N,N,N,N,N,N,N,N,N,N,N,N,A,N,A,N
HMAG;cblG;MTR;MS,N,N,N,N,N,B,N,N,N,N,B,N,N,N,N,N,N,N,N,B,N,N,B,N,N,N,N,N,N,N,N,N
INMT;TEMT,N,N,N,N,N,N,N,N,N,N,N,N,N,N,N,N,N,N,N,N,N,N,N,N,N,N,N,N,N,N,N,N
