fahd1,N,N,N,N,N,N,N,B,N,N,B,N,B,N,N,N,N,N,N,N,N,N,B,N,N,N,N,N,N,N,N,N
mai,N,N,B,N,B,N,B,N,B,N,B,B,B,B,B,N,B,N,N,N,N,B,N,N,N,B,N,B,N,N,B,B
hgd,B,N,N,N,N,B,N,B,N,N,B,N,N,N,N,N,N,N,N,N,N,B,B,B,N,N,N,B,N,N,N,N
aatA,N,N,D,D,N,N,D,D,N,N,D,N,D,N,N,D,D,N,N,D,D,N,N,N,D,D,N,N,N,N,D,N
aatB,N,N,D,D,N,N,D,D,N,N,D,N,D,N,N,D,D,N,N,D,D,N,N,N,D,D,N,N,N,N,D,N
hpd,N,B,N,N,N,B,N,N,N,N,N,N,N,N,N,N,B,N,B,N,B,N,N,N,N,B,N,B,N,B,N,N
comG,D,D,D,N,D,D,D,D,D,N,D,D,D,D,D,D,D,D,D,D,D,D,D,D,D,D,D,D,D,D,D,N
maoB-1,N,B,N,N,N,N,N,B,N,N,B,N,B,B,N,N,N,N,N,N,N,N,B,N,N,N,N,N,N,N,N,N
maoC-1,N,B,N,N,N,N,N,B,N,N,B,N,B,B,N,N,N,N,N,N,N,N,B,N,N,N,N,N,N,N,N,N
maoC-2,N,B,N,N,N,N,N,B,N,N,B,N,B,B,N,N,N,N,N,N,N,N,B,N,N,N,N,N,N,N,N,N
maoB-2,N,B,N,N,N,N,N,B,N,N,B,N,B,B,N,N,N,N,N,N,N,N,B,N,N,N,N,N,N,N,N,N
maoA,N,N,N,N,N,N,N,B,N,N,B,N,N,B,N,N,N,N,N,N,N,N,B,N,N,N,N,N,N,N,N,N
tat,D,N,D,D,D,D,N,D,D,N,D,D,D,D,D,D,D,D,D,D,D,D,D,D,N,N,N,D,D,N,D,D
fah,N,N,N,N,N,N,N,B,N,N,B,N,B,N,N,N,N,N,N,N,N,N,B,N,N,N,N,N,N,N,N,N
adh5,A,N,N,N,A,N,N,N,N,N,A,N,N,N,N,N,N,A,N,N,N,N,N,N,N,N,N,N,N,A,N,N
