catB,B,N,B,N,N,B,B,B,B,N,B,B,N,N,B,N,N,N,B,N,B,N,N,N,B,N,N,B,N,N,N,B
catA,B,N,B,N,N,B,B,B,B,N,B,B,N,N,B,N,N,N,B,N,B,N,N,N,B,N,N,B,N,N,N,B
maoB-1,N,B,N,N,N,N,N,B,N,N,B,N,B,B,N,N,N,N,N,N,N,N,B,N,N,N,N,N,N,N,N,N
maoC-1,N,B,N,N,N,N,N,B,N,N,B,N,B,B,N,N,N,N,N,N,N,N,B,N,N,N,N,N,N,N,N,N
maoC-2,N,B,N,N,N,N,N,B,N,N,B,N,B,B,N,N,N,N,N,N,N,N,B,N,N,N,N,N,N,N,N,N
maoB-2,N,B,N,N,N,N,N,B,N,N,B,N,B,B,N,N,N,N,N,N,N,N,B,N,N,N,N,N,N,N,N,N
maoA,N,N,N,N,N,N,N,B,N,N,B,N,N,B,N,N,N,N,N,N,N,N,B,N,N,N,N,N,N,N,N,N
8,D,N,D,N,D,D,D,N,D,N,D,D,D,D,D,N,D,D,D,N,D,D,D,N,D,D,N,D,N,D,D,N
echs1,D,D,D,N,D,D,D,D,D,N,D,D,D,D,D,D,D,D,D,D,D,D,D,D,N,D,N,D,D,N,D,D
10,D,D,D,N,D,D,D,D,D,N,D,D,D,D,D,D,D,D,D,D,D,D,D,D,N,D,N,D,D,N,D,D
gcdh,D,D,D,D,D,D,D,D,D,N,D,D,D,D,D,D,D,D,D,D,D,D,D,D,D,D,N,D,D,D,D,D
ogdh,D,D,D,D,D,D,D,D,D,N,D,D,D,D,D,D,D,D,D,D,D,D,D,D,D,D,D,D,D,D,D,D
acmsd,N,N,N,N,N,N,N,N,N,N,N,N,N,N,N,N,N,N,N,N,N,N,N,N,N,N,N,N,N,N,N,N
haao,B,N,B,N,N,B,N,N,N,N,B,N,B,N,N,N,N,N,B,N,B,N,B,N,B,N,N,B,B,N,B,B
kynu,N,N,B,B,N,B,B,N,N,N,N,N,N,N,N,N,N,N,N,N,B,N,N,N,N,N,N,N,N,N,N,N
kmo,N,B,B,N,B,N,B,B,B,N,B,N,N,B,N,N,N,B,B,B,B,N,B,B,N,B,N,N,N,N,B,N
tdo,N,N,N,N,N,N,N,N,N,N,N,N,N,N,N,N,N,N,N,N,N,N,N,N,N,N,N,N,N,N,N,N
ccbl,D,N,D,D,D,D,N,D,D,N,D,D,D,D,D,D,D,D,D,D,D,D,D,D,N,N,N,D,D,N,D,D
19,D,N,N,N,N,D,N,N,D,N,N,D,D,N,N,N,N,N,N,N,N,N,N,N,N,N,N,D,N,N,D,N
20,D,D,D,N,D,D,D,D,D,N,D,D,D,D,D,D,D,D,D,D,D,D,D,D,D,D,D,D,D,D,D,N
21,D,D,D,N,D,D,D,D,D,N,D,D,D,D,D,D,D,D,D,D,D,D,D,D,D,D,D,D,D,D,D,N
22,D,D,D,N,D,D,D,D,D,N,D,D,D,D,D,D,D,D,D,D,D,D,D,D,D,D,D,D,D,D,D,N
23,N,D,N,N,D,N,N,N,N,N,D,N,N,N,N,N,D,D,N,N,N,N,D,D,D,N,N,N,N,N,N,N
