1,D,D,D,N,D,D,D,D,D,N,D,D,D,D,D,D,D,D,D,D,D,D,D,D,D,D,D,D,D,D,D,N
2,D,D,D,N,D,D,D,D,D,N,D,D,D,D,D,D,D,D,D,D,D,D,D,D,D,D,D,D,D,D,D,N
3,D,D,D,N,D,D,D,D,D,N,D,D,D,D,D,D,D,D,D,D,D,D,D,D,D,D,D,D,D,D,D,N
spsA,D,N,D,N,N,N,N,D,D,N,D,D,N,N,N,N,N,D,N,D,N,N,N,N,D,D,D,N,N,N,D,N
amd1,N,B,B,N,B,B,N,N,B,N,B,N,N,B,N,N,B,B,N,N,N,N,N,B,B,B,N,N,N,B,B,B
maoB-1,N,B,N,N,N,N,N,B,N,N,B,N,B,B,N,N,N,N,N,N,N,N,B,N,N,N,N,N,N,N,N,N
maoC-1,N,B,N,N,N,N,N,B,N,N,B,N,B,B,N,N,N,N,N,N,N,N,B,N,N,N,N,N,N,N,N,N
maoC-2,N,B,N,N,N,N,N,B,N,N,B,N,B,B,N,N,N,N,N,N,N,N,B,N,N,N,N,N,N,N,N,N
maoB-2,N,B,N,N,N,N,N,B,N,N,B,N,B,B,N,N,N,N,N,N,N,N,B,N,N,N,N,N,N,N,N,N
maoA,N,N,N,N,N,N,N,B,N,N,B,N,N,B,N,N,N,N,N,N,N,N,B,N,N,N,N,N,N,N,N,N
oatA,D,D,D,N,N,D,N,D,D,N,D,D,D,D,D,D,D,D,D,D,D,D,D,D,N,D,D,D,D,D,D,D
12,N,N,N,N,N,N,B,N,N,N,B,N,N,N,N,B,N,N,N,N,B,N,B,B,N,N,B,N,N,N,B,N
13,D,D,D,N,D,D,D,D,D,N,D,D,D,D,D,D,D,D,D,D,D,D,D,D,D,D,D,N,N,D,D,N
14,N,N,N,N,N,N,N,N,N,N,N,N,N,N,N,N,N,N,N,N,N,N,N,N,N,N,N,N,N,N,N,N
15,N,B,B,N,N,N,B,N,B,N,B,N,N,B,N,N,N,B,N,N,N,N,N,B,N,N,N,N,N,N,B,N
ddo-2,N,N,N,N,N,N,N,N,N,N,N,N,N,N,N,N,N,N,N,N,N,N,N,N,N,N,N,N,N,N,N,N
ddo-1,N,N,N,N,N,N,N,N,N,N,N,N,N,N,N,N,N,N,N,N,N,N,N,N,N,N,N,N,N,N,N,N
18,D,D,D,N,N,N,N,D,D,N,D,N,D,D,N,N,D,D,D,D,N,D,D,N,D,D,N,N,D,N,D,D
aatA,N,N,D,D,N,N,D,D,N,N,D,N,D,N,N,D,D,N,N,D,D,N,N,N,D,D,N,N,N,N,D,N
aatB,N,N,D,D,N,N,D,D,N,N,D,N,D,N,N,D,D,N,N,D,D,N,N,N,D,D,N,N,N,N,D,N
lap,N,D,N,N,D,D,D,D,D,N,D,N,D,N,D,D,D,D,D,D,D,D,D,D,N,D,D,D,N,D,D,D
22,N,N,N,N,A,N,N,N,N,N,A,N,N,N,N,N,A,N,N,N,N,N,N,N,N,N,N,N,N,N,N,A
odc,N,N,N,N,N,N,N,N,N,N,N,N,N,N,N,N,N,N,N,N,N,N,N,N,N,N,N,N,N,N,N,N
