CBG;CBGL1;KLRP;GBA3;GLUC,N,N,N,N,N,N,N,D,D,N,D,D,N,D,N,N,N,D,N,D,N,N,N,N,N,N,D,N,N,N,D,N
HK1;hexokinase;HMSNR;RP79;HK1-tc;HKI;HKD;HK1-tb;HXK1;HK1-ta;HK,N,N,N,N,A,N,N,N,A,N,N,N,N,N,N,N,A,N,N,N,N,N,N,N,A,A,N,N,N,N,A,A
HXK2;HKII;HK2,N,N,N,N,A,N,N,N,A,N,N,N,N,N,N,N,A,N,N,N,N,N,N,N,A,A,N,N,N,N,A,A
HK3;HXK3;HKIII,N,N,N,N,A,N,N,N,A,N,N,N,N,N,N,N,A,N,N,N,N,N,N,N,A,A,N,N,N,N,A,A
HKDC1,N,N,N,N,A,N,N,N,A,N,N,N,N,N,N,N,A,N,N,N,N,N,N,N,A,A,N,N,N,N,A,A
LYAG;GAA,N,N,N,N,N,C,N,N,C,N,C,N,N,N,C,N,N,N,N,N,C,C,N,N,N,N,N,N,N,N,C,C
GANC,N,N,N,N,N,C,N,N,C,N,C,N,N,N,C,N,N,N,N,N,C,C,N,N,N,N,N,N,N,N,C,C
MGAM;MG;MGA,N,N,N,N,N,C,N,N,C,N,C,N,N,N,C,N,N,N,N,N,C,C,N,N,N,N,N,N,N,N,C,C
MGAM2,N,N,N,N,N,C,N,N,C,N,C,N,N,N,C,N,N,N,N,N,C,C,N,N,N,N,N,N,N,N,C,C
SI,N,N,N,N,N,C,N,N,C,N,C,N,N,N,C,N,N,N,N,N,C,C,N,N,N,N,N,N,N,N,C,C
ARHR2;COLED;NPP1;NPPS;M6S1;PC-1;PDNP1;PCA1;ENPP1,B,N,N,N,N,N,N,N,B,N,N,N,N,N,B,B,N,N,B,N,N,N,B,N,N,B,N,N,N,N,N,N
ENPP3;B10;NPP3;PDNP3;PD-IBETA;CD203c,B,N,N,N,N,N,N,N,B,N,N,N,N,N,B,B,N,N,B,N,N,N,B,N,N,B,N,N,N,N,N,N
PMMLP;PGM2L1;BM32A,N,N,N,N,N,N,N,N,N,N,N,N,N,N,N,N,N,N,N,N,N,N,N,N,N,N,N,N,N,N,N,N
pHC379;UDPGP2;UGPP2;UGP1;UGP2;UDPGP;UDPG;UGPP1,B,N,B,N,B,N,B,B,B,N,B,N,B,N,N,B,N,B,N,N,B,B,N,B,N,B,N,B,B,B,B,N
GYG;GSD15;GYG1,A,N,N,N,N,N,N,N,A,N,A,N,N,A,N,N,N,A,N,A,N,N,A,N,N,A,N,N,N,N,A,N
GSY;GYS1;GYS,N,N,N,N,N,N,N,N,N,N,N,N,N,N,N,N,N,N,N,N,N,N,N,N,N,N,N,N,N,N,N,N
GYS2,N,N,N,N,N,N,N,N,N,N,N,N,N,N,N,N,N,N,N,N,N,N,N,N,N,N,N,N,N,N,N,N
GN2;GYG2;GN-2,A,N,N,N,N,N,N,N,A,N,A,N,N,A,N,N,N,A,N,A,N,N,A,N,N,A,N,N,N,N,A,N
CDG1T;PGM1;GSD14,N,N,N,N,N,N,N,N,N,N,N,N,N,N,N,N,N,N,N,N,N,N,N,N,N,N,N,N,N,N,N,N
MSTP006;PGM2,N,N,N,N,N,N,N,N,N,N,N,N,N,N,N,N,N,N,N,N,N,N,N,N,N,N,N,N,N,N,N,N
G6PC1;G6PC;G6Pase;G6PT;GSD1;GSD1a,N,N,N,N,N,N,N,N,N,N,N,N,N,N,N,N,N,N,N,N,N,N,N,N,N,N,N,N,N,N,N,N
G6PC2;IGRP,N,N,N,N,N,N,N,N,N,N,N,N,N,N,N,N,N,N,N,N,N,N,N,N,N,N,N,N,N,N,N,N
G6PC3;SCN4;UGRP,N,N,N,N,N,N,N,N,N,N,N,N,N,N,N,N,N,N,N,N,N,N,N,N,N,N,N,N,N,N,N,N
GK;GLK;FGQTL3;MODY2;HXKP;GCK;LGLK;HHF3;HKIV;HK4,N,N,N,N,A,N,N,N,A,N,N,N,N,N,N,N,A,N,N,N,N,N,N,N,A,A,N,N,N,N,A,A
GPI;NLK;GNPI;PHI;SA-36;SA36;AMF;PGI,N,N,N,N,N,N,N,N,N,N,N,N,N,N,N,N,N,N,N,N,N,N,N,N,N,N,N,N,N,N,N,N
GBE;APBD;GSD4;GBE1,N,N,B,N,N,N,B,N,N,N,N,N,N,N,N,N,N,N,B,N,N,N,N,N,N,N,N,N,N,N,B,N
TREH;TREA;TRE,N,N,D,N,N,N,N,N,D,N,N,N,N,D,N,N,D,N,N,N,N,N,N,N,N,N,N,D,D,N,N,N
AMY1;AMY1A,N,N,N,N,N,A,N,N,N,N,A,N,N,N,A,N,N,N,N,N,N,A,N,N,N,N,N,N,N,N,A,N
AMY1B;AMY1,N,N,N,N,N,A,N,N,N,N,A,N,N,N,A,N,N,N,N,N,N,A,N,N,N,N,N,N,N,N,A,N
AMY1;AMY1C,N,N,N,N,N,A,N,N,N,N,A,N,N,N,A,N,N,N,N,N,N,A,N,N,N,N,N,N,N,N,A,N
AMY2A;AMY2;PA,N,N,N,N,N,A,N,N,N,N,A,N,N,N,A,N,N,N,N,N,N,A,N,N,N,N,N,N,N,N,A,N
AMY3;AMY2;AMY2B;HXA,N,N,N,N,N,A,N,N,N,N,A,N,N,N,A,N,N,N,N,N,N,A,N,N,N,N,N,N,N,N,A,N
GDE;AGL,N,N,D,N,N,N,D,N,N,N,N,N,N,N,N,D,N,N,N,N,N,N,N,N,N,N,D,N,N,N,N,N
GPBB;PYGB,N,N,N,N,N,N,N,N,N,N,N,N,N,N,N,N,N,N,N,N,N,N,N,N,N,N,N,N,N,N,N,N
PYGL;GSD6,N,N,N,N,N,N,N,N,N,N,N,N,N,N,N,N,N,N,N,N,N,N,N,N,N,N,N,N,N,N,N,N
PYGM,N,N,N,N,N,N,N,N,N,N,N,N,N,N,N,N,N,N,N,N,N,N,N,N,N,N,N,N,N,N,N,N
