GPI;NLK;GNPI;PHI;SA-36;SA36;AMF;PGI,N,N,N,N,N,N,N,N,N,N,N,N,N,N,N,N,N,N,N,N,N,N,N,N,N,N,N,N,N,N,N,N
RBKS;RK;RBSK,N,B,N,N,N,N,N,N,B,N,N,B,N,N,N,N,N,N,N,N,N,N,B,N,N,N,N,N,N,N,N,N
MSTP006;PGM2,N,N,N,N,N,N,N,N,N,N,N,N,N,N,N,N,N,N,N,N,N,N,N,N,N,N,N,N,N,N,N,N
DERA;CGI-26;DEOC,N,N,N,N,N,N,N,N,N,N,N,N,N,N,N,N,N,N,N,N,N,N,N,N,N,N,N,N,N,N,N,N
PRS-III;PRPS1L1;PRPSL;PRPS1;PRPS3,N,N,D,D,D,D,D,N,D,N,D,N,D,N,N,N,N,D,D,N,N,N,D,N,D,D,D,D,N,D,D,N
PPRibP;CMTX5;DFNX1;PRS-I;DFN2;PRPS1;ARTS;PRSI,N,N,D,D,D,D,D,N,D,N,D,N,D,N,N,N,N,D,D,N,N,N,D,N,D,D,D,D,N,D,D,N
PRPS2;PRSII,N,N,D,D,D,D,D,N,D,N,D,N,D,N,N,N,N,D,D,N,N,N,D,N,D,D,D,D,N,D,D,N
TKT1;TK;TKT;HEL107;SDDHD;HEL-S-48,D,D,N,N,D,D,D,D,D,N,D,D,D,D,D,D,N,D,D,N,D,N,D,D,N,N,D,D,N,N,D,N
TKT2;TKTL1;TKR,D,N,N,N,D,D,D,D,D,N,D,D,N,D,D,D,N,D,D,N,N,N,N,D,N,N,D,D,N,N,D,N
TKTL2,D,D,N,N,D,D,D,D,D,N,D,D,D,D,D,D,N,D,D,N,D,N,D,D,N,N,D,D,N,N,D,N
RPIA;RPIAD;RPI,D,N,D,N,N,D,D,D,D,N,D,N,D,D,N,D,N,D,N,N,N,N,N,N,N,D,D,N,N,N,D,N
RPE;RPE2-1,D,D,D,D,D,D,D,D,D,N,D,N,D,N,N,D,N,D,D,D,D,N,N,D,N,N,D,N,D,D,D,N
RPEL1,D,D,D,D,D,D,D,D,D,N,D,N,D,N,N,D,N,D,D,D,D,N,N,D,N,N,D,N,D,D,D,N
GSD12;ALDA;ALDOA;HEL-S-87p,N,B,B,B,B,N,B,B,B,N,B,N,B,B,B,B,B,B,B,B,B,B,B,B,N,B,N,N,B,B,B,B
ALDOB;ALDB;ALDO2,N,B,B,B,B,N,B,B,B,N,B,N,B,B,B,B,B,B,B,B,B,B,B,B,N,B,N,N,B,B,B,B
ALDOC;ALDC,N,B,B,B,B,N,B,B,B,N,B,N,B,B,B,B,B,B,B,B,B,B,B,B,N,B,N,N,B,B,B,B
PFK-L;PFKL;ATP-PFK;PFK-B,B,B,B,B,N,N,B,N,B,N,B,N,N,B,N,N,N,B,N,B,B,N,N,B,B,N,B,N,B,N,B,N
PFK-1;PPP1R122;PFKX;PFKM;PFK1;GSD7;PFKA;PFK-A;ATP-PFK,B,B,B,B,N,N,B,N,B,N,B,N,N,B,N,N,N,B,N,B,B,N,N,B,B,N,B,N,B,N,B,N
PFK-P;PFK-C;PFKP;PFKF;ATP-PFK,B,B,B,B,N,N,B,N,B,N,B,N,N,B,N,N,N,B,N,B,B,N,N,B,B,N,B,N,B,N,B,N
FBP;FBP1,D,D,D,N,D,N,D,D,D,N,D,N,D,D,D,N,D,N,N,N,D,N,D,D,N,N,N,N,N,N,D,N
FBP2,D,D,D,N,D,N,D,D,D,N,D,N,D,D,D,N,D,N,N,N,D,N,D,D,N,N,N,N,N,N,D,N
6PGD;PGD,D,N,D,N,N,D,D,N,D,N,N,N,D,N,D,N,N,N,D,D,N,N,N,N,D,N,D,N,D,N,D,N
PGLS;6PGL;HEL-S-304,N,N,B,N,N,N,B,B,N,N,B,N,N,B,N,N,N,N,N,N,N,N,N,B,N,N,N,N,N,N,B,N
G6PD;G6PD1,B,B,B,B,B,B,B,B,B,N,B,B,B,B,B,B,B,B,B,B,B,B,B,B,B,B,B,B,B,N,B,B
hGntK;C9orf103;IDNK;bA522I20.2,N,N,N,N,N,N,N,N,N,N,N,N,N,N,N,N,N,N,N,N,N,N,N,N,N,N,N,N,N,N,N,N
SMP30;RGN;HEL-S-41;RC;GNL,N,N,N,N,N,N,N,N,N,N,N,N,N,N,N,N,N,N,N,N,N,N,N,N,N,N,N,N,N,N,N,N
TALH;TAL;TAL-H;TALDOR;TALDO1,N,N,N,N,N,N,N,N,B,N,B,N,N,N,N,B,N,N,N,N,B,B,N,N,N,N,N,N,N,N,N,N
CDG1T;PGM1;GSD14,N,N,N,N,N,N,N,N,N,N,N,N,N,N,N,N,N,N,N,N,N,N,N,N,N,N,N,N,N,N,N,N
HBeAgBP4A;HBEBP2;HBEBP4;GLYCTK,N,N,N,N,N,N,N,N,N,N,N,N,N,N,N,N,N,N,N,N,N,N,N,N,N,N,N,N,N,N,N,N
GDH;H6PD;CORTRD1;G6PDH,B,B,B,B,B,B,B,B,B,N,B,B,B,B,B,B,B,B,B,B,B,B,B,B,B,B,B,B,B,N,B,B
