17-beta-HSD;SDR28C1;EDH17B2;20-alpha-HSD;EDHB17;HSD17B1;HSD17;E2DH,D,D,D,D,D,D,D,D,D,N,D,D,D,D,D,D,D,D,D,D,D,D,D,D,D,D,D,D,D,D,D,D
HSD17B2;SDR9C2;HSD17;EDH17B2,D,D,D,D,D,D,D,D,D,N,D,D,D,D,D,D,D,D,D,D,D,D,D,D,D,D,D,D,D,D,D,D
HSD17B12;KAR;SDR12C1,D,D,D,D,D,D,D,D,D,N,D,D,D,D,D,D,D,D,D,D,D,D,D,D,D,D,D,D,D,D,D,D
PRAP;SDR37C1;HSD17B7,D,D,D,N,D,D,N,N,D,N,D,N,D,D,D,N,N,D,D,D,N,D,N,N,N,D,N,D,N,N,D,D
H2-KE6;D6S2245E;FABG;FABGL;HKE6;HSD17B8;dJ1033B10.9;KE6;SDR30C1;RING2,D,D,D,D,D,D,D,D,D,N,D,D,D,D,D,D,D,D,D,D,D,D,D,D,D,D,D,D,D,D,D,D
SDR9C6;HSE;RODH;HSD17B6,D,D,D,D,D,D,D,D,D,N,D,D,D,D,D,D,D,D,D,D,D,D,D,D,D,D,D,D,D,D,D,D
STS;ASC;ARSC1;SSDD;XLI;ES;ARSC,N,N,N,N,N,N,N,N,N,N,N,N,N,N,N,N,N,N,N,N,N,N,N,N,N,N,N,N,N,N,N,N
SULT2B1;HSST2;ARCI14,A,N,A,N,N,N,A,N,A,N,A,N,N,A,N,N,N,A,N,A,A,A,N,N,N,N,N,N,N,A,A,N
CYPXIA1;CYP11A;P450SCC;CYP11A1,D,D,D,N,D,D,D,D,D,N,D,D,D,D,D,D,D,D,D,D,D,D,D,D,N,D,D,D,D,D,D,D
CYP17;P450C17;CYP17A1;CPT7;S17AH,D,D,D,N,D,D,D,D,D,N,D,D,D,D,D,D,D,D,D,D,D,D,D,D,N,D,D,D,D,D,D,D
CYP21;P450c21B;CAH1;CPS1;CYP21B;CA21H;CYP21A2,D,D,D,N,D,D,D,D,D,N,D,D,D,D,D,D,D,D,D,D,D,D,D,D,N,D,D,D,D,D,D,D
HSDB3;SDR11E1;HSD3B1;I;HSDB3A;HSD3B;3BETAHSD,B,N,N,N,N,N,N,N,B,N,N,N,N,B,N,N,N,N,N,N,N,N,N,N,N,N,N,N,N,N,B,N
HSD3B2;HSD3B;HSDB;SDR11E2,B,N,N,N,N,N,N,N,B,N,N,N,N,B,N,N,N,N,N,N,N,N,N,N,N,N,N,N,N,N,B,N
SPG5A;CP7B;CYP7B1;CBAS3,D,D,D,N,D,D,D,D,D,N,D,N,D,D,D,D,D,D,D,D,D,D,D,D,D,D,N,D,D,N,D,D
CYP11B;CPN1;CYP11B1;P450C11;FHI,D,D,D,N,D,D,D,D,D,N,D,D,D,D,D,D,D,D,D,D,D,D,D,D,N,D,D,D,D,D,D,D
CYP11B2;CYP11BL;CYP11B;P450aldo;CPN2;ALDOS;CYPXIB2;P-450C18;P450C18,D,D,D,N,D,D,D,D,D,N,D,D,D,D,D,D,D,D,D,D,D,D,D,D,N,D,D,D,D,D,D,D
CYP3A7-CYP3A51P;CYP3A7.1L;CYP3A7-3AP1;CYP3A7-CYP3AP1,D,D,D,N,D,D,D,D,D,N,D,D,D,D,D,D,D,D,D,D,D,D,D,D,N,D,D,D,D,D,D,D
P1-450;CYP1;CYP1A1;AHRR;P450DX;P450-C;CYPIA1;AHH;CP11,D,D,D,N,D,D,D,D,D,N,D,D,D,D,D,D,D,D,D,D,D,D,D,D,N,D,D,D,D,D,D,D
P3-450;CYPIA2;CP12;CYP1A2;P450(PA),D,D,D,N,D,D,D,D,D,N,D,D,D,D,D,D,D,D,D,D,D,D,D,D,N,D,D,D,D,D,D,D
CP37;P450-HFLA;P-450(HFL33);CYPIIIA7;CYP3A7;P-450111A7,D,D,D,N,D,D,D,D,D,N,D,D,D,D,D,D,D,D,D,D,D,D,D,D,N,D,D,D,D,D,D,D
PCN3;P450PCN3;CYPIIIA5;CP35;CYP3A5,D,D,D,D,D,D,D,D,D,N,D,D,D,D,D,D,D,D,D,D,D,D,D,D,D,D,D,D,D,D,D,D
HAKRB;HSD17B5;DD3;HA1753;HAKRe;hluPGFS;DDX;AKR1C3;PGFS,D,N,N,N,N,D,N,D,D,N,D,N,D,N,D,N,N,D,N,D,N,D,N,D,D,D,N,N,N,N,D,N
S5AR_1;SRD5A1,A,N,A,A,A,N,N,N,A,N,A,N,N,A,N,A,A,N,A,N,A,N,N,A,N,A,A,A,N,N,N,A
SRD5A2,A,N,A,A,A,N,N,N,A,N,A,N,N,A,N,A,A,N,A,N,A,N,N,A,N,A,A,A,N,N,N,A
KRIZI;SRD5A2L;SRD5A3;CDG1Q;SRD5A2L1;CDG1P,A,A,A,N,A,A,N,N,A,N,N,A,N,A,N,A,A,N,N,N,A,N,N,A,N,A,N,A,N,N,N,A
HBAB;SRXY8;DD;HAKRD;MCDR2;DDH2;TDD;BABP;AKR1C2;DD2;DD/BABP;DD-2;AKR1C-pseudo,D,N,N,N,N,D,N,D,D,N,D,N,D,N,D,N,N,D,N,D,N,D,N,D,D,D,N,N,N,N,D,N
3o5bred;AKR1D1;SRD5B1;CBAS2,D,N,N,N,N,D,N,D,D,N,D,N,D,N,D,N,N,D,N,D,N,D,N,D,D,D,N,N,N,N,D,N
CHDR;AKR1C4;DD-4;C11;CDR;3-alpha-HSD;HAKRA;DD4,D,N,N,N,N,D,N,D,D,N,D,N,D,N,D,N,N,D,N,D,N,D,N,D,D,D,N,N,N,N,D,N
AKR1C1;DDH;C9;DDH1;MBAB;DD1;2-ALPHA-HSD;HAKRC;H-37;20-ALPHA-HSD;DD1/DD2;HBAB,D,N,N,N,N,D,N,D,D,N,D,N,D,N,D,N,N,D,N,D,N,D,N,D,D,D,N,N,N,N,D,N
11-beta-HSD1;SDR26C1;HSD11L;HSD11B1;11-DH;HSD11;HDL;HSD11B;CORTRD2,D,D,D,D,D,D,D,D,D,N,D,D,D,D,D,D,D,D,D,D,D,D,D,D,D,D,D,D,D,D,D,D
SDR9C3;HSD2;HSD11B2;AME;HSD11K;AME1,D,D,D,D,D,D,D,D,D,N,D,D,D,D,D,N,D,D,D,D,D,D,D,D,D,D,D,D,D,N,D,D
HSD17B3;EDH17B3;SDR12C2,D,D,D,D,D,D,D,D,D,N,D,D,D,D,D,D,D,D,D,D,D,D,D,D,D,D,D,D,D,N,D,D
UGT2B11,N,A,N,N,N,N,N,N,A,N,A,A,N,N,N,N,N,N,N,A,N,N,N,N,N,N,N,N,N,N,A,A
UDPGT2A1;UGT2A1,N,A,N,N,N,N,N,N,A,N,A,A,N,N,N,N,N,N,N,A,N,N,N,N,N,N,N,N,N,N,A,A
UGT2B28,N,A,N,N,N,N,N,N,A,N,A,A,N,N,N,N,N,N,N,A,N,N,N,N,N,N,N,N,N,N,A,A
UGT1-10;UGT1A10;UGT1.10;UGT1J;UGT-1J;UDPGT,N,A,N,N,N,N,N,N,A,N,A,A,N,N,N,N,N,N,N,A,N,N,N,N,N,N,N,N,N,N,A,A
UGT-1H;UGT1A8;UGT1A8S;UGT1.8;UGT1H;UGT1-08;UDPGT_1-8;UDPGT,N,A,N,N,N,N,N,N,A,N,A,A,N,N,N,N,N,N,N,A,N,N,N,N,N,N,N,N,N,N,A,A
UGT1A7;UGT1.7;UDPGT_1-7;UGT1G;UGT1-07;UGT-1G;UDPGT,N,A,N,N,N,N,N,N,A,N,A,A,N,N,N,N,N,N,N,A,N,N,N,N,N,N,N,N,N,N,A,A
UGT1A6;UDPGT_1-6;UGT1A6S;UGT1;HLUGP;GNT1;UGT1F;HLUGP1;UDPGT,N,A,N,N,N,N,N,N,A,N,A,A,N,N,N,N,N,N,N,A,N,N,N,N,N,N,N,N,N,N,A,A
UGT1A5;UDPGT_1-5;UGT1E;UDPGT,N,A,N,N,N,N,N,N,A,N,A,A,N,N,N,N,N,N,N,A,N,N,N,N,N,N,N,N,N,N,A,A
UGT1I;LUGP4;UGT-1I;UGT1-9;UGT1.9;UDPGT_1-9;UGT1AI;UGT1A9;HLUGP4;UGT1A9S;UGT1-09;UDPGT,N,A,N,N,N,N,N,N,A,N,A,A,N,N,N,N,N,N,N,A,N,N,N,N,N,N,N,N,N,N,A,A
UGT-1D;UGT1A4S;UGT1A4;UGT1D;UDPGT_1-4;UGT1.4;UGT1-04;HUG-BR2;UDPGT,N,A,N,N,N,N,N,N,A,N,A,A,N,N,N,N,N,N,N,A,N,N,N,N,N,N,N,N,N,N,A,A
HUG-BR1;BILIQTL1;UGT1;UGT1A;GNT1;UGT1A1;UDPGT_1-1;UDPGT,N,A,N,N,N,N,N,N,A,N,A,A,N,N,N,N,N,N,N,A,N,N,N,N,N,N,N,N,N,N,A,A
UDPGT_1-3;UGT1C;UGT1-03;UGT1A3;UGT1.3;UGT-1C;UGT1A3S;UDPGT,N,A,N,N,N,N,N,N,A,N,A,A,N,N,N,N,N,N,N,A,N,N,N,N,N,N,N,N,N,N,A,A
UGT2A2,N,A,N,N,N,N,N,N,A,N,A,A,N,N,N,N,N,N,N,A,N,N,N,N,N,N,N,N,N,N,A,A
UDPGT2B4;UGT2B11;UGT2B4;HLUG25;UDPGTh-1;UDPGTH1,N,A,N,N,N,N,N,N,A,N,A,A,N,N,N,N,N,N,N,A,N,N,N,N,N,N,N,N,N,N,A,A
UDPGT_2B7;UGT2B9;UDPGTh-2;UDPGTH2;UGT2B7;UDPGT_2B9;UDPGT2B7,N,A,N,N,N,N,N,N,A,N,A,A,N,N,N,N,N,N,N,A,N,N,N,N,N,N,N,N,N,N,A,A
UDPGT2B10;UGT2B10,N,A,N,N,N,N,N,N,A,N,A,A,N,N,N,N,N,N,N,A,N,N,N,N,N,N,N,N,N,N,A,A
UGT2B8;UDPGTH3;UDPGT2B15;HLUG4;UDPGT_2B8;UGT2B15,N,A,N,N,N,N,N,N,A,N,A,A,N,N,N,N,N,N,N,A,N,N,N,N,N,N,N,N,N,N,A,A
BMND12;UDPGT2B17;UGT2B17,N,A,N,N,N,N,N,N,A,N,A,A,N,N,N,N,N,N,N,A,N,N,N,N,N,N,N,N,N,N,A,A
UGT2A3,N,A,N,N,N,N,N,N,A,N,A,A,N,N,N,N,N,N,N,A,N,N,N,N,N,N,N,N,N,N,A,A
CYAR;CYP19;ARO;P-450AROM;ARO1;CYP19A1;CYPXIX;CPV1,D,D,D,D,D,D,D,D,D,N,D,D,D,D,D,D,D,D,D,D,D,D,D,D,D,D,N,D,D,D,D,D
COMT;HEL-S-98n,B,N,B,N,N,N,B,B,B,N,B,N,B,B,N,N,N,B,N,N,B,N,N,N,N,B,N,B,N,N,B,B
GLC3A;CYP1B1;CYPIB1;CP1B;ASGD6;P4501B1,D,D,D,N,D,D,D,D,D,N,D,N,D,D,D,D,D,D,D,D,D,D,D,D,N,D,N,D,D,N,D,D
ST1E1;EST;STE;SULT1E1;EST-1,A,N,A,N,N,N,A,N,A,N,A,N,N,A,N,N,N,A,N,A,A,A,N,N,N,N,N,N,N,A,A,N
CYP7A1;CYP7;CP7A;CYPVII,D,D,D,N,D,D,D,D,D,N,D,N,D,D,D,D,D,D,D,D,D,D,D,D,N,D,N,D,D,N,D,D
CPE1;CYP2E;CYP2E1;P450C2E;P450-J,D,D,D,N,D,D,D,D,D,N,D,D,D,D,D,D,D,D,D,D,D,D,D,D,N,D,D,D,D,D,D,D
HLP;CP34;P450PCN1;CYP3A3;CYP3A;CP33;CYPIIIA4;P450C3;CYP3A4;CYPIIIA3;NF-25,D,D,D,N,D,D,D,D,D,N,D,D,D,D,D,D,D,D,D,D,D,D,D,D,N,D,D,D,D,D,D,D
